timestamp,value
1772933810.4788642,-2.2189377420258998
1772933810.478927,-1.3861045874368663
1772933810.5019317,0.1856228682820539
1772933810.501958,1.3778499743623414
1772933810.501968,1.2039930497191624
1772933810.5019765,-0.12437724389226333
1772933810.5660698,-0.2891919869026445
1772933810.588169,-1.454148231763048
1772933810.5882027,-1.6117460854583414
1772933810.6514847,-2.4268395392731708
1772933810.6515055,-1.6631060583815007
1772933810.667674,-1.05672189689966
1772933810.6835313,-0.670221162032489
1772933810.7578447,-1.47433004584186
1772933810.757865,-0.7894189532212499
1772933810.7578752,0.8348441563679969
1772933810.757884,2.317464839724527
1772933810.7578924,2.69475183341816
1772933810.7579007,2.0265260335469057
1772933810.8060398,1.175609629722352
1772933810.8221216,0.773691069510036
1772933810.8381886,1.9186259757396407
1772933810.8542283,2.37719110184981
1772933810.9065015,3.1269627289052293
1772933810.906519,1.6954152815655519
1772933810.906525,0.03134327349305431
1772933810.9065304,-0.5990270922437537
1772933810.9065359,-0.042535696316723264
1772933810.906541,0.7940240914078277
1772933810.9355986,0.9933221066688201
1772933810.935629,0.47825613314875526
1772933810.9356391,-0.16300205142053462
1772933810.9978216,0.5427353139587224
1772933810.9978452,-0.35005852160373024
1772933810.9978554,-1.6112087209662622
1772933810.9978645,-2.2847716915128813
1772933811.020948,-1.6475890418485606
1772933811.0209713,-0.06406920454196656
1772933811.0209796,1.2319602622712293
1772933811.0530758,2.4531282641573906
1772933811.053105,1.5968139044432683
1772933811.0691369,-0.3481149202155998
1772933811.0852065,-2.1506210088628723
1772933811.0852315,-2.9802072331015133
1772933811.1012547,-1.9380415214083413
1772933811.1333964,-1.0757976010032724
1772933811.133424,-0.618990847263654
1772933811.173571,0.12186777526373425
1772933811.1735969,-0.0982348215724271
1772933811.1736083,-0.8356792520011768
1772933811.1736188,-1.7512308736369637
1772933811.1896276,-0.8988618383357179
1772933811.2217617,-0.7012288780057898
1772933811.237821,-0.3393111032395938
1772933811.2378483,-0.8513368670585789
1772933811.2669458,-1.5039203521871105
1772933811.2669663,-1.7592820196276089
1772933811.266976,-1.3882924718769305
1772933811.3221478,1.302255414588573
1772933811.3221643,1.942885183282644
1772933811.322172,1.5392895794748445
1772933811.3221784,0.713678746460713
1772933811.322184,0.0774396165246535
1772933811.3221903,-0.3885819425031568
1772933811.338215,-1.0466293584947652
1772933811.3543053,-0.7034856558808756
1772933811.4246228,1.6829872958107204
1772933811.4246628,2.6303496020234047
1772933811.4246712,2.6058590801781976
1772933811.4246795,1.5741850120908363
1772933811.4246876,0.27209571413998357
1772933811.4246943,-0.2607655479628775
1772933811.4247012,0.42736339942135726
1772933811.4247077,1.6780496610408708
1772933811.4247136,2.183745375035482
1772933811.42472,1.141721210652343
1772933811.440765,2.154910896708394
1772933811.4657667,0.7739496854595972
1772933811.4657905,-0.6549431510728709
1772933811.4979005,-1.0263834683919404
1772933811.8253126,1.0686291430902208
1772933811.82535,2.283922490938158
1772933811.8253632,2.2122401059701584
1772933811.8253727,0.9665074514355864
1772933811.8253827,-0.38651788588565184
1772933811.8253915,-0.953434839529535
1772933811.8254004,-0.753497447034681
1772933811.84139,-0.4088850268941153
1772933811.8694592,1.7710735548696368
1772933811.8694797,1.8527335282423862
1772933811.869489,1.0892409217349295
1772933811.8975413,-0.8674654791014743
1772933811.8975563,-1.813518510574796
1772933811.8975625,-1.662428271136374
1772933811.9136183,-0.92950176708778
1772933811.9457104,-0.213612155342395
1772933811.9769225,-0.5270900857197178
1772933811.9769464,-1.0412918074455284
1772933811.976956,-0.7173814246671529
1772933811.9769647,0.2271633667631054
1772933811.9769733,0.7404837378647271
1772933812.0079925,0.26631671461352674
1772933812.0080183,-0.4801081830181478
1772933812.008028,-0.33400784341697015
1772933812.0732307,-0.6421018622283269
1772933812.073246,0.5067806970838626
1772933812.073252,0.7223749515503424
1772933812.0732586,-0.1946412969614999
1772933812.0732653,-1.0130179319437582
1772933812.0732706,-0.6086606494604792
1772933812.0894868,0.5646868875480197
1772933812.1054516,0.8961299832962464
1772933812.1215637,-0.21285369247950617
1772933812.1535988,-1.2795008594919413
1772933812.1536193,-1.354606268218568
1772933812.153629,-0.692512696354806
1772933812.1536386,-0.5536029258324181
1772933812.21993,1.449888268166695
1772933812.219957,0.4553490887405456
1772933812.2199664,-0.6657827267710204
1772933812.2199748,-0.9264490436944685
1772933812.2199826,-0.6387752525101876
1772933812.2199907,-0.7042765934475064
1772933812.2199984,-1.2974504580364337
1772933812.220006,-1.7120081916204908
1772933812.220014,-1.4626995151098625
1772933812.235962,-1.0571920667283217
1772933812.268094,-0.8056402477337127
1772933812.2841358,-2.0066673056495623
1772933812.3192725,-3.4276935111965803
1772933812.3192973,-3.879593197172306
1772933812.319307,-3.210707294640754
1772933812.3193152,-2.159672740316359
1772933812.3193233,-1.453032009781898
1772933812.3353522,-1.1309807670606797
1772933812.3514163,1.9422756267281585
1772933812.3675604,2.2675976111382887
1772933812.3956392,1.6022199847803953
1772933812.395664,-0.9298287265348022
1772933812.3956776,-2.266353324927082
1772933812.3956883,-1.3657457423188377
1772933812.467903,-1.8301744820788008
1772933812.4679236,-0.944388237757965
1772933812.4679337,-0.25304510748823555
1772933812.4679425,0.5914898785703336
1772933812.4679513,1.8910363617662345
1772933812.46796,3.1637729622873594
1772933812.467969,3.477490957129098
1772933812.4679778,2.488179071233636
1772933812.4679863,0.8951423841067369
1772933812.4839916,1.5203041560086026
1772933812.484023,0.8862293394462911
1772933812.5160937,-0.10511066073552354
1772933812.5321805,-0.7717100489122215
1772933812.5482807,-0.7406187790831079
1772933812.5803454,0.3411621310497215
1772933812.6085613,-0.29089285597226183
1772933812.6085815,-0.6547901957477059
1772933812.6085913,-0.9300052525215077
1772933812.6245213,-0.8124156808705095
1772933812.653689,-2.072464962768925
1772933812.653705,-2.9741639696958067
1772933812.6537113,-2.70288068003181
1772933812.6697092,-0.9288003293430496
1772933812.7239745,-1.9766401077216547
1772933812.7240033,-1.1612167817138475
1772933812.724015,-0.8642016020774052
1772933812.7240243,-0.8265959198888119
1772933812.7240348,-0.3466746975117082
1772933812.7240443,0.7925097835796914
1772933812.768174,-1.385093712252497
1772933812.7681944,-1.7723097898756541
1772933812.7682035,-1.1820230408349746
1772933812.7982404,-1.167273416807623
1772933812.7982738,-0.5940388937701067
1772933812.7982807,-0.6095223828118902
1772933812.798286,-1.0587745029502837
1772933812.7982907,-0.9215046429733397
1772933812.7982957,0.6215673847763541
1772933812.8304276,-0.9147923205299299
1772933812.8465917,0.7623386671175253
1772933812.876618,-0.7192801111106807
1772933812.8766472,-0.2997770965385202
1772933812.9107287,-0.6880378508382212
1772933812.9107533,-1.7656089281188396
1772933812.910761,-2.544520274549059
1772933812.910768,-2.0171271012918157
1772933812.9107747,-0.15090566727956087
1772933812.926828,0.48239225324048135
1772933812.9428568,0.36982339847339346
1772933812.9709728,0.513355477020791
1772933812.970999,0.2010460092995929
1772933812.9710088,-0.2903895855687656
1772933812.971017,-0.7269903968053937
1772933813.0031092,2.5005797758448036
1772933813.0191453,2.4742685533039204
1772933813.064351,1.4045501738671418
1772933813.0643775,0.1094954328662932
1772933813.064385,0.36299701909731047
1772933813.064391,1.9404508642733262
1772933813.096526,3.0012387259251447
1772933813.112527,2.538478009789709
1772933813.140696,2.9401463739406863
1772933813.140721,1.0867055119664093
1772933813.1799493,1.269484602370365
1772933813.1799967,1.5817678413930223
1772933813.1800125,1.8052825213563104
1772933813.2039728,1.317489437346949
1772933813.2039952,0.32027229017809633
1772933813.2040048,-0.46101021255958247
1772933813.2199976,-0.20149403163186844
1772933813.2200215,0.447145123969977
1772933813.2752895,0.2265746860339108
1772933813.2753305,0.7079236439719394
1772933813.2753425,0.8129374809453409
1772933813.2753532,0.3646882371195727
1772933813.2912967,-0.3151188970909399
1772933813.3073504,-0.1920674387969723
1772933813.3073783,0.29146155379100525
1772933813.323429,0.5984277426347971
1772933813.352521,2.2451477413168037
1772933813.3525352,1.9563943860298982
1772933813.3525407,0.48269380763694436
1772933813.3796327,-0.7011474995134297
1772933813.379652,-0.5729489724841131
1772933813.3796597,0.3626564986429758
1772933813.3957684,0.8164009411121449
1772933813.4238827,1.8090473806587792
1772933813.4238997,1.4772539531954094
1772933813.4499507,4.001688874878927
1772933813.4499788,4.036292952181165
1772933813.4499888,2.831038287846319
1772933813.4499972,1.2388602021566388
1772933813.4830263,1.1321980715448832
1772933813.483047,2.698211224608934
1772933813.4830537,4.918166945908022
1772933813.4830596,5.8781520540994405
1772933813.4991593,4.833773086710411
1772933813.5312996,3.0175523639334947
1772933813.5474863,1.6486227011247492
1772933813.5795257,1.8422319409892034
1772933813.5955484,1.4106438410496756
1772933813.635682,-1.1683544803998243
1772933813.6356974,-1.3192716225726608
1772933813.635704,0.00833355562306994
1772933813.6357095,1.3358421660162445
1772933813.7039468,3.5074628545246886
1772933813.7039628,3.329265357028259
1772933813.7039688,2.762516995846061
1772933813.7039742,2.593563815370201
1772933813.7201161,2.418115211479838
1772933813.7361052,1.515217749476542
1772933813.752164,2.7001414139132507
1772933813.8033607,2.894679544325789
1772933813.8033829,1.5658965540134264
1772933813.8033955,0.8215420891980894
1772933813.8034053,0.48099948155133954
1772933813.8034132,-0.06509344809670926
1772933813.8034205,-0.8854975798454278
1772933813.8355656,0.46926122044848456
1772933813.8827085,2.2683641923935753
1772933813.8827283,2.7063474977914046
1772933813.8827367,2.2721672154797834
1772933813.8827436,1.4247346132868879
1772933813.88275,1.0482573764515721
1772933813.8827562,1.448747395575868
1772933813.9219203,2.4305060542640358
1772933813.9219449,2.7291110351981045
1772933813.9219527,2.8582653353688166
1772933813.9379616,3.166793183664293
1772933813.9540503,3.6389327216506673
1772933813.954088,3.7812912810861623
1772933814.002211,2.3658914126617514
1772933814.0534155,0.7008389443768941
1772933814.053445,0.3631489883552449
1772933814.053455,0.8100959554045535
1772933814.053464,1.1337328020950488
1772933814.0534725,0.7205326933569299
1772933814.085532,-0.08140551633095129
1772933814.1267028,0.6109525795606346
1772933814.1267276,1.6955118819969126
1772933814.1267393,3.215829842054988
1772933814.1267495,3.917749180326033
1772933814.1267579,2.9399640972806984
1772933814.1267672,0.6214392504206908
1772933814.1869552,1.470751277772789
1772933814.186973,1.1346766987180716
1772933814.1869824,1.14890755949326
1772933814.1869912,1.4011903691227627
1772933814.187,1.480877086811163
1772933814.187008,0.7879279678603343
1772933814.6691463,-1.1348234737754384
1772933814.6951149,1.2521184993907422
1772933814.695174,0.28684635631674704
1772933814.7271967,2.7869104005165566
1772933814.7432623,2.8477675491099084
1772933814.7593632,1.725020066574771
1772933814.833687,0.7725922610099113
1772933814.833717,-0.3648695977070552
1772933814.8337283,-0.4924078376611465
1772933814.8337383,0.09379689176708518
1772933814.8337488,0.4326990479051265
1772933814.8587563,1.5622527006308904
1772933814.8587825,0.49343187688164086
1772933814.9140103,4.582226309446247
1772933814.9140365,4.973575723759368
1772933814.9140472,4.30371812656187
1772933814.914056,3.4982625612052636
1772933814.914064,3.3725123833482797
1772933814.9300623,3.6243661497795854
1772933814.9461133,3.1217614407498635
1772933814.978288,3.350041113114575
1772933815.017383,3.5126482896383546
1772933815.0174155,2.7044475268224852
1772933815.0174227,2.537010382477882
1772933815.017428,2.885621818366535
1772933815.0174332,3.113099114243873
1772933815.0174384,2.776458758263091
1772933815.0174432,1.9131486583186978
1772933815.0655735,2.7752749868701567
1772933815.0655997,1.5327070604412425
1772933815.093788,2.7521879469252264
1772933815.0938184,2.269979282560212
1772933815.0938299,1.946539186179762
1772933815.1780827,4.135065396175533
1772933815.1781156,5.260420517311679
1772933815.1781278,4.8494171444371
1772933815.178138,2.816813012355485
1772933815.1781476,0.4875113569318687
1772933815.2383192,3.595808151595381
1772933815.2383406,4.132964635418215
1772933815.2383504,3.4081459199877737
1772933815.2734356,2.446728908544321
1772933815.2734547,2.369923406684241
1772933815.273464,2.8509432532144285
1772933815.2734723,2.8295571485892963
1772933815.2895842,1.8429450251754012
1772933815.3216524,7.372448674279548
1772933815.3216877,8.652558224781814
1772933815.3377235,6.8768876997862085
1772933815.3538024,7.848956895084457
1772933815.3698423,3.2913959071602297
1772933815.3859448,5.109749906191783
1772933815.4019897,2.85110069164932
1772933815.462242,7.317810524427849
1772933815.4622808,5.698754395874267
1772933815.55766,8.896349479613951
1772933815.5576904,8.50278337792141
1772933815.557702,8.2899133646726
1772933815.5897927,7.716282335276483
1772933815.5898407,5.441340082559329
1772933815.6560605,7.742774626592729
1772933815.6560965,6.523204502644392
1772933815.6561072,5.369930377790511
1772933815.6561167,5.562561991142569
1772933815.656126,6.486958819355883
1772933815.6561346,6.163356882849283
1772933815.6561437,3.608691087936155
1772933815.7393727,6.0763796245046855
1772933815.7393916,6.8065858236299706
1772933815.7394006,7.510561647007863
1772933815.7394087,7.288797215166055
1772933815.7394164,5.872561457312682
1772933815.739424,3.9796881804602635
1772933815.739432,2.509660395428574
1772933815.7715504,1.5939837900370768
1772933815.7875495,2.479905588161627
1772933815.8277287,3.6029530455775607
1772933815.827753,3.343848331194224
1772933815.8277647,3.363012579787989
1772933815.8277736,3.7431011504108
1772933815.827784,3.5939035508696073
1772933815.8277936,2.091058493634615
1772933815.8278017,-0.4205871387736893
1772933815.8759527,1.673202067640178
1772933815.87599,2.165039155607241
1772933815.912171,2.954207776740644
1772933815.912217,4.050981055917629
1772933815.9122329,4.90210223947067
1772933815.912243,4.341069437354704
1772933815.912252,1.6307356653122436
1772933815.9603155,6.101323281955493
1772933815.9603417,3.095014070632085
1772933815.9844005,6.87247730118005
1772933815.98442,6.594724265957724
1772933815.984429,5.140270498837908
1772933817.302859,2.342440406232455
1772933817.3028789,0.667793269099168
1772933817.302888,0.2590346555591793
1772933817.3028965,0.27819500865526725
1772933817.3029044,-0.5337473830688363
1772933817.3350182,0.8753899575584831
1772933817.3350527,-0.5285127780465345
1772933817.382208,1.3372566242921482
1772933817.3822355,1.8395930926523634
1772933817.3822472,2.011332264230122
1772933817.3822572,1.476130580506806
1772933817.382269,0.6696255328268436
1772933817.3822796,0.43481825188896245
1772933817.3822885,0.9869748163200786
1772933817.4113228,1.5436327128522431
1772933817.4113488,1.1430466066433638
1772933817.4113572,-0.29310098624603687
1772933817.5036566,1.607930148734242
1772933817.5036726,1.5755467311435893
1772933817.5036793,1.149335056404082
1772933817.5036843,0.6850096222652896
1772933817.5036895,0.5971789860938049
1772933817.5036948,0.8606993181823911
1772933817.5036998,1.0147530561385452
1772933817.5037048,0.7703423333749517
1772933817.5037096,0.47162529294819605
1772933817.503714,0.7170719418055331
1772933817.5037189,1.4982681702626064
1772933817.5037236,1.951963954748473
1772933817.503728,1.1808594178545277
1772933817.5037327,-0.7327112826980934
1772933817.5307913,1.6707873278556682
1772933817.5308232,1.6198798013859232
1772933817.5308297,2.4415338354321263
1772933817.5308356,3.979643839274172
1772933817.5538359,4.974744664798782
1772933817.5538628,4.081166832907989
1772933817.5538723,1.193381303666837
1772933817.5929751,1.976511819704201
1772933817.593,0.36489948546692175
1772933817.5930128,-1.4697453513894256
1772933817.6351852,-0.1810194276036109
1772933817.63521,1.2858761585273621
1772933817.6352234,2.558483056264436
1772933817.6352334,2.33898837896888
1772933817.6352415,0.3831752129319272
1772933817.7176335,4.544773732744159
1772933817.7176545,5.7429984347810334
1772933817.717664,5.812199154473343
1772933817.7176723,4.814190040294992
1772933817.7176805,3.739284105658241
1772933817.7176883,3.5875575466633203
1772933817.717696,4.3615752888772805
1772933817.7177036,5.091525628684315
1772933817.7177117,4.884784830510156
1772933817.7177196,3.8032737239155905
1772933817.7177272,2.5783935802979108
1772933817.7336102,1.5875526385405179
1772933817.78079,3.69042629410246
1772933817.7808113,4.322548920070352
1772933817.7808216,3.8151658438869767
1772933817.7808309,2.79827554338515
1772933817.78084,2.31862623731938
1772933817.7808487,2.5413158336389334
1772933817.7808573,2.5852343577538432
1772933817.780866,1.6092368476746628
1772933817.780874,-0.20804515818623157
1772933817.833098,0.9854873241667462
1772933817.833138,2.3046123976399957
1772933817.8331535,3.7812111359872795
1772933817.8331656,4.043918486312366
1772933817.833176,2.478493008341897
1772933817.8331873,-0.34226873486441833
1772933817.8491066,3.7113658887794214
1772933817.8721583,4.711721736370253
1772933817.8721843,4.4878685114658
1772933817.872194,2.834108689826172
1772933817.8722024,0.42308467679536466
1772933817.8882127,2.1436351192939274
1772933817.904287,0.9521425859200795
1772933817.9203496,-1.7087965268559102
1772933817.9365063,-2.6758365289734822
1772933817.962605,-0.18834975594937226
1772933817.9626281,1.8588854291627304
1772933817.9626396,2.40115581712649
1772933817.9946692,0.28241699912549073
1772933818.0419185,0.08534386496714479
1772933818.041947,0.5613947097726317
1772933818.041957,2.5116562869872414
1772933818.0419655,4.351846720692551
1772933818.041974,4.636890248313705
1772933818.041983,3.4557988217317406
1772933818.0419908,1.9058041716924432
1772933818.1252015,3.4009268655249043
1772933818.1252215,3.8754012535438003
1772933818.125231,3.40528070179032
1772933818.1252391,2.398474732348377
1772933818.1252475,2.0596512273352574
1772933818.125258,2.7047008050471186
1772933818.1252675,3.2121773215031943
1772933818.125276,2.3685716721712833
1772933818.1413293,0.3604225850277974
1772933818.200553,5.266994178307146
1772933818.2005816,6.892150688281869
1772933818.2005925,7.226791364491418
1772933818.2006023,5.89470359420281
1772933818.2006123,3.7254983418425036
1772933818.2006216,2.00103508599893
1772933818.200631,1.246788686924434
1772933818.2006397,0.8909006488672199
1772933818.200648,0.09826660811111379
1772933818.2166135,-1.2433716128552543
1772933818.2457275,1.767196388783163
1772933818.2457535,1.2464982379883742
1772933818.6794572,1.062001127951437
1772933819.595312,2.2590202523315295
1772933819.611326,0.7749526831960208
1772933819.9227068,-1.3523483235042235
1772933819.9227347,-1.9937152506816629
1772933819.9227438,-1.8183813069829198
1772933819.9227512,-1.52341911681382
1772933819.9227588,-1.5683365760625174
1772933819.9227653,-1.909871288541746
1772933819.9227717,-2.3337839392236455
1772933819.922778,-2.771632623479068
1772933819.9938648,-1.5769945186329937
1772933819.9938934,-0.8698065496950492
1772933819.9939058,0.16772719173887163
1772933819.9939167,1.3078353082893917
1772933819.9939256,1.8831933686360185
1772933819.993936,1.3851966549162125
1772933819.9939456,0.08652469480382263
1772933820.0260065,1.1949155582077988
1772933820.0822797,1.7276949450845582
1772933820.0823004,0.8809006962668166
1772933820.0823088,0.7632614954454919
1772933820.0823147,2.033948136905081
1772933820.0823207,3.962926383514047
1772933820.082327,4.785467591710207
1772933820.0823328,3.250593329781519
1772933820.0823388,-0.13811659453105718
1772933820.1233864,3.9003907105565268
1772933820.123407,2.153055021273002
1772933820.1556041,2.941376525800567
1772933820.1556287,1.7050333716850394
1772933820.1876743,0.26539207331049786
1772933820.2037463,0.4471034606912399
1772933820.229996,1.1673762405222694
1772933820.2300348,1.738578872141429
1772933820.2300456,1.2182529738169023
1772933820.2300549,-0.41528545429130387
1772933820.2529411,1.8932736852310894
1772933820.2529683,2.602740578204587
1772933820.2529783,2.211020943822267
1772933820.269049,0.337857667229039
1772933820.285061,-2.0661235382880676
1772933820.3352835,-1.107513582822496
1772933820.335301,-0.45646537149087046
1772933820.3353071,0.7745397591293726
1772933820.3353145,1.4968164708323128
1772933820.3353207,0.8796066576673711
1772933820.335326,-1.0999102415711586
1772933820.4056916,2.5221686844474625
1772933820.40573,2.142522639702588
1772933820.4057412,1.1721106707547253
1772933820.405751,0.49570889201650814
1772933820.4057608,0.5724204733029505
1772933820.4057703,0.86463782539731
1772933820.4377153,1.1508999057645923
1772933820.4538107,0.39987080099349365
1772933820.4538534,-0.9203854662255033
1772933821.9801085,0.6661689452107049
1772933822.003156,3.269303643186911
1772933822.0031805,3.4430164833746804
1772933822.003188,2.159438358261802
1772933822.003194,0.13964090350407468
1772933822.0352566,0.9301610084246533
1772933822.086552,2.4430761149809035
1772933822.0865784,2.3601879503856855
1772933822.0865889,1.7197686731087725
1772933822.0865986,1.3349355722246914
1772933822.0866067,1.9858865706119178
1772933822.0866153,3.3436123337866466
1772933822.086624,4.064600437874532
1772933822.086632,3.0962230118249243
1772933822.0866432,0.8023303047686638
1772933822.1437347,2.053182236259403
1772933822.1437554,1.278002883559353
1772933824.45734,0.08490113943025882
1772933824.481371,-1.821318422748707
1772933824.481393,-1.829333594020256
1772933824.4813995,-0.7981245922728539
1772933824.4814053,0.04784541188162632
1772933825.4453413,0.1969747613845626
1772933825.4684918,0.25151181033563774
1772933825.4685228,0.34711319411287456
1772933825.4685347,0.26114366160568886
1772933825.484496,-0.602793273068542
1772933825.5005758,0.8539828806920025
1772933825.5006096,1.2800054135278869
1772933825.5247042,2.103141783194072
1772933825.5247312,3.3585584691948456
1772933825.5247428,4.306606998544275
1772933825.5527508,4.129662558226775
1772933825.5527713,2.9309422115838353
1772933825.552781,1.1266340564650024
1772933825.5999637,2.3899970996047744
1772933825.5999856,3.18114888203172
1772933825.6160047,3.8197678172619236
1772933825.6320643,3.865118305130164
1772933825.648138,3.45248235902928
1772933825.6802688,3.1747182823649758
1772933825.70743,2.132586746381736
1772933825.707456,1.3070417331713735
1772933825.707468,1.5161643723141096
1772933825.7074783,2.7366232890446924
1772933825.7234602,3.8545855070463655
1772933825.7234826,3.650217014398416
1772933825.7395394,3.8167329609285527
1772933825.7837477,2.839911038157985
1772933825.783768,1.956165205025502
1772933825.7837777,2.5087406938622996
1772933825.7837863,3.9325242586343756
1772933825.783794,4.935970203228694
1772933825.783802,4.665671564023919
1772933825.7838094,3.205089461581544
1772933825.8238983,2.256136570413645
1772933825.8239264,1.764832713459859
1772933825.8239374,0.7193928057284571
1772933825.8830948,1.782517250683864
1772933825.8831143,1.3209972328800816
1772933825.8831236,0.3922753007520694
1772933825.883132,-0.4592376864025796
1772933825.8831403,-0.7798276962432472
1772933825.8831484,-0.6197172322381934
1772933825.8831563,-0.5197966885271857
1772933825.8831642,-1.015647923811472
1772933825.8991692,1.3927144895118253
1772933825.915226,1.4269840750796934
1772933825.9313047,0.4922642010563868
1772933825.9474037,-2.343339299160518
1772933825.9724944,-3.1108931101388846
1772933825.9725144,-2.4570859342279445
1772933825.9725263,-1.1179601269995307
1772933825.9885428,-1.569079628364558
1772933826.0046864,-1.1429270868888348
1772933826.0207193,0.18109079755633878
1772933826.0478,0.166021715125517
1772933826.0478172,0.20961116473377597
1772933826.0478244,-0.8361063799636164
1772933826.1030116,0.47176923327563386
1772933826.103042,-0.3471117288022142
1772933826.1030517,-1.8696437972000695
1772933826.1391811,-2.2566507402787397
1772933826.1392071,-1.8780256909987778
1772933826.1392176,-1.064160089061075
1772933826.1392264,-0.598933759459517
1772933826.1392355,-0.9587850236972081
1772933826.1552286,-1.9023703783482289
1772933826.18744,-2.0495876847755343
1772933826.21112,-0.8223938493351195
1772933826.211154,-1.0530337519350228
1772933826.2111669,-2.195217525266459
1772933826.2111793,-3.562618608273691
1772933826.2988725,-2.371677098729426
1772933826.2989016,-0.9068450473185956
1772933826.2989137,-0.5606436679083954
1772933826.298924,-1.9941416949850173
1772933826.298934,-3.989027639142122
1772933826.2989433,-4.735033505123528
1772933826.327997,-3.786012124823437
1772933826.328029,-2.444707736918287
1772933826.3872013,0.24687136748364355
1772933826.3872175,-0.16970560202822663
1772933826.3872237,-1.5550636252143284
1772933826.3872304,-2.5794824700040477
1772933826.3872366,-2.8518205613376315
1772933826.3872414,-2.8705741700896583
1772933828.325163,-5.036438895812029
1772933828.3251832,-5.37332867167109
1772933828.3251934,-4.25193596645061
1772933828.3482184,-5.675022649936534
1772933828.3482463,-5.363504858964702
1772933828.3482573,-4.179908205773347
1772933828.3935485,-6.387354762545717
1772933828.3935816,-5.693638712272483
1772933828.393594,-3.800131558924014
1772933828.4255764,-6.012364435268441
1772933828.4256032,-5.436861334514478
1772933828.4416504,-4.469238817636808
1772933828.480862,-2.3814653318371297
1772933828.4808993,-2.25218646256579
1772933828.4809082,-3.6754275842704196
1772933828.4809146,-5.327206959767827
1772933828.4809213,-5.227764503421438
1772933828.4968388,-2.651630775241828
1772933828.5289629,-0.4835374170068615
1772933828.5752888,-1.9964264688018059
1772933828.5753205,-2.0083844481505446
1772933828.5753329,-1.9235874644685884
1772933828.5753431,-1.4741563179598034
1772933828.5753567,-0.9052452057458399
1772933828.575369,-0.5475461731760006
1772933828.5753777,-0.3840979018956818
1772933828.5973716,-2.4897912081456908
1772933828.5974212,-2.555674887210325
1772933828.6133704,-2.009924780768093
1772933828.613412,-1.3363971421323348
1772933828.6293955,-0.7481503775251118
1772933828.6775947,-1.3248528606717263
1772933828.6776154,-0.5151874122613029
1772933828.693709,-1.7313220640698428
1772933828.720806,-1.8325586802005343
1772933828.7208269,-1.7592658994145018
1772933828.7208364,-1.509141868623604
1772933828.7368348,-1.09086699740527
1772933828.768974,-0.9292878735068953
1772933828.8151925,-2.2883049104653512
1772933828.8152137,-2.883618474482365
1772933828.815224,-2.7537164679764685
1772933828.8152328,-2.3088475196358926
1772933828.815241,-2.081519737269102
1772933828.8152497,-1.9819340999976311
1772933828.8152585,-1.4082221213871442
1772933828.8313136,-1.8995856604514558
1772933828.8313508,-0.4798534214185525
1772933828.918599,0.023608880050707513
1772933828.9186194,-0.2510365532900995
1772933828.9186287,-1.0300178735385925
1772933828.9186375,-1.5827470909920451
1772933828.9186473,-1.6862327906914607
1772933828.9186573,-1.5744343013249968
1772933828.9186656,-1.3674193270612327
1772933828.9186752,-0.9393061536331012
1772933828.9186838,-0.36806371408482846
1772933828.9186916,-0.11756298850051736
1772933828.9186995,-0.4588267449980549
1772933828.9187078,-0.8741938807055201
1772933828.95986,-2.640003784115639
1772933828.9598784,-3.584265568644243
1772933828.9598854,-3.0740882889238828
1772933828.975831,-1.5029263474571608
1772933829.047176,-3.982010545284101
1772933829.0472124,-4.1211612719841675
1772933829.0472221,-3.5197041901658688
1772933829.0472307,-3.1054855337614944
1772933829.074309,-3.8664538407339135
1772933829.0743542,-5.379297879322283
1772933829.074365,-5.882242770014351
1772933829.0743744,-4.045387875651354
1772933829.1064136,-4.201730670592187
1772933829.1365888,-5.54625034260558
1772933829.1366153,-6.9098252031655605
1772933829.1366231,-6.530391176266344
1772933829.1525643,-3.193577712177174
1772933830.0522728,-1.1379745940548154
1772933830.1004524,1.3845910111583917
1772933830.6307096,0.8804540835593573
1772933830.6307497,-0.35646676537064514
1772933831.1598601,-0.7128592281540691
1772933831.1599052,-0.36737483165558615
1772933831.1599164,0.2904908367668427
1772933831.1599305,0.6666499374049738
1772933831.1889825,0.6275871355630436
1772933831.1890123,0.7012897225318443
1772933831.1890233,0.8585122145079154
1772933831.2049837,0.3928252986598309
1772933831.2211,-0.920286200408143
1772933831.2682707,1.1544243466256836
1772933831.268289,2.2744915073967618
1772933831.2682984,3.355194329571101
1772933831.284334,3.0715506204451692
1772933831.2843597,1.008848821207932
1772933831.3003824,-1.570137967305005
1772933831.340561,-0.7046333136476738
1772933831.3405912,0.3928417780413656
1772933831.3406043,1.8886270661573177
1772933831.3406136,2.4884503159808773
1772933831.3406227,2.0694266680561473
1772933831.4168832,0.9867760126312768
1772933831.4169097,0.8390488950581707
1772933831.4490008,1.0401228485037475
1772933831.5403912,-2.093337589475874
1772933831.5404124,-2.9830580117299106
1772933831.540422,-2.5604640532410565
1772933831.5404303,-1.4350912915970713
1772933831.540439,-0.7622007822727191
1772933831.5404477,-0.8186829860297102
1772933831.540458,-0.639130368727757
1772933831.5404685,0.6990211714303693
1772933831.5564756,1.948142228254234
1772933831.6077256,0.7300876720089289
1772933831.6077464,1.3970084216053615
1772933831.6077528,1.348223088981499
1772933831.6077588,0.5373812030003795
1772933831.6077638,-0.5795772587955735
1772933831.607769,-1.3655168288271526
1772933831.6077745,-1.3247945231900222
1772933831.6397772,-1.1323723591019894
1772933831.655871,0.0876623915518777
1772933831.6879845,1.3622441478649858
1772933831.7362092,1.855528667955005
1772933831.7663198,1.3042785986338918
1772933831.7663448,1.1033892362534243
1772933831.7663543,1.023373581818792
1772933831.7964392,0.8348859065116144
1772933831.7964609,0.27945398539722127
1772933831.8125126,-0.7316128716511876
1772933831.8477511,-2.6879773276426313
1772933831.8477657,-2.365075343287149
1772933831.8477724,-1.6418084478559807
1772933831.8477783,-1.4903336729971526
1772933831.8477845,-1.8006107132838451
1772933831.8637588,-1.5486255016830115
1772933831.8798103,-0.2228977314294343
1772933835.1844392,-0.3049251189328792
1772933835.184469,0.27296121104200627
1772933835.184484,0.010399106451121952
1772933835.1844966,-0.4563200620321236
1772933835.1845064,-0.14711485882661715
1772933835.1845176,1.0817496876960797
1772933835.5057604,-1.9807814160031663
1772933836.3542247,-5.333880551132404
1772933836.3542588,-4.992882171351287
1772933836.3542712,-4.6500093233313295
1772933836.3542817,-5.003470307772757
1772933836.3542907,-5.317517432678285
1772933836.3542998,-4.153719001970157
1772933836.3863342,-6.479769108357789
1772933836.4024272,-3.5920892791408905
1772933836.4265645,-7.31784464732024
1772933836.4265945,-4.267145058047751
1772933836.4586978,-5.885548100150113
1772933836.474712,-2.1206500818779808
1772933836.500821,-3.0889487557227002
1772933836.5008469,-3.855024466631234
1772933836.5008566,-5.075394611746188
1772933836.500865,-5.218103281521247
1772933836.532934,-3.63679473566512
1772933836.5490007,-2.4099203809539156
1772933836.565096,-0.9038653381540381
1772933836.5881877,-2.42500967451413
1772933836.5882084,-3.8363695772308235
1772933836.5882144,-3.858127939670327
1772933836.6042333,-2.0608982204095656
1772933836.6203241,-2.772163116181697
1772933836.6786227,-2.8023217781544405
1772933836.678669,-3.03315243427081
1772933836.6786795,-3.557595142962545
1772933836.6786904,-4.018078455854521
1772933836.678698,-4.457309461145919
1772933836.6787038,-4.9278586501419985
1772933836.67871,-4.947242608052421
1772933836.6787162,-3.728665459506833
1772933836.678722,-1.089143797556453
1772933836.7488463,-3.845312371505447
1772933836.7488668,-2.8370076416938295
1772933836.7488768,-1.8747420033656224
1772933836.7488852,-1.7310046638564982
1772933836.7488935,-2.1150323581624217
1772933836.748901,-1.9031451506518804
1772933836.7489085,-0.41140079641351396
1772933836.833223,-3.652850119507514
1772933836.833243,-3.53401056573962
1772933836.8332524,-3.9850614009635046
1772933836.8332603,-5.026505572806319
1772933836.8332684,-5.366172214612276
1772933836.8332765,-3.7257000918579095
1772933836.833284,-0.3473594213478099
1772933836.849248,-2.3418718301218733
1772933836.849272,-0.2843197922401441
1772933836.9165354,-3.8564958917729375
1772933836.9165633,-4.723653108066862
1772933836.916572,-5.241770579036936
1772933836.9165792,-5.1519899037967
1772933836.9165905,-3.9570950565388823
1772933836.9166007,-1.382854338632756
1772933836.97788,-5.350196918862511
1772933836.9779108,-4.89291522969155
1772933836.9779224,-2.294738019610238
1772933837.0018835,-5.693702764298446
1772933837.001932,-3.566586974667662
1772933837.0500689,-3.948219577499414
1772933837.0812497,-5.295512904369917
1772933837.0812767,-2.5631976556397746
1772933837.1253893,-3.8353919500751728
1772933837.125411,-1.1433987730253723
1772933837.2378902,-0.7792995148702071
1772933837.2539563,-4.096821755357943
1772933837.2540026,-3.184144338419528
1772933837.2700312,-1.8240450953602454
1772933837.2860253,-5.17703966841183
1772933837.3146389,-5.707168884627078
1772933837.3146596,-3.6986445382884594
1772933838.1335163,-1.1607707799854443
1772933839.0332592,-3.4383770909857985
1772933839.049372,-2.218820374168851
1772933839.0653937,-3.7315127160879604
1772933839.0654173,-3.640041113022441
1772933839.0945072,-2.980412247481201
1772933839.0945292,-2.1689424420114665
1772933839.0945404,-1.3388317921668083
1772933839.1105504,-3.3617754155703725
1772933839.1396675,-2.5253790985318445
1772933839.1396897,-0.4201913348904452
1772933839.1557372,-2.4057419512868163
1772933839.1878884,-1.8205580204096072
1772933839.2039423,-3.5224299436401956
1772933839.271242,-5.717948207095944
1772933839.271258,-5.295610780286502
1772933839.271264,-5.573321861505948
1772933839.2712696,-6.251030857077634
1772933839.2712748,-5.61968347032198
1772933839.3657594,-5.593857782666715
1772933839.3657796,-5.428817064145252
1772933839.3657892,-5.697214831271242
1772933839.3657975,-5.912027009937414
1772933839.3658063,-5.09390567224642
1772933839.4339163,-5.606794806002514
1772933839.433962,-5.5884861791329
1772933839.4339745,-6.833406039207958
1772933839.4339857,-8.067493644844628
1772933839.4339943,-7.125913565193235
1772933839.4499972,-3.479457569339295
1772933839.466022,-1.2494922203764414
1772933839.5182755,0.2758983166568651
1772933839.5182953,-0.3311073609300156
1772933839.5183053,-1.998701768144312
1772933839.5183132,-2.712076958832554
1772933839.5183213,-1.98424018560978
1772933839.5503886,-0.9562395752072808
1772933839.582504,0.45491367184600495
1772933839.5825264,0.3439084532881693
1772933839.6146257,0.1257605622924379
1772933839.6739354,0.7012286762547876
1772933839.6739576,-0.08160493371086022
1772933839.673972,-1.4253347919032309
1772933839.7381945,-0.8128219520403452
1772933839.7662728,-0.5710814641072466
1772933839.7662928,0.3312864525281227
1772933839.7663023,1.0139340185451031
1772933839.7823453,2.0800958486368235
1772933839.8456051,0.7420039836744752
1772933839.8456256,-1.01724103084437
1772933839.8456352,-1.2283946862536494
1772933839.8456433,0.4978459001670274
1772933839.845651,2.8923889869103303
1772933839.8456588,4.357042462015573
1772933839.845667,4.354896878620008
1772933839.884793,1.6550370889906583
1772933839.8848214,0.29640252856234656
1772933839.91691,0.5087453781930408
1772933839.9329455,0.2805151920426597
1772933840.0333536,-1.534813101862087
1772933840.033375,-1.9100817739048457
1772933840.0333846,-2.3285021887622053
1772933840.0333934,-2.4087547207422277
1772933840.0334015,-1.659679304504747
1772933840.033409,-0.07278361352246236
1772933841.1901128,0.268268978431002
1772933843.9373953,-0.7995127185842746
1772933844.6786263,-1.404737537321625
1772933844.6786585,-1.5651346987197359
1772933844.6786704,-2.161718014898194
1772933844.6786797,-2.412695173832676
1772933844.6786904,-1.7192285663966946
1772933844.6787,-0.659661141769752
1772933844.678708,-0.60455131034434
1772933844.678716,-2.1880419061916907
1772933844.6787238,-4.347232381631987
1772933844.701472,-5.134466093226198
1772933844.701498,-3.544381578236846
1772933844.731628,-3.642200796590998
1772933844.7316449,-1.877217436967247
1772933844.7316513,0.08042269162045068
1772933844.763765,-0.6527076380536695
1772933844.8501246,-1.559110616844858
1772933844.850145,-0.6858540464943738
1772933844.850152,0.12039817524604154
1772933844.850158,0.29801850519390244
1772933844.8501637,-0.03736427726338252
1772933844.8501692,-0.3566767245332544
1772933844.8501744,-0.3635029157256887
1772933844.8501797,-0.20546583602369833
1772933844.8501847,-0.0935762538097581
1772933844.8661573,0.07994632495646806
1772933844.882252,0.6005029306842709
1772933844.9073389,0.14455652293044877
1772933844.9073598,0.10101610529915285
1772933844.9234064,0.2490983739575891
1772933844.995726,1.379184546401073
1772933844.995748,1.060008987676141
1772933844.9957592,0.31809250223127244
1772933845.011868,-0.07751712113869041
1772933845.0590303,-1.9487440895879318
1772933845.0590506,-2.206014024289576
1772933845.0590606,-1.9145270656039948
1772933845.0750344,-1.9616342270295286
1772933845.168462,-1.1761066652549947
1772933845.1684885,-0.43240184452183383
1772933845.1684983,-0.15487968211586758
1772933845.1685066,-0.6760509462041461
1772933845.1685143,-1.63711243498956
1772933845.168522,-1.9769551012467685
1772933845.1685297,-0.7904743484647893
1772933845.1845236,1.6750112774820782
1772933845.2166247,-0.12135494497190188
1772933845.2327158,0.721192665098791
1772933845.2487874,-1.8963804907323003
1772933845.264808,-0.5802769833929242
1772933845.2970593,1.8759982859532518
1772933845.3240583,4.223103652844428
1772933845.3240836,5.006997303512775
1772933845.324094,4.455871209413923
1772933845.3883257,-1.1322832761405601
1772933845.4114475,-2.089823644507114
1772933845.4114723,0.08915531515278508
1772933845.427484,1.2297137996705614
1772933845.4746745,-1.154927406093379
1772933845.474695,1.0671188788825594
1772933845.6514423,1.2438142205087346
1772933846.066123,-0.09406161824449975
1772933846.0661516,1.4766890713738903
1772933846.1305864,1.0211917271353546
1772933847.4578688,4.944673368163003
1772933847.457911,7.111218010963293
1772933847.4579244,7.631758521799968
1772933847.457934,6.63981907906521
1772933847.4739978,5.288271045428366
1772933847.5060704,4.875028104986197
1772933847.522077,4.859424865053261
1772933847.5542214,4.622755809380482
1772933847.5702572,3.8796512997279273
1772933847.5864007,2.6188979822730056
1772933847.616478,3.725229735479723
1772933847.6164985,4.341617790955285
1772933847.6165087,4.808715959578362
1772933847.6807463,4.250773985942984
1772933847.703862,5.039737368403956
1772933847.703899,3.5118664603105674
1772933847.703909,2.300893711284941
1772933847.7199793,2.5281490130440867
1772933847.7640994,1.7418336674954111
1772933847.7641168,2.658636547197067
1772933847.764124,3.450947463604635
1772933847.8284564,2.6644547720890093
1772933847.8605452,3.3507114720550435
1772933847.860574,3.218875687892472
1772933847.8605874,2.4115365017204486
1772933847.8606005,1.4774448958107051
1772933847.8606117,1.3853281183913455
1772933847.8766568,2.595633476159546
1772933847.908746,3.522842648984446
1772933847.939846,3.794940799708343
1772933847.9398837,3.730824991964335
1772933847.975952,3.1106737249410883
1772933847.975988,2.722347249638953
1772933847.9759989,2.3904755434515703
1772933847.976008,1.9773034940990784
1772933847.9760168,1.6909066057079911
1772933848.0081236,-0.2709513901420012
1772933848.0241497,0.12700392582437098
1772933848.0241687,1.5476942930536783
1772933848.0402172,2.8765115448170384
1772933848.122562,2.05328782945544
1772933848.1225872,1.4672281629302062
1772933848.122597,2.005875239080295
1772933848.1226053,3.5894487307727077
1772933848.1226132,4.719167944866672
1772933848.1226208,4.0596760455490495
1772933850.32366,2.80635321393385
1772933850.3718977,3.66550670452333
1772933850.410048,5.008493121933991
1772933850.4100857,5.5842230073783705
1772933850.4100971,5.967538441875512
1772933850.4101062,5.370964099967781
1772933850.4101152,3.4556050880272533
1772933850.4732506,4.159750320654194
1772933850.473277,2.841260169024693
1772933850.473288,0.47540725508399395
1772933850.5445747,3.1576615461534017
1772933850.5446053,2.9711551564413843
1772933850.568763,3.0195859794121516
1772933850.568794,3.373415365727332
1772933850.568807,3.3852200214720356
1772933850.584732,2.3497340807136697
1772933850.6972115,6.212281331312815
1772933850.7133367,4.671065095259568
1772933850.7292948,6.27060354442345
1772933850.7775075,4.679418335901804
1772933850.8237884,4.677089546076719
1772933850.8238204,3.056778841639947
1772933850.85585,6.957565629301136
1772933850.8718915,6.998398698309026
1772933850.887987,4.747549438686694
1772933852.2074683,4.806951667202476
1772933852.2074988,3.400656124955788
1772933852.207511,2.932029699869473
1772933852.2075212,2.463227979525887
1772933852.2075307,1.1024157720777878
1772933852.785806,3.4074039661802726
1772933852.8017914,2.190955794800155
1772933852.8178525,1.4085614537952602
1772933852.861076,2.8594686986542515
1772933852.8611023,3.4054472207265345
1772933852.8611107,3.0754512679609234
1772933852.8611171,2.0169892229944257
1772933852.9092743,3.200439698254853
1772933852.9093015,4.791469779565088
1772933852.9253523,5.421199838328213
1772933852.925386,3.922519956427501
1772933852.9413908,5.505488875358297
1772933852.9574757,2.937324497968235
1772933853.0096552,6.46707704265869
1772933853.0096765,7.015721421638605
1772933853.009686,6.464786014206314
1772933853.0096943,4.773487546042674
1772933853.0097024,2.6851158358258895
1772933853.0257037,3.5168594776796787
1772933853.0900128,5.388006140709932
1772933853.106089,2.4201578863645596
1772933853.122161,2.7766274064430854
1772933853.1221955,1.538136211659452
1772933853.1381693,0.3457874660712162
1772933853.1703107,2.9898517794537915
1772933853.1864035,1.881983198240577
1772933853.24467,5.992073427569976
1772933853.2447,5.880197457024063
1772933853.2447102,3.2974710858520977
1772933853.2607028,6.059982772961577
1772933853.2607265,2.2871080682306957
1772933853.3330455,0.3168447429898827
1772933853.333071,-0.7342812812148399
1772933853.3330805,-0.25752620981270125
1772933853.3330889,0.004808255041454003
1772933854.4897475,0.03604301954990729
1772933854.5378876,-1.111061464368146
1772933854.5620859,1.369124600550455
1772933854.562122,1.7508674093799454
1772933854.5621357,0.7677783472151627
1772933854.7708988,-0.2878867652778105
1772933854.7869613,1.2058413266204497
1772933854.7869856,-0.15844655426502358
1772933854.8030703,1.0209218802958882
1772933854.8905797,0.5817495174892051
1772933854.8906114,0.20014246299565686
1772933854.890622,-0.24734894637663457
1772933854.890632,-0.4923441808855298
1772933854.8906417,-0.6083644131348546
1772933854.8906505,-1.028018748000393
1772933854.8906589,-1.904583407013187
1772933854.9064739,-0.016705589538405095
1772933854.9225004,-0.2627195392446629
1772933854.9747186,-1.418314846378106
1772933854.9747396,-0.792161023479038
1772933854.9747488,-0.2033040597263306
1772933854.9747572,0.07015315263199193
1772933854.9747653,0.6658886122711642
1772933854.9747727,2.110200918349133
1772933854.9747806,3.609770212313863
1772933854.974788,3.4576345708209812
1772933854.9747956,0.848939114390997
1772933854.9907613,1.1512997074906506
1772933855.05503,-0.7025861020622012
1772933855.2960484,-0.04372131697615987
1772933855.3120973,-2.38165973649809
1772933855.826256,-2.243738195470803
1772933855.8493469,0.2919911224285888
1772933855.8493817,-0.21183634908667887
1772933855.8493953,-2.421566380623368
1772933855.890468,1.5919004431101251
1772933855.8904946,1.2114117161494249
1772933855.9065204,-0.9864704382487286
1772933855.9457407,0.8903353611008861
1772933855.9457667,1.3244764596153193
1772933855.9457743,2.284906521476707
1772933855.9457812,2.978247830847653
1772933855.9457872,2.7865690314770277
1772933855.9457936,1.8603318307127392
1772933855.9457996,0.7864106126573815
1772933856.018052,0.8378332133165282
1772933856.018073,1.070255177588402
1772933856.0180836,1.3950514945135297
1772933856.0340972,1.4790716627057632
1772933856.0501394,1.0650603306608477
1772933856.1204343,2.058643353717858
1772933856.1204512,2.180526926008491
1772933856.1204572,1.7532707920606907
1772933856.120463,1.3695419973517837
1772933856.120468,1.8006269678928057
1772933856.120473,2.8944387240116094
1772933856.120484,3.4474035481198024
1772933856.120492,2.4599710243221713
1772933856.1204998,0.4160616517578506
1772933856.189696,1.6911998535528983
1772933856.1897168,1.2196337743023709
1772933856.189726,0.5364454878187526
1772933856.1897364,-0.23078411491679027
1772933856.1897452,-0.7046373693734346
1772933856.2378707,0.07243376604656976
1772933856.2730575,0.1893508741713422
1772933856.2730775,0.8901648041313247
1772933856.2730873,1.8326076763943024
1772933856.2730954,2.110710877713859
1772933856.2731037,1.0531565846904483
1772933856.2891023,1.701561896127586
1772933856.3051457,-0.38695448458318643
1772933856.3614063,-1.3646003485648985
1772933856.3614316,-2.577297825496734
1772933856.3614423,-3.1075948804717592
1772933856.3774507,-2.410472436935599
1772933856.425658,-0.24305654559906545
1772933856.4577897,-1.1847373456289843
1772933856.5241244,1.9415949389577252
1772933856.5241513,0.8468603789544109
1772933856.5241616,-0.5952798607243202
1772933856.5241706,-0.7447390812539498
1772933856.524179,0.4666483474137359
1772933856.524187,1.2436200619168505
1772933856.524196,-0.17555122866663989
1772933856.5471687,2.5562337619385724
1772933856.5472052,1.0256897658012145
1772933856.547218,-1.2190013746430566
1772933856.5913217,1.063795561377473
1772933856.5913436,1.5055084322240835
1772933856.5913508,0.49620776021500274
1772933856.6235402,-1.5766729459541602
1772933856.6395307,-0.8724321895406042
1772933856.6716993,-1.307344627767257
1772933856.7088408,-1.3032952097248713
1772933856.7088687,-0.7730062926732784
1772933856.70888,-0.6274186115327336
1772933856.7088904,-0.9994111144589196
1772933856.7248716,2.1713157781704475
1772933856.7409887,4.175678425247995
1772933856.7570505,4.162123807659627
1772933856.7570755,1.8454736471057611
1772933856.785191,-1.0959386225063097
1772933856.7852106,-2.865220864213481
1772933856.7852168,-2.66810638664393
1772933856.8483791,-2.160025159167901
1772933856.848395,-1.284500790094645
1772933856.8484015,-1.139110441917539
1772933856.8484068,-1.6197190840020024
1772933856.848412,-2.491964483099331
1772933856.8484168,-3.6120636808513624
1772933856.8725033,-1.551945987587817
1772933856.8725288,-1.7675351328930329
1772933856.932756,1.8156036994942022
1772933856.932782,1.6535145733117642
1772933856.9327912,-0.4209874560324527
1772933856.9961207,0.5606839200731151
1772933856.9961717,-0.23058250192522978
1772933856.996186,-1.0646322461735225
1772933857.0121,0.790559036034079
1772933857.0282488,-0.31273457135689264
1772933857.0442252,-0.6127182607413936
1772933857.0954194,0.2663807007177818
1772933857.0954533,-0.14173421444400616
1772933857.0954635,-0.5448593559716418
1772933857.095472,-0.760330886879873
1772933857.09548,-0.7722086658290244
1772933857.1114948,-0.9192042175959436
1772933857.1687305,1.3404172352470576
1772933857.1687512,1.8005027694497562
1772933857.168761,0.05551166241402052
1772933857.1847854,-0.5590181954021494
1772933857.233055,0.9807926978950633
1772933857.2490554,-0.24244857338122303
1772933857.276168,2.2355971827368477
1772933857.2761889,0.8248087339439594
1772933857.276199,-1.6525951442883051
1772933857.3083107,-0.7334170151501992
1772933857.3244505,-0.9015571393524814
1772933857.3404028,0.18908349224642332
1772933857.35649,-0.18178406752640205
1772933857.4047613,-1.9337350116030285
1772933857.428826,-2.083034523949521
1772933857.4288495,-1.6438839966260732
1772933857.4288597,-0.6943021243214534
1772933857.4449096,-1.760161810915362
1772933857.4911296,-2.1655169796576823
1772933857.4911585,-0.097313279333536
1772933857.4911685,2.564263908195949
1772933857.5071745,4.349636248499399
1772933857.5231848,4.467772872410179
1772933857.52321,3.3512687380221386
1772933857.5784352,3.9313802016537562
1772933857.5784607,3.464605659702374
1772933857.5784705,3.643280179619934
1772933857.578479,4.221442124339064
1772933857.6055343,4.461436206189081
1772933857.605569,3.7212704600860635
1772933857.6055827,2.0654858231698108
1772933857.6376648,0.0077408390502449725
1772933857.6727653,0.22229034854054602
1772933857.6727867,-0.209590983062413
1772933857.6727936,-0.8412411875205514
1772933857.672799,-1.7241428909275003
1772933858.1809063,-3.4213461420693627
1772933858.1809227,-3.0744133936733564
1772933858.6629276,-4.453243455684607
1772933858.7111058,-5.3704394787477145
1772933858.7341597,-6.270356939143506
1772933858.7341805,-5.191565376775916
1772933858.7502491,-3.7984970345975735
1772933858.7502763,-2.3714014950675733
1772933858.7824378,-1.7970886393579686
1772933858.8296342,-3.270018171135821
1772933858.8296623,-5.449936744857128
1772933858.8296764,-6.607076519014964
1772933858.8296878,-5.570607461764046
1772933858.861792,-4.787529032885771
1772933858.8777463,-2.3063827904398226
1772933858.9099278,-1.8661604110559538
1772933858.9099598,-2.4831394523647514
1772933858.909972,-2.8837741631096065
1772933858.9099815,-1.8481818074145684
1772933858.9772365,-2.4075502318879973
1772933858.9772627,-3.166202660236929
1772933858.9772727,-4.9236396713595445
1772933858.977282,-6.154621845959543
1772933858.9772909,-5.262405115719905
1772933858.9772992,-2.3427886928174875
1772933859.045634,-2.613163426256403
1772933859.0456963,-2.9349398712167822
1772933859.0457084,-4.018170964170222
1772933859.045721,-4.367914513539043
1772933859.0457325,-3.2008942332955415
1772933859.090633,-3.271361822414375
1772933859.0906584,-2.6531490674825977
1772933859.090668,-2.1225473645609063
1772933859.0906763,-1.635530861818345
1772933859.090685,-1.0840590908700392
1772933859.0906923,-0.20328633156565717
1772933859.1067183,1.3135214842212395
1772933859.1448824,0.8275774995678651
1772933859.1449084,0.6858207459659258
1772933859.1449168,0.5285748987834064
1772933859.1449275,0.5160869712426368
1772933859.193104,-1.5949884724941192
1772933859.2091768,-1.9344149862654296
1772933859.2092235,-0.05365950833565603
1772933859.2251964,-0.6373954894794642
1772933859.241295,0.5665174979836695
1772933859.2934527,-2.4877465923702102
1772933859.2934742,-3.172551822101146
1772933859.2934835,-2.518564896096257
1772933859.2934923,-0.9794373944766294
1772933859.293501,0.18514397458874202
1772933859.321582,-0.036727827459134915
1772933859.321602,-0.05669859601638018
1772933859.3648164,0.46350345896410217
1772933859.3648467,1.0625694615799652
1772933859.3648584,1.270179628335334
1772933859.3909073,0.6586864973189008
1772933859.3909457,-0.21979196003181095
1772933859.3909576,-0.388121830993142
1772933859.3909676,0.4778734870579087
1772933859.439078,0.5121386903322585
1772933859.4722254,-1.9191472953667144
1772933859.4722571,-2.88746563021818
1772933859.4722674,-3.1014771859023242
1772933859.4722788,-2.132508711794707
1772933859.4882972,-0.3513451023205099
1772933859.528426,-3.5253152569276063
1772933859.528447,-4.3383501625742635
1772933859.5284572,-3.2131235301624277
1772933859.544561,-0.4809760727842595
1772933859.586674,-1.3774140408259523
1772933859.5866992,-1.1767419478659715
1772933859.5867124,-0.9683175905821324
1772933859.5867229,-0.7419191652211233
1772933859.5867317,-0.9770560081791888
1772933859.58674,-1.7220591709398612
1772933859.6027637,-1.9411478847155832
1772933859.6027892,-0.376649317581104
1772933859.6258905,-1.6013625644563483
1772933859.6259217,-0.6682400761081174
1772933859.6259336,0.20271999566405566
1772933859.6741235,-1.324088491413969
1772933859.723341,1.532437975059016
1772933859.7233622,1.7655352127594448
1772933859.7233715,1.6631518317352056
1772933859.72338,1.5827369483177953
1772933859.7233877,1.5256279788882803
1772933859.7233956,1.2806486422796888
1772933859.7234035,0.8145459225888961
1772933859.7234108,0.3741652245611913
1772933859.7234185,0.2035197288479767
1772933859.7715132,1.7737236743015177
1772933859.7715523,1.8047705714666573
1772933859.7881744,1.0333482234938747
1772933859.8035905,-0.5144877459912138
1772933859.8356726,0.3130285652605674
1772933859.8678007,-0.20383619260244723
1772933859.8678193,0.1465963954293469
1772933859.8678308,0.9254765129317937
1772933859.8678415,1.8100357900664361
1772933859.883922,2.163101826849143
1772933859.883951,1.4531928296382004
1772933859.9281423,0.9586119218380634
1772933859.9281623,0.24223708756487577
1772933859.9281726,-0.45003532222723364
1772933859.96022,-0.6975882116263418
1772933859.9602432,-0.9016186527860405
1772933859.9924788,-0.7618629093129636
1772933860.050598,-0.5439492483933894
1772933860.0506186,-0.42627160442437173
1772933860.050626,-0.39312684045370794
1772933860.0506318,-0.38915685376649695
1772933860.0506377,-0.34244450589666486
1772933860.0506437,-0.22481276287422491
1772933860.0506492,-0.059844134730723454
1772933860.0506546,0.09212550424274378
1772933860.05066,0.15021774073718053
1772933860.0506654,0.05797857422795392
1772933860.0827305,-0.1383664614234931
1772933860.082765,-0.26580485581611185
1772933860.1058304,0.7352444641099207
1772933860.1058664,-0.20930838581026284
1772933860.1058762,-1.7644535144797342
1772933860.1329143,-2.6660240099791332
1772933860.1329339,-1.9826605102149728
1772933860.1801102,-1.764659095820382
1772933860.1801307,-0.7362873344179961
1772933860.180143,0.3689029394277693
1772933860.2122636,-0.5100944172547425
1772933860.2634728,-0.5361458718257314
1772933860.2635095,-0.9822349627361314
1772933860.263523,-1.8471168782702485
1772933860.2635324,-2.335856992892522
1772933860.263541,-1.6875032310030469
1772933860.3005855,-2.798013670223952
1772933860.300606,-3.6631990946556243
1772933860.3006155,-4.284929764126931
1772933860.300624,-3.763486943586784
1772933860.3166533,-1.848931258450168
1772933860.3709931,-1.5374140042625954
1772933860.3710346,-1.7008554621869105
1772933860.371052,-2.005752475813467
1772933860.3710663,-1.5008132773938156
1772933860.371076,-0.13114715650381958
1772933860.3710852,1.0980546677466014
1772933860.3710947,1.2227069679725728
1772933860.3711042,0.3997721668309029
1772933860.3711133,-0.3168110002036284
1772933860.4030037,-0.3775827909267745
1772933860.4281666,0.09336910948135847
1772933860.428196,0.4177251544246417
1772933860.44416,-0.8654633868209383
1772933860.4602168,-0.2951397838768294
1772933860.5034032,-2.7696729749987408
1772933860.5034251,-1.64240618663153
1772933860.5677395,-2.1537270341256494
1772933860.613878,-3.3455913483504656
1772933860.6139035,-2.2942986960496863
1772933860.6139112,-1.0718439305544611
1772933860.613919,-0.482984254352575
1772933860.6139257,-0.7842334556021504
1772933860.6139312,-1.221116498149448
1772933860.613937,-0.7463715252033608
1772933860.6139424,0.7158909938537693
1772933860.6831677,-0.4362561686890067
1772933860.6831872,-0.426619877733096
1772933860.6831968,-1.2132149129555219
1772933860.6832051,-2.5271352286716477
1772933860.6832132,-3.482597165960153
1772933860.683221,-3.329013939524104
1772933860.6832292,-2.0684684302749448
1772933860.6992247,-0.3653801693979374
1772933860.7474787,-0.6936665332076284
1772933860.7835703,-2.9480290162270033
1772933860.7835903,-3.0939875955418503
1772933860.7835999,-2.2377562625907923
1772933860.7836082,-0.966441210916846
1772933860.7836163,-0.06143538774570402
1772933860.831839,-1.1384467608220135
1772933860.8478367,-1.410638805670364
1772933860.8478568,-1.3061961464351834
1772933860.8719065,-1.4860603535623973
1772933860.8719223,-0.8879435690904711
1772933860.9041543,0.061514871575889515
1772933860.9502552,1.9971989323688044
1772933860.9502764,2.536413786239461
1772933860.950287,1.5525099595118153
1772933860.9502954,-0.49070967835333384
1772933860.9503057,-2.3761413337916992
1772933860.9503148,-3.0161175526084416
1772933860.9956305,-0.6563902278367225
1772933860.9956512,0.5387860300034389
1772933860.9956603,1.1954832760638865
1772933861.0115235,1.074463111470673
1772933861.01155,0.30568641828364046
1772933861.039615,0.19698344983049754
1772933861.039631,-0.2321953522287082
1772933861.1018884,-0.9216051851858577
1772933861.1019163,-1.2412826487369457
1772933861.101929,-1.5799127933556805
1772933861.1019368,-2.035674138678492
1772933861.1019423,-2.2056085812369908
1772933861.1019487,-1.50742647003276
1772933861.1239974,-2.662749477527081
1772933861.1240165,-1.0131184033948144
1772933861.1944118,-0.38967593374721904
1772933861.194462,-0.11227425696306569
1772933861.194477,-0.7858978249209175
1772933861.1944878,-1.802195069957972
1772933861.1944962,-2.4196366160761715
1772933861.1945047,-2.290568921743823
1772933861.1945133,-1.4653183123025824
1772933861.1945212,-0.15465082652487047
1772933861.2264605,0.24762520507310332
1772933861.242614,1.2413549894950233
1772933861.2426565,2.1983594204969314
1772933861.2705574,0.1982374534821174
1772933861.2705777,0.44923903309437946
1772933861.318777,-0.1337485370127231
1772933861.3188045,1.1458704160506692
1772933861.3470135,0.23826846243682293
1772933861.3470376,0.9322524223423003
1772933861.3470447,1.5923543144767498
1772933861.3629937,1.826585730430984
1772933861.363021,1.4299873610960812
1772933861.4061472,2.9481277123702796
1772933861.406168,2.639553384625963
1772933861.4061775,1.6432042281193076
1772933861.434235,1.3134530363414996
1772933861.434251,0.9745788559312945
1772933861.434258,0.43929653185002054
1772933861.489486,1.4286708817778886
1772933861.4895103,1.3660073302818123
1772933861.48952,0.6822242788981471
1772933861.489529,0.12668274947879035
1772933861.5055633,0.6332878736443854
1772933861.5055895,2.3831144900533308
1772933861.535658,2.166325558916759
1772933861.535678,3.5591826312306494
1772933861.6069772,0.7218375524123394
1772933861.6069963,-0.3633925556490108
1772933861.607006,-0.5921221232289815
1772933861.6070144,0.056202263473885294
1772933861.6070247,0.8993254229589102
1772933861.6070347,1.2708796557969237
1772933861.6070423,1.1456283223411716
1772933861.607052,1.002801744909931
1772933861.6070604,1.1134064810631603
1772933861.6501682,-0.3778647285367205
1772933861.6501906,-0.48958283611096476
1772933861.6501997,-0.45587133636317184
1772933861.6843266,-0.4115064125099575
1772933861.6843548,-0.40486315076641516
1772933861.684365,-0.4919181619587962
1772933861.684374,-0.6878518009431855
1772933861.6843817,-0.8201838424600305
1772933861.6843894,-0.6375993237809199
1772933861.7324946,-0.5008121770971091
1772933861.7325206,-0.5834020716974543
1772933861.775671,-1.2149503807674942
1772933861.7757075,-0.6880541855948971
1772933861.7757175,0.08189591239775783
1772933861.7757266,0.6936909376003975
1772933861.775735,0.8444943637561406
1772933861.7757428,0.4889317581897523
1772933861.7757556,-0.12336722748128932
1772933862.5679295,1.7930315762594764
1772933862.5679567,2.754640600522387
1772933862.5679665,2.627352224023424
1772933862.5679753,1.0306208466362805
1772933862.6161225,-0.28124137135830496
1772933862.6693194,-0.31127782818648225
1772933862.6693487,0.1681344072488118
1772933862.669361,0.942925832595268
1772933862.669371,1.2617621198896656
1772933862.669382,0.9203569747015726
1772933862.6693928,0.26087521497337496
1772933862.669402,-0.33134617187471105
1772933862.6694107,-0.7938806734334344
1772933862.6853971,-0.6588825030433755
1772933862.7084925,-1.0871348598791095
1772933862.7085137,-1.3366083182595352
1772933862.7346053,0.003480572676576571
1772933862.7346313,1.0757763905043758
1772933862.7346416,1.8055678722771056
1772933862.7346509,2.021966229548026
1772933862.7968922,0.8773772556218621
1772933862.7969284,1.964308766483821
1772933862.796935,3.53665891730791
1772933862.7969413,4.039418078010504
1772933862.7969468,2.779376445865236
1772933862.8421402,2.835481247125249
1772933862.8421717,1.8318966071881944
1772933862.8721564,1.9499188758024089
1772933862.872176,0.6279236147113807
1772933862.8943045,-0.8660433001810975
1772933862.8943417,-1.7793150482049782
1772933862.894352,-1.6224137506158323
1772933862.8943613,-0.6789833300016592
1772933862.9525905,-0.3303883915695927
1772933862.9526203,-0.8952422176762067
1772933862.986632,-1.7368193074758356
1772933862.9866602,-1.915408409939675
1772933862.98667,-1.1463603006558738
1772933862.9866817,0.02074322389871668
1772933862.9866917,0.8906079511322792
1772933863.0589464,-0.3026699462599938
1772933863.058967,-0.9959819002338915
1772933863.058977,-1.3612919032182713
1772933863.0589852,-1.3250229295472196
1772933863.0589936,-1.0705007913287492
1772933863.059002,-0.7148317788428056
1772933863.0590098,-0.3305632112734665
1772933863.0750165,-0.16481857081271278
1772933863.1071265,-0.046496372357738465
1772933863.1232324,0.805391642854572
1772933863.1232684,0.364873959141176
1772933863.1563504,-0.018444106271127112
1772933863.1563704,0.14137738060741503
1772933863.1564033,0.6861414366973799
1772933863.1564224,0.990030581542867
1772933863.1564324,0.6633251266075798
1772933863.1884775,0.19910985958734956
1772933863.2276545,-1.1542803143554905
1772933863.2276745,-0.4597702676974332
1772933863.2276852,0.7290659926038354
1772933863.2437146,1.143204683372318
1772933863.310012,1.3085548370457625
1772933863.3100445,1.2518258404051326
1772933863.3100514,0.8954803878096945
1772933863.3100595,0.2632277272458997
1772933863.3100667,-0.34894142372321846
1772933863.3100724,-0.4071445657451814
1772933863.3100796,0.3493736979647363
1772933863.3100853,1.4966829701249453
1772933863.3100908,2.211375696071719
1772933863.3100955,2.0445980998994124
1772933863.3421388,1.353534225077614
1772933863.3582585,-0.6997224586878562
1772933863.358292,-0.23814404367576356
1772933863.39552,2.474628251567775
1772933863.3955417,3.5148304077238337
1772933863.3955543,2.6429421039079126
1772933863.3955672,0.7591453601831348
1772933863.3955796,-0.5096015762925398
1772933863.4817736,-1.4340487517213418
1772933863.48181,-0.5714645122037368
1772933863.4818387,-0.30168630313123135
1772933863.4818473,-1.1915495301290966
1772933863.4818563,-2.4559457715550077
1772933863.4818652,-2.996633391325531
1772933863.4818735,-2.5316679850085433
1772933863.4818816,-1.6413390348377472
1772933863.4818895,-0.9458392749897392
1772933863.4818976,-0.49929122409666515
1772933863.5118744,0.005693788160549133
1772933863.511904,0.6616479236608735
1772933863.5119152,1.1610609118908497
1772933863.6383464,0.19587781757829192
1772933863.638387,-1.3918664723160388
1772933863.6384,-2.838469255744394
1772933863.6384096,-3.0594993703386644
1772933863.6384213,-1.812893968418482
1772933863.638431,0.06547498903210314
1772933863.63844,1.3767719959564537
1772933863.6865485,-0.4685116389123024
1772933863.6865747,-1.1062389650966544
1772933863.71466,-0.6173712708240308
1772933863.7146857,0.6961326578206348
1772933863.7307467,1.6073648796809004
1772933863.7709007,1.5303971017737166
1772933863.770923,0.11103886260550513
1772933863.7709336,-1.2392517388086064
1772933863.8010485,0.5627984427035629
1772933863.8010888,0.6771028635159269
1772933863.8011007,-0.15928766043346673
1772933863.8011112,-1.2479601763270505
1772933863.8171484,-1.489273676546243
1772933863.8652804,-1.1349579485939014
1772933863.88134,-1.4754613889592605
1772933863.9295404,-1.7520742137390926
1772933863.9797668,-1.5089501665609486
1772933863.979807,-1.620489740026103
1772933863.979818,-1.952617706599948
1772933863.9798276,-2.472709845835961
1772933863.9798372,-2.968846980653704
1772933863.9798455,-3.012010865617322
1772933864.0118878,0.1276295374100854
1772933864.035964,1.0621076079639662
1772933864.0359874,0.5623951043730041
1772933864.0651672,-0.7242539968054756
1772933864.065196,-3.416098874600356
1772933864.0652063,-4.409795575036286
1772933864.0652149,-2.8301620829779144
1772933864.1002467,-1.3994045714037093
1772933864.1002715,0.5356855436034523
1772933864.1002812,0.7992293522155914
1772933864.1002898,-0.2333627343437454
1772933864.1002975,-1.1560947691427155
1772933864.1163085,-1.0562745232298703
1772933864.1806364,-2.8697122206508148
1772933864.218744,-3.1888646635084688
1772933864.2187643,-3.0580082177925214
1772933864.218776,-3.0335310499590005
1772933864.2187855,-3.1235322804143917
1772933864.2187955,-3.1029329056883417
1772933864.294076,-0.5349164200739419
1772933864.2941167,1.2731168824689716
1772933864.294135,1.7533155623258547
1772933864.2941453,0.8101615740029604
1772933864.2941544,-0.48626740245656375
1772933864.2941642,-0.8940229151338156
1772933864.2941728,-0.13311411484740843
1772933864.3101325,0.9233211915022751
1772933864.3683643,-1.5784493948491458
1772933864.3683896,-2.791977322782258
1772933864.3683994,-2.82818819205911
1772933864.36841,-1.8124822238409726
1772933864.3684208,-0.8569100494039553
1772933864.3684292,-0.8108132392782582
1772933864.3955448,-2.2557136779783833
1772933864.3955653,-3.073492040336987
1772933864.4115584,-2.9431000252354824
1772933864.4276552,-2.1617687835456727
1772933864.4436607,-1.3311723810649105
1772933864.4597683,-0.9986270434445411
1772933864.5180013,-1.4431011170136645
1772933864.5180163,-1.6920586483143574
1772933864.5180223,-1.394536927734248
1772933864.7750645,-2.9095707368844956
1772933865.4660437,-1.6191208410686369
1772933865.4930491,-0.17969538524310497
1772933865.49308,0.6695716415921873
1772933865.4930918,0.8873757854292481
1772933865.5211673,0.5720612284308805
1772933865.5211875,0.010019678797593315
1772933865.5211968,-0.5331426856078285
1772933865.5532613,-1.3770907129276193
1772933865.5763192,-2.0162792101799885
1772933865.576342,-2.7463395178134653
1772933865.5763495,-2.9400283294287837
1772933865.5763557,-2.4299343261717303
1772933865.6134713,-1.527019588329843
1772933865.6134925,-0.7693494467886866
1772933865.613503,-0.4683336706123868
1772933865.613512,-0.5138973841478808
1772933865.6456523,-1.2469132114809058
1772933865.6686995,-0.738459014672495
1772933865.6687224,-0.14173352959839283
1772933865.6687343,-0.13990147533166714
1772933865.7592385,-0.9521360544763645
1772933865.7592962,-0.9565242100910069
1772933865.759308,-0.26366941444666486
1772933865.759321,1.0338424216121933
1772933865.759333,2.3972800775492358
1772933865.7593417,3.139457646623591
1772933865.7593503,2.787977812959639
1772933865.7751954,1.3713878712104464
1772933865.8072796,0.6779791985021071
1772933865.823376,0.21670681743620235
1772933865.8234007,-0.05348409411053461
1772933865.8534868,0.33840224968527766
1772933865.8535151,0.3017325382157608
1772933865.8856137,-0.5172202228063777
1772933865.9016862,-0.40428661579016245
1772933865.9177537,0.09042432954619688
1772933865.9458308,0.027147849022801724
1772933865.945852,-0.389721708954998
1772933865.961962,-0.756992328563385
1772933866.0041983,-2.4774694619408284
1772933866.004223,-2.3106422703638527
1772933866.0042331,-1.3762019608206948
1772933866.004242,-0.14774710492393725
1772933866.0042503,1.0775167471381442
1772933866.0042589,2.1787867700796926
1772933866.0042691,2.915666834036902
1772933866.020143,0.7026487716041595
1772933866.0995128,0.8663715134063041
1772933866.099537,1.266986554431838
1772933866.0995471,1.4381811536312807
1772933866.099556,1.2096005503378624
1772933866.0995648,0.8484053033364685
1772933866.099573,0.8223292975904615
1772933866.0995812,1.4404750145090899
1772933866.0995896,2.612759649133977
1772933866.0995977,3.837917550148381
1772933866.099605,4.441486559113185
1772933866.0996132,3.9805115469422843
1772933866.1155412,2.00675379328663
1772933866.1319451,0.6554178072066054
1772933866.1738043,1.4003538387485193
1772933866.173828,1.9236436774434147
1772933866.1738348,1.9972868620387365
1772933866.1738403,1.4703613459264884
1772933866.1738465,0.8370009373341287
1772933866.1738524,0.5639180657139307
1772933866.1738582,0.5683763180598449
1772933866.1898644,0.44058999281753414
1772933866.205967,2.655172117799275
1772933866.237056,3.316914837081765
1772933866.23708,3.991834715416288
1772933866.2370894,4.496006570959832
1772933866.2370985,4.2010025123345365
1772933866.2371066,2.8105451490553897
1772933866.2732048,3.0460479462729197
1772933866.2732267,2.901083215918903
1772933866.2732363,3.2399467058785842
1772933866.2732468,3.1823934768028757
1772933866.2892792,2.08838881418522
1772933866.316408,4.838141931104374
1772933866.3164284,4.963003684092647
1772933866.3324468,3.9654409193396476
1772933866.355536,5.818583162306247
1772933866.3555627,4.835560346767834
1772933866.3555727,3.021194324310083
1772933866.3716624,1.4616791347420681
1772933866.4258616,-0.7955743668372879
1772933866.4258885,-0.5790054223231595
1772933866.4258983,0.6935936721930557
1772933866.4259076,1.5394499336617802
1772933866.425916,1.0866031386712134
1772933866.4259248,-0.23170689555724222
1772933866.4259336,-1.2619584168529623
1772933866.4259415,-1.2456418726377205
1772933866.4259496,-0.3631179210629068
1772933866.4259584,0.6091115233714898
1772933866.4419343,0.9824397179217933
1772933866.4720848,0.5491914517309713
1772933866.472114,1.057887397347782
1772933866.4721255,1.6912053745215445
1772933866.4952028,1.976780203761251
1772933866.4952369,1.7773855871343855
1772933866.495247,1.3791806164591844
1772933866.4952588,1.1119102548160877
1772933866.5433297,0.7479504417827347
1772933866.5824692,0.7565489327898763
1772933866.5824943,1.0505766947839674
1772933866.582502,1.2022446979813957
1772933866.582508,1.407876805037727
1772933866.5825138,1.9336289903037465
1772933866.6045392,1.927682993432432
1772933866.604565,2.277173085129315
1772933866.6206307,2.3665648872505867
1772933866.6487277,0.47899051496915945
1772933866.6487472,-0.41244229020428747
1772933866.734194,0.43355261250150234
1772933866.7342153,1.2616186302193138
1772933866.7342253,1.9378843976592934
1772933866.7342336,2.2605051347121905
1772933866.7342417,2.2450569675195307
1772933866.73425,1.9585039334858547
1772933866.7342584,1.4911006210428872
1772933866.7342663,0.9968543127817191
1772933866.734274,0.6163661409251804
1772933866.734282,0.3339332655846979
1772933866.7342904,-0.0028383370097908485
1772933866.7955728,-0.1347158103368887
1772933866.7956033,-0.48257123769931526
1772933866.8345847,0.5233382997719982
1772933866.8346553,0.08942580488889772
1772933866.834672,-1.0270001346835016
1772933866.8346844,-2.125655538047781
1772933866.8347013,-2.319716518266586
1772933866.8347154,-1.3894690089874957
1772933866.834726,-0.06819731074022604
1772933866.9148493,1.8245604946421257
1772933866.9148643,2.5433288979190727
1772933866.9148705,2.4905296108338653
1772933866.9148755,2.255470919957396
1772933866.9148808,2.188083812214697
1772933866.9148855,2.1076164474666044
1772933866.9148903,1.7048693040497929
1772933866.9148955,1.056804014712354
1772933866.9149003,0.592311768977226
1772933866.9149053,0.5916010809777859
1772933866.9470034,1.7437390716889842
1772933866.9741385,1.8979112843318506
1772933866.9741724,1.8894310847618692
1772933866.9741833,1.8997432574809046
1772933866.9741929,1.7396231108278772
1772933867.0002177,3.03825011918813
1772933867.000239,2.461796526250735
1772933867.0162644,1.2646441764082588
1772933867.0323756,0.7506835966597439
1772933867.075541,1.4604107433801001
1772933867.075567,1.9718866944671316
1772933867.075575,1.9830653120526438
1772933867.075583,1.362323255797763
1772933867.0755897,0.9699516798333098
1772933867.075596,1.6525873861015716
1772933867.1077182,1.6909897852969415
1772933867.138816,1.033552135266841
1772933867.1388457,0.5233756127799748
1772933867.1388564,-0.5228932093590388
1772933867.138868,-1.0474805555683282
1772933867.138878,-0.4151660866078447
1772933867.1388865,0.6754556582206865
1772933867.1548645,0.8202158905728595
1772933867.1870139,-0.3729745369637628
1772933867.23025,-0.3898151602966936
1772933867.2302835,-0.9821209950377724
1772933867.230292,-1.0502830444074454
1772933867.2302997,-0.9551578331907034
1772933867.230306,-1.0047825785383249
1772933867.2303133,-0.9415964351485765
1772933867.2623005,-1.1038822259928993
1772933867.2784147,-1.2915323456514558
1772933867.278454,-1.2949886773574508
1772933867.3164964,-1.6592796723959045
1772933867.3165233,-1.2490590703342928
1772933867.3165333,-0.3493799282402902
1772933867.3165424,0.8176609261293796
1772933867.3165507,1.6287834785962596
1772933867.348618,1.4600736410878346
1772933867.3757915,0.02457459701240248
1772933867.3758216,-0.983398408292941
1772933867.4038167,-0.8991465837190709
1772933867.4038339,-0.1019496672942052
1772933867.4359767,0.2196526919466744
1772933867.4661248,-0.32836161431115307
1772933867.466144,-1.3706292609285446
1772933867.4661522,-1.8999005302286467
1772933867.4912565,-1.3329914671484913
1772933867.4912984,-0.8305421581120273
1772933867.507275,-0.48166801945470594
1772933867.5233517,-2.2197701567896555
1772933867.5474932,-3.219340747232758
1772933867.547526,-3.545153442756865
1772933867.5756636,-4.899734654075371
1772933867.5756903,-4.137430944416711
1772933867.6459296,-4.52214250144467
1772933867.6459596,-3.9034500553167315
1772933867.6459713,-3.174992626043789
1772933867.645981,-2.898006926111102
1772933867.6459897,-3.4217505393631633
1772933867.6459987,-4.326307837071907
1772933867.646008,-4.576448792781888
1772933867.6460168,-3.4685645527649474
1772933867.6460252,-1.4986220930971825
1772933867.67799,-2.343888811140272
1772933867.6945736,-2.358691727721748
1772933867.7281759,-2.004040975397889
1772933867.7281978,-2.341422954577968
1772933867.7282045,-2.284727766780217
1772933867.7282095,-1.3481886068142146
1772933867.7282147,0.054696449146892236
1772933867.7744603,-1.1602726598161444
1772933867.7744913,-1.5658676223964547
1772933867.7745032,-2.2773106182162133
1772933867.8004775,-1.0111484458097804
1772933867.8005056,-0.6584599475256733
1772933867.8005157,-0.7975003909006089
1772933867.8005269,-1.7402323878139312
1772933867.8707376,-2.1676844124355177
1772933867.8707628,-2.845317433592997
1772933867.870773,-2.697272787064033
1772933867.870782,-1.6788646833237957
1772933867.8707905,-0.49130566825014443
1772933867.8707983,0.05944993124278062
1772933867.894868,-1.6771683949815606
1772933867.8948884,-2.03740144313296
1772933867.9732523,-4.078982899744381
1772933867.9732735,-3.2850457027905593
1772933867.9732833,-2.11179399910899
1772933867.973292,-1.9894371243438642
1772933867.9733005,-3.0758692893319477
1772933867.9733093,-4.10559591196821
1772933867.9733176,-3.8267903674496266
1772933867.973326,-2.4009886827254867
1772933867.973334,-1.2109130854987957
1772933867.9733422,-1.3389374690612212
1772933867.9733503,-2.434364912520417
1772933868.005359,-0.6624470660521037
1772933868.0214393,-0.2529710919778982
1772933868.0214643,-0.14266831039699712
1772933868.03747,-0.3650473407714676
1772933868.0374906,-1.2548034010514049
1772933868.0666096,-2.0681934561622777
1772933868.0666325,-2.4108296075979156
1772933868.0826867,-1.2958966430467593
1772933868.1449711,-2.5180735599131294
1772933868.1450057,-3.200397627417331
1772933868.1450193,-3.0416465014333465
1772933868.1450295,-1.9579415291544506
1772933868.1450384,-0.5743068622920674
1772933868.1450472,0.4672989879891835
1772933868.1450555,0.9650413681952873
1772933868.1450653,0.9472534270950034
1772933868.1450737,0.3495262293433481
1772933868.1771033,-0.8157511221437888
1772933868.2042742,1.2287387636448734
1772933868.204326,2.054982315975525
1772933868.2043386,2.567530638115261
1772933868.2283025,2.2948925369113544
1772933868.2283387,1.1386557484899027
1772933868.22835,-0.36170556655572433
1772933868.2694583,-0.007571429957085798
1772933868.2694807,-0.7093900702886092
1772933868.2694907,-1.1698876979986683
1772933868.2854712,-0.9130878520319802
1772933868.310656,-1.0872036786119252
1772933868.3106847,-1.2347366052586823
1772933868.3106947,-0.7897514285837062
1772933868.3577995,0.07137195863011221
1772933868.3578205,0.899847702992593
1772933868.3578308,1.5815255908407175
1772933868.3578403,1.7349100450430823
1772933868.357852,1.3209955541960858
1772933868.3738809,2.5701603000801327
1772933868.4462447,0.1491306917021972
1772933868.4462683,-0.6628529728169479
1772933868.4462836,-0.29452244085508167
1772933868.4462924,0.48928977597421025
1772933868.4463012,0.66200064787755
1772933868.470286,1.2253505158588924
1772933868.4703076,0.46170895051260596
1772933868.470318,-0.3183227036792647
1772933868.5175135,0.16750465144494456
1772933868.5175395,1.2283803316133763
1772933868.51755,1.5340554454113857
1772933868.5335512,0.921460944924348
1772933868.533579,0.24958881417075374
1772933868.5627854,-0.3434589100411482
1772933868.5628226,-0.46198816368580986
1772933868.5789027,-0.3836609986384985
1772933868.60994,-0.09622634135341435
1772933868.6099598,1.3335016369873378
1772933868.6099696,2.918318438319772
1772933868.609978,3.4395499938759704
1772933868.6099858,2.2979781044393874
1772933868.637944,0.2763826217454539
1772933868.6379652,-1.0459936021941585
1772933868.6932175,-3.305931734769547
1772933868.693244,-2.6316415472085586
1772933868.6932516,-1.8488888811470583
1772933868.6932592,-1.794540416848213
1772933868.6932695,-2.030649534825682
1772933868.6932776,-1.655687707721745
1772933868.756441,-1.7618821015531139
1772933868.7564645,-1.5768197724432693
1772933868.7564747,-0.9282808012820777
1772933868.7724917,-1.7147003266627088
1772933868.7725136,-1.570321854984549
1772933868.801604,-1.5841142153112509
1772933868.8016207,-1.7757643125860547
1772933868.8016276,-1.6203733723349767
1772933868.8408418,-2.0248777245958856
1772933868.840871,-2.847175818940058
1772933868.840881,-2.750319806639467
1772933868.8568711,-1.2273079109852374
1772933868.8729062,-0.7625402643408354
1772933868.9562354,-2.378645355653468
1772933868.956257,-0.9319170368731461
1772933868.9562676,0.1611195732426808
1772933868.9562764,0.2838001754289753
1772933868.9562848,0.012637447001469184
1772933868.9562929,0.4934562101707493
1772933869.0165234,-1.6673323753482021
1772933869.0165489,-2.9899898726542307
1772933869.0165582,-3.8841817329193344
1772933869.0165665,-3.117120058584728
1772933869.0325897,-0.174078705368957
1772933869.048628,0.7114284304265563
1772933869.1009095,-0.6998227419618184
1772933869.1009367,-1.1094081130519098
1772933869.1009505,-1.992880373378334
1772933869.1009612,-2.1354687760515136
1772933869.1009696,-0.8759034752184445
1772933869.1490517,0.6421403254135835
1772933869.2003088,-0.1998152606650798
1772933869.2003307,-0.9721757859315598
1772933869.200342,-1.2690624240402777
1772933869.2003515,-0.4029784397562006
1772933869.20036,0.9960571537631795
1772933869.2003684,1.6654700686628823
1772933869.2003765,1.1482802157156822
1772933869.2163315,0.2975924605090693
1772933869.2605157,-0.1389470458762637
1772933869.2605357,-0.017242409194140693
1772933869.260546,0.7851425424646723
1772933869.367958,-1.7973973016219558
1772933869.3679836,-2.725531238838172
1772933869.3679934,-3.0916296537512595
1772933869.3680024,-2.758612464582309
1772933869.368011,-1.926986830341436
1772933869.368019,-0.8464562262644209
1772933869.4432924,-1.6554222727521755
1772933869.4433124,-1.543592105842823
1772933869.443323,-1.4048478091731857
1772933869.4433317,-1.5709569253187121
1772933869.4433408,-1.9830941602797658
1772933869.443349,-2.103261040409449
1772933869.4433577,-1.5079982038514144
1772933869.507574,-4.377026547978046
1772933869.5236065,-4.04302093745896
1772933869.5236428,-2.0300827517637123
1772933869.5396917,-1.8343779167995462
1772933869.5718155,0.5683295235973967
1772933869.6001809,0.9283685848262142
1772933869.600205,0.9126441594579009
1772933869.6002145,0.76915675123023
1772933869.6481433,0.02777931555793282
1772933869.6642246,-0.12781647579899258
1772933869.664244,0.017489325726801893
1772933869.6882885,1.4810154553603976
1772933869.688307,1.5039171241800784
1772933869.7043588,1.2139912586737813
1772933869.7043965,1.1143772101372544
1772933869.760561,1.0475856365705185
1772933869.76058,1.9722967550062254
1772933869.7605894,2.0091618111720737
1772933869.7605977,0.8421881008483916
1772933869.8319197,2.077548659182307
1772933869.8319352,2.274366994090414
1772933869.8319411,2.68143932425824
1772933869.8641198,2.663597647554944
1772933869.9072237,2.9494672028831546
1772933869.9072444,3.044320624312331
1772933869.9072545,3.0282690935675896
1772933869.92327,2.863972621328678
1772933869.939293,2.0235052856006885
1772933870.3389823,0.4423707904604714
1772933870.339004,0.8433914131010273
1772933870.339017,1.4625008366123782
1772933870.339028,1.7077403274291358
1772933870.3390365,1.5934337209018772
1772933870.394312,0.6762374828272242
1772933870.3943367,-0.2530065762618682
1772933870.3943465,-0.19223703838536796
1772933870.3943543,0.9435601524172467
1772933870.4102576,-0.9778685469879455
1772933870.426288,-0.19849646262987472
1772933870.4745266,-1.5927574603208705
1772933870.4905908,-0.1375731490389851
1772933870.5388775,0.427391408710742
1772933870.5548503,0.5117425211866202
1772933870.5548701,0.5556807512799302
1772933870.5709124,0.5794927212570014
1772933870.594979,-0.42179314393110123
1772933870.594999,0.3513432576933825
1772933870.6583035,1.041532603439377
1772933870.6583314,1.4888997580904935
1772933870.658342,1.2482018465614424
1772933870.6583507,0.5881513864635629
1772933870.658359,0.24918947646085782
1772933870.6583672,0.8042564406591688
1772933870.6583757,2.045935826636332
1772933870.6833577,3.0394397835397102
1772933870.6833773,2.9165026303472095
1772933870.6994321,4.4286359917408715
1772933870.7154913,4.249818607599715
1772933870.731588,3.1612107260390077
1772933870.7476552,3.000689227051077
1772933870.795832,3.6909235251435155
1772933870.811938,2.2706725638307246
1772933870.8350024,3.991390503601113
1772933870.8350167,4.280718015615219
1772933870.8350227,3.3410480053791622
1772933870.8671124,1.4462006179553535
1772933870.8832393,1.62207639725637
1772933870.910314,1.295508561262875
1772933870.9103348,1.3855714758797737
1772933870.9103448,1.3991199800400191
1772933870.9786963,1.214582475098193
1772933870.9787276,0.717320150664127
1772933870.9787393,0.3593509032988753
1772933870.9787538,0.41945696503646324
1772933870.9787672,0.6814194699436391
1772933871.006707,1.717117503594055
1772933871.006729,1.5170380914258017
1772933871.0067396,0.6952001342489591
1772933871.049913,1.0171791626107964
1772933871.049928,0.14424177791039205
1772933871.049934,-0.6049420163898256
1772933871.0940514,-1.456841737457847
1772933871.0940723,-0.5156087709519577
1772933871.0940826,1.3318973455888516
1772933871.0940917,2.5361960591300745
1772933871.094101,1.8655259770376893
1772933871.0941093,-0.3567239862703639
1772933871.1613271,1.0573521698100656
1772933871.16135,0.4931901591799615
1772933871.1613617,-0.4737330715672304
1772933871.1613708,-1.8955115740572843
1772933871.1934893,1.0462891525142985
1772933871.2095633,0.31715527707241087
1772933871.2256105,2.1037299069280215
1772933871.2256346,0.1606274514931735
1772933871.2416744,-2.10281851078408
1772933871.2899036,-2.5857235070412026
1772933871.3059404,-2.4484305906828654
1772933871.3059652,-1.7111080843863051
1772933871.5539737,0.42831633872466807
1772933871.553995,0.7111166500724698
1772933871.5540042,0.07771238006662429
1772933872.1965928,0.8895519544898438
1772933872.2257357,1.330738620085817
1772933872.2257557,1.1860238247435066
1772933872.3081384,-0.3615589749238992
1772933872.308168,-0.5360228460740544
1772933872.3081796,-0.21886604233647905
1772933872.3081896,0.3778259040047931
1772933872.3081992,0.9304788005083308
1772933872.308208,1.3437966786816142
1772933872.3082173,1.7578549348116195
1772933872.3082256,2.194388748115589
1772933872.3082347,2.293769641573326
1772933872.3834288,0.43403854643651607
1772933872.3834517,-0.09254720857547523
1772933872.3834624,0.19220079344716307
1772933872.383474,0.8085000435797768
1772933872.3834848,0.9997420386712002
1772933872.3834937,0.4480928334751671
1772933872.383504,-0.5472604858071117
1772933872.3835127,-1.4977588907519872
1772933872.3835213,-2.1715914560699194
1772933872.4486382,-0.16826244462719603
1772933872.4486597,-0.17356023321275035
1772933872.4486704,-0.862270516185479
1772933872.4486797,-1.3164482895711749
1772933872.448688,-0.7553326859950806
1772933872.4486966,0.6175823257033416
1772933872.4487047,1.7994658628875613
1772933872.4647517,1.9302269876931601
1772933872.4968486,1.9250424323952877
1772933872.520942,1.6815711422482524
1772933872.5209613,1.2187925805033932
1772933872.5209713,0.90889799533551
1772933872.537006,0.431447462906889
1772933872.5530722,-0.4906857879933424
1772933872.631471,0.97525808574994
1772933872.6315024,0.6135920008375945
1772933872.6315181,0.008957000884216085
1772933872.6315336,-0.1664010316833626
1772933872.631544,0.37198734568388864
1772933872.631554,1.0741013561699428
1772933872.6315634,1.0727087934697215
1772933872.631572,0.18893715183185328
1772933872.6315804,-0.7294167402730216
1772933872.6315932,-0.6232553699518207
1772933872.631605,0.6515892878430166
1772933872.7237601,-1.704974741766474
1772933872.7237842,-2.584418474388819
1772933872.7237947,-2.875424635324217
1772933872.723804,-2.4164457260732752
1772933872.723812,-1.6761787901310365
1772933872.7238204,-1.2527022493697284
1772933872.7238288,-1.2254347796209641
1772933872.723837,-1.1290382538856607
1772933872.7238452,-0.5870324615082975
1772933872.7238533,0.16197340011870626
1772933872.7720752,0.5929741870407498
1772933872.800056,0.9179793059854405
1772933872.8000839,0.9097468125103241
1772933872.8000941,1.4434054774280483
1772933872.8001032,2.5584437349655866
1772933872.8392847,0.4862960856656718
1772933872.839311,-0.6154748371254432
1772933872.839321,-1.2017783554280137
1772933872.8844535,0.10238383144598322
1772933872.8844736,1.4590927660384059
1772933872.8844802,2.3743387008979733
1772933872.884486,2.4006184904238617
1772933872.8844917,1.731368863173592
1772933872.884498,0.8989935574626963
1772933872.8845031,0.36967491893243287
1772933872.9356604,0.5800990604258698
1772933872.9356847,0.08036282310843536
1772933872.9356976,-0.5263551303338682
1772933872.935709,-0.752553706611016
1772933872.935718,-0.3944611868606713
1772933872.999931,-0.6870048033849209
1772933873.0159693,0.12432040215728711
1772933873.0320365,0.38511214955937556
1772933873.0320632,0.11963639515520538
1772933873.0481255,0.17553676420827855
1772933873.1073709,-0.028721920197463446
1772933873.1073897,0.45999238504049367
1772933873.1073992,1.0307561401341445
1772933873.1074073,1.2111178687226267
1772933873.1074157,0.8551295207233559
1772933873.1074245,0.2091033550418092
1772933873.1314373,-0.388622632964745
1772933873.131464,-0.8009336683942072
1772933873.1314735,-1.0857739338799333
1772933873.147508,1.3276199135995166
1772933873.171612,1.6527562631433215
1772933873.1716316,0.8288549199446796
1772933873.1716416,-0.5297531031343847
1772933873.2077975,0.777195629244505
1772933873.2078197,1.215647249672737
1772933873.20783,1.1646183263479386
1772933873.2078395,0.40536328195081495
1772933873.207848,-0.6186601739748595
1772933873.2941332,2.34480551053298
1772933873.2941544,3.2709328507098316
1772933873.2941637,4.068884934984343
1772933873.294174,4.952734349492314
1772933873.294184,5.7913110184554135
1772933873.2941918,5.998515388686487
1772933873.2942016,5.144549542738451
1772933873.2942104,3.563004238909767
1772933873.2942183,2.131935043377365
1772933873.294226,1.4008780718677016
1772933873.3262324,1.467527339020275
1772933873.3764637,2.904948356820154
1772933873.376488,2.313223304918672
1772933873.376498,1.2394641240701478
1772933873.3765066,0.5686102837974375
1772933873.3765144,0.4816339187144903
1772933873.3765228,0.39793565312938967
1772933873.376531,-0.19329426211563902
1772933873.4538147,-1.357634533532846
1772933873.4538417,-1.4327028972632607
1772933873.4538517,-0.7370750215110161
1772933873.45386,-0.18925657691876996
1772933873.4538684,-0.34035348900567886
1772933873.4538765,-0.6589844688526236
1772933873.4538848,-0.24803043481247522
1772933873.453893,0.9522153532554708
1772933873.4539008,2.0209656780105636
1772933873.4539087,2.1227670838133856
1772933873.4539163,1.4171479364940804
1772933873.537128,2.0137230298910738
1772933873.537146,1.7259870618850475
1772933873.5371556,1.3832341179378085
1772933873.5371664,1.178235198043772
1772933873.5371764,1.2840949633840015
1772933873.5371847,1.600154760507865
1772933873.5371945,1.8252706648268195
1772933873.5372033,1.8727269439626058
1772933873.5372112,2.022308631303611
1772933873.5372193,2.4453372520188097
1772933873.537227,2.671703710767535
1772933873.5372345,1.8699561276223036
1772933873.6024444,-0.05761851483871999
1772933873.602464,-1.1382001979180736
1772933873.6024735,-0.5918732211005165
1772933873.6024823,1.0745907027638972
1772933873.6024904,2.166163457805568
1772933873.602498,1.4020003339679474
1772933873.6025057,-0.9056189541992831
1772933873.6185021,-3.3094882923089446
1772933873.6636443,1.0279378392394665
1772933873.6636612,2.4849167229891522
1772933873.6636684,1.5612819444335555
1772933873.696097,1.6439705956510202
1772933873.7119172,0.16775935066432135
1772933873.7349575,-0.27942318135765426
1772933873.7349792,0.9023082511277687
1772933873.7349892,2.66111042746583
1772933873.763092,3.9602067147354045
1772933873.7631116,4.376077536381767
1772933873.763121,3.8803972132267375
1772933873.7953176,3.762758604474998
1772933873.8113897,5.29073404735484
1772933873.8343985,5.713550496796122
1772933873.8344264,5.675685666346923
1772933873.8344393,4.944051466257204
1772933873.8344488,3.493400025591354
1772933873.8574483,5.422174918285422
1772933873.8574712,5.157580099258543
1772933873.8574817,3.8102112592477257
1772933873.9257667,4.979297131364621
1772933873.9257967,4.802665535162277
1772933873.9258072,4.608327988103461
1772933873.9258163,4.659099146661846
1772933873.925825,4.979508503747491
1772933873.9258332,5.006424277193735
1772933873.925842,3.9866277029035633
1772933873.9418273,1.9140355402256408
1772933873.9578905,2.695588054348916
1772933873.973918,2.1842278686108076
1772933873.9899888,1.7092908459101257
1772933874.0181043,2.4298109318523426
1772933874.0181322,2.6285470211320536
1772933874.0181425,2.7620223575572296
1772933874.018152,2.5719247863933754
1772933874.0342393,1.6039377810833721
1772933874.0503194,1.0204690726485661
1772933874.0904229,1.689676578639491
1772933874.090444,0.5810706686827501
1772933874.090454,0.44677652367498
1772933874.0904632,1.5905642868838845
1772933874.0904744,2.8084137126526367
1772933874.1064785,2.5448899486959817
1772933874.1065092,0.6013319349876975
1772933874.1819246,1.5183766936672527
1772933874.1820116,1.4861448344269543
1772933874.1820242,1.3671007101015336
1772933874.182031,0.830854081113183
1772933874.1820629,0.3888204772312927
1772933874.1820853,0.933660499988752
1772933874.1820986,2.517124801495615
1772933874.1821084,3.9689577197601995
1772933874.182119,4.029017898772964
1772933874.1821296,2.7418688140793623
1772933874.2340305,5.458181807118546
1772933874.2340517,6.287159598705377
1772933874.2340617,6.027327256854543
1772933874.2340703,4.371890325361106
1772933874.2340784,2.247550939084686
1772933874.250122,1.0281963616751943
1772933874.2821555,1.0382490091068013
1772933874.3415208,1.9999142004975443
1772933874.3415508,2.6885263200398564
1772933874.3415637,2.778645536200719
1772933874.3415737,2.4768845294560573
1772933874.3415828,2.2322043122822843
1772933874.3415923,2.256932490876061
1772933874.341601,2.4398118928774393
1772933874.3416097,2.5060274586416202
1772933874.3416183,2.1377244208429276
1772933874.405708,2.6045035668871344
1772933874.4217582,1.8936952252329737
1772933874.4217787,0.2997257256025896
1772933874.4699643,1.1839174101655143
1772933874.486069,1.6070907147463562
1772933874.502128,2.0368906167375633
1772933874.5021613,1.6469093096667067
1772933874.518148,1.800169202314119
1772933874.5181727,-0.1946085397557738
1772933874.5975263,1.4713960356936768
1772933874.5975535,3.5347226606722035
1772933874.5975623,5.706706083427424
1772933874.5975692,6.2772932580106096
1772933874.5975752,4.8546599000113
1772933874.597581,2.564911017617537
1772933874.6416843,3.808131710153798
1772933874.6417117,3.363617648513596
1772933874.64172,1.4324606685264585
1772933874.6697736,2.303895896080651
1772933874.6697948,0.27548798660297596
1772933874.7250571,0.9232831766679297
1772933874.7250876,1.0969991406193174
1772933874.725099,1.5017692894053394
1772933874.7251089,1.133165741393204
1772933874.7251203,-0.4175079375279813
1772933874.7621877,3.649762371435519
1772933874.7622087,4.217238359684299
1772933874.762218,3.4054511089255124
1772933874.7622263,1.6546789499207937
1772933874.7783308,0.02373674872623326
1772933874.813362,2.1137161934990383
1772933874.813382,3.1323187203365253
1772933874.8133953,2.7034874175530024
1772933874.8134046,0.7339364220392429
1772933874.8375423,1.5494390397301103
1772933874.8375728,1.3966319088880157
1772933874.8375845,0.5454543493613624
1772933874.880721,2.265077141157707
1772933874.8807468,1.8960411317335006
1772933874.880756,1.3961766971419247
1772933874.8807645,1.1438877813598647
1772933874.8807712,0.8440172393026605
1772933874.924867,1.695758069333368
1772933874.9249144,1.8077834486660553
1772933874.9249299,2.0998662132275796
1772933874.9249399,2.584750394554698
1772933874.9249487,2.67902199411425
1772933874.924957,1.7409432432075562
1772933874.9409451,-0.15695618830277067
1772933874.965006,0.623417823030569
1772933874.9650218,1.1329653777518243
1772933874.9650292,1.0622569199502263
1772933874.9971907,-0.15621285623520817
1772933875.076532,3.199899109041878
1772933875.0765607,4.336704395092303
1772933875.076571,3.873934146970824
1772933875.0765798,1.8753924028892015
1772933875.076588,-0.28190481621303765
1772933875.0765986,-1.085447837203169
1772933875.0766098,-0.35591786190720714
1772933875.0926056,1.824222811910186
1772933875.1253855,1.388215220505289
1772933875.1408124,2.7781800573446795
1772933875.1568716,1.1263641932654755
1772933875.1879957,2.1273468358768337
1772933875.1880336,2.5324033543983187
1772933875.1880453,1.9143290219521203
1772933875.1880543,-0.01798641386654964
1772933875.2361548,2.731957064548505
1772933875.2361827,2.8367665254127363
1772933875.2522824,1.788250265316609
1772933875.319456,0.4933445544780454
1772933875.319476,-0.408788290331833
1772933875.3194857,-0.4918421763091192
1772933875.3194945,-0.2333255540323878
1772933875.3195024,-0.25295840184361285
1772933875.3195107,-0.4971637933830358
1772933875.3195186,-0.3937913062702356
1772933875.319527,0.16843566591146078
1772933875.3445387,0.3501115360872557
1772933875.3445587,-0.8174275563757062
1772933875.360695,-1.268483749031839
1772933875.4128711,0.8870450933767361
1772933875.4128933,2.410983814092677
1772933875.4129095,3.832419890000756
1772933875.412923,3.5529507332586983
1772933875.412937,1.1599373638497152
1772933875.456081,-0.13772416801873857
1772933875.456102,-1.4028940792295963
1772933875.4561107,-1.3955035304670924
1772933875.5001872,-1.0861815224856375
1772933875.5002177,0.01633104190354561
1772933875.5002267,1.1949594562581145
1772933875.5002348,1.8559769818710887
1772933875.5002434,1.4322522569430443
1772933875.5002508,-0.054925730915163284
1772933875.5483885,0.8131820478748739
1772933875.5644548,-0.050886655254863175
1772933875.5805633,0.7542610642738955
1772933875.5966666,-0.0978671558716494
1772933875.65897,0.11657948559278566
1772933875.658991,-0.13887854374060407
1772933875.659001,-0.5519071343495111
1772933875.6590102,-1.0852624182222848
1772933875.6590185,-1.516448585834081
1772933875.6590269,-1.509655219674562
1772933875.6590347,-0.8348605221176059
1772933875.6590428,0.31985373836594755
1772933875.6590507,1.2223257500372247
1772933875.6590588,0.9796198314767
1772933875.7433646,4.557125135002701
1772933875.7433944,5.091851291180794
1772933875.7434044,3.8576800582785227
1772933875.7434144,2.056963145065057
1772933875.7434232,1.2235806894181054
1772933875.743432,1.6187707338214
1772933875.743444,2.023115552726033
1772933875.7434547,1.1387745908211508
1772933875.7434635,-1.00047935242791
1772933875.7843974,1.154847187376716
1772933875.7844205,0.11853227664431534
1772933875.8105192,1.69183628491894
1772933875.8105583,1.1868887279168505
1772933875.8105717,1.256526933293752
1772933875.8105829,1.818267583973505
1772933875.8335776,1.7497599124492986
1772933875.8336031,0.17031941924757632
1772933875.9119473,2.7026238683294412
1772933875.9119892,3.662533133199132
1772933875.9120028,3.9975415886833128
1772933875.9120135,3.41760519619759
1772933875.9120235,2.3843063464289367
1772933875.9120336,1.8650741368876176
1772933875.9120457,2.4230885049945368
1772933875.9120553,3.5274679259747797
1772933875.942024,1.9493852462515122
1772933875.9420445,0.7938222299406849
1772933875.9420536,-0.47776129617448
1772933875.987238,-0.635141129683786
1772933875.9872575,-0.01433380959915627
1772933875.9872668,0.7172976825788429
1772933875.9872756,0.9548503850809671
1772933875.9872842,0.6352361346195801
1772933875.9872923,0.029342468264238676
1772933875.9873004,-0.7164602879256868
1772933876.019344,-1.6681261444313469
1772933876.0354283,-2.797577074061167
1772933876.1549025,-1.8966466096457661
1772933876.1549363,-1.5939688629257536
1772933876.1549482,-1.6423101953139745
1772933876.154957,-1.9261875567972628
1772933876.1549652,-1.9936213112201389
1772933876.154974,-1.662263300717967
1772933876.154982,-1.3474748618843988
1772933876.15499,-1.6000486307487534
1772933876.154998,-2.309559496684111
1772933876.1550064,-2.58793610955678
1772933876.1550145,-1.6593929333159545
1772933876.1550229,0.16780578754156147
1772933876.1550307,1.639132017841601
1772933876.1550388,1.7851603262817775
1772933876.1550467,0.8988419469441596
1772933876.1550553,0.11676695899393622
1772933876.1550632,0.0804471256454076
1772933876.1550713,0.27135587192666116
1772933876.155079,-0.1842902168241375
1772933876.1550872,-1.256845862041279
1772933876.155095,-1.9222217719093497
1772933876.222192,1.209436207333795
1772933876.2222085,1.3621111686561282
1772933876.2222157,0.5279531697181765
1772933876.2222219,-0.6821723826864318
1772933876.222228,-1.413062759875587
1772933876.2222342,-1.3359447901188133
1772933876.2222419,-0.8822588105202014
1772933876.2222495,-0.7981571770608916
1772933876.222256,-1.4919918088838102
1772933876.222263,-2.708006940722662
1772933876.271402,2.0513155213105696
1772933876.2714248,4.679856577992063
1772933876.271434,5.990933183332864
1772933876.2714422,5.198892625345718
1772933876.27145,2.633332074270286
1772933876.2994757,5.440709370256054
1772933876.299495,2.7141014149880514
1772933876.3898864,2.8117443801889013
1772933876.3899064,2.696347697806734
1772933876.389916,4.000780625679517
1772933876.3899243,5.6631042824376605
1772933876.389933,5.943365782184546
1772933876.3899407,4.251714407746647
1772933876.3899484,1.9841014127116847
1772933876.3899562,1.3050616709286906
1772933876.389964,3.0672476472680876
1772933876.3899715,6.009392887216924
1772933876.3899796,7.964981698801841
1772933876.3899877,7.725040835626108
1772933876.4059508,5.750242620783831
1772933876.4721923,8.516872015016697
1772933876.4722123,9.45037250283826
1772933876.47222,9.892599685214455
1772933876.4722264,9.361270921950199
1772933876.4722376,8.194564339067103
1772933876.4722471,7.2564323003092674
1772933876.4722571,7.178215594790674
1772933876.4722655,7.80613065117562
1772933876.472275,8.240744475965386
1772933876.4722836,7.435493322279451
1772933876.488444,4.997550358267446
1772933876.5505717,6.911163314182633
1772933876.550588,6.998650967401837
1772933876.550594,6.991727873207985
1772933876.5505996,6.499347149949326
1772933876.5506048,5.3280201352564225
1772933876.5506098,3.8846696057990058
1772933876.5506146,3.0511492968901712
1772933876.5506196,3.3665817355918364
1772933876.5506244,4.262282303577149
1772933876.550629,4.347658873552504
1772933876.550634,2.723333913555987
1772933876.5826592,3.9198308284450727
1772933876.6168575,5.505396721677896
1772933876.6168816,3.488435794705758
1772933876.6168911,2.743800334721076
1772933876.6168995,4.342756365586087
1772933876.6169076,6.829953215942593
1772933876.6169157,7.465670039951994
1772933876.6328902,4.92409452745755
1772933876.672073,7.039237106738118
1772933876.6721,5.585554915929736
1772933876.6721103,3.657366769267928
1772933876.6721196,1.7777421028979803
1772933876.7112403,2.8341889689145554
1772933876.7112753,2.7879298036333005
1772933876.7112873,2.6933843463871834
1772933876.7113013,2.3483132716277595
1772933876.7113123,1.5371184390880945
1772933876.7975328,3.0439924951011603
1772933876.7975583,3.1683952553714043
1772933876.7975683,2.460444495228904
1772933876.7975776,1.735865790688379
1772933876.7975857,1.9133344503547842
1772933876.797594,2.837460786227981
1772933876.7976024,3.272229938035849
1772933876.7976108,2.190666539005716
1772933876.7976189,-0.04546796408637999
1772933876.8578825,0.056699637271058353
1772933876.8579018,-0.46940020429467316
1772933876.857911,-0.6674256980563319
1772933876.8808925,1.138828178269711
1772933876.8809152,1.674044626643746
1772933876.8809233,0.6056041025276768
1772933876.955217,0.6538466492496391
1772933876.9552476,-0.3397282887247618
1772933876.9552581,-1.2513988050789508
1772933876.955268,-1.594367840291571
1772933876.9553084,-1.1592729513676319
1772933876.9553273,-0.2328612939724528
1772933876.9553382,0.6041624501227633
1772933876.9553473,0.9879247028739944
1772933876.955356,1.0440222204346419
1772933876.987357,1.096172657683306
1772933877.0375483,0.7690851652180586
1772933877.037575,-0.18966357520171367
1772933877.0375876,-1.3940871223097697
1772933877.0375972,-2.169578134694629
1772933877.0376053,-2.0500611164031115
1772933877.037613,-1.3377104754714915
1772933877.0696886,-0.747761123870295
1772933877.113862,0.099530608410345
1772933877.1138852,-0.5391531469555331
1772933877.113897,-0.9193497165000224
1772933877.113906,-0.445988738747607
1772933877.1139145,0.4942542955057982
1772933877.1139228,1.0159912669167206
1772933877.2002025,-0.9394915702692213
1772933877.2002249,-1.0224493078072279
1772933877.200231,0.07258741260147383
1772933877.200238,1.328257499153332
1772933877.200244,1.5899722358306647
1772933877.20025,0.851920758340473
1772933877.200255,0.050866351565767784
1772933877.20026,-0.22438673056054775
1772933877.2002652,-0.3661235297759759
1772933877.20027,-0.9813028964188922
1772933877.2453997,-0.7708875106539071
1772933877.245419,-0.9235505908493558
1772933877.245428,-0.09835106603769692
1772933877.2674854,1.2649114536414405
1772933877.2675052,1.9747014692247158
1772933877.2675135,1.3854277169694464
1772933877.2675204,0.041418029797485705
1772933877.2945597,-1.8152773702361285
1772933877.2945862,-2.1121784743618752
1772933877.3106525,-1.6743826964771913
1772933877.3337474,-1.4427902716573207
1772933877.3337688,-0.7825575720904094
1772933877.3337784,-0.43055215387208934
1772933877.3498108,-0.8538651956963876
1772933877.418146,1.7037454581751226
1772933877.4181697,1.6730208368076565
1772933877.4181807,1.155786819723553
1772933877.4181898,0.9554328487985823
1772933877.418198,1.19523403860951
1772933877.4462123,0.32750044038430565
1772933877.4462326,0.42741632628970183
1772933877.4462423,-0.5470199086801513
1772933877.541586,-0.040972414551434896
1772933877.541613,-0.5107953765990858
1772933877.5416229,-0.8760094600765376
1772933877.5416317,-0.8716171700664995
1772933877.5416396,-0.34923698438087103
1772933877.5416481,0.4917693941501021
1772933877.5416565,1.0729544199807206
1772933877.5416648,0.8687645627698454
1772933877.5416732,-0.03206679399978043
1772933877.6129308,1.3827800756911537
1772933877.6129644,0.9815546296081993
1772933877.6129756,0.7213321081067138
1772933877.6129894,0.622411233645516
1772933877.6130023,0.38124274984686257
1772933877.613012,-0.14354068464868625
1772933877.6130235,-0.6783519819969267
1772933877.613034,-0.8823564352598232
1772933877.6130424,-0.8471121074566536
1772933877.6130512,-1.0663248098150047
1772933877.61306,-1.8625621294338057
1772933877.6610804,-1.5228978059989065
1772933877.6892104,0.16913298201386714
1772933877.6892312,1.095303121334593
1772933877.6892416,1.3063160969747043
1772933877.7052822,0.5388946405958678
1772933877.7373977,-0.14942136922276314
1772933877.785586,-0.689435292981997
1772933877.7856057,-0.6389638792673801
1772933877.7856152,-0.004553562138253767
1772933877.7856236,0.34293598677572096
1772933877.785632,-0.3676354589652732
1772933877.78564,-2.0164856136026343
1772933877.8528807,-0.18484104335352733
1772933877.8529017,-0.4869507841008756
1772933877.8529117,-1.2488101893736725
1772933877.8529212,-1.887088514482466
1772933877.8529303,-1.8284319910492997
1772933877.8529391,-1.2017502868725278
1772933877.8529477,-0.7669248074014695
1772933877.9010632,0.7565469224505155
1772933877.9171233,0.07390063027488486
1772933877.9331737,1.1953406699319917
1772933878.0276117,3.7385058307178105
1772933878.0276425,3.0852247288776713
1772933878.0276575,2.2624287114910038
1772933878.0276685,2.007928463753026
1772933878.0276928,2.3136926028932643
1772933878.027701,2.570605556005491
1772933878.0277088,2.372291586158643
1772933878.0277164,2.0267525664121675
1772933878.0277245,2.1700344714351067
1772933878.0277321,2.939428580474316
1772933878.02774,3.6786156050984857
1772933878.0277476,3.525346582873028
1772933878.1079679,2.4448011654315596
1772933878.1079965,1.6299494308192672
1772933878.1080067,1.2021324430861782
1772933878.1080158,1.201596923185263
1772933878.1080248,1.5244393473722604
1772933878.1080332,2.138400064676456
1772933878.108041,2.934930163841955
1772933878.108049,3.5069908805912746
1772933878.108058,3.312693404398268
1772933878.108066,2.1532793659632206
1772933878.1080742,0.41764267198885274
1772933878.1239722,-73297.05169159811
1772933878.149093,-54964.21165763769
1772933878.1491086,-15813.192203558825
1772933878.1491148,12747.942432736978
1772933878.165144,14364.195299569865
1772933878.188318,1.7467521669520165
1772933878.1883454,-8719.582057345055
1772933878.188355,-3557.5578399863216
1772933878.1883657,5597.869661354192
1772933878.2635567,6647.533861048867
1772933878.2635767,5.008646940857803
1772933878.2635863,-4499.188198752178
1772933878.2635949,-1505.097183695788
1772933878.2636027,3942.774066161304
1772933878.2636106,4430.070924818741
1772933878.2636185,1.5792782288425409
1772933878.263626,-2913.0337523398985
1772933878.2636335,-660.4885108363161
1772933878.2796628,3196.4131150148232
1772933878.2956977,3369.6089109737186
1772933878.311724,-1.6524546527055732
1772933878.3368638,-2076.7262444403573
1772933878.3368835,-197.37475694999844
1772933878.3368936,2769.210252248809
1772933878.3529146,2744.0648170663603
1772933878.3961608,-1.5921840486383667
1772933878.3961833,-1552.1376525168394
1772933878.4212308,102.75930544720043
1772933878.4212515,2495.8323020490625
1772933878.421261,2329.872742446808
1772933878.437319,-3.021438424373513
1772933878.4854543,-1194.0033904901327
1772933878.5165932,311.9437341731945
1772933878.5166135,2302.8133756416514
1772933878.5166252,2034.902786982055
1772933878.5487287,-2.8468987564114747
1772933878.5838597,-929.1830056240582
1772933878.5838897,466.73046353549523
1772933878.5839012,2159.0280509149943
1772933878.5839105,1814.0967841865165
1772933878.5839188,0.5039567439275424
1772933878.583927,-725.8683334192727
1772933878.6089833,586.6029982823512
1772933878.6090045,2043.978790219936
1772933878.6250625,1636.274600695989
1772933878.6411505,0.18239612244806153
1772933878.65722,-16374.332560681258
1772933878.673294,-54280.96372160959
1772933878.673336,-71347.54083750573
1772933878.6893299,-181733.13266740317
1772933878.7054017,-144074.43919587316
1772933878.9785051,-131754.21679533843
1772933879.327979,-42903.224581446455
1772933879.3280084,13169.678375705485
1772933879.32802,19756.366828207963
1772933879.3280296,2077.895570514404
1772933879.3280392,-7001.376555963252
1772933879.36707,786.3074894551654
1772933879.367086,10484.828527213383
1772933879.367092,8999.647856762853
1772933879.3912177,627.3151463127782
1772933879.391238,-2292.606348499486
1772933879.3912473,3242.844301761708
1772933879.4072669,8608.230189231572
1772933879.4072905,6629.943543292781
1772933879.439392,853.9086024945528
1772933879.4675436,-507.04970926521275
1772933879.4675703,3937.0963421555693
1772933879.4675796,7609.166649546789
1772933879.4915798,5590.747639608561
1772933879.4916,1101.8044676942382
1772933879.530766,452.32396979412016
1772933879.5307825,4244.373228295984
1772933879.5307882,6987.745622388172
1772933879.5468433,4998.491137391429
1772933879.5468905,1302.1225708890966
1772933879.562858,1069.177723530896
1772933879.6503005,4416.916339063741
1772933879.65033,6553.5474053222615
1772933879.6503413,4603.324503754692
1772933879.65035,1455.333052501883
1772933879.6503584,1501.774100750007
1772933879.650367,4529.92701496679
1772933879.6503756,6230.898672757676
1772933879.6503844,4314.922617530354
1772933879.6503923,1578.042908764383
1772933879.7225895,1835.4536169054682
1772933879.7226093,4616.806757647195
1772933879.7226188,5982.016360211996
1772933879.7226267,4091.96661589379
1772933879.722635,1675.2688238049848
1772933879.7386715,2095.5172945911
1772933879.7387147,4680.047624250222
1772933879.8099723,5777.963698467527
1772933879.8099978,3912.298742795804
1772933879.8100135,1758.0907254185313
1772933879.8100247,2313.240616061337
1772933879.8100333,4731.862846612083
1772933879.8100414,5604.123367656564
1772933879.810049,3757.4193004197477
1772933879.8100576,1826.7452517114393
1772933879.8100655,2499.511344896544
1772933879.886294,4780.1074536774895
1772933879.8863304,5459.941369033159
1772933879.8863423,3629.34310949274
1772933879.8863544,1891.1034464150066
1772933879.8863635,2663.932627394594
1772933879.886372,4820.024279650731
1772933879.886381,5326.875538086573
1772933879.9023547,3508.6475618809027
1772933879.9344769,1942.319268192877
1772933879.985675,2807.9762005093826
1772933879.9856987,4856.927996175427
1772933879.9857078,5209.20944509966
1772933879.9857163,3399.194656084048
1772933879.9857244,1986.8956756723903
1772933879.985732,2939.6089954041804
1772933879.9857407,4894.451623188317
1772933879.9857488,5107.875565185668
1772933880.030792,3306.572971068313
1772933880.030809,2032.5721472986957
1772933880.0569496,3060.8087411984984
1772933880.0569768,4925.263751266131
1772933880.0569873,5007.730737057376
1772933880.0569987,3211.2966023030713
1772933880.0890887,2070.1645389648197
1772933880.134269,3175.6868339586867
1772933880.1342916,4957.6348674588035
1772933880.134302,4916.050371774104
1772933880.1503255,3124.589513334722
1772933880.1663835,2105.277013642845
1772933880.1824508,3279.070550545933
1772933880.238692,4984.974550387918
1772933880.23873,4827.509782443644
1772933880.2387428,3040.36476074496
1772933880.2387521,2139.991956290191
1772933880.2387629,3384.5397594827014
1772933880.254751,5017.150094100579
1772933880.2708368,4749.848828414943
1772933880.286856,2964.462479437992
1772933880.286881,2174.66976043838
1772933880.318957,3486.191181192624
1772933880.3189728,5048.316582257244
1772933880.3189795,4666.537804050548
1772933880.3189847,2881.478820326834
1772933880.3350525,2203.248306398798
1772933880.3623068,3586.453827881967
1772933880.3623269,5081.225623403668
1772933880.3623366,4587.617377491934
1772933880.4304905,-46917.35686143134
1772933880.4305327,-119275.63134950695
1772933880.4305427,-168286.86407275713
1772933880.43055,-182669.16150016862
1772933880.4305587,-177164.27909911485
1772933880.4305658,-170186.69353963344
1772933880.430572,-167089.4837242872
1772933880.430578,-165572.0946316458
1772933880.4305837,-167766.08737558807
1772933880.4305892,-177241.84782928653
1772933880.4305952,-185138.18718947296
1772933880.4306004,-169679.26725002
1772933880.430606,-117632.1386536984
1772933880.4867136,-166049.48614797872
1772933880.4867651,-158427.2405030021
1772933880.486773,-155795.61654437185
1772933880.4867797,-162682.78936989195
1772933880.4867868,-169531.62378277612
1772933880.4867933,-165397.43441313488
1772933880.4867992,-154415.10141175098
1772933880.4868047,-152847.1862856679
1772933880.4868104,-167340.4667854613
1772933880.4868164,-180423.2627056833
1772933880.4868224,-163634.594300935
1772933880.486828,-106954.04437165384
1772933880.548966,-154225.24233141594
1772933880.5489876,-149734.13589051474
1772933880.5489984,-149463.7417282187
1772933880.5490077,-154901.4401483734
1772933880.549016,-159182.73903329033
1772933880.5490265,-155110.52521304035
1772933880.5490372,-146279.2105644714
1772933880.5490456,-145561.44390594368
1772933880.5490558,-158581.11597274404
1772933880.5490649,-170343.92859270662
1772933880.549073,-154327.82332036714
1772933880.565008,-99123.96058883159
1772933880.594136,-168821.6972167238
1772933880.5941632,-151585.95078167957
1772933880.5941727,-95929.47725860933
1772933880.6363523,-146314.30147179405
1772933880.6363783,-151529.29209999467
1772933880.6363888,-146582.5774457249
1772933880.6363978,-136396.66856120492
1772933880.6364064,-135978.80842032615
1772933880.6364157,-150576.52825778147
1772933880.636424,-162788.62228298336
1772933880.652357,-145305.71328366952
1772933880.6523824,-88865.78842381459
1772933880.7316988,-134499.08748352397
1772933880.7317193,-138843.80396071117
1772933880.7317297,-136626.0485494196
1772933880.731739,-130179.84499172593
1772933880.7317472,-128716.51050943346
1772933880.731756,-135496.95826062476
1772933880.7317646,-141653.64735620035
1772933880.731773,-137190.8541027982
1772933880.7317812,-126252.51158574288
1772933880.7317894,-124824.55395512446
1772933880.7318,-139629.10023666715
1772933880.731811,-153085.2316733247
1772933880.7318196,-136141.93320318306
1772933880.73183,-78668.64539597115
1772933880.9104836,-108151.95861073691
1772933880.910529,-109672.0686488147
1772933880.9105403,-112756.992842333
1772933880.9105492,-112998.56126703993
1772933880.9105575,-109862.2540490638
1772933880.9105656,-107711.28650251088
1772933880.9105735,-109759.18007550029
1772933880.9105816,-113301.02310038394
1772933880.9105892,-113253.26242728422
1772933880.9105968,-109415.67436135087
1772933880.9106045,-107132.85168455463
1772933880.910612,-109895.91569154784
1772933880.9106195,-114060.38546173328
1772933880.9106274,-113583.06191568477
1772933880.910635,-108719.489896213
1772933880.9106424,-106285.60583428614
1772933880.91065,-110234.82847731943
1772933880.9106572,-115372.91525992287
1772933880.9106648,-113917.80254183091
1772933880.910672,-106995.13122252283
1772933880.9106793,-104750.42244675437
1772933880.9106865,-112601.7835723033
1772933880.9106944,-120361.95858019013
1772933880.910702,-109652.25496094587
1772933880.9107096,-73162.02350616503
1772933880.9107206,-24256.737556940196
1772933880.910731,13392.8721538011
1772933880.910739,23495.663521141665
1772933880.9107485,3917.7164946051053
1772933880.9107573,-38577.02578981995
1772933880.9107652,-92151.09869295637
1772933880.9107728,-136883.15467029007
1772933880.91078,-146852.98468292566
1772933880.910787,-107346.93035892874
1772933880.9107945,-34187.848328435735
1772933880.9616363,-111432.58528374437
1772933880.9616573,-113464.83553394802
1772933880.9616668,-101780.92464596531
1772933880.9616752,-94893.79015131995
1772933880.9616828,-106834.89120569083
1772933880.9616904,-122963.97597531427
1772933880.9616983,-110217.99236718926
1772933880.961706,-53188.2046475639
1772933880.9937596,-48344.452634067165
1772933881.0531356,-102316.65630957305
1772933881.053191,-100996.61592281163
1772933881.0532036,-94448.4310752367
1772933881.0532138,-92713.82619039428
1772933881.0532253,-103028.98232894266
1772933881.0532331,-113983.49303790853
1772933881.0532403,-99944.46877553622
1772933881.0532467,-46790.779032776816
1772933881.0851588,-100153.90902227288
1772933881.1012259,-41448.864155082265
1772933881.1263478,-110496.99802243958
1772933881.1263728,-96309.60144403389
1772933881.1263828,-43056.47881033766
1772933881.3091223,-75826.1858453557
1772933881.3091707,-32314.148951977157
1772933881.309183,8328.027596741804
1772933881.3091922,21691.668664955214
1772933881.3092008,3642.2404898388236
1772933881.3092093,-31821.412092105016
1772933881.3092177,-68102.22030543888
1772933881.309225,-94669.44203420787
1772933881.3092325,-103767.09069592637
1772933881.30924,-89052.28717260975
1772933881.3092475,-54911.43019705551
1772933881.3092551,-23156.28767987123
1772933881.3092628,-18843.023171351702
1772933881.3092704,-42431.057964786785
1772933881.309278,-60763.68989801623
1772933881.309286,-36236.89135014707
1772933881.3092935,30532.673971242824
1772933881.309301,92437.11590099536
1772933881.309308,97791.58818408448
1772933881.3093157,41652.04823663098
1772933881.3093228,-29344.503823145846
1772933881.3093302,-65589.46654980669
1772933881.3093379,-63499.546581065995
1772933881.3093455,-60601.065359666165
1772933881.309353,-83793.97845613325
1772933881.3093605,-111978.93398452929
1772933881.3093703,-97799.59032836083
1772933881.309379,-24563.088865446793
1772933881.3093865,67178.47441423238
1772933881.3093953,115358.09018700993
1772933881.309404,96611.26220114963
1772933881.3094113,46667.14098016998
1772933881.3094192,21564.761208715616
1772933881.3321767,-100418.79757134058
1772933881.3322008,-95424.14712375001
1772933881.3322108,-28858.316600934646
1772933881.385403,-66705.96082500226
1772933881.3854253,-62580.169190315595
1772933881.3854337,-68077.01199169402
1772933881.38544,-76701.23264736717
1772933881.3854463,-78952.81856345035
1772933881.3854527,-71207.01903142863
1772933881.3854592,-61526.02753610034
1772933881.385465,-63237.29307746573
1772933881.3854709,-78620.40345607018
1772933881.3854764,-89856.13802631684
1772933881.4014928,-71366.02180639897
1772933881.4015293,-14995.232180951582
1772933881.4677427,-59152.7722536944
1772933881.4677625,-66467.3295986577
1772933881.4677715,-71266.5064880737
1772933881.4677808,-65672.28536861368
1772933881.4677887,-55363.68463397725
1772933881.4677963,-55230.86191299865
1772933881.4678037,-70077.33430706442
1772933881.467814,-82378.03183190599
1772933881.4678242,-64875.30644321376
1772933881.4678316,-8241.209328047455
1772933881.532003,65514.41300154901
1772933881.7167916,-23961.531055658394
1772933881.7168314,-47052.52893574024
1772933881.7168448,-19171.70901320093
1772933881.7950883,-60419.18576922426
1772933881.7951028,-49820.205146932574
1772933881.795109,-45327.11680191502
1772933881.7951145,-48865.51345466158
1772933881.7951193,-52181.40167859474
1772933881.7951243,-51474.96026785208
1772933881.7951293,-50665.25362585483
1772933881.795134,-51996.805101031714
1772933881.7951388,-51421.314176173255
1772933881.7951438,-46915.430713781534
1772933881.7951486,-45612.52094712714
1772933881.7951534,-54622.51784075354
1772933881.795158,-64668.26852895874
1772933881.7951632,-51191.702181679524
1772933881.8111608,1069.6380632196292
1772933881.8565044,-47611.83127637185
1772933881.8565643,-48811.807326896254
1772933881.8565772,-43381.79235846509
1772933881.8565884,-36719.97397483035
1772933881.8565989,-38592.79497094734
1772933881.8566103,-51025.15535279942
1772933881.856622,-59900.976094364494
1772933881.8566391,-42751.688955542035
1772933881.8566568,10268.17211407015
1772933881.8794887,-61859.338282449855
1772933881.8795385,-43889.19523900124
1772933881.8795505,14639.256835112448
1772933882.0221467,-25039.69086823391
1772933882.0222335,-26775.069043472926
1772933882.02225,-25691.323459806943
1772933882.0222597,-23310.074331855125
1772933882.022269,-23291.685092763753
1772933882.0222788,-25872.543046947914
1772933882.0222874,-27203.156021428895
1772933882.0222976,-25015.854084391653
1772933882.022307,-22385.930221694118
1772933882.0223153,-23501.4194235305
1772933882.0223255,-27126.89347693267
1772933882.0223336,-27755.643485893113
1772933882.0223432,-23776.434099067217
1772933882.0223515,-20840.654003767133
1772933882.0223608,-24155.46243101099
1772933882.0223703,-29756.662129218686
1772933882.0223792,-28594.797495891897
1772933882.0223892,-20239.34316683627
1772933882.0223985,-16890.94614121112
1772933882.0224085,-27797.041814639408
1772933882.0224183,-40931.54940282233
1772933882.022427,-27950.569967112042
1772933882.022437,26775.853750659262
1772933882.0380988,30739.020917449707
1772933882.0953643,-13714.781340388341
1772933882.0953932,-10128.245952812254
1772933882.0954044,-13719.220308267244
1772933882.0954163,-20492.890775956315
1772933882.0954268,-21083.68797089972
1772933882.0954356,-13137.48707781962
1772933882.095445,-6232.671703901261
1772933882.0954535,-11339.558679887668
1772933882.095462,-25742.445146244125
1772933882.0954704,-31287.88843967004
1772933882.0954788,-9527.464070135522
1772933882.1114602,41532.616807425584
1772933882.3544152,-11386.325018031728
1772933882.354462,-11349.366131610166
1772933882.3544905,-10812.661044503342
1772933882.3545148,-10548.580817440004
1772933882.3545258,-10922.024654016182
1772933882.3545392,-11387.34328096147
1772933882.354548,-11284.416439128432
1772933882.3545573,-10774.155756231812
1772933882.3545656,-10589.03818284591
1772933882.3545744,-10982.626611216883
1772933882.3545828,-11383.200596557783
1772933882.3545911,-11223.283106332034
1772933882.3545995,-10742.847091026984
1772933882.3546076,-10630.35178063283
1772933882.3546157,-11036.964443654104
1772933882.3546238,-11374.351383604353
1772933882.3546317,-11165.165834295824
1772933882.3546424,-10717.911814554305
1772933882.3546524,-10672.779430233333
1772933882.3546607,-11085.885797930709
1772933882.3546717,-11361.011027664232
1772933882.3546808,-11109.443883666907
1772933882.354689,-10698.855184256137
1772933882.3546968,-10716.612148318562
1772933882.3547049,-11129.952176510635
1772933882.3547127,-11343.188472805616
1772933882.3547208,-11055.640497109333
1772933882.3547287,-10685.468408723853
1772933882.3547363,-10762.179662601962
1772933882.3547444,-11169.471635748905
1772933882.3547523,-11320.696478060507
1772933882.35476,-11003.406314932385
1772933882.3547678,-10677.818291120284
1772933882.354776,-10809.857316114536
1772933882.3547835,-11204.50142582302
1772933882.354792,-11293.142243025519
1772933882.3547997,-10952.520558112272
1772933882.3548076,-10676.26753650809
1772933882.3548157,-10860.07374657587
1772933882.3548236,-11234.819291753342
1772933882.3548317,-11259.897694905432
1772933882.3548396,-10902.912977311329
1772933882.4227233,-10681.530127002821
1772933882.422756,-10913.317870541796
1772933882.4227672,-11259.855395630279
1772933882.4227777,-11220.045611994892
1772933882.422789,-10854.71512302375
1772933882.422799,-10694.772999639532
1772933882.422808,-10970.141509239562
1772933882.4228196,-11278.567629405708
1772933882.4228296,-11172.29477720369
1772933882.4228375,-10808.358521829477
1772933882.4228458,-10717.784186920744
1772933882.6035516,-11031.148472563655
1772933882.6035807,-11289.229137431026
1772933882.603592,-11114.856030130535
1772933882.603603,-10764.753533621773
1772933882.603612,-10753.238004539426
1772933882.6036208,-11096.946519030638
1772933882.6036296,-11289.076761807399
1772933882.6036377,-11045.279626875408
1772933882.6036463,-10725.612153161024
1772933882.6036549,-10805.088753255068
1772933882.6036627,-11167.998466823534
1772933882.6036713,-11273.753093842384
1772933882.6036792,-10960.31019023085
1772933882.6036875,-10694.02595729798
1772933882.6036956,-10879.048157563599
1772933882.6037035,-11244.185456537314
1772933882.6037116,-11236.55218590318
1772933882.6037197,-10856.09756434751
1772933882.603728,-10675.436376939906
1772933882.603736,-10982.55915262277
1772933882.603744,-11323.462121935348
1772933882.603752,-11168.265995717466
1772933882.603763,-10730.588938151539
1772933882.603773,-10678.648930202111
1772933882.6037822,-11120.140170472012
1772933882.6037927,-11397.138576847148
1772933882.603802,-11064.667590089672
1772933882.60381,-10599.404323088755
1772933882.6038184,-10710.408061228716
1772933882.6038265,-11251.946374076988
1772933882.6038346,-11428.81792039615
1772933882.6038425,-11010.769055903525
1772933882.6038506,-10624.8346807612
1772933882.7019436,-7583.372926977371
1772933882.7019913,-7300.518757887408
1772933882.7020025,-9166.907791496546
1772933882.702012,-10583.327916186103
1772933882.7020211,-9479.468896261176
1772933882.7020292,-7329.939123931112
1772933882.702037,-7195.518344707368
1772933882.702045,-9375.771667175082
1772933882.7020528,-10832.406259543315
1772933882.7020607,-9410.953489092579
1772933882.7020688,-7011.778801011627
1772933882.7020764,-7065.264699669854
1772933882.702084,-9643.562455181038
1772933882.7020922,-11151.22880443819
1772933882.7021005,-9320.015852423978
1772933882.702108,-6595.229283554453
1772933882.702116,-6894.556051058301
1772933882.7021232,-10002.163776745685
1772933882.7021337,-11581.704018709604
1772933882.7021432,-9195.393662111608
1772933882.702151,-6017.849770774434
1772933882.755134,-6653.397438449655
1772933882.755162,-10512.756676377936
1772933882.7551732,-12208.457752825188
1772933882.7551825,-9015.61759420972
1772933882.7551937,-5147.054658076527
1772933882.755204,-6273.805930756281
1772933882.7552145,-11314.093083964273
1772933882.7552252,-13234.994844331119
1772933882.8497012,-5809.5033880606925
1772933882.8497272,-4195.047521915797
1772933882.849735,-7075.178612106103
1772933882.8497417,-10695.629566033691
1772933882.849748,-9731.544541880368
1772933882.849754,-5014.457513226603
1772933882.84976,-3112.3367488592517
1772933882.8497655,-7317.919732935755
1772933882.8497708,-12229.854473862819
1772933882.8497758,-10497.681055701258
1772933882.8497808,-3565.1440958803487
1772933882.8497863,-1061.9219071318955
1772933882.8497913,-7785.214411686718
1772933882.8497968,-15405.507432598151
1772933882.8498015,-12214.408983072983
1772933882.8498065,-212.4634444750836
1772933882.8498116,4214.518608207582
1772933882.9137225,-6767.777887882182
1772933882.9137452,1000.5389736539773
1772933882.9137564,1908.204270766972
1772933882.913765,-6446.367841638986
1772933882.9137745,-13235.630930375512
1772933882.9137833,-8029.6663637454085
1772933882.9137907,3934.8242376350368
1772933882.9137983,6231.278234972487
1772933882.9138057,-7497.930915711938
1772933882.9138136,-21808.04064268337
1772933882.9138212,-14377.697950733633
1772933882.9138288,17886.436570945752
1772933882.929819,-2443.138512450765
1772933882.9458995,-9895.037624703382
1772933882.9951365,-9148.931481286203
1772933882.9951656,967.5767818281977
1772933882.9951763,6683.687619086755
1772933882.9951863,-4119.776026412396
1772933882.9951956,-20694.793672195407
1772933882.9952047,-11612.319354117546
1772933882.9952135,44855.84646366598
1772933883.0111575,58028.046977385085
1772933883.078451,-2333.902244162753
1772933883.0784757,-2499.4467021043183
1772933883.078486,-105.27100123836391
1772933883.0784943,1550.6497878850214
1772933883.0785022,2.381531738081249e-12
1772933883.0785103,-2747.3475825129253
1772933883.0785182,-2774.8418604699664
1772933883.0785265,192.51541129303888
1772933883.0785396,2073.5057753593946
1772933883.0945184,3.70950576650813e-12
1772933883.3457396,1.5291571333963413e-12
1772933883.3457837,1.6050043228917925e-12
1772933883.3458052,1.2949368057970642e-12
1772933883.3458276,1.2949368057970632e-12
1772933883.3458395,2.516209011388651e-12
1772933883.3458512,3.743957647205687e-12
1772933883.3458571,1.5965249315596842e-12
1772933883.3458629,-6.3420447141987565e-12
1772933883.345868,-1.8229382747610607e-11
1772933883.345873,-2.8422755944858352e-11
1772933883.345878,-3.2011659074139335e-11
1772933883.3458831,-2.9255580676267486e-11
1772933883.345888,-2.5336709872376882e-11
1772933883.3458936,-2.5336709872376882e-11
1772933883.3458989,-2.925558067626749e-11
1772933883.345904,-3.2011659074139335e-11
1772933883.345909,-2.8422755944858352e-11
1772933883.3459148,-1.8229382747610604e-11
1772933883.3459196,-6.342044714198758e-12
1772933883.345925,1.596524931559684e-12
1772933883.34593,3.743957647205689e-12
1772933883.345935,2.5162090113886595e-12
1772933883.3459404,1.2949368057970662e-12
1772933883.3459454,1.2949368057970674e-12
1772933883.3459504,1.6050043228917878e-12
1772933883.345956,1.5291571333963342e-12
1772933883.3459613,2.003665344030873e-12
1772933883.345968,4.433923359399033e-12
1772933883.3459737,8.598924531039698e-12
1772933883.3459787,1.2363539670155906e-11
1772933883.3459845,1.3695472165921508e-11
1772933883.34599,1.2702565834319473e-11
1772933883.3459952,1.1373418130391374e-11
1772933883.346,1.1373418130391376e-11
1772933883.3460052,1.2431801507667575e-11
1772933883.3460102,1.3043072127615797e-11
1772933883.3460152,1.2459025999111894e-11
1772933883.34602,1.153857957137063e-11
1772933883.346025,1.1538579571370633e-11
1772933883.34603,1.2459025999111892e-11
1772933883.346035,1.3043072127615794e-11
1772933883.3460405,1.2431801507667566e-11
1772933883.3460455,1.1373418130391374e-11
1772933883.3460505,1.1373418130391373e-11
1772933883.3460555,1.2702565834319476e-11
1772933883.3460605,1.3695472165921515e-11
1772933883.3460653,1.2363539670155905e-11
1772933883.34607,8.598924531039695e-12
1772933883.3460753,4.433923359399033e-12
1772933883.3460803,2.0036653440308702e-12
1772933883.3460855,1.5291571333963413e-12
1772933883.3460906,1.6050043228917925e-12
1772933883.346095,1.2949368057970642e-12
1772933883.3461003,1.2949368057970632e-12
1772933883.346105,2.516209011388651e-12
1772933883.34611,3.743957647205687e-12
1772933883.346115,1.5965249315596842e-12
1772933883.3461204,-6.3420447141987565e-12
1772933883.385713,1.2949368057970632e-12
1772933883.385733,2.516209011388651e-12
1772933883.3857398,3.743957647205687e-12
1772933883.3857453,1.5965249315596842e-12
1772933883.3857505,-6.3420447141987565e-12
1772933883.408833,2.516209011388651e-12
1772933883.4088647,3.743957647205687e-12
1772933883.4088752,1.5965249315596842e-12
1772933883.4249065,-6.3420447141987565e-12
1772933883.5675073,-5453.742567624331
1772933883.5675645,-6858.191384050251
1772933883.5675783,-2353.8930137483535
1772933883.5675886,2074.011561077913
1772933883.567598,-630.0113129598167
1772933883.567608,-7736.393559890081
1772933883.567617,-8681.737760610378
1772933883.5676265,39.6507648008687
1772933883.5676353,6683.5666199188645
1772933883.5676441,-2082.218101011042
1772933883.5676527,-18389.92377097956
1772933883.5676615,-11299.222157593418
1772933883.56767,43663.881186401384
1772933883.567679,131323.54944092556
1772933883.5676875,199036.14575860923
1772933883.5676963,199036.84019810677
1772933883.5677047,131325.0687051939
1772933883.567713,43665.08706280118
1772933883.567726,-11298.976997291531
1772933883.5677378,-18390.330877600132
1772933883.5677466,-2082.53800181817
1772933883.5677595,6683.681397014821
1772933883.5677695,39.935266974419356
1772933883.5677783,-8681.678410759996
1772933883.5677872,-7736.584404171059
1772933883.5677955,-630.1601167586028
1772933883.5678048,2074.088455946534
1772933883.5678134,-2353.7268552334094
1772933883.567822,-6858.165945002807
1772933883.5678306,-5453.8715623703565
1772933883.5678394,-854.1668381953745
1772933883.614714,375.7365373970561
1772933883.6147397,-2994.642997939647
1772933883.6147475,-5908.442671703519
1772933883.807484,-4494.994182039669
1772933883.8717203,-1104.4293720151952
1772933883.9972856,-508.7914699277382
1772933883.9973264,-3256.1073673809515
1772933883.9973383,-5329.646702278838
1772933883.9973483,-3971.5606906931102
1772933883.9973588,-1301.986482978471
1772933883.9973679,-1054.0388202936008
1772933883.9973776,-3387.917328886174
1772933883.9973872,-4938.597126503758
1772933884.1901276,-3641.82600112574
1772933884.2061255,-1455.3271809601501
1772933884.2226233,-1426.0146602736543
1772933884.2226524,-3463.524031721768
1772933884.2995813,-4655.091123620974
1772933884.2996004,-3414.3008438221423
1772933884.2996137,-1576.7727282192307
1772933884.2996233,-1697.7450220629755
1772933884.299631,-3510.846870656958
1772933884.2996392,-4438.742515890541
1772933884.2996469,-3247.020266567297
1772933884.2996547,-1675.3824362207909
1772933884.2996626,-1906.3495152382009
1772933884.2996705,-3542.388331823171
1772933884.299678,-4267.054102046886
1772933884.2996857,-3118.1141067137005
1772933884.3155556,-1757.3535084078005
1772933884.3767788,-2072.69060049076
1772933884.3768053,-3564.4284916447027
1772933884.3768153,-4126.510237863719
1772933884.376824,-3015.092407058608
1772933884.3768315,-1826.9379087376335
1772933884.3768392,-2209.3981819433125
1772933884.3768466,-3580.402863664822
1772933884.3768544,-4008.5007781504246
1772933884.3768623,-2930.3120194336425
1772933884.3768697,-1887.1124310841547
1772933884.408955,-2324.570477123279
1772933884.4089806,-3592.319088628441
1772933884.4591527,8373.454226788455
1772933884.4591773,-8500.502550015826
1772933884.4591868,-29051.90381811165
1772933884.459198,-13722.705277143405
1772933884.4592085,54426.84782429142
1772933884.459217,140255.45989976285
1772933884.4592264,180428.12754127168
1772933884.4592357,142086.6641810214
1772933884.4592433,55517.32966759774
1772933884.4592516,-14907.774321653085
1772933884.4592595,-30852.149255844903
1772933884.4913578,-8384.950551274078
1772933884.4913971,10250.895741982742
1772933884.5405421,4096.019421962571
1772933884.5405731,-12295.866146823955
1772933884.5405855,-15910.618117044949
1772933884.5405955,-4834.981994742515
1772933884.5406055,3944.8998974959395
1772933884.540615,-583.2038037637504
1772933884.5406249,-10476.743193820204
1772933884.540634,-11972.847706168703
1772933884.5565672,-4166.429056431728
1772933884.5565908,1468.7606106857902
1772933884.619886,-2345.166620832377
1772933884.619906,-9530.55467936013
1772933884.619916,-10114.272050682914
1772933884.6199243,-3909.7711808483446
1772933884.6199324,127.2625307831876
1772933884.6199408,-3288.477865241553
1772933884.6199489,-8954.6055677547
1772933884.6199567,-9012.549200573072
1772933884.6199644,-3773.106650538961
1772933884.619974,-725.2464689669367
1772933884.6199837,-3888.626403406226
1772933884.6358845,-8565.843050722728
1772933884.6680958,-8271.49176901198
1772933884.6911523,-3684.7519303861263
1772933884.6911776,-1322.3934076189967
1772933884.6911871,-4312.388198176473
1772933884.6911955,-8284.160003959332
1772933884.7804978,-7730.653143446587
1772933884.7805195,-3619.9769702617414
1772933884.7805295,-1769.3869344566353
1772933884.7805383,-4633.424584464815
1772933884.7805471,-8069.241360743455
1772933884.7965906,-7312.518108675381
1772933884.8127544,-3568.280000740214
1772933884.8668642,-2120.678107178381
1772933884.866889,-4889.393386096768
1772933884.8668983,-7898.6423590165
1772933884.8669064,-6974.944769056855
1772933884.8669145,-3524.5057522512857
1772933884.866922,-2407.334868306799
1772933884.8669295,-5101.623965519875
1772933884.866938,-7758.885295890973
1772933884.8669455,-6692.975507893691
1772933884.866953,-3485.8284491260647
1772933884.9542582,-2648.423555861177
1772933884.9542935,-5283.161724439204
1772933884.9543009,-7641.3863355753165
1772933884.954308,-6450.826267420768
1772933884.9543166,-3450.5536123692955
1772933884.9543245,-2856.3338646699635
1772933884.95433,-5442.484925887966
1772933884.954337,-7540.413174338358
1772933884.9543433,-6237.972527183441
1772933884.9543493,-3417.583041030545
1772933884.9543548,-3039.5030251682056
1772933884.95436,-5585.388508772436
1772933884.9543655,-7451.983952640668
1772933884.9543707,-6047.076963059993
1772933884.9543765,-3386.152604980434
1772933885.0366063,128120.87404492324
1772933885.0366333,193321.58312972574
1772933885.0366435,191664.611733256
1772933885.036652,125452.52760024767
1772933885.1942632,40309.190443485044
1772933885.1942906,-14653.144029461388
1772933885.1943011,-24227.75049274145
1772933885.1943104,-9384.464976045374
1772933885.19432,972.5175222810556
1772933885.194328,-3285.9178350578027
1772933885.194337,-12174.739407102148
1772933885.1943452,-13688.608726153661
1772933885.1943536,-7866.92018518911
1772933885.1943617,-3484.9926121912163
1772933885.1943696,-5649.742412708569
1772933885.1943777,-10481.799754805766
1772933885.1943853,-11515.600092269931
1772933885.1943932,-8030.408071158539
1772933885.2344296,-5038.2317400195825
1772933885.2344525,-6260.617952319443
1772933885.2344627,-9656.393003375917
1772933885.2344742,-10663.138888454623
1772933885.2344837,-8223.811755120316
1772933885.234492,-5782.499713445525
1772933885.2345,-6491.490683027334
1772933885.305702,-9197.449989392226
1772933885.305728,-10244.256544316057
1772933885.3057384,-8367.333115572548
1772933885.305748,-6190.467100778804
1772933885.3057568,-6591.8089046669365
1772933885.3057656,-8923.37698759735
1772933885.3057747,-10018.526496257022
1772933885.3057835,-8468.738706719912
1772933885.3057928,-6426.409697225379
1772933885.3058016,-6634.650514154531
1772933885.3058097,-8755.44081355511
1772933885.305818,-9895.747905244187
1772933885.3058264,-8539.702136882854
1772933885.3588696,-6561.663711193318
1772933885.3588953,-6647.516932816349
1772933885.3589048,-8654.688144539266
1772933885.358913,-9835.284808670369
1772933885.3589208,-8588.674126637758
1772933885.3589287,-6631.609086269883
1772933885.3589363,-6642.424706518684
1772933885.3589442,-8600.098307569377
1772933885.358952,-9816.71221331792
1772933885.3589623,-8621.247395956689
1772933885.358972,-6655.216715755839
1772933885.3950405,-6625.070773572056
1772933885.395064,-8579.765988461
1772933885.395075,-9829.191938133079
1772933885.395084,-8641.034692005642
1772933885.395093,-6642.948350708391
1772933885.5346172,-6598.171226703462
1772933885.5346594,-8586.938247321532
1772933885.5346797,-9867.057683085259
1772933885.5346885,-8650.289548321794
1772933885.5346966,-6600.29025549412
1772933885.5347047,-6562.823496482455
1772933885.5347123,-8618.126303868403
1772933885.5347202,-9927.840377717814
1772933885.534728,-8650.26877230244
1772933885.534736,-6529.38210835643
1772933885.5347438,-6519.084591410333
1772933885.5347517,-8672.235707295113
1772933885.5347593,-10011.41591991063
1772933885.534767,-8641.397284156776
1772933885.5347743,-6429.6616580859845
1772933885.534782,-6466.184132657495
1772933885.53479,-8750.305401609225
1772933885.534798,-10119.789519802858
1772933885.5348055,-8623.257972196208
1772933885.5348136,-6297.846774571074
1772933885.5348213,-6402.523542586003
1772933885.534829,-8855.752770801366
1772933885.5348384,-10257.38574884169
1772933885.5348485,-8594.366706941377
1772933885.5348568,-6127.253665062639
1772933885.534866,-6325.500501003151
1772933885.534875,-8995.257591007206
1772933885.5348823,-10431.9492064466
1772933885.5348897,-8551.58029737593
1772933885.534897,-5906.127017037943
1772933885.534905,-6231.135287198439
1772933885.5349123,-9180.772973062978
1772933885.6470768,-10656.46749733289
1772933885.6631892,-8488.71757544494
1772933885.6632545,-5614.058494786712
1772933885.7696064,-6113.437607468583
1772933885.769635,-9433.984040214518
1772933885.7696416,-10953.175592872005
1772933885.7696471,-8393.199543353432
1772933885.7696528,-5214.028174051438
1772933885.7696583,-5963.513965923306
1772933885.769664,-9796.987073118717
1772933885.7696693,-11362.424657694659
1772933885.7696743,-8236.856700858689
1772933885.7696793,-4632.782546261591
1772933885.7696843,-5769.184691632923
1772933885.7696898,-10361.714843483138
1772933885.7696948,-11964.59591494009
1772933885.7696996,-7945.801127232
1772933885.7697048,-3703.752864448281
1772933885.76971,-5522.090185174344
1772933885.7697172,-11370.69229352472
1772933885.7697232,-12943.270421284693
1772933885.785674,-7269.584822862079
1772933885.7857296,-1951.468063349695
1772933885.8650177,-4671.302630006487
1772933885.8650458,-5977.0836639989875
1772933885.8650563,-6120.230020551795
1772933885.8650653,-4873.672383929586
1772933885.865074,-3960.7150286418673
1772933885.8650825,-4674.835534957766
1772933885.8650908,-6048.910480423203
1772933885.8650992,-6162.542750549193
1772933885.8651073,-4823.679610285077
1772933885.8651152,-3883.1837072959584
1772933885.8651235,-4678.809569084204
1772933885.8651314,-6134.786953878733
1772933885.8651395,-6213.357542560562
1772933885.957394,-4763.910095573044
1772933885.957411,-3790.161551156762
1772933885.9574172,-4683.48264725574
1772933885.9574225,-6237.997105190669
1772933885.9574277,-6274.551101927398
1772933885.9574327,-4691.84565848336
1772933885.9574375,-3677.832737969486
1772933885.9574423,-4689.21953416752
1772933885.9574473,-6363.16550027086
1772933885.9574523,-6348.764950919825
1772933885.9574573,-4603.907299300727
1772933885.957462,-3540.7770615659088
1772933885.9574726,-4696.564856890076
1772933885.9574833,-6516.933261252122
1772933885.9574914,-6439.776559048343
1772933885.9575007,-4494.877552495519
1772933885.9575095,-3371.117787187839
1772933885.9894638,-4706.374930528491
1772933886.0125816,-6709.1064392096405
1772933886.012609,-6553.122895661592
1772933886.0126183,-4356.892034874806
1772933886.0457633,-3157.043926425807
1772933886.0458086,-4720.071242674794
1772933886.0458202,-6954.70455319715
1772933886.0458298,-6697.196018602653
1772933886.0458384,-4177.577164501257
1772933886.0729663,-2880.1051237466995
1772933886.0730572,-4740.164513523299
1772933886.0730848,-7277.847570342511
1772933886.0731046,-6885.280254384458
1772933886.0949144,-3936.359072182596
1772933886.094942,-2509.908358479746
1772933886.0949526,-4771.438732236218
1772933886.1110048,-7719.734237292393
1772933886.1340785,-7139.6203221117175
1772933886.1340988,-3596.451220002696
1772933886.1341083,-1992.7623771038932
1772933886.1782491,-4823.949417652922
1772933886.178265,-8356.790595437591
1772933886.1782713,-7500.319361141606
1772933886.1782825,-3085.22087755278
1772933886.178292,-1224.3356802347116
1772933886.1783009,-4921.880081638849
1772933886.1783087,-9348.175519363596
1772933886.178318,-8047.255032613012
1772933886.48655,-2612.8644336226325
1772933886.4865968,-3545.8009962206656
1772933886.48662,-3622.0783874744125
1772933886.4866316,-2720.8850394254764
1772933886.4866433,-2105.0169023258695
1772933886.4866552,-2652.325279904398
1772933886.4866729,-3605.2533320776965
1772933886.4866912,-3618.5234912904516
1772933886.4867032,-2657.2706730281516
1772933886.4867153,-2068.9028834503433
1772933886.4867232,-2695.538003690676
1772933886.4867291,-3669.696846583684
1772933886.4867349,-3614.089160452078
1772933886.4867404,-2587.635580171705
1772933886.486746,-2029.868541872694
1772933886.486752,-2743.4530214240044
1772933886.486758,-3740.3677577487933
1772933886.4867642,-3608.520495051716
1772933886.4867702,-2510.4451609821144
1772933886.4867811,-1987.2064000126188
1772933886.4867892,-2797.32050217842
1772933886.486797,-3818.8628328619134
1772933886.4868052,-3601.454621035271
1772933886.4868133,-2423.677887661731
1772933886.4868207,-1940.0131119848713
1772933886.486833,-2858.8253366989643
1772933886.48685,-3907.2927088857277
1772933886.4868617,-3592.362296770542
1772933886.486873,-2324.603647704444
1772933886.4868822,-1887.1114113102938
1772933886.4868903,-2930.3007164038245
1772933886.4868984,-4008.518507081523
1772933886.4869225,-3580.4487216155107
1772933886.4869301,-2209.431057282223
1772933886.4869375,-1826.9338816659933
1772933886.4869452,-3015.0795016176426
1772933886.486953,-4126.53015465998
1772933886.486961,-3564.477460066589
1772933886.4869685,-2072.7231199258435
1772933886.486976,-1757.3459154431607
1772933886.4869833,-3118.0993009471604
1772933886.4869907,-4267.076643059842
1772933886.4869983,-3542.4410354219226
1772933886.4870064,-1906.3815938328892
1772933886.4870138,-1675.3705092684063
1772933886.4870214,-3247.003150718438
1772933886.487029,-4438.768290915778
1772933886.4870367,-3510.904184162944
1772933886.487044,-1697.7765360863712
1772933886.4870515,-1576.7553725969317
1772933886.487059,-3414.2808336849116
1772933886.4870665,-4655.1210199518755
1772933886.487074,-3463.587231292253
1772933886.487082,-1426.0454200416793
1772933886.48709,-1455.3027625169257
1772933886.487098,-3641.802224086975
1772933886.4871056,-4938.632505289443
1772933886.4871137,-3387.9883794867987
1772933886.4871216,-1054.0685146300475
1772933886.4871287,-1301.9524067881366
1772933886.4871364,-3971.531759778864
1772933886.487144,-5329.689806749216
1772933886.4871514,-3256.1895253907564
1772933886.4871588,-508.81953816275814
1772933886.487167,-1104.381147125697
1772933886.4871745,-4494.95769259305
1772933886.487182,-5908.497597838212
1772933886.654214,113966.92659914351
1772933886.6542327,172300.43066853672
1772933886.6542425,201245.3493703312
1772933886.654251,196645.0904162544
1772933886.654259,165065.27937609976
1772933886.6542666,114606.76745209271
1772933887.022788,48446.25726552124
1772933887.0228105,2491.1453109939403
1772933887.0228205,-15923.543599374752
1772933887.0228295,-14323.335400357932
1772933887.0228384,-6604.1496447513055
1772933887.022847,-1052.839607121415
1772933887.0228553,891.3167579054893
1772933887.0228631,-1445.2243097506343
1772933887.0228715,-8997.695070020169
1772933887.0228796,-16716.967305962076
1772933887.0228903,-12188.697120401932
1772933887.0229003,12528.27659984725
1772933887.0229087,46972.14086833596
1772933887.3079274,-7422.596503632944
1772933887.3079615,-2994.7113326672293
1772933887.3079696,-921.157787524241
1772933887.3079767,-3642.380450413043
1772933887.3079827,-7077.248205410017
1772933887.3079882,-6626.583875295124
1772933887.307994,-3256.1537172544595
1772933887.308,-1705.4664499594649
1772933887.308006,-3884.2282578429886
1772933887.3080115,-6576.216330525929
1772933887.3933053,-6135.305169805763
1772933887.3933437,-3387.9497046250135
1772933887.3933551,-2196.379238155314
1772933887.3933651,-4059.9720863218054
1772933887.3933744,-6259.354003983815
1772933887.3933835,-5797.457485194276
1772933887.3933923,-3463.5466698657474
1772933887.3934011,-2535.6503976392382
1772933887.39341,-4194.291775390155
1772933887.3934188,-6039.894417008084
1772933887.393427,-5548.398781033197
1772933887.3934355,-3510.862283191833
1772933887.393443,-2786.1978604466776
1772933887.393452,-4300.968752062548
1772933887.4515417,-5877.993521553102
1772933887.4515665,-5355.52319120439
1772933887.4515781,-3542.398129635447
1772933887.4515889,-2980.3192234618905
1772933887.4515977,-4388.321046573078
1772933887.451608,-5752.848434260609
1772933887.4516168,-5200.492713630826
1772933887.451625,-3564.4337684179714
1772933887.4516327,-3136.3398672228905
1772933887.4676144,-4461.66789963653
1772933887.46764,-5652.553764465552
1772933887.4997408,-5072.159902031381
1772933887.5519755,-3580.4043947237096
1772933887.5520017,-3265.4516025961825
1772933887.552011,-4524.570689506334
1772933887.5520196,-5569.808266874483
1772933887.5520272,-4963.337638339737
1772933887.552035,-3592.3174423821138
1772933887.635311,-3374.888322145279
1772933887.6353302,-4579.5058074245535
1772933887.63534,-5499.884976860015
1772933887.6353483,-4869.171646538048
1772933887.635357,-3601.409318654434
1772933887.6353648,-3469.5424202845284
1772933887.635373,-4628.251310654629
1772933887.6353812,-5439.586502334999
1772933887.6353889,-4786.25620187384
1772933887.651447,-3608.474804817854
1772933887.6674585,-3552.8486028479197
1772933887.667498,-4672.119932890288
1772933887.7307088,-13066.21383954704
1772933887.7307415,-11824.051993906425
1772933887.7307544,959.9199585283567
1772933887.730764,27784.670553700715
1772933887.7307754,66009.94192056199
1772933887.7307851,107657.12149244171
1772933887.730795,140885.15355130896
1772933887.730804,154116.39682822785
1772933887.7308133,141834.27459154587
1772933887.7308216,108246.22130738517
1772933887.73083,65424.15858463459
1772933887.7308378,26828.417779337786
1772933887.9305649,952.0779589391351
1772933887.930594,-10868.41586378047
1772933887.9306033,-12462.968498289789
1772933887.9306135,-9435.580642092455
1772933887.9306216,-6536.295234468142
1772933887.9306297,-6144.971994403653
1772933887.9306378,-7825.156444086589
1772933887.930647,-9385.642177591812
1772933887.9306536,-9166.566443503922
1772933887.930659,-7675.861542069872
1772933887.9306648,-6830.059671886797
1772933887.9306705,-7604.174481673573
1772933887.9306765,-8898.758874352648
1772933887.9306824,-9023.352613783878
1772933887.9306884,-7884.053832660241
1772933887.9306939,-7040.874752406681
1772933887.930699,-7598.078097199481
1772933887.930705,-8755.311806602449
1772933887.930716,-8935.56544888642
1772933887.9307249,-7927.275990188022
1772933887.9307306,-7134.178992024029
1772933887.930738,-7630.692235362436
1772933887.9307444,-8705.995933166536
1772933887.9307501,-8873.284372809192
1772933887.9307559,-7922.185071498536
1772933887.9307613,-7183.909015970275
1772933887.930767,-7672.570782023309
1772933887.9307728,-8692.331006896213
1772933887.9307785,-8824.2816279717
1772933887.930784,-7898.769573311047
1772933887.9307897,-7213.582480341199
1772933887.9307954,-7716.705719516207
1772933887.930801,-8695.021122537093
1772933887.9308064,-8782.884694268078
1772933887.930812,-7867.1358025255995
1772933887.9308176,-7232.647632769651
1772933887.9308233,-7761.195000586601
1772933887.930829,-8706.301079068988
1772933887.9308343,-8746.137538168436
1772933887.9308405,-7831.264553135849
1772933887.930846,-7245.514695908764
1772933887.9606323,-7805.596975157525
1772933887.960662,-8722.630577714579
1772933887.960672,-8712.337073132017
1772933887.9606812,-7792.849748185225
1772933888.1514795,-7254.4694154819645
1772933888.1515107,-7849.955253470161
1772933888.1515265,-8742.270677607668
1772933888.1515396,-8680.409749134415
1772933888.151549,-7752.60241951573
1772933888.1675336,-7260.789758406058
1772933888.32418,-7894.495784022456
1772933888.3242087,-8764.344620167518
1772933888.3242311,-8649.619064082759
1772933888.3242383,-7710.758074283449
1772933888.3242464,-7265.230139644824
1772933888.324253,-7939.525457305254
1772933888.3242598,-8788.43124224591
1772933888.3242664,-8619.416155127454
1772933888.3242736,-7667.292898044036
1772933888.324281,-7268.251682100522
1772933888.3242877,-7985.399785912718
1772933888.3242943,-8814.375003901623
1772933888.3243008,-8589.357067908124
1772933888.3243089,-7622.019888614901
1772933888.3243153,-7270.139537493364
1772933888.3243232,-8032.5174908828585
1772933888.32433,-8842.193724751756
1772933888.3243349,-8559.052837373823
1772933888.3243399,-7574.629641128898
1772933888.3243444,-7271.065548394419
1772933888.3243492,-8081.327607056901
1772933888.3243546,-8872.034959262948
1772933888.3243597,-8528.13611389794
1772933888.3243644,-7524.702095574919
1772933888.3243694,-7271.122304756076
1772933888.32438,-8132.344418329773
1772933888.3243864,-8904.159577729315
1772933888.3243916,-8496.235812154631
1772933888.324401,-7471.700002162949
1772933888.324408,-7270.340866940425
1772933888.385428,-8186.169497184891
1772933888.3854518,-8938.943285349374
1772933888.3854616,-8462.95476729807
1772933888.38547,-7414.947630377714
1772933888.3854775,-7268.697968814699
1772933888.3854852,-8243.522272784412
1772933888.3854928,-8976.89296550416
1772933888.3855002,-8427.84688307396
1772933888.3855076,-7353.594043358855
1772933888.3855152,-7266.115098717168
1772933888.4014847,-8305.282370701863
1772933888.456792,-20257.11514963668
1772933888.456813,-24223.51427442402
1772933888.456823,-2712.6934678654357
1772933888.4568312,38511.07457577908
1772933888.456839,75094.21766205692
1772933888.4568472,88112.34182628007
1772933888.4568553,82208.23373603547
1772933888.4568636,77217.44122075992
1772933888.4568715,83301.59657049608
1772933888.45688,88732.12406077156
1772933888.456889,74350.34852907258
1772933888.4728057,37468.42252932634
1772933888.4888988,-2555.396121290914
1772933888.488928,-23084.093438115815
1772933888.53408,-19768.19497502334
1772933888.534102,-7757.835697603538
1772933888.5341153,-3622.9510755504025
1772933888.534126,-9554.938177295848
1772933888.5341346,-15757.54231472488
1772933888.5341432,-14702.944009076517
1772933888.5341513,-9251.91329465078
1772933888.6174488,-6977.070141729895
1772933888.617464,-10128.430132982337
1772933888.61747,-13880.409697327263
1772933888.6174755,-13444.709108532945
1772933888.6174808,-9966.671983729319
1772933888.6174855,-8230.577287538486
1772933888.6174908,-10208.416090185878
1772933888.6174955,-12967.244276130681
1772933888.6175005,-12932.551642964023
1772933888.6175053,-10434.156340027439
1772933888.61751,-8872.129000750245
1772933888.7188776,-10144.344279843346
1772933888.7189066,-12406.285566784496
1772933888.7189207,-12711.847202138511
1772933888.7189286,-10802.779422936313
1772933888.7189372,-9240.084684684713
1772933888.7189448,-9998.90633964055
1772933888.7189517,-12010.482026995107
1772933888.718958,-12655.408590926416
1772933888.7189636,-11139.782141789721
1772933888.7189703,-9452.126639567294
1772933888.71898,-9777.256793041131
1772933888.7189884,-11697.784634643833
1772933888.7189949,-12725.457467337523
1772933888.7190032,-11492.440677501272
1772933888.71901,-9555.562496361013
1772933888.7190163,-9456.519839597513
1772933888.7190228,-11418.375326424059
1772933888.7190287,-12927.436494538968
1772933888.7190347,-11914.952977821105
1772933888.7771928,-9565.595548866295
1772933888.7772715,-8978.17026539465
1772933888.7772837,-11123.70921029304
1772933888.7772934,-13311.20318826732
1772933888.7773025,-12502.580920868606
1772933888.7773116,-9474.197583068215
1772933888.7773197,-8202.729347673683
1772933888.7773294,-10727.95699463641
1772933888.7773397,-14019.305321664566
1772933888.7773488,-13490.080159288762
1772933888.7773576,-9241.589748704515
1772933888.7773669,-6728.02526083673
1772933888.7931519,-9973.41480984531
1772933888.86545,-13381.06157347727
1772933888.865467,-3486.96443954188
1772933888.8654745,-50.50144027264416
1772933888.865481,-9432.241416708841
1772933888.8654869,-19762.13108983706
1772933888.8654928,-15141.159404196054
1772933888.8654983,1067.4119540054612
1772933888.8655057,6123.053578815259
1772933888.865513,-12937.855550292115
1772933888.8655188,-34546.09419636889
1772933888.8655264,-17703.02490964522
1772933888.8655329,52361.4445871632
1772933888.937744,-6240.396175100423
1772933888.9377718,-7299.201091078335
1772933888.9377823,-7356.901302901347
1772933888.937791,-6354.276924357964
1772933888.9378,-5710.232654489993
1772933888.9378088,-6315.224816772999
1772933888.937817,-7301.276592327777
1772933889.0783172,-7285.948298859934
1772933889.0783489,-6309.292260614345
1772933889.2389936,-5751.609181019238
1772933889.3313231,-6383.897334767391
1772933889.3313432,-7302.825475686443
1772933889.3313527,-7220.197660139704
1772933889.3313615,-6267.8258076148595
1772933889.33137,-5790.40898114699
1772933889.3313785,-6447.936760844052
1772933889.3313868,-7303.948938732816
1772933889.331395,-7158.282685688126
1772933889.3314028,-6228.965839221572
1772933889.331411,-5827.381287576998
1772933889.3314188,-6508.663845650804
1772933889.3314269,-7304.724851014455
1772933889.3314347,-7098.972121288058
1772933889.3314426,-6191.885853672953
1772933889.3314528,-5863.231067552546
1772933889.3314624,-6567.333245314347
1772933889.3314707,-7305.22439294166
1772933889.3314805,-7041.040923955244
1772933889.331489,-6155.744125917472
1772933889.4146628,-5898.692075688083
1772933889.4146852,-6625.29164322228
1772933889.4146924,-7305.536014830971
1772933889.4146981,-6983.105938325451
1772933889.414704,-6119.54330831162
1772933889.4147096,-5934.624835932691
1772933889.4147153,-6684.2161298257015
1772933889.4147208,-7305.813200298182
1772933889.4147265,-6923.361694770083
1772933889.414732,-6081.879877812845
1772933889.4147377,-5972.175722358926
1772933889.414743,-6746.557682209004
1772933889.4147487,-7306.389701925355
1772933889.4147544,-6859.071153541175
1772933889.4147599,-6040.40863821254
1772933889.414765,-6013.074897203684
1772933889.4147704,-6816.5096797962315
1772933889.4147756,-7308.095896315462
1772933889.5361855,-6785.430196705579
1772933889.5362172,-5990.514159488542
1772933889.5362277,-6060.261659278867
1772933889.5362365,-6902.456008692337
1772933889.5362456,-7313.248056441269
1772933889.5362537,-6692.63973643728
1772933889.536265,-5921.448986894912
1772933889.5362751,-6119.346601484994
1772933889.5362835,-7024.29869972645
1772933889.5362937,-7329.309989419312
1772933889.5363028,-6556.863389165308
1772933889.536311,-5802.55331303979
1772933889.5363183,-6202.445260277826
1772933889.536326,-7241.132307415009
1772933889.60355,-7386.244876075817
1772933889.6035717,-6303.870042565216
1772933889.6035807,-5516.442184274144
1772933889.6035895,-6339.3052155962805
1772933889.6035976,-7802.905499754377
1772933889.6036053,-7660.83336922985
1772933889.6036131,-5576.624171043113
1772933889.6036212,-4295.892065728107
1772933890.0051491,-6600.042532249888
1772933890.0321915,-10957.327566172235
1772933890.0322087,-10761.226859100585
1772933890.032215,1562.8283235117835
1772933890.0783849,-2257.8936695408142
1772933890.0784075,-2451.0191138818805
1772933890.0784173,-3323.5244430995035
1772933890.0784264,-3648.855131623561
1772933890.078434,-2964.59704284323
1772933890.078442,-2229.4511622187124
1772933890.0784495,-2480.4873979658632
1772933890.1105187,-3370.6562180279716
1772933890.1105435,-3648.259311080076
1772933890.1436665,-2916.3950364471675
1772933890.1436894,-2200.081690491162
1772933890.1436994,-2511.2037820982487
1772933890.1437104,-3419.63853147028
1772933890.14372,-3647.4898978783267
1772933890.1597507,-2866.030360921548
1772933890.2411575,-2169.4927079029103
1772933890.241201,-2543.5108689820677
1772933890.241213,-3470.999031095559
1772933890.2412243,-3646.5174333239834
1772933890.241233,-2812.922161606277
1772933890.2412405,-2137.346305405041
1772933890.241248,-2577.8147469892187
1772933890.241255,-3525.3584854712058
1772933890.2412615,-3645.3019324325483
1772933890.2412708,-2756.3773889803474
1772933890.2412782,-2103.2427247823907
1772933890.257224,-2614.607675825892
1772933890.2792456,-3583.4641897703295
1772933890.279282,-3643.789087425153
1772933890.2792923,-2695.5504712206816
1772933890.2793016,-2066.6982354015854
1772933890.336489,-2654.499454899851
1772933890.3365123,-3646.2358028535646
1772933890.3365223,-3641.9045678288503
1772933890.3365312,-2629.387063169905
1772933890.33654,-2027.1145958817917
1772933890.3365483,-2698.261975225367
1772933890.3365564,-3714.829984196363
1772933890.3365667,-3639.545296946338
1772933890.3365767,-2556.543430225076
1772933890.3365848,-1983.7357458757372
1772933890.3365946,-2746.8942447642817
1772933890.3525388,-3790.7340707821536
1772933890.3685942,-3636.5657680623494
1772933890.3686137,-2475.267628015386
1772933890.415764,-1935.5846806915997
1772933890.4157896,-2801.7201025187087
1772933890.4158,-3875.9058257503593
1772933890.4158096,-3632.7559319766856
1772933890.415818,-2383.2189672500604
1772933890.4158268,-1881.3687067052922
1772933890.4158356,-2864.539880794881
1772933890.415844,-3972.9886690941707
1772933890.4158528,-3627.8041820586836
1772933890.4870632,-2277.1841845176637
1772933890.4870958,-1819.3325409657668
1772933890.487106,-2937.874656714722
1772933890.5704713,-4085.6553986355384
1772933890.5704927,-3621.232754801821
1772933890.5705028,-2152.6132860413463
1772933890.5705116,-1747.0219121311313
1772933890.5705192,-3025.3769801223875
1772933890.5705268,-4219.180845691597
1772933890.5705347,-3612.2792421174545
1772933890.5705423,-2002.824299566593
1772933890.57055,-1660.8861606564003
1772933890.5705574,-3132.5581514245087
1772933890.5705678,-4381.445504024135
1772933890.5705776,-3599.6657937176933
1772933890.6025465,-1817.5617156044045
1772933890.7361133,-1555.5741849008991
1772933890.7361383,-3268.160068299881
1772933890.736148,-4584.807206437526
1772933890.7361567,-3581.1149238330677
1772933890.7361643,-1580.1936440066186
1772933890.7361724,-1422.6036032341815
1772933890.7361803,-3446.957224135345
1772933890.736188,-4849.876628035745
1772933890.736196,-3552.2334397062114
1772933890.7362037,-1261.7493877431289
1772933890.7362113,-1247.6285915656035
1772933890.7362192,-3696.1051468846326
1772933890.7362268,-5213.959199587901
1772933890.7362344,-3503.6002421478797
1772933890.7362423,-806.6130751903002
1772933890.73625,-1004.1802997456466
1772933890.7362576,-4071.714094728308
1772933890.7362652,-5752.817588505241
1772933890.7362728,-3411.737373809386
1772933890.7362807,-91.78997012087797
1772933890.7362883,-636.9246035853015
1772933891.5375593,-4712.113127747337
1772933891.537588,-6650.064268097203
1772933891.5375988,-3202.7652102839106
1772933891.5376072,1224.6345096154735
1772933891.5376155,-4.748739166801795
1772933891.5376275,-6079.105056242071
1772933891.5376377,-8515.446968301685
1772933891.5376463,-2520.0111070413295
1772933891.5376565,4633.774226209409
1772933892.437218,1419.6646901520173
1772933892.4893851,8.598924531039695e-12
1772933892.4894114,4.433923359399033e-12
1772933892.489422,2.0036653440308702e-12
1772933892.4894314,1.5291571333963413e-12
1772933892.4894404,1.6050043228917925e-12
1772933892.4894488,1.2949368057970642e-12
1772933892.4894571,1.2949368057970632e-12
1772933892.4894657,2.516209011388651e-12
1772933892.4894736,3.743957647205687e-12
1772933892.4894824,1.5965249315596842e-12
1772933892.4894905,-6.3420447141987565e-12
1772933892.7303903,1.153857957137063e-11
1772933892.7304244,1.1538579571370633e-11
1772933892.7304325,1.2459025999111892e-11
1772933892.7304385,1.3043072127615794e-11
1772933892.7304444,1.2431801507667566e-11
1772933892.7304504,1.1373418130391374e-11
1772933892.730456,1.1373418130391373e-11
1772933892.7304614,1.2702565834319476e-11
1772933892.730467,1.3695472165921515e-11
1772933892.7304726,1.2363539670155905e-11
1772933892.730478,8.598924531039695e-12
1772933892.7304835,4.433923359399033e-12
1772933892.7304888,2.0036653440308702e-12
1772933892.7304962,1.5291571333963413e-12
1772933892.7305028,1.6050043228917925e-12
1772933892.7305083,1.2949368057970642e-12
1772933892.730515,1.2949368057970632e-12
1772933892.7305212,2.516209011388651e-12
1772933892.7305267,3.743957647205687e-12
1772933892.730532,1.5965249315596842e-12
1772933892.7305372,-6.3420447141987565e-12
1772933892.851908,1.3043072127615797e-11
1772933892.8519363,1.2459025999111894e-11
1772933892.851948,1.153857957137063e-11
1772933892.8519604,1.1538579571370633e-11
1772933892.8519704,1.2459025999111892e-11
1772933892.851982,1.3043072127615794e-11
1772933892.8519926,1.2431801507667566e-11
1772933892.852003,1.1373418130391374e-11
1772933892.8520122,1.1373418130391373e-11
1772933892.8520217,1.2702565834319476e-11
1772933892.8520308,1.3695472165921515e-11
1772933892.85204,1.2363539670155905e-11
1772933892.8520484,8.598924531039695e-12
1772933892.852057,4.433923359399033e-12
1772933892.8520663,2.0036653440308702e-12
1772933892.852076,1.5291571333963413e-12
1772933892.8520863,1.6050043228917925e-12
1772933892.8520944,1.2949368057970642e-12
1772933892.8521025,1.2949368057970632e-12
1772933892.852113,2.516209011388651e-12
1772933892.8521228,3.743957647205687e-12
1772933892.8679967,1.5965249315596842e-12
1772933892.8840015,-6.3420447141987565e-12
1772933892.9001253,-6.3420447141987565e-12
1772933893.0105655,1.1373418130391374e-11
1772933893.010605,1.1373418130391376e-11
1772933893.0106184,1.2431801507667575e-11
1772933893.0106268,1.3043072127615797e-11
1772933893.0106354,1.2459025999111894e-11
1772933893.0106437,1.153857957137063e-11
1772933893.0106516,1.1538579571370633e-11
1772933893.0106592,1.2459025999111892e-11
1772933893.010667,1.3043072127615794e-11
1772933893.0106752,1.2431801507667566e-11
1772933893.0106828,1.1373418130391374e-11
1772933893.0106905,1.1373418130391373e-11
1772933893.010698,1.2702565834319476e-11
1772933893.0107057,1.3695472165921515e-11
1772933893.0107133,1.2363539670155905e-11
1772933893.0107212,8.598924531039695e-12
1772933893.0107293,4.433923359399033e-12
1772933893.0107372,2.0036653440308702e-12
1772933893.0107453,1.5291571333963413e-12
1772933893.010753,1.6050043228917925e-12
1772933893.0107603,1.2949368057970642e-12
1772933893.0107682,1.2949368057970632e-12
1772933893.0107763,2.516209011388651e-12
1772933893.0107841,3.743957647205687e-12
1772933893.010792,1.5965249315596842e-12
1772933893.0266197,-6.3420447141987565e-12
1772933893.06279,1.6050043228917925e-12
1772933893.0628176,1.2949368057970642e-12
1772933893.062827,1.2949368057970632e-12
1772933893.0628376,2.516209011388651e-12
1772933893.0628471,3.743957647205687e-12
1772933893.0628555,1.5965249315596842e-12
1772933893.062863,-6.3420447141987565e-12
1772933893.1180193,4.433923359399033e-12
1772933893.1180573,2.0036653440308702e-12
1772933893.1180682,1.5291571333963413e-12
1772933893.1180785,1.6050043228917925e-12
1772933893.1180873,1.2949368057970642e-12
1772933893.1180954,1.2949368057970632e-12
1772933893.1181037,2.516209011388651e-12
1772933893.118112,3.743957647205687e-12
1772933893.11812,1.5965249315596842e-12
1772933893.118128,-6.3420447141987565e-12
1772933893.1823227,2.516209011388651e-12
1772933893.2114322,3.743957647205687e-12
1772933893.211463,1.5965249315596842e-12
1772933893.2114751,-6.3420447141987565e-12
1772933893.2275767,-6.3420447141987565e-12
1772933893.2696989,1.6050043228917925e-12
1772933893.269719,1.2949368057970642e-12
1772933893.2697256,1.2949368057970632e-12
1772933893.2697315,2.516209011388651e-12
1772933893.2697375,3.743957647205687e-12
1772933893.2697437,1.5965249315596842e-12
1772933893.269749,-6.3420447141987565e-12
1772933893.3268304,4.433923359399033e-12
1772933893.3268583,2.0036653440308702e-12
1772933893.3268676,1.5291571333963413e-12
1772933893.3268783,1.6050043228917925e-12
1772933893.326887,1.2949368057970642e-12
1772933893.3268948,1.2949368057970632e-12
1772933893.3269024,2.516209011388651e-12
1772933893.3269107,3.743957647205687e-12
1772933893.3269184,1.5965249315596842e-12
1772933893.3269262,-6.3420447141987565e-12
1772933893.527794,1.1373418130391373e-11
1772933893.5278215,1.2702565834319476e-11
1772933893.5278325,1.3695472165921515e-11
1772933893.5278423,1.2363539670155905e-11
1772933893.5278676,8.598924531039695e-12
1772933893.5278769,4.433923359399033e-12
1772933893.5278852,2.0036653440308702e-12
1772933893.527894,1.5291571333963413e-12
1772933893.5279024,1.6050043228917925e-12
1772933893.527911,1.2949368057970642e-12
1772933893.5279193,1.2949368057970632e-12
1772933893.527928,2.516209011388651e-12
1772933893.5279374,3.743957647205687e-12
1772933893.5279462,1.5965249315596842e-12
1772933893.5279548,-6.3420447141987565e-12
1772933893.6401725,-6.3420447141987565e-12
1772933893.768769,-6.3420447141987565e-12
1772933893.8068562,1.2949368057970642e-12
1772933893.8068764,1.2949368057970632e-12
1772933893.8068912,2.516209011388651e-12
1772933893.8069055,3.743957647205687e-12
1772933893.8069184,1.5965249315596842e-12
1772933893.8069308,-6.3420447141987565e-12
1772933893.9353917,73297.24410739473
1772933893.9675717,171924.3575092167
1772933893.9676013,202100.0076763783
1772933893.9676127,202100.4294057018
1772933893.967622,171925.23603898715
1772933893.9676309,116961.65778830132
1772933894.1442585,52386.08396475759
1772933894.31995,981.4111539002741
1772933894.3199804,-20428.134087553808
1772933894.593093,-14323.202671379619
1772933894.6413136,39.90829413460894
1772933894.675402,4544.197532341529
1772933894.6754208,-2668.036265596312
1772933894.675427,-10166.876698328602
1772933894.6754324,-8997.616938530571
1772933894.6754372,-2353.7384658351257
1772933894.675442,559.9570495703052
1772933894.8039792,-3284.4897513090355
1772933894.948697,-7991.893912822841
1772933894.964629,-7422.5419454237
1772933895.3280876,-2994.6495094307697
1772933895.3281083,-921.1930582545871
1772933895.3281195,-3642.477128737709
1772933895.3281283,-7077.292199610729
1772933895.3281372,-6626.542289414128
1772933895.3281486,-3256.11137528311
1772933895.3281596,-1705.5019633480729
1772933895.3281689,-3884.3089644825923
1772933895.328179,-6576.251123150348
1772933895.3281884,-6135.27182117076
1772933895.3602567,-3387.919852496109
1772933895.4556656,-2196.4148388721283
1772933895.4556868,-4060.0420977062
1772933895.4556973,-6259.382576655194
1772933895.4557061,-5797.429863618278
1772933895.4557147,-3463.525570736124
1772933895.4557233,-2535.686031620661
1772933895.4557316,-4194.354071275947
1772933895.45574,-6039.91846965729
1772933895.4557483,-5548.375399198877
1772933895.4948478,-3510.8477056261763
1772933895.4948962,-2786.233505797975
1772933895.4949112,-4301.025178372093
1772933895.4949212,-5878.014115420697
1772933895.5329552,-5355.503096795166
1772933895.53298,-3542.3886353979556
1772933895.5329895,-2980.354870453439
1772933895.532998,-4388.372824716205
1772933895.533006,-5752.866275935091
1772933895.533014,-5200.475261176463
1772933895.533022,-3564.428377339693
1772933895.5611477,-3136.3755112981908
1772933895.5611806,-4461.715878512621
1772933895.5611928,-5652.569347527813
1772933895.638484,-5072.144634679377
1772933895.6385262,-3580.4024099208864
1772933895.6385388,-3265.487241585037
1772933895.6385543,-4524.615481863067
1772933895.638569,-5569.8219490721
1772933895.6385803,-4963.32422163593
1772933895.6385918,-3592.3183517792304
1772933895.6386025,-3374.9239550410357
1772933895.6386127,-4579.5478688871935
1772933895.6386237,-5499.897025104036
1772933895.638633,-4869.159829007799
1772933895.638642,-3601.412736052106
1772933895.638651,-3469.5780466673727
1772933895.63866,-4628.290988088842
1772933895.6386695,-5439.597120378696
1772933895.698698,-4786.245790379465
1772933895.6987383,-3608.480432879373
1772933895.698751,-3552.884222597489
1772933895.6987634,-4672.15749533116
1772933895.6987772,-5386.679236063807
1772933895.6987872,-4712.11483105714
1772933895.6987967,-3614.0507348408023
1772933895.6988063,-3627.3313856071863
1772933895.698815,-4712.140917065851
1772933895.698825,-5339.520337012113
1772933895.698834,-4644.929003261094
1772933895.6988435,-3618.4865543221226
1772933896.1255455,-3694.773542619564
1772933896.1255944,-4749.010577071316
1772933896.125626,-5296.913712503886
1772933896.1256635,-4583.284590081631
1772933896.125688,-3622.0428207598325
1772933896.1257129,-3756.626378117716
1772933896.125724,-4783.375164334286
1772933896.125734,-5257.940083300305
1772933896.125743,-4526.084526473531
1772933896.1257527,-3624.9021638565014
1772933896.1257613,-3813.995926236774
1772933896.1257708,-4815.726501477884
1772933896.1257846,-5221.8832179242945
1772933896.125797,-4472.452328016434
1772933896.1258092,-3627.19741769043
1772933896.125822,-3867.765428051745
1772933896.1258342,-4846.470479480278
1772933896.125846,-5188.173006278344
1772933896.1258583,-4421.672342905625
1772933896.125871,-3629.0261949620212
1772933896.1258807,-3918.65563961621
1772933896.1258893,-4875.94949335505
1772933896.125898,-5156.34598794033
1772933896.1259077,-4373.1471306611
1772933896.1259196,-3630.4605307442957
1772933896.1259332,-3967.2678514373692
1772933896.1259477,-4904.459158695715
1772933896.1259587,-5126.017259294311
1772933896.12597,-4326.366208805628
1772933896.125981,-3631.5533647519505
1772933896.1259916,-4014.1154246495526
1772933896.1260033,-4932.261146145387
1772933896.1260147,-5096.859949873768
1772933896.1260264,-4280.882444705146
1772933896.1260426,-3632.342933037282
1772933896.126054,-4059.6475991747734
1772933896.1260648,-4959.593387940581
1772933896.1260772,-5068.58980613512
1772933896.12609,-4236.293605447637
1772933896.126102,-3632.855729861617
1772933896.1261113,-4104.268083232512
1772933896.1261196,-4986.678546946943
1772933896.1261287,-5040.953242382223
1772933896.1261375,-4192.2273404237
1772933896.1261463,-3633.1084506976176
1772933896.126155,-4148.35016447128
1772933896.126164,-5013.731413840842
1772933896.1261725,-5013.717727932041
1772933896.126183,-4148.328341101626
1772933896.126192,-3633.1091686047876
1772933896.1262028,-4192.249607927166
1772933896.1262124,-5040.965766418427
1772933896.1262221,-4986.663697092729
1772933896.1262317,-4104.246703183613
1772933896.126242,-3632.8578892760374
1772933896.1262512,-4236.316321430458
1772933896.1262605,-5068.601161151303
1772933896.1262689,-4959.577362781867
1772933896.126278,-4059.6266651401984
1772933896.1262872,-3632.3465512197904
1772933896.1262963,-4280.905617184871
1772933896.1263063,-5096.870119273751
1772933896.1263165,-4932.24392467138
1772933896.126326,-4014.094942914841
1772933896.1263351,-3631.558471088951
1772933896.1263447,-4326.389849733932
1772933896.1263533,-5126.026216493867
1772933896.1263633,-4904.440709553842
1772933896.1263723,-3967.24783208305
1772933896.126381,-3630.467167720884
1772933896.1263907,-4373.171256327763
1772933896.1263998,-5156.3536954797955
1772933896.1264095,-4875.929773787171
1772933896.1264198,-3918.6360968520494
1772933896.126429,-3629.0344196197616
1772933896.1264377,-4421.696974513643
1772933896.1264465,-5188.179414522151
1772933896.1264555,-4846.449433806188
1772933896.1264713,-3867.7463807067265
1772933896.1264796,-3627.2073036804004
1772933896.1264877,-4472.477492473687
1772933896.1265004,-5221.888263247964
1772933896.1265104,-4815.7040590059405
1772933896.1265216,-3813.9773984416247
1772933896.126532,-3624.913804252234
1772933896.126541,-4526.110257467448
1772933896.1265523,-5257.943685616496
1772933896.1265624,-4783.3512365232245
1772933896.126573,-3756.6084002356333
1772933896.1265843,-3622.0563318740474
1772933896.1265955,-4583.310929535283
1772933896.1266046,-5296.915771908125
1772933897.04632,-4748.985053680624
1772933897.0463657,-3694.756152505975
1772933897.0463836,-3618.5020808878935
1772933897.04639,-4644.9560033170055
1772933897.0463965,-5339.520729223074
1772933897.0464027,-4712.113660904748
1772933897.0464087,-3627.3146303197786
1772933897.0464149,-3614.0684570992103
1772933897.046421,-4712.1425568115665
1772933897.0464263,-5386.677806167675
1772933897.0464315,-4672.128335011943
1772933897.0464368,-3552.8681607363046
1772933897.046442,-3608.5005764005473
1772933897.0464475,-4786.274323711074
1772933897.0464532,-5439.593674123366
1772933897.0464587,-4628.259707861385
1772933897.046464,-3469.562751622497
1772933897.0464692,-3601.4355855871363
1772933897.0464745,-4869.189274051081
1772933897.0464795,-5499.891316553986
1772933897.0464845,-4579.514194078575
1772933897.0464897,-3374.9095195811174
1772933897.0464952,-3592.344271233788
1772933897.0465007,-4963.354712803344
1772933897.0465062,-5569.8136626872665
1772933897.0465114,-4524.579057481514
1772933897.0465188,-3265.4737844867936
1772933897.046525,-3580.431871944833
1772933897.0465307,-5072.176348780899
1772933897.0465367,-5652.558071400252
1772933897.0465426,-4461.6762368201835
1772933897.0465477,-3136.3631871859056
1772933897.046553,-3564.4620086134555
1772933897.046558,-5200.508436408495
1772933897.0465631,-5752.851460429078
1772933897.0465684,-4388.329334213517
1772933897.0465739,-2980.343884878529
1772933897.046579,-3542.427288731787
1772933897.0465844,-5355.538063838424
1772933897.0465896,-5877.9950065460935
1772933897.0465949,-4300.976959801135
1772933897.0465999,-2786.2241392493765
1772933897.046605,-3510.892580427186
1772933897.0466104,-5548.412635003252
1772933897.0466154,-6039.893996125701
1772933897.0466201,-4194.299851287867
1772933897.0466254,-2535.6786795415264
1772933897.0466304,-3463.5784267939143
1772933897.0466359,-5797.470091054202
1772933897.0466409,-6259.351145774618
1772933897.0466459,-4059.979934984017
1772933897.0466511,-2196.410082095743
1772933897.0466568,-3387.9834198366
1772933897.046662,-6135.316210956304
1772933897.046667,-6576.210220235158
1772933897.0466723,-3884.235686480714
1772933897.046678,-1705.5007003039657
1772933897.046683,-3256.190224989315
1772933897.0466888,-6626.592922266534
1772933897.0466938,-7077.237509522889
1772933897.0466988,-3642.387012240557
1772933897.046704,-921.1967706784941
1772933897.0467093,-2994.752191780229
1772933897.0467143,-7422.603074311882
1772933897.0467196,-7991.817063829791
1772933897.0467248,-3284.3707702427505
1772933897.04673,559.9457509573004
1772933897.046735,-2353.884066237819
1772933897.04674,-8997.699581233
1772933897.0467453,-10166.75784878378
1772933897.046751,-2667.8552307037144
1772933897.0467565,4544.174562896817
1772933897.1266239,39.66003130826168
1772933897.314424,-2.5336709872376882e-11
1772933897.3144703,-2.925558067626749e-11
1772933897.3144984,-3.2011659074139335e-11
1772933897.3145192,-2.8422755944858352e-11
1772933897.314528,-1.8229382747610604e-11
1772933897.3145363,-6.342044714198758e-12
1772933897.314545,1.596524931559684e-12
1772933897.3145533,3.743957647205689e-12
1772933897.3145614,2.5162090113886595e-12
1772933897.3145697,1.2949368057970662e-12
1772933897.314578,1.2949368057970674e-12
1772933897.3145888,1.6050043228917878e-12
1772933897.3145995,1.5291571333963342e-12
1772933897.3146079,2.003665344030873e-12
1772933897.3146176,4.433923359399033e-12
1772933897.3146267,8.598924531039698e-12
1772933897.3146355,1.2363539670155906e-11
1772933897.3146439,1.3695472165921508e-11
1772933897.314652,1.2702565834319473e-11
1772933897.31466,1.1373418130391374e-11
1772933897.3146684,1.1373418130391376e-11
1772933897.3146768,1.2431801507667575e-11
1772933897.314685,1.3043072127615797e-11
1772933897.314693,1.2459025999111894e-11
1772933897.3147013,1.153857957137063e-11
1772933897.314709,1.1538579571370633e-11
1772933897.3147168,1.2459025999111892e-11
1772933897.3147247,1.3043072127615794e-11
1772933897.3147328,1.2431801507667566e-11
1772933897.314741,1.1373418130391374e-11
1772933897.3147492,1.1373418130391373e-11
1772933897.314757,1.2702565834319476e-11
1772933897.3147652,1.3695472165921515e-11
1772933897.3147733,1.2363539670155905e-11
1772933897.3147814,8.598924531039695e-12
1772933897.3147879,4.433923359399033e-12
1772933897.3147926,2.0036653440308702e-12
1772933897.3147972,1.5291571333963413e-12
1772933897.3148031,1.6050043228917925e-12
1772933897.3148105,1.2949368057970642e-12
1772933897.3148155,1.2949368057970632e-12
1772933897.3148203,2.516209011388651e-12
1772933897.3148253,3.743957647205687e-12
1772933897.3148303,1.5965249315596842e-12
1772933897.3148353,-6.3420447141987565e-12
1772933897.4038343,1.3043072127615794e-11
1772933897.4038606,1.2431801507667566e-11
1772933897.403872,1.1373418130391374e-11
1772933897.4038808,1.1373418130391373e-11
1772933897.403889,1.2702565834319476e-11
1772933897.4038968,1.3695472165921515e-11
1772933897.403905,1.2363539670155905e-11
1772933897.4039128,8.598924531039695e-12
1772933897.403921,4.433923359399033e-12
1772933897.4039283,2.0036653440308702e-12
1772933897.403936,1.5291571333963413e-12
1772933897.4039433,1.6050043228917925e-12
1772933897.403951,1.2949368057970642e-12
1772933897.4039583,1.2949368057970632e-12
1772933897.403966,2.516209011388651e-12
1772933897.4039736,3.743957647205687e-12
1772933897.4039812,1.5965249315596842e-12
1772933897.4039888,-6.3420447141987565e-12
1772933897.4841766,-6.3420447141987565e-12
1772933897.564618,-6.3420447141987565e-12
1772933898.2674124,1.1538579571370633e-11
1772933898.2674668,1.2459025999111892e-11
1772933898.2674923,1.3043072127615794e-11
1772933898.2675188,1.2431801507667566e-11
1772933898.2675524,1.1373418130391374e-11
1772933898.2675812,1.1373418130391373e-11
1772933898.2676091,1.2702565834319476e-11
1772933898.2676387,1.3695472165921515e-11
1772933898.2676663,1.2363539670155905e-11
1772933898.2676947,8.598924531039695e-12
1772933898.2677228,4.433923359399033e-12
1772933898.267736,2.0036653440308702e-12
1772933898.2677436,1.5291571333963413e-12
1772933898.2677517,1.6050043228917925e-12
1772933898.2677593,1.2949368057970642e-12
1772933898.2677674,1.2949368057970632e-12
1772933898.2677755,2.516209011388651e-12
1772933898.2677832,3.743957647205687e-12
1772933898.2677915,1.5965249315596842e-12
1772933898.2678003,-6.3420447141987565e-12
1772933898.2678084,-1.8229382747610607e-11
1772933898.2678163,-2.8422755944858352e-11
1772933898.2678244,-3.2011659074139335e-11
1772933898.2678328,-2.9255580676267486e-11
1772933898.2678404,-2.5336709872376882e-11
1772933898.2678487,-2.5336709872376882e-11
1772933898.2678566,-2.925558067626749e-11
1772933898.2678645,-3.2011659074139335e-11
1772933898.2678723,-2.8422755944858352e-11
1772933898.2678804,-1.8229382747610604e-11
1772933898.267888,-6.342044714198758e-12
1772933898.267896,1.596524931559684e-12
1772933898.2679048,3.743957647205689e-12
1772933898.267913,2.5162090113886595e-12
1772933898.2679217,1.2949368057970662e-12
1772933898.2679293,1.2949368057970674e-12
1772933898.267938,1.6050043228917878e-12
1772933898.2679462,1.5291571333963342e-12
1772933898.267954,2.003665344030873e-12
1772933898.267962,4.433923359399033e-12
1772933898.26797,8.598924531039698e-12
1772933898.267978,1.2363539670155906e-11
1772933898.2679858,1.3695472165921508e-11
1772933898.267994,1.2702565834319473e-11
1772933898.2680016,1.1373418130391374e-11
1772933898.2680097,1.1373418130391376e-11
1772933898.2680173,1.2431801507667575e-11
1772933898.2680273,1.3043072127615797e-11
1772933898.2680397,1.2459025999111894e-11
1772933898.268051,1.153857957137063e-11
1772933898.2680593,1.1538579571370633e-11
1772933898.268067,1.2459025999111892e-11
1772933898.2680748,1.3043072127615794e-11
1772933898.2680829,1.2431801507667566e-11
1772933898.2680907,1.1373418130391374e-11
1772933898.2680988,1.1373418130391373e-11
1772933898.2681067,1.2702565834319476e-11
1772933898.2681143,1.3695472165921515e-11
1772933898.2681215,1.2363539670155905e-11
1772933898.268129,8.598924531039695e-12
1772933898.2681377,4.433923359399033e-12
1772933898.268145,2.0036653440308702e-12
1772933898.2681537,1.5291571333963413e-12
1772933898.268162,1.6050043228917925e-12
1772933898.2681696,1.2949368057970642e-12
1772933898.2681785,1.2949368057970632e-12
1772933898.2681863,2.516209011388651e-12
1772933898.268194,3.743957647205687e-12
1772933898.2682018,1.5965249315596842e-12
1772933898.2682097,-6.3420447141987565e-12
1772933898.2682176,-1.8229382747610607e-11
1772933898.2682257,-2.8422755944858352e-11
1772933898.268233,-3.2011659074139335e-11
1772933898.2682407,-2.9255580676267486e-11
1772933898.2682483,-2.5336709872376882e-11
1772933898.2682564,-2.5336709872376882e-11
1772933898.268264,-2.925558067626749e-11
1772933898.2682717,-3.2011659074139335e-11
1772933898.2682793,-2.8422755944858352e-11
1772933898.2682872,-1.8229382747610604e-11
1772933898.2682948,-6.342044714198758e-12
1772933898.2683024,1.596524931559684e-12
1772933898.2683098,3.743957647205689e-12
1772933898.2683175,2.5162090113886595e-12
1772933898.268325,1.2949368057970662e-12
1772933898.2683327,1.2949368057970674e-12
1772933898.2683403,1.6050043228917878e-12
1772933898.2683487,1.5291571333963342e-12
1772933898.2683563,2.003665344030873e-12
1772933898.268364,4.433923359399033e-12
1772933898.2683716,8.598924531039698e-12
1772933898.2683797,1.2363539670155906e-11
1772933898.2683876,1.3695472165921508e-11
1772933898.2683952,1.2702565834319473e-11
1772933898.2684033,1.1373418130391374e-11
1772933898.2684112,1.1373418130391376e-11
1772933898.2684188,1.2431801507667575e-11
1772933898.268427,1.3043072127615797e-11
1772933898.2684677,1.2459025999111894e-11
1772933898.2684755,1.153857957137063e-11
1772933898.2684832,1.1538579571370633e-11
1772933898.2684908,1.2459025999111892e-11
1772933898.2684984,1.3043072127615794e-11
1772933898.268506,1.2431801507667566e-11
1772933898.2685137,1.1373418130391374e-11
1772933898.2685213,1.1373418130391373e-11
1772933898.2685287,1.2702565834319476e-11
1772933898.2685366,1.3695472165921515e-11
1772933898.268544,1.2363539670155905e-11
1772933898.2685518,8.598924531039695e-12
1772933898.2685592,4.433923359399033e-12
1772933898.268567,2.0036653440308702e-12
1772933898.2685745,1.5291571333963413e-12
1772933898.268582,1.6050043228917925e-12
1772933898.2685895,1.2949368057970642e-12
1772933898.2685974,1.2949368057970632e-12
1772933898.2686052,2.516209011388651e-12
1772933898.2686129,3.743957647205687e-12
1772933898.2686205,1.5965249315596842e-12
1772933898.2686281,-6.3420447141987565e-12
1772933898.505366,1.2949368057970642e-12
1772933898.5054126,1.2949368057970632e-12
1772933898.505441,2.516209011388651e-12
1772933898.50547,3.743957647205687e-12
1772933898.5054984,1.5965249315596842e-12
1772933898.5055091,-6.3420447141987565e-12
1772933898.5055175,-1.8229382747610607e-11
1772933898.5055258,-2.8422755944858352e-11
1772933898.505534,-3.2011659074139335e-11
1772933898.5055425,-2.9255580676267486e-11
1772933898.5055504,-2.5336709872376882e-11
1772933898.5055585,-2.5336709872376882e-11
1772933898.5055668,-2.925558067626749e-11
1772933898.505575,-3.2011659074139335e-11
1772933898.5055833,-2.8422755944858352e-11
1772933898.5055912,-1.8229382747610604e-11
1772933898.5055995,-6.342044714198758e-12
1772933898.5056076,1.596524931559684e-12
1772933898.5056157,3.743957647205689e-12
1772933898.505623,2.5162090113886595e-12
1772933898.5056314,1.2949368057970662e-12
1772933898.5056393,1.2949368057970674e-12
1772933898.5056474,1.6050043228917878e-12
1772933898.5056553,1.5291571333963342e-12
1772933898.5056634,2.003665344030873e-12
1772933898.5056715,4.433923359399033e-12
1772933898.5056796,8.598924531039698e-12
1772933898.5056877,1.2363539670155906e-11
1772933898.5056963,1.3695472165921508e-11
1772933898.5057046,1.2702565834319473e-11
1772933898.5057137,1.1373418130391374e-11
1772933898.5057218,1.1373418130391376e-11
1772933898.5057304,1.2431801507667575e-11
1772933898.5057387,1.3043072127615797e-11
1772933898.5057476,1.2459025999111894e-11
1772933898.5057557,1.153857957137063e-11
1772933898.505764,1.1538579571370633e-11
1772933898.505772,1.2459025999111892e-11
1772933898.5057797,1.3043072127615794e-11
1772933898.5057876,1.2431801507667566e-11
1772933898.505796,1.1373418130391374e-11
1772933898.505804,1.1373418130391373e-11
1772933898.5058126,1.2702565834319476e-11
1772933898.5058208,1.3695472165921515e-11
1772933898.5058286,1.2363539670155905e-11
1772933898.5058367,8.598924531039695e-12
1772933898.5058448,4.433923359399033e-12
1772933898.5058527,2.0036653440308702e-12
1772933898.5058608,1.5291571333963413e-12
1772933898.505869,1.6050043228917925e-12
1772933898.5058768,1.2949368057970642e-12
1772933898.505885,1.2949368057970632e-12
1772933898.5058928,2.516209011388651e-12
1772933898.5059009,3.743957647205687e-12
1772933898.5059087,1.5965249315596842e-12
1772933898.5059168,-6.3420447141987565e-12
1772933898.79066,-3.2011659074139335e-11
1772933898.7907069,-2.8422755944858352e-11
1772933898.7907302,-1.8229382747610604e-11
1772933898.790744,-6.342044714198758e-12
1772933898.790754,1.596524931559684e-12
1772933898.7907655,3.743957647205689e-12
1772933898.7907765,2.5162090113886595e-12
1772933898.7907856,1.2949368057970662e-12
1772933898.7907946,1.2949368057970674e-12
1772933898.790804,1.6050043228917878e-12
1772933898.790813,1.5291571333963342e-12
1772933898.7908216,2.003665344030873e-12
1772933898.7908304,4.433923359399033e-12
1772933898.7908392,8.598924531039698e-12
1772933898.7908485,1.2363539670155906e-11
1772933898.7908573,1.3695472165921508e-11
1772933898.790866,1.2702565834319473e-11
1772933898.7908745,1.1373418130391374e-11
1772933898.7908833,1.1373418130391376e-11
1772933898.7908924,1.2431801507667575e-11
1772933898.7909012,1.3043072127615797e-11
1772933898.79091,1.2459025999111894e-11
1772933898.79092,1.153857957137063e-11
1772933898.790932,1.1538579571370633e-11
1772933898.790942,1.2459025999111892e-11
1772933898.7909505,1.3043072127615794e-11
1772933898.7909594,1.2431801507667566e-11
1772933898.790968,1.1373418130391374e-11
1772933898.7909768,1.1373418130391373e-11
1772933898.790985,1.2702565834319476e-11
1772933898.7909937,1.3695472165921515e-11
1772933898.7910028,1.2363539670155905e-11
1772933898.7910118,8.598924531039695e-12
1772933898.7910204,4.433923359399033e-12
1772933898.7910292,2.0036653440308702e-12
1772933898.7910388,1.5291571333963413e-12
1772933898.7910473,1.6050043228917925e-12
1772933898.791056,1.2949368057970642e-12
1772933898.7910645,1.2949368057970632e-12
1772933898.791073,2.516209011388651e-12
1772933898.7910817,3.743957647205687e-12
1772933898.79109,1.5965249315596842e-12
1772933898.7910988,-6.3420447141987565e-12
1772933898.8267283,1.2949368057970642e-12
1772933898.8267443,1.2949368057970632e-12
1772933898.8267505,2.516209011388651e-12
1772933898.8267555,3.743957647205687e-12
1772933898.8267608,1.5965249315596842e-12
1772933898.8428085,-6.3420447141987565e-12
1772933898.882967,1.5291571333963413e-12
1772933898.8829913,1.6050043228917925e-12
1772933898.883001,1.2949368057970642e-12
1772933898.88301,1.2949368057970632e-12
1772933898.8830187,2.516209011388651e-12
1772933898.8830276,3.743957647205687e-12
1772933898.8830357,1.5965249315596842e-12
1772933898.883044,-6.3420447141987565e-12
1772933898.9572773,4.433923359399033e-12
1772933898.9573417,2.0036653440308702e-12
1772933898.9573543,1.5291571333963413e-12
1772933898.9573708,1.6050043228917925e-12
1772933898.9573836,1.2949368057970642e-12
1772933898.9573917,1.2949368057970632e-12
1772933898.9574022,2.516209011388651e-12
1772933898.9574115,3.743957647205687e-12
1772933898.9574194,1.5965249315596842e-12
1772933898.9574275,-6.3420447141987565e-12
1772933898.9893672,1.5965249315596842e-12
1772933899.0054476,-6.3420447141987565e-12
1772933899.1430595,1.1373418130391376e-11
1772933899.1431072,1.2431801507667575e-11
1772933899.1431184,1.3043072127615797e-11
1772933899.143128,1.2459025999111894e-11
1772933899.143138,1.153857957137063e-11
1772933899.1431472,1.1538579571370633e-11
1772933899.1431556,1.2459025999111892e-11
1772933899.143164,1.3043072127615794e-11
1772933899.1431725,1.2431801507667566e-11
1772933899.1431816,1.1373418130391374e-11
1772933899.1431904,1.1373418130391373e-11
1772933899.1431987,1.2702565834319476e-11
1772933899.1432076,1.3695472165921515e-11
1772933899.1432164,1.2363539670155905e-11
1772933899.1432252,8.598924531039695e-12
1772933899.1432333,4.433923359399033e-12
1772933899.143242,2.0036653440308702e-12
1772933899.1432505,1.5291571333963413e-12
1772933899.1432583,1.6050043228917925e-12
1772933899.143267,1.2949368057970642e-12
1772933899.1432784,1.2949368057970632e-12
1772933899.143288,2.516209011388651e-12
1772933899.1432967,3.743957647205687e-12
1772933899.1433077,1.5965249315596842e-12
1772933899.1433172,-6.3420447141987565e-12
1772933899.18217,1.2949368057970642e-12
1772933899.1821897,1.2949368057970632e-12
1772933899.1821992,2.516209011388651e-12
1772933899.182207,3.743957647205687e-12
1772933899.182215,1.5965249315596842e-12
1772933899.182223,-6.3420447141987565e-12
1772933899.23038,1.5965249315596842e-12
1772933899.2464495,-6.3420447141987565e-12
1772933899.3237314,1.5965249315596842e-12
1772933899.3237512,-6.3420447141987565e-12
1772933899.4040935,-6.3420447141987565e-12
1772933899.6732368,1.1373418130391374e-11
1772933899.673288,1.1373418130391373e-11
1772933899.6733139,1.2702565834319476e-11
1772933899.6733403,1.3695472165921515e-11
1772933899.6733675,1.2363539670155905e-11
1772933899.6733844,8.598924531039695e-12
1772933899.6733923,4.433923359399033e-12
1772933899.6734004,2.0036653440308702e-12
1772933899.6734085,1.5291571333963413e-12
1772933899.6734164,1.6050043228917925e-12
1772933899.6734245,1.2949368057970642e-12
1772933899.6734324,1.2949368057970632e-12
1772933899.6734402,2.516209011388651e-12
1772933899.6734517,3.743957647205687e-12
1772933899.6734624,1.5965249315596842e-12
1772933899.6734705,-6.3420447141987565e-12
1772933899.6734807,-1.8229382747610607e-11
1772933899.6734893,-2.8422755944858352e-11
1772933899.6734972,-3.2011659074139335e-11
1772933899.6735053,-2.9255580676267486e-11
1772933899.6735132,-2.5336709872376882e-11
1772933899.6735206,-2.5336709872376882e-11
1772933899.673529,-2.925558067626749e-11
1772933899.6735368,-3.2011659074139335e-11
1772933899.673544,-2.8422755944858352e-11
1772933899.6735525,-1.8229382747610604e-11
1772933899.6735604,-6.342044714198758e-12
1772933899.6735685,1.596524931559684e-12
1772933899.6735764,3.743957647205689e-12
1772933899.6735835,2.5162090113886595e-12
1772933899.6735911,1.2949368057970662e-12
1772933899.6735988,1.2949368057970674e-12
1772933899.6736069,1.6050043228917878e-12
1772933899.6736145,1.5291571333963342e-12
1772933899.673622,2.003665344030873e-12
1772933899.6736293,4.433923359399033e-12
1772933899.6736376,8.598924531039698e-12
1772933899.6736453,1.2363539670155906e-11
1772933899.673653,1.3695472165921508e-11
1772933899.6736608,1.2702565834319473e-11
1772933899.6736684,1.1373418130391374e-11
1772933899.673676,1.1373418130391376e-11
1772933899.673684,1.2431801507667575e-11
1772933899.6736927,1.3043072127615797e-11
1772933899.6737006,1.2459025999111894e-11
1772933899.6737084,1.153857957137063e-11
1772933899.673716,1.1538579571370633e-11
1772933899.6737237,1.2459025999111892e-11
1772933899.6737313,1.3043072127615794e-11
1772933899.6737387,1.2431801507667566e-11
1772933899.673746,1.1373418130391374e-11
1772933899.6737535,1.1373418130391373e-11
1772933899.6737611,1.2702565834319476e-11
1772933899.6737688,1.3695472165921515e-11
1772933899.673776,1.2363539670155905e-11
1772933899.6737835,8.598924531039695e-12
1772933899.6737907,4.433923359399033e-12
1772933899.6737983,2.0036653440308702e-12
1772933899.6738064,1.5291571333963413e-12
1772933899.673814,1.6050043228917925e-12
1772933899.6738217,1.2949368057970642e-12
1772933899.6738293,1.2949368057970632e-12
1772933899.673837,2.516209011388651e-12
1772933899.6738448,3.743957647205687e-12
1772933899.6738527,1.5965249315596842e-12
1772933899.6738608,-6.3420447141987565e-12
1772933899.7495987,1.2702565834319476e-11
1772933899.7496216,1.3695472165921515e-11
1772933899.749632,1.2363539670155905e-11
1772933899.749641,8.598924531039695e-12
1772933899.7496495,4.433923359399033e-12
1772933899.7496617,2.0036653440308702e-12
1772933899.7496717,1.5291571333963413e-12
1772933899.74968,1.6050043228917925e-12
1772933899.74969,1.2949368057970642e-12
1772933899.7496984,1.2949368057970632e-12
1772933899.7497063,2.516209011388651e-12
1772933899.749714,3.743957647205687e-12
1772933899.749722,1.5965249315596842e-12
1772933899.7497296,-6.3420447141987565e-12
1772933899.8760817,1.2702565834319473e-11
1772933899.8761168,1.1373418130391374e-11
1772933899.8761268,1.1373418130391376e-11
1772933899.876135,1.2431801507667575e-11
1772933899.8761437,1.3043072127615797e-11
1772933899.876152,1.2459025999111894e-11
1772933899.87616,1.153857957137063e-11
1772933899.8761685,1.1538579571370633e-11
1772933899.8761766,1.2459025999111892e-11
1772933899.8761847,1.3043072127615794e-11
1772933899.8761933,1.2431801507667566e-11
1772933899.8762016,1.1373418130391374e-11
1772933899.8762095,1.1373418130391373e-11
1772933899.8762178,1.2702565834319476e-11
1772933899.8762257,1.3695472165921515e-11
1772933899.8762336,1.2363539670155905e-11
1772933899.8762417,8.598924531039695e-12
1772933899.8762493,4.433923359399033e-12
1772933899.8762577,2.0036653440308702e-12
1772933899.8762653,1.5291571333963413e-12
1772933899.8762758,1.6050043228917925e-12
1772933899.8762863,1.2949368057970642e-12
1772933899.8762944,1.2949368057970632e-12
1772933899.876304,2.516209011388651e-12
1772933899.8763127,3.743957647205687e-12
1772933899.8763201,1.5965249315596842e-12
1772933899.876328,-6.3420447141987565e-12
