timestamp,value
1772934492.2718437,-283.3429209477477
1772934492.2949083,-107.50806086696906
1772934492.2949283,27.844416580291707
1772934492.2949374,-66.09887005321886
1772934492.2949438,-266.87474347189664
1772934492.3863149,-284.8684760563395
1772934492.3863387,-114.42559710073098
1772934492.3863494,21.09000312569624
1772934492.3863585,-63.53476489990915
1772934492.3863668,-252.09893634258182
1772934492.3863752,-287.15995614237255
1772934492.3863835,-121.5093369360558
1772934492.3863919,18.832129506939875
1772934492.3864,-57.04862228680332
1772934492.3864083,-246.87346474499122
1772934492.386417,-296.16490281558816
1772934492.3864248,-144.04607933465783
1772934492.418409,23.725878360838788
1772934492.4345157,-51.70147984953635
1772934492.4657252,-239.88929242716296
1772934492.4657528,-310.92425556127944
1772934492.465763,-154.6312583285219
1772934492.4657748,25.52069231207818
1772934492.4657829,-11.736329281444574
1772934492.4657905,-230.090868912681
1772934492.4977677,-324.705096415326
1772934492.5138516,-201.62741924231125
1772934492.5298848,31.029624912514404
1772934492.5299041,39.29884812209151
1772934492.5459392,-197.22287936470588
1772934492.5781035,-363.42231377559995
1772934492.5941443,-262.7142082686442
1772934492.5941732,9.706335176227626
1772934492.6312847,126.12234992385709
1772934492.631306,-118.4910245638663
1772934492.6313148,-438.9704926407966
1772934492.631323,-409.0241831377787
1772934492.6634135,9.395945288652987
1772934492.702602,33144.72030296028
1772934492.7026265,24630.872626873905
1772934492.7026355,6491.24752193005
1772934492.7026432,-6399.089572190993
1772934492.7026503,-6407.2914222323525
1772934492.7186818,736.5349441230638
1772934492.7347252,4232.15250179163
1772934492.763858,589.6864314461022
1772934492.7638872,-4068.1823015753544
1772934492.763898,-2949.985685049464
1772934492.7799108,2401.8206787669574
1772934492.896396,1007.8744072307588
1772934492.8964176,563.468373462767
1772934492.8964272,-1203.296129013725
1772934492.896436,-1962.2457769099829
1772934492.8964448,-1029.6494776802328
1772934492.8964524,204.10105953091232
1772934492.89646,271.746750046451
1772934492.8964672,-721.9077781039338
1772934492.9636793,-1486.2416405832432
1772934492.9636965,-1215.5748272988894
1772934492.9637046,-299.1532915489
1772934492.96371,193.03108173663506
1772934492.9957862,-297.883056450325
1772934493.019906,-1200.3329053838224
1772934493.0199296,-1492.8134784535985
1772934493.01994,-735.6502295714267
1772934493.1142776,273.0439206483509
1772934493.1143003,213.75443097589817
1772934493.1143105,-1025.1192860618114
1772934493.1143196,-1971.7332852494944
1772934493.114328,-1214.605836130738
1772934493.1143365,564.4411163410367
1772934493.1143448,1009.5858067480624
1772934493.2107184,-892.3156207616009
1772934493.2107563,-2974.707836792258
1772934493.210768,-2082.99589758176
1772934493.2107775,1423.9922884947819
1772934493.210788,2989.85938129069
1772934493.2107964,-802.5211059421413
1772934493.249824,-6445.407453776639
1772934493.249849,-5397.192446507102
1772934493.249859,6878.5461329824
1772934493.2900026,-890.4221143074354
1772934493.2900207,-710.4244731904511
1772934493.2900283,21.81038681627474
1772934493.2900348,275.9776700074031
1772934493.2900407,-280.1071515050099
1772934493.2900465,-852.5287716079671
1772934493.2900536,-659.3692590155504
1772934493.350273,20.26681243188679
1772934493.350294,216.31648591465503
1772934493.3503077,-313.85418519662545
1772934493.3663132,-815.493181650232
1772934493.366341,-604.1429601638321
1772934493.4506762,22.7794833106235
1772934493.4506912,166.29595277060022
1772934493.4506972,-345.9899948868485
1772934493.450703,-789.6436226482322
1772934493.4667299,-561.6587582309996
1772934493.50588,18.039334154777485
1772934493.5058963,115.55223172556467
1772934493.5059025,-377.1690933977143
1772934493.505908,-760.4560443159726
1772934493.5219672,-507.67735820084124
1772934493.52199,6.050265451077391
1772934493.6063008,80.08163528084799
1772934493.606321,-402.06338869450826
1772934493.606331,-741.733011764955
1772934493.6063397,-467.5097040291372
1772934493.606348,27.669207543822182
1772934493.6063566,48.08366678411904
1772934493.6223702,-433.68883275923974
1772934493.6384225,-731.3119823933424
1772934493.6705642,-433.09582653182025
1772934493.67059,30.58660314596366
1772934493.6866868,19.672499328539036
1772934493.686712,-451.4222844322401
1772934493.75695,-704.1966036612782
1772934493.756992,-410.9105357667436
1772934493.7570035,25.198993820378774
1772934493.7570145,-4.155981301005842
1772934493.757022,-452.00946654350696
1772934493.757028,-695.268864629717
1772934493.7730224,-378.8870864181104
1772934493.80513,9.74874125968462
1772934493.8211875,-39.35288010146958
1772934493.849306,-470.5443836107652
1772934493.8493297,-664.0931237576399
1772934493.8493357,-355.07571123587667
1772934493.8493412,10.391201814200754
1772934493.889495,-56.892426163934054
1772934493.8895247,-485.5206619840216
1772934493.9055119,-667.0749481366139
1772934493.9346883,-329.95544852853163
1772934493.9347084,9.906656796805171
1772934494.013942,-86.00289179669845
1772934494.013964,-499.3141253805158
1772934494.013974,-635.6739687008233
1772934494.0139832,-309.1376890401491
1772934494.013991,11.143453086157795
1772934494.097298,-109.2036801314475
1772934494.0973191,-519.5152010818259
1772934494.09733,-631.7986063051223
1772934494.09734,-289.7027340076526
1772934494.0973492,25.688907266585783
1772934494.097358,-129.49674484782219
1772934494.0973692,-543.5083517850435
1772934494.1374552,-609.8453632749097
1772934494.137472,-267.9833009327479
1772934494.1374817,8.56965601709764
1772934494.175626,-150.45371765815688
1772934494.1756468,-543.2018801376712
1772934494.1756527,-606.8684505874825
1772934494.1756585,-253.90674174712169
1772934494.1756632,19.732341496858837
1772934494.175668,-168.90910509306158
1772934494.1756732,-555.7845605011936
1772934494.1756785,-604.8982642081783
1772934494.2239096,-229.43488659734643
1772934494.2239664,7.332693317069638
1772934494.2610068,-191.12793182439842
1772934494.2610288,-562.8806456074822
1772934494.2610402,-571.6340901159077
1772934494.2610495,-207.23472699760552
1772934494.261058,10.173319481304928
1772934494.3011098,-206.51069364418706
1772934494.3011308,-578.013453255978
1772934494.3172095,-577.6194521694007
1772934494.3453343,-187.85336144695077
1772934494.345359,26.71602774604709
1772934494.345369,-228.84364672825464
1772934494.345378,-604.4356228783789
1772934494.3894975,-554.3281484238814
1772934494.3895228,-183.89108109404845
1772934494.4477513,-2078.784670297838
1772934494.4477952,325.5642413188908
1772934494.4478023,2282.344474419114
1772934494.4478085,-132.79705829138368
1772934494.4478161,-6179.405858977143
1772934494.4478238,-9032.360217289402
1772934494.4478297,-1886.6117358592894
1772934494.4478347,13932.340558045018
1772934494.4478407,28095.42175323958
1772934494.4478464,29956.632537374873
1772934494.4637892,18542.359346433568
1772934494.4638088,3272.174497707624
1772934494.5099773,-14353.474068272873
1772934494.5099995,-9420.813176032878
1772934494.5100093,8468.76028888017
1772934494.5100176,22232.579923248115
1772934494.5100255,20511.984900363932
1772934494.5100336,7338.777893820174
1772934494.5100417,-4211.8455405148925
1772934494.5752647,-5958.985338193733
1772934494.5752895,-1060.0463217162987
1772934494.5752964,2343.769584546231
1772934494.5753024,804.6948107295422
1772934494.5753076,-2293.5551970969236
1772934494.5753126,-2671.699098894374
1772934494.5753174,-515.5624994452182
1772934494.5753226,831.0178549493995
1772934494.5753276,-233.42346896179893
1772934494.675707,-1840.1190774017477
1772934494.6757288,-1769.8945768514388
1772934494.6757402,-375.7480611419054
1772934494.67575,258.9898656140126
1772934494.675758,-627.91431000056
1772934494.6757677,-1627.9106535071123
1772934494.6757765,-1348.5524356497783
1772934494.675784,-315.48192935213467
1772934494.675792,-43.279619657348555
1772934494.6757996,-846.623113413414
1772934494.7549813,-1487.9894580135551
1772934494.755008,-1095.5106312024193
1772934494.7550185,-292.86168527629707
1772934494.7550273,-245.9135683672279
1772934494.7550356,-972.1851933867412
1772934494.755044,-1390.3203394056004
1772934494.755052,-919.084031013763
1772934494.7550604,-278.75022776636894
1772934494.7550688,-403.3264712346819
1772934494.8032055,-1081.2747485715436
1772934494.8413837,-1317.7143307233532
1772934494.8414445,-791.7142980765044
1772934494.841457,-277.9411215934432
1772934494.841468,-528.4226671234313
1772934494.8845124,-1149.488775068797
1772934494.8845334,-1266.639774768339
1772934494.9246817,-683.608602309998
1772934494.9247096,-267.6731946193946
1772934494.9247208,-610.1619417552125
1772934494.9247303,-1212.6085137655157
1772934494.92474,-1205.9815049988829
1772934495.0050075,-580.9036365052792
1772934495.0050268,-264.03286926657756
1772934495.005033,-710.9654973513964
1772934495.0050404,-1284.959195353244
1772934495.037119,-1148.441897897595
1772934495.0883276,-490.4255292682152
1772934495.088344,-272.47700679149386
1772934495.0883503,-811.5826789945438
1772934495.0883558,-1335.365866211595
1772934495.0883608,-1075.3298455704119
1772934495.0883653,-391.36591923309885
1772934495.1204524,-277.8794803842439
1772934495.1506195,-909.0856760981617
1772934495.1506467,-1396.136183701008
1772934495.1506572,-1010.1363811671474
1772934495.150666,-284.8667089069231
1772934495.166757,-276.883256424192
1772934495.2078488,-1009.2840984735968
1772934495.2078722,-1464.0152912571282
1772934495.2078817,-953.2932197520918
1772934495.223888,-164.57028505773326
1772934495.2519937,-261.2773343701863
1772934495.2520275,-1139.5126149035266
1772934495.2520373,-1557.1075010231255
1772934495.284161,-869.7823925219578
1772934495.3152924,-23.638734657111055
1772934495.3153136,-260.1257086026569
1772934495.3153236,-1291.5232990960735
1772934495.331313,-1654.2824161554875
1772934495.3714948,-741.5361804835292
1772934495.3715143,162.9386693737904
1772934495.3715208,-274.2535393518404
1772934495.4157336,-1495.2064188892616
1772934495.4157548,-1779.2284981459352
1772934495.4157653,-605.6229004142217
1772934495.415774,411.6725033705674
1772934495.4157827,-262.3764671198276
1772934495.4157913,-1797.041126554416
1772934495.4158,-1992.5692737809343
1772934495.471912,-384.69810288701217
1772934495.4719284,805.2688771255515
1772934495.471938,-263.9874713675062
1772934495.471944,-2288.424691336541
1772934495.471949,-2332.646234630909
1772934495.502094,2.725507045062841
1772934495.5021236,1527.744239252759
1772934495.502134,-268.76492880277175
1772934495.502143,-3294.370697870753
1772934495.502152,-3074.0720743274237
1772934495.5181055,923.7137033868246
1772934495.5462396,3436.216249658332
1772934495.546265,-265.79592272858554
1772934495.5462742,-6766.305961555645
1772934495.5462823,-6287.702249281348
1772934495.5622551,6421.066110117366
1772934495.5783527,24154.814388008497
1772934495.6235213,-272.6524666090794
1772934495.6235428,-352.6385737628867
1772934495.6536915,-585.4078281936739
1772934495.65372,-642.049057263002
1772934495.653726,-443.94277097968535
1772934495.6537337,-272.80812169933296
1772934495.65374,-374.75918728808443
1772934495.7209322,-591.2549559769973
1772934495.7209568,-633.7023200504128
1772934495.7209637,-430.17045271609993
1772934495.72097,-265.38048843976094
1772934495.7209773,-370.65579977092335
1772934495.7370071,-602.5900417435579
1772934495.7691643,-632.9597435219288
1772934495.8143382,-418.12204262616604
1772934495.8143587,-271.3964545660839
1772934495.8143692,-386.508111846466
1772934495.8143785,-600.1524141550021
1772934495.8143866,-612.3863939080768
1772934495.814395,-410.574325969907
1772934495.814404,-287.6965822042468
1772934495.8625247,-411.6228746764222
1772934495.8947275,-610.6445825247995
1772934495.8947487,-610.5294289657763
1772934495.8947587,-399.24465798650874
1772934495.8947673,-274.4858698284932
1772934495.894776,-414.30528028112604
1772934495.9107516,-628.7157275094086
1772934495.9428663,-603.8552931202634
1772934495.9589407,-400.91306619835797
1772934495.9870286,-278.862658334411
1772934495.9870515,-422.4714161586021
1772934495.9870594,-622.7026383539464
1772934495.9870656,-603.3125009035724
1772934496.0192,-388.7252039163486
1772934496.063331,-281.677660073114
1772934496.0633461,-434.06209586792704
1772934496.0633526,-621.4242228572389
1772934496.063358,-580.0180416706297
1772934496.0954766,-372.8646887788563
1772934496.1347244,-279.3133597965962
1772934496.1347404,-443.2751635138679
1772934496.1347468,-624.7851774665322
1772934496.1347525,-569.3302236872428
1772934496.1347573,-360.8743139701635
1772934496.150706,-290.364417337006
1772934496.1948903,-454.6471066773542
1772934496.1949077,-636.9195900168559
1772934496.194914,-575.2721010653945
1772934496.235046,-344.2063314051777
1772934496.2350616,-285.1995601108577
1772934496.2350678,-471.3442371806372
1772934496.2350736,-640.3712527359523
1772934496.2350788,-554.826940677009
1772934496.2671776,-339.6719807778168
1772934496.2832506,-284.7099356848486
1772934496.29934,-481.718029329604
1772934496.3154092,-649.1306225875546
1772934496.3154538,-556.7876482682669
1772934496.3475108,-317.1383831304342
1772934496.3636482,-298.44933530484
1772934496.3937435,-500.08570382018706
1772934496.3937733,-657.1268379634796
1772934496.393788,-535.2389448957407
1772934496.3937988,-304.3648166306659
1772934496.393808,-293.0305866906806
1772934496.3938165,-526.839566782478
1772934496.4258828,-659.7993592173372
1772934496.441878,-531.7205819833284
1772934496.4670107,-287.88827655551745
1772934496.4670267,-294.33152180001673
1772934496.4670331,-541.5434645418198
1772934496.5142114,-669.4509414500777
1772934496.514227,-510.8734730356221
1772934496.5142329,-279.20138305100147
1772934496.5302746,-307.56425501529816
1772934496.5905333,-544.560691293532
1772934496.5905578,-677.0407097818252
1772934496.5905695,-511.60756438936926
1772934496.6327274,-263.19978273860954
1772934496.6327655,-296.52972436925097
1772934496.632776,-557.1109126098044
1772934496.632785,-676.6591359981356
1772934496.632794,-481.9371978287145
1772934496.6328032,-244.1084036526875
1772934496.632812,-301.8737070081544
1772934496.63282,-582.607127560108
1772934496.6648784,-699.0916049210823
1772934496.6809008,-478.75360449443735
1772934496.7281528,23520.73628584185
1772934496.7281845,14654.58310383483
1772934496.7281952,-2204.4295780390426
1772934496.7282064,-9270.031753747831
1772934496.728217,-1766.7480120327264
1772934496.7282264,7116.132838867866
1772934496.7282348,3596.4551047950667
1772934496.728243,-8671.803509321378
1772934496.7282517,-12682.583468353301
1772934496.72826,498.83404307664244
1772934496.7282684,19541.698932442843
1772934496.7702465,25202.929168380044
1772934496.7702632,12220.642327540349
1772934496.7702696,-5262.109815304165
1772934496.770275,-10615.188687793365
1772934496.7983875,-2753.742217045046
1772934496.7984135,5425.392515516538
1772934496.7984233,4038.8978831176596
1772934496.7984316,-3160.848562470017
1772934496.8375585,21191.52420013462
1772934496.837574,30679.794001661212
1772934496.8375802,30426.129224829783
1772934496.8375857,17373.391572718403
1772934496.8375907,906.1691371364757
1772934496.8857653,-6771.626022415589
1772934496.8857872,-3604.4107021245113
1772934496.8857975,1868.8151278350047
1772934496.8858068,1789.195827381497
1772934496.8858154,-2516.9495979397475
1772934496.8858273,-4468.701667010272
1772934496.964056,19887.596482957186
1772934496.964082,26432.786601654476
1772934496.9640944,26359.96142301047
1772934496.9641044,19902.50095983219
1772934496.9641123,12058.866350933784
1772934496.96412,8246.011784140594
1772934496.964128,10102.603061628912
1772934496.964136,14642.019761028916
1772934496.9641435,16623.966059730898
1772934496.9641511,12353.454926430402
1772934496.9641583,2762.9034216394025
1772934496.9641664,-6607.800787327271
1772934496.9641738,-9781.708795588485
1772934496.9641812,-5802.705645256356
1772934496.9641888,97.67769922748232
1772934496.9641964,1783.3993949191074
1772934497.0232823,-11817.864869828958
1772934497.0233002,-21638.673443571002
1772934497.0233064,-18876.93439672634
1772934497.0233119,-5418.638355252278
1772934497.0233169,5716.048650708057
1772934497.0233216,4643.630422398702
1772934497.0233266,-4485.188580660492
1772934497.0504212,-8958.173815296934
1772934497.0504415,-2992.3173404575628
1772934497.0504513,5390.128744226735
1772934497.132753,1251.8859774670054
1772934497.132773,-2444.213261536103
1772934497.1327941,-4375.31598077365
1772934497.132805,-2195.415539367676
1772934497.1328197,833.5784276206116
1772934497.1328294,626.0741453241292
1772934497.132838,-2283.904462190036
1772934497.1328456,-3812.200345851621
1772934497.1328535,-2009.9284991070153
1772934497.132861,480.8411637545184
1772934497.1689343,907.3708260341796
1772934497.1689565,-3989.194155147402
1772934497.168966,-4896.129307342472
1772934497.1689746,3256.903200492724
1772934497.1689825,14403.172736258939
1772934497.16899,17480.30543453212
1772934497.1690047,9107.406886517347
1772934497.2210982,-1990.33536766421
1772934497.2211192,-4434.299247741509
1772934497.2211263,-3253.417818779749
1772934497.2211325,-4778.431914376939
1772934497.2211387,-7822.316768722383
1772934497.221145,-3952.93028454424
1772934497.2211502,10514.46364907771
1772934497.221156,26611.543693987292
1772934497.2211616,30441.860024115256
1772934497.2844048,29570.590113858456
1772934497.284426,23451.324402504324
1772934497.284433,3221.6779220289577
1772934497.284438,-20788.753621923635
1772934497.2844434,-31678.65884985623
1772934497.2844508,-20420.202676184967
1772934497.2844572,4755.537680867754
1772934497.2844625,25166.980534735638
1772934497.284469,29167.4260878912
1772934497.284475,22158.355557669984
1772934497.28448,18276.00755305715
1772934497.2844849,23355.246954165825
1772934497.28449,28788.050104349863
1772934497.3195345,27143.974681592154
1772934497.3195703,13942.349301310023
1772934497.3195808,-4217.28977517993
1772934497.31959,-13043.90699292982
1772934497.3356016,-8653.868637211657
1772934497.3647301,-190.55869198801742
1772934497.364751,1990.6259662975167
1772934497.364761,-2456.0869296779224
1772934497.3647704,-6043.794323115379
1772934497.3808205,-4184.408250529108
1772934497.39687,-274.4875946561778
1772934497.4390492,87.23935852713906
1772934497.4390721,-3192.739805126084
1772934497.4390783,-5239.851382975136
1772934497.4390836,-3343.6145715703087
1772934497.4390893,-422.73109463044165
1772934497.4390943,-579.9980961139817
1772934497.4550931,-3407.412059676457
1772934497.4972808,-4824.771121258629
1772934497.497301,-2963.0059586995594
1772934497.4973116,-557.9445168349321
1772934497.5133514,-972.7442542079028
1772934497.5414317,-3491.39534079028
1772934497.541456,-4556.017045893804
1772934497.5414653,-2741.7173668187165
1772934497.5738137,-659.9565884828019
1772934497.5896823,-1237.7732993985105
1772934497.6257825,-3561.5638221043264
1772934497.6258073,-4358.1730744873885
1772934497.6258173,-2554.287240654159
1772934497.6258261,-732.5886839453091
1772934497.6419156,-1435.190610361165
1772934497.7041116,-3604.4795979141454
1772934497.704136,-4202.056427628763
1772934497.7041457,-2421.237309905482
1772934497.7041547,-797.8034065446292
1772934497.7041633,-1595.0227648947975
1772934497.7041717,-3656.6176924929077
1772934497.7041802,-4086.2605465482766
1772934497.704188,-2318.56184773548
1772934497.7493052,-847.0697629424301
1772934497.7493265,-1734.7592296858468
1772934497.7493365,-3701.8922528031685
1772934497.7975001,-3972.8299275331124
1772934497.7975292,-2203.040255692528
1772934497.7975407,-884.6437764116516
1772934497.7975512,-1855.663432668659
1772934497.797563,-3732.6677955916357
1772934497.797574,-3884.019129789069
1772934497.8487127,-2106.316924310137
1772934497.8487291,-918.4132924476767
1772934497.8487368,-1970.234826746733
1772934497.848742,-3768.880753833919
1772934497.8487484,-3789.8529599116428
1772934497.848754,-2022.393358965803
1772934497.8808389,-942.1454000545647
1772934497.8808632,-2080.744608644885
1772934497.896912,-3825.755146020537
1772934497.9551463,-3714.8377254714715
1772934497.9551756,-1927.6795034633328
1772934497.9551864,-967.5692865451749
1772934497.9551957,-2177.8026084777966
1772934497.955204,-3851.9539039624387
1772934497.9552124,-3639.3396391443166
1772934497.9552207,-1847.9009389262837
1772934497.9872904,-982.2715620810427
1772934497.9873195,-2277.2139251914173
1772934498.0033817,-3908.14959106534
1772934498.0264568,-3566.326617452995
1772934498.0264883,-1744.5035179408658
1772934498.0264993,-995.9304388085008
1772934498.0265088,-2382.0997578293773
1772934498.08473,-3943.3820330401736
1772934498.0847492,-3498.592875942474
1772934498.0847585,-1658.9732206834165
1772934498.1007757,-1014.1223402259554
1772934498.1168098,-15066.371684676014
1772934498.1328728,-20805.66717964844
1772934498.179144,12416.663688019931
1772934498.179234,3776.8465548453537
1772934498.179252,-12464.281600087219
1772934498.1792643,-19872.932476335678
1772934498.1792824,-8977.343394778258
1772934498.1792955,11613.395926766741
1772934498.1793056,23156.70652068229
1772934498.1793168,15924.08737764114
1772934498.1793263,-1406.7524466567338
1772934498.1793349,-12139.91814164931
1772934498.1793444,-9303.409335591765
1772934498.2011156,-796.2141660277155
1772934498.2011416,2050.7322523216612
1772934498.2333105,-2331.16611002032
1772934498.2604208,-6410.199320391344
1772934498.2604392,-4655.730659026889
1772934498.2604456,-245.4875015941309
1772934498.2764747,446.81391697296687
1772934498.2765014,-3273.0419399754373
1772934498.3207097,-9533.237887090329
1772934498.3207288,-16470.51487058789
1772934498.3207352,-17012.434381828974
1772934498.3638232,-24697.76790209876
1772934498.3638408,-24391.344238345886
1772934498.3638468,-17870.950191224525
1772934498.3638525,-6248.485971715738
1772934498.3638575,6303.4019108613975
1772934498.3638625,16143.822679213048
1772934498.3638673,22591.0868179537
1772934498.363872,25937.477835904727
1772934498.3638785,24541.02079962136
1772934498.3798685,16335.7202581936
1772934498.4080439,3545.8802511125236
1772934498.4080815,-6626.172532089044
1772934498.4080908,-8169.519773049463
1772934498.4361372,-2863.552316467616
1772934498.4361608,1441.0841608669803
1772934498.4361687,-359.8955169926836
1772934498.530493,-5173.701389628688
1772934498.530516,-6442.909390793385
1772934498.5305233,-2715.0274479762384
1772934498.5305288,740.5082814277337
1772934498.5305343,-755.0392152414595
1772934498.53054,-5028.883098081499
1772934498.5305457,-6168.344684034386
1772934498.5626688,-2632.296724920974
1772934498.6118376,-9093.925267890852
1772934498.6118596,11030.648751469804
1772934498.611869,23938.484119816556
1772934498.6118772,21252.129542216502
1772934498.611885,7813.199598811085
1772934498.6118932,-4887.931584526767
1772934498.6439707,-9256.742129157199
1772934498.6720963,-6113.535362799801
1772934498.6721127,-1176.631536946796
1772934498.672119,691.119818109165
1772934498.6881511,-1365.555640380098
1772934498.6881783,-4757.926312098128
1772934498.7433815,-5976.608471075699
1772934498.7434113,-3808.751345220998
1772934498.7434232,-585.1480814825203
1772934498.7594488,-62.921540416077946
1772934498.7595055,-3158.066979717819
1772934498.7755044,-6314.768115707497
1772934498.8197377,-5387.005897690442
1772934498.819766,-1070.7578631724014
1772934498.8538013,1275.0525280225725
1772934498.853822,-1918.6891273307838
1772934498.853829,-7095.416101723419
1772934498.8538342,-7306.507816894427
1772934498.8538392,-1300.6469957983195
1772934498.8859751,3619.758735478565
1772934498.9201643,113.58363613525592
1772934498.920196,-8995.642180312727
1772934498.9202075,-12164.2912406399
1772934498.920218,-2433.935364261875
1772934498.9202273,12975.253842401393
1772934498.9431815,-1586.1667415651539
1772934498.9432085,-9498.890221460584
1772934498.94322,-11273.657450581924
1772934499.0225337,-460.9429293278586
1772934499.02255,-1999.1703451146093
1772934499.0225563,-4500.267670821138
1772934499.022562,-4502.958190274757
1772934499.0225673,-1871.778936571336
1772934499.022572,-170.64328437104635
1772934499.0225768,-1896.9950679357917
1772934499.0225816,-4872.779746565128
1772934499.0225887,-4908.01726607352
1772934499.0547132,-1539.7645154070972
1772934499.0707307,719.2185757873737
1772934499.0868218,-1830.6780335493304
1772934499.1028948,-6650.622300372523
1772934499.1029315,-6629.040120685042
1772934499.1510792,2189.495631669796
1772934499.17415,609.0983721064586
1772934499.1741767,-1170.57627425241
1772934499.1741884,-4547.968066668338
1772934499.1902692,-4888.069333096573
1772934499.2223728,-1303.5903515539012
1772934499.2223997,1621.8794526013955
1772934499.2635148,-373.6218617480721
1772934499.2635417,-5501.999856286529
1772934499.2635512,-7342.298048549145
1772934499.263559,-2149.0715959872555
1772934499.263567,7190.881276322444
1772934499.2635748,15110.586827776726
1772934499.2957163,-7609.695218942948
1772934499.3117335,-9852.703139557518
1772934499.3277848,-2865.098621295733
1772934499.3438487,24083.19956971688
1772934499.392054,-8392.164873401245
1772934499.408223,-11195.658578923434
1772934499.424222,-9028.858809808738
1772934499.456323,-4178.514433628419
1772934499.4864538,423.8208902894156
1772934499.4864776,76.42122247233311
1772934499.4864872,-2542.670849309953
1772934499.4864953,-3978.982444295505
1772934499.4865036,-1636.671680719201
1772934499.5025582,2148.2031389486174
1772934499.5025873,1775.7753407090172
1772934499.5346687,-5253.02712633184
1772934499.5507295,-14612.064657570494
1772934499.5737884,-1759.3738882585415
1772934499.5738125,-1221.968433652933
1772934499.5738196,-1062.0334173798074
1772934499.6059785,-1478.659847752979
1772934499.6451025,-1991.5058658439684
1772934499.645122,-1950.0028339125222
1772934499.6451283,-1374.356961578809
1772934499.645134,-941.5921453671865
1772934499.6451392,-1197.6345704255607
1772934499.645144,-1901.3106966144983
1772934499.668167,-2235.376048292605
1772934499.6681924,-1778.8360123282093
1772934499.715392,-909.6984471331742
1772934499.7154176,-593.4797003933696
1772934499.7455304,-1272.4103530422497
1772934499.7455828,-2503.6268551094213
1772934499.7455945,-3307.920462120451
1772934499.7456036,-3209.858002648083
1772934499.7777462,-2661.685779182216
1772934499.8308651,-3000.128600263062
1772934499.830886,-284.65811098755245
1772934499.8308947,1174.3376558524226
1772934499.8309057,-882.3805279861037
1772934499.830915,-3965.0807562911523
1772934499.8309233,-3784.180912792017
1772934499.8871126,-22.918702645757236
1772934499.8871293,2599.187245577323
1772934499.8871353,109.75558200401953
1772934499.88714,-5488.696860759672
1772934499.887145,-8146.6588348279665
1772934499.9031832,-4599.621086030419
1772934499.9192133,-5108.752418526296
1772934499.9353173,-10612.15203195823
1772934499.9775205,-3524.044813539179
1772934499.9775443,-4690.619133269936
1772934499.977555,-343.32528409542516
1772934499.977564,4596.85262955932
1772934499.9775722,2192.0597052069015
1772934499.9935212,-8377.934215142011
1772934500.0387383,-4688.023407471461
1772934500.0387557,3631.6002725885405
1772934500.0387628,17106.82044224003
1772934500.0618007,-10.29202460474486
1772934500.061829,-4247.118037831923
1772934500.0618389,-4671.111949446087
1772934500.118086,-3324.7977015449974
1772934500.1181064,-6268.988940697309
1772934500.118116,-3537.191796645419
1772934500.1642463,-903.4789810260907
1772934500.1642716,-231.21425372683444
1772934500.1642816,174.58050004827882
1772934500.1642923,-255.96336800378842
1772934500.164302,-925.920738071804
1772934500.1643107,-900.2010071979016
1772934500.16432,-215.90266876070388
1772934500.1963797,179.93873437854649
1772934500.225578,-270.1788148533087
1772934500.225628,-952.8072925465759
1772934500.2256472,-902.0970128500685
1772934500.2415445,-188.38240211611685
1772934500.2938952,209.30908749132138
1772934500.2939413,-290.9230181686641
1772934500.2939568,-989.0928502152149
1772934500.293968,-910.1652973316126
1772934500.2939796,-159.95846769295892
1772934500.3098469,223.9523924061074
1772934500.370105,-307.6569479322201
1772934500.3701284,-1027.1927149239025
1772934500.3701355,-914.7833977088355
1772934500.3861852,-114.8127053102553
1772934500.3862135,253.61235898592324
1772934500.4504492,-332.9642262564078
1772934500.4885623,-1068.8830285939462
1772934500.4885848,-929.6297015443649
1772934500.488593,-78.19892028540745
1772934500.488623,304.7889213324562
1772934500.4886312,-329.8478522707876
1772934500.4886367,-1112.5763499025245
1772934500.4886422,-945.7218429424981
1772934500.5207288,-45.58375289825886
1772934500.561885,352.7460095731281
1772934500.5619147,-351.4002577489647
1772934500.5619247,-1186.6001920054644
1772934500.561936,-977.0291424068486
1772934500.561946,17.433129351933836
1772934500.5619545,416.9597215515798
1772934500.561963,-372.95364690403267
1772934500.577937,-1275.3702863081178
1772934500.6181676,-1016.6825524017999
1772934500.6181877,68.45152868939132
1772934500.6181972,486.45939101742675
1772934500.6974676,-366.0405466365882
1772934500.6974869,-1357.490658694035
1772934500.6974964,-1071.235328815592
1772934500.7135086,151.88555894391124
1772934500.713533,621.8379015213304
1772934500.7295873,-378.02787813468547
1772934500.7617438,-1490.1211492499067
1772934500.7793634,-1179.9538029153807
1772934500.7938168,234.64058182621085
1772934500.8099248,772.0160960309174
1772934500.8691955,-360.2348275262029
1772934500.8692243,-1681.032835837953
1772934500.8692372,-1306.3136275789907
1772934500.8692477,357.4737323279444
1772934500.869258,1026.0751944561823
1772934500.8852024,-339.3865146380709
1772934500.9334254,-1981.1855299006943
1772934500.9675505,-1552.281665932384
1772934500.9675753,536.6328101439052
1772934500.9675865,1468.5588302482959
1772934500.9675949,-243.69966410270922
1772934500.9676044,-2457.041228359606
1772934500.9676137,-2026.8283548403483
1772934501.0247595,835.0369202128368
1772934501.0247805,2308.551182569842
1772934501.0409274,-10.81851217150985
1772934501.0569906,-3452.943637823102
1772934501.0570507,-3156.036027661425
1772934501.1362748,3403.5207675259476
1772934501.136299,4574.23115620575
1772934501.136309,-2170.8275429315995
1772934501.1363177,-9340.16910069813
1772934501.136327,-5436.039058008163
1772934501.136346,11152.03704236661
1772934501.1363544,27337.851260037587
1772934501.152298,-5627.407865781613
1772934501.1844475,-16394.778483335653
1772934501.2004848,-4087.6208172755414
1772934501.2336388,822.5261149808584
1772934501.2336595,2812.769148442817
1772934501.2336698,1333.5747331842504
1772934501.2336793,-4515.328684073636
1772934501.2497356,-11861.595718925882
1772934501.2728028,1032.211460992878
1772934501.272822,-584.8428166721676
1772934501.2888525,-1936.8389626200753
1772934501.3049345,-1022.6570087755803
1772934501.3531415,1111.2327289797217
1772934501.3531723,1443.1048597077154
1772934501.3912804,-787.6610011293226
1772934501.3913124,-2740.001857162212
1772934501.3913193,-1331.1323660991566
1772934501.3913252,2290.7065955249677
1772934501.3913307,3157.6426699127123
1772934501.391336,-2293.5615202255103
1772934501.4394891,-12110.807413002076
1772934501.468592,-3742.863232657234
1772934501.4686148,-10693.594932147007
1772934501.5007243,247.62997165534006
1772934501.5168157,-3756.172007065556
1772934501.5409312,-4075.18974653725
1772934501.5409584,3676.5369757916646
1772934501.5409687,16902.563605551237
1772934501.5569644,760.3570570297973
1772934501.5569909,-1628.498743049516
1772934501.5891044,-2083.5905397228767
1772934501.6051607,301.8539665647093
1772934501.6363263,2332.987188441086
1772934501.6363547,922.0589165705404
1772934501.6363695,-2297.256882975761
1772934501.636382,-2763.9578124317386
1772934501.636394,692.4848515597087
1772934501.668444,3537.2859564625974
1772934501.7027607,1301.5169447650817
1772934501.702798,-3757.8682095850736
1772934501.7028136,-4472.305414231036
1772934501.7028296,1608.5851122953966
1772934501.7028446,7196.594091524769
1772934501.7028575,2926.901663269806
1772934501.7508092,-10005.142291874465
1772934501.7508366,-18272.70953400126
1772934501.795918,16.595780359060722
1772934501.795944,15.05704047991596
1772934501.7959547,17.16852375768363
1772934501.7959635,19.418791181255013
1772934501.7959726,15.46456879701194
1772934501.7959812,2.8603250943461345
1772934501.8752968,13.579070790693558
1772934501.875328,16.95682925759781
1772934501.8753388,19.11969995577824
1772934501.875348,17.98192589580245
1772934501.875357,15.771382713366574
1772934501.875366,16.89655046110028
1772934501.8753753,22.123172218149975
1772934501.8753836,25.94091295595345
1772934501.875392,21.08806457329418
1772934501.8754008,6.022685409076747
1772934501.9074252,4.591667096372387
1772934501.955626,21.96965236828006
1772934501.9556415,20.90587700652674
1772934501.955648,20.196181708496574
1772934501.955654,22.90366758986224
1772934501.955659,26.874628864041124
1772934501.955664,24.927446786187712
1772934501.9556687,12.126772047908105
1772934501.9877374,28.02352508409234
1772934502.0038407,23.08063293614831
1772934502.0199196,9.237659952236038
1772934502.0429585,28.025738961561743
1772934502.0429823,26.355003475693803
1772934502.0429888,12.78314612725392
1772934502.1042173,25.59335447319275
1772934502.1042347,9.396139632650817
1772934502.1203103,25.06131527027848
1772934502.1203353,10.821589949751862
1772934502.203642,21.777408779017925
1772934502.2036688,18.01596202047161
1772934502.2036805,17.870342253170474
1772934502.20369,22.48132403080531
1772934502.2036989,26.339543282159045
1772934502.203708,21.92600112795512
1772934502.2037184,7.548461657858088
1772934502.2437599,21.871173952415376
1772934502.2437797,9.180374756250172
1772934502.2678976,23.662793078777746
1772934502.2679195,19.0847496904011
1772934502.283929,5.752678058030455
1772934502.3442287,17.45156908695559
1772934502.3442717,20.867893944486916
1772934502.344282,23.313812702868454
1772934502.3442914,19.3358813026282
1772934502.3603184,7.472028104708477
1772934502.44662,17.72524350271068
1772934502.4466436,17.739754272880322
1772934502.4466555,17.05739678007416
1772934502.4466665,17.82239008945961
1772934502.446675,21.17090789685424
1772934502.4466856,24.050586901623582
1772934502.4466946,20.635864177468683
1772934502.4627385,8.02733246454081
1772934502.529963,17.91696153017469
1772934502.5299835,18.20296072422123
1772934502.5299942,20.280335005685586
1772934502.5300035,22.049636584131264
1772934502.5300124,21.021625192552673
1772934502.5300207,18.009352381129467
1772934502.5300288,17.012224129550198
1772934502.5300372,20.368205567244644
1772934502.5300455,24.636649559674247
1772934502.5300543,22.839622130467536
1772934502.5300624,11.537878290278714
1772934502.6012597,22.176017606488656
1772934502.601297,22.78067836913838
1772934502.601307,18.0529364052163
1772934502.6013153,6.124729240946958
1772934502.617318,18.485935714918423
1772934502.6494343,8.095880317077624
1772934502.688599,26.738711481712013
1772934502.6886203,23.79819503144564
1772934502.6886268,9.995367019956815
1772934502.736794,7.542979166954912
1772934502.770958,16.823844150607517
1772934502.7709737,19.8059799622004
1772934502.770982,22.71216072019157
1772934502.770989,18.669960947929905
1772934502.7709944,5.435348619956587
1772934502.8191445,21.12792205487373
1772934502.8351936,25.431011993991905
1772934502.8514216,22.233417026702778
1772934502.8514466,8.263679909707125
1772934502.8673155,21.92469525885361
1772934502.8994524,7.837825465391836
1772934502.9507458,23.477573408492415
1772934502.9507673,22.975449796311747
1772934502.9507775,23.886340512015536
1772934502.9507868,24.456704777610888
1772934502.9507957,20.23062255363974
1772934502.9508045,8.478900341310913
1772934503.0110767,21.93610740328206
1772934503.0111191,23.3676364512042
1772934503.01113,17.892734259743523
1772934503.027002,5.024280286015992
1772934503.0591946,17.08318839661187
1772934503.09028,22.09181427629829
1772934503.0903125,25.592601390097048
1772934503.0903237,21.56290003759075
1772934503.0903327,8.750644965706638
1772934503.1063907,19.838726349964375
1772934503.1064477,7.011110770555659
1772934503.184616,18.459655487910293
1772934503.1846366,20.254032846630036
1772934503.1846428,20.05689465407237
1772934503.184651,18.68365618926737
1772934503.1846616,18.964681301470424
1772934503.1846707,21.79957448087421
1772934503.1846812,23.658275317878296
1772934503.1846907,19.123757504616947
1772934503.2167923,6.458638394445505
1772934503.2327976,8.639180296309434
1772934503.2659523,20.00418814435337
1772934503.2659733,24.694420551028156
1772934503.2659833,28.566399181835727
1772934503.265992,25.12441861623153
1772934503.266,11.862441338311116
1772934503.314137,11.0911018373017
1772934503.3593397,26.093147779806554
1772934503.359362,22.10163964186
1772934503.3593724,9.53800749083168
1772934503.4256072,24.01824126306614
1772934503.4256253,20.910275270573738
1772934503.4256325,18.85309665871415
1772934503.4256387,21.25054760156141
1772934503.425644,25.446740797251362
1772934503.4256496,24.118269875149476
1772934503.4256546,12.810824324572659
1772934503.4417288,23.344471130094508
1772934503.47389,9.29287803760396
1772934503.5250185,21.32275191075148
1772934503.525064,19.46728301575365
1772934503.525076,19.390271166715443
1772934503.5250857,22.18623325418932
1772934503.525097,24.82333081356906
1772934503.525108,21.638571596591486
1772934503.5251167,9.771421430991756
1772934503.5571923,8.787665940531266
1772934503.584313,17.02553218530258
1772934503.5843356,21.210422711081744
1772934503.5843425,25.249158225176846
1772934503.5843475,21.784676906046677
1772934503.600341,8.240347227156356
1772934503.6746314,20.43653496621506
1772934503.674673,21.9950645947488
1772934503.6746802,26.272358427390827
1772934503.6746862,28.87473625872289
1772934503.6746917,24.17367425144964
1772934503.690716,10.943784238265824
1772934503.7228339,10.677814301203679
1772934503.749951,23.653391254334807
1772934503.7499726,27.202439200013636
1772934503.7499824,22.83821080951055
1772934503.766005,8.48720559361796
1772934503.8423307,24.983505245707153
1772934503.842353,27.68517627921361
1772934503.8423636,22.121414919280053
1772934503.874432,6.797388884275073
1772934503.9337332,14.825362144473242
1772934503.9337595,16.365488770329495
1772934503.9337695,22.88642210037192
1772934503.933778,27.903631911336422
1772934503.9337864,24.15298670226842
1772934503.9658418,10.761143169121487
1772934503.9969392,20.60505587062664
1772934503.9969585,25.50673934823826
1772934503.9969678,30.1692019816359
1772934503.9969745,26.621308659881223
1772934504.0130625,12.482516682814408
1772934504.0571797,27.65576027893027
1772934504.0572023,13.790837562849555
1772934504.0812883,31.47504521252061
1772934504.0813105,26.0592900184464
1772934504.081323,10.407362919515748
1772934504.137544,27.917664409265747
1772934504.1375608,24.446329079028647
1772934504.1375675,11.113466788983214
1772934504.1797488,24.99339818122065
1772934504.1797693,22.2851862917087
1772934504.1797757,22.535887266317673
1772934504.1797812,27.21340562331489
1772934504.179786,30.772932072588418
1772934504.1797912,25.218884629814298
1772934504.1797965,8.781173055473689
1772934504.2248676,28.594367375936287
1772934504.2248905,25.850999572544147
1772934504.2410135,12.616752794074493
1772934504.2640681,26.099689835658264
1772934504.264094,26.91907843292704
1772934504.264104,21.178016649532758
1772934504.2641132,8.114994468156137
1772934504.305329,20.143165414219943
1772934504.3053627,23.30910306460751
1772934504.3053794,20.38211237993653
1772934504.3212535,8.656988235930093
1772934504.3373315,19.00102144698803
1772934504.3373518,7.132812378310688
1772934504.3855753,9.509070196945391
1772934504.419752,19.829554894093928
1772934504.4197783,20.333381746493227
1772934504.4197848,24.321507155267575
1772934504.4197905,28.236832039316216
1772934504.4197955,25.44770067969234
1772934504.4198008,12.943922094443984
1772934504.4679153,22.350644303936228
1772934504.46795,8.352891707459321
1772934504.5090568,18.164473826148846
1772934504.5090864,18.6137840806306
1772934504.509096,18.232303315399434
1772934504.5091047,16.16662315886558
1772934504.5091128,14.283078283979952
1772934504.5091205,15.563784355405142
1772934504.5091283,20.237467451666568
1772934504.525144,23.863331843636647
1772934504.5412073,20.28039019836353
1772934504.5412474,7.3391209684340035
1772934504.5572555,19.4343850165555
1772934504.57331,14.811623097506422
1772934504.5733368,3.4327801927151733
1772934504.6054456,17.07575528250674
1772934504.6215453,7.883657087889133
1772934504.6476376,14.532753169798694
1772934504.647663,17.649951435514186
1772934504.6476724,16.641076130224175
1772934504.647683,7.44818331895362
1772934504.739997,20.14027394534753
1772934504.740015,17.8928669875855
1772934504.7400224,14.94773460275817
1772934504.7400289,16.231775194712153
1772934504.740034,22.32236913659162
1772934504.7400403,27.144349557022537
1772934504.7400465,22.932053595437946
1772934504.7400515,8.04400052197481
1772934504.7842028,16.983050071174272
1772934504.7842245,16.76124557927371
1772934504.8143728,20.443059622891816
1772934504.8144083,23.261396837976623
1772934504.8144212,18.774865646679626
1772934504.8144329,5.239798361534706
1772934504.846481,19.94514945957713
1772934504.8625147,7.673698355546036
1772934504.8856068,21.667173540568534
1772934504.8856337,7.873995126700831
1772934504.9649284,21.629388519789334
1772934504.9649477,26.31030558796903
1772934504.9890466,23.24052422665785
1772934504.9890733,8.149834700773951
1772934505.06739,21.492379256002163
1772934505.0674071,17.140887912452282
1772934505.0674138,16.625021011385492
1772934505.0674217,21.527111170220582
1772934505.0674293,26.108887067979303
1772934505.0674353,22.15236203526453
1772934505.067442,7.4928967598772545
1772934505.1075716,24.54554612072052
1772934505.107599,27.83549867950403
1772934505.1076064,23.378438204433493
1772934505.1236088,8.5730144966905
1772934505.1518073,22.608901337426236
1772934505.1518629,24.167704637811937
1772934505.1518738,19.678713859602816
1772934505.1518836,7.048923382052661
1772934505.231092,26.669135189349944
1772934505.231122,27.285006593759828
1772934505.2311368,23.004586357076143
1772934505.231146,19.529013967656876
1772934505.2311554,21.39620818940439
1772934505.2311645,25.563405588782423
1772934505.2311728,23.652013720146947
1772934505.2311811,11.098016306062052
1772934505.2632108,21.93021372993184
1772934505.2792668,23.847738874712388
1772934505.3033795,26.821500405706544
1772934505.3033996,24.766355326213734
1772934505.3034062,13.567673221650246
1772934505.3194368,15.435158780067082
1772934505.381771,26.150365519933644
1772934505.3818173,26.1202751829032
1772934505.381828,20.706439330093957
1772934505.3818395,7.641834763385751
1772934505.4670384,19.49469839559152
1772934505.4670577,20.59237105996903
1772934505.4670703,24.202770665570828
1772934505.4670804,26.78276970594863
1772934505.4670887,22.29426236466465
1772934505.4670968,8.35336293697134
1772934505.4831116,7.176804469447854
1772934505.563452,18.932156709217956
1772934505.563468,16.1432491564265
1772934505.5634742,16.225864646672246
1772934505.5634797,20.743029915201806
1772934505.563485,25.31998467046
1772934505.5634902,22.39315922756581
1772934505.5634952,8.61275824747838
1772934505.6036212,27.591107728561607
1772934505.6036432,23.022618534344744
1772934505.6036537,8.586650067816578
1772934505.6417856,20.02943541983753
1772934505.641828,19.310619998258133
1772934505.6418352,22.162398602209016
1772934505.6418407,24.87982025961147
1772934505.6418467,20.99389359253721
1772934505.6418529,7.873801138833491
1772934505.6869345,19.942625225659043
1772934505.6869507,6.832866495936769
1772934505.7231448,16.085026410242556
1772934505.7231724,21.03303186770501
1772934505.7231796,26.227084883105636
1772934505.7231889,23.518220815509572
1772934505.7231956,9.660037016972574
1772934505.755229,23.995810602908964
1772934505.7833762,18.949676844810956
1772934505.7833965,6.944714960633657
1772934505.806492,20.782458434237423
1772934505.80655,25.373183977716195
1772934505.8065584,21.23279896911105
1772934505.8065653,6.269541196923561
1772934505.8546636,20.886516541303287
1772934505.8547015,22.92690275440235
1772934505.870766,18.744903467396334
1772934505.886854,6.122719039617233
1772934505.9580812,16.844783082761815
1772934505.958103,21.37991029870529
1772934505.9581132,24.656240274603853
1772934505.9581218,19.725322643446745
1772934505.95813,4.870358050010395
1772934506.0193293,19.33222150108028
1772934506.0193512,7.182500834982517
1772934506.0504797,21.10477886797629
1772934506.0505035,24.614515168505125
1772934506.050514,25.880468395588757
1772934506.0505233,20.335012324743747
1772934506.0505319,7.410083429232862
1772934506.098667,21.92692796746318
1772934506.0986924,10.8820523875766
1772934506.1147554,21.075487843557
1772934506.1334908,7.591745394731042
1772934506.4199648,6.726030872950524
1772934506.4360244,6.239845610782132
1772934506.4842126,20.543254741808592
1772934506.500288,8.351451700664214
1772934506.516326,7.750143903384872
1772934506.5806036,18.882034430197958
1772934506.596654,5.201371682908147
1772934506.6448352,5.183411343424129
1772934506.670941,21.166439413310368
1772934506.6709592,9.942851024595925
1772934506.7352223,23.906213709135674
1772934506.7512877,9.574671566059124
1772934506.8386176,21.75634510543888
1772934506.8386383,7.632570001084856
1772934506.886979,9.808266430569969
1772934506.917967,24.794832029694657
1772934506.9179835,10.636424417232247
1772934506.9822204,27.448764366458484
1772934506.9983046,13.014224234178052
1772934507.0696201,36.04920830913219
1772934507.0696447,32.97936372457797
1772934507.0696552,16.752337442772564
1772934507.1017537,30.695446814060883
1772934507.1177669,13.069699041493557
1772934507.1569126,31.026444271078603
1772934507.1569407,27.64911468866739
1772934507.156951,14.856610216405825
1772934507.2533488,30.29990745405585
1772934507.2694092,15.754579096953178
1772934507.3336632,15.778101600938596
1772934507.3818796,15.905031260514308
1772934507.4140522,31.46534459157449
1772934507.414087,15.71936616733568
1772934507.5013742,31.793899737559894
1772934507.5014,33.409184105851295
1772934507.501412,26.998484991876573
1772934507.501423,10.813875425418598
1772934507.5656376,27.788484293385803
1772934507.565663,14.135093186379807
1772934507.5817711,15.103159260356326
1772934507.662073,31.938421635208837
1772934507.6621199,16.167945220773117
1772934507.7524235,30.645476429747593
1772934507.7524447,34.56595288411131
1772934507.7524548,37.27102089069898
1772934507.752463,31.556743088685486
1772934507.7524712,14.870768702921339
1772934507.768469,13.346281878204989
1772934507.8006337,30.576506168094333
1772934507.8166945,34.646536899369735
1772934507.8167205,30.082253828869465
1772934507.8327553,13.812300911229082
1772934507.8809395,31.678596103608125
1772934507.8970096,15.154625346166151
1772934507.9612603,15.02607339224065
1772934507.9774313,33.568713807074474
1772934507.9933908,18.303502672020524
1772934508.04161,18.62762065737797
1772934508.0687864,33.77549041949351
1772934508.06881,16.51697464981577
1772934508.132976,33.87904768449929
1772934508.1490417,17.628802653848787
1772934508.1972742,19982.862328556886
1772934508.1973126,7676.5118528371295
1772934508.213312,-5506.881723842304
1772934508.316769,-9222.61784972351
1772934508.316784,-3422.461963902222
1772934508.3167899,3313.449606287561
1772934508.316795,3898.262780606729
1772934508.3168004,-395.51062665769786
1772934508.381018,-3250.1810015146193
1772934508.4091053,-1632.128979195061
1772934508.4091232,1531.920445519208
1772934508.484439,2036.9231967401427
1772934508.4844587,-321.39742679629137
1772934508.4844687,-2070.3659453549712
1772934508.5487304,-1020.2846234303332
1772934508.5727904,1047.2810953835424
1772934508.5728097,1310.883379761289
1772934508.6480825,-332.7272674163007
1772934508.648105,-1524.8153016715846
1772934508.6481152,-727.1201902018709
1772934508.648134,788.2759499433256
1772934508.7234323,964.0825540071282
1772934508.7234662,-346.0433110696683
1772934508.7234745,-1250.7308226272705
1772934508.7877176,-541.5642273496278
1772934508.80377,662.9672163096403
1772934508.803798,706.1755081381098
1772934508.8840587,-361.6231854374032
1772934508.884086,-1062.3692590669798
1772934508.91619,-444.0089806069928
1772934509.1351054,576.156517755276
1772934509.1351268,567.1507607801115
1772934509.135137,-388.9730944777098
1772934509.215432,-929.625230570298
1772934509.3077831,-336.4513860924671
1772934509.3078008,487.25143011255386
1772934509.388108,435.5246970116688
1772934509.532814,-391.49853895738534
1772934509.5970373,-822.6954818407869
1772934509.6130416,-263.4382499221346
1772934509.645213,437.77290642961873
1772934509.6933825,344.6778841157347
1772934509.7576723,-379.599612698341
1772934509.7737625,-748.3716566664491
1772934509.7897809,-212.6787205208153
1772934509.7898035,396.81130852425986
1772934509.8380055,303.82103167081476
1772934509.8540592,-383.25783300892175
1772934509.8540812,-684.7151530213058
1772934509.886201,-193.1557682738835
1772934509.941413,387.136129549501
1772934509.9414356,243.12866727315543
1772934509.941442,-387.4867979446255
1772934509.9414587,-630.1216536919285
1772934509.957498,-155.09982096290753
1772934510.0178072,353.57513969790716
1772934510.017827,186.66324952668302
1772934510.0178397,-386.1221457545793
1772934510.0337985,-563.6860843241417
1772934510.0338228,-125.52776500801855
1772934510.0980415,342.1841730863945
1772934510.098061,140.89959024747563
1772934510.1301804,-422.4015309511381
1772934510.1623175,-550.6806036511188
1772934510.185423,-70.40979532847972
1772934510.1854432,313.38344758696445
1772934510.1854532,78.30093795634087
1772934510.249666,-399.9043158381165
1772934510.265797,-515.0282391568417
1772934510.281793,-46.58013350585514
1772934510.281819,275.7432965969768
1772934510.3460567,49.30734387124842
1772934510.362155,-399.3427823700538
1772934510.3782887,-483.87676001206495
1772934510.4575033,-23.039768805232743
1772934510.4575205,279.6438203402739
1772934510.4575267,14.577271981168481
1772934510.505807,-405.65077909143616
1772934510.5217772,-457.1708535087033
1772934510.614159,3.929058064883109
1772934510.614186,275.38881882876876
1772934510.6141968,-3.470795765770541
1772934510.7185564,-410.6815661081064
1772934510.7185786,-407.67444750330225
1772934510.756786,12.346665977572906
1772934510.7568092,250.953207620917
1772934510.7568183,-38.05613985282701
1772934510.7728612,-436.9212314136938
1772934510.837058,-384.80651333249335
1772934510.83708,29.863617682099868
1772934510.8531406,239.22928499098185
1772934510.8691983,-61.075061952288614
1772934510.9294748,-418.03863625007324
1772934510.929498,-362.0260280413956
1772934510.9295082,44.591000880312585
1772934510.94552,224.95321601504307
1772934510.9455462,-85.65000023036113
1772934510.99379,-443.0859425311748
1772934511.0258412,-369.4379452816581
1772934511.1543744,29.56410258906102
1772934511.18952,220.57133300044435
1772934511.1895573,-72.33184903296339
1772934511.1895683,-417.3414694777674
1772934511.1895776,-346.40873009026495
1772934511.2056274,45.44476816263888
1772934511.283883,210.57143539322948
1772934511.2839024,-90.1679504790859
1772934511.2839122,-415.87378865709604
1772934511.2839208,-325.74806138865944
1772934511.35338,83.22183160351062
1772934511.3534,199.46450338023791
1772934511.3534074,-124.20153907239991
1772934511.3534155,-445.8787870072577
1772934511.369234,-306.90866272209877
1772934511.4435422,95.66778271056869
1772934511.443561,158.67086894317637
1772934511.4918013,-168.15212026658003
1772934511.8773508,-446.45284773175246
1772934511.9898643,-252.17476017166706
1772934512.0059123,116.59612984586103
1772934512.0059395,154.9189796812902
1772934512.0540679,-154.83850494841639
1772934512.070152,-447.63279528860045
1772934512.1504974,-241.0467513010517
1772934512.150522,104.32683264644916
1772934512.214804,146.9074654715514
1772934512.2458625,-177.55068163245767
1772934512.245882,-415.53210522303107
1772934512.245888,-209.63206340978653
1772934512.2458937,146.6889874776266
1772934512.2458992,135.17098034512355
1772934512.2940884,-192.80684545654782
1772934512.3241966,-417.2437445691636
1772934512.3242176,-206.31715831706825
1772934512.340302,126.61050891640818
1772934512.3723736,121.26179007575539
1772934512.403488,-214.44211048489308
1772934512.4035091,-455.27135464294713
1772934512.467808,-216.61912185521052
1772934512.4988887,168.07773927866947
1772934512.4989097,110.35525808964886
1772934512.6374545,7226.671984412432
1772934512.637477,19222.350285899454
1772934512.9909565,3672.5478186600712
1772934513.0551991,17204.98034711736
1772934513.0873442,1637.2989302838828
1772934513.103406,10462.932982808781
1772934513.119474,-903.8787119915049
1772934513.1998043,26069.72501329838
1772934513.4247792,2571.462272364082
1772934513.8264015,-23447.994945124567
1772934513.890695,-37441.45023966066
1772934513.9388833,-35561.19934292533
1772934514.5814965,-10453.859249774945
1772934514.604547,5409.590018641461
1772934514.6045628,5102.599220376419
1772934514.6367314,-2196.6805428063863
1772934514.6849008,19385.339157689832
1772934514.7009847,31576.925453329048
1772934514.7170527,10788.36118578609
1772934514.749226,-3641.5394745284293
1772934514.8566718,-11151.24627280683
1772934514.8566997,-6184.177571461686
1772934514.8567083,3439.25159767752
1772934514.936948,6377.437069000084
1772934514.9369757,726.2667166843214
1772934514.9690652,-5020.171708181511
1772934515.024304,-3693.4462522126696
1772934515.0243206,1898.919479514751
1772934515.0243275,4029.5078555776836
1772934515.024335,353.6926766644968
1772934515.0725284,-3614.454365344707
1772934515.0956028,-2676.558157697497
1772934515.0956264,1467.6054452522517
1772934515.095636,2998.531266432808
1772934515.1598885,154.8296243728262
1772934515.1759357,-2982.8676899546713
1772934515.1920688,-2164.4279728940196
1772934515.2683816,1292.0014061364068
1772934515.2684014,2472.671007976245
1772934515.268411,-62.93691541387787
1772934515.3476691,-2592.4466130473966
1772934515.3476884,-1754.4408790281389
1772934515.347698,1147.1972845661528
1772934515.4119232,2115.7900393618065
1772934515.436013,-159.16584305736083
1772934515.436036,-2405.3336659053853
1772934515.5002797,-1535.53943752504
1772934515.5163429,1093.767521268743
1772934516.046543,-14832.001029394847
1772934516.2011552,6686.305828164031
1772934516.2011771,1456.064036160927
1772934516.402032,15421.655252977598
1772934516.4020545,2470.907473559353
1772934516.9964426,1404.8843137311408
1772934516.9964635,41959.57671220154
1772934516.9964738,74216.58152143397
1772934516.9964826,76090.60617373283
1772934516.9964917,54870.29272389787
1772934516.996502,34781.12643551421
1772934516.996513,28881.616744094244
1772934516.9965217,28193.288520990962
1772934516.9965315,17946.699227815578
1772934517.0125043,21431.177904525102
1772934517.0125308,8975.555568821483
1772934517.046697,8176.6248814458995
1772934517.0467217,16179.060261859684
1772934517.0467296,20999.489066551516
1772934517.0467362,17739.11322885546
1772934517.0467424,13571.58687759119
1772934517.0467484,16077.083177371404
1772934517.0467544,21623.802590692405
1772934517.0718052,26567.18560541459
1772934517.0718257,25727.67849806177
1772934517.2534916,36019.71152113444
1772934517.2535193,22592.944623002833
1772934517.2535298,13487.054842302117
1772934517.2535388,12355.444517913731
1772934517.253548,14435.070276982573
1772934517.2535567,15066.701358620352
1772934517.2535653,14577.113764308046
1772934517.2535737,15007.795332568001
1772934517.2535818,15734.559626904695
1772934517.25359,14824.623325082275
1772934517.2535985,13167.833567038806
1772934517.2536063,13962.073888055027
1772934517.253615,17319.74057275329
1772934517.2536228,17925.085583353804
1772934517.2536328,10567.03395492739
1772934517.2536426,-2499.1440210104192
1772934517.3017063,-12108.202960517809
1772934517.3178232,-11769.591583053247
1772934517.317848,-4461.838966984592
1772934517.3659415,726.7460358471102
1772934517.389048,-1232.2935669231217
1772934517.3890638,-6466.502777099438
1772934517.3890696,-7803.069742348883
1772934517.4653788,-3813.6018308592634
1772934517.4653983,-196.72583445428498
1772934517.465408,-1827.7040831354302
1772934517.481378,-6548.750039811416
1772934517.5135524,-7950.424943093943
1772934517.545698,-3875.1156673502464
1772934517.6260123,570.5652551263117
1772934517.706382,-856.2378278166168
1772934517.722461,-7362.6313138891
1772934517.7867177,-10992.300383556512
1772934517.8790936,493.1937187257167
1772934517.8791256,420.5991470632078
1772934517.8791351,-7675.833492082151
1772934517.8791509,-17799.01291920372
1772934517.9111848,-4402.027670671431
1772934517.9433832,-2743.478499897122
1772934517.9684277,-2660.4219522351455
1772934517.9684477,-4201.086956317958
1772934517.9684572,-5189.729104453091
1772934518.000532,-4200.4309880023875
1772934518.0166044,-2770.009543138054
1772934518.0488124,-2809.127074652838
1772934518.048846,-4337.255731982404
1772934518.1129992,-5124.187767025735
1772934519.509727,-5868.555321885572
1772934519.5097551,12365.783273810677
1772934519.5097659,21718.66220372062
1772934519.5097747,15111.958413960923
1772934519.5097835,4335.164855615244
1772934519.509792,7206.493411428612
1772934519.5098004,26604.045625521252
1772934519.5098088,45704.7545656345
1772934519.509817,45326.14576682538
1772934519.5609827,49326.29298981822
1772934519.5610273,21255.74515983525
1772934519.5610385,3388.1708383192417
1772934519.561048,5881.41788295545
1772934519.561057,17644.854671193563
1772934519.561066,20680.577124079777
1772934519.5610745,9102.419427570185
1772934519.5610824,-7091.494380269209
1772934520.086094,-14678.637568569795
1772934520.086115,-11062.30489442612
1772934520.0861242,-4057.846794464673
1772934520.1734056,-1699.2673863042353
1772934520.173427,-4638.7958616412625
1772934520.261891,-7501.431775189902
1772934520.2619298,-6884.201166780963
1772934520.2619407,-4387.358284889324
1772934520.2619543,-3536.832771832131
1772934520.2619665,-5096.494003977347
1772934520.3461225,-6616.700597584484
1772934520.346141,-6247.926790638162
1772934520.346148,-4721.673180977466
1772934520.3461535,-4152.495779022677
1772934520.3944592,-5072.379355526343
1772934520.4214404,-6196.738423267282
1772934520.4214563,-6057.8133368871795
1772934520.4214633,-4989.565674741209
1772934520.4696493,-4367.416780486325
1772934520.4857402,-5030.505130563783
1772934520.5018015,-6014.971209219655
1772934520.573064,-5963.031090810437
1772934520.5730796,-5099.931379521422
1772934520.5730858,-4565.343218963541
1772934520.6534033,-4961.3763600054945
1772934520.6534257,-5824.543383159305
1772934520.6694646,-5997.086826804368
1772934520.7488012,-5216.684725338146
1772934520.7488177,-4596.463345436636
1772934520.7488248,-4923.0000516940245
1772934520.748831,-5773.265793231475
1772934520.8130655,-5998.181330520555
1772934520.8291268,-5347.0595039339705
1772934520.9164732,-4636.485486294951
1772934520.916499,-4867.4673617945455
1772934520.9165092,-5709.775237719128
1772934522.7991729,-5952.187682245828
1772934522.7991936,-5331.233128547907
1772934522.7992013,-4641.729982552595
1772934522.7992067,-4843.957948830452
1772934522.8474236,-5605.238068358553
1772934522.8634572,-6027.405698784708
1772934522.8956108,-5444.895629255228
1772934523.128602,-8928.069749375756
1772934523.128639,3706.052454950745
1772934523.1286495,12822.35292892964
1772934523.1286588,13495.552218520374
1772934523.1286683,8966.368828454615
1772934523.1286771,6238.608024983062
1772934523.1286857,8219.408353252675
1772934523.128694,11478.450915520121
1772934523.1287029,11527.427053825326
1772934523.1287117,8574.201628988305
1772934523.1287205,6793.533553659997
1772934523.1287296,8617.522473368015
1772934523.128738,11581.507727395396
1772934523.1287467,11628.56078361658
1772934523.1287553,8476.858606442069
1772934523.128764,6156.039150526345
1772934523.1287725,7973.17716844674
1772934523.1287813,12130.43181002631
1772934523.12879,13476.998738925548
1772934523.1287987,9502.537915191204
1772934523.1288073,3559.8221423299387
1772934523.1288157,1386.4059375542706
1772934523.1288245,4626.00696266013
1772934523.128842,8593.119376200919
1772934523.1288528,7089.248800779888
1772934523.1288612,-554.1431646266655
1772934523.1288717,-7772.793862988733
1772934523.1288807,-6792.419768321402
1772934523.128889,3298.1650078843218
1772934523.128898,14804.870313603731
1772934523.128906,18456.168799355695
1772934523.1289146,12513.347291861675
1772934523.1289232,4462.9321253598355
1772934523.1289315,3093.1009120029757
1772934523.1289406,9172.504177131208
1772934523.128949,14999.74729003531
1772934523.1289575,13536.794694261787
1772934523.1289659,6750.6533910441985
1772934523.128974,3232.6831735744486
1772934523.1289823,7615.824504913837
1772934523.1289911,14528.09248847921
1772934523.1289997,14947.40010710016
1772934523.1290078,7703.810195903761
1772934523.129016,1747.899776653124
1772934523.1290245,5420.7005844263695
1772934523.129033,15337.764171970752
1772934523.1290417,19235.63572754928
1772934523.1290505,10715.38158103321
1772934523.1290593,-1489.0450580153401
1772934523.1290677,-1934.4635552912612
1772934523.129076,13885.526853989788
1772934523.1290843,32862.0832881632
1772934523.1290936,36875.33179915229
1772934523.2098956,21173.154436803037
1772934523.209926,-1880.8227183858576
1772934523.2099385,-15878.562610092024
1772934523.209948,-15802.989336053563
1772934523.3726008,-7702.184109607907
1772934523.3726232,-5411.747871227026
1772934523.3726337,-13499.15501360163
1772934523.3726428,-20234.587510169946
1772934523.3726516,-14327.550467871048
1772934523.37266,1506.140523200322
1772934523.3726687,13863.141010702782
1772934523.3726768,13936.37528815368
1772934523.3726847,6393.764884434892
1772934523.3726933,2332.4909909335274
1772934523.3727007,6032.741310823241
1772934523.3727093,11449.37973656412
1772934523.3727171,11283.707979806111
1772934523.3727252,6288.122340297086
1772934523.372733,3511.3457962359785
1772934523.3727412,6750.13031186452
1772934523.372749,11705.233956936823
1772934523.3727567,11517.065951469454
1772934523.3727648,5227.493538566038
1772934523.3727727,-1198.503186303449
1772934523.372781,-1848.6482773655914
1772934523.372789,2971.093843926864
1772934523.3727968,8020.602600647321
1772934523.3728049,9040.561497259256
1772934523.372815,6086.703252276447
1772934523.372825,1870.0169303041282
1772934523.3728335,-1181.939077275308
1772934523.3728435,-1780.5495127226898
1772934523.3886476,423.03805880997334
1772934523.4368525,-16571.198518508416
1772934523.4368913,-15042.778383652774
1772934523.46096,-8377.114560093227
1772934523.4609823,-5493.503883018283
1772934523.460993,-9589.159729792214
1772934523.5252302,-14592.976338673234
1772934523.5252652,-13860.088330617991
1772934523.5573258,-8680.93489927399
1772934523.5894988,-6274.46175427007
1772934523.6055212,-9868.068730076875
1772934523.605542,-14422.109719409134
1772934523.6216004,-13584.425296803023
1772934523.6216235,-8520.087955132652
1772934523.6698575,-6217.851052928805
1772934523.6859007,-10077.294255345438
1772934523.71397,-14726.161144733802
1772934523.7139993,-13682.654549633835
1772934523.7140052,-8142.181430094104
1772934524.4550104,-6740.19203230367
1772934524.4550428,1425.3458904772901
1772934524.455053,5363.138621604229
1772934524.4550624,7411.559267313019
1772934524.4550712,9371.021085368257
1772934524.4550796,9434.452757634577
1772934524.45509,6131.126075942248
1772934524.4551,2724.335978358872
1772934524.4551082,4190.63159493896
1772934524.4551184,9826.491748689972
1772934524.4551272,12401.276025708008
1772934524.4551358,7179.328841605627
1772934524.4551442,-197.05051865527778
1772934524.4551606,926.6833188909264
1772934524.4551687,11843.021271421787
1772934524.4551768,19298.85114537724
1772934524.455185,9305.46102927012
1772934524.4551933,-13780.7962643155
1772934525.4902499,1281.8023068815667
1772934525.4902723,-10553.07461212015
1772934525.4902787,-7712.232311389915
1772934525.4902844,11076.860224563827
1772934525.5063944,666.8228522786917
1772934525.5545108,-2117.5297349203306
1772934525.5866296,20532.183764755002
1772934525.6348753,-19285.792533962012
1772934525.6508844,-19592.76381169971
1772934525.6669834,8665.215873584435
1772934525.7432804,-7487.309041202383
1772934525.7433088,-15868.666854724781
1772934525.7433193,-20163.025416067474
1772934525.7593567,-18114.34910135159
1772934525.7914855,-13330.42952155725
1772934525.8306289,-2396.6962976654395
1772934525.8306441,-12011.768052636258
1772934525.8306522,-22938.09883422376
1772934525.830659,-18822.012000796214
1772934525.9029665,-12957.46275493724
1772934525.9029915,-10485.373254379592
1772934525.9030004,-2541.4142615482424
1772934525.9350736,7811.476765915744
1772934525.99733,-7357.03376620789
1772934525.9973507,-8862.417062547162
1772934525.9973612,-11670.029619729396
1772934525.99737,-11117.993436584587
1772934525.997378,-3376.6883149868195
1772934525.9973865,8836.617810402993
1772934526.070644,-8643.014100023502
1772934526.0706613,-14301.570074340434
1772934526.0706685,-15938.701089260054
1772934526.1027994,8835.340275579869
1772934526.1539888,-9819.390491489748
1772934526.1540132,-8179.242331598519
1772934526.1540196,-6428.4742131420535
1772934526.1540253,-7048.048658017971
1772934526.1540308,-9198.578579106335
1772934526.218246,-9795.627149761132
1772934526.2182732,-8067.492097145956
1772934526.2483852,-6346.564095327791
1772934526.24841,-7138.082508331803
1772934526.2484195,-9332.168865937703
1772934526.2484283,-9840.75454564222
1772934526.2965646,-7839.944494527903
1772934526.3126392,-6218.839853081239
1772934526.3287437,-7298.691888053735
1772934526.4060185,-9557.885619091658
1772934526.4060397,-9824.549752603803
1772934526.4060545,-7606.98603586373
1772934526.406065,-6035.501025488743
1772934526.4060738,-7433.905950792363
1772934526.406082,-9908.476604824737
1772934526.454209,-9869.254483675768
1772934526.4783397,-7232.4333879793685
1772934526.4783616,-5791.499992045003
1772934526.4783714,-7754.594079118402
1772934526.5847309,-10373.292765868982
1772934526.5847511,-9791.415863353122
1772934526.5847614,-6576.545170352095
1772934526.5847704,-5438.502813641168
1772934526.5847793,-8424.273317254041
1772934526.5847883,-11328.430064433367
1772934526.5847971,-9308.730230833704
1772934526.584806,-4657.310728166219
1772934526.616896,-4989.475278892708
1772934526.6329427,-12705.790968328238
1772934526.6489847,-18673.649167777978
1772934526.7213323,-15013.493314119227
1772934526.721356,-123.85763214974385
1772934526.7213633,16374.003192627084
1772934526.737338,-12598.975791503863
1772934526.8659244,-19144.050059329755
1772934526.881966,-11204.643724082176
1772934526.8820004,19386.714343584747
1772934526.9572856,-289.77041077357626
1772934526.9573026,12278.368474518546
1772934527.036585,-10388.154140644661
1772934527.0366108,-11533.112325931557
1772934527.036622,-3016.74559128977
1772934527.0366313,11861.488890932453
1772934527.0687175,-9083.884297178138
1772934527.1169157,-10787.71933262276
1772934527.1329916,-19837.329233361732
1772934527.197342,-6497.855994774533
1772934527.2132852,-5823.316088158257
1772934527.2966464,-6279.8433546735
1772934527.2966757,-7241.992286127107
1772934527.2966864,-7338.992201767899
1772934527.2966952,-6445.94283382342
1772934527.344849,-5782.279987807739
1772934527.3770108,-6323.165161713856
1772934527.3770516,-7287.080793685676
1772934527.377062,-7318.661022341976
1772934527.3770714,-6381.867695751998
1772934527.4253032,-5786.126326115091
1772934527.4412615,-6381.21196031981
1772934527.457336,-7384.182490057037
1772934527.5055237,-7329.584488582533
1772934527.540661,-6290.272304740725
1772934527.5406775,-5741.412642263504
1772934527.5406842,-6448.420656302275
1772934527.5406897,-7427.043184800377
1772934527.5567343,-7299.980829883504
1772934527.6239972,-6198.332179356235
1772934527.6240215,-5727.923882469878
1772934527.6240332,-6545.483471892542
1772934527.6240451,-7496.248663337008
1772934527.6240551,-7213.1226939017715
1772934527.6240635,-6095.0372546468625
1772934527.6722248,-5703.93104552141
1772934527.6882768,-6691.949710635548
1772934527.6882997,-7636.000838846285
1772934527.7204173,-7126.828354235215
1772934527.752545,-5891.523577874188
1772934527.816842,-5756.32638725234
1772934527.832864,-6965.467119706279
1772934527.8559513,-7762.375946832483
1772934527.8559666,-6836.042310841602
1772934527.8720107,-5486.104117088892
1772934527.9352918,-5830.067697974587
1772934527.9353132,-7656.3984716215155
1772934527.9353232,-8126.820940942183
1772934527.9513395,-5948.478728308826
1772934528.0226772,-4009.162729921407
1772934528.0227156,-6334.323954799714
1772934528.0227218,-11921.674867454494
1772934528.0227275,-14082.41594172207
1772934528.1029778,9312.633903998445
1772934528.1190684,-13183.077252402245
1772934528.1833353,-10990.137497760654
1772934528.1833556,-11814.19484812343
1772934528.1994307,10199.52594023635
1772934528.2636535,-14623.80228659983
1772934528.279703,11070.080910350925
1772934528.3359387,20617.091072391497
1772934528.3359675,19902.094467398936
1772934528.3359764,12275.121655951625
1772934528.335984,7200.884977596233
1772934528.3359911,9670.229420715134
1772934528.3359995,15240.98381757851
1772934528.3360069,16305.768460634226
1772934528.3360138,11641.902778839702
1772934528.3360207,7580.243941631479
1772934528.4323332,26302.527699649818
1772934528.496578,-3360.5936469639537
1772934528.512669,14264.471204213734
1772934528.5769813,-16169.633936188042
1772934528.6030495,-15993.109528232388
1772934528.6030676,-6695.569437022248
1772934528.6030748,8936.438545879078
1772934528.6743493,-4832.335044591361
1772934528.6743877,-16446.729548648407
1772934528.6743994,-21312.829445782
1772934528.690378,2805.6785050604585
1772934528.7385852,13673.195784838736
1772934528.7747507,-11019.657670578208
1772934528.7747726,-11000.302301848893
1772934528.774783,335.3718374964558
1772934528.7747917,14938.062441249685
1772934528.8229463,2279.5207540652073
1772934528.8390145,10034.375616480995
1772934528.8550467,-14879.4627271173
1772934528.9032836,-7238.547944104638
1772934528.9263642,4435.88053310583
1772934528.926392,14135.927088835893
1772934528.95853,-14463.883769969803
1772934529.0228484,-8916.300107187551
1772934529.0228631,-1311.1316103928475
1772934529.0228696,3288.5196594282893
1772934529.0228753,-3558.4810934849097
1772934529.0228806,-15494.833316192717
1772934529.0228856,-16717.75564737122
1772934529.0860832,816.3475363781941
1772934529.086106,4169.023332495236
1772934529.0861163,-5576.110637884914
1772934529.1020942,-18938.189514134898
1772934529.1984808,-16330.103487854567
1772934529.2467637,25720.220182613528
1772934529.2627783,-2515.7937988813333
1772934529.278934,-1943.9732344647186
1772934529.3109896,-3907.649131259093
1772934529.3501172,-5914.007267827207
1772934529.350138,-4889.422335628953
1772934529.3501482,-1551.7596472800858
1772934529.3501568,-430.96661771835016
1772934529.3501656,-4425.416188561149
1772934529.350174,-10273.517254390928
1772934529.3983548,1563.8560355515663
1772934529.4144056,13705.157875469544
1772934529.4304807,2944.468124427766
1772934529.4305067,14413.336831255767
1772934529.478688,-4611.687660657529
1772934529.5017562,-10277.57701119992
1772934529.501782,-10127.160370334594
1772934529.5178356,14962.405111975484
1772934529.5941792,3722.0710778465705
1772934529.594212,14156.753068501594
1772934529.684486,-8135.186465560182
1772934529.6845064,-6409.351853909958
1772934529.684516,4065.263067906416
1772934529.6845248,17067.685545232034
1772934529.7618532,-5443.328389048413
1772934529.7618744,-2056.4001055384733
1772934529.7618845,1932.0767466267293
1772934529.7618935,669.2561691252897
1772934529.761902,-6089.160812858271
1772934529.7619104,-11189.875264580833
1772934529.846166,-1480.6258889719418
1772934529.846192,-1830.1714259717123
1772934529.8462029,-2743.0966114462694
1772934529.846212,-2903.067687069472
1772934529.8462212,-2025.2682489388726
1772934529.894389,-1329.485306097215
1772934529.9104917,-1907.004796700788
1772934529.988778,-2978.789062398952
1772934529.9887946,-3002.0373960976885
1772934529.9888012,-1812.944374168903
1772934530.0048633,-1069.1379382415175
1772934530.0691147,-1968.0526616023124
1772934530.0851338,-3396.988357725837
1772934530.1012244,-3157.2839117944927
1772934530.1172624,-1415.6904261828224
1772934530.1494355,-543.1110563872838
1772934530.165468,-2161.799057952824
1772934530.165493,-4253.594155817702
1772934530.2407873,-3523.268341986049
1772934530.2408097,-332.9725217686326
1772934530.305041,1036.0363126726681
1772934530.3211298,-2776.817924336382
1772934530.3371706,-8739.917899435874
1772934530.392405,-3825.458162864158
1772934530.3924255,-8322.35577475455
1772934530.392436,-7923.306068835782
1772934530.4566836,-3983.3900162735895
1772934530.4847782,3409.070787445687
1772934530.4848003,14544.401552930076
1772934530.5330188,-5518.855502950348
1772934530.5490737,-3147.109826672556
1772934530.5651176,4845.66353419101
1772934530.5651443,14862.66841730488
1772934530.652509,-6582.62638387542
1772934530.6525352,-3683.8505224168607
1772934530.6525483,6357.95328675163
1772934530.6525607,16955.64501572314
1772934530.6685264,-9721.594367903508
1772934530.7167523,-6422.609165202856
1772934530.716778,5699.237980060819
1772934530.732884,22556.06184645074
1772934530.7970855,-707.9195172935739
1772934530.8131948,-782.845572479767
1772934530.8132486,-1020.6213958917552
1772934530.8613565,-1033.7379968882847
1772934530.877391,-859.5450810198888
1772934530.900496,-690.5866781747683
1772934530.900516,-819.3981065636407
1772934530.9487195,-1030.2657759988583
1772934530.9798656,-1028.7469287179579
1772934530.9798863,-823.9989223826927
1772934530.9798963,-691.6084875698295
1772934530.979905,-829.6317542104812
1772934531.0441225,-1018.8428089162259
1772934531.044174,-1047.084636462296
1772934531.0601707,-821.9979263395071
1772934531.0762186,-715.165063099069
1772934531.1244407,-841.787592631299
1772934531.227915,-1022.6955590410338
1772934531.2279463,-1011.2287756530613
1772934531.2279568,-809.3606939677356
1772934531.2279656,-713.3749754058294
1772934531.291771,-823.5340745030918
1772934531.2917945,-1031.4763495369475
1772934531.2918043,-1034.2532406456467
1772934531.3835003,-800.8427806623399
1772934531.3835251,-687.8949035801355
1772934531.383535,-842.3518617680169
1772934531.3835433,-1060.4854957158113
1772934531.4628978,-1011.4688737308085
1772934531.4629276,-787.8381058324518
1772934531.4629407,-683.4166048422854
1772934531.4629505,-848.5094665895484
1772934531.4629614,-1064.9767775030125
1772934531.5270743,-1022.9293938417792
1772934531.5521753,-782.0969503626595
1772934531.5522141,-714.9001913086641
1772934531.6003847,-861.4675272228718
1772934531.6164553,-1072.4433176230807
1772934531.6465511,-1682.5795693448354
1772934531.6465716,-16702.812407120735
1772934531.6766896,-29578.834146223955
1772934531.6767335,-29782.52942829606
1772934531.7138953,-5551.426040003194
1772934531.713918,-16561.386543159355
1772934531.7139285,-22754.841977499902
1772934531.713937,-12341.936629744765
1772934531.7139459,8581.35531501696
1772934531.7359452,21579.306053030163
1772934531.735968,15770.098668774275
1772934531.7680793,-541.6750832518677
1772934531.7911785,-10260.446646120556
1772934531.7912023,-6183.212856056296
1772934531.7912128,3128.8139182974555
1772934531.823289,5659.787541535608
1772934531.8705268,-60.53114900397556
1772934531.8705463,-5447.156030992748
1772934531.8705535,-3893.64764847773
1772934531.9347773,1508.2696511484532
1772934531.9669092,3305.9688340331763
1772934532.0392077,-256.1419295487411
1772934532.039229,-3904.4182884270135
1772934532.0392382,-2896.7161910786376
1772934532.1034663,916.9175335004835
1772934532.119551,2219.9067752193705
1772934532.198864,-411.57802198020255
1772934532.198878,-3146.4074962901923
1772934532.2791567,-2328.011183528808
1772934532.2952452,614.3581620446911
1772934532.327371,1608.17885419276
1772934532.3434515,-542.3943107737869
1772934532.4388509,-2647.359571231351
1772934532.4388702,-1943.413759274373
1772934532.4549015,422.7379232872693
1772934532.5181704,1193.798640818052
1772934532.518195,-599.6618578443299
1772934532.5182047,-2363.2691371694636
1772934532.598488,-1695.9785647764886
1772934532.5985184,289.0295488296654
1772934532.6858933,893.2925780227627
1772934532.6859183,-674.395857276338
1772934532.7179487,-2106.5595806682077
1772934532.750102,-1535.9136189931965
1772934532.7822568,212.65795366912218
1772934532.7983112,652.726544207494
1772934532.8535204,-686.6074945788088
1772934532.8535368,-1922.139481150106
1772934532.8535428,-1368.5045919439149
1772934532.8535576,128.09081114831554
1772934532.869562,478.8258398780122
1772934532.94991,-707.5489041624359
1772934532.9659483,-1804.2571424980308
1772934533.0213578,-1270.9226069727838
1772934533.0213833,49.51515065459907
1772934533.021399,341.14629095991376
1772934533.0694394,-706.7822976999963
1772934533.085462,-1657.7094613020095
1772934533.1015027,-1221.9578270804063
1772934533.265192,-27.395683092069813
1772934533.2652106,253.56780620492106
1772934533.265217,-696.5638929911286
1772934533.2652228,-1543.6893760172566
1772934533.265228,-1166.6128747629346
1772934533.3294268,-97.38823908631184
1772934533.361562,132.38464603078273
1772934533.377654,-710.7050728875
1772934533.42889,-1446.9513776447034
1772934533.42891,-1108.643825586268
1772934533.428916,-187.5625384101863
1772934533.4289217,49.22519463873957
1772934533.493157,-666.7426049784741
1772934533.5092418,-1340.2747900740574
1772934533.5092957,-1123.941673235428
1772934533.5805418,-280.65896382644496
1772934533.5805771,9.959736148150405
1772934533.5805917,-585.1617180264495
1772934533.5965283,-1242.5252513490925
1772934533.6689043,-1112.7260261666927
1772934533.6689298,-438.3910844543514
1772934533.6689396,-82.66124533359962
1772934533.7491715,-426.6366753379556
1772934533.7652,-1076.1684194497868
1772934533.813424,-1175.11937592172
1772934533.8405309,-684.2074972786245
1772934533.8405488,-162.22718469013927
1772934533.8565936,-154.65816576483928
1772934533.8887365,-774.775095786377
1772934533.9047852,-1343.0144908006434
1772934533.9369256,-1257.5992802250485
1772934533.953065,-356.43020490599565
1772934534.0001929,536.7105509492969
1772934534.000218,126.16217272673178
1772934534.0644555,-1788.7653825233251
1772934534.088557,-3409.115059844594
1772934534.0885785,-1678.7987748425355
1772934534.1045873,5180.924743556796
1772934534.1688643,15228.271772741407
1772934534.252278,931.6751080647916
1772934534.252298,3850.719509247282
1772934534.2523077,1049.4561007924474
1772934534.2523162,-6124.894329123188
1772934534.2523243,-9343.202824443464
1772934534.3466196,441.8310566831035
1772934534.346641,1028.3988593763395
1772934534.3466513,519.350379020893
1772934534.34666,-362.8897285626093
1772934534.3466704,-379.14376619997364
1772934534.3466797,484.17884920337366
1772934534.3466873,1001.0931709767203
1772934534.419906,478.5874138004731
1772934534.4199276,-397.82944742578445
1772934534.4841475,-334.257422433065
1772934534.4841719,528.3363744750178
1772934534.5003264,987.6408413289014
1772934534.5714998,434.1055137978472
1772934534.5715148,-411.4983764127335
1772934534.6588776,-291.8085746469595
1772934534.658908,571.3267695565635
1772934534.658919,974.7033411156351
1772934534.7232108,384.5048682983619
1772934534.7392223,-432.19806603211725
1772934534.7553003,-291.6911917191557
1772934534.819553,583.9254242110271
1772934534.835613,961.1562917537017
1772934534.8999012,317.09081066892855
1772934534.964152,-422.59280039634757
1772934534.9872508,-227.2954637386488
1772934534.9872675,640.4702376950712
1772934534.987275,946.7320804598725
1772934535.0033097,268.3559370845411
1772934535.9833689,-455.176336048115
1772934536.031597,-180.60256761253754
1772934536.0476305,669.7066022842824
1772934536.140974,976.8403135334829
1772934536.1409907,269.3114415531342
1772934536.1409993,-441.72689067847443
1772934536.141006,-173.42065721292607
1772934536.189217,708.0577824999685
1772934536.2142992,972.0288076104839
1772934536.2143211,217.7488341437881
1772934536.230367,-483.02449880693507
1772934536.262509,-104.70073763072607
1772934536.285606,783.817050072419
1772934536.2856271,951.7903412796425
1772934536.285637,142.53902286570008
1772934536.3016665,-500.65550644583766
1772934536.3499281,-72.33874565014709
1772934536.3739989,820.0582818650305
1772934536.3740175,937.8662347598784
1772934536.3740244,94.09178875078075
1772934536.401058,-491.3702511643805
1772934536.401078,-63.24048170923069
1772934536.4492736,852.2646914170688
1772934536.4653225,897.4837497999929
1772934536.5296109,45.94251920270361
1772934536.5939105,-537.4581427640132
1772934536.63301,4.078895414615982
1772934536.63303,868.384554211014
1772934536.681236,888.0552553727888
1772934536.6973047,-3.629268629117869
1772934536.777635,-555.7432246001333
1772934536.793678,52.76876442328189
1772934536.793706,942.7949013712239
1772934536.8097613,874.9907345464919
1772934536.841936,-30.527722490407527
1772934536.8579872,-576.7407406886252
1772934536.922217,85.283594617174
1772934536.953451,995.2850820945499
1772934536.9534748,887.6732737969081
1772934536.9534883,-114.87074997429318
1772934537.0247073,-568.2872019623346
1772934537.0247483,135.80624799398822
1772934537.0247605,1034.7905346961757
1772934537.0407767,841.987123883891
1772934537.0567658,-178.69862052697619
1772934537.088941,-590.045815643088
1772934537.117012,172.4485801674542
1772934537.1170328,1058.9372104043687
1772934537.133074,825.4727419707589
1772934537.2043695,-224.46183545017777
1772934537.2043867,-621.0562830557269
1772934537.204394,233.95872378379062
1772934537.2044003,1147.1509835338152
1772934537.220427,807.690393289125
1772934537.2525887,-319.59602973884995
1772934537.2686417,-679.7494667950884
1772934537.3489802,256.30919223304676
1772934537.3650281,1187.4367278632317
1772934537.4403317,818.9396891086221
1772934537.4403548,-398.4210133778993
1772934537.4564602,-709.5832104844989
1772934537.5156481,343.93175412181205
1772934537.5156689,1293.7695614755878
1772934537.5156803,812.4480990625871
1772934537.5156908,-456.22889089350497
1772934537.531698,-744.5103147500032
1772934537.6050184,424.17482553652115
1772934537.60504,1369.441116006353
1772934537.6050503,750.0017901332121
1772934537.6532168,-588.8442392925483
1772934537.6853485,-787.3466801335311
1772934537.7335443,474.2210071057475
1772934537.7636747,1469.6564156039187
1772934537.76369,761.065279794261
1772934537.7636962,-681.314901385583
1772934537.7798035,-839.78330981371
1772934537.8279831,568.5172846637138
1772934537.8440385,1557.1501898475447
1772934537.892583,724.175365586016
1772934537.9233968,-824.2638676370657
1772934537.9234393,-869.7898118200247
1772934537.9234505,713.8365440221958
1772934537.923462,1719.4613104570085
1772934537.9234724,662.6896097345792
1772934538.0077703,-1000.9979150078806
1772934538.0077972,-948.1016677865526
1772934538.0078073,852.8930535394907
1772934538.0078154,1895.835883166446
1772934538.0078232,626.8767831658814
1772934538.0910313,-1207.3000649952508
1772934538.0910585,-1042.0119660847
1772934538.0910697,1015.1753123256433
1772934538.091082,2089.037577775716
1772934538.123146,581.0701968226351
1772934538.1552844,-1490.0681054769734
1772934538.1824238,-1180.2305395852595
1772934538.1824439,1240.9085481687798
1772934538.1824532,2396.276547085532
1772934538.1984727,529.0163430280045
1772934538.2467484,-1875.018142533001
1772934538.246796,-1379.2802723421046
1772934538.262818,1553.5790113474425
1772934538.2628677,2843.3953945439457
1772934538.327054,469.7455237507538
1772934538.343076,-2443.092191484026
1772934538.3431013,-1719.474320373004
1772934538.3591473,1976.4633014250696
1772934538.3912811,3593.6838799158445
1772934538.419402,443.1344540088632
1772934538.4194243,-3413.390657484971
1772934538.4947364,-2323.308792580084
1772934538.494768,2757.9931475369444
1772934538.494779,4934.311847724582
1772934538.5589683,502.8480550095702
1772934538.5911667,-5253.796061793922
1772934538.5912046,-3970.198834623295
1772934538.703524,4162.539779845689
1772934538.7336843,8864.63913073563
1772934538.7337043,1889.0308665836803
1772934538.733714,-11717.510022047987
1772934538.749866,-18480.001832724854
1772934538.829071,31350.618192140908
1772934538.8290951,35080.38155392966
1772934538.8291051,17823.49175735569
1772934538.8451884,-7353.777442171015
1772934538.8933485,-2327.0146126653704
1772934538.9094112,20844.661167339065
1772934538.9615982,-4820.714458869333
1772934538.9616182,11754.21413481606
1772934538.9616282,26023.39148312092
1772934538.9616363,27417.958388888397
1772934538.9937432,16334.234988930206
1772934539.0650227,20649.936331415505
1772934539.065049,1966.5030680146629
1772934539.0650585,-9002.771843916029
1772934539.12929,-8325.937169016084
1772934539.1614697,-1716.023951038757
1772934539.2256787,2623.208546865889
1772934539.2257173,1409.7191742034695
1772934539.2538495,-1928.1968903646673
1772934539.2538657,-3005.5803356378224
1772934539.3019972,-1119.2740510527394
1772934539.318068,675.3918821880233
1772934539.3180976,205.66645489513573
1772934539.6776533,1304.915815177519
1772934539.6777036,3635.76303405531
1772934539.6777163,1772.7077561391388
1772934539.784999,20616.652899711833
1772934539.785022,18406.028773804956
1772934539.785032,14085.170610530395
1772934539.7850428,12263.584643583396
1772934539.7850533,14505.3789235636
1772934539.7850618,18469.976498790696
1772934539.7850718,20106.796332882615
1772934539.7850811,16687.003644701523
1772934539.7850895,8642.635044433666
1772934539.7850976,-603.5880764507477
1772934540.202714,-6629.386015382443
1772934540.2187784,-7198.97465161001
1772934540.266968,-3603.419849593362
1772934540.283038,182.5278946847274
1772934540.29909,904.2211408845333
1772934540.3633592,-1084.3850022112688
1772934540.3794577,-3060.9085928379363
1772934540.443709,-2801.909364022696
1772934540.4597642,-1054.9118092743754
1772934540.5179873,-28854.08715333471
1772934540.5180075,-29757.248145514368
1772934540.5340621,-18266.629099240225
1772934540.593299,-31887.160645762455
1772934540.5933204,-23943.798084486345
1772934540.6244392,-13127.474467024165
1772934540.6244566,-3720.9100119427817
1772934540.6405845,1171.998435960335
1772934540.672618,-18016.32245067016
1772934540.7007685,-10388.387903742427
1772934540.7007947,-165.70817782622763
1772934540.7008042,3659.1790193769552
1772934540.7168062,-418.5960104441041
1772934540.757006,-35092.57621910745
1772934540.757028,-50111.20391632216
1772934540.7570348,-45302.59719469425
1772934540.7570424,-26680.066494780123
1772934540.7880855,-8407.895578475503
1772934540.788102,413.3734599041647
1772934540.8202348,30971.77625811337
1772934540.8755035,22118.996812545884
1772934540.8755271,6244.2469916522805
1772934540.8755372,-4648.934341627909
1772934540.875546,-5525.946775976615
1772934540.8755548,-487.95046877386267
1772934541.00398,3062.9526332814853
1772934541.0201197,1702.7923369767566
1772934541.0431452,-5159.397666758296
1772934541.0431747,-14930.23835901046
1772934541.0431845,-17003.340111587197
1772934541.107438,-10823.78363209569
1772934541.10746,-2580.2048500446485
1772934541.1355543,7802.317350428479
1772934541.1355836,18942.507150971356
1772934541.1676624,1945.7710615981289
1772934541.1917992,-3988.184255399846
1772934541.1918423,-5658.215175113173
1772934541.1918547,-2619.959944931922
1772934541.2078233,1261.6439918138037
1772934541.239957,32188.83331800484
1772934541.336377,22898.07746014645
1772934541.3675115,4996.494717157348
1772934541.3675604,-6558.360090883448
1772934541.421696,46727.78747501067
1772934541.4217103,53464.250345283464
1772934541.4539232,32834.98194534506
1772934541.5181158,1915.7161155319243
1772934541.6065254,-14276.46540452467
1772934541.6065495,-8589.072218827774
1772934541.6065576,4262.563622980233
1772934541.6225505,7201.408475469655
1772934541.6225908,-743.4497780755297
1772934541.685836,-6844.846041630564
1772934541.685858,9984.988929348108
1772934541.6858683,23706.109578802905
1772934541.685877,18549.929674274215
1772934541.6858857,-612.451661476777
1772934541.685894,-14204.16797221554
1772934541.6859024,-10801.00674922222
1772934541.701947,1330.86216040587
1772934541.701974,6514.880810689454
1772934541.7661223,30600.86145647646
1772934541.814344,46016.42848921315
1772934541.8444567,76016.34655503815
1772934541.8444786,54808.939022065235
1772934542.0211787,5166.85214192374
1772934542.0533037,35023.235221046
1772934542.0693495,36246.95481492981
1772934542.0854728,57040.36685129163
1772934542.129634,31237.39575647595
1772934542.1296763,12732.609123187352
1772934542.1296885,3975.487878662859
1772934542.1296988,4011.4445514718773
1772934542.1297076,3413.755984217965
1772934542.3063192,27079.008046897256
1772934542.6759663,42450.37708233403
1772934542.8846948,48763.99697034994
1772934543.0835543,18503.341856186955
1772934543.083582,7438.231562972902
1772934543.0835917,8100.7035051052235
1772934543.0836,11993.41222065927
1772934543.0836084,12752.044783502926
1772934543.0836163,11280.311580972468
1772934543.0836236,11015.726628436616
1772934543.083632,12130.332058961036
1772934543.08364,12233.491556379313
1772934543.083648,10827.191735643099
1772934543.0836558,10194.038347167421
1772934543.0836632,11659.338781092756
1772934543.0836709,13227.998676650825
1772934543.0836785,12384.154015906568
1772934543.0836864,10024.187419739164
1772934543.0836945,9557.344004316225
1772934543.083702,12047.45726538951
1772934543.08371,14227.499692022015
1772934543.0837176,12668.919525394242
1772934543.083725,8853.346008743847
1772934543.0837328,8053.853838598277
1772934543.0837405,12731.137259500249
1772934543.083748,18572.2530693547
1772934543.0837584,18508.331542823933
1772934543.4369662,-6014.759180503298
1772934543.71812,-283.0845995869171
1772934543.7181432,29193.533404040696
1772934543.7502663,43737.53037726318
1772934543.7783835,30027.446144336453
1772934543.77841,14962.889886580133
1772934543.7784204,3487.1426379499485
1772934543.7784293,85.24016536577419
1772934543.778438,-1448.998209730014
1772934543.8105164,-6572.966887411787
1772934543.8266,-12310.836400903494
1772934543.8426416,18019.32912997169
1772934543.894986,43791.09162400334
1772934543.8950171,30531.013607203055
1772934543.8950267,3685.2741694562883
1772934543.8950353,-16911.09834913389
1772934543.8950436,-18911.161519370693
1772934543.9591725,-24681.784786088934
1772934543.975207,-12966.709192428892
1772934544.0555227,-6980.8312236670245
1772934544.135852,-7294.251078594435
1772934544.151912,-20175.072981110283
1772934544.1679893,-22314.88844539465
1772934544.197121,32486.499059646943
1772934544.1971517,31004.404207407177
1772934544.1971607,7018.110855951306
1772934544.2402756,-15681.873667140782
1772934544.2402947,-3069.165939751543
1772934544.2403035,27465.045961648906
1772934544.2563643,45238.71035768919
1772934544.2724075,34321.82286895207
1772934544.2884808,13736.715452923358
1772934544.3045464,6761.539331583893
1772934544.3368695,37008.161232964696
1772934544.3819249,47698.660770611976
1772934544.3819404,23916.325449744963
1772934544.381947,2190.075295123554
1772934544.3819523,-2212.597305658403
1772934544.3819573,3375.948778374436
1772934544.3819623,1915.0728998550378
1772934544.3979483,-10173.408429335273
1772934544.4622023,-19704.062329035758
1772934544.4622269,-15863.815636494071
1772934544.4782605,25355.69201960967
1772934544.5907185,52161.72662917917
1772934544.6349776,6338.8862257260125
1772934544.6349983,-41702.4808591312
1772934544.6509545,-52643.563940249296
1772934544.6670487,-27189.360987520937
1772934544.68311,-28310.53598053689
1772934544.6831336,-25090.75987131755
1772934544.7312799,-8934.143434375712
1772934544.7473707,-13226.323434298873
1772934544.7855425,6516.6442525473385
1772934544.7855656,-1076.7104482726995
1772934544.8498049,16076.633002813556
1772934544.8658743,32081.086408117484
1772934544.9622412,38687.20269341999
1772934544.9783287,26064.225549305367
1772934544.9944968,11973.136767827436
1772934545.203236,29454.484237171313
1772934545.315717,-1792.7181631653086
1772934545.4120765,14675.691664100319
1772934545.4763868,35385.08792134258
1772934545.5727625,47269.84440664872
1772934545.6209788,-193.7057989243269
1772934545.653084,4851.961612413396
1772934545.7976456,-18701.808754468762
1772934545.8298135,-9489.125737994422
1772934545.8298333,7856.251748205769
1772934545.8780274,39203.64337252639
1772934545.92621,43331.98529417555
1772934545.9422767,20568.39790469326
1772934545.942304,3862.2257182850663
1772934545.9904573,-18304.118531669188
1772934546.0386448,13367.628374326274
1772934546.119012,-6327.651173064062
1772934546.7345781,-36918.81751441234
1772934546.7346091,-30731.097984162214
1772934546.7346191,-15487.352223559079
1772934546.734628,-7966.1008208300045
1772934546.734636,-10967.960790319603
1772934546.734644,-11315.530670346036
1772934546.7346523,447.97314127776775
1772934546.7346604,15336.62483077962
1772934546.7346685,15876.900919767295
1772934546.734681,-1887.7180960782762
1772934546.734691,-22230.903290366947
1772934546.7346988,-26877.944913121224
1772934546.734709,-14217.212615492444
1772934546.7347186,1598.9649076522333
1772934546.7347264,8139.263553702458
1772934546.7347348,6528.100328780059
1772934546.734743,5375.410730463907
1772934546.7347517,7564.523911367043
1772934546.7347598,7248.9484652733245
1772934546.7347686,-918.0683485485483
1772934546.7347767,-13611.165059324943
1772934546.7347856,-21775.228902547293
1772934546.734794,-19961.120077594773
1772934546.7348015,-10763.62777984615
1772934546.734809,-838.8275856453757
1772934546.7348173,5232.9384094238
1772934546.7348247,6950.233074403171
1772934546.7348323,6151.559003950151
1772934546.73484,5103.708948504345
1772934546.7348473,5423.513899045296
1772934546.7348547,6914.5697075658645
1772934546.734862,7287.377632579194
1772934546.7348697,4670.231510979134
1772934546.7827353,17619.00477834356
1772934546.8118713,-15686.33059166146
1772934546.8119009,-8632.424531162354
1772934546.8601086,-18943.042039598742
1772934546.9524312,-20587.52957236901
1772934546.9524543,-19318.507422817416
1772934547.0327723,-5730.111472175479
1772934547.0488708,-10972.803688767099
1772934547.0489132,-15106.578809495972
1772934547.1321676,-14099.745231293251
1772934547.132188,-10487.968638657965
1772934547.1321988,-8571.064628670116
1772934547.1322076,-9641.596990762566
1772934547.196456,-11985.745389355567
1772934547.19648,-14169.910424440974
1772934547.212487,-15620.607256115381
1772934547.626207,11607.950797241567
1772934547.6262324,18313.299840107353
1772934547.626242,16482.12058038706
1772934547.6262505,12273.536362848059
1772934547.6422641,10460.52875686423
1772934547.6834557,3825.369549810579
1772934547.6834822,-10127.362045534206
1772934547.6834924,-15201.787143918802
1772934547.76378,-4737.566513146028
1772934547.7959435,58163.41344645707
1772934547.8199837,54952.100170558486
1772934547.8200052,22096.94608920169
1772934548.004815,-24903.530906492204
1772934548.00483,-22370.09815566491
1772934548.0048363,-7018.082738020263
1772934548.2256632,-23.763164576855488
1772934548.2256925,3828.5272565232526
1772934548.2257023,1646.7850716077257
1772934548.2257128,3538.996160661111
1772934548.2257223,11088.061499707293
1772934548.2257307,16633.05497742293
1772934548.2257397,12644.688213931422
1772934548.2257483,-1320.577213194606
1772934548.2257564,-19916.35937138658
1772934548.3301134,-17058.704375534297
1772934548.3301501,-5771.530867233001
1772934548.3301613,7706.214801784629
1772934548.3301709,16539.350673430286
1772934548.33018,16370.214893922988
1772934548.330189,5662.5018373774155
1772934548.394492,21196.244259359337
1772934548.4224916,42410.11662176
1772934548.4225075,13479.76099484744
1772934548.422514,-1802.5789534414403
1772934548.4225197,3096.3561236448045
1772934548.4225247,6142.782446806758
1772934548.4867833,21586.50975059132
1772934548.4868088,16702.802659315195
1772934548.5028584,3459.45844202952
1772934548.5028808,-3227.564120137766
1772934548.5670924,1263.9349699235
1772934548.5831594,8485.708257426653
1772934548.6474564,-21082.253482295964
1772934548.8060603,-20955.80448891754
1772934548.8060763,-14441.728582322246
1772934548.8863635,-9866.252090622882
1772934548.950676,-13175.731250501532
1772934548.9667375,-19697.46861999797
1772934549.0741923,-19868.8599692076
1772934549.074216,-13376.50802266749
1772934549.0742247,-11303.621853301607
1772934549.1384225,-9670.02302491196
1772934549.138442,-21282.450084100452
1772934549.1655643,-25178.193145408615
1772934549.1655843,-7699.997010937202
1772934549.1655936,11987.90196508127
1772934549.197698,11542.194409399259
1772934549.2369242,-13231.618995001796
1772934549.2369556,-42215.17095966709
1772934549.236966,-31170.212739194274
1772934549.2369747,13084.800192314702
1772934549.236983,47180.247049000725
1772934549.2530077,-2955.9018701495743
1772934549.2689943,-35203.881386898785
1772934549.3171883,-35328.42783007419
1772934549.3332708,2426.6237087600175
1772934549.3814576,-22314.903729139125
1772934549.3975098,-22435.337378844397
1772934549.4135723,-2444.1016426511483
1772934549.413598,7571.971718329309
1772934549.4778767,143.7611614235416
1772934549.477901,-5871.295061743401
1772934549.4779112,-9111.636538434133
1772934549.4779205,-8013.60172564921
1772934549.4779296,-4831.135401119853
1772934549.5571692,-2421.6599651480037
1772934549.5571935,2265.7129792692635
1772934549.5732434,16703.374456495087
1772934549.589317,31678.37288287226
1772934549.5893524,30119.41234100968
1772934549.6374738,6320.937361348402
1772934549.7178037,-22212.623735293084
1772934549.7499795,-27201.15105340007
1772934549.782114,2311.8261107393373
1772934549.8624165,15803.742014409107
1772934549.8935344,-6273.607574406382
1772934549.893551,-3276.384445641484
1772934549.9417572,-28087.82153097593
1772934550.8052735,7081.89428521539
1772934550.8052895,17917.13909854282
1772934551.0302002,-17324.358775111283
1772934551.0462785,-4659.564231702827
1772934551.086485,22501.987204771154
1772934551.0865128,-1930.3605214617662
1772934551.102509,-2063.0466688538827
1772934551.1185884,3217.084104546383
1772934551.1346443,34163.123208821
1772934551.1667604,31792.39384403953
1772934551.182813,20366.39052662613
1772934551.2551043,4876.100716177017
1772934551.255134,-4369.088914782422
1772934551.3675723,1546.8644900854827
1772934551.3836288,-26905.603454492997
1772934551.3997085,-39207.87306966835
1772934551.5030942,17675.294038604334
1772934551.5031245,28157.26167822409
1772934551.6316376,22349.398664424512
1772934551.7441063,-11750.855242985186
1772934551.7601805,-12254.246080634239
1772934551.8244762,-16820.571767762736
1772934551.840628,7312.103188197517
1772934551.9047723,-11555.548103151761
1772934551.9208481,-18527.640380407338
1772934551.9208686,-27731.64360822792
1772934552.001181,-21697.525185041017
1772934552.0012062,-4384.870097899719
1772934552.0172317,10533.330517093953
1772934552.1618218,-7350.705489834957
1772934552.1779273,-4891.809878570622
1772934552.3064609,-25724.111546222684
1772934552.402819,-13298.773532968135
1772934552.4188943,-8671.109338736316
1772934552.4831305,2958.9606823706945
1772934552.5795472,-39555.74284990722
1772934552.6026595,-2009.8299971491326
1772934552.60268,36473.58171912733
1772934552.6307611,34057.13721204497
1772934552.6307807,34368.31036291854
1772934552.6307905,27760.086095676772
1772934552.7592723,24244.06223323639
1772934552.7753537,16523.74357170108
1772934552.9681628,-45830.778433372216
1772934552.9842174,-16406.767412697598
1772934552.9842417,-12152.405592298583
1772934553.4983184,-11290.366525954147
1772934553.5304408,18802.39503583248
1772934553.6911342,28912.049038730132
1772934553.7072096,43239.93386608952
1772934553.8005855,61024.14145296006
1772934553.8006053,35372.44312958075
1772934553.8166597,32808.510735585485
1772934553.8648608,26716.52816795826
1772934553.864884,10605.89499958649
1772934553.9612868,-10208.050762978952
1772934554.0315437,37322.80647808275
1772934554.0315623,43506.21550330052
1772934554.0315716,30418.39758149577
1772934554.0315797,2265.6937959222178
1772934554.0315876,-24927.546588591504
1772934554.1118555,-17002.02275335419
1772934554.1280758,-6006.14544785676
1772934554.19219,10153.31472352339
1772934554.2875752,-18490.4456251904
1772934554.2875948,-31055.24301477513
1772934554.3036435,-27542.663111271173
1772934554.3679922,15090.06880220819
1772934554.5396316,-13731.997210250982
1772934554.539647,-21596.637940259698
1772934554.5396533,-23528.785271621728
1772934554.619984,1934.946788357705
1772934554.7002923,-4322.634484714441
1772934554.7163472,7845.982281379286
1772934554.7806213,-14786.553231011047
1772934554.7966986,-29222.95967534864
1772934554.8127515,-38058.193462676645
1772934554.8449059,-25055.68057953992
1772934554.9412863,-12677.230477218483
1772934554.9413483,12558.678642942805
1772934555.053732,-8278.028853433138
1772934555.1020522,-5016.721382379735
1772934555.1180012,-12193.182407821729
1772934555.118036,-24217.388447084213
1772934555.1983285,-19298.550121908764
1772934555.214388,-13198.95719406906
1772934555.3108375,7756.3063699079885
1772934555.358992,-24945.199185096353
1772934555.4233372,-7221.238959705589
1772934556.0829988,-6654.806298628447
1772934556.083019,-9301.399221581247
1772934556.0830288,-21230.402560724044
1772934556.0830371,-24804.08028316207
1772934556.4685495,27381.87154211244
1772934556.4685748,65523.56181560941
1772934556.7858503,22706.953986034827
1772934556.7858744,2496.915457197028
1772934556.8390808,5704.602450862313
1772934556.839103,-25963.0740911831
1772934556.839114,-26890.47033984595
1772934556.8391228,-2311.986512121062
1772934556.8391316,20346.25839892611
1772934556.83914,24106.88080678984
1772934556.8391483,18610.44162558708
1772934556.8391585,22555.129315691163
1772934556.8391685,37525.30465328605
1772934556.9033203,16907.992227661845
1772934556.9194365,-14427.105944175728
1772934557.072013,-16605.95910114081
1772934557.0720317,-14840.878136838042
1772934557.104149,39499.02668352843
1772934557.150375,16746.2299821301
1772934557.150396,12694.749916529585
1772934557.1504056,4117.4029610576645
1772934557.1504142,-1879.964709817905
1772934557.150422,-6117.2201375632185
1772934557.1504295,-14166.819871490039
1772934557.150437,-24540.286324139186
1772934557.1664176,-26310.843994147017
1772934557.2537704,-15130.358079065725
1772934557.2537904,1865.7971475168522
1772934557.2537973,11536.649792593647
1772934557.3321486,-14691.712668141623
1772934557.332166,-21522.01261197051
1772934557.3963833,-19379.57548239722
1772934557.4124546,7599.901365214063
1772934557.4767,-16436.892513321804
1772934557.5570247,2171.2479597067127
1772934557.5731292,-23048.504102948515
1772934557.637338,5000.077787124453
1772934557.7337508,-12203.066659364142
1772934557.8141088,8987.070210515718
1772934557.8904116,-14330.709182303259
1772934557.890437,-17213.938385410635
1772934557.890448,-15445.269601524364
1772934557.9827957,-13733.082339132108
1772934557.9828246,-13295.66946129214
1772934557.9828367,-7774.579116068135
1772934557.9828463,3072.9089229943634
1772934558.1434095,-17097.106580687647
1772934558.2358387,13009.34476684751
1772934558.2358596,22388.941446530367
1772934558.2358687,25029.47559568271
1772934558.3181837,11911.583523110396
1772934558.3182037,-3526.468055852402
1772934558.3182137,-12320.524373637134
1772934558.318222,-17767.99279534033
1772934558.3182302,-24612.988007536347
1772934558.3503163,-29955.347956204732
1772934558.492884,-6627.466509343211
1772934558.492906,2280.2651525140946
1772934558.4929123,9851.050996728132
1772934558.4929183,11744.66037504438
1772934558.4929235,7731.692436726855
1772934558.9357264,-30581.806280045563
1772934558.9357476,-45448.02886793097
1772934558.9517562,-42634.790319302716
1772934558.9678986,-44840.83128596149
1772934559.0502067,-9345.0540854144
1772934559.0502267,26152.9882547241
1772934559.050236,26978.846642393404
1772934559.0502446,-1291.2341043127274
1772934559.0502577,-24884.62026281872
1772934559.146596,-29641.530539756826
1772934559.1466217,8847.104924009293
1772934559.168651,34713.272960086884
1772934559.1686752,20631.11095044999
1772934560.1808147,-15858.407928952833
1772934560.2852175,-18636.109582074874
1772934560.2852328,13837.979853436902
1772934560.3655844,24800.217012162168
1772934560.4298594,12759.199158552572
1772934560.526243,-25073.51516874568
1772934560.5745037,-16199.822641457431
1772934560.6868896,3405.9570569580815
1772934560.8696852,-6530.966161293686
1772934560.8697183,4617.947788047414
1772934560.8697283,5445.469324455875
1772934560.869737,1444.2718838290182
1772934560.8697455,2526.7772998506925
1772934560.869753,9289.384687916347
1772934560.8697605,12460.953903792857
1772934560.8697755,5758.96095803031
1772934560.8697832,-4831.382625759295
1772934560.8697937,-7588.551430190595
1772934560.8698075,598.5511503659785
1772934560.8698187,10060.941688549492
1772934560.8698268,9713.226339975223
1772934560.869835,101.97732376054675
1772934560.8698425,-7581.580188599534
1772934560.8698509,-4884.560454130068
1772934560.8698611,4533.969071913163
1772934560.8698711,10253.470698691823
1772934560.8698795,7653.758862360394
1772934560.8698897,2230.2269437547607
1772934560.8698988,1489.0758494725935
1772934560.8699071,5613.485366826251
1772934560.8699152,8413.469957352387
1772934560.869923,6173.062888122187
1772934560.8699312,2334.631750241734
1772934560.8699396,2343.7176768324152
1772934560.8699477,6142.277289317146
1772934560.8699555,8408.351458565043
1772934560.8699636,5917.294359032511
1772934560.8699715,1965.8621855888246
1772934560.8699796,1973.8070829444082
1772934560.8699875,6225.828813060887
1772934560.8699956,9395.833720900975
1772934560.8700035,7310.771014987383
1772934560.8700113,1794.4552356951865
1772934560.8700197,-2738.6174622393055
1772934560.8700273,-5826.790074756016
1772934560.9339173,-27201.141413258472
1772934560.9590695,-50489.044963261666
1772934560.9590988,-49763.166501166495
1772934560.9591076,-30182.693702746303
1772934561.0875373,-1268.3319269937604
1772934561.418918,9447.182273217637
1772934561.41894,5745.420637620385
1772934561.4189494,4219.1882256560275
1772934561.4189603,8347.053856484978
1772934561.4189703,11284.849841744934
1772934561.4189787,5854.7754018185815
1772934561.4189885,-6675.72793604377
1772934561.4189973,-18924.66473855025
1772934561.532342,16522.980882342486
1772934561.5323572,8252.926395908711
1772934561.5323637,-12190.969396160332
1772934561.5323691,-26981.6000339704
1772934561.8376071,-5570.090111221489
1772934562.062549,9895.881066115377
1772934562.078606,-16347.49096423047
1772934562.1428714,-15958.163194513112
1772934562.2232046,-10473.197174854244
1772934562.2392628,14774.969221614128
1772934562.3356702,-15565.540292786069
1772934562.5606463,-15715.300647469327
1772934562.5766487,-5803.7988651837295
1772934562.6409686,-6828.083272171239
1772934562.6410048,-10835.062103515053
1772934562.657032,-13271.396449516073
1772934562.6570535,-10750.304573407831
1772934562.721259,-6070.71365247816
1772934562.8819015,-5337.716104524418
1772934562.9140365,-10358.619988323879
1772934562.994397,-15670.939061693954
1772934563.042539,-13984.37111712515
1772934563.069669,-4867.297907475188
1772934563.0696907,4045.6146318700557
1772934563.1500473,-11421.729329205245
1772934563.182126,-17640.494713644417
1772934563.2142859,4561.842783216056
1772934563.2785528,32744.84821113898
1772934563.310675,34098.88149305571
1772934563.4874132,-3813.988011097489
1772934563.9322429,-3877.4140786791277
1772934563.9322777,-1352.6574460592028
1772934563.9323037,4796.525952995103
1772934563.932318,9378.274995462029
1772934563.9323266,9701.369637355529
1772934563.9323351,6929.965967906836
1772934563.9323435,4498.854072866584
1772934563.9323516,4923.370714598121
1772934563.9323597,7481.440951129967
1772934563.9323676,9063.966996197656
1772934563.9323757,7727.053824377948
1772934563.9323835,5138.063876278907
1772934563.9323916,4685.09703463912
1772934563.9323997,7134.058462914307
1772934563.9324076,9356.517757874328
1772934563.9324155,8265.3255214431
1772934563.9324238,5127.184587913422
1772934563.932432,4231.155137542778
1772934563.9324398,7115.811795186652
1772934563.9324481,10057.197627581887
1772934563.9324563,8823.11742209915
1772934563.932464,4743.206543466505
1772934563.932472,3476.737471685042
1772934563.9324818,7312.064769358637
1772934563.9324915,11335.573810576152
1772934563.9325,9607.715021637805
1772934563.9325097,3789.910423029691
1772934563.9325187,1968.7942637954256
1772934563.932527,7789.599143032412
1772934563.9325347,14115.298906019607
1772934563.9325433,11306.041639023228
1772934563.9325511,1000.5138550275918
1772934563.9325593,-3147.4064967498743
1772934563.9325671,8632.132580122467
1772934564.178276,32462.889530295834
1772934564.1782956,29783.859969126013
1772934564.1783056,14852.604003400942
1772934564.1783147,-3546.9437902496084
1772934564.1783235,-12462.368390609254
1772934564.1783316,-7058.30755647237
1772934564.1783397,5286.300143393649
1772934564.1943662,14606.70512827277
1772934564.2264757,20339.915934480945
1772934564.2424908,30895.768458875096
1772934564.2917836,-9533.835506726768
1772934564.2918239,-7290.0114033563605
1772934564.2918324,4762.657009475227
1772934564.2918415,14431.228436944117
1772934564.3077853,17473.450369266433
1772934564.3238873,45302.63502027855
1772934564.339921,63109.901104521785
1772934564.379082,34671.98106638458
1772934564.3791084,38349.62765318202
1772934564.3791168,30922.36341659891
1772934564.379122,17148.92016542437
1772934564.3791287,9258.580939989875
1772934564.379135,11990.537462815959
1772934564.37914,16666.64074248662
1772934564.620072,44523.26033738121
1772934564.9414895,5938.590966431026
1772934565.0860431,-19764.12961920827
1772934565.139223,-754.1608535950407
1772934565.1392417,11359.760405532988
1772934565.1392477,21134.74223930716
1772934565.1392531,19536.846382281212
1772934565.1392584,10356.082092748491
1772934565.251691,2568.21828498914
1772934565.2677667,31609.299631716032
1772934565.2908597,2266.883750220094
1772934565.29089,-20776.10305781553
1772934565.3370347,11331.614284437646
1772934565.3370557,15457.031903143572
1772934565.3370624,5825.005964549453
1772934565.3370678,-11575.110853207452
1772934565.337073,-21544.995432219075
1772934565.3641703,-16582.093587241216
1772934565.3641908,-5110.248828472635
1772934565.3642008,-1239.0087144085126
1772934565.387226,24362.438114665212
1772934565.387244,6851.083535173118
1772934565.51482,-18009.3473853467
1772934565.5148416,-9213.30664391825
1772934565.5148492,2904.179210606156
1772934565.5148547,1157.120071195646
1772934565.5790725,2926.820649648936
1772934565.659397,-29120.296352711586
1772934565.675439,-23307.146614885754
1772934565.8361273,14064.819221087118
1772934565.9325156,-20699.06974240506
1772934565.9325402,-15596.128280948571
1772934565.9576075,11081.213750044919
1772934565.9576297,27649.86059799666
1772934565.9737246,34099.4303160383
1772934565.9978473,26115.673187222623
1772934565.9978898,14469.601302853047
1772934566.07814,13619.810962672951
1772934566.1013584,-17961.386936709354
1772934566.101392,-11399.230303229
1772934566.101402,2646.257514479325
1772934566.1172638,13031.183178157324
1772934566.1494603,11202.441060970297
1772934566.181588,5746.455970111821
1772934566.2729475,-1134.4917740251328
1772934566.2729764,-4835.180189695373
1772934566.272987,-1736.4465710364682
1772934566.3201356,-11973.3813743264
1772934566.3201582,9677.786866240385
1772934566.3362412,-7693.962711668253
1772934566.4647193,-4881.287881242007
1772934566.5441568,-5121.413991189446
1772934566.5442092,3325.2658198177555
1772934566.5442255,9473.056270969197
1772934566.5442352,8881.448070406814
1772934566.5442464,3531.5628313264365
1772934566.5442564,201.18940577743248
1772934566.5442648,2607.7466784100257
1772934566.5442736,7129.044219331817
1772934566.5442832,7787.42572135974
1772934566.544292,4081.9541343567903
1772934566.5443003,1339.676910781848
1772934566.544309,3236.2847834539148
1772934566.5443168,6784.117888988717
1772934566.544325,6747.7586638491175
1772934566.5443337,3330.7727857619766
1772934566.544342,2072.115767806301
1772934566.54435,5487.355580196803
1772934566.5443585,7992.923834128078
1772934566.5443673,2158.285050658246
1772934566.5443757,-10947.575995551222
1772934566.6485257,858.2495879672664
1772934566.6485553,-1202.6663873489863
1772934566.6485665,3449.7608174386182
1772934566.648577,8748.098172197186
1772934566.6485865,7298.729122107285
1772934566.648595,544.8609084096095
1772934566.6486044,-2468.5355176621815
1772934566.6486137,3029.1546306084356
1772934566.6486225,10321.561206099766
1772934566.648631,9047.812584894988
1772934566.648642,-789.3308921109364
1772934566.6486554,-6765.4669259369875
1772934566.6486695,1768.0390332256015
1772934566.64868,19693.98961318381
1772934566.6486895,30253.39303061723
1772934566.7459433,-814.2246071452424
1772934566.7459707,1930.5606461610314
1772934566.7459836,5464.926619314538
1772934566.7459955,4715.353073001681
1772934566.7460077,680.5948457740457
1772934566.7460206,-881.1498708696756
1772934566.7460308,2359.662393028856
1772934566.7460384,5839.493996665181
1772934566.7460463,4488.947416381326
1772934566.7460551,79.78891952207638
1772934566.7460628,-1059.8454388518146
1772934566.7460701,2933.6844989284373
1772934566.746078,6476.871497424688
1772934566.746086,4269.050173201145
1772934566.7460935,-871.042884097551
1772934566.7461016,-1500.2484346444114
1772934566.7461092,3843.6501679516537
1772934566.7461164,7815.079459504734
1772934566.746124,4109.554212830046
1772934566.7461312,-2981.099825554427
1772934566.7461383,-3169.6348198867577
1772934566.7461455,5891.025115018815
1772934566.746153,13750.740801403452
1772934566.7461605,9070.787712807034
1772934567.2921383,11276.29435458127
1772934567.2921677,-11500.430601074018
1772934567.3734696,911.7925495793867
1772934567.3734937,-1764.9584129890618
1772934567.3735044,854.5274704699686
1772934567.3735132,3057.655408527767
1772934567.3735216,3017.7015564532708
1772934567.37353,2500.4087168376045
1772934567.373538,2395.2338913406793
1772934567.3735461,1655.1191137353019
1772934567.3735547,342.39273716258447
1772934567.5755928,1884.5401682822294
1772934567.575641,-10387.858275960174
1772934567.5756516,-20148.769432956422
1772934567.5756607,-20171.9963131117
1772934567.5756693,-10699.582444935902
1772934567.5756783,1232.3634027474504
1772934567.575687,7661.123371834925
1772934567.5756953,5874.997863470488
1772934567.5757039,94.73446381284204
1772934567.5757122,-2832.3002438608764
1772934567.5757203,-103.64086744172127
1772934567.575729,4504.979961816868
1772934567.5757372,5239.565350206231
1772934567.5757456,1280.437300908489
1772934567.575754,-2210.3127447420943
1772934567.5757625,-589.5958920221515
1772934567.5757704,4111.683154793223
1772934567.575779,5562.57154701683
1772934567.5757897,1521.0771615116996
1772934567.5758,-2725.2075154009704
1772934567.5758085,-1107.1715373324678
1772934567.5758183,4673.952552453656
1772934567.5758276,6647.369247212712
1772934567.5758362,1260.697360233577
1772934567.5758443,-4691.103193272826
1772934567.5758524,-2098.5161109798237
1772934567.5758607,7437.168044824565
1772934567.5758688,10813.252862726767
1772934567.5758772,-1909.9747728848774
1772934567.807336,-4265.525966394417
1772934567.807369,-12871.664074095223
1772934567.8073819,-10400.13656616718
1772934567.9036388,-22002.6294405574
1772934567.9196796,-22102.43499378316
1772934567.9678793,-20871.019144685073
1772934567.9839609,-21361.59052297158
1772934568.0712967,-15750.91866552299
1772934568.0713425,-7992.168216578041
1772934568.0713537,341.883141858941
1772934568.1034527,-23516.200178352
1772934568.1355867,1201.343745037206
1772934568.2158947,-17429.598664700523
1772934568.2319572,4921.1414564611505
1772934568.2801788,-25994.260373521
1772934568.3122988,-15178.06195815672
1772934568.3123243,-15477.701045102427
1772934568.3926752,-14084.56011388941
1772934568.469954,-12937.286007623085
1772934568.4699755,-13820.02663066483
1772934568.4699824,-15571.843580084538
1772934568.4860885,-15628.22854368091
1772934568.5502987,-13793.0001490123
1772934568.5783813,-12655.106926930055
1772934568.578405,-14012.627670008376
1772934568.626622,-15949.541828342233
1772934568.6426237,-15626.981387660564
1772934568.7069223,-13311.433444538505
1772934568.819362,-12447.097498706944
1772934568.8956783,-14540.726248226241
1772934568.8957033,-16575.877575790793
1772934568.8957133,-15055.874530204348
1772934568.895722,-11799.694798231618
1772934568.976065,-12489.108303345081
1772934569.0483165,-15069.476436513392
1772934569.048338,-10766.669691533798
1772934569.0483482,-384.62531445614434
1772934570.2532504,-32859.443216428415
1772934570.30746,28960.7656959309
1772934570.307482,18056.308783209097
1772934570.3074882,-18557.747734108758
1772934570.3074937,-46172.13453108995
1772934570.307499,-39819.19633545633
1772934570.3075037,-9423.66900173249
1772934570.3075085,14132.334378654488
1772934570.3075144,13501.150205930495
1772934570.3075192,-359.0112168052923
1772934570.307526,-6561.4626294309965
1772934570.917976,16621.672621688234
1772934570.9470851,3230.2672127405926
1772934570.9471102,4472.011446216756
1772934571.0916748,-26731.967824862015
1772934571.1559389,-2620.37384138308
1772934571.2684023,-17935.08485116429
1772934571.3969457,8407.212587225258
1772934571.4220576,-13337.68775765634
1772934571.422073,-23785.21794133605
1772934571.422079,-23031.557328336254
1772934571.4541676,-10483.613788372539
1772934571.500354,-21794.298978740342
1772934571.500379,-22765.98471487313
1772934571.500389,-21210.218859868528
1772934571.5485785,4519.343814491332
1772934571.5807033,13019.468131455951
1772934571.5967407,27423.755115772026
1772934571.6691267,-3030.5707773455074
1772934571.6691487,-5309.994917472291
1772934571.6691592,4273.776208126639
1772934571.6911397,5377.181913264737
1772934571.6911712,12016.97603639152
1772934571.691182,15422.38382361899
1772934571.7906327,19895.047912976745
1772934571.790665,17771.31415127655
1772934571.7906759,9773.318294957084
1772934571.7906852,-603.170106082513
1772934571.7906945,-7141.380133426739
1772934571.790706,-6351.767397290385
1772934571.7907171,-1471.4276911764537
1772934571.7907257,863.4865605776408
1772934571.7907367,-1478.5804668078629
1772934571.7907467,-3306.633033770118
1772934571.790756,1167.3865091134053
1772934571.7907653,9788.967144036651
1772934571.790774,13244.178121632645
1772934571.7907825,5283.838851610494
1772934571.7907908,-9582.964109989196
1772934571.7907991,-20273.17550012823
1772934571.7908075,-20070.017623582844
1772934572.47136,-13419.273705611704
1772934572.4713852,-2755.050922880343
1772934572.5035088,55272.04218372415
1772934572.5315783,8026.6800168406135
1772934572.5316043,6049.964244844617
1772934572.5316145,15959.54056440025
1772934572.5316236,25526.08385130881
1772934572.6741464,54563.01081439336
1772934572.674164,58391.38338588904
1772934572.7795885,20705.895726476443
1772934572.7796123,-3527.6431989438925
1772934572.7796185,-12379.997983184296
1772934572.7796237,-1881.6012408991526
1772934572.7796288,14746.551868549977
1772934572.7796335,18554.643910758823
1772934572.7796388,2870.9399450528686
1772934572.7796435,-18841.684032835998
1772934572.7796504,-24951.922345518517
1772934572.8599536,8572.75548764258
1772934573.1812525,-19277.83438474156
1772934573.228449,-27251.226762440263
1772934573.2284708,-19741.94773939193
1772934573.2284803,-6521.274694694876
1772934573.3198044,-5560.481466389341
1772934573.319826,-6115.665697079799
1772934573.3198364,-13419.732706505902
1772934573.3198457,-25620.90153970913
1772934573.3840888,-18390.037985154253
1772934573.4644196,-6184.601049922942
1772934573.480476,7939.20340240163
1772934573.5126143,-1107.4620076112
1772934573.5286756,11618.908106631343
1772934573.5448227,-19543.970418332836
1772934573.609099,-9587.438752105681
1772934573.6250823,404.3667906248625
1772934573.6732621,-13980.764874967372
1772934573.689338,-14698.55865601848
1772934573.7054267,-10606.108236391727
1772934573.7214513,-6472.068115685768
1772934573.785728,-7541.916983258717
1772934573.8017907,-13507.094513439935
1772934573.8821447,-18030.339037763842
1772934573.8821695,-14759.417584201674
1772934573.9303193,-2291.274184381671
1772934573.9624312,14699.204642062503
1772934574.010651,-979.0317757395804
1772934574.1071758,-17945.41020312307
1772934574.1351848,-6398.421363968746
1772934574.1352065,-5073.537257753048
1772934574.1352196,-11233.329649706884
1772934574.183362,-17888.316869858343
1772934574.2154531,-15093.916031259669
1772934574.2868223,-7632.619363136305
1772934574.2868557,-8412.216456782955
1772934574.2868688,-11417.655251664128
1772934574.302832,-12628.715780014556
1772934574.3831635,-10105.090915345387
1772934574.3831875,-6835.057740507514
1772934574.4474363,-7226.216767020336
1772934574.5598977,-11936.0223444775
1772934574.575987,-16612.767112573238
1772934574.6562796,-3711.8758502740675
1772934574.6723597,7404.460567521891
1772934574.6884108,-4247.130022653132
1772934574.7206118,5295.200884100295
1772934574.8069537,-13359.894026110533
1772934574.8069828,-6804.855773422391
1772934574.8069892,1651.604347156291
1772934574.806996,6844.674037947938
1772934574.807004,7243.590985162908
1772934574.8070128,5555.962968297277
1772934574.8070214,4584.252386483558
1772934574.8070297,3742.0871484603676
1772934574.8070383,433.6784986130353
1772934574.8070464,-5672.496994574594
1772934574.807057,-10904.27717626108
1772934574.839089,-18626.541188029812
1772934574.8551157,-3017.0928105696635
1772934574.8551445,20011.819094903483
1772934574.9996936,15049.44487753845
1772934575.0318117,19440.772686822118
1772934575.0961485,-15268.317280646357
1772934575.1603415,501.117278042526
1772934575.192489,-20015.99851018453
1772934575.2406876,-12817.220718861521
1772934575.2568076,-10952.12153114552
1772934575.2727883,8702.11878431845
1772934575.3370686,-15145.004016609866
1772934575.3370905,-13909.95022914954
1772934575.362157,-2484.1753609638877
1772934575.3621778,10536.912875057113
1772934575.3943236,-13693.248779099973
1772934575.4414847,-15963.876768514596
1772934575.4415057,-17378.743154449137
1772934575.6022031,7920.4762361918765
1772934575.7367103,-6634.150676684834
1772934575.736734,-12487.075787637894
1772934575.73674,-15973.091063824178
1772934575.7688704,-16063.060995316695
1772934575.7688963,-14780.865838534732
1772934575.8170772,-11595.836032370977
1772934575.8331134,-12850.221399249102
1772934575.8963718,-11110.621045008544
1772934575.896392,-4421.874360196566
1772934575.8964036,8092.552562244829
1772934575.9285183,-12065.43703700462
1772934576.0088937,10461.962384975744
1772934576.0571716,-2883.7153802334255
1772934576.0730793,6155.771759885449
1772934576.0991683,17110.276487340718
1772934576.0991812,18887.06396055603
1772934576.1634576,-16756.96887200482
1772934576.2116537,-1151.3647527173596
1772934576.236746,-8320.246339578225
1772934576.2367694,11416.666866559463
1772934576.2909718,11232.714192947231
1772934576.2909997,37264.12251460815
1772934576.2910109,45133.295846071574
1772934576.323134,34109.367413725544
1772934576.3391807,2752.216295724394
1772934576.3712964,11714.986775706582
1772934576.387622,2520.891515233601
1772934576.4837947,-11317.811511456459
1772934576.4998178,14722.739584579247
1772934576.592193,-262.69225128545054
1772934576.5922148,5984.499300104141
1772934576.6354177,-6509.538700030843
1772934576.635437,-1548.1674699607697
1772934576.6354463,-4560.207697067728
1772934576.6514564,-13521.777850374985
1772934576.667505,-16377.631443238595
1772934576.6996706,10348.67487575306
1772934576.7478693,-7358.181338987228
1772934576.796108,12534.468186148151
1772934576.812156,-22851.89961848189
1772934576.8603325,-693.526176566585
1772934576.8924813,8705.655327107967
1772934576.9205985,-19779.543354847174
1772934576.920618,-27336.172334424817
1772934576.920625,-23371.17942830095
1772934576.9687681,7161.078120394184
1772934576.9998956,-7540.407470629922
1772934576.9999204,-5969.432130967054
1772934576.9999301,35.27816457982641
1772934577.0320983,9811.793795038002
1772934577.06415,-12208.626010404996
1772934577.0922472,-7267.690074242392
1772934577.0922663,274.91913176309436
1772934577.1083481,10533.799023103895
1772934577.135444,-5773.4116593124
1772934577.135464,-10153.77636379996
1772934577.1515293,-11408.717466683076
1772934577.167556,-11684.291347322378
1772934577.1996984,-12428.205784356314
1772934577.2157788,-13113.988696537654
1772934577.250049,-5112.85286332994
1772934577.250075,-2046.8863645642848
1772934577.2500849,-6260.605650343292
1772934577.250093,-7595.473305138361
1772934577.2501013,4138.298019906525
1772934577.2501094,24408.652670430027
1772934577.2501173,35996.62590489985
1772934577.2931056,47303.66632459664
1772934577.2931309,42390.075530178394
1772934577.2931416,29328.2718137135
1772934577.2931533,11070.038921738676
1772934577.2931635,-8380.223863801159
1772934577.2931726,-22117.83713464758
1772934577.2931817,-23759.976657303323
1772934577.3091528,-14139.56785448681
1772934577.35738,-2514.914045094628
1772934577.3574069,1472.1013534591077
1772934577.3734367,-2945.635899871963
1772934577.3894887,-8262.157414403358
1772934577.4216304,-8296.068836943059
1772934577.4376993,-4354.157183576494
1772934577.4698253,-2345.778706529717
1772934577.469854,-4343.775592279783
1772934577.5180287,-6749.419443353342
1772934577.5180504,-6273.9806514851725
1772934577.5501266,-4143.704821660882
1772934577.6063793,-3833.181989768268
1772934577.6063948,-5599.60045700991
1772934577.6064007,-6312.042816662805
1772934577.622481,-4677.924868346467
1772934577.6225076,-3423.1074706836976
1772934577.6385205,-4988.993600059532
1772934577.7208705,-7172.431466587455
1772934577.720899,-6189.352120654535
1772934577.72091,-2747.9431214809033
1772934577.7209191,-2142.246895265641
1772934577.7209303,-6464.6252538538565
1772934577.7691636,-10012.626492574853
1772934577.785118,-6354.536321195744
1772934577.801204,1178.1799343326697
1772934577.80123,1423.8955918412353
1772934577.8493996,-9769.50448176259
1772934577.8654943,-20296.592555991785
1772934577.8655303,-12850.085228441654
1772934577.894582,7004.899664131934
1772934577.894602,16701.322971498415
1772934577.9377131,-5092.263309183988
1772934577.937729,-8064.28407934583
1772934577.9538138,-10270.174288588472
1772934578.0020287,9251.748463522345
1772934578.0180895,-2386.440771399107
1772934578.034128,10727.549241680388
1772934578.0502186,4228.630617083047
1772934578.0823123,16865.25286130298
1772934578.114476,-7409.266805968242
1772934578.1145022,-5898.126695906455
1772934578.1586304,15524.174686359116
1772934578.1586533,20290.86679452423
1772934578.158664,10941.334973624967
1772934578.1586728,-554.1345732744113
1772934578.1586814,-1299.449456898287
1772934578.15869,6916.369125051866
1772934578.158698,9858.662423540087
1772934578.1587064,-1794.8992919920377
1772934578.1747131,-20827.543792803623
1772934578.1988087,-14738.521213807862
1772934578.1988387,-11715.824200455185
1772934578.2309191,-2841.3272010032415
1772934578.2891753,-284.4605120965224
1772934578.2891905,-9651.483754754721
1772934578.2891967,-13025.923347415785
1772934578.289202,-4510.685322805256
1772934578.2892067,8335.42685372172
1772934578.3534389,-7555.5037915028
1772934578.3534632,-17412.073008521158
1772934578.3695486,-6801.176459894477
1772934578.385586,2153.69089296021
1772934578.385621,12203.667241079282
1772934578.433766,-11611.731966966043
1772934578.472957,-4606.622977118131
1772934578.4730012,-5818.697526976226
1772934578.4730105,-5501.107900223641
1772934578.4730196,-3061.367940955038
1772934578.4730263,2112.570148245237
1772934578.4730325,8827.462924933412
1772934578.5512564,-1445.3148454279058
1772934578.5512834,3945.616412302982
1772934578.5512936,-1201.441310401657
1772934578.5513024,-11515.881102059704
1772934578.5513113,-12489.055093285326
1772934578.55132,534.0269469823663
1772934578.5513287,14170.541311262667
1772934578.5513372,12536.933341138154
1772934578.6356456,-4587.744742023947
1772934578.6356783,-3528.3910160331848
1772934578.6356905,-1388.2834006056394
1772934578.6356995,-3076.1497089906943
1772934578.63571,-9210.364917835037
1772934578.719938,-2974.578887908347
1772934578.7199695,-5858.297483913758
1772934578.7199807,-4356.845045692505
1772934578.7199907,3162.649136980487
1772934578.7200007,13095.46413422726
1772934578.796228,-6107.889765873581
1772934578.796247,-3724.8222472814814
1772934578.7962534,4539.361151775196
1772934578.7962587,13612.375767981903
1772934578.828438,1564.9922082536464
1772934578.844484,12906.370649604258
1772934578.8605614,-5708.828342073838
1772934579.081432,1539.2080198284164
1772934579.0814486,4531.031085380961
1772934579.0814555,-3278.7630813452715
1772934579.2099533,-16881.402400953528
1772934580.0223005,14346.450585081782
1772934580.0223238,13607.69295750879
1772934580.0223343,12909.669057573949
1772934580.0223444,14141.782558191788
1772934580.0223536,15543.678012973554
1772934580.0223622,13527.414501332862
1772934580.0223708,6707.8817123702565
1772934580.0223794,-2094.1686626925207
1772934580.4349604,-7936.804501443712
1772934580.4349823,-8155.341178844835
1772934580.4349933,-4323.775460530221
1772934580.4350019,-632.3158292872212
1772934580.4350114,-43.505751155741514
1772934580.43502,-2067.1794029760977
1772934580.4671204,-3931.1430867439385
1772934580.5484488,17118.290574390867
1772934580.5484703,20257.764723129687
1772934580.5484805,17910.995440841452
1772934580.5484889,11020.776195430006
1772934580.5484974,3450.81010442964
1772934580.548506,-529.6625748863062
1772934580.5485146,427.0007385830726
1772934580.5485227,3774.1762910623456
1772934580.5485308,5746.46044543642
1772934580.5485387,5084.109897241579
1772934580.5485468,3783.8087148025174
1772934580.548555,4134.6471911698045
1772934580.548563,5719.889515026873
1772934580.548571,6104.106865906458
1772934580.5485787,4230.551090494769
1772934580.5485868,1970.849623048582
1772934580.5485947,1600.027541764153
1772934580.5486028,2451.2495445091367
1772934580.5486107,1431.7565629854812
1772934580.6026824,-2759.2459036225973
1772934580.602706,-7328.935118081925
1772934580.6027162,-8011.22640587597
1772934580.6027255,-4291.145026369182
1772934580.6027367,-364.2088500855821
1772934580.6027477,-378.0289914319888
1772934580.6027563,-3610.0346190316864
1772934580.6027668,-5645.956831192369
1772934580.6991007,10071.149857708764
1772934580.6991258,26033.684387685113
1772934580.6991353,28004.67899324953
1772934580.699152,18205.867916769632
1772934580.6991603,8037.400688926632
1772934580.6991687,5467.454283500357
1772934580.6991763,8792.17511066703
1772934580.699184,11674.086559221283
1772934580.6991916,11037.08048544471
1772934580.6991992,8506.336070149293
1772934580.6992066,6173.10559971156
1772934580.6992145,4019.313687470347
1772934580.699222,1924.3406818839126
1772934580.6992297,1780.3142584768375
1772934580.6992369,5533.2447974302495
1772934580.6992443,11655.944930878908
1772934580.6992517,15464.094818527434
1772934580.7673087,-15921.529955457589
1772934580.767341,-14664.202711808013
1772934580.7673504,-5200.919744105043
1772934580.7673588,2485.121782697442
1772934580.7673671,1493.4665441737216
1772934580.8386552,-4910.881632473383
1772934580.8386695,-8268.811946184709
1772934580.9219675,-5035.123369742762
1772934580.92199,-256.83902287765744
1772934580.922001,-188.23547695032835
1772934580.9220085,-4386.397026051801
1772934580.9862573,-6887.837199006507
1772934581.0023324,-4568.937730995585
1772934581.094731,-9858.25851644357
1772934581.094777,-14700.131638733908
1772934581.0947883,-11582.280208900876
1772934581.0947978,-757.4855736641772
1772934581.0948088,8547.698391281036
1772934581.0948207,7054.844048890505
1772934581.1579716,-3848.602061273685
1772934581.1579976,-12956.230839787822
1772934582.9633348,-11237.98713758719
1772934582.9633553,-1931.213177999535
1772934582.9633653,3929.2315479290623
1772934582.963374,412.7640183455213
