timestamp,value
1772937089.5598793,16078.588531781763
1772937089.5599253,-33641.636101934506
1772937089.5599372,-44292.0258714488
1772937089.5599482,-24527.24037799414
1772937089.5599618,-7451.147596309946
1772937089.5599744,-10901.996828327567
1772937089.5599873,-23868.60375507812
1772937089.559996,-27853.711951449335
1772937089.560004,-20514.215641544222
1772937089.560012,-13789.767551713516
1772937089.5600197,-15538.152528551947
1772937089.560028,-21367.16340878292
1772937089.560036,-23827.261144432796
1772937089.5600452,-22016.37590738541
1772937089.5600576,-18679.52032987138
1772937089.5600696,-13180.385945710932
1772937089.560084,-3752.4167997715854
1772937089.560096,4776.082170190578
1772937089.5601091,2800.349338493336
1772937089.5601366,-11286.953463467029
1772937089.5601487,-24891.637569815648
1772937089.5601747,-23643.585844695022
1772937089.5601823,-9183.530173822766
1772937089.56019,1146.6382872843444
1772937089.5601978,-5522.955628379911
1772937089.5820105,-22196.71517461793
1772937089.5820355,-31231.854049498474
1772937089.5820477,-26606.76368196965
1772937089.598076,-20547.142401900917
1772937089.634242,-26062.59986694733
1772937089.6342797,-38492.26243605092
1772937089.6342986,-40611.46173130344
1772937089.6343148,-25119.826094292283
1772937089.6343312,-5483.762343439978
1772937089.650308,-817.5419476902708
1772937089.7446382,-12456.57708214024
1772937089.7446635,-15918.01217028424
1772937089.7446744,-17666.22546104422
1772937089.7446835,-24267.99973543469
1772937089.7446923,-36328.59981659192
1772937089.7447011,-44319.45090018406
1772937089.7447104,-39514.149872476824
1772937089.7447193,-25419.534893607542
1772937089.7447276,-14207.254745452195
1772937089.744736,-13014.789392079249
1772937089.744744,-17836.28425415697
1772937089.744752,-21098.49743584803
1772937089.74476,-20725.90099907043
1772937089.744768,-19184.85996712312
1772937089.744776,-17393.272266200438
1772937089.7447844,-14837.637219134263
1772937089.7447925,-14781.855475873645
1772937089.7448,-23031.418091553234
1772937089.7448084,-38543.16559545673
1772937089.7448163,-50011.17585646504
1772937089.8822267,17321.83912280693
1772937089.8822577,9164.909481653869
1772937089.8822849,-2574.041489544377
1772937089.882296,-9304.056054429346
1772937089.8823044,-10779.28911070967
1772937089.8823133,-10399.19592923124
1772937089.8823218,-10262.020837044509
1772937089.8823302,-11515.3189068617
1772937089.8823388,-15302.14452914662
1772937089.8823466,-20418.664343777666
1772937089.8823547,-22280.222299335393
1772937089.8823626,-17921.856593618504
1772937089.8823707,-11593.234660757176
1772937089.882379,-11411.944108470843
1772937089.882387,-18821.16350568272
1772937089.8824077,-24756.114070567273
1772937089.882416,-20176.53006303157
1772937089.882424,-9252.69999942705
1772937089.8824317,-7061.087791455001
1772937089.8824394,-21767.82341128359
1772937089.8824472,-42391.81111753537
1772937089.882455,-48880.369219941254
1772937089.8824632,-34458.5894754613
1772937089.882471,-14073.210961471976
1772937089.8824787,-8431.04404274954
1772937089.8824868,-21958.789793227195
1772937089.8824947,-39608.367188879405
1772937089.8825026,-44435.68503286568
1772937089.8825104,-34414.23132744498
1772937089.8825183,-20809.851828321283
1772937089.882526,-13925.061771970419
1772937089.8825336,-14538.464227133229
1772937089.8825414,-17818.103734024287
1772937089.882549,-19692.605438762686
1772937089.882557,-16339.793075049141
1772937089.9825835,-15147.049012031703
1772937089.9826152,-10265.820559666017
1772937089.9826257,-13713.67341883453
1772937089.9826384,-25972.4481441299
1772937089.9826508,-34744.72068236889
1772937089.9826632,-28135.008939629046
1772937089.9826746,-10647.587762956706
1772937089.9826863,-240.12166261496768
1772937089.9826982,-6812.267550251629
1772937089.9827104,-18154.22153589704
1772937089.98276,-13120.484818804973
1772937089.982769,12112.652664922227
1772937089.9827778,37423.34195370651
1772937089.9827864,41319.684148416774
1772937089.982795,25228.064421618463
1772937089.9828036,9321.13118541151
1772937089.9828124,6135.983345941708
1772937089.9828215,6597.894400881872
1772937089.9828298,-4174.699847394053
1772937089.9828382,-23937.68551861839
1772937089.9987454,-35062.877151274326
1772937090.0669131,-28596.95833976526
1772937090.0669417,-17211.362565420994
1772937090.0669541,-18457.61490420127
1772937090.0669649,-30839.426774513173
1772937090.066975,-36049.91426950845
1772937090.066985,-25135.52373101605
1772937090.066994,-12320.451408483967
1772937090.0670025,-15614.80172257469
1772937090.0670114,-29278.53967601201
1772937090.0670197,-27206.488348638995
1772937090.0670283,3379.3216149651835
1772937090.0670366,40744.57769737242
1772937090.1181293,-7831.360841714397
1772937090.1181476,-22532.268273157402
1772937090.1181576,-34331.16265398334
1772937090.1181657,-30073.908862990018
1772937090.118174,-14063.491145591746
1772937090.1181817,-1910.1084450248563
1772937090.1181889,-1359.584366634058
1772937090.150258,-5789.457041025423
1772937090.1502793,-7495.934789654139
1772937090.1502905,-10101.751113776494
1772937090.150301,-21305.12318789708
1772937090.3350155,-3087.0246996973156
1772937090.3350444,1249.222813100962
1772937090.3350656,-407.00312308774704
1772937090.3350828,-6012.862838837121
1772937090.3350985,-7477.623032093704
1772937090.3351147,470.6856183013283
1772937090.335128,12761.227937263491
1772937090.3351376,16932.254541933828
1772937090.3351464,5936.406736203944
1772937090.3351595,-11580.777229969304
1772937090.3351743,-16256.01266962968
1772937090.3351889,3586.5062118273013
1772937090.3351977,37661.79900816905
1772937090.3352063,59811.824518146284
1772937090.335215,50842.872782094906
1772937090.3352242,16230.346825070419
1772937090.335233,-19180.09946043358
1772937090.335242,-33984.42504365472
1772937090.3352506,-27329.224912504786
1772937090.3352592,-14353.494884863934
1772937090.335268,-7696.516031983918
1772937090.3352768,-6310.566031595315
1772937090.3352857,-2034.3422968366376
1772937090.335294,6729.05847865055
1772937090.3353028,11690.38704365105
1772937090.3353121,5165.249154256897
1772937090.3353212,-9133.659999186366
1772937090.33533,-18515.761779662414
1772937090.3353395,-14541.776730710832
1772937090.3353488,-2096.6246338099454
1772937090.33536,5734.921440955221
1772937090.3353748,1150.149303008631
1772937090.335389,-11014.71821273729
1772937090.335403,-19132.475869392358
1772937090.3972702,-16690.283313905366
1772937090.3972895,-7634.85886956272
1772937090.3973007,-672.3379094878696
1772937090.3973105,58.30245401063189
1772937090.3973196,-2328.067865514637
1772937090.3973286,-3256.3908600490336
1772937090.3973374,-3066.272258329168
1772937090.3973455,-5955.835197070765
1772937090.397354,-12957.570323218026
1772937090.413314,-3688.223107625919
1772937090.4685357,-3676.762917335582
1772937090.4685607,-3331.59599199503
1772937090.468572,-3460.476308931051
1772937090.468582,-3752.6917998486647
1772937090.4685912,-3202.2146068098946
1772937090.4685998,-2202.63482669023
1772937090.4686089,-2926.5319161043935
1772937090.468618,-6117.270547256369
1772937090.4686265,-7419.874934060544
1772937090.4686353,1227.3984660600452
1772937090.4686441,24038.324095125652
1772937090.4686527,54216.593587839976
1772937090.521746,40950.31251245831
1772937090.5217724,-1759.9426533628089
1772937090.5217912,-32016.71002959541
1772937090.521806,-11839.887012286337
1772937090.5218215,49365.37223988564
1772937090.5689404,99531.20432326001
1772937090.568961,94804.46149435367
1772937090.7486672,54406.008792172135
1772937090.7487044,6607.774525692007
1772937090.7487197,-16292.18756653437
1772937090.7487292,-16268.72514076818
1772937090.7487383,-10194.44466021126
1772937090.748747,-4568.004844536141
1772937090.7487552,7994.696737180537
1772937090.7487633,30412.305935295328
1772937090.7487717,48268.318267206225
1772937090.7487805,41427.6658528461
1772937090.7487888,7935.7999244519715
1772937090.7487967,-28026.271795419314
1772937090.7488046,-35411.377592061384
1772937090.7488124,-4480.081743964198
1772937090.7488203,44038.11477315603
1772937090.7488463,77248.41128038445
1772937090.7488542,77418.00766697805
1772937090.748863,52873.56378938858
1772937090.748871,25098.44651161673
1772937090.74888,7910.248546903261
1772937090.748888,-327.0710059098727
1772937090.748896,-6988.279890854761
1772937090.7489047,-12632.40465703376
1772937090.7489133,-11275.338453046064
1772937090.7489212,-1824.580539046011
1772937090.7489295,5829.225299194862
1772937090.7489376,545.604761299821
1772937090.7489457,-14601.029647412173
1772937090.7489536,-21172.06122906736
1772937090.7489622,-3668.7367470991762
1772937090.74897,31457.953425722688
1772937090.7489784,58598.600475532025
1772937090.7489865,56836.28849802397
1772937090.8329418,130765.7258368199
1772937090.8329663,153656.11389384832
1772937090.8329775,161939.59321652245
1772937090.8329864,143588.0789546568
1772937090.8329952,95050.65096830261
1772937090.917307,127326.07320893927
1772937090.9173353,151850.7792317818
1772937090.9173484,162663.09743192708
1772937090.9173632,133023.33730245728
1772937090.917377,68645.86984629824
1772937091.2205212,82903.28963971867
1772937091.2205532,25788.49041681687
1772937091.2205763,-16330.563896188807
1772937091.2206,-28412.798901538976
1772937091.2206154,-18791.08591223838
1772937091.2206264,-7891.276512923971
1772937091.2206357,-7763.095579889096
1772937091.2206457,-14467.901308770264
1772937091.2206545,-18185.071996373852
1772937091.2206635,-15916.157723275455
1772937091.220673,-12398.893041332767
1772937091.2206824,-11872.78005092672
1772937091.220692,-13308.42931412844
1772937091.2207005,-13958.306060553625
1772937091.220709,-14035.67832019723
1772937091.2207177,-15432.517556475927
1772937091.220726,-17177.45554400393
1772937091.2207344,-14774.040566135129
1772937091.220743,-4432.492847878548
1772937091.2207513,13222.880088916098
1772937091.2207596,33300.76549475438
1772937091.2207685,48538.162822302
1772937091.220778,51221.410071308695
1772937091.2207863,37292.50721967803
1772937091.2207952,12576.129111619262
1772937091.220805,-6399.803642876364
1772937091.2208135,-3841.565488975335
1772937091.2208228,18846.780650809356
1772937091.2208312,40149.19999461264
1772937091.2208395,37192.69759524237
1772937091.2208478,9184.118775934869
1772937091.2208562,-20777.116396769397
1772937091.2208648,-29569.944614904747
1772937091.2208729,-17548.774038949443
1772937091.2208817,-4997.601607898643
1772937091.2208903,-6843.777618422356
1772937091.2208989,-16898.27307506638
1772937091.2209077,-19885.16044640817
1772937091.220916,-13522.865718624571
1772937091.2209246,-10249.244529045332
1772937091.2209327,-15995.150770614338
1772937091.2209413,-15875.143572144172
1772937091.22095,9927.035424911004
1772937091.2209582,56443.80478979164
1772937091.220967,88971.2535995912
1772937091.2209756,75134.47692620715
1772937091.2209845,21013.034798087465
1772937091.220993,-30265.25128867127
1772937091.2210016,-38601.251308563726
1772937091.22101,-3938.784058203351
1772937091.2210183,37381.886525488095
1772937091.221028,49817.91911674796
1772937091.2210422,29021.4748733022
1772937091.2210565,-2054.055108347546
1772937091.2210672,-20058.95418807333
1772937091.221076,-20366.34236478487
1772937091.221084,-13494.835549751118
1772937091.2210927,-10050.33840073119
1772937091.2211013,-12070.593463965077
1772937091.22111,-15469.81812213042
1772937091.2211182,-16192.692023053409
1772937091.221132,-13554.249901651227
1772937091.221146,-10426.051659950013
1772937091.2211595,-11386.260830265672
1772937091.2211685,-18708.32794523715
1772937091.2211769,-28418.566106515784
1772937091.471574,12983.76383774012
1772937091.4716325,32261.618258127444
1772937091.4716551,15413.547152551657
1772937091.4716787,-16282.80813151517
1772937091.471692,-25220.862352525615
1772937091.471702,2729.410125092581
1772937091.4717112,44409.73408851899
1772937091.4717202,65957.10970331021
1772937091.4717295,58713.979771387254
1772937091.4717388,44182.98503691231
1772937091.4717474,44660.47219870552
1772937091.4717557,55652.54350025042
1772937091.4717643,52445.23557935867
1772937091.471773,21805.743830396517
1772937091.4717815,-19714.509630700042
1772937091.4717903,-42595.84198505841
1772937091.471799,-36037.56399913693
1772937091.471807,-17576.312101522446
1772937091.4718153,-11138.561905564111
1772937091.4718237,-21143.100674436733
1772937091.471832,-32366.239742902366
1772937091.4718401,-31926.613941941643
1772937091.4718485,-23684.777895681033
1772937091.471857,-18236.675726658967
1772937091.4718652,-14966.522622178141
1772937091.4718735,-2467.1767729914227
1772937091.471882,22421.104209486417
1772937091.47189,43763.6646626162
1772937091.4718983,41919.49820112975
1772937091.4719067,18459.44571999694
1772937091.471915,-1663.2224509639182
1772937091.4719234,3045.7526586896684
1772937091.4719317,25215.830351265005
1772937091.47194,35847.94100614153
1772937091.4719484,17152.474285163767
1772937091.4719567,-17171.512551734897
1772937091.4719648,-37801.44409692012
1772937091.4719734,-32472.089157575883
1772937091.4719818,-17057.124672072805
1772937091.47199,-13886.26257371419
1772937091.4719982,-25356.825133792045
1772937091.4720063,-34344.17356149685
1772937091.472015,-28314.49746565549
1772937091.4720235,-15544.092020703158
1772937091.4720316,-13766.788693813909
1772937091.47204,-26807.311132528164
1772937091.4720483,-38695.73027785196
1772937091.4720566,-31770.786180589337
1772937091.4720647,-6047.268190418825
1772937091.4720733,22371.830582108105
1772937091.4720812,39172.90785705921
1772937091.4720895,43316.27204555377
1772937091.472098,41043.99310886377
1772937091.4721062,34489.90673444976
1772937091.4721148,21288.43000317792
1772937091.4721231,3885.040116988672
1772937091.4721315,-6954.9923896107075
1772937091.4721403,-1884.679263886694
1772937091.4721487,15124.674713893693
1772937091.4721572,27920.060645832567
1772937091.4721656,22322.433953565615
1772937091.472174,-1375.9864952044375
1772937091.4721932,-28951.998901083116
1772937091.472201,-42476.34942365939
1772937091.4722097,-29762.63808150543
1772937091.472218,11233.988749643646
1772937091.4722261,70390.84736792251
1772937091.4722347,125695.26248480922
1772937091.4722433,151031.15196809257
1772937091.4722524,132057.89279211633
1772937091.4876254,78753.3682729649
1772937091.6322606,9369.146136222913
1772937091.632298,-21649.847841598155
1772937091.6323173,-31671.602212991478
1772937091.6323273,-31355.05929099351
1772937091.6323361,-26002.10459400505
1772937091.632345,-18166.603133130997
1772937091.632354,-15366.491002885507
1772937091.632362,-24571.182333890767
1772937091.6323705,-38156.98436805084
1772937091.6323788,-35253.42284883159
1772937091.632387,-5711.64164177198
1772937091.6323953,30197.637116668157
1772937091.6324031,36278.886708022976
1772937091.6324108,-653.4919015396238
1772937091.6324186,-51875.26621842185
1772937091.6324265,-73919.29183901468
1772937091.632434,-53674.36003943015
1772937091.6324418,-19832.391207749028
1772937091.6324496,-8049.711890416963
1772937091.6324573,-22075.577772735673
1772937091.632465,-35989.21023797444
1772937091.6324732,-30583.191924666124
1772937091.632481,-16069.814011422806
1772937091.6324892,-14338.789757741843
1772937091.6324973,-27554.84552816085
1772937091.6325057,-35877.170485784765
1772937091.632514,-26236.079534137632
1772937091.6325216,-11873.718511023339
1772937091.6325295,-14887.157043170528
1772937091.6325374,-34251.789028250925
1772937091.6325452,-42720.72829091479
1772937091.632553,-19330.266234672952
1772937091.632561,22444.706544242687
1772937091.6325788,46771.31920917179
1772937091.6325865,33964.0719948616
1772937091.7135682,2429.2299502624423
1772937091.7135873,-26841.105227063937
1772937091.713598,-33775.88188287291
1772937091.7136075,-25810.98443796263
1772937091.7136164,-19786.45849224318
1772937091.7136252,-22146.83190861291
1772937091.7136335,-26831.013072253467
1772937091.713642,-27166.0620489124
1772937091.71365,-23401.03858863698
1772937091.7136583,-18927.226715089488
1772937091.7136672,-14758.037354633418
1772937091.7136753,-10675.773663661656
1772937091.7136836,-8654.341614132243
1772937091.7136917,-11084.2265749732
1772937091.7136996,-16390.087541487137
1772937091.7137074,-20171.63774939062
1772937091.76278,-21271.812515630012
1772937091.7627993,-23121.105465667923
1772937091.7628102,-27149.427592283373
1772937091.7628212,-28552.42456748868
1772937091.76283,-23305.806297162126
1772937091.7628388,-17773.564957007093
1772937091.7628467,-24071.55286731906
1772937091.7628553,-42066.869319675105
1772937091.762864,-51596.14779149437
1772937091.80896,-55000.98108399805
1772937091.8089864,-32576.78883038553
1772937091.8089988,-8390.421539208364
1772937091.8090117,-8532.237391906712
1772937091.8090231,-33617.79492854957
1772937091.8090353,-51151.346970468345
1772937091.8090444,-26261.525994743854
1772937091.809053,39302.6657985679
1772937091.8090615,103088.81753717878
1772937091.8249989,119514.68832449475
1772937091.8411088,80525.17111868059
1772937091.9053583,133828.75938047905
1772937091.929408,138198.0346303703
1772937091.929427,115331.66298410523
1772937091.977595,60638.014650790574
1772937092.0087118,126218.84068322642
1772937092.0087368,135826.92558461215
1772937092.0087516,122760.25639808118
1772937092.0087667,79100.60890485728
1772937092.099086,113990.59165133361
1772937092.0991044,113120.00764174864
1772937092.0991151,112552.35422439413
1772937092.0991244,114033.95984221718
1772937092.0991328,115215.8177101731
1772937092.099142,112848.24312856531
1772937092.176422,108979.53393068082
1772937092.1764593,110297.75608940684
1772937092.1764731,118680.60925104239
1772937092.176486,123635.85792721865
1772937092.1764956,108039.08144693583
1772937092.1765049,64518.760879747286
1772937092.435498,2418.562291644758
1772937092.4355416,-28743.117029440775
1772937092.435568,-11834.645477681082
1772937092.4355834,26161.724083874033
1772937092.4355967,44480.084112565164
1772937092.4356065,29728.29230023005
1772937092.4356203,5347.9213111453755
1772937092.4356346,2237.4151578455567
1772937092.435648,25552.435389289567
1772937092.4356616,52515.29761407521
1772937092.4356723,58358.981458071314
1772937092.4356833,38835.050135013385
1772937092.4356937,8058.018051727346
1772937092.4357045,-18845.505222093052
1772937092.4357157,-36097.68972132293
1772937092.435728,-43742.83301556159
1772937092.4357421,-41706.331941023425
1772937092.435753,-31249.650736615473
1772937092.4357615,-19001.32009694171
1772937092.4357703,-13989.788611643511
1772937092.4357834,-19084.875785597673
1772937092.4357958,-27857.790737414038
1772937092.4358077,-31783.384088815415
1772937092.4358225,-29284.23840473415
1772937092.435836,-25837.03204204004
1772937092.4358487,-26083.645685059444
1772937092.4358633,-28609.212822956546
1772937092.4358752,-29305.858467389226
1772937092.435886,-27491.07289313348
1772937092.4358988,-26251.099297582867
1772937092.4359112,-27428.213071224727
1772937092.4359243,-29002.361607681218
1772937092.4359376,-28434.455570927785
1772937092.4359496,-26628.113326318547
1772937092.435963,-26506.64019623881
1772937092.4359775,-28400.86768051081
1772937092.4359913,-29323.343389365164
1772937092.4360006,-27523.349370226144
1772937092.4360092,-25627.215826868585
1772937092.4360178,-27133.732441694014
1772937092.436026,-30590.002556813135
1772937092.4360347,-30029.678279331183
1772937092.436043,-22453.58454667259
1772937092.4360516,-13140.58129650936
1772937092.43606,-11121.963505605467
1772937092.4360683,-19184.83433139415
1772937092.4360766,-30160.950471466782
1772937092.4360847,-34281.54011624762
1772937092.436093,-29387.80344916377
1772937092.4361014,-22609.612185618833
1772937092.4361098,-22231.19421785188
1772937092.4361181,-29296.85009417481
1772937092.4361265,-37661.22386368124
1772937092.4361348,-41011.908977444444
1772937092.4361432,-38480.02359122342
1772937092.4361515,-33708.455297951696
1772937092.6944697,2390.772983383149
1772937092.6945083,39360.50422513257
1772937092.6945348,58095.21438155682
1772937092.6945612,50624.09379337388
1772937092.694571,26138.373982066547
1772937092.6945796,391.9608098010309
1772937092.6945877,-16465.91909267298
1772937092.694596,-22623.835514247494
1772937092.6946044,-20704.23593900996
1772937092.6946125,-15489.28504887177
1772937092.6946204,-13649.453003623177
1772937092.6946285,-19873.539660936047
1772937092.6946366,-30652.87785166146
1772937092.6946447,-35431.57892521056
1772937092.694653,-28298.073618722134
1772937092.6946611,-17451.030008324597
1772937092.6946695,-17943.339311346692
1772937092.6946774,-33206.51297273767
1772937092.6946855,-48235.38449966431
1772937092.6946933,-45923.80953743094
1772937092.6947012,-28394.856875004065
1772937092.694709,-15748.24420603649
1772937092.6947172,-21528.351123018965
1772937092.6947253,-35275.40829706999
1772937092.6947331,-35912.59466019839
1772937092.6947415,-20404.019312608387
1772937092.694749,-10050.20540086139
1772937092.6947567,-23401.993313312443
1772937092.6947649,-48784.11034199797
1772937092.6947725,-53531.48456573894
1772937092.69478,-22411.077554604457
1772937092.694788,20861.78069369337
1772937092.6947958,37175.18424208094
1772937092.6948037,14347.288670753356
1772937092.694811,-21479.49101543667
1772937092.6948195,-37555.95454682145
1772937092.6948273,-29732.646695312298
1772937092.694835,-19944.48676571247
1772937092.6948428,-23784.759933254376
1772937092.6948504,-32153.251187138845
1772937092.694858,-29011.966934898275
1772937092.6948657,-17862.85318483086
1772937092.6948736,-18308.037222017476
1772937092.6948817,-35642.54912414165
1772937092.6948893,-45500.64444646777
1772937092.6948972,-19128.87822091739
1772937092.6949048,37991.03674000932
1772937092.6949124,82898.7061982407
1772937092.7105396,76323.91483590555
1772937092.7266047,146768.72605357083
1772937092.7577176,124739.6282756017
1772937092.7577384,74776.54073677119
1772937092.9294581,77393.0778545255
1772937092.9295404,30467.35403763339
1772937092.9295511,-15390.517581820954
1772937092.9295611,-42358.90116354393
1772937092.9295697,-42000.784992152585
1772937092.9295783,-25270.080435830892
1772937092.9295866,-13819.075836525126
1772937092.9295948,-19749.428528577097
1772937092.9296029,-34718.24014505325
1772937092.9296112,-39837.89788862797
1772937092.9296193,-25716.09352225709
1772937092.9296272,-1776.8074851208255
1772937092.9296355,13811.049523614098
1772937092.9296432,11849.251848611153
1772937092.9296513,-964.1354660448609
1772937092.9296591,-11419.248501631104
1772937092.9296668,-13691.854416350257
1772937092.9296749,-12826.742214489108
1772937092.9296825,-15946.881017930158
1772937092.9296904,-22984.490900283778
1772937092.9296985,-27781.6677124327
1772937092.929706,-26965.781355241477
1772937092.929714,-24560.01885905145
1772937092.929722,-26217.240689095506
1772937092.9297295,-30788.659861883672
1772937092.929737,-31026.82782614219
1772937092.9297447,-23587.071823102535
1772937092.9297523,-15352.54052079396
1772937092.9297602,-16116.165591116696
1772937092.9297678,-24924.564283159285
1772937092.9297757,-27671.211760640286
1772937093.3461463,-15498.070250755087
1772937093.3461847,-8310.349510528893
1772937093.3462117,-186.5103599404609
1772937093.3462384,1570.2754636551203
1772937093.3462653,-4569.283458611593
1772937093.3462925,-13064.919927677976
1772937093.3463192,-16599.45923334668
1772937093.346346,-13010.293794157895
1772937093.3463728,-7064.219260296525
1772937093.3463993,-5271.999955034476
1772937093.3464117,-9179.946719405976
1772937093.3464193,-14216.191059540017
1772937093.3464272,-14972.914505254177
1772937093.3464348,-10693.028252468888
1772937093.3464434,-5093.262374641299
1772937093.3464513,-1851.8854952012002
1772937093.3464592,-1857.0453703630678
1772937093.3464675,-4688.795752379565
1772937093.3464754,-10259.00259063819
1772937093.3464837,-16715.535890603045
1772937093.3464916,-17786.89634024831
1772937093.3464997,-6161.810959263517
1772937093.3465075,17564.455647482322
1772937093.3465157,40450.38832508758
1772937093.3465233,45586.64779121097
1772937093.3465312,27586.975145676563
1772937093.3465393,-809.123954920209
1772937093.3465474,-19537.906946569296
1772937093.3465552,-19334.71137380506
1772937093.346563,-8605.551307696252
1772937093.3465707,-2567.5360266330345
1772937093.3465788,-7270.904789645067
1772937093.3465867,-15453.923866574207
1772937093.3465943,-16734.66749852815
1772937093.346602,-9129.838225658541
1772937093.3466096,328.22034481830616
1772937093.3466175,4191.427573726677
1772937093.346625,1362.4575974022546
1772937093.3466463,-4237.729068084351
1772937093.346655,-8937.893085352824
1772937093.3466628,-11631.234046224752
1772937093.3466709,-12344.626155072261
1772937093.3466785,-11140.545355429296
1772937093.3466866,-9026.593160574388
1772937093.3466945,-8171.350669569005
1772937093.3467023,-9694.214735854113
1772937093.3467102,-11842.038970801432
1772937093.346718,-11832.329248461045
1772937093.3467257,-9543.459159857997
1772937093.346733,-7963.774590166088
1772937093.3467412,-9306.410019661158
1772937093.3467493,-11868.833590676091
1772937093.3467567,-12155.408721767028
1772937093.3467646,-9656.106654575622
1772937093.3467817,-7719.337101868077
1772937093.3467896,-9060.23456388951
1772937093.3467972,-11928.726996202968
1772937093.346805,-12356.858859907798
1772937093.3468127,-9626.887735124585
1772937093.3468204,-7431.982584973615
1772937093.346828,-8893.093810454331
1772937093.346836,-12139.684454618333
1772937093.3468451,-12689.806701257417
1772937093.3468568,-9619.532187724333
1772937093.34687,-7048.712388894878
1772937093.3468785,-8619.726522795894
1772937093.3468869,-12349.83226528142
1772937093.3468952,-13096.786247080548
1772937093.3469036,-9605.39444598364
1772937093.346918,-6524.616057069428
1772937093.3469265,-8260.473497898936
1772937093.3469348,-12744.648649267161
1772937093.346943,-13833.334886878252
1772937093.3469512,-9617.715654662341
1772937093.346959,-5515.126208321634
1772937093.3469677,-7398.046332855198
1772937093.3469763,-13389.58451919322
1772937093.3469849,-15524.508494217964
1772937093.3469932,-10037.08909486389
1772937093.3470013,-3271.1765153760725
1772937093.34701,-4749.063123842094
1772937093.3470185,-14837.479402781393
1772937093.3470268,-21951.711530905497
1772937093.3470352,-13680.06280739354
1772937093.3470438,9838.463620752636
1772937093.3470523,34512.91627918333
1772937093.347061,43933.35211137883
1772937093.3470693,32149.64682370717
1772937093.3470774,6721.544800019857
1772937093.3470857,-17775.85959814987
1772937093.3470943,-28378.832644251055
1772937093.3471024,-19387.452387732592
1772937093.347111,5189.7342779808105
1772937093.3471193,32397.50148575527
1772937093.347128,46101.62590898861
1772937093.3471358,36902.51925729151
1772937093.3471441,9477.164655927063
1772937093.3471525,-19935.400467213178
1772937093.3471608,-35088.3729457246
1772937093.423442,-30765.0377643928
1772937093.4234688,-14382.89833416233
1772937093.4234805,1505.464458927672
1772937093.4234905,8085.480479025252
1772937093.4235003,4170.278549600062
1772937093.4235096,-5188.115147772298
1772937093.4235184,-12653.065672527831
1772937093.4235268,-13342.119897759922
1772937093.423535,-8617.322918921258
1772937093.4235437,-5439.7717617439675
1772937093.423552,-9470.935925953505
1772937093.42356,-17108.152453689956
1772937093.4235675,-16102.806955788883
1772937093.4235756,2444.112122008557
1772937093.4235835,31578.84509896946
1772937093.4235916,50639.19928502821
1772937093.4235995,43608.895965641444
1772937093.423608,16531.05545436448
1772937093.423616,-5182.9213420648275
1772937093.4987311,1287.3111118320599
1772937093.49876,-675.7590697152913
1772937093.4987707,-4491.525362503566
1772937093.49878,-11075.767205141861
1772937093.4987884,-16307.057180312282
1772937093.4987972,-15827.066218183189
1772937093.4988067,-8052.476903148701
1772937093.4988153,6234.562078956405
1772937093.498824,24455.515115886028
1772937093.498832,41535.527510992884
1772937093.4988403,50784.32168112111
1772937093.4988484,48089.77370435226
1772937093.4988568,35604.52321944554
1772937093.498865,19841.624877599166
1772937093.4988728,5479.439002067355
1772937093.4988809,-7845.2027145204875
1772937093.4988894,-21757.603926529096
1772937093.4988973,-33570.97927362105
1772937093.4989052,-37028.970352513126
1772937093.9333472,-40998.06662915339
1772937093.9333842,-21771.331067383333
1772937093.9334111,-8513.40556519988
1772937093.9334378,-12841.330803334451
1772937093.9334648,-26297.506273041905
1772937093.9334917,-28255.20076096953
1772937093.9335184,-7809.288199035136
1772937093.933545,25110.40135473452
1772937093.9335718,50607.670459517256
1772937093.9335988,57059.778899731995
1772937093.9336257,46399.554672271304
1772937093.9336476,25409.79868457074
1772937093.9336555,-1042.8479508521557
1772937093.9336648,-26196.76502249368
1772937093.9336767,-37356.738383362725
1772937093.93369,-24171.54319473895
1772937093.9336984,7096.430448164463
1772937093.9337072,32953.57455427703
1772937093.9337163,32066.50683228614
1772937093.9337249,5821.526670299275
1772937093.9337332,-23169.133578198253
1772937093.933742,-33733.92783762685
1772937093.9337509,-25207.507523380096
1772937093.9337597,-13407.870609619897
1772937093.9337683,-11205.978520227362
1772937093.9337769,-16987.263725367808
1772937093.9337852,-21383.60926736503
1772937093.9337938,-20144.740936047267
1772937093.9338024,-16981.13939760738
1772937093.9338107,-16157.314752049
1772937093.9338193,-17138.901768238113
1772937093.9338276,-17564.71435378022
1772937093.9338355,-17782.62599802267
1772937093.9338446,-19320.432690738016
1772937093.9338531,-20490.076118913337
1772937093.9338615,-17382.03939693761
1772937093.9338696,-9969.552570436608
1772937093.933878,-4098.738089821803
1772937093.9338863,-5088.630510410379
1772937093.933895,-11115.814985095487
1772937093.9339037,-15959.673719223141
1772937093.9339166,-17617.007211274773
1772937093.93393,-20021.38935118238
1772937093.9339435,-24272.152438663776
1772937093.9339557,-22085.085209713987
1772937093.9339683,-3958.6091916721184
1772937093.933982,25042.87261815622
1772937093.9339943,42969.68452292502
1772937093.9340065,30443.431078022935
1772937093.934018,-6742.240610417794
1772937093.9340315,-38321.494113760775
1772937093.934044,-36360.05244024783
1772937093.934057,-1832.5526404037644
1772937093.934071,36146.42266582282
1772937093.9340837,47002.59699234599
1772937093.9340968,24347.791083634027
1772937093.934106,-12097.223065652275
1772937093.9341147,-35453.40947515058
1772937093.9341233,-31410.85426949738
1772937093.9341316,-4266.074779626206
1772937093.93414,29540.099348693573
1772937093.9341486,52121.52466759534
1772937093.934157,53890.10418945757
1772937093.9341652,39506.73727825123
1772937093.9341743,25506.213586631304
1772937093.9341831,27597.42774770393
1772937093.9341917,45921.36142476698
1772937093.9341998,63127.26802118117
1772937093.934208,60505.55690643267
1772937093.9342165,38050.69782429715
1772937093.9342268,17125.2478705314
1772937093.93424,20577.70281580285
1772937093.934252,49137.182441711215
1772937093.9342637,78303.38362279031
1772937093.934275,79890.96694531143
1772937093.934287,47775.27305328523
1772937093.9342997,3644.7217184493898
1772937093.9343116,-21606.469888208478
1772937093.934323,-12861.148530203582
1772937093.9343345,19491.793776989838
1772937093.9343462,50800.65112170865
1772937093.9343588,61742.335670383545
1772937093.9343715,49297.448464893074
1772937093.934384,23116.116832601176
1772937093.9343977,-4823.737607738927
1772937093.9344108,-25821.202360652464
1772937093.9344225,-32721.798198499753
1772937093.9344316,-18678.574808566496
1772937093.93444,16559.966593723886
1772937093.9344485,58082.893509167836
1772937093.9344568,79026.5372573443
1772937093.9344652,60608.40090240442
1772937093.9344738,13117.747597712116
1772937093.934482,-26414.483729695094
1772937093.9344904,-24498.47677292268
1772937093.9344985,17015.61093079901
1772937093.934507,61025.992956715214
1772937093.9345152,70191.99857808636
1772937093.934528,42250.97052311779
1772937093.934536,9075.769495305192
1772937093.9345443,1665.542376430951
1772937093.934553,19979.34417905484
1772937093.9345613,39029.77219767323
1772937093.9345696,40135.2745919047
1772937093.934578,29271.060410463702
1772937093.9345863,23944.87371175448
1772937093.9345944,29645.846926494567
1772937093.9346027,36797.30680335401
1772937093.934611,38883.24298434196
1772937093.9346197,43415.25071898609
1772937093.9346304,58412.90413724068
1772937093.934644,73132.54651120934
1772937093.934657,63466.52787658064
1772937093.9346695,21355.232604843135
1772937093.9346824,-27314.97542303459
1772937093.934692,-43201.83856653495
1772937093.9347,-13883.290096866738
1772937093.9347088,31191.049050935067
1772937093.9347167,49721.98555430102
1772937093.9347253,28206.58515729876
1772937094.3364763,-15438.137909655099
1772937094.3365154,-35994.59993833171
1772937094.3365388,-37723.58197559364
1772937094.336562,-31995.090848712174
1772937094.336587,-29385.70556147647
1772937094.3366144,-27176.837608653084
1772937094.3366375,-16790.060175386054
1772937094.3366604,2335.686241924927
1772937094.33668,21027.562242712866
1772937094.336694,30687.291820259215
1772937094.3367057,30663.709255570793
1772937094.336719,25197.987078474707
1772937094.3367338,18116.53605500079
1772937094.3367434,13761.160492268096
1772937094.336752,19025.7097480107
1772937094.3367603,37022.97844333078
1772937094.3367689,57167.382635161564
1772937094.3367772,58493.46195898718
1772937094.3367858,30573.66559629464
1772937094.336794,-9135.27405481204
1772937094.3368063,-26299.928377704404
1772937094.336815,-3804.6340530826637
1772937094.336824,36993.17421349148
1772937094.3368323,54777.759859057645
1772937094.336841,30074.14490109879
1772937094.3368497,-14419.302497111898
1772937094.33686,-37531.84190768093
1772937094.3368683,-21164.679577077142
1772937094.3368773,15374.57725984954
1772937094.336886,40773.37832656078
1772937094.3368945,44706.102827040246
1772937094.3369029,41558.75104840857
1772937094.3369117,45847.15389366916
1772937094.33692,52958.79026796299
1772937094.3369286,48199.06442797721
1772937094.3369372,29674.499769523514
1772937094.336946,13980.376868466217
1772937094.3369544,16929.40290560825
1772937094.3369627,33626.710417122595
1772937094.3369715,42993.36403104314
1772937094.33698,31667.832851542003
1772937094.3369887,9012.16438080326
1772937094.3369973,-3778.8776123443545
1772937094.337006,3104.577457052529
1772937094.3370144,19139.204450473524
1772937094.337031,27238.186984084616
1772937094.3370392,22696.995120529442
1772937094.337048,15890.129506238363
1772937094.3370564,17517.517302192853
1772937094.3370647,24657.98038318123
1772937094.3370736,23561.70845267044
1772937094.337083,5896.229225589835
1772937094.3370922,-19145.27107552301
1772937094.3371007,-29999.470661662643
1772937094.3371096,-11270.785192052537
1772937094.3371181,30912.55989776431
1772937094.3371265,70854.45299357282
1772937094.3371353,82105.42483922771
1772937094.3371437,58288.69546306264
1772937094.3371522,18656.214525776446
1772937094.3371608,-6882.252025800849
1772937094.3371694,-1387.979413552435
1772937094.337178,26285.478970749835
1772937094.3371863,49782.346689884995
1772937094.3371947,46906.04428706086
1772937094.3372035,16348.71737937417
1772937094.337212,-22948.457642475172
1772937094.3372207,-46916.3929088244
1772937094.337229,-42889.75169691736
1772937094.3372376,-16465.90848811408
1772937094.337246,13564.135834952565
1772937094.3372543,27480.761040720077
1772937094.337263,16894.577191800603
1772937094.3372867,-10056.607303975861
1772937094.3372953,-34767.702728934186
1772937094.337304,-42455.23267268231
1772937094.3373125,-33669.57946188648
1772937094.3373208,-22308.953631213524
1772937094.3373296,-21304.649657057063
1772937094.337338,-30114.484802591443
1772937094.3373466,-37095.37003282374
1772937094.337355,-33822.9952071298
1772937094.3373635,-24858.915452290363
1772937094.337372,-21708.583367654897
1772937094.3373802,-28454.75675169119
1772937094.3373885,-36599.43716335871
1772937094.3373966,-35528.98274124529
1772937094.337405,-25912.336907624773
1772937094.3374166,-19533.362863940787
1772937094.3374298,-25326.37215852402
1772937094.337443,-37994.88820365101
1772937094.3374517,-42590.819572126944
1772937094.33746,-29893.125332934567
1772937094.3374684,-5695.563862661097
1772937094.3374767,14885.7196047925
1772937094.3374853,20353.935423935272
1772937094.3374934,9740.303061214492
1772937094.3375015,-10242.442191361524
1772937094.3375096,-30949.784248865308
1772937094.337518,-44339.08994856286
1772937094.337526,-43914.50695322466
1772937094.3375344,-27997.60686346194
1772937094.3375428,-3407.145184733335
1772937094.337551,16489.772496472924
1772937094.3375592,20405.2778820493
1772937094.3375676,7244.1105519218945
1772937094.3375757,-13960.014591278408
1772937094.337584,-31610.40379624132
1772937094.3375924,-39015.51302848424
1772937094.3376007,-36313.24811256809
1772937094.3376088,-28244.44293325988
1772937094.3376172,-21487.89848191185
1772937094.3376255,-21945.8080421576
1772937094.3376367,-30656.28815451859
1772937094.33765,-40633.44498947449
1772937094.3376644,-39845.275404696076
1772937094.337674,-20853.06936999775
1772937094.3376825,10910.645998845352
1772937094.3376906,39477.249003594174
1772937094.3376987,50681.250045143934
1772937094.734262,52311.9225283681
1772937094.734306,15846.875696337624
1772937094.734332,-21205.3782849089
1772937094.7343554,-38752.904753536
1772937094.7343824,-35308.38162145883
1772937094.7344053,-24210.848593205348
1772937094.7344296,-16023.470415144026
1772937094.734445,-7767.520409256421
1772937094.7344587,9101.23394404351
1772937094.734473,32942.75977633089
1772937094.734482,48978.439232646764
1772937094.7344904,44000.33884068667
1772937094.7345045,21466.135625144267
1772937094.7345164,-1537.737593873419
1772937094.7345304,-12322.80880860254
1772937094.734543,-14379.85375221069
1772937094.7345564,-19507.492799502696
1772937094.7345695,-30882.617390758634
1772937094.7345784,-38079.10805183958
1772937094.7345872,-29440.098049675435
1772937094.7345953,-5855.70979632937
1772937094.734604,20379.218690812366
1772937094.7346127,38201.398655486046
1772937094.7346213,45030.30283096485
1772937094.73463,41528.751041476724
1772937094.7346387,25203.26080983641
1772937094.7346473,-4707.649793311182
1772937094.734658,-36743.570162707976
1772937094.7346714,-48793.386429680286
1772937094.734686,-26560.547534142643
1772937094.7346995,19299.61115450925
1772937094.734714,58466.887888532314
1772937094.734724,66061.45159903144
1772937094.7347324,42348.617135232686
1772937094.7347407,7897.419812677435
1772937094.7347493,-17603.40852984469
1772937094.7347577,-29039.940295813096
1772937094.7347662,-31323.314414625147
1772937094.7347748,-28505.895515438548
1772937094.7347836,-21955.680283685087
1772937094.734792,-16051.471469949951
1772937094.7348003,-18104.078141125472
1772937094.7348087,-29010.25206308619
1772937094.7348173,-37634.15902019918
1772937094.7348256,-30221.672410292722
1772937094.734834,-6513.952712681191
1772937094.7348423,17205.692235573508
1772937094.7348506,24085.979389062133
1772937094.734859,14546.163737177465
1772937094.734867,5554.835696118079
1772937094.7348757,12155.09959483523
1772937094.734884,31897.708959617517
1772937094.7348921,48032.83394834366
1772937094.7349007,45661.881276055035
1772937094.734909,23307.467919589653
1772937094.7349172,-8423.3293120783
1772937094.7349255,-34836.97817024709
1772937094.7349339,-43699.93501707837
1772937094.7349448,-30000.587762351155
1772937094.734958,-554.1831298983302
1772937094.7349708,26348.373428212555
1772937094.7349844,31952.925843039313
1772937094.7349985,12698.157661376728
1772937094.7350068,-15576.840795685925
1772937094.73502,-32100.90945555337
1772937094.735034,-30486.519301669978
1772937094.7350469,-21966.230358728117
1772937094.7350552,-19837.79362296665
1772937094.7350636,-24591.586218309374
1772937094.735072,-27114.795812165507
1772937094.7350805,-23452.337908157613
1772937094.7350893,-20183.386105853442
1772937094.7350976,-23591.6649773216
1772937094.735106,-29053.795467640586
1772937094.7351143,-27091.555324258017
1772937094.735123,-18464.637055410505
1772937094.7351315,-15847.810674778324
1772937094.7351398,-26568.371518921373
1772937094.7351484,-38524.37015367518
1772937094.7351568,-31130.739617112526
1772937094.735165,-1509.4758175836132
1772937094.7351737,26784.319933796996
1772937094.735182,26893.249679914476
1772937094.7351973,-1497.728458694795
1772937094.7352135,-31426.845188793788
1772937094.7352257,-38787.43821435074
1772937094.7352345,-27434.15310136046
1772937094.7352428,-19632.690563756267
1772937094.7352517,-25286.72896340877
1772937094.73526,-29361.490805810066
1772937094.7352684,-13195.0033562041
1772937094.735277,17884.182449261836
1772937094.7352855,36386.17568421516
1772937094.7352984,22863.589823740655
1772937094.7353067,-11759.119259510513
1772937094.7353156,-38016.0752350862
1772937094.7353244,-38860.4701766279
1772937094.735333,-23702.84366854974
1772937094.7353413,-12549.760024110952
1772937094.73535,-12945.274248985272
1772937094.7353582,-16810.896398331042
1772937094.7353668,-16063.127682600514
1772937094.7353752,-13676.291333407498
1772937094.7353835,-17038.679394443054
1772937094.735392,-25593.325376469755
1772937094.7354004,-30715.865184090755
1772937094.735409,-27257.37664508996
1772937094.7354176,-20339.446287559476
1772937094.7354262,-18541.32879435073
1772937094.7354343,-23261.566215531628
1772937094.735443,-28047.771132892794
1772937094.7354517,-27389.331710083014
1772937094.73546,-22774.453017808777
1772937094.7354684,-19539.952635613106
1772937094.735477,-20711.052982520858
1772937094.7354856,-25453.58474207957
1772937094.735494,-30576.615872251466
1772937094.7355025,-30028.080021318532
1772937094.7355108,-14953.30667862815
1772937094.7355192,18859.52601296892
1772937095.0528896,-15250.36082078353
1772937095.0529275,-12550.846869130928
1772937095.0529504,-6975.531488514338
1772937095.0529737,-6230.841864861656
1772937095.0529976,-11131.754024407997
1772937095.0530176,-14768.802683430737
1772937095.0530264,-12220.416934035298
1772937095.053036,-7191.522649358365
1772937095.0530453,-6647.113906441756
1772937095.053054,-11183.543289283503
1772937095.0530689,-14423.353886931747
1772937095.0530815,-11961.581592460301
1772937095.0530949,-7333.367160675325
1772937095.053104,-6937.671537333007
1772937095.0531127,-11193.498816738917
1772937095.053127,-14137.484734086695
1772937095.0531404,-11768.628015700771
1772937095.0531545,-7471.727805915073
1772937095.0531688,-7179.113950210205
1772937095.0531807,-11177.964736633956
1772937095.0531893,-13870.476683050949
1772937095.0531976,-11599.517161370011
1772937095.0532064,-7608.555200667836
1772937095.0532148,-7419.849960480448
1772937095.053223,-11208.279446900255
1772937095.0532322,-13686.751924831242
1772937095.0532403,-11468.989165899828
1772937095.0532632,-7656.759937617955
1772937095.0532715,-7463.248430681013
1772937095.05328,-11073.90325424277
1772937095.0532885,-13521.513106879938
1772937095.0532968,-11529.083706975955
1772937095.053305,-7856.94927968291
1772937095.0533135,-7421.730089629888
1772937095.0533216,-10728.542646289903
1772937095.0533302,-13425.570414453741
1772937095.0533385,-12135.206099095263
1772937095.0533469,-8529.80608642741
1772937095.0533557,-6777.68392949782
1772937095.053364,-8647.062597640068
1772937095.0533721,-12718.276941257003
1772937095.0533805,-17283.06842465885
1772937095.0533888,-21527.84200716378
1772937095.0533972,-23675.879712670303
1772937095.05341,-20802.29392710889
1772937095.053423,-12783.604960176937
1772937095.053435,-5092.288629253016
1772937095.0534437,-4426.916869158769
1772937095.053452,-10719.706348387002
1772937095.0534604,-16029.357140440412
1772937095.0534687,-13580.350146534578
1772937095.0534773,-6475.346982047525
1772937095.0534856,-4232.307707022001
1772937095.053494,-10357.830653217725
1772937095.0535076,-16906.302357153225
1772937095.0535161,-14328.900203955145
1772937095.0535247,-4888.258960589103
1772937095.0535333,-1476.0522141007893
1772937095.0535414,-11144.255677140794
1772937095.0535564,-23234.31605663025
1772937095.0535648,-18726.806974722
1772937095.0535731,7730.3401078197285
1772937095.0535817,38466.72498945646
1772937095.0535898,48413.61064432816
1772937095.0535984,29667.85946809086
1772937095.0536065,-1330.7554462937796
1772937095.053615,-20822.46425898899
1772937095.0536234,-19757.37487270602
1772937095.0536315,-8476.412816402222
1772937095.05364,-2459.063788112161
1772937095.0536485,-6745.669326985108
1772937095.0536568,-14250.399283326731
1772937095.0536652,-16031.23113203629
1772937095.0536742,-10679.23941457092
1772937095.0536826,-4476.584185822786
1772937095.053691,-4547.516111854585
1772937095.0536995,-11985.014520681489
1772937095.0537078,-19853.505716331012
1772937095.053716,-17509.66640004395
1772937095.0689526,-28863.537733496752
1772937095.2235615,-25950.12355048324
1772937095.223598,-2163.385683219906
1772937095.2236176,12435.670028903258
1772937095.2236247,6871.642510577686
1772937095.2236307,-9597.747631373104
1772937095.2236364,-18648.334084067115
1772937095.2236419,-13404.007593506865
1772937095.2236474,-3924.7879350208214
1772937095.223653,-2502.948596366809
1772937095.2236595,-8704.50996529051
1772937095.2236645,-12793.820070463298
1772937095.22367,-10931.118488165077
1772937095.2236788,-10308.298562164016
1772937095.2236876,-17285.912186750465
1772937095.2237,-25871.583467002794
1772937095.2237084,-23990.29266361097
1772937095.2237167,-10277.394931100504
1772937095.2237253,1709.7183554628784
1772937095.223734,-679.3110843412043
1772937095.2237422,-13014.650257044412
1772937095.2237504,-18908.24948297162
1772937095.223759,-10795.543197231678
1772937095.2237675,336.1901879499513
1772937095.2237756,-639.6561610044819
1772937095.223784,-12816.726717763857
1772937095.2237923,-19882.81870541887
1772937095.223801,-11478.231196394892
1772937095.2238092,2198.14009836495
1772937095.2238176,2341.1060957869477
1772937095.223826,-13894.797325498841
1772937095.2238343,-27120.338371888687
1772937095.300876,-7580.37831685609
1772937095.300897,-9505.497268678197
1772937095.3009076,-11868.286532678258
1772937095.3009179,-2721.9863004353438
1772937095.3009272,24379.867349545704
1772937095.300936,57946.93999050988
1772937095.300946,74842.96391851244
1772937095.3009613,61359.36478847489
1772937095.300975,26908.503511240386
1772937095.3009872,-4567.8843049051575
1772937095.3009992,-16177.015614370534
1772937095.3010108,-10541.131681195304
1772937095.301022,-2797.5637474692317
1772937095.3010347,-4237.6358382155795
1772937095.3010485,-13122.05178857595
1772937095.301062,-18574.255997413315
1772937095.3010733,-11043.173645079638
1772937095.3010848,9640.31719279825
1772937095.3822281,-23599.002613480276
1772937095.3822458,-10565.081312184964
1772937095.3822556,-1016.9202018594216
1772937095.382265,-7243.204394371324
1772937095.382274,-22409.018212141164
1772937095.3822825,-27902.233783779415
1772937095.3822908,-16255.64444842409
1772937095.382299,-511.18166937461683
1772937095.3823073,2348.8785784900942
1772937095.3823152,-7501.098771888078
1772937095.382323,-14439.375223101055
1772937095.382331,-8922.469516792988
1772937095.3823385,341.33894739837666
1772937095.3823464,-448.11224355186334
1772937095.3823545,-10377.647293007873
1772937095.8010273,31898.02287258312
1772937095.8010798,48069.296043782
1772937095.801113,43523.160959605826
1772937095.8011415,22735.540502500487
1772937095.8011703,2935.161235394362
1772937095.8012,-2951.7743296813264
1772937095.8012288,1739.7801641808842
1772937095.8012388,3897.9498487428637
1772937095.8012483,-2637.187157133461
1772937095.801258,-10461.643630361812
1772937095.8012676,-9649.831481688596
1772937095.8012767,-1635.9391317268266
1772937095.8012905,2415.6666796723603
1772937095.8013039,-3264.394077869731
1772937095.8013155,-10724.135085366364
1772937095.801328,-8796.012472142831
1772937095.8013413,763.9773299431139
1772937095.8013532,3920.4560167380564
1772937095.8013651,-6564.685459943586
1772937095.8013785,-17524.873603147313
1772937095.801392,-7475.752663711943
1772937095.8014035,26726.065918702323
1772937095.8014157,60628.13194912794
1772937095.8014278,64577.87793586901
1772937095.80144,34668.88932666337
1772937095.8014529,-2765.988864665547
1772937095.8014655,-18656.55166957124
1772937095.801478,-9667.090912072554
1772937095.8014903,3478.581232265203
1772937095.8015044,2906.6031658424613
1772937095.801515,-7508.396569411807
1772937095.8015242,-11814.558373942136
1772937095.8015327,-4663.010862833846
1772937095.801541,2766.735736576276
1772937095.80155,-488.0796386633087
1772937095.8015585,-9615.295280079305
1772937095.8015676,-10878.496101129791
1772937095.8015761,-1440.1707000222473
1772937095.8015847,5284.5984164604715
1772937095.8015938,-2484.48988601538
1772937095.8016028,-16428.172917385942
1772937095.8016117,-14679.199280553377
1772937095.8016202,11880.657737115924
1772937095.8016288,45100.98962010944
1772937095.8016527,56116.64772072727
1772937095.8016613,35427.54347113048
1772937095.801675,2395.0330488013824
1772937095.8016891,-15998.806882446182
1772937095.8017027,-12049.699492263953
1772937095.8017163,-373.2768940875428
1772937095.8017292,2649.8662833446824
1772937095.8017385,-3614.7140877505803
1772937095.8017511,-8494.023077672173
1772937095.8017647,-6408.990367860981
1772937095.8017788,-2620.4689186492938
1772937095.801793,-2998.4067219886147
1772937095.8018076,-4447.9924726825175
1772937095.8018212,-147.29398407589318
1772937095.8018348,8193.958707813012
1772937095.801844,9498.016260946046
1772937095.8018527,-3016.309481931196
1772937095.8018615,-21175.378895531427
1772937095.80187,-29294.689791216613
1772937095.8018787,-21708.275074921938
1772937095.8018875,-8749.250003110115
1772937095.8018963,-3741.7501281579903
1772937095.8019052,-7541.607087463897
1772937095.8019135,-9844.898783774532
1772937095.801922,-4444.914063066795
1772937095.801931,2278.028338607423
1772937095.8019392,735.0613209268377
1772937095.801948,-7755.369114280428
1772937095.8019571,-11796.188411061994
1772937095.8019707,-5230.730775655894
1772937095.8019848,3664.466840720864
1772937095.8019989,2475.4823026812937
1772937095.8020136,-8273.238418009729
1772937095.8020256,-14389.144528560651
1772937095.8020344,-6314.5817326834895
1772937095.8020432,6698.4538349847035
1772937095.802052,6556.890012014815
1772937095.8020608,-9866.19829883155
1772937095.8020694,-23023.096415463537
1772937095.802078,-11408.103459982689
1772937095.8020868,22022.476162084684
1772937095.8020952,49685.65502648197
1772937095.802104,47832.77007989861
1772937095.8021133,22157.588837997522
1772937095.8021216,1584.970899287031
1772937095.80213,7392.330929908105
1772937095.8021386,31976.97321980806
1772937095.80215,48990.745756323704
1772937095.8021638,41017.17000999415
1772937095.802178,14330.14138690646
1772937095.8021872,-11249.434194970016
1772937095.8021955,-21482.25146486796
1772937095.8022044,-15211.994191518985
1772937095.8022132,1557.2989212318473
1772937095.8022218,21899.619449922553
1772937095.8022304,37560.4908331711
1772937095.8022392,38898.884606116626
1772937095.802248,21999.616471784633
1772937096.2326276,-6066.025002473466
1772937096.2326703,-17979.635577010977
1772937096.2327003,-14178.233779179674
1772937096.2327275,-7804.263927860808
1772937096.2327557,-10895.569527797144
1772937096.232782,-19395.032508490367
1772937096.2328064,-19401.46931288518
1772937096.2328336,-6856.2287700952975
1772937096.2328608,5072.047866531838
1772937096.2328713,1786.1154582671468
1772937096.2328796,-12694.65620169566
1772937096.2328887,-17349.924006156507
1772937096.2328968,2267.248984852234
1772937096.232905,35285.30601713796
1772937096.2329147,53823.11492211036
1772937096.232928,40016.10304950526
1772937096.232941,3184.416273782862
1772937096.2329533,-29222.961358946894
1772937096.2329655,-35340.533896713605
1772937096.2329736,-13994.703855072272
1772937096.2329812,18729.402628888292
1772937096.2329893,42963.5436583931
1772937096.2329972,46254.92870259123
1772937096.2330053,28299.2598034622
1772937096.2330132,387.1421144658094
1772937096.2330213,-20634.314608430173
1772937096.233029,-23352.469499543644
1772937096.2330365,-10700.520583958198
1772937096.2330444,2694.040039512734
1772937096.2330527,4367.072926464902
1772937096.2330604,-4367.97203777327
1772937096.2330682,-11645.013017926805
1772937096.233076,-9320.460647467627
1772937096.2330835,-1646.2006868354342
1772937096.233091,1305.355885468714
1772937096.2330987,-3534.939977868596
1772937096.2331066,-9201.099897227652
1772937096.2331145,-8388.440907585122
1772937096.233122,-2736.524534335902
1772937096.23313,23.760751994401218
1772937096.2331378,-3474.9199307831227
1772937096.2331457,-8186.275727005281
1772937096.2331536,-7832.09771328506
1772937096.2331617,-3222.883327017365
1772937096.2331696,-735.944282002721
1772937096.2331777,-3539.671639752765
1772937096.2331853,-7579.14466895679
1772937096.2331927,-7383.99898387935
1772937096.2332003,-3448.605772694908
1772937096.2332082,-1258.3988040008321
1772937096.2332163,-3678.1984046426305
1772937096.233224,-7222.391970144433
1772937096.233232,-7039.358894827272
1772937096.23324,-3518.7278024239304
1772937096.2332475,-1547.8877734040607
1772937096.2332551,-3722.892961347243
1772937096.2332628,-6925.933776062628
1772937096.233271,-6766.825334323961
1772937096.2332785,-3580.4069838083647
1772937096.2332864,-1799.278270709665
1772937096.233294,-3791.1166782615737
1772937096.2333016,-6714.918865856283
1772937096.2333093,-6558.527238365924
1772937096.2333171,-3631.1489090404016
1772937096.2333248,-2000.2474225911471
1772937096.2333324,-3836.6577600118
1772937096.2333403,-6521.383216156445
1772937096.233348,-6361.627075314277
1772937096.2333553,-3652.633792148797
1772937096.233363,-2154.683959302554
1772937096.2333708,-3868.0441934302376
1772937096.2333784,-6361.317486502618
1772937096.233386,-6213.289070435014
1772937096.2333937,-3700.0285366643734
1772937096.2334013,-2310.9948720230796
1772937096.2334087,-3907.176517027366
1772937096.2334166,-6236.896125707123
1772937096.2334244,-6113.802122650114
1772937096.2334318,-3766.8202271043738
1772937096.2334394,-2425.514049289262
1772937096.2334473,-3860.343306733518
1772937096.2334547,-6047.671291284023
1772937096.2334623,-6030.569163721489
1772937096.2334702,-3917.604174269654
1772937096.233478,-2603.0596182434883
1772937096.2334857,-3786.367235844814
1772937096.2334936,-5790.783904900628
1772937096.2335012,-5966.940729532547
1772937096.2335093,-4199.958306012524
1772937096.233517,-2844.154998100238
1772937096.2335248,-3510.7963564718207
1772937096.2335324,-5188.536986144773
1772937096.23354,-5871.465660638631
1772937096.2335477,-5013.655603746679
1772937096.2335556,-3621.196777426874
1772937096.2335632,-2706.6349933971605
1772937096.2335713,-2891.8945850662217
1772937096.2335787,-5228.623110493569
1772937096.2335865,-10589.421686001358
1772937096.2335942,-17229.06019238919
1772937096.7346299,-23717.360892492718
1772937096.7347095,-9052.983293062538
1772937096.7347429,4425.993670899466
1772937096.7348163,-2358.285844764083
1772937096.73483,-24675.524102878833
1772937096.7348433,-33919.587302453685
1772937096.734858,-8868.164490634186
1772937096.734871,36451.6857944289
1772937096.7348833,63364.542506740705
1772937096.7348955,48635.086488610345
1772937096.7349072,8879.287192928537
1772937096.7349186,-18656.378140300727
1772937096.7349305,-15947.169171939222
1772937096.7349415,1161.3994390784567
1772937096.7349527,7097.59607468882
1772937096.7349648,-3010.862010273752
1772937096.734976,-12642.758277499206
1772937096.7349877,-8919.907251478568
1772937096.7349994,1308.0186747855535
1772937096.735011,3260.4317558044895
1772937096.7350235,-4987.1766378118455
1772937096.7350352,-11149.562831432093
1772937096.7350473,-6752.313989407457
1772937096.7350595,1442.8930567658413
1772937096.735071,1728.7331029957604
1772937096.7350848,-5978.736119285873
1772937096.7350972,-10502.741953397408
1772937096.7351089,-5487.981288419082
1772937096.7351196,1759.334660340483
1772937096.7351315,860.9695794010358
1772937096.7351427,-6862.124940864551
1772937096.7351542,-10312.172022480183
1772937096.7351665,-4441.490871485694
1772937096.7351782,2422.477625839637
1772937096.7351897,277.69271806437825
1772937096.7352016,-8128.839642453623
1772937096.7352133,-10706.649593950402
1772937096.735225,-3124.630887565147
1772937096.735237,4183.877898256395
1772937096.735252,-129.02789696368202
1772937096.7352953,-11577.947197434194
1772937096.7353077,-13422.74575671262
1772937096.7353196,2457.4015086729673
1772937096.7353315,23748.182237592555
1772937096.7353437,30575.746157750644
1772937096.7353556,17638.99076171674
1772937096.7353673,-1076.8048425910954
1772937096.7353792,-9356.573977223097
1772937096.7353916,-5663.308550184898
1772937096.7354312,-676.664987271525
1772937096.735443,-1886.2075801998712
1772937096.7354746,-5963.268528616842
1772937096.7354865,-6300.977778865117
1772937096.7354982,-2842.301173684925
1772937096.73551,-971.5980475431383
1772937096.735522,-3146.63958882482
1772937096.7355337,-6031.505114540352
1772937096.7355452,-6050.320093829384
1772937096.7355573,-3898.3848653840128
1772937096.7355688,-1650.513364133302
1772937096.7355807,1534.439576729591
1772937096.73562,7136.862077788208
1772937096.735653,11864.41380573992
1772937096.7356653,9223.256062175033
1772937096.7356772,-1549.281354123775
1772937096.7356887,-11496.175511363606
1772937096.7357006,-10881.318544768394
1772937096.7357638,-1366.158652071386
1772937096.7357757,4878.231060822571
1772937096.7357872,-284.4458337447578
1772937096.735799,-10553.062008175353
1772937096.7358108,-12584.388560542702
1772937096.7358222,-2310.09562102418
1772937096.7358348,10267.275136283237
1772937096.7358584,13378.603820270884
1772937096.73587,6756.52903181903
1772937096.7358823,-367.9895151432622
1772937096.735894,-2063.956140969671
1772937096.7359307,-1600.2516404128123
1772937096.7359428,-3973.7329123144514
1772937096.7359543,-7418.029643046647
1772937096.7359657,-6421.306686106105
1772937096.7359774,-1153.4843357275874
1772937096.7359889,1393.2793632379985
1772937096.7360003,-2954.3537001668606
1772937096.7360115,-8880.69892991654
1772937096.7360232,-8168.701110237565
1772937096.7360349,-1064.756713641664
1772937096.7360463,3428.1002628121546
1772937096.7360585,-863.1415600592736
1772937096.73607,-9573.89690716287
1772937096.7361107,-14282.041330153372
1772937096.7361228,-13526.788618432369
1772937096.7361465,-12694.02664073365
1772937096.736158,-13806.699792288464
1772937096.7361698,-11516.568780827849
1772937096.7361815,-2467.0685869874974
1772937096.7361927,5950.903428506017
1772937096.7362046,2983.431151096457
1772937096.7362163,-9499.015165470033
1772937096.7362275,-15678.536432561663
1772937096.7362387,-5293.130312632498
1772937096.7362504,9991.485972579118
1772937096.7362618,8187.491310630791
1772937096.736273,-13428.36004379524
1772937096.7362845,-27965.35362888543
1772937096.736296,-5845.380721955786
1772937096.7363076,48929.62627910628
1772937096.7363193,96526.34560602765
1772937096.7363307,98950.87654045068
1772937096.7363424,56986.60113354403
1772937096.7363539,6582.693781586462
1772937096.7363653,-18397.735726462775
1772937096.7363768,-14520.745511042936
1772937096.736388,-1574.8228881224882
1772937096.7363992,3749.76946584543
1772937096.7364109,554.4433815617007
1772937096.7364223,-5198.1953214469195
1772937096.7364335,-11562.667720002399
1772937096.7364452,-18390.523725563427
1772937096.901251,-11905.739255166833
1772937096.9012964,-17922.788575119957
1772937096.901414,-17411.35225153105
1772937096.901424,-4347.529269640989
1772937096.9014337,7478.031193815298
1772937096.9014428,1087.1535649931543
1772937096.9014516,-18378.79813870208
1772937096.9014604,-24273.03578944256
1772937096.9014752,2216.2065506887297
1772937096.901489,48671.7269768087
1772937096.9015024,82974.35661603967
1772937096.901517,86360.690088049
1772937096.9015305,69224.05474052035
1772937096.901545,53808.81938325204
1772937096.9015553,48542.39580817054
1772937096.901564,45342.00668276599
1772937096.9015725,38179.361867245876
1772937096.9015813,34017.41584486096
1772937096.9015896,40987.425982424465
1772937096.901598,52278.15661909567
1772937096.9016063,50756.22937298678
1772937096.901615,30129.14818133505
1772937096.9016352,4263.94896412925
1772937096.9016435,-8859.04586349262
1772937096.901652,-7834.361981225062
1772937096.9016604,-5870.456723365303
1772937096.9016688,-9858.562159443958
1772937096.901677,-10576.767295076377
1772937096.9016852,1297.9808357968452
1772937096.9016936,16211.964735536374
1772937096.9017022,13920.924480564805
1772937096.9017105,-7507.324651081429
1772937096.901719,-21068.543446021406
1772937096.9017274,603.3638382416107
1772937096.901736,47883.65186906042
1772937096.9017441,76573.21999034584
1772937096.9017525,54535.58658452404
1772937096.9017603,995.6276304737311
1772937096.9017687,-30076.989196388997
1772937096.901777,-7563.9999530600535
1772937096.9017856,42768.669226415645
1772937096.901794,66953.32151765123
1772937096.9018023,41348.10889183006
1772937096.9018106,-5356.959129856251
1772937096.9018188,-28846.77357206476
1772937096.901827,-18700.013943987356
1772937096.9018354,-3458.0529761110956
1772937096.9815507,-9398.539482440603
1772937097.0098083,-19782.259961210744
1772937097.0098433,-19938.953078454448
1772937097.00986,-3255.011782154831
1772937097.009875,14576.540764880192
1772937097.009888,14792.961015777584
1772937097.0447996,-2376.146046287344
1772937097.0448232,-19269.8449499866
1772937097.0448344,-21571.09175533141
1772937097.0448446,-12186.048626486649
1772937097.0448537,-4009.414343608655
1772937097.1141057,-3464.266742868622
1772937097.114124,-11481.953907718324
1772937097.1141353,-11241.730258445239
1772937097.1141453,-2461.0366400170997
1772937097.1141539,2056.4562675962634
1772937097.1141622,-5951.353181425832
1772937097.1141708,-17678.02441547808
1772937097.1141791,-15813.886807807818
1772937097.1141877,5592.427143820867
1772937097.114196,33079.52970317239
1772937097.114204,46568.098810352574
1772937097.1142118,38487.71897248712
1772937097.11422,18966.800729122617
1772937097.1142285,3595.3754520793605
1772937097.1142387,-1287.1396330952443
1772937097.2757728,201.05474079128356
1772937097.2758138,-2334.285174020454
1772937097.275828,-6915.080926704695
1772937097.27584,-8790.388535180338
1772937097.2758517,-6814.290292898041
1772937097.2758632,-4667.660653599875
1772937097.2758749,-5266.367579573236
1772937097.275886,-6988.861262095059
1772937097.2758975,-6735.963002971646
1772937097.2759085,-4871.560017916516
1772937097.2759223,-4749.228760219462
1772937097.2759333,-7464.357557407996
1772937097.2759438,-9340.027355358008
1772937097.2759545,-6060.027500296704
1772937097.275966,1653.2133438628746
1772937097.2759788,8146.021326558664
1772937097.2759912,8638.979804633807
1772937097.2760022,3563.645492335316
1772937097.276013,-3318.827662816193
1772937097.2760236,-9571.336497245753
1772937097.2760344,-15180.787195185289
1772937097.27609,-19585.11384458726
1772937097.276101,-20088.65536610175
1772937097.2761123,-14896.332336850595
1772937097.276123,-6812.993926705757
1772937097.2761333,-1792.066650870611
1772937097.276144,-3011.3857996959982
1772937097.2761822,-7447.6429546633035
1772937097.276193,-9364.320981464976
1772937097.2762032,-6720.791816782006
1772937097.276214,-3026.034869042269
1772937097.2762246,-2931.804156505198
1772937097.2762356,-7284.290053589421
1772937097.276246,-13171.120636813264
1772937097.2762566,-17750.242891222522
1772937097.2978425,-20516.626520822763
1772937097.2978656,-21904.58676850166
1772937097.2978764,-21366.414452709443
1772937097.3139117,-15471.43181384153
1772937097.3139336,23019.162372674655
1772937097.3299592,88874.04849259836
1772937097.3561037,143231.86440129843
1772937097.3561244,146035.25573390815
1772937097.356136,93373.08644128418
1772937097.526773,40909.24847372702
1772937097.5267956,-6771.807982346103
1772937097.5268068,-26472.218535720298
1772937097.5268173,-31538.667861703136
1772937097.5268276,-34522.45058806398
1772937097.526836,-32981.86309213938
1772937097.526844,-19683.236482899687
1772937097.5268521,1110.2890128116571
1772937097.5268605,14444.984195566385
1772937097.5268683,10974.622862316523
1772937097.5268764,-2819.806274421493
1772937097.5268843,-12797.589977118987
1772937097.526893,-12442.282998035227
1772937097.5269008,-7053.7867895699865
1772937097.5269086,-4592.277609887126
1772937097.5269172,-6680.059328583473
1772937097.526925,-9614.173620012662
1772937097.526933,-10603.897340695372
1772937097.526941,-9687.78452481773
1772937097.5269487,-6870.913142358236
1772937097.5269563,-1387.7921944814511
1772937097.5269644,4994.5445923867155
1772937097.978936,-12275.698011626508
1772937097.9789732,-7368.09470653348
1772937097.9789991,-9918.406330598811
1772937097.9790256,-16163.34880069748
1772937097.979053,-17017.69606785913
1772937097.9790792,-11180.04695587938
1772937097.9791057,-7079.928130457361
1772937097.9791324,-10800.267170576246
1772937097.9791594,-17155.682181269185
1772937097.979186,-16874.95930737984
1772937097.9792132,-10007.86728835566
1772937097.97924,-6370.923754192084
1772937097.9792528,-11713.019669299074
1772937097.9792607,-18834.44870875067
1772937097.979269,-16984.899800633564
1772937097.979277,-7533.177802190947
1772937097.9792852,-3824.777727426497
1772937097.979293,-13411.608684049588
1772937097.979301,-25303.78172459382
1772937097.9793088,-20401.950786108024
1772937097.9793167,5729.2921053348
1772937097.9793422,35067.3281366853
1772937097.9793503,44261.713255793824
1772937097.9793582,27262.68028895537
1772937097.979366,-1147.0399942902104
1772937097.9793737,-22005.751542637638
1772937097.9793816,-28452.73812725739
1772937097.9793892,-25974.278392831104
1772937097.9793973,-21869.031890214817
1772937097.9794047,-18558.716983306513
1772937097.9794123,-15450.878045973737
1772937097.9794202,-12507.239571573029
1772937097.9794283,-10315.102614378402
1772937097.9794362,-9262.452673513766
1772937097.979444,-10449.182236813942
1772937097.9794517,-15072.428916613713
1772937097.9794593,-20069.701431881815
1772937097.9794672,-16387.10278139581
1772937097.9794748,2833.3088938162978
1772937097.979483,30222.70521799945
1772937097.9794905,44981.89710148647
1772937097.9794981,31758.061082105774
1772937097.9795058,-990.9326559902179
1772937097.979514,-26478.665422621416
1772937097.9795218,-26404.34258344011
1772937097.9795296,-9493.495964373613
1772937097.9795375,334.5242119295271
1772937097.979545,-7747.400100397123
1772937097.9795527,-20839.428071425467
1772937097.9795609,-21210.122018677364
1772937097.9795685,-9464.99947236323
1772937097.979576,-2338.697153997551
1772937097.979584,-9374.84127067946
1772937097.9795918,-20291.01784583744
1772937097.9795997,-19690.7401810479
1772937097.9796076,-8544.622928605582
1772937097.979615,-2786.027541182291
1772937097.9796226,-10855.151783330872
1772937097.9796302,-21346.873900591963
1772937097.979638,-18621.37954162268
1772937097.9796457,-5597.414364705167
1772937097.9796536,-1711.053535906393
1772937097.9796617,-16927.998650146263
1772937097.979669,-36223.792178721706
1772937097.9796772,-36863.29713852381
1772937097.979685,-17422.469133628474
1772937097.9796927,-459.00354923340495
1772937097.9797006,-4269.065218912419
1772937097.9797084,-20038.312095847996
1772937097.9797163,-24362.886647952295
1772937097.979724,-10754.575130862966
1772937097.9797316,1705.4799950265437
1772937097.9797394,-5505.479428977693
1772937097.9797473,-24046.409985683073
1772937097.979755,-28147.049847787166
1772937097.9797628,-8780.518380182133
1772937097.9797707,12376.890817067899
1772937097.9797826,9433.084889374868
1772937097.9797904,-13306.269061177876
1772937097.979798,-23885.793058675394
1772937097.9798057,-1501.1103262093236
1772937097.9798136,35709.39641385756
1772937097.9798212,49349.33734130837
1772937097.9798288,25089.076380566545
1772937097.9798365,-9612.686091955737
1772937097.9798443,-15144.330873741099
1772937097.979852,17662.12876179596
1772937097.9798596,59345.7122695421
1772937097.9798672,74019.47734305955
1772937097.9798748,53999.55187229794
1772937097.9798827,21726.505410367892
1772937097.9798903,3592.3178633146044
1772937097.979898,7392.71810855987
1772937097.9799056,23081.19573877271
1772937097.9799132,37595.66350991559
1772937097.9799209,44358.42330057358
1772937097.9799285,41854.82809076854
1772937097.979936,30004.611320316762
1772937097.9799435,11009.233574373466
1772937097.9799514,-8737.395184292149
1772937097.9799592,-21197.01427528785
1772937097.9799669,-22302.028888762383
1772937097.9799745,-14797.442959569571
1772937097.979982,-5963.094879691173
1772937097.9799895,-2937.1270669203195
1772937097.9799974,-8739.99373136073
1772937097.9800048,-20172.874060447906
1772937097.9800124,-28786.83257759914
1772937097.98002,-25984.569086921976
1772937097.9800277,-9494.186474255373
1772937097.9800353,15036.07779536043
1772937097.9800432,39544.741003475625
1772937097.9800508,59580.58004764615
1772937097.9800584,73028.886744364
1772937097.980066,74328.15286878454
1772937097.9800737,55684.62573556746
1772937097.980081,18790.047194027105
1772937097.9800892,-16713.154944878504
1772937097.9800968,-23973.956809249157
1772937097.9801044,6427.4799052047
1772937098.2195828,-16643.233108853823
1772937098.219627,-9101.482554952585
1772937098.2196555,-5150.269017484705
1772937098.2196908,-9093.738834070187
1772937098.2197244,-17745.945976900814
1772937098.219742,-22187.871168027297
1772937098.219751,-15309.736821927134
1772937098.21976,1934.3439767465554
1772937098.2197688,21163.733916220768
1772937098.2197773,32855.441254732854
1772937098.2197864,32833.26210250927
1772937098.2197952,24992.593486738097
1772937098.2198036,19439.297823414538
1772937098.2198124,26592.884372664997
1772937098.219821,49098.25406234348
1772937098.219829,76512.17005919573
1772937098.2198377,89081.00830528392
1772937098.2198465,71334.58421906744
1772937098.219855,26163.818653166913
1772937098.2198637,-23844.94544284479
1772937098.2198718,-51765.14637956804
1772937098.2198803,-46771.419846385186
1772937098.2198932,-21812.903496489704
1772937098.219907,-1376.6763114353716
1772937098.21992,-391.2472465003319
1772937098.2199335,-13374.946911536268
1772937098.219942,-22940.657451960837
1772937098.219951,-18402.234013213973
1772937098.2199593,-6076.3498312481815
1772937098.2199676,-1482.5613979879133
1772937098.219976,-11636.11256569641
1772937098.2199845,-25676.47111413873
1772937098.2199929,-24144.72101882521
1772937098.2200012,1529.8944061406469
1772937098.2200096,38934.8428629495
1772937098.220018,65068.989765509905
1772937098.2200265,67577.21279988164
1772937098.2200348,55322.9715753765
1772937098.2200432,47267.354842472414
1772937098.2200515,51482.67015179758
1772937098.22006,56936.31525471452
1772937098.2200685,46891.47448830176
1772937098.2200768,18916.313754163486
1772937098.2200856,-10862.209067501397
1772937098.220094,-23931.080825010744
1772937098.2201023,-17863.21940287298
1772937098.220111,-6949.145163588487
1772937098.2201192,-5475.08790908917
1772937098.2201276,-13231.971770639748
1772937098.220136,-18795.58694132683
1772937098.2201443,-14881.733733500381
1772937098.2201526,-7022.8905487151505
1772937098.2201607,-6186.695031593223
1772937098.2201693,-15127.601884600037
1772937098.2201777,-24490.286484015236
1772937098.220186,-22305.302708417654
1772937098.2201943,-5636.021941567298
1772937098.2202027,17479.176878455073
1772937098.2202113,35726.22475379963
1772937098.2202213,42595.35705624142
1772937098.220235,38148.61360341939
1772937098.2202492,26066.3106900527
1772937098.383281,-8128.279545858233
1772937098.3833191,-16121.692556264601
1772937098.383344,-6818.853929486001
1772937098.3833537,5326.815365022377
1772937098.3833628,4101.2175220112
1772937098.383371,-12039.13606295501
1772937098.3833797,-28889.678173949203
1772937098.383388,-30979.147934509954
1772937098.3833964,-15512.305308687948
1772937098.3834045,7336.565530232145
1772937098.3834128,24722.0952065843
1772937098.3834207,30170.597579012952
1772937098.383429,25586.432492682885
1772937098.383437,18963.854052857714
1772937098.3834455,20180.910518258755
1772937098.383454,33812.408298125476
1772937098.383462,51979.30327482985
1772937098.38347,56842.05864423293
1772937098.3834777,36415.657419063966
1772937098.3834856,-47.08998682613019
1772937098.383494,-26904.804921702234
1772937098.383502,-26961.429451038093
1772937098.3835104,-9968.612105952649
1772937098.3835185,-1379.0147996144258
1772937098.383526,-12287.14372632584
1772937098.3835344,-26678.112873262522
1772937098.3835423,-23117.48437529896
1772937098.383561,-4541.137626599234
1772937098.3835683,3064.664500367732
1772937098.3836055,-15699.670801206961
1772937098.383613,-41699.42526688522
1772937098.3836207,-40476.99871150852
1772937098.383628,-4505.254562363632
1772937098.3836355,33522.26015546722
1772937098.3836432,35409.24007907781
1772937098.3836513,54.68175512180338
1772937098.383659,-37030.9909508073
1772937098.4966776,-52874.453968692615
1772937098.4967148,-41759.20148375583
1772937098.4967258,1791.0341321299757
1772937098.4967349,39582.55027091404
1772937098.496744,41920.2478530597
1772937098.4967523,13812.722289264295
1772937098.4967608,-13828.600187139607
1772937098.4967692,-14884.315190137317
1772937098.4967775,11269.163422371661
1772937098.4967856,45118.37590832209
1772937098.4967935,66737.55922751814
1772937098.4968014,68902.32901890263
1772937098.4968095,55875.74428114124
1772937098.4968176,35600.40205842984
1772937098.4968257,14589.597496226572
1772937098.4968336,-3029.3761363589783
1772937098.496842,-15251.041856668226
1772937098.4968495,-21733.725635155242
1772937098.496858,-22749.434187651397
1772937098.496866,-18936.829179977707
1772937098.496874,-13142.131245911054
1772937098.4968824,-11326.047825721167
1772937098.4968908,-17841.554359190406
1772937098.496899,-27188.39568009858
1772937098.4969065,-22640.506190960055
1772937098.4969144,11277.71660447509
1772937098.4969225,70943.4588584842
1772937098.5127587,129101.41514719713
1772937098.5609422,152309.87332077557
1772937098.577094,126807.2282492965
1772937098.5771258,69105.20860656287
1772937098.6633313,26682.117949480853
1772937098.6633594,1399.8837260972225
1772937098.6633723,-8558.877318913217
1772937098.663382,-14299.82765165624
1772937098.6633914,-16479.82514563819
1772937098.6634004,-12451.156859112512
1772937098.6634097,-9046.977970159987
1772937098.6634188,-17391.79714622427
1772937098.6634276,-33916.21469957791
1772937098.6634364,-35930.44753458907
1772937098.6634452,-4816.134822479068
1772937098.6634536,47551.88185869102
1772937098.6634624,83345.46038459722
1772937098.6634707,74072.4568523457
1772937098.685451,36623.18806225522
1772937098.6855,-6244.1386025717375
1772937098.685512,-22697.219698201454
1772937098.7015088,-16116.05447100247
1772937098.7015388,-9469.755099041735
1772937098.766816,-15286.850452375791
1772937098.7668483,-24680.57566007228
1772937098.7668595,-24537.319813872622
1772937098.7668693,-16514.392486691155
1772937098.7668805,-13095.052373998713
1772937098.7668903,-18893.568946163785
1772937098.7668996,-24428.07163300764
1772937098.76691,-20680.362831249997
1772937098.766918,-13222.456473472654
1772937098.766926,-14926.42990453326
1772937098.7669342,-25937.628743953406
1772937098.766942,-28722.5094258532
1772937098.76695,-8157.524245714866
1772937098.766958,26286.178259480654
1772937098.766966,44966.92267169139
1772937098.766974,27671.07639185296
1772937098.766982,-13333.25135656951
1772937098.7989447,76905.3023254796
1772937098.8310115,115210.24851902167
1772937098.8792267,120390.05738538691
1772937098.9113586,126446.61360576504
1772937099.2618177,80689.20749118959
1772937099.2618587,25294.790379527407
1772937099.2618873,-11204.001729134765
1772937099.2619164,-20752.967048610517
1772937099.261945,-11578.364774985108
1772937099.2619739,323.00220183571804
1772937099.2619913,1890.3399931896627
1772937099.2620003,-8652.113597350315
1772937099.2620091,-21450.66864105496
1772937099.262018,-25124.125877218048
1772937099.2620268,-19097.015085148967
1772937099.2620351,-14254.12807789774
1772937099.262044,-19398.501739978212
1772937099.262052,-29160.800597163423
1772937099.2620604,-29678.794711582526
1772937099.262069,-16721.211015765428
1772937099.2620773,-3201.070278298099
1772937099.262086,-4383.364604488388
1772937099.262094,-17809.63389152459
1772937099.2621024,-23979.98822161251
1772937099.2621107,-9083.087665773759
1772937099.2621195,17288.271456840113
1772937099.262128,31516.1727682214
1772937099.2621365,21409.42286750185
1772937099.2621448,-2532.11862388907
1772937099.2621531,-21465.27603228878
1772937099.2621615,-27971.80044968994
1772937099.2621703,-27564.98196199807
1772937099.2621787,-25101.09926664383
1772937099.2621872,-18397.16805283161
1772937099.2621956,-7334.018842983624
1772937099.262204,-1390.0426351812687
1772937099.2622125,-9689.254689538815
1772937099.2622209,-24903.633544372424
1772937099.2622292,-26207.78228036467
1772937099.2622373,-3553.5155197911395
1772937099.262246,25818.078658927818
1772937099.262254,33131.043447557866
1772937099.2622623,11169.678708679483
1772937099.2622845,-15017.041796809066
1772937099.2622929,-15201.495378197702
1772937099.2623012,11484.710996552762
1772937099.2623096,35123.55175171383
1772937099.262318,28325.283445627756
1772937099.2623265,-4566.074653963615
1772937099.2623348,-34489.0230036165
1772937099.262343,-39571.87522254375
1772937099.2623515,-24413.566577101043
1772937099.2623596,-8889.213466308922
1772937099.262368,-5119.928648829252
1772937099.2623763,-9644.232840219121
1772937099.2623847,-13909.856463915528
1772937099.2623928,-15154.454088063094
1772937099.262401,-15812.948291488967
1772937099.2624097,-17752.12019534734
1772937099.2624176,-21041.698995418818
1772937099.262426,-25530.415864075283
1772937099.2624345,-28916.334199551166
1772937099.2624428,-24495.146604866863
1772937099.2624555,-7090.801686829798
1772937099.262473,16276.573857478372
1772937099.2624876,27245.569712280914
1772937099.2625003,14648.040096635954
1772937099.2625124,-8444.762453829624
1772937099.2625256,-13750.192795985296
1772937099.2625384,11395.22209830504
1772937099.2625513,45993.49828450559
1772937099.2625637,54789.09119251922
1772937099.262576,26213.488731742873
1772937099.2625892,-14605.821783195135
1772937099.262602,-33629.68820311824
1772937099.262614,-24119.869883877433
1772937099.2626266,-9419.6285602185
1772937099.2626388,-11690.388872957668
1772937099.2626514,-26475.289959123304
1772937099.2626636,-32801.55644594134
1772937099.2626755,-22563.78469792408
1772937099.2626884,-10357.62596223464
1772937099.2627008,-12779.948013111654
1772937099.2627137,-26189.968624164285
1772937099.262726,-32215.586822197845
1772937099.2627432,-22655.28619294924
1772937099.3671885,1920.046343262162
1772937099.367232,-4753.937190014815
1772937099.3672469,-20569.805328089107
1772937099.367261,-29801.701502168267
1772937099.3672733,-24794.202717257176
1772937099.367287,-14065.518296143178
1772937099.3673012,-11108.42917858537
1772937099.3673143,-18508.97645055028
1772937099.3673584,-26327.485205179684
1772937099.367368,-25083.837160426086
1772937099.367377,-16740.671831311385
1772937099.367386,-11473.004632933855
1772937099.3673942,-15618.723963757622
1772937099.367405,-24924.550457485588
1772937099.3674192,-29165.97325967814
1772937099.367431,-21813.138725268564
1772937099.3674402,-5412.917020070821
1772937099.3674495,10549.353690935302
1772937099.3674583,16357.568576315993
1772937099.3674672,8608.306695427138
1772937099.3674765,-7438.958105345404
1772937099.3674853,-21714.834746584318
1772937099.4786572,-60357.07518777321
1772937099.4786954,-57955.692502362304
1772937099.4787068,-33885.14224917642
1772937099.478716,-7259.564935084909
1772937099.4787242,-1498.0956200313344
1772937099.4787328,-20780.72644320984
1772937099.478742,-42862.57871126571
1772937099.47875,-39580.06059647124
1772937099.4787583,-6388.159066538584
1772937099.4787664,30437.502737951258
1772937099.4787743,38765.096029012
1772937099.4787824,13114.986884475951
1772937099.47879,-19472.72678276238
1772937099.4787977,-27015.008963695236
1772937099.4788053,-4732.945414322868
1772937099.4788132,22163.382357065064
1772937099.4788213,27236.692768832425
1772937099.478829,11080.617343803295
1772937099.4788368,-1960.8268597171382
1772937099.478845,5895.295867614645
1772937099.4788525,23800.201298007865
1772937099.4788601,24857.83562212178
1772937099.4788678,280.6876714968681
1772937099.4788752,-24077.5720427492
1772937099.4788833,-10398.10851589561
1772937099.494684,50754.952656392335
1772937099.5288153,125022.27137991413
1772937099.528839,161467.58389165657
1772937099.5288503,136072.29991967767
1772937099.5288596,69568.52915013846
1772937099.5921056,21947.495510664674
1772937099.592132,-12574.89633472819
1772937099.5921452,-31078.668819315604
1772937099.5921535,-39735.32571138305
1772937099.5921624,-38197.69295980635
1772937099.5921714,-27440.56707976167
1772937099.5921807,-17745.23845027745
1772937099.5921898,-20491.109645431578
1772937099.592198,-32798.489505525074
1772937099.9565272,-22232.729237694144
1772937099.956562,12591.11489692751
1772937099.9565887,36747.48435468606
1772937099.9566152,28638.97862832895
1772937099.956642,-4424.936069973012
1772937099.9566684,-33794.634378562
1772937099.956695,-37885.699492830216
1772937099.9567213,-21020.781737405912
1772937099.956748,-5397.264799268491
1772937099.9567564,-7773.960638538005
1772937099.9567647,-24677.716047212267
1772937099.9567726,-37346.314075076654
1772937099.9567807,-28957.211650334048
1772937099.9567883,456.41940624433386
1772937099.9567962,31880.817514808878
1772937099.9568045,40534.06261632151
1772937099.9568124,17048.80917948779
1772937099.9568205,-20389.492429964008
1772937099.956828,-38164.036172983695
1772937099.956836,-18115.756642029963
1772937099.956844,21829.565640829554
1772937099.9568517,42689.70790634489
1772937099.95686,24436.048762445003
1772937099.9568677,-11213.074749688089
1772937099.9568756,-23350.573350822226
1772937099.9568832,2457.273101569667
1772937099.9568913,36971.292574316874
1772937099.9568992,39771.391449341434
1772937099.9569073,4841.332683140726
1772937099.956915,-33601.49333088176
1772937099.9569223,-41057.544403248976
1772937099.9569304,-20371.604630626964
1772937099.9569383,-3462.171370685702
1772937099.956946,-10545.479711758628
1772937099.9569535,-28405.502067118894
1772937099.9569612,-32089.544193117395
1772937099.9569695,-18519.665929465027
1772937099.956977,-7742.7003376510365
1772937099.9569848,-12438.793766741843
1772937099.9569929,-18612.016222178274
1772937099.9570003,-4630.301640708752
1772937099.957008,26396.198901304313
1772937099.9570155,45032.235988055225
1772937099.9570234,29313.58993177239
1772937099.9570312,-8007.870300782583
1772937099.9570389,-33318.600048574284
1772937099.9570467,-29960.09583862288
1772937099.9570544,-13674.140358902438
1772937099.957062,-9150.043991276361
1772937099.9570696,-19868.782988675233
1772937099.9570773,-28547.998922388168
1772937099.957085,-23398.77627942044
1772937099.9570925,-13246.276185212073
1772937099.9571004,-13009.147019124077
1772937099.9571085,-22169.976954764927
1772937099.957116,-26599.43241402628
1772937099.9571235,-19947.141452129646
1772937099.9571314,-13205.742528798655
1772937099.9571388,-17966.141914715117
1772937099.957147,-26503.940444498163
1772937099.9571545,-17961.337573958892
1772937099.9571624,14698.391438675402
1772937099.95717,51332.91879188389
1772937099.9571779,63465.375617239704
1772937099.9571855,43604.92174301548
1772937099.9571936,10728.309394920465
1772937099.9572012,-12112.464016736347
1772937099.957209,-19303.32839242328
1772937099.9572167,-20131.94173088339
1772937099.9572248,-21708.125522242284
1772937099.9572325,-22010.142748922237
1772937099.95724,-18621.192382015925
1772937099.957248,-15861.823549971716
1772937099.9572558,-18476.857860211934
1772937099.9572637,-22891.657465034514
1772937099.957271,-21694.638242851215
1772937099.9572792,-16020.427520321024
1772937099.9572868,-15848.495461203263
1772937099.9573092,-24277.786554690952
1772937099.957317,-27624.81126046724
1772937099.9573247,-9801.504560339343
1772937099.9573324,23419.819356346627
1772937099.95734,43231.326382338164
1772937099.9573476,27384.302457495713
1772937099.9573553,-12319.486458467334
1772937099.957363,-39820.31630121538
1772937099.9573705,-33618.30923105206
1772937099.957378,-9723.51972216045
1772937099.957386,-1261.794722613631
1772937099.9573934,-18936.63445282413
1772937099.957401,-38956.66575001036
1772937099.957409,-30953.746240565542
1772937099.9574163,9025.683671329487
1772937099.957424,58092.205912057536
1772937099.9886663,94105.81807616798
1772937100.0047204,114687.190249928
1772937100.0047588,127346.7106305892
1772937100.0207684,129871.76982245229
1772937100.0529263,110533.30019388894
1772937100.5247972,28089.95800854903
1772937100.524834,-14848.101402248707
1772937100.5248609,-17324.044920294244
1772937100.5248873,7789.189759697136
1772937100.5249145,30824.057061915344
1772937100.5249407,35839.14004968305
1772937100.5249677,29975.675196763204
1772937100.5249965,25536.17740397655
1772937100.5250232,21862.849692198168
1772937100.5250497,10012.487180969725
1772937100.5250745,-9679.614048591733
1772937100.5250833,-23828.567174294913
1772937100.5250916,-22242.954514066212
1772937100.5250995,-11908.179311750919
1772937100.5251074,-8787.604715909005
1772937100.5251155,-17368.553090796835
1772937100.5251231,-25006.133440270743
1772937100.5251312,-19312.128087325425
1772937100.525139,-6417.35881214005
1772937100.5251472,-5626.509873813171
1772937100.5251555,-25322.947828405155
1772937100.5251637,-49134.25894566346
1772937100.525172,-50224.288881899374
1772937100.52518,-18899.430410690806
1772937100.5251875,26349.46393482189
1772937100.5251956,55330.5341516375
1772937100.5252075,51975.57532682157
1772937100.52522,24509.59025987764
1772937100.5252328,-5849.830303872215
1772937100.5252447,-22902.57337115663
1772937100.525258,-24079.40936743502
1772937100.5252676,-16924.5713676931
1772937100.5252757,-10922.825909529933
1772937100.525284,-11352.312149903957
1772937100.5252924,-16959.048390595497
1772937100.5253005,-21616.006744045964
1772937100.5253081,-19835.49265008757
1772937100.525316,-12789.400190625482
1772937100.525324,-8483.286389358427
1772937100.525332,-13680.702330866863
1772937100.5253396,-24630.877897406805
1772937100.5253477,-27592.975577983827
1772937100.5253556,-11402.715517027349
1772937100.5253844,19340.834043893472
1772937100.5253923,44885.928166232836
1772937100.5254004,46302.37755229717
1772937100.5254085,22336.879969627724
1772937100.5254164,-9273.062888692155
1772937100.525424,-27498.998275668837
1772937100.5254405,-25584.584503937836
1772937100.5254483,-14089.163609186311
1772937100.5254562,-8067.44396734297
1772937100.5254638,-12461.636624287803
1772937100.5254717,-19965.22114775107
1772937100.5254793,-21444.395675112446
1772937100.5254877,-16218.766208077755
1772937100.5254955,-11380.217267577356
1772937100.5255032,-12557.378379984446
1772937100.5255113,-17650.746553529087
1772937100.5255191,-20274.219773665853
1772937100.5255268,-17668.70551639762
1772937100.5255344,-13307.231221508673
1772937100.525542,-12007.907408985146
1772937100.5255497,-14681.153733363206
1772937100.5255613,-19026.826196839957
1772937100.525574,-23593.070132555316
1772937100.525587,-28377.542981171086
1772937100.5255973,-31449.1886640674
1772937100.5256052,-28412.412667696557
1772937100.5256174,-18197.31611913904
1772937100.5256295,-8116.0165859798635
1772937100.5256422,-8901.708064078364
1772937100.525654,-22484.507925343954
1772937100.5256667,-37048.11466950288
1772937100.5256765,-37971.02072667843
1772937100.5256844,-23993.94748134981
1772937100.5256925,-9350.527671853532
1772937100.5257,-7929.058266788543
1772937100.5257075,-17650.648678715977
1772937100.5257154,-24020.929088601166
1772937100.5257232,-18568.20579901024
1772937100.525731,-9134.043349677555
1772937100.5257387,-9061.730330098904
1772937100.5257468,-19201.97495196314
1772937100.5257545,-26031.778681268966
1772937100.5257623,-18596.838608695227
1772937100.5257702,-2717.837190208068
1772937100.525778,5644.5417760038545
1772937100.5257857,-714.9179705181606
1772937100.5257933,-12895.440850674078
1772937100.5258007,-18267.233353319156
1772937100.5258083,-15465.718567659593
1772937100.5258162,-13108.524945982852
1772937100.525824,-16138.939715964545
1772937100.5258317,-19546.131823862564
1772937100.5258393,-17272.538919417762
1772937100.5258472,-12191.632146770267
1772937100.5258548,-12125.669165347077
1772937100.5258622,-17786.472064601192
1772937100.5258696,-20914.0112909547
1772937100.5258772,-16340.925204756977
1772937100.525885,-10603.370567801423
1772937100.5258937,-13117.922124284416
1772937100.525901,-20820.3478930981
1772937100.5259087,-18593.851337757507
1772937100.5259163,2405.8712993178106
1772937100.525924,31995.110259767138
1772937100.5259316,51793.79334953337
1772937100.5259397,56280.363700075904
1772937100.525947,55949.62828815239
1772937100.5259545,58447.215382211136
1772937100.525962,54831.39797010757
1772937100.5729773,32352.41893627923
1772937100.604234,100050.74143549486
1772937100.6042686,117433.1212410782
1772937100.60428,128664.13124091845
1772937100.6042907,130727.72743234668
1772937100.6043,120282.77953041719
1772937100.6523225,105769.469305371
1772937100.6753783,105763.54936484754
1772937100.6754055,126297.34881646013
1772937100.675419,143989.4291355077
1772937100.6754296,124113.71088889742
1772937100.6914427,60966.96730967749
1772937100.9003773,33040.15560645726
1772937100.90042,-20986.941127548045
1772937100.9004467,-46702.93633127218
1772937100.9004729,-36832.31822992455
1772937100.900482,-7419.4006340202295
1772937100.9004903,18867.507786186634
1772937100.9004989,28476.068696663566
1772937100.9005075,18992.181788139253
1772937100.9005153,-4330.805148630739
1772937100.9005232,-27576.162161719843
1772937100.9005313,-29956.4505814092
1772937100.9005396,287.8668188744821
1772937100.9005475,46826.18265155074
1772937100.9005556,70866.9491425618
1772937100.900564,47276.818021819396
1772937100.9005718,-4546.438890461862
1772937100.9005797,-35412.481838291256
1772937100.900587,-17627.30091604437
1772937100.900595,23934.453261787687
1772937100.9006033,39851.533819802404
1772937100.9006119,13068.19256699362
1772937100.9006217,-22400.139552759367
1772937100.9006352,-23576.92286754371
1772937100.9006464,9807.14911330855
1772937100.9006584,36703.51249040301
1772937100.9006715,25546.901576331184
1772937100.9006832,-9821.173924937975
1772937100.9006958,-32037.569327425936
1772937100.9007084,-28099.9446174311
1772937100.9007215,-20056.836505018233
1772937100.900735,-26823.347599926157
1772937100.900748,-31194.601077506908
1772937100.9007607,534.1043149500098
1772937100.9007733,69319.01082282791
1772937100.9007828,129200.28152840449
1772937100.9007905,130841.91237105631
1772937100.900798,73152.30651256484
1772937100.9008057,2945.326806830205
1772937100.900813,-34294.72899570367
1772937100.9008207,-33854.02729341531
1772937100.9008288,-21631.650260109196
1772937100.9008367,-17481.72990488986
1772937100.9008446,-19972.532729476512
1772937100.9008524,-22274.66959204588
1772937100.9008603,-26346.07710536804
1772937100.9008677,-32953.01337609077
1772937100.9008756,-27507.82300126325
1772937100.9008834,8528.485725736831
1772937100.9008913,69279.93610328686
1772937100.900899,118667.70431593886
1772937100.9009068,122591.32120372349
1772937100.9009144,84212.94070062389
1772937100.9163828,53202.41258447084
1772937100.9164035,-2280.972045193758
1772937100.9927173,-23080.842969617275
1772937100.9927633,-23485.813617242053
1772937100.9927797,-24618.755995335254
1772937100.9927957,-28474.537884489768
1772937100.992806,-25816.287184408324
1772937100.9928174,-18023.968120571135
1772937100.9928274,-17434.203886769945
1772937100.9928377,-27073.80219918956
1772937100.992847,-33132.71271989164
1772937100.9928553,-24581.497466584242
1772937100.9928637,-12084.198528327093
1772937100.9928727,-15658.4188545285
1772937100.9928808,-34505.66169276966
1772937100.9928896,-41801.24927467401
1772937100.992898,-17171.94167545496
1772937100.992907,22871.069917691137
1772937100.9929168,39098.053468045764
1772937100.9929247,15390.44084559451
1772937100.9929328,-19885.00680821525
1772937100.992941,-25607.67379494834
1772937100.9929504,4255.958810828887
1772937101.0087745,34308.0637958309
1772937101.05493,120282.47650634384
1772937101.0549788,130096.99512782315
1772937101.0550013,109258.17861222143
1772937101.0550168,96390.90504688096
1772937101.0910487,108959.98407807887
1772937101.091071,127997.14042894203
1772937101.0910828,121830.85836811179
1772937101.0910933,78956.44755793903
1772937101.1392272,99999.52922806356
1772937101.2025003,110200.7835036556
1772937101.2025373,120539.365855313
1772937101.202554,115162.39091618368
1772937101.202568,92671.02500056411
1772937101.2507331,102116.94768230415
1772937101.250773,109100.51541071048
1772937101.295839,108730.11928865497
1772937101.2958636,100239.7210436005
1772937101.2958748,96032.12794227511
1772937101.2958844,105001.13790578312
1772937101.2958932,117069.34805601578
1772937101.295902,109783.4297666778
1772937101.3280172,71317.86970748419
1772937101.3440545,108362.60068829276
1772937101.4083164,69481.710075259
1772937101.484692,19797.023613135025
1772937101.4847195,-30461.606368650224
1772937101.4847367,-53819.43540964537
1772937101.484748,-45563.26201295879
1772937101.4847577,-26575.491641045246
1772937101.4847672,-22260.27363647119
1772937101.4847765,-36221.50201198461
1772937101.4847853,-48664.042724390856
1772937101.4847944,-41673.433221716215
1772937101.484804,-21221.321816780735
1772937101.4848127,-9551.877884951105
1772937101.4848218,-18091.936120068567
1772937101.4848304,-34761.55063284238
1772937101.4848394,-40582.20865157175
1772937101.484851,-33324.95325023733
1772937101.5007124,-28150.78664919794
1772937101.5167637,-35725.87278813684
1772937101.5489142,-7005.789491631057
1772937101.5810285,-11854.90808651661
1772937101.6964831,-8897.219348788567
1772937101.696508,-16129.984746082828
1772937101.6965184,-19868.432998989014
1772937101.6965284,-19941.73325464738
1772937101.6965368,-18319.965365914315
1772937101.6965454,-19638.7714311078
1772937101.6965537,-27064.16121444583
1772937101.6965625,-36730.37784017396
1772937101.6965709,-39844.39167884986
1772937101.6965792,-33023.9471922434
1772937101.696587,-24357.813656052236
1772937101.696595,-25128.414539454312
1772937101.6966033,-35427.66383125006
1772937101.6966112,-42253.28631785789
1772937101.6966195,-34648.646103489955
1772937101.6966274,-18041.59630600822
1772937101.6966355,-9047.35660784122
1772937101.696644,-16061.940259746905
1772937101.696652,-29684.695814392773
1772937101.6966598,-35100.70404594619
1772937101.6966677,-30392.96776061034
1772937101.6966758,-27090.95334134022
1772937101.696684,-32815.003384573996
1772937101.902322,-50820.35792767915
1772937101.902362,-42681.40571310236
1772937101.9023757,-34447.42171784759
1772937101.9023871,-31943.465986174644
1772937101.902397,-33893.367936681025
1772937101.9024076,-35259.08267813904
1772937101.9024177,-34682.81871998214
1772937101.9024267,-35203.31667500952
1772937101.902436,-37476.40108845991
1772937101.9024453,-36408.20134496263
1772937101.9024558,-27926.497860252322
1772937101.9024704,-17229.59778646868
1772937101.9024837,-15331.230397516378
1772937101.9024973,-25728.450318851224
1772937101.902506,-38299.69906936939
1772937101.902515,-40507.04781848231
1772937101.902524,-33155.75944140913
1772937101.902533,-29561.515362221497
1772937101.9025414,-37027.23541024864
1772937101.90255,-44054.32023753482
1772937101.9025593,-32376.59670818929
1772937101.902568,-1804.6628010783977
1772937101.9025772,23377.15916250229
1772937101.902586,18085.53818783231
1772937101.9025948,-15184.413118324033
1772937101.9026036,-47070.76705680463
1772937101.9026124,-52061.02362932799
1772937101.9026208,-34549.22491729069
1772937101.90263,-20747.62799151907
1772937101.902639,-27182.371135906717
1772937101.9026475,-43292.80804932436
1772937101.9026563,-47257.397968158526
1772937101.902665,-33983.83798682384
1772937101.9026735,-21009.682907838716
1772937101.9026823,-26220.70735137659
1772937101.9026911,-45055.521187308485
1772937101.9027,-53963.262598063666
1772937101.9027088,-34875.02563148238
1772937101.9027538,7764.104009543039
1772937101.9027677,54314.460638706485
1772937101.9027815,89473.09909066944
1772937101.9027953,110909.84431707874
1772937101.9028044,121012.02276581714
1772937101.9028127,116734.29040727556
1772937101.9028213,92017.86241891404
1772937101.91836,48865.02297330104
1772937101.978669,97331.43654365264
1772937101.9786935,113433.97791790012
1772937101.9787047,113622.8556166554
1772937101.9787145,84837.77373752226
1772937101.9787233,41473.710454144144
1772937102.0157373,18441.03238934916
1772937102.0157564,39349.07176730497
1772937102.015768,89753.74310303963
1772937102.0157778,124740.73353053197
1772937102.0318239,107192.37526829487
1772937102.0639572,41233.90305634979
1772937102.4284718,-10956.730548276315
1772937102.4285176,-53404.38789655907
1772937102.4285493,-53406.019414472044
1772937102.428576,-37154.54847118905
1772937102.428609,-37123.512862855474
1772937102.4286408,-56354.901710035214
1772937102.428668,-66736.44220235421
1772937102.4286952,-41004.46595842657
1772937102.4287107,15376.82908279484
1772937102.4287236,64245.985483272656
1772937102.4287357,66816.13904417139
1772937102.4287477,18591.237326831066
1772937102.4287603,-44171.14664818728
1772937102.4287724,-73283.75815734311
1772937102.4287841,-49330.51979237522
1772937102.4288063,981.5485431675893
1772937102.4288185,28078.353377689742
1772937102.4288301,4781.082731924405
1772937102.4288428,-47888.825081831514
1772937102.428854,-80601.743302838
1772937102.428866,-63641.3947070348
1772937102.4288776,-15171.88451541
1772937102.4288898,19537.680978926597
1772937102.428902,15995.43351505512
1772937102.4289136,-6092.399685238443
1772937102.4289253,-8713.601341028623
1772937102.428937,19344.95920260326
1772937102.4289489,49341.63586763779
1772937102.4289613,45281.88046658366
1772937102.4289732,4071.594475001771
1772937102.4289856,-42042.97134321548
1772937102.4289973,-60914.012181389386
1772937102.4290092,-51694.24771327834
1772937102.4290216,-38673.7431533466
1772937102.4290342,-40232.8771320907
1772937102.429046,-51192.577887521904
1772937102.4290574,-55134.35161818348
1772937102.4290693,-45788.74382947996
1772937102.429081,-30277.023787684757
1772937102.4290924,-14909.351041722693
1772937102.4291031,3435.416250826255
1772937102.4291148,28497.92820840007
1772937102.4291267,52663.750804699455
1772937102.429139,60653.46909491507
1772937102.429151,45825.625053397955
1772937102.429163,18617.533800037538
1772937102.429175,-3231.8238632341327
1772937102.4291854,-10313.468854538136
1772937102.4291964,-5717.394383644372
1772937102.4292085,2634.9054908973203
1772937102.4292204,8305.776236341042
1772937102.4292321,5428.240296897851
1772937102.4292443,-11176.758873450744
1772937102.4292564,-38740.872466542365
1772937102.429268,-61489.59586445601
1772937102.42928,-60511.27478093844
1772937102.429292,-32925.127693780334
1772937102.4293044,1814.3797192076481
1772937102.4293168,19477.604509636825
1772937102.429329,14740.272720122211
1772937102.4293408,3645.4924604398648
1772937102.4293525,2102.5202074243593
1772937102.4293647,7008.915613457168
1772937102.4293766,2977.7222863165216
1772937102.4293885,-15115.429409496159
1772937102.429401,-33582.88569282331
1772937102.429413,-36523.45716273695
1772937102.4294248,-25674.296977444446
1772937102.4294372,-17427.66282134162
1772937102.429449,-21047.690999965052
1772937102.4294763,-26917.726087843235
1772937102.429488,-20409.976136785634
1772937102.4295,-3018.3254913178926
1772937102.4295115,7596.6010962574
1772937102.4295235,-328.4020673414283
1772937102.4295356,-16604.857095752133
1772937102.4295478,-20140.1222322489
1772937102.42956,-3920.289822926514
1772937102.4295716,16785.00588567315
1772937102.4295833,22525.561909084172
1772937102.4295957,11261.923601305969
1772937102.429607,-2156.8448528166077
1772937102.4296186,-5502.428906314403
1772937102.4296305,-1837.4891204237342
1772937102.4296417,-630.812880508896
1772937102.4296534,-1218.7406066584438
1772937102.429665,8545.256632238861
1772937102.4296768,36377.72219634527
1772937102.4296885,72879.83397720946
1772937102.4297,98543.75894589008
1772937102.4297118,102705.7062755471
1772937102.4297235,92918.14279251036
1772937102.429736,85359.34931745121
1772937102.4297476,88368.20867809087
1772937102.4297607,96693.04784787873
1772937102.4606016,100067.08988202477
1772937102.460632,94810.00470471651
1772937102.491194,86841.08240853042
1772937102.4912164,85153.42219168783
1772937102.491227,93007.72347773027
1772937102.491236,103851.82544614411
1772937102.491244,104440.1053436708
1772937102.517784,83422.12451097668
1772937102.5178115,40862.99736189397
1772937102.517828,-9518.26405665515
1772937102.6413052,-55455.64077442483
1772937102.6413417,-66163.53824924867
1772937102.641358,-57387.8975752852
1772937102.6413736,-39623.9384598917
1772937102.6413865,-17697.70386253262
1772937102.6414,6434.1155843674505
1772937102.6414137,23736.708809802625
1772937102.6414256,18253.084935435716
1772937102.641438,-16411.45579658952
1772937102.64145,-61447.36718196631
1772937102.641462,-81284.1121062219
1772937102.6414733,-55350.807863610185
1772937102.6414843,-2643.626815599978
1772937102.641496,30388.491019021567
1772937102.6415076,11947.508892853453
1772937102.6415188,-43549.256183616766
1772937102.6415312,-87516.12942080342
1772937102.6415436,-82351.58556469658
1772937102.641556,-35312.9020533792
1772937102.641568,11261.124040968218
1772937102.6415808,21200.17958227796
1772937102.641593,-4748.987844200959
1772937102.6416056,-36403.12824581379
1772937102.6416185,-47511.06683902292
1772937102.641631,-39363.41706248256
1772937102.6416433,-33326.14882901772
1772937102.6416557,-43952.31224399105
1772937102.6416676,-61594.36914460901
1772937102.6416805,-60956.24840080191
1772937102.6416929,-25771.013378611075
1772937102.6674275,34393.36718893952
1772937102.6674592,90380.01708855215
1772937102.6674752,116573.66619389065
1772937102.683454,110341.04035059937
1772937102.729686,54641.721685206074
1772937102.729717,-16833.179692935737
1772937102.7297325,-37618.60355880325
1772937102.7297463,3961.429773264088
1772937102.8641145,-10514.888583805
1772937102.8641686,-23338.03187655073
1772937102.8641808,-48222.86358563359
1772937102.8641903,-53739.58327707228
1772937102.8641996,-27864.332543210807
1772937102.864209,7012.342133514181
1772937102.8642182,19872.504998140015
1772937102.8642273,4877.819884239464
1772937102.8642364,-16659.610411806418
1772937102.8642457,-24761.694952781185
1772937102.8642576,-22265.637061511658
1772937102.864266,-24792.947223255334
1772937102.8642752,-36525.55627885807
1772937102.8642838,-44857.84961437972
1772937102.8642924,-38922.390279736996
1772937102.8643017,-24956.242379699353
1772937102.8643107,-17733.708811646928
1772937102.8643193,-21031.441419822564
1772937102.864328,-24479.435277212124
1772937102.8643365,-20428.571617041565
1772937102.8643463,-16242.677660394345
1772937102.8643591,-23830.240528228052
1772937102.8643732,-40481.20688982716
1772937102.8643827,-48621.2278034547
1772937102.8643916,-37387.4301114343
1772937102.8644004,-18503.62084151191
1772937102.8644087,-14216.403352848158
1772937102.864418,-30623.595874084654
1772937102.8644261,-49546.326871461795
1772937102.8802056,-49752.240722917515
1772937102.9735825,-47695.4282266358
1772937102.9736216,-34146.573671563194
1772937102.9736335,-28757.49538642102
1772937102.9736433,-34178.40603691851
1772937102.9736524,-44599.894103849896
1772937102.9736612,-53238.72260830721
1772937102.9736695,-55379.61155516584
1772937102.973678,-48521.2258550258
1772937102.9736855,-35362.36493195194
1772937102.9736936,-25919.440141208015
1772937102.973702,-30102.775716250253
1772937102.9737098,-44417.28442264346
1772937102.9737177,-50186.74050934986
1772937102.9737256,-31793.208910241316
1772937102.9737334,2544.903005854808
1772937102.9737415,24057.84164603198
1772937102.9737494,12106.426112698824
1772937102.9737575,-22562.679909563423
1772937102.9737656,-48241.20267352617
1772937102.9737735,-46269.950810705195
1772937102.973781,-29791.253447946518
1772937102.9737887,-25755.3855080174
1772937102.9737968,-42362.21261620707
1772937102.9738047,-60861.812467947806
1772937103.4544165,-42466.71491596847
1772937103.4544494,-27629.930005364993
1772937103.4544768,-17524.27939983003
1772937103.4545076,-18650.941323086037
1772937103.4545295,-15469.830479707378
1772937103.454553,7989.110611577559
1772937103.4545724,42931.36473155129
1772937103.4545925,60957.92397694988
1772937103.4546125,45188.640116244795
1772937103.4546263,9545.361851853471
1772937103.4546354,-17171.454442219467
1772937103.4546442,-22252.119916637173
1772937103.4546535,-17823.87588559027
1772937103.4546676,-19863.5826494141
1772937103.4546757,-26936.868156333232
1772937103.4546838,-25379.777743601036
1772937103.454692,-11259.501020490445
1772937103.4546998,1786.0943336879163
1772937103.4547076,-729.3404300384735
1772937103.4547153,-15621.361244721145
1772937103.4547231,-26276.735026005925
1772937103.4547307,-23580.791155560364
1772937103.4547389,-15951.862368400678
1772937103.4547467,-16340.923369032846
1772937103.4547548,-24564.40604545041
1772937103.4547625,-28270.489812879106
1772937103.4547703,-20062.80473620605
1772937103.454778,-7325.41112311363
1772937103.4547856,-2431.7887692016848
1772937103.4547935,-7620.372783101583
1772937103.454801,-14575.592693774011
1772937103.4548092,-17293.814598487064
1772937103.4548168,-18953.624815903266
1772937103.4548247,-23738.134760831916
1772937103.4548323,-27379.999068032535
1772937103.45484,-22417.224671168544
1772937103.454848,-11866.567122179382
1772937103.4548557,-10027.39202762152
1772937103.4548635,-24843.450353021784
1772937103.4548712,-43370.647573670736
1772937103.4548793,-42376.53476920594
1772937103.454887,-15266.654995670158
1772937103.4548948,17096.660738825714
1772937103.454903,27619.501546172178
1772937103.4549108,13126.297977075297
1772937103.4549189,-2616.8263170534688
1772937103.4549265,2394.4012913655156
1772937103.4549344,21902.9755655448
1772937103.454942,28975.176829726755
1772937103.45495,8607.41658675447
1772937103.4549575,-23767.289632228272
1772937103.4549656,-39663.97581745756
1772937103.4549732,-29494.821507730754
1772937103.4549809,-11346.767449534751
1772937103.4549885,-7902.801199968858
1772937103.4549963,-20640.607509578145
1772937103.455004,-31445.665886817296
1772937103.455012,-26973.30777176576
1772937103.4550197,-14473.876090477486
1772937103.4550276,-10768.636067052801
1772937103.4550352,-20199.472101082458
1772937103.4550433,-29771.966294408554
1772937103.4550512,-26630.459497952193
1772937103.4550588,-14855.900273080879
1772937103.4550667,-10265.406742937652
1772937103.4550743,-19960.493418137434
1772937103.455082,-32264.225732034163
1772937103.4550898,-29665.39295002802
1772937103.4550977,-9410.145142877385
1772937103.4551053,12420.884065213502
1772937103.4551132,17627.573361085593
1772937103.4551208,3970.377732695252
1772937103.4551284,-14766.47932276471
1772937103.4551363,-24474.460104287784
1772937103.455144,-23404.737331738983
1772937103.4551518,-19521.21402075413
1772937103.4551597,-19070.45928392038
1772937103.4551673,-20925.2068916489
1772937103.4551752,-21216.18144481137
1772937103.455187,-19693.236371448264
1772937103.455195,-19278.296121817017
1772937103.455203,-20957.980876228197
1772937103.4552107,-22146.88756882655
1772937103.4552183,-20731.918991244085
1772937103.4552264,-18531.19400210441
1772937103.455234,-18861.188508251227
1772937103.4552417,-21579.898930417166
1772937103.4552493,-22887.134441634134
1772937103.4552567,-20599.451895520946
1772937103.4552643,-17618.263490321882
1772937103.4552722,-18295.225718965874
1772937103.45528,-22204.10420693755
1772937103.4552877,-24066.137018626177
1772937103.455295,-20733.245270645446
1772937103.4553032,-16154.063387211594
1772937103.4553108,-16932.74759958036
1772937103.4553185,-23295.929309646435
1772937103.4553263,-27270.156564929843
1772937103.455334,-21602.3308283714
1772937103.4553418,-9122.310091656775
1772937103.4553494,-711.7168636914082
1772937103.4553573,-3633.6284508628937
1772937103.4553647,-13942.553416022789
1772937103.4553723,-21754.396212845437
1772937103.45538,-22403.424894976582
1772937103.4553876,-19902.764455239678
1772937103.4553952,-19731.510905540996
1772937103.455403,-21552.35518093307
1772937103.4554107,-21314.117522833963
1772937103.455419,-18574.600372480094
1772937103.4554267,-17754.36347017028
1772937103.4554348,-21209.97697490144
1772937103.4554658,-24512.782897156507
1772937103.4554734,-21997.77290575539
1772937103.4554808,-15769.452104127322
1772937103.4554884,-14703.39169291748
1772937103.455496,-22537.056374325366
1772937103.4555035,-30281.790913869903
1772937103.455511,-25055.721522709144
1772937103.4555187,-6505.089393652022
1772937103.4695606,10105.48870830315
1772937103.9103203,-23318.844857930235
1772937103.9103627,-11044.097634982885
1772937103.9104097,-2995.513281083691
1772937103.9104364,-3886.3173252367324
1772937103.910463,-7259.6394698386985
1772937103.91049,-6446.812531250833
1772937103.9105167,-3562.1110550473627
1772937103.9105375,-4467.871897083388
1772937103.9105458,-8341.376884117857
1772937103.9105537,-8276.029879473319
1772937103.9105616,-2776.7360475466717
1772937103.9105692,-435.6632067104969
1772937103.9105775,-7934.1764471334445
1772937103.9105856,-16200.450100190927
1772937103.9105935,-6510.845899598408
1772937103.9106016,25928.07143030245
1772937103.9106095,59373.21382099457
1772937103.910617,63789.10428564853
1772937103.9106252,32923.670018233664
1772937103.9106326,-6837.91270217194
1772937103.91064,-23263.64952786634
1772937103.910648,-11261.187066171304
1772937103.910656,5402.326514083876
1772937103.9106636,4251.0007242707
1772937103.9106715,-10664.882444270519
1772937103.910679,-17677.754848477947
1772937103.9107063,-7170.65754708329
1772937103.910714,6116.259988630795
1772937103.9107223,3099.3122815507622
1772937103.91073,-13603.740343110789
1772937103.9107375,-21470.79408275617
1772937103.910745,-6401.700910437021
1772937103.9107528,17519.29544998283
1772937103.9107604,22267.021516518435
1772937103.910768,-1663.7909923248208
1772937103.910776,-32840.231174612425
1772937103.9107835,-41515.001800630554
1772937103.9107912,-21548.061044700684
1772937103.9107988,4212.602976298055
1772937103.9108064,9811.576233521284
1772937103.910814,-6777.689540614166
1772937103.910822,-24576.17233399535
1772937103.9108293,-24572.58869498969
1772937103.9108372,-9230.128297614701
1772937103.9108453,3597.7318091515863
1772937103.910853,2171.7752635361685
1772937103.9108603,-7778.426002396769
1772937103.910868,-12684.470183828711
1772937103.910876,-7781.732299119659
1772937103.9108837,-908.6498785736012
1772937103.9108913,-1006.8127158579929
1772937103.9108992,-6976.405883200733
1772937103.9109068,-10291.087491916467
1772937103.9109144,-6738.467519835572
1772937103.9109218,-1694.3958398357797
1772937103.9109297,-2413.7441344250237
1772937103.9109373,-7865.080425678661
1772937103.9109452,-9927.929224491703
1772937103.9109528,-4876.7318821391555
1772937103.9109604,233.4937647900968
1772937103.910968,-3663.0431293312727
1772937103.9109757,-13442.49297135134
1772937103.9109836,-13354.046016713886
1772937103.910992,7424.913491382648
1772937103.9109995,38297.2508805131
1772937103.911008,53353.38044589417
1772937103.9110155,37032.96589719287
1772937103.9110236,1976.2507363197506
1772937103.9110312,-22242.569042674233
1772937103.9110389,-18809.189925371706
1772937103.9110465,403.6461551049021
1772937103.911054,9898.170521827762
1772937103.9110615,-1019.8764964922703
1772937103.9110692,-18251.645915229703
1772937103.9110773,-20624.790643051412
1772937103.911085,-2991.156636044589
1772937103.9110923,21006.83375568213
1772937103.9111004,35755.33086292664
1772937103.911108,37362.99149564515
1772937103.911116,30043.43464867118
1772937103.9111235,15736.864943675864
1772937103.9111311,-5428.776771650401
1772937103.911139,-25136.369053778424
1772937103.9111469,-25846.253955650023
1772937103.9111545,2854.4664411542017
1772937103.9111621,47568.6540031979
1772937103.91117,77156.55506592672
1772937103.9263716,69957.44976434119
1772937104.0067153,107232.55081005226
1772937104.2286777,60241.50834299953
1772937104.2287164,-2451.7830542440797
1772937104.2287428,-34775.055763748736
1772937104.2287695,-25382.36716560405
1772937104.2287965,-1694.598901956838
1772937104.2288225,549.7174786386022
1772937104.228831,-23676.84744956025
1772937104.228839,-43731.26176925838
1772937104.2288473,-28800.182920279123
1772937104.2288551,15388.385098115428
1772937104.2288637,50501.72837137954
1772937104.228871,46632.04545895265
1772937104.228879,14455.759653852785
1772937104.2288868,-7648.292820946086
1772937104.2288947,3594.5893228726854
1772937104.2289023,32331.91737978555
1772937104.2289104,44361.79326613967
1772937104.228918,26996.846768568226
1772937104.228926,1953.256301450105
1772937104.2289343,-1547.5473473321424
1772937104.2289424,19717.10131744422
1772937104.2289503,41089.25908695723
1772937104.228958,39004.59255686732
1772937104.2289658,15354.25175870094
1772937104.2289736,-8892.4479373876
1772937104.2289815,-18625.81479408971
1772937104.2289894,-16546.70953844662
1772937104.2289972,-11114.673338375582
1772937104.229005,-846.7246062601721
1772937104.2290125,22326.950971832357
1772937104.2290204,55464.0148591823
1772937104.2290282,78151.3321164336
1772937104.229036,69579.93717921415
1772937104.229044,31502.35245743044
1772937104.2290516,-9957.051953002076
1772937104.2290597,-27557.426003141754
1772937104.229067,-17171.74556274978
1772937104.2290752,1594.6963877342978
1772937104.229083,6920.059549048072
1772937104.2290907,-5073.328783810123
1772937104.2290988,-20157.374676110274
1772937104.229107,-21991.223411291034
1772937104.2291143,-6443.271195966649
1772937104.2291224,17269.95817432015
1772937104.2291303,35398.64641736521
1772937104.229138,38758.53040983404
1772937104.2291455,26728.17404559917
1772937104.2291536,6439.42717988703
1772937104.2291613,-11338.58010538154
1772937104.229169,-18335.687808442013
1772937104.2291768,-13837.613498539646
1772937104.2291846,-4591.983449245659
1772937104.2291925,814.1309386247541
1772937104.2292,-1856.021348268242
1772937104.2292075,-10880.413178197377
1772937104.2292151,-21212.328600926216
1772937104.229224,-27178.088270683504
1772937104.2292318,-23707.252103823215
1772937104.2292397,-8684.433978688603
1772937104.2292473,12955.372405642174
1772937104.2607265,28708.843254415366
1772937104.308961,122120.2997588649
1772937104.324999,148161.16669191426
1772937104.341041,143511.57426636858
1772937104.3410697,117052.92583537931
1772937104.4053056,81315.3586832472
1772937104.4695551,108024.37014754504
1772937104.510728,70088.88823783008
1772937104.5107472,15528.866937170527
1772937104.5107577,-25175.22431380007
1772937104.5107675,-33186.39686369612
1772937104.5107763,-20588.48152184258
1772937104.5107849,-13498.417995989497
1772937104.5107932,-20591.075904768277
1772937104.5428464,46309.4296179062
1772937104.990659,38818.54638515546
1772937104.9907043,7151.303801070292
1772937104.9907308,-19484.22350692936
1772937104.9907575,-27170.03139281791
1772937104.9907844,-19323.867928091793
1772937104.9908113,-9355.52228335461
1772937104.9908383,-6903.304175549682
1772937104.9908652,-11344.651782161876
1772937104.9908895,-16565.73295509036
1772937104.990898,-18772.955594882184
1772937104.990906,-18014.921763170274
1772937104.990914,-13905.873788142493
1772937104.9909217,-3712.071353153355
1772937104.99093,13100.870721288413
1772937104.990938,29790.63254692212
1772937104.9909463,35091.923688932795
1772937104.9909546,23091.628727162206
1772937104.9909625,-33.45449758990482
1772937104.9909704,-20456.867480291967
1772937104.9909782,-28350.501614787914
1772937104.990986,-24953.041999056728
1772937104.9909942,-18648.378031435204
1772937104.991002,-15604.067065891533
1772937104.9910097,-15283.241158188217
1772937104.9910176,-14197.05727453956
1772937104.9910252,-11747.312917963365
1772937104.991033,-10864.758212320168
1772937104.9910407,-13472.417356587324
1772937104.9910488,-17111.225124127504
1772937104.991057,-17259.22303307065
1772937104.9910645,-12833.57107535861
1772937104.9910724,-8406.655914266124
1772937104.99108,-9946.132127625786
1772937104.991088,-17748.514430161686
1772937104.9910958,-23803.915279237135
1772937104.9911036,-17553.81643435136
1772937104.9911115,3683.700519843906
1772937104.9911191,28976.619155063792
1772937104.9911273,39875.96736702596
1772937104.991135,25577.075052620963
1772937104.9911427,-5385.348004106324
1772937104.9911747,-28928.736939540595
1772937104.9911826,-23896.36086919772
1772937104.9911904,9974.608147717234
1772937104.991198,51000.29548504805
1772937104.9912057,72905.52845153683
1772937104.991213,64963.25167086378
1772937104.9912214,37303.366405186294
1772937104.991229,8846.479257347668
1772937104.9912367,-8536.391929314563
1772937104.9912443,-15159.299308061485
1772937104.9912524,-16810.85514543059
1772937104.99126,-16668.445339466074
1772937104.9912677,-14418.643814497998
1772937104.9912755,-10656.810247850188
1772937104.9912837,-9036.030852116339
1772937104.9912913,-13196.994443327432
1772937104.991299,-22604.890987008243
1772937104.9913068,-32076.26114406003
1772937104.991315,-34844.54316430904
1772937104.9913225,-25963.36137529997
1772937104.9913304,-4608.479135715696
1772937104.991338,24198.416591141835
1772937104.991346,49536.59376093913
1772937104.991354,59016.014051498496
1772937104.9913619,47107.48359090957
1772937104.9913695,20703.95417383065
1772937104.991377,-4892.858572685592
1772937104.9913847,-17622.46959683366
1772937104.9913924,-17304.2834340257
1772937104.9914,-12907.075417991196
1772937104.991408,-12030.480469308972
1772937104.991416,-14282.288642390486
1772937104.9914236,-14899.443554316611
1772937104.9914315,-12624.693282393828
1772937104.9914393,-11442.014313433358
1772937104.9914472,-14350.065015916003
1772937104.9914548,-17885.831100732725
1772937104.9914625,-15309.543909994827
1772937104.99147,-5240.138180604815
1772937104.9914775,4945.656680209894
1772937104.9914854,5947.39558263457
1772937104.9914932,-3579.026402232144
1772937104.9915009,-15292.565024273048
1772937104.9915085,-19717.056703792623
1772937104.9915164,-15632.767004629117
1772937104.991524,-10160.716180771375
1772937104.9915316,-10087.891175465233
1772937104.9915392,-14618.751210335497
1772937104.9915469,-17486.073995945237
1772937105.250726,-14272.579237587659
1772937105.2508664,-9337.60156939162
1772937105.2508817,-10387.816055309177
1772937105.2508972,-15954.343439539974
1772937105.250909,-18149.44923990347
1772937105.2509212,-13605.540545978867
1772937105.250933,-8506.58823019217
1772937105.2509441,-10378.331208673433
1772937105.250955,-17275.736495633075
1772937105.2509673,-19480.839628575155
1772937105.2509787,-12713.153389181769
1772937105.2509894,-5517.049728985299
1772937105.2510002,-9280.649473531723
1772937105.2510111,-21767.789647483576
1772937105.251022,-25760.45895331485
1772937105.251033,-7753.527978369642
1772937105.251044,23734.818464628257
1772937105.2512264,43100.96108232787
1772937105.2512434,32938.41837978161
1772937105.2512636,2366.3506574396024
1772937105.2512848,-22322.614909030643
1772937105.2512968,-24518.71748427634
1772937105.2513385,-12066.285930254371
1772937105.25135,-4898.143063755807
1772937105.2513616,-11444.165660507493
1772937105.2513735,-20963.822207769965
1772937105.251402,-18687.1060195657
1772937105.251413,-4188.684739487229
1772937105.2514243,8406.812640085664
1772937105.2514362,6962.500905386981
1772937105.2514477,-5766.054757838849
1772937105.2514596,-16878.582647056854
1772937105.2514713,-18145.58349734102
1772937105.2514827,-13114.886034881296
1772937105.2514944,-10201.503982299611
1772937105.251506,-12291.694269419395
1772937105.2515173,-15267.29559611667
1772937105.2515287,-15014.493656667402
1772937105.2515404,-12602.169758946799
1772937105.2515745,-11720.135217025132
1772937105.2515864,-13271.142362406867
1772937105.2516265,-14682.297923440005
1772937105.251638,-14010.871088842485
1772937105.2516494,-12538.848265153096
1772937105.2517204,-12515.182221088824
1772937105.251732,-13811.209332012962
1772937105.2517445,-14346.143064740032
1772937105.2517567,-13327.018027747006
1772937105.251768,-12373.55767225285
1772937105.2517796,-12971.935857606315
1772937105.251791,-14180.53355553434
1772937105.2518024,-14059.957095220156
1772937105.251814,-12690.392595701804
1772937105.251825,-12179.310725900445
1772937105.2518363,-13477.54617111963
1772937105.251848,-14725.128481403526
1772937105.2518597,-13864.322651897244
1772937105.2518709,-11912.307346863263
1772937105.2518823,-11844.085570733638
1772937105.2518942,-14186.132468082327
1772937105.251906,-15685.084685682528
1772937105.2519176,-13682.727772380225
1772937105.2519293,-10487.411152635967
1772937105.2519412,-10976.577008205113
1772937105.4696004,-8302.39428507193
1772937105.469663,-11403.672087763027
1772937105.4696808,-12333.987705169237
1772937105.4696925,-9719.099366316195
1772937105.4697073,-7258.822977928642
1772937105.469734,-8521.226589557104
1772937105.4697433,-11788.108667368442
1772937105.4697576,-12368.819191315682
1772937105.4697719,-9293.63270827372
1772937105.4697845,-6881.678168481469
1772937105.4697976,-8699.175763764877
1772937105.4698117,-12314.40260059418
1772937105.4698243,-12511.159881717485
1772937105.469833,-8763.212010838566
1772937105.4698417,-6331.448902622697
1772937105.4698548,-8940.613048108324
1772937105.4698684,-13131.749582994284
1772937105.469882,-12730.768267872561
1772937105.4698963,-7788.004817253526
1772937105.4699097,-5243.155355870364
1772937105.4699209,-9381.325417035974
1772937105.4699295,-14935.23823388486
1772937105.469938,-13461.597895785111
1772937105.4699535,-5645.978988936531
1772937105.4699624,-2356.2246254944334
1772937105.4699712,-10621.501645012868
1772937105.4699798,-21521.95852241955
1772937105.4699888,-17380.636652472997
1772937105.4699976,7446.1536050522345
1772937105.4700065,36461.70679615026
1772937105.4700148,45437.72691067294
1772937105.4700232,26759.785282631845
1772937105.470032,-3094.7354459096046
1772937105.4700413,-20775.294218303832
1772937105.4700499,-18344.748956135176
1772937105.4700584,-7177.724461382561
1772937105.4700668,-2399.6465088298837
1772937105.4700756,-7408.636841792341
1772937105.4700837,-14122.555549418834
1772937105.4700923,-14661.746616693004
1772937105.470101,-9444.79443719986
1772937105.4701097,-4749.23422816614
1772937105.4701183,-5571.981950756192
1772937105.470127,-11600.912244485551
1772937105.4701364,-17535.537925491266
1772937105.4701452,-15695.118801677952
1772937105.4701536,-950.8697216015607
1772937105.4701622,22796.433297200107
1772937105.4701712,41004.69072403719
1772937105.47018,38142.930773963766
1772937105.4701886,13161.44691077261
1772937105.4701977,-15808.500830557257
1772937105.4702065,-26670.5921838566
1772937105.470215,-15196.683191080541
1772937105.4702241,786.8108359593209
1772937105.4702327,1409.1909706760905
1772937105.9604309,-4067.8481093092128
1772937105.9604683,-9182.668271109327
1772937105.9604948,-5103.317845208519
1772937105.9605217,1821.2741672391323
1772937105.9605484,2378.7812907950342
1772937105.960575,-3559.7547027562714
1772937105.960602,-7660.51514125304
1772937105.9606295,-4594.360216329647
1772937105.960656,1144.7007170512384
1772937105.9606824,1713.7213390456545
1772937105.960709,-3456.1255544899655
1772937105.9607308,-7149.630872758576
1772937105.960739,-4337.287524251057
1772937105.9607468,1029.166490982353
1772937105.9607546,1518.7544923530172
1772937105.9607625,-3578.974049874828
1772937105.9607708,-7260.513292741841
1772937105.9607787,-4379.784879754971
1772937105.9607873,1238.5386092327033
1772937105.9607952,1896.8814913270135
1772937105.9608033,-3476.149439514544
1772937105.9608116,-7685.2980921891285
1772937105.96082,-4869.522880132217
1772937105.9608283,1529.0166548569873
1772937105.9608364,3203.1755641382188
1772937105.9608445,-2205.243382563062
1772937105.9608524,-8655.205349748108
1772937105.9608605,-10803.035664223567
1772937105.9608684,-11510.377924961604
1772937105.9608762,-16305.666436568301
1772937105.960884,-21816.932739506232
1772937105.960892,-15561.548344187073
1772937105.9609,8998.129214857845
1772937105.960908,39646.77110852803
1772937105.9609156,53181.3694095788
1772937105.9609237,38446.81869810984
1772937105.9609313,9310.094312766185
1772937105.9609392,-8391.253223049913
1772937105.9609663,-2626.9285386062747
1772937105.9609742,14336.165883804817
1772937105.9609818,21295.97326794113
1772937105.9609897,10955.755245463213
1772937105.9609973,-4860.501475979999
1772937105.9610054,-10899.299309652413
1772937105.9610133,-5079.103527312722
1772937105.9610207,2166.824849089678
1772937105.9610288,2003.7585919307041
1772937105.9610367,-3481.1932963125487
1772937105.9610443,-6351.534308586574
1772937105.961052,-3582.965694083466
1772937105.96106,262.0454545061137
1772937105.9610677,118.88791520836949
1772937105.9610753,-3151.3668497448098
1772937105.961083,-4841.183228723624
1772937105.9610908,-3002.816768279502
1772937105.9610984,-534.2172944638911
1772937105.961106,-747.2521617156575
1772937105.96112,-3011.9871638873997
1772937105.9611275,-4087.6788011091066
1772937105.9611351,-2690.147797327016
1772937105.9611433,-949.7597625743207
1772937105.961151,-1215.794276181573
1772937105.9611585,-2923.8983496641868
1772937105.961166,-3644.744964680415
1772937105.961174,-2496.4540479745733
1772937105.961182,-1169.9594244150358
1772937105.9611895,-1439.0583365276439
1772937105.9611976,-2790.3408085837073
1772937105.9612052,-3313.1640693675317
1772937105.9612129,-2375.5082362697817
1772937105.9612207,-1363.177223265017
1772937105.9612284,-1656.6985699865718
1772937105.9612367,-2775.059763395298
1772937105.961244,-3158.336336905904
1772937105.961252,-2339.6732267352254
1772937105.9612598,-1492.4702220688011
1772937105.9612677,-1738.5025597487133
1772937105.961275,-2648.002106710277
1772937105.9612832,-2931.260013319625
1772937105.961291,-2238.5486092350448
1772937105.9612987,-1569.2025349868388
1772937105.9613063,-1830.0960000518887
1772937105.9613144,-2610.0464880178515
1772937105.9613223,-2817.1395504729608
1772937105.9613297,-2205.417950964767
1772937105.9613376,-1664.4501339150574
1772937105.9613457,-1940.4004211571846
1772937105.9613533,-2613.3993428404947
1772937105.9613607,-2724.5460117587663
1772937105.9613688,-2127.19558661314
1772937105.9613767,-1671.6188155216528
1772937105.9613843,-1995.7071493056692
1772937105.9613924,-2629.255803213454
1772937105.9614,-2658.238452158698
1772937105.9614077,-2014.5499290691066
1772937105.9614155,-1586.487087369213
1772937105.9614236,-1983.6023007666777
1772937105.9614313,-2669.451204409148
1772937105.9614391,-2688.6286314619156
1772937105.9614465,-2004.5680249734758
1772937105.9614544,-1577.8848407328167
1772937105.961462,-2028.1191037916963
1772937105.96147,-2723.303296225176
1772937105.9614775,-2626.3413092306055
1772937105.961485,-1790.91903376945
1772937105.9614928,-1382.4663074657274
1772937105.9615006,-2058.1304611056685
1772937105.9615085,-2919.329794256626
1772937105.9615164,-2661.2874416635186
1772937105.961524,-1505.7651996249106
1772937105.9615316,-1129.1666698546157
1772937105.9615393,-2336.5748078475253
1772937105.961547,-3580.2035127409026
1772937105.9615548,-2792.699138230666
1772937105.9615624,-555.8053478690867
1772937105.96157,-91.68514583661128
1772937105.9615777,-3080.3973543399816
1772937105.9615853,-6195.508529772547
1772937105.961593,-3665.7519319341527
1772937105.9616003,5761.486787796027
1772937106.1402943,-1583.8993619698556
1772937106.1403296,-1578.1477495624306
1772937106.1403508,-1469.1160371470378
1772937106.140365,-1433.0335514187218
1772937106.1403773,-1545.690887134161
1772937106.1403863,-1638.0774062290304
1772937106.1403966,-1545.0658845605515
1772937106.140406,-1383.1618006521949
1772937106.1404157,-1401.330805600105
1772937106.140425,-1591.7255273510166
1772937106.1404345,-1664.1328700200288
1772937106.140443,-1477.445584522841
1772937106.1404524,-1292.8765644401
1772937106.1404614,-1411.8314069960843
1772937106.1404705,-1690.584701176487
1772937106.1404796,-1695.7640383316027
1772937106.1405,-1353.3577219323192
1772937106.1405091,-1131.81442646104
1772937106.140518,-1390.8270769096894
1772937106.1405268,-1793.6310645483397
1772937106.140536,-1724.2129739364368
1772937106.140545,-1216.2279322636687
1772937106.140554,-1012.4456734993234
1772937106.140563,-1510.8564171976595
1772937106.140572,-2062.3046536448824
1772937106.140581,-1790.1087734048247
1772937106.1405897,-928.2955840432942
1772937106.1405983,-680.778006823909
1772937106.1406076,-1536.1362401837064
1772937106.1406162,-2361.111066402385
1772937106.1406252,-1837.4745108421305
1772937106.140634,-487.71467409881393
1772937106.1406431,-266.246801381554
1772937106.140652,-1815.2663629051476
1772937106.1406605,-3110.714633492051
1772937106.140669,-1945.5703340469333
1772937106.140678,596.4160628207796
1772937106.1406872,768.0473723611976
1772937106.140696,-2835.6593904180386
1772937106.1407049,-6013.665432953042
1772937106.1407137,-2686.1058468329566
1772937106.1407225,7563.017098617986
1772937106.1407316,17150.62951591867
1772937106.6493237,18072.030785420462
1772937106.6493607,9439.999076119393
1772937106.6493871,-1257.6305571992218
1772937106.6494148,-6009.557519208722
1772937106.6494417,-3300.632261051492
1772937106.6494696,1460.6658640318326
1772937106.6494963,2482.9244314027605
1772937106.649524,-479.7979276128466
1772937106.6495504,-3080.880145103654
1772937106.6495776,-2224.526577197654
1772937106.6496048,492.1522811513037
1772937106.649614,1409.6613836741637
1772937106.6496217,-409.88452967276004
1772937106.64963,-2330.3000891110787
1772937106.649638,-1859.7443637901001
1772937106.6496456,175.46625092226745
1772937106.6496532,988.5269450431538
1772937106.6496613,-385.9322099947614
1772937106.6496687,-1959.6993703793526
1772937106.6496768,-1607.686896979563
1772937106.6496844,104.98987467934762
1772937106.6496923,818.3808940095678
1772937106.6497004,-380.32867839234837
1772937106.649708,-1795.351755638974
1772937106.649716,-1506.8823949066878
1772937106.6497288,33.403090550627674
1772937106.649737,694.4301906868843
1772937106.6497445,-395.68987355814926
1772937106.649752,-1704.3518019404585
1772937106.6497595,-1442.8467356785573
1772937106.6497676,-6.254913924214198
1772937106.6497753,619.5924476687765
1772937106.6497831,-393.3813191273714
1772937106.6497908,-1608.6133270451533
1772937106.6497984,-1341.1170262640633
1772937106.6498065,21.09369147322059
1772937106.649814,581.6812425515715
1772937106.6498215,-429.8713231760055
1772937106.6498291,-1606.720198917258
1772937106.649837,-1328.4105831633196
1772937106.6498446,-1.4472795529721771
1772937106.6498523,521.6909235660069
1772937106.64986,-477.7560173823331
1772937106.6498678,-1591.5661319446192
1772937106.6498756,-1251.0372567862846
1772937106.6498833,83.4792809487849
1772937106.649891,556.3703865958722
1772937106.6498983,-500.5064918497907
1772937106.6499062,-1624.7648930044072
1772937106.649914,-1242.9181352347834
1772937106.6499217,140.4131281199213
1772937106.6499293,628.8168711174941
1772937106.649937,-440.5255363962045
1772937106.6499443,-1571.8234544408374
1772937106.6499524,-1182.0604198363633
1772937106.64996,196.92654055144837
1772937106.649968,651.0489630379815
1772937106.6499755,-452.10284738971575
1772937106.6499832,-1571.6087832122296
1772937106.6499908,-1132.870785674904
1772937106.6499987,266.5566018176805
1772937106.6500063,672.10148967573
1772937106.650014,-499.15567409900217
1772937106.6500216,-1618.601116373733
1772937106.6500294,-1101.287229559557
1772937106.650038,361.9561866980775
1772937106.6500459,732.1135354573161
1772937106.6500535,-536.5388796143169
1772937106.6500611,-1697.9913999061082
1772937106.6500688,-1121.7726304120397
1772937106.6500764,412.49913811931157
1772937106.6500843,761.5120098041424
1772937106.650092,-593.9948628279449
1772937106.6500995,-1780.1262361080194
1772937106.6501231,-1112.862217545471
1772937106.6501307,523.4569792978007
1772937106.6501384,857.1056452612977
1772937106.650146,-603.8703383671095
1772937106.6501536,-1830.2893355507397
1772937106.6501613,-1067.716671629058
1772937106.6501691,675.5743629859237
1772937106.6501768,969.9753343347741
1772937106.6501844,-642.8596082055681
1772937106.650192,-1935.840965392829
1772937106.6501997,-1058.322824517743
1772937106.6502073,828.9972362601858
1772937106.650215,1090.3661810535532
1772937106.6502225,-701.4523950447231
1772937106.6502304,-2073.7191133656333
1772937106.650238,-1053.2906544802415
1772937106.6502457,1000.5403195384415
1772937106.6502533,1181.410656781945
1772937106.6502607,-886.9088447233175
1772937106.6502683,-2374.120614979352
1772937106.6502762,-1106.4007215341544
1772937106.6502838,1288.6295617902963
1772937106.6502917,1473.644903421709
1772937106.6502993,-944.3104725935788
1772937106.6503067,-2666.9108713255064
1772937106.6503143,-1167.1425590688339
1772937106.650322,1653.8272828195963
1772937106.6503296,1864.5954127478544
1772937106.6503372,-1042.8570014177542
1772937106.6503448,-3170.7572062527015
1772937106.6503525,-1412.6335250967918
1772937106.65036,2075.8773933209345
1772937106.6503677,2495.455742307767
1772937106.6503754,-1052.7448852544899
1772937106.6503832,-3980.794268488157
1772937106.6503906,-2136.56505062123
1772937106.6503985,2482.7810543843357
1772937106.650406,4047.190789239202
1772937106.6504135,293.3235262603932
1772937106.6504216,-5070.295127588997
1772937106.650431,-8236.802801182674
1772937106.7507946,794.1853638038547
1772937106.7508316,1102.9459090104071
1772937106.7508447,353.42768952180865
1772937106.7508593,-468.7218652044074
1772937106.750873,-183.0302123124822
1772937106.7508857,912.1660674705157
1772937106.7509005,1325.110037493706
1772937106.7509131,392.92731371701296
1772937106.750927,-675.1152867991217
1772937106.7509406,-328.54685339598916
1772937106.7509544,1124.0975702063938
1772937106.7509675,1720.3341155606531
1772937106.750982,462.5808301614736
1772937106.7509904,-1086.7706061836361
1772937106.7509992,-674.445065484162
1772937106.7510078,1464.4469137159838
1772937106.7510164,2473.9366509401757
1772937106.7510247,533.7594964985747
1772937106.7510333,-2195.9342466363887
1772937106.7510417,-1699.0528863478687
1772937106.7510538,2522.06508810654
1772937106.7510667,5443.922985383432
1772937106.7510786,1343.1802183522923
1772937106.7510903,-9266.916355678171
1772937106.7511017,-18690.649339500764
1772937107.1322627,-19372.68952412097
1772937107.1322968,-9356.781956102139
1772937107.132324,1658.3552897143788
1772937107.132347,5293.946097119306
1772937107.13237,1639.9864379491983
1772937107.1323924,-2546.1248611000533
1772937107.1324153,-2257.144388456828
1772937107.1324384,923.3865330153874
1772937107.1324549,2334.481228481634
1772937107.1324632,549.6454886476891
1772937107.1324713,-1493.8242760564233
1772937107.13248,-1025.3580273820126
1772937107.1324878,966.5555718424714
1772937107.1324956,1567.9306686986374
1772937107.1325035,104.45790903061844
1772937107.1325247,-1171.1620180921975
1772937107.1325357,-457.51387759471686
1772937107.132547,1110.2298899202237
1772937107.1325576,1238.6805040445436
1772937107.132569,-206.0979611202773
1772937107.1325805,-1077.6373236180148
1772937107.132593,-95.63434832006855
1772937107.132606,1296.121584910647
1772937107.1326163,1024.5972241720815
1772937107.1326249,-568.4036284192046
1772937107.1326325,-1143.1888248783582
1772937107.1326404,253.52220524924527
1772937107.1326485,1668.2463189895052
1772937107.132656,939.91159694984
1772937107.132664,-1057.3158580046072
1772937107.132672,-1390.3508252754903
1772937107.1326797,741.5049643592712
1772937107.132688,2447.8724683618266
1772937107.132696,917.811589306371
1772937107.1327035,-2230.393855245147
1772937107.1327112,-2362.1804570659783
1772937107.1327193,1887.3854289808485
1772937107.1327267,5409.450032548682
1772937107.1327343,1615.9155821674153
1772937107.1327431,-9371.168572720424
1772937107.1327555,-19211.657931782775
1772937107.1327686,-19248.87308262968
1772937107.1327806,-9453.920768183505
1772937107.1327925,1578.510034967038
1772937107.1328003,5515.22576378618
1772937107.132808,2103.098671510336
1772937107.1328158,-2229.9719639028963
1772937107.1328237,-2313.5089914823893
1772937107.1328313,776.8637822648557
1772937107.1328397,2548.6190344674988
1772937107.1328473,1103.1993838419216
1772937107.1328552,-1136.834481792351
1772937107.1328633,-1201.0041973253562
1772937107.132871,652.7962809068584
1772937107.1328788,1771.7784739283388
1772937107.1328864,814.9745751642641
1772937107.1328945,-715.9966954487942
1772937107.132902,-762.8106644895654
1772937107.13291,572.936648139124
1772937107.1329176,1405.3989464578808
1772937107.1329255,701.9166641044288
1772937107.1329331,-459.1371483704256
1772937107.1329412,-497.9350457020106
1772937107.1329489,551.9516449051367
1772937107.1329565,1219.3163307923844
1772937107.1329644,638.7151225152138
1772937107.1329722,-351.50138777304846
1772937107.13298,-417.71688773027995
1772937107.1329875,490.7893283888426
1772937107.1329956,1144.8411497478687
1772937107.1330032,702.7036638024908
1772937107.133011,-216.0964282056765
1772937107.133019,-399.9462762680535
1772937107.1330268,368.02996738551707
1772937107.1330345,1073.2047232699565
1772937107.1330423,814.0041017668259
1772937107.1330502,-53.57533239203073
1772937107.133058,-405.53831943393374
1772937107.1330657,208.53869150148392
1772937107.133073,1006.2670507809214
1772937107.133081,965.6278626699375
1772937107.1330888,112.72449275397628
1772937107.1330965,-484.0243139017084
1772937107.133104,-16.690914730763048
1772937107.1331117,1021.8434725610771
1772937107.133119,1343.5230147017576
1772937107.1331272,414.64640759923304
1772937107.1331348,-738.4686999557856
1772937107.1331427,-563.520780812627
1772937107.1331503,1094.8842771412546
1772937107.133158,2384.1483617319873
1772937107.1331658,1255.640771392624
1772937107.1331737,-1826.0025460011718
1772937107.1331813,-3305.1298349207
1772937107.1331892,517.9561421766493
1772937107.1331973,9306.44282620002
1772937107.1332047,17593.044489667387
1772937107.2637324,786.6799987403913
1772937107.2637534,1162.8324205236077
1772937107.2637646,984.0709870073583
1772937107.263774,530.5195003833861
1772937107.2637827,449.26219328245963
1772937107.2637916,845.8897022065909
1772937107.2638,1155.2891408606763
1772937107.263808,947.6760733791408
1772937107.263816,523.5303770869085
1772937107.2638245,477.23359194236644
1772937107.2638323,864.2485054754101
1772937107.2638402,1138.6174562067151
1772937107.2638485,925.2771439224915
1772937107.2638564,533.3549157727749
1772937107.2638645,510.2808699076735
1772937107.2638721,885.571069065707
1772937107.26388,1154.1428401300877
1772937107.263888,981.3745581545413
1772937107.263896,617.7093498028325
1772937107.2639039,472.94179059447305
1772937107.2639117,512.0703827206457
1772937107.7327635,790.7627209185939
1772937107.7328022,295.7368434796425
1772937107.7328289,474.08409090917615
1772937107.7328558,1101.9907303771572
1772937107.7329135,1297.2114833472288
1772937107.73294,764.5864126600435
1772937107.732967,235.90318700688243
1772937107.7329938,458.60072830110926
1772937107.7330215,1139.5351206588698
1772937107.733049,1339.5484931343442
1772937107.7330751,783.1320954490524
1772937107.7330837,245.98107666864118
1772937107.7330918,467.06410070205385
1772937107.7330997,1112.9259723943226
1772937107.733108,1258.4945438315244
1772937107.733116,707.4214299327016
1772937107.733124,275.66107045454476
1772937107.733133,622.7193006314342
1772937107.733141,1288.298354095128
1772937107.7331488,1325.6615879350113
1772937107.7331567,657.0420832482465
1772937107.7331648,216.9962650185749
1772937107.7331724,642.1369734379463
1772937107.73318,1348.6101055601994
1772937107.733188,1334.2044438612247
1772937107.7331955,604.5807737562452
1772937107.7332036,194.95417175741983
1772937107.7332113,713.7853612897696
1772937107.733219,1454.260139279123
1772937107.7332268,1368.0623420393492
1772937107.7332346,562.7140406543235
1772937107.7332425,186.56974715520843
1772937107.73325,809.5372858288878
1772937107.733258,1575.540273323781
1772937107.733266,1378.4437122011902
1772937107.7332735,449.97484020408893
1772937107.7332816,89.09066277195208
1772937107.7332892,841.1553489754609
1772937107.733297,1678.8057382021398
1772937107.7333045,1407.8498769948776
1772937107.7333124,376.9896032489564
1772937107.7333205,46.63918569755705
1772937107.733328,937.7618245801734
1772937107.733336,1835.3135892696134
1772937107.733344,1453.2778980044113
1772937107.7333517,284.55169283851615
1772937107.733359,-21.64507356474144
1772937107.7333672,1014.2314658083785
1772937107.7333748,1942.094301234304
1772937107.7333827,1379.8339917060487
1772937107.7333906,39.51868609241606
1772937107.7333984,-161.96837920682904
1772937107.733406,1181.1587868411136
1772937107.733414,2242.346955540161
1772937107.7334216,1446.6199955891427
1772937107.7334292,-196.6865433039295
1772937107.7334373,-332.13918133031905
1772937107.7334487,1409.5209922866566
1772937107.733461,2653.114143710173
1772937107.7334733,1476.215631298837
1772937107.733486,-680.457589027939
1772937107.7335029,-696.0761119492802
1772937107.7335136,1824.4730662240572
1772937107.7335258,3508.28435725427
1772937107.7335377,1586.2981318235518
1772937107.7335494,-1811.88815276723
1772937107.7335634,-1718.9355330423791
1772937107.7335763,2948.756086617964
1772937107.7335885,6527.611808126487
1772937107.7335968,2312.1524552336646
1772937107.7336047,-9081.653835769468
1772937107.7336123,-18825.881147273714
1772937107.73362,-18415.326125843156
1772937107.733628,-8420.112927288777
1772937107.733636,2314.1664104812594
1772937107.7336438,5898.333907274986
1772937107.7336514,2618.125745032193
1772937107.7336593,-1228.6136294294965
1772937107.733667,-1133.8467079262277
1772937107.7336752,1540.5743487813368
1772937107.733683,2839.8016474176584
1772937107.7336905,1534.7782863503471
1772937107.7336988,-94.36790697962121
1772937107.7337065,97.74341157663288
1772937107.733714,1458.107008482009
1772937107.733722,1966.434167053626
1772937107.73373,1132.1404122941342
1772937107.7337377,342.726651291496
1772937107.7337456,669.0540551895288
1772937107.7337532,1478.6912384146374
1772937107.7337613,1585.4993764639898
1772937107.7337692,970.728071845304
1772937107.7337773,622.282535855575
1772937107.7337852,989.121716951577
1772937107.733793,1420.7985716771125
1772937107.733801,1266.3606420340886
1772937107.7338085,840.0642745852952
1772937107.7338164,841.779508740004
1772937107.733824,1240.6603693964
1772937107.733832,1367.619548424101
1772937107.73384,1015.8178503597443
1772937107.7338476,784.4005919087499
1772937107.7338552,1108.5194262155223
1772937107.7338629,1508.7308720261785
1772937107.7338705,1303.859700624757
1772937107.733878,738.1818637520482
1772937107.7338858,709.7976256167888
1772937107.7338934,1376.684506996521
1772937107.7339013,1772.2841057940375
1772937107.733909,1201.5141876198775
1772937107.7339165,422.11064528558336
1772937107.7339246,671.4968464625869
1772937107.7339365,1752.4882104474284
1772937107.733947,2082.6202379574215
1772937107.7339582,968.2608313580339
1772937107.733969,-111.03083388253663
1772937107.7339804,579.0508984047186
1772937107.7339926,2329.08185931844
1772937107.7340047,2598.770754927989
1772937107.734018,639.7147004459348
1772937107.7838347,-922.2239211243841
1772937107.7838607,540.518095597649
1772937107.783871,3475.8850083996103
1772937107.7838812,3496.759662614489
1772937107.7838907,-422.0859415238495
1772937107.7839007,-3181.850201431853
1772937107.7839096,473.2106485072807
1772937107.7839181,7516.362333119018
1772937107.7839303,7301.913110436321
1772937107.783944,-6838.050812758381
1772937107.783955,-27596.703740916997
1772937107.9575632,-18923.402618761444
1772937107.9576,-9522.952119639307
1772937107.957627,1665.5512415420685
1772937107.957644,6161.827845436467
1772937107.9576535,2978.2880728068567
1772937107.9576623,-1749.0773017156191
1772937107.9576707,-2305.6472909248873
1772937107.9576795,847.149134080913
1772937107.9576893,3078.2402862486083
1772937107.9576976,1843.7192743635912
1772937107.9577172,-674.9637467526994
1772937107.9577253,-1056.6944036306625
1772937107.9577336,901.236900567143
1772937107.9577415,2377.4411863122778
1772937107.9577494,1516.981475694186
1772937107.9577572,-293.64073871934
1772937107.9577649,-579.2342672821184
1772937107.9577727,885.7724431350638
1772937107.9577806,2000.985633437125
1772937107.9577887,1319.377265729821
1772937107.9577963,-95.71051365148128
1772937107.9578042,-288.27301986675945
1772937107.957812,914.8864909707917
1772937107.95782,1803.7109084157898
1772937107.9578276,1208.0466172022088
1772937107.9578352,33.71207472529943
1772937107.9578428,-88.06050902308776
1772937107.9578507,956.4037346591805
1772937107.9578583,1698.690845566404
1772937107.9578662,1162.4364091867233
1772937107.957874,156.5908860268121
1772937107.957882,82.45974390525487
1772937107.95789,1000.6709568628974
1772937107.9578977,1615.4495147800178
1772937107.9579053,1101.3100169914087
1772937107.957913,202.53117674182252
1772937107.9579203,149.14752381656305
1772937107.9579284,969.0230131589686
1772937107.957936,1515.824131835362
1772937107.9579437,1079.792361536939
1772937107.9579515,299.3447646693932
1772937107.9579592,170.75652441546856
1772937108.070026,955.1975181587803
1772937108.0700743,1394.6298993218577
1772937108.070094,860.0139069393242
1772937108.0701077,109.90896003953377
1772937108.0701172,182.9099463055576
1772937108.070128,959.0409390314734
1772937108.0701404,1356.9637423720917
1772937108.0701504,851.8201883166445
1772937108.0701592,183.71863227017363
1772937108.0701687,297.9347839376299
1772937108.0701776,1026.3553145200785
1772937108.070187,1344.147691914763
1772937108.0701969,813.6964153639602
1772937108.0702057,187.6036491998006
1772937108.070214,345.35529536136545
1772937108.0702226,1066.2387146662384
1772937108.0702317,1347.2903846133238
1772937108.07024,806.1022423075817
1772937108.0702493,207.12349182454915
1772937108.0702581,389.7973750515483
1772937108.0702667,1102.8946364594765
1772937108.0702755,1363.4653798745437
1772937108.0702844,827.9828998534529
1772937108.0702932,264.8527187192336
1772937108.070302,478.6225256397198
1772937108.0703104,1182.658994250828
1772937108.0703187,1374.7920856199135
1772937108.0703273,688.4437833365791
1772937108.0703359,-132.8043295787705
1772937108.1402507,455.4276490718477
1772937108.1402736,1123.2499640204571
1772937108.1402853,1284.6318965626563
1772937108.1402946,715.2592022363098
1772937108.140304,218.22868492602151
1772937108.140313,513.5774927009076
1772937108.1403215,1226.6483498680232
1772937108.1403298,1370.7324594530733
1772937108.1403384,662.4830525491799
1772937108.140347,-120.87214704544557
1772937108.6172037,-19307.053405693427
1772937108.617257,-9264.094060255049
1772937108.617303,1765.4089008757887
1772937108.6173325,5573.055778228983
1772937108.6173651,2182.395047327875
1772937108.6174033,-1953.4776801485664
1772937108.6174374,-1929.582143732283
1772937108.617466,1001.9993749269546
1772937108.6174784,2536.7931412495263
1772937108.61749,1100.7678826026433
1772937108.6175036,-867.8280999151598
1772937108.617518,-742.2493803537699
1772937108.617532,962.9912530744593
1772937108.6175408,1783.6278071191978
1772937108.617554,778.6037160998617
1772937108.6175709,-478.0657197117872
1772937108.6175854,-298.1443723898217
1772937108.6175995,896.920673582169
1772937108.6176124,1400.1907389944872
1772937108.6176276,632.2138416085686
1772937108.617642,-223.19477471031993
1772937108.6176548,1.878956628348562
1772937108.617667,895.0201652617734
1772937108.6176784,1179.7323340737287
1772937108.61769,522.9818980070356
1772937108.6177013,-101.91425638968903
1772937108.6177125,148.1125310461798
1772937108.617724,854.5503479700985
1772937108.6177356,1018.449538464338
1772937108.6177492,474.03517840055383
1772937108.617762,46.08767447384499
1772937108.617774,334.02127106425235
1772937108.6177857,895.7480520719482
1772937108.6177971,928.9169358797013
1772937108.6178088,410.1912905272187
1772937108.617821,86.67526724241401
1772937108.6178331,397.51572235582165
1772937108.6178465,880.4787476303161
1772937108.617859,860.9764100546146
1772937108.6178722,400.38887123960353
1772937108.617885,172.90966689776258
1772937108.6178975,494.20154947912346
1772937108.617909,894.1082458689749
1772937108.6179202,805.5127191047209
1772937108.6179328,362.3300997995433
1772937108.6179454,189.43407545451845
1772937108.617958,516.1389115976189
1772937108.617972,873.1018176455731
1772937108.6179848,771.0287788600167
1772937108.6180053,378.9661960956231
1772937108.6180189,260.7074588418305
1772937108.6180325,575.5665174444094
1772937108.618045,876.7870204548688
1772937108.6180587,760.7927265452329
1772937108.6180685,424.74648218017796
1772937108.6180773,358.816330747166
1772937108.6180868,642.6879231291653
1772937108.6180968,851.7813570210823
1772937108.6181056,682.1459784914767
1772937108.6181145,384.5410659704274
1772937108.6181233,396.0385871639423
1772937108.618132,711.5216652441052
1772937108.6181407,893.7119756294205
1772937108.61815,695.808898482149
1772937108.6181593,403.962766071614
1772937108.6181684,422.3547463789374
1772937108.6181772,704.8773389449102
1772937108.6181862,839.5993374668432
1772937108.6181948,648.0997346062157
1772937108.6182039,433.8505453342889
1772937108.6182127,531.7774773092428
1772937108.618222,816.494637668743
1772937108.6182313,879.1286277177967
1772937108.6182399,618.1143580030456
1772937108.6182487,394.7225962466295
1772937108.6182573,526.8254641304019
1772937108.6182663,839.8045392466662
1772937108.618275,912.1026981774318
1772937108.618284,665.1670232784608
1772937108.6182933,462.86317906522424
1772937108.618302,588.6211246170413
1772937108.6183107,850.641163524726
1772937108.6183193,871.3883217616108
1772937108.618328,634.7207470331805
1772937108.6183364,501.9297078377899
1772937108.6183453,679.5724387251605
1772937108.618382,913.9076843769641
1772937108.6183903,858.9284097367135
1772937108.618399,587.8805134064551
1772937108.6184077,501.0113205231986
1772937108.618416,748.4159510634677
1772937108.618425,997.0319703976098
1772937108.6184337,892.8142755978189
1772937108.6184423,570.5617552532137
1772937108.6184509,477.0587200603791
1772937108.6184597,743.6101385929305
1772937108.618468,996.7957726924578
1772937108.6184769,885.80353043288
1772937108.6184852,582.7287626759754
1772937108.6184938,538.367611725362
1772937108.6185026,832.9097363804769
1772937108.6185112,1050.211479928744
1772937108.61852,869.1415255563288
1772937108.6185284,534.8137332077022
1772937108.6185372,523.5294634757867
1772937108.618546,860.3298141346809
1772937108.6185548,1064.4246156490199
1772937108.6185632,823.8653068147588
1772937108.6185715,453.32582920674423
1772937108.61858,468.7527921693275
1772937108.6185887,858.6227421881722
1772937108.6185975,1085.6457341258717
1772937108.6186068,839.7995690759326
1772937108.6186168,488.56071933221324
1772937108.6186254,568.1135058727832
1772937108.6186335,1006.6215026839287
1772937108.618642,1176.0608201459831
1772937108.618651,730.9783598339556
1772937108.7979777,20578.7820367071
1772937108.798014,9753.593717716127
1772937108.798046,-1710.2108061259535
1772937108.798064,-4958.07073186993
1772937108.798077,-737.0050331639536
1772937108.7980907,3293.271557019051
1772937108.7981145,2252.3865955683805
1772937108.7981234,-1199.9254855073068
1772937108.7981324,-1846.3307843528823
1772937108.7981408,831.5246410987021
1772937108.798149,2561.8184057269104
1772937108.7981572,719.7074826957659
1772937108.7981656,-1890.0650722157477
1772937108.798174,-1107.0986549820625
1772937108.798182,2332.1108905940923
1772937108.7981896,3252.0418536312573
1772937108.7981975,-762.1020167833367
1772937108.7982056,-4797.800436488017
1772937108.7982132,-1476.3961312521926
1772937108.7982216,9786.776236640531
1772937108.7982297,20403.90037633975
1772937108.798237,20835.366995789253
1772937108.7982452,10580.799596542975
1772937108.7982528,-1281.0663693626136
1772937108.7982607,-5527.8778122084495
1772937108.7982683,-1617.8580440532905
1772937108.798276,3384.1480689839077
1772937108.7982836,3486.8735814863526
1772937108.7982914,-256.8287117131795
1772937108.7982993,-2524.2304482755762
1772937108.798307,-745.3777031740229
1772937108.7983148,2276.899014979193
1772937108.7983227,2544.7592591650077
1772937108.7983303,-31.376571145949885
1772937108.7983384,-1891.269405700921
1772937108.7983463,-617.2491101671038
1772937108.798354,2033.6135737880431
1772937108.7983615,2541.3618834307363
1772937108.7983694,202.6738514040017
1772937108.7983773,-1984.1320642144956
1772937108.798385,-1219.792711326621
1772937109.2687068,715.1076378825704
1772937109.2687545,120.4036805788162
1772937109.268786,-1112.8856978071976
1772937109.2688184,-1260.3503947894396
1772937109.268846,-193.09201306123416
1772937109.268871,560.9972119273725
1772937109.2688909,8.523952263851534
1772937109.2689059,-996.7766302049985
1772937109.2689164,-1042.758186926118
1772937109.2689257,-122.64377048379183
1772937109.2689345,445.22000025346165
1772937109.2689435,-95.94668806473611
1772937109.2689524,-936.5160873086627
1772937109.2689614,-901.5051895334857
1772937109.2689703,-86.00785841537413
1772937109.268979,344.76463926796237
1772937109.269019,-180.1291131197727
1772937109.2690275,-875.3282105851816
1772937109.269036,-749.1742048345105
1772937109.2690444,8.416387462321785
1772937109.2690527,330.4985802397878
1772937109.269061,-217.37870768382402
1772937109.2690697,-856.1080463760078
1772937109.269078,-709.5290798463463
1772937109.2690864,-14.041245639218483
1772937109.2690947,251.8449824834628
1772937109.269103,-252.80375428669575
1772937109.2691112,-786.1097690093688
1772937109.2691195,-593.6441038788436
1772937109.269128,42.10949615504779
1772937109.2691364,227.26106531695277
1772937109.269145,-281.7209758235235
1772937109.2691536,-757.8149195057003
1772937109.269162,-540.5804728465583
1772937109.2691708,50.212489364125766
1772937109.269179,189.45381017932647
1772937109.2691877,-290.9739579628565
1772937109.269196,-689.0149869204106
1772937109.2692044,-438.86741783387356
1772937109.2692127,98.68873078222818
1772937109.2692213,160.8773858965024
1772937109.2692297,-339.3196268144847
1772937109.269238,-700.2546541935354
1772937109.2692463,-423.84651316346566
1772937109.2692547,92.61808768925277
1772937109.269263,125.84793638406514
1772937109.2692714,-358.8433370760646
1772937109.26928,-670.2244681841656
1772937109.2692883,-366.47320427797325
1772937109.269297,133.14598690291945
1772937109.2693052,145.63000340543908
1772937109.2693136,-322.72532079651313
1772937109.269322,-600.4504158147618
1772937109.2693307,-299.7782699202734
1772937109.269339,148.86674588070298
1772937109.2693477,113.53051210857468
1772937109.2693563,-352.65792216348837
1772937109.2693648,-596.427546333658
1772937109.2693732,-284.9927601138027
1772937109.2693815,137.0352499161102
1772937109.26939,83.69574821069267
1772937109.2693985,-351.35909562579064
1772937109.2694068,-539.8491054242479
1772937109.2694151,-210.42400514706307
1772937109.2694235,174.4696567681032
1772937109.2694323,77.78301703862712
1772937109.269441,-355.9572224986457
1772937109.2694492,-510.9965499599485
1772937109.2694576,-170.7693635973416
1772937109.269466,182.8128435789079
1772937109.2694745,57.40288570113003
1772937109.269483,-351.9904920624418
1772937109.2694917,-440.90331464521927
1772937109.2695,-54.040844887891716
1772937109.2695086,288.9899024901935
1772937109.2695172,120.97461146398413
1772937109.269526,-315.67417558430685
1772937109.269534,-406.92377777992704
1772937109.2695425,-26.555347971673008
1772937109.269555,288.91022901181947
1772937109.2695687,93.9617633682345
1772937109.269582,-341.85594777767443
1772937109.269596,-413.32703871072994
1772937109.2696073,-27.14058708049392
1772937109.269616,271.7853177980858
1772937109.2696245,69.12392316254194
1772937109.269633,-337.2460635296572
1772937109.2696412,-359.4574483567256
1772937109.2696495,49.04292598758859
1772937109.269658,322.49415315932646
1772937109.2696662,74.26916300924042
1772937109.2696743,-357.71197091613044
1772937109.269683,-376.83470648923696
1772937109.2697096,44.5227919687712
1772937109.269718,329.47863074389005
1772937109.2697265,99.00761894619954
1772937109.2697346,-308.72199798874186
1772937109.269743,-319.3910797241833
1772937109.2697513,77.87616677781789
1772937109.2697594,328.37110697095954
1772937109.2697675,96.11569270242285
1772937109.269778,-273.30134034644
1772937109.2697914,-252.64412838307373
1772937109.269806,121.65027313434449
1772937109.2698157,310.7955238019383
1772937109.2698283,44.70648574973876
1772937109.2698417,-295.05583943559253
1772937109.2698543,-220.25590473700595
1772937109.2698624,169.59475552922302
1772937109.2698712,330.3820426155124
1772937109.2698796,47.874346359980294
1772937109.269888,-260.5017638252294
1772937109.2698965,-145.64512722986052
1772937109.2699044,230.66102957011304
1772937109.269915,332.63942818464267
1772937109.2699287,27.40636072547955
1772937109.2699423,-224.33804951589357
1772937109.2699573,-58.67213814385096
1772937109.2699661,209.1515152742216
1772937109.2699747,-12.5875560905803
1772937109.3983405,-57.57454486068583
1772937109.3983753,-402.84770029734517
1772937109.3984003,-234.75862029893068
1772937109.3984096,217.03014366095397
1772937109.3984184,328.463722298163
1772937109.3984268,-43.65791042563738
1772937109.3984354,-363.1627189085428
1772937109.3984437,-173.3555719788617
1772937109.3984523,256.71572584419977
1772937109.3984604,313.36263055840135
1772937109.3984685,-89.31358256358281
1772937109.3984766,-382.19476199244707
1772937109.3984845,-146.37016253953777
1772937109.3984923,287.1595993806683
1772937109.3985004,301.45945603514986
1772937109.3985083,-126.36255035907752
1772937109.3985167,-380.40112708965563
1772937109.3985243,-75.41543322208688
1772937109.3985324,385.03659738101976
1772937109.39854,365.16758851402733
1772937109.3985484,-105.37265721940226
1772937109.3985567,-367.36991455215593
1772937109.3985648,-64.32194003577357
1772937109.3985732,350.21532364655286
1772937109.398581,266.46767711675074
1772937109.3985891,-189.99655742956105
1772937109.3985972,-326.0989178405485
1772937109.3986049,89.44964890472114
1772937109.3986127,406.6001772436907
1772937109.3986208,-45.95741636453316
1772937109.7186787,101.92761188744063
1772937109.718753,665.1017933053581
1772937109.718825,511.978709226221
1772937109.7188537,-139.19711958139763
1772937109.7188652,-356.42534372035834
1772937109.7188756,188.8835296704275
1772937109.7188857,741.831832334822
1772937109.7188957,518.6174669056483
1772937109.7189052,-174.59496580825208
1772937109.7189145,-350.26497392321994
1772937109.718924,269.6648249456941
1772937109.7189329,835.0833187476513
1772937109.7189417,541.9397098287524
1772937109.7189505,-225.6738750237984
1772937109.718959,-405.0748473384253
1772937109.7189684,264.56534544661275
1772937109.7189767,860.710260613116
1772937109.7189853,556.0383781124409
1772937109.718994,-216.46103989312107
1772937109.7190025,-360.0049879073733
1772937109.7190113,340.4887111744431
1772937109.7190197,897.7330428475226
1772937109.7190285,507.76154311908124
1772937109.7190373,-291.6170519020523
1772937109.7190619,-348.91382070581585
1772937109.7190704,469.9321526730956
1772937109.7190785,1047.9787705816477
1772937109.7190871,561.6152800880378
1772937109.7190957,-337.69388232280875
1772937109.719104,-398.1337095256769
1772937109.7191124,478.12732742729037
1772937109.719121,1066.0752268267258
1772937109.7191293,523.2271673085195
1772937109.719138,-398.6897244373454
1772937109.7191465,-377.26726287358673
1772937109.719155,607.0235424518884
1772937109.7191637,1192.3980088038666
1772937109.7191718,530.8608837989294
1772937109.71918,-476.34416431868624
1772937109.7191885,-395.8554819750618
1772937109.7191973,708.5753984616648
1772937109.7192056,1303.715973980631
1772937109.719214,519.9588599451981
1772937109.7192223,-571.8390243837603
1772937109.719231,-408.1095344861328
1772937109.7192397,843.3796167796576
1772937109.7192483,1437.0773035086197
1772937109.7192566,480.13335483882827
1772937109.719265,-733.9644181574749
1772937109.719273,-465.87089028623876
1772937109.719282,986.9134777419038
1772937109.7192905,1597.0269299351814
1772937109.7192988,430.0937753308433
1772937109.7193072,-929.9253143141875
1772937109.7193155,-502.01559940252434
1772937109.719324,1246.1553486243681
1772937109.7193327,1890.0803524662624
1772937109.719341,413.3071913850296
1772937109.7193491,-1203.0584667001124
1772937109.7193577,-609.0200088211161
1772937109.7193663,1526.7363525656024
1772937109.7193744,2217.466766220494
1772937109.7193828,299.3692003665608
1772937109.719391,-1679.354668066892
1772937109.7193992,-795.153833161353
1772937109.7194078,1998.4800070815836
1772937109.7194161,2802.7300476167434
1772937109.7194247,142.42226812571977
1772937109.7194333,-2515.6065537346135
1772937109.7194417,-1160.7406173235802
1772937109.71945,2888.784845260225
1772937109.7194583,4004.8632380642775
1772937109.719467,-185.27827186092057
1772937109.7194753,-4551.062261253472
1772937109.7194836,-2336.0874830198186
1772937109.7194917,5203.208984353638
1772937109.7195,8225.17279689666
1772937109.7195084,-475.36407869026976
1772937109.719522,-15087.338644590312
1772937109.719535,-20835.65326066632
1772937109.7346766,-9651.654287315849
1772937109.750812,9989.51220716292
1772937109.8602154,1389.091950711377
1772937109.8602493,5106.343493175491
1772937109.8602617,2219.8583668225706
1772937109.8602817,-1429.306873773792
1772937109.8602905,-1666.6372700107509
1772937109.8602989,516.9175138461927
1772937109.8603072,1839.7022311577507
1772937109.8603156,1113.8625875423547
1772937109.8603237,-130.34048475263143
1772937109.8603315,-324.3044862270188
1772937109.8603396,326.2786888521444
1772937109.8603475,772.9949304745409
1772937109.8603556,703.2647492724394
1772937109.8603635,519.4697036163473
1772937109.8603716,382.88321666179456
1772937109.8603797,145.5464164517222
1772937109.8603876,35.862994935585306
1772937109.860396,507.33915540885556
1772937109.8604035,1220.4280465607928
1772937109.8604116,1057.804199123491
1772937109.8604195,-209.81948190523158
1772937109.8604276,-965.4377386715267
1772937109.8604355,373.91141805710214
1772937109.8604436,2604.1505647328486
1772937109.8604517,2378.574776768865
1772937109.8604593,-1315.6964534855113
1772937109.8604672,-4241.020961356212
1772937109.8604748,-485.0991500577153
1772937109.860483,10270.676716788032
1772937109.8604908,20381.544730393776
1772937109.8762665,20899.03664502843
1772937109.9796495,11231.256015551495
1772937109.9796922,-647.7776306023675
1772937109.9797065,-5499.979038307487
1772937109.9797237,-2023.922945476613
1772937109.9797404,3157.0197711271067
1772937109.9797504,3714.44621487768
1772937109.9797592,156.90590309007
1772937109.9797676,-2303.3848126660196
1772937109.9797764,-816.6337198249144
1772937109.9797845,2084.807531140556
1772937109.9797933,2486.5721397990237
1772937109.979802,212.36046976087465
1772937109.9798095,-1449.541829646973
1772937109.9798176,-395.92605174688777
1772937109.9798255,1700.4828916894096
1772937109.9798336,1970.9675769523878
1772937109.9798417,235.36310830383516
1772937109.9798496,-1002.0782952954085
1772937109.9798577,-99.76436293581524
1772937109.9798653,1593.0130904821517
1772937109.9798732,1723.5557749659436
1772937109.9798813,102.51607351632212
1772937109.9798892,-1216.7553384555442
1772937110.061996,71.21247930764777
1772937110.062028,1472.6040612306858
1772937110.0620437,1627.094347977521
1772937110.062062,409.7619116819862
1772937110.062072,-568.2230014286628
1772937110.0620823,-273.2951936578355
1772937110.2327223,1666.5041070763316
1772937110.2327635,-308.2029980730271
1772937110.2327766,-2071.48244992089
1772937110.232788,-720.0652753998929
1772937110.2327986,2362.0383939048847
1772937110.2328408,2612.2711862250026
1772937110.2328503,-1502.3163429467506
1772937110.2328591,-5027.898683733243
1772937110.2328677,-1254.9466174876286
1772937110.232876,9990.263196515558
1772937110.2328846,20414.481715197257
1772937110.2328937,20917.621264425026
1772937110.2329013,10897.01920517774
1772937110.23291,-1056.840274664251
1772937110.2329185,-5830.114918933159
1772937110.2329268,-2330.1727055780552
1772937110.2329352,2910.4623925883934
1772937110.2329433,3633.160518534165
1772937110.2329512,58.5762870753149
1772937110.2329597,-2797.7947917004203
1772937110.232968,-1618.1804063282643
1772937110.2329764,1695.0761892641017
1772937110.2329848,2888.3362755471794
1772937110.2329931,583.8787582838817
1772937110.233001,-2264.9477904373502
1772937110.2330089,-2029.813017844388
1772937110.2330172,1222.9159461010777
1772937110.2330256,3604.227826782619
1772937110.2330723,1751.1069291644203
1772937110.23308,-2944.735450983135
1772937110.233088,-4910.427691555457
1772937110.233096,275.0671008877741
1772937110.2331038,10826.186311607933
1772937110.2331119,19293.472431817645
1772937110.3502345,19770.884098952683
1772937110.3502588,11608.629728916934
1772937110.350269,380.30041245801726
1772937110.3502781,-5715.111505873064
1772937110.350287,-3609.7039058127834
1772937110.3502953,2076.0690940682125
1772937110.3503041,4291.5618245206415
1772937110.3503125,1098.250156985673
1772937110.3503203,-2879.0379737250396
1772937110.3503284,-2574.8484134233745
1772937110.3503363,1299.0005431964003
1772937110.3503444,3488.4987623061306
1772937110.3503523,1141.840564116954
1772937110.3503604,-2496.818317767477
1772937110.350368,-2444.821766311493
1772937110.350376,1291.4262744831071
1772937110.3503842,3583.0576502485737
1772937110.350392,1073.5884879446608
1772937110.3504,-2973.221874890475
1772937110.350408,-2732.0250152861217
1772937110.350416,2064.255865166132
1772937110.350424,4882.100039716378
1772937110.350432,750.7405225933669
1772937110.35044,-5860.161624516472
1772937110.350448,-4566.171964776315
1772937110.3504596,8540.448891757498
1772937110.4014416,23939.593561321675
1772937110.401471,26554.04184263629
1772937110.4014845,11051.379749706646
1772937110.401497,-11903.826808252767
1772937110.4015083,-25432.81520262436
1772937110.546966,178.9051170134529
1772937110.5469909,1671.9308009606934
1772937110.5470016,-409.7143516379008
1772937110.547011,-1425.4861337238794
1772937110.54702,824.9885815786115
1772937110.5470283,2374.432702994397
1772937110.547037,-613.5738446671222
1772937110.5470455,-4666.200276548642
1772937110.5470536,-1955.5425603134488
1772937110.5470617,9263.71543627876
1772937110.5470695,20299.549171857212
1772937110.7156727,-4487.00086242491
1772937110.715706,-992.110088850693
1772937110.7157168,9507.101203998964
1772937110.7157264,19944.47894942399
1772937110.715737,21087.93385795695
1772937110.7157476,11263.704382185359
1772937110.715756,-1195.4251904509601
1772937110.715764,-6324.67945102936
1772937110.7157724,-2533.5214618282134
1772937110.7157905,3011.373142455048
1772937110.7157989,3420.7499817250127
1772937110.7158065,-564.3365749771707
1772937110.7158148,-3073.0802136739476
1772937110.7158227,-1157.9121306906854
1772937110.7158308,2031.1801404180019
1772937110.7158387,2150.444478387187
1772937110.7158484,-576.3226849804172
1772937110.7158597,-2197.02821191366
1772937110.7158704,-647.170078848391
1772937110.715881,1693.2138575719766
1772937110.7158926,1586.0202142076114
1772937110.7159035,-634.2706794943797
1772937110.715916,-1773.4097602991508
1772937110.7159283,-298.70771262460994
1772937110.7159376,1669.4705779864603
1772937110.7159455,1402.9383648819507
1772937110.715953,-775.6010932067398
1772937110.7159612,-2161.9123243411022
1772937110.9717295,-20033.869595389493
1772937110.9717736,-8508.177502538081
1772937110.9717844,2078.2317501378034
1772937110.9717944,4636.4216255718375
1772937110.9718027,1303.2678332626144
1772937110.9718115,-1491.7210813623062
1772937110.97182,-854.5400875859275
1772937110.971828,1024.752227744414
1772937110.9718363,1397.2303895673558
1772937110.9718451,448.8086674736384
1772937110.9718542,-43.296066015188586
1772937110.9718623,380.7237341049628
1772937110.9718707,707.0185614723367
1772937110.9718788,443.790060007671
1772937110.9718866,271.4805321296612
1772937110.9718945,621.7717982901465
1772937110.9719028,843.0604982624017
1772937110.9719107,377.8858496995289
1772937110.9719188,-103.86691506549228
1772937110.971927,322.9494705831581
1772937110.9719348,1195.964819945453
1772937110.971943,1138.2367867486598
1772937110.9719505,22.80134335588524
1772937110.9719584,-527.2188186206815
1772937110.971966,542.012448688935
1772937110.971974,1858.7746619736968
1772937110.9719815,1345.18364354291
1772937110.9719892,-571.9816416106294
1772937110.9719973,-1106.1777666713024
1772937110.9720051,947.1866037754335
1772937110.9720128,2916.745192115249
1772937110.9720204,1567.9988071640155
1772937110.9720283,-1881.4208088456166
1772937110.972036,-2406.791273356624
1772937110.9720435,2063.371840118622
1772937110.9720511,6268.804848492004
1772937110.9720588,2544.002104825032
1772937110.9720664,-9603.989486149703
1772937110.9720745,-20998.06032728553
1772937111.0309064,-10154.993005773153
1772937111.0309258,-20067.24772480052
1772937111.113274,1575.2240712899843
1772937111.1132972,1699.0973736486426
1772937111.113309,211.44194447989716
1772937111.1133182,-857.0417919214366
1772937111.1133268,53.20959813244076
1772937111.1133351,1791.4685208293665
1772937111.1133435,1931.8268499738301
1772937111.113352,105.81584768409095
1772937111.1133614,-1283.2610831307916
1772937111.1133692,-162.74800592592172
1772937111.1133773,2246.808806434416
1772937111.1133852,2698.0254300298607
1772937111.1133933,152.27719432536466
1772937111.1134017,-2370.6935131247797
1772937111.1134095,-1129.60871047671
1772937111.1134176,3366.4881667184513
1772937111.1134417,5760.8358359499225
1772937111.1453738,1020.4969909848702
1772937111.1674333,-9789.067078838514
1772937111.1674578,-19394.317935386614
1772937111.2969725,-19944.18626479756
1772937111.297007,-9888.944971007242
1772937111.297021,652.5260026801884
1772937111.2970307,4639.563590916259
1772937111.2970395,2237.22822707641
1772937111.2970493,-1351.06187843316
1772937111.2970593,-2072.829281787981
1772937111.2970679,-253.01296452209655
1772937111.2970757,1368.7865900711447
1772937111.297084,1212.758367051176
1772937111.297093,1.6368038918715901
1772937111.2971013,-754.4850432813992
1772937111.29711,-447.4419263206156
1772937111.297118,401.2048216019238
1772937111.2971263,920.0717180526841
1772937111.2971344,631.0110916629001
1772937111.2971425,-218.79566307798052
1772937111.29715,-783.5739687458705
1772937111.297158,-333.9291939545423
1772937111.297166,827.3740011484288
1772937111.2971735,1376.8576647904501
1772937111.2971816,405.19553974098386
1772937111.29719,-1159.8000564491106
1772937111.297198,-1236.0354630761933
1772937111.2972057,814.497225110263
1772937111.2972133,2739.6476466404515
1772937111.2972212,1578.9630775775202
1772937111.2972293,-2328.970902226056
1772937111.2972367,-4349.328905095535
1772937111.2972448,205.07642490012165
1772937111.297253,10434.77358107685
1772937111.2972608,19194.515149557807
1772937111.5671484,-20430.02758653015
1772937111.5671928,-20142.185975857043
1772937111.5672262,-9993.479853246416
1772937111.5672543,1426.0955792209975
1772937111.5672832,5851.089735504171
1772937111.56731,2779.6310347138046
1772937111.5673196,-1668.574934111554
1772937111.5673287,-2186.6085594564847
1772937111.5673385,667.877244346227
1772937111.5673468,2677.313833946966
1772937111.5673556,1627.23415635699
1772937111.567364,-553.6065743317097
1772937111.5673728,-936.7662684894369
1772937111.5673811,655.2396570035603
1772937111.56739,1902.7421846611048
1772937111.5673988,1286.8583130669474
1772937111.5674076,-115.56327388854884
1772937111.567416,-370.641523018796
1772937111.5674243,717.5204659134764
1772937111.5674326,1571.4268703106213
1772937111.5674407,1097.659192453714
1772937111.5674496,59.242154753639944
1772937111.5674584,-117.7803172185251
1772937111.5674665,721.2662923231412
1772937111.5674753,1383.9037964876002
1772937111.5674837,1027.1101119328396
1772937111.567492,230.50701340281358
1772937111.5675004,97.07676829615585
1772937111.5675087,749.6799068805811
1772937111.5675173,1259.382929305889
1772937111.5675256,968.5652787281646
1772937111.5675337,335.5210037887357
1772937111.567542,228.73750524366088
1772937111.5675507,744.4624785313028
1772937111.5675588,1153.832603663127
1772937111.567567,944.3325488612754
1772937111.5675755,474.4686605307795
1772937111.567584,410.90677123094025
1772937111.5675924,811.0440947891931
1772937111.567601,1104.5828439020795
1772937111.5676093,913.9562228388286
1772937111.5676177,541.4372947831662
1772937111.567626,504.39100045013254
1772937111.5676343,826.8914418199197
1772937111.5676427,1053.899143579276
1772937111.5676513,900.3192620927508
1772937111.5676591,611.7869242122372
1772937111.5676675,587.674444583124
1772937111.5676758,839.031493404528
1772937111.567684,1013.0283892332069
1772937111.5676923,892.7717941534962
1772937111.5677004,668.9007082765374
1772937111.5677085,655.1902307081047
1772937111.5677173,875.1734625029554
1772937111.5677254,1058.2305475999997
1772937111.5677335,999.6633876745348
1772937111.567742,798.8580855730661
1772937111.5677505,710.506124704333
1772937111.5677588,837.1362062073359
1772937111.5677671,1028.1213496763003
1772937111.5677755,1064.0340773487537
1772937111.5677836,902.8998356025485
1772937111.567792,733.9060976670827
1772937111.5678,777.858242742841
1772937111.5678084,1020.2769574188698
1772937111.567817,1181.1952556492706
1772937111.5678253,1034.2951184597428
1772937111.5678332,749.8857211804702
1772937111.5678415,754.4270981573807
1772937111.56785,1113.7083250022126
1772937111.5678585,1206.7832650196451
1772937111.6223636,1353.4222199381577
1772937111.6223936,606.8722300898518
1772937111.622413,75.0110054905914
1772937111.6224272,656.9941548087222
1772937111.622444,1762.7824128230443
1772937111.6224587,1791.1199585793347
1772937111.6224728,350.62056824065814
1772937111.622487,-706.9669607488106
1772937111.6225011,546.9914314851171
1772937111.622516,3034.35253420905
1772937111.6225288,3122.402945612694
1772937111.6225426,-760.5861059843875
1772937111.6225576,-4659.621359057851
1772937111.7518337,1209.7386171424891
1772937111.7518585,844.0268789612081
1772937111.7518892,874.192733017296
1772937111.7519078,1282.4884656229854
1772937111.7519171,1503.3670193763826
1772937111.7519264,1231.913564399127
1772937111.7519352,868.0466076257069
1772937111.7519443,945.548008284599
1772937111.751954,1357.5060479876179
1772937111.751963,1502.6446841575475
1772937111.7519712,1158.6003391622362
1772937111.75198,820.3396156274241
1772937111.751989,991.4306221283007
1772937111.7519977,1439.474187570552
1772937111.7520063,1514.5303518507123
1772937111.752015,1100.4592022472784
1772937111.7520237,813.023360173483
1772937111.752032,1112.40322118241
1772937111.7520406,1597.491638003621
1772937111.752049,1551.1021884088225
1772937111.7520573,1001.9053448921964
1772937111.752066,744.7596459909543
1772937111.7520745,1207.119967183945
1772937111.7520828,1769.4703616062682
1772937111.7520912,1599.9151252880918
1772937111.7520998,888.6498038687079
1772937111.7521083,671.7974479373239
1772937111.752117,1369.9386986369104
1772937111.7521253,2081.407514049199
1772937111.7521338,1731.6161537931869
1772937111.752142,546.6221558406497
1772937111.7521517,-255.76239751906937
1772937112.2296817,-21149.234818150777
1772937112.2297227,-10270.339209436786
1772937112.2297542,1968.199655785738
1772937112.2297857,6292.05040981336
1772937112.2298129,2461.1585000715954
1772937112.2298431,-2309.88242386234
1772937112.2298703,-2302.7075033634205
1772937112.2298973,1151.505555693319
1772937112.2299235,3005.25548825878
1772937112.229951,1297.0280114587902
1772937112.2299726,-1109.3171072141618
1772937112.2299836,-987.6814460504025
1772937112.2299943,1110.6617118524289
1772937112.2300053,2151.968435379944
1772937112.2300167,906.4911086381671
1772937112.2300267,-680.853321623314
1772937112.2300377,-439.93259315483584
1772937112.2300484,1122.7002470403208
1772937112.2300591,1783.2091115816525
1772937112.23007,747.6805234430129
1772937112.2300808,-416.75511075568534
1772937112.230091,-105.925407417638
1772937112.2301023,1148.3586102058246
1772937112.2301128,1571.3685484861762
1772937112.2301235,654.2942172813223
1772937112.230134,-244.5134583005051
1772937112.2301445,113.96604922673875
1772937112.2301552,1160.4902162028068
1772937112.2301655,1414.5405541775185
1772937112.2301762,577.4874079746979
1772937112.230187,-122.23845097337507
1772937112.2301977,291.84439559692555
1772937112.2302082,1206.2764771705508
1772937112.230219,1344.5182106827629
1772937112.2302291,566.8555399093183
1772937112.2302396,11.413851679451996
1772937112.23025,455.14939901993375
1772937112.2302608,1246.0294660317202
1772937112.2302713,1268.1326788629756
1772937112.230282,518.824850639742
1772937112.2302923,77.4531064363058
1772937112.2303028,562.750537737637
1772937112.2303135,1280.261369753841
1772937112.2303245,1230.1192319437182
1772937112.2303352,513.9320459510325
1772937112.2303457,163.50905265230872
1772937112.2303565,672.9120381645495
1772937112.2303667,1320.2179249948383
1772937112.2303774,1207.8785396462679
1772937112.230388,523.2336685974356
1772937112.230399,248.61404931065067
1772937112.2304094,763.8277146727396
1772937112.23042,1327.3004551367467
1772937112.2304304,1146.5269036280433
1772937112.230441,500.0651003892415
1772937112.230452,327.9915672235291
1772937112.2304623,891.2567406890863
1772937112.230473,1405.5522838996833
1772937112.2304835,1157.0001369235288
1772937112.2304945,509.9059096280963
1772937112.2305048,384.645668510173
1772937112.2305152,955.8330101137003
1772937112.230526,1414.7483484297782
1772937112.2305367,1122.2867005163766
1772937112.230547,512.3351349396476
1772937112.2305577,469.6567035628108
1772937112.2305682,1071.4550810435564
1772937112.230579,1478.176402469743
1772937112.2305899,1125.3238266190156
1772937112.2306004,524.4868328641048
1772937112.2306108,538.0107870907043
1772937112.2306216,1156.0037179070166
1772937112.2306323,1510.0173959135661
1772937112.2306433,1105.1780872815896
1772937112.2306533,524.0163472203772
1772937112.230664,601.5254242308831
1772937112.2306745,1238.8962578347214
1772937112.2306855,1540.665348313216
1772937112.2306957,1085.982542835732
1772937112.2307065,530.5513447948557
1772937112.230718,677.5212107454025
1772937112.2307303,1330.6117591160994
1772937112.2307413,1564.6465418649354
1772937112.2307515,1042.418143369699
1772937112.230762,508.2205247115713
1772937112.2307727,740.3901480909382
1772937112.2307832,1437.4579244592915
1772937112.230794,1629.9369673240785
1772937112.2308044,1053.9944386540265
1772937112.2308147,538.2486991760547
1772937112.2308254,833.2685277164323
1772937112.230836,1533.0236964122798
1772937112.2308464,1637.8159340482248
1772937112.230857,984.8343421493536
1772937112.2308676,507.562014300809
1772937112.230878,918.5503819278657
1772937112.2308886,1669.50739715749
1772937112.230899,1698.4475354121478
1772937112.23091,945.4958855309072
1772937112.2309203,476.7213402365023
1772937112.230931,987.467001913278
1772937112.2309415,1785.4603563574167
1772937112.2309525,1739.7715469408636
1772937112.2309628,901.1230788862676
1772937112.2309732,477.1402584784119
1772937112.2309837,1127.4515672357118
1772937112.2309945,1974.2828154522265
1772937112.2310052,1800.0818206710517
1772937112.231016,804.9211846572282
1772937112.2310264,398.72672175638576
1772937112.2310371,1218.0674207489533
1772937112.2310479,2147.298151277166
1772937112.2310586,1831.5335245641647
1772937112.231069,640.764680003052
1772937112.231079,257.06364667802467
1772937112.2310898,1321.8838643893405
1772937112.2311003,2426.3754757184865
1772937112.2311108,1999.5739998250692
1772937112.2311215,541.5902675941222
1772937112.231132,-34.62375778962046
1772937112.5530643,-108.62598984499579
1772937112.5531151,550.1245199355338
1772937112.5531445,968.3050574524091
1772937112.553167,559.6327937856086
1772937112.5531812,-106.50638244222498
1772937112.553193,-94.41986444559842
1772937112.5532036,584.2130812532857
1772937112.5532134,979.5527912824549
1772937112.553223,536.0562912738608
1772937112.5532317,-118.28560386010228
1772937112.55324,-45.87608959128041
1772937112.553249,678.7279241905516
1772937112.5532577,1060.803309028729
1772937112.5532663,578.0445243013443
1772937112.553275,-78.14457272679408
1772937112.553284,31.75679813857045
1772937112.5532928,767.4150958313751
1772937112.553301,1093.7347078690943
1772937112.5533102,538.6914066653997
1772937112.5533187,-124.01659208708679
1772937112.5533276,49.793496017249275
1772937112.553336,836.0532531936387
1772937112.5533445,1137.3099637003284
1772937112.5533533,526.3220272537095
1772937112.5533612,-129.21315544779054
1772937112.5533755,128.5293200336311
1772937112.5533893,981.8084251105731
1772937112.5534036,1249.937721345362
1772937112.553413,542.1372532822871
1772937112.5534215,-163.70902061386593
1772937112.5534303,132.42994299206882
1772937112.5534391,1039.06709689926
1772937112.5534477,1294.8865235030348
1772937112.5534563,535.9499627166181
1772937112.5534644,-166.5319597961332
1772937112.553473,206.07638227028144
1772937112.553481,1165.7376285680486
1772937112.5534897,1367.5437115055636
1772937112.5534978,502.6561512525418
1772937112.5535066,-222.92942962880085
1772937112.5535152,245.8170134644549
1772937112.5535238,1302.0292859760182
1772937112.5535321,1479.9319764887784
1772937112.5535407,511.52013343538226
1772937112.5535493,-248.35158990826895
1772937112.5535576,304.06198050934915
1772937112.5535662,1434.1423397420458
1772937112.5535748,1547.5768432093764
1772937112.5535831,442.62671344536597
1772937112.553592,-333.7045686538331
1772937112.5536003,374.5651658892321
1772937112.5536087,1644.3441741822096
1772937112.553617,1685.9551665380843
1772937112.553625,373.11769499364226
1772937112.5536337,-471.93262734806876
1772937112.553642,416.4786333539711
1772937112.55365,1882.5229234932162
1772937112.5536585,1851.4179776704814
1772937112.5536668,264.64034321634523
1772937112.5536752,-682.2241902337232
1772937112.5536835,454.7497854825929
1772937112.553692,2203.8892854063997
1772937112.5537002,2057.017424645101
1772937112.5537083,32.1298298002439
1772937112.553717,-1085.3836384963558
1772937112.5537255,486.6735629663164
1772937112.5537338,2782.208589008572
1772937112.5537424,2480.5717764790943
1772937112.553751,-383.59608675857106
1772937112.5537593,-1922.1416490920271
1772937112.5537677,529.4602793995515
1772937112.5537763,4190.544926181653
1772937112.5537844,3706.9267112087405
1772937112.5537932,-1580.940297064985
1772937112.5538015,-5201.118316254417
1772937112.55381,-185.62103809730488
1772937112.5538185,12205.785493656715
1772937112.5538268,22204.98954373084
1772937112.8201687,1337.96094635711
1772937112.8202069,1392.4784094766756
1772937112.820235,1709.4637477472436
1772937112.820258,1925.5206096704424
1772937112.820268,1762.822096116262
1772937112.8202777,1437.9225427440851
1772937112.8202877,1400.5938060429717
1772937112.8202984,1721.0170384896514
1772937112.8203075,1971.866944375425
1772937112.8203163,1806.63121235827
1772937112.8203251,1456.4411758588922
1772937112.8203344,1431.3480026442035
1772937112.8203435,1801.4362565456474
1772937112.8203526,2063.065203513413
1772937112.820361,1828.728204379129
1772937112.8203697,1407.8409123086017
1772937112.8203783,1421.7741737728318
1772937112.820387,1918.8663776998103
1772937112.8203957,2231.3779159554624
1772937112.8204043,1871.1513149247573
1772937112.8204129,1279.3988155825257
1772937112.8204215,1310.250729361189
1772937112.8204303,2027.6213974901218
1772937112.820439,2480.271170767962
1772937112.8204477,1942.656598605561
1772937112.8204565,1046.4915891716264
1772937112.820465,1113.8795556726384
1772937112.8204732,2312.2250943234885
1772937112.8204823,3096.357069193812
1772937112.8204904,2077.952615918549
1772937112.8204987,223.9422032530369
1772937112.8205078,257.730162237457
1772937112.8205166,3193.3921153826973
1772937112.8205256,5846.518834629377
1772937112.820534,3006.6222849894475
1772937112.8205428,-6904.937529647447
1772937112.820552,-18391.9228599435
1772937112.820561,-22173.044666562135
1772937112.8205707,-13314.489200268607
1772937112.8205798,3044.0545590664924
1772937112.8205884,14279.19383512278
1772937112.8205974,9908.932482378226
1772937112.8206065,-9507.151560052382
1772937112.8206153,-31795.99322354229
1772937112.8206248,-41833.44300395681
1772937112.903453,-7343.12026161745
1772937112.9034684,3732.013222680316
1772937112.903476,5889.663969234329
1772937112.9034824,1980.8363115872935
1772937112.9034884,-1005.1286138338263
1772937112.903494,20.435038232780904
1772937112.9034996,2499.765695632806
1772937112.9035053,2950.5112297021988
1772937112.9035108,1322.2465124951198
1772937112.903516,177.99625416448498
1772937112.9035208,917.2699008783408
1772937112.9035263,2245.660219359559
1772937112.9035313,2321.593215129762
1772937112.9035363,1226.2091225650956
1772937112.9035416,582.847777159148
1772937112.9035463,1241.2265074836052
1772937112.9035516,2244.0060378550147
1772937112.9035568,2209.950696526473
1772937112.9035633,1065.3744136621037
1772937112.9035685,-73.98959893764662
1772937113.0129652,-2064.7654020475716
1772937113.013002,-14.223724396066565
1772937113.013013,3714.145762161353
1772937113.0130224,3796.66692951675
1772937113.0130315,-1246.3044615065207
1772937113.0130396,-5453.451948743606
1772937113.0130482,-1061.3424855065691
1772937113.0130565,11914.681520135513
1772937113.0130646,23598.415234186188
1772937113.0130737,23520.528537536757
1772937113.0130832,11657.951514743792
1772937113.0131016,-1339.8561095015418
1772937113.0131097,-5320.4919840373495
1772937113.0131173,-601.5358319877944
1772937113.0131252,4246.991622387333
1772937113.0131333,3241.248005426039
1772937113.0131412,-895.5071051339568
1772937113.0131488,-1912.3045729018866
1772937113.013157,1235.0133371450775
1772937113.0131648,3567.2966529227674
1772937113.0131927,1559.9089313439272
1772937113.0132003,-1740.930813001424
1772937113.0132084,-1108.6926297716786
1772937113.0132165,3025.52202138901
1772937113.0132241,4466.805675567579
1772937113.013232,-119.11826351763028
1772937113.0132399,-5129.427069995284
1772937113.0132475,-1551.4129086587818
1772937113.0132551,11578.926209542435
1772937113.013263,23992.832972074233
1772937113.0983093,24280.324251129034
1772937113.0983288,12151.873051961433
1772937113.09834,-1292.9825049963592
1772937113.0983496,-5480.746309606765
1772937113.0983584,-658.8682184777846
1772937113.0983672,4525.538107718989
1772937113.098376,3891.4534718875652
1772937113.0983846,-263.5775514780594
1772937113.0983927,-1921.9782709815042
1772937113.0984008,566.4051170921729
1772937113.0984087,3258.0664544622146
1772937113.0984168,2573.765527070132
1772937113.0984251,-121.08171469284804
1772937113.0984333,-946.5282254361331
1772937113.0984416,1057.8510248705907
1772937113.0984497,2891.92364248794
1772937113.098458,1860.6179448398286
1772937113.0984657,-923.7342839278739
1772937113.573407,-1540.2454090344802
1772937113.573449,-786.6334096779569
1772937113.5734804,431.3007760318764
1772937113.5735068,496.6904171791802
1772937113.5735335,-554.8865904622102
1772937113.5735605,-1242.518639419973
1772937113.5735877,-691.4754838390958
1772937113.5736141,288.3212606860309
1772937113.573641,395.20570696448766
1772937113.5736675,-437.53904580414786
1772937113.5736945,-1050.5392884765104
1772937113.5737224,-650.4462944955002
1772937113.5737352,187.85267598823296
1772937113.5737479,355.89405938184075
1772937113.5737605,-319.9440083471928
1772937113.5737684,-908.0609689094928
1772937113.5737765,-637.6024503471247
1772937113.5737844,111.78729181547871
1772937113.5737922,355.0101365711177
1772937113.5738003,-196.64573401287595
1772937113.573809,-788.0353774186074
1772937113.5738168,-636.8155760929739
1772937113.573825,46.783732644535256
1772937113.5738325,357.7846664659083
1772937113.57384,-104.38477917960822
1772937113.5738478,-711.688684507901
1772937113.5738556,-638.3653435193689
1772937113.5738635,43.82653026214521
1772937113.5738711,446.72037232524434
1772937113.5738792,33.45111888832762
1772937113.573887,-652.9097486218084
1772937113.5738952,-682.9070588368643
1772937113.5739028,21.201212068697437
1772937113.573911,542.8625980763445
1772937113.573919,167.96724619140545
1772937113.5739267,-629.2661287974851
1772937113.5739348,-764.7767940107899
1772937113.5739424,2.960802732033655
1772937113.5739503,679.1656476823715
1772937113.573958,318.9124392901813
1772937113.5739658,-652.4329768786456
1772937113.5739734,-914.5377033738704
1772937113.5739813,-19.950581677458132
1772937113.573989,895.8026264564023
1772937113.573997,559.0281316662719
1772937113.574005,-657.0641955246456
1772937113.5740125,-1089.0013805886415
1772937113.5740204,-10.935771161184414
1772937113.574028,1215.370596572239
1772937113.574036,836.8528839609879
1772937113.5740435,-811.9346570755176
1772937113.5740516,-1497.1190516100203
1772937113.5740595,-48.56463473466883
1772937113.5740674,1757.3758052442718
1772937113.5740752,1289.9282548070778
1772937113.5740829,-1218.3544677116201
1772937113.5740905,-2419.8982934073088
1772937113.574098,-115.1208634316164
1772937113.5741065,3179.2318903407477
1772937113.5741143,2653.882490074111
1772937113.5741224,-2358.0071006115904
1772937113.5741303,-5874.041204216604
1772937113.574138,-1014.2921768274882
1772937113.574146,11585.511634104381
1772937113.574154,22613.83172546986
1772937113.574162,22637.793964483335
1772937113.5741699,11625.518531722766
1772937113.574178,-991.7074700871851
1772937113.5741858,-5831.632835219814
1772937113.5741937,-2247.6471693762524
1772937113.5742016,2790.5409955685673
1772937113.5742095,3258.614569022329
1772937113.5742228,-69.1203616629215
1772937113.574231,-2274.3333048966283
1772937113.5742426,-926.1149453442079
1772937113.5742502,1584.0381676989775
1772937113.574258,1902.0970337049753
1772937113.5742657,25.257654581627808
1772937113.574273,-1273.4361181568022
1772937113.5742807,-406.3287578980923
1772937113.5742888,1180.8221969739889
1772937113.5742967,1317.5809321100285
1772937113.5743053,32.462660968265496
1772937113.5743127,-778.0102773428604
1772937113.5743208,-87.1150490872853
1772937113.5743284,1012.8081697609479
1772937113.5743365,1022.9289846233074
1772937113.5743444,86.96203094697627
1772937113.5743525,-403.01386930425946
1772937113.57436,164.0920991415421
1772937113.5743675,885.0543558398417
1772937113.5743756,761.0611918808427
1772937113.5743835,84.80758737725439
1772937113.5743935,-121.42921290414083
1772937113.574406,373.9172337201714
1772937113.574418,778.5619307380891
1772937113.57443,536.9720203241526
1772937113.5744376,117.19549844567734
1772937113.5744455,201.46800514853607
1772937113.574453,612.2687097853405
1772937113.5744612,644.7388279885436
1772937113.574469,246.16684670956934
1772937113.5744772,134.76882915612705
1772937113.574485,605.4231318982248
1772937113.5744927,925.073219521621
1772937113.5745003,441.2918392024536
1772937113.574508,-209.95823409735272
1772937113.574516,127.1144427324743
1772937113.5745242,1232.935076011147
1772937113.574532,1448.0103757442682
1772937113.57454,67.98643252054602
1772937113.5745475,-1106.624945692774
1772937113.5745552,77.78501484255865
1772937113.5745628,2606.506472146953
1772937113.5745707,2677.8735615912287
1772937113.574581,-1196.3276563859556
1772937113.5745935,-4545.109747871818
1772937113.5746062,-700.5351103964709
1772937113.574616,10924.675632355487
1772937113.574624,21886.443300303
1772937113.6776423,120.15117219213292
1772937113.6776817,935.7510027489781
1772937113.6776943,1048.2564258707762
1772937113.6777077,274.7913866673475
1772937113.677721,-397.077875929124
1772937113.6777337,-40.06209384748573
1772937113.6777437,971.9409979009993
1772937113.6777515,1342.3570931369088
1772937113.67776,495.74093764348703
1772937113.677768,-556.8885621449289
1772937113.677776,-372.75523300945855
1772937113.677784,1018.3861922712457
1772937113.6777923,1901.7180347442627
1772937113.6778004,927.9830127904536
1772937113.6778083,-928.2497900646206
1772937113.6778176,-1187.8743488020468
1772937113.677827,1022.3097287627027
1772937113.6778395,3253.13940762074
1772937113.677848,2138.959838212493
1772937113.6778567,-2116.192259169572
1772937113.6778653,-4484.259013216529
1772937113.6778738,333.7978306840904
1772937113.6778824,11568.574649317585
1772937113.677891,21363.86546707724
1772937113.756992,20750.97431408943
1772937113.7570236,14087.98686603611
1772937113.7570484,2934.285997325493
1772937113.7570667,-6023.375125226861
1772937113.7570808,-7003.747542100357
1772937113.757095,-190.91438470333105
1772937113.7571087,7140.56567276497
1772937113.7571225,6555.896657305105
1772937113.7571347,-2609.2836579066766
1772937113.7571485,-10612.330475780785
1772937113.7571585,-5648.077435937919
1772937113.7571704,13766.384635607154
1772937113.7571878,35231.322368245754
1772937113.7890663,42642.94905737399
1772937114.0531428,10289.356902767324
1772937114.0531833,-448.41233976379505
1772937114.0532084,-4608.0085681415485
1772937114.0532236,-2331.661422379169
1772937114.0532336,1310.6590113131065
1772937114.0532432,2155.48744814854
1772937114.053254,350.1012892922375
1772937114.0532632,-1283.5938145394018
1772937114.0532718,-994.3834987154827
1772937114.0532804,367.9616577153142
1772937114.0532892,1006.1323680106588
1772937114.0532978,403.24865404872236
1772937114.0533063,-435.5115292184977
1772937114.053315,-488.2223342868744
1772937114.0533235,134.51286378173262
1772937114.0533323,588.8478518017679
1772937114.053341,419.2364281241116
1772937114.0533493,-27.660966744342588
1772937114.0533578,-180.77510889268643
1772937114.0533671,75.01134629488504
1772937114.0533814,385.362061389373
1772937114.0533955,417.2236191700347
1772937114.0534084,201.09050012431854
1772937114.0534217,18.11136258384399
1772937114.0534358,70.02455288684159
1772937114.053445,296.2758312508558
1772937114.053454,462.55322394345444
1772937114.0534625,399.8492899581946
1772937114.053471,180.58334140335816
1772937114.0534828,61.1770974570656
1772937114.053496,209.14563830797286
1772937114.05351,485.07463134662305
1772937114.0535233,569.4305717702711
1772937114.0535324,351.28924238170396
1772937114.053541,110.36421661485464
1772937114.0535493,196.11540257806774
1772937114.053558,554.5118683624808
1772937114.0535665,743.2131244851131
1772937114.0535748,497.72277471390225
1772937114.0535831,130.391939898127
1772937114.0535917,165.4025449252238
1772937114.0536003,619.6815260702765
1772937114.053609,911.8894645212276
1772937114.0536175,617.7747903847154
1772937114.053626,99.41186705990368
1772937114.053634,85.1568356205508
1772937114.0536425,668.9524343355629
1772937114.053651,1097.8850529682875
1772937114.0536597,755.0860974157248
1772937114.0536685,68.01275179645536
1772937114.0536768,16.215388630137664
1772937114.0536852,773.0638421856138
1772937114.0536938,1347.6860973879368
1772937114.053702,889.246841189391
1772937114.0537107,-26.461405845519856
1772937114.0537193,-41.53256870118715
1772937114.0537276,1027.2453688332253
1772937114.053736,1582.4134521098733
1772937114.0537443,164.92623537136708
1772937114.0963857,-20075.975205826267
1772937114.096414,-11262.472691056666
1772937114.0964298,-525.7432539849235
1772937114.0964415,5981.646657587882
1772937114.0964513,6693.414015830709
1772937114.0964608,3290.039761350261
1772937114.0964715,-2539.564501785886
1772937114.096481,-9841.660135289876
1772937114.09649,-16781.255008429594
1772937114.173608,1801.48640862896
1772937114.173633,-495.12066681648565
1772937114.1736436,-271.2126703526925
1772937114.173664,1756.7138654108862
1772937114.1736734,2666.7788011185776
1772937114.173682,1460.3582350096528
1772937114.1736908,59.00842989439599
1772937114.173699,354.4301202242783
1772937114.1737068,1730.836730421923
1772937114.1737146,2248.9155770513107
1772937114.1737227,1405.0032216815264
1772937114.1737304,532.1432561242118
1772937114.1737385,591.0982622834237
1772937114.173746,751.7952945431729
1772937114.3302665,2045.8228758831833
1772937114.3302853,1199.1308004001892
1772937114.330296,541.9571752306395
1772937114.3303056,1036.339616922908
1772937114.3303149,1943.138430297923
1772937114.3303235,1980.205323064939
1772937114.330332,1158.898111070707
1772937114.3303409,695.7711008078652
1772937114.3303492,1240.276754208649
1772937114.330358,1997.2005101782777
1772937114.3303661,1924.01542091763
1772937114.330374,1205.8081884911476
1772937114.330382,915.0425967473265
1772937114.33039,1439.1889032793504
1772937114.330398,1982.966938200381
1772937114.3304057,1801.4754228880624
1772937114.3304138,1276.5608935987004
1772937114.330422,1222.6599017688422
1772937114.33043,1475.20406665031
1772937114.3304381,953.0960544498438
1772937114.9218788,-22427.340938667014
1772937114.9219182,-11261.78917629347
1772937114.9219413,1511.3484010041718
1772937114.9219644,6556.307443008058
1772937114.9219875,3091.9080074228323
1772937114.9220123,-2029.6247895864267
1772937114.9220388,-2647.502447765269
1772937114.9220624,713.7003575593674
1772937114.922076,3139.8239792627196
1772937114.9220848,1921.696457769809
1772937114.9220934,-721.3471731336122
1772937114.922102,-1232.029491286958
1772937114.9221108,700.3968504776697
1772937114.9221191,2262.3657110204886
1772937114.9221277,1507.933199209814
1772937114.9221363,-281.02792764490573
1772937114.9221451,-636.0319745655898
1772937114.9221537,773.4642668010744
1772937114.922162,1940.5644960183124
1772937114.9221704,1379.0054204132855
1772937114.9221787,22.25737229880935
1772937114.922187,-230.25473451957825
1772937114.922196,885.8094620691013
1772937114.9222043,1781.6548961947128
1772937114.9222124,1281.8292292017438
1772937114.922221,171.94316178160162
1772937114.922232,9.157112975943019
1772937114.9222436,971.8989764130325
1772937114.9222548,1701.160251918798
1772937114.9222655,1229.9432868959314
1772937114.9222767,276.39256154806435
1772937114.9222908,182.80371014879273
1772937114.9223013,1058.01317989863
1772937114.9223096,1685.1035096872743
1772937114.922318,1239.1582949123842
1772937114.9223268,396.12449426852095
1772937114.9223359,347.2456853943709
1772937114.9223444,1150.4000339446864
1772937114.9223526,1696.5088823210253
1772937114.922361,1273.1628978668607
1772937114.9223692,523.9416260095833
1772937114.9223778,511.712960835113
1772937114.922386,1241.0945745136771
1772937114.9223948,1690.6999011062744
1772937114.922403,1260.0346643252533
1772937114.922412,589.4139898956563
1772937114.9224203,637.7801405301141
1772937114.9224288,1342.658977413595
1772937114.9224372,1730.107065059254
1772937114.9224455,1287.7885477123857
1772937114.922454,667.0221963629052
1772937114.9224627,752.7060868220534
1772937114.9224713,1426.4631635272515
1772937114.9224796,1749.6598404713277
1772937114.922488,1287.2853510034574
1772937114.9224966,710.0490900072715
1772937114.9225051,845.3742791144059
1772937114.9225135,1520.758853485198
1772937114.9225223,1814.7972991876206
1772937114.9225311,1348.9934563854106
1772937114.9225397,806.9445793501602
1772937114.922548,966.0227444192521
1772937114.9225564,1610.0747898551597
1772937114.9225705,1843.3084103433039
1772937114.9225788,1352.8268091139523
1772937114.9225874,844.613180876321
1772937114.922596,1048.2261117222765
1772937114.9226043,1693.8537765603926
1772937114.922613,1895.8928888981507
1772937114.9226215,1398.2388558209293
1772937114.9226298,930.1493517667101
1772937114.9226384,1176.0906432944591
1772937114.9226472,1811.225325543483
1772937114.922656,1959.7376264837003
1772937114.9226644,1430.571212424654
1772937114.9226737,989.4905214694433
1772937114.9226868,1280.4949983533857
1772937114.9227004,1913.4745568804567
1772937114.9227135,2008.4766219526027
1772937114.9227247,1438.3569430580092
1772937114.9227333,1018.5636296106055
1772937114.922742,1364.5478049282422
1772937114.9227507,2017.923771320936
1772937114.9227593,2080.6527500867874
1772937114.922768,1479.1513940166371
1772937114.9227765,1078.1744784697541
1772937114.9227853,1467.6933050793427
1772937114.9227936,2121.8922222955766
1772937114.922802,2128.4839822276967
1772937114.9228106,1480.451348249094
1772937114.9228191,1105.968886504139
1772937114.9228275,1567.500550246517
1772937114.922836,2250.215505321253
1772937114.922845,2206.524113310723
1772937114.9228537,1497.585431489128
1772937114.9228623,1135.5534099748234
1772937114.9228709,1668.9368791637137
1772937114.9228792,2385.713441702689
1772937114.9228876,2288.985224772516
1772937114.922896,1511.6276090921006
1772937114.9229045,1166.0137478771783
1772937114.9229128,1786.4339471876037
1772937114.9229212,2537.180247523856
1772937114.9229293,2352.4358333427003
1772937114.9229376,1461.1997929109505
1772937114.922946,1128.3680904076593
1772937114.9229543,1891.5027067021392
1772937114.9229624,2742.2896965279097
1772937114.9229708,2482.6254561542246
1772937114.922979,1439.9522482663685
1772937114.9229875,1099.6077204163537
1772937114.9229956,2039.4620113544454
1772937114.923004,3014.7846334391174
1772937114.9230123,2604.7252851682083
1772937114.9230204,1271.4228674347169
1772937114.9230287,903.9560435503391
1772937114.923037,2236.944001089779
1772937114.9230452,3584.1826242117
1772937114.9230535,2806.671128914531
1772937114.9230616,111.35775871025253
1772937115.4027395,94.95433370349154
1772937115.4028037,92.9805115300914
1772937115.402835,129.12391265386063
1772937115.4028676,166.20553884017556
1772937115.4028971,160.50107763305587
1772937115.40292,126.74384791704453
1772937115.4029443,118.74200112430297
1772937115.4029553,154.0793391670323
1772937115.4029653,191.36316570161767
1772937115.4029756,192.23825375329127
1772937115.4029849,177.9022085058582
1772937115.4029949,197.45198796648097
1772937115.4030042,253.26905197967847
1772937115.4030137,293.1286685887419
1772937115.4030228,284.2224969843562
1772937115.4030323,263.5421934482522
1772937115.4030416,287.7462757608551
1772937115.403051,349.2609526114058
1772937115.40306,380.40150868878027
1772937115.4030688,347.807507639918
1772937115.4030788,307.4560572027739
1772937115.4030876,336.1287557732392
1772937115.403097,425.4338568760643
1772937115.403106,484.86855603527084
1772937115.4031153,458.0982822029962
1772937115.4031248,399.43701978708344
1772937115.4031336,404.198477963952
1772937115.4031427,482.1916799257108
1772937115.4031515,544.1829099718534
1772937115.4031637,521.8144157633488
1772937115.4031727,460.4381519522726
1772937115.4031816,458.70957088086
1772937115.4031904,535.7150069884651
1772937115.4031992,605.6106567794885
1772937115.4032085,594.2401605119466
1772937115.4032176,538.7696913033794
1772937115.4032269,534.7253523587334
1772937115.403236,604.1664662187754
1772937115.4032445,666.9342609676769
1772937115.4032536,654.0565823714682
1772937115.4032624,604.7339005674482
1772937115.4032712,610.3845448551591
1772937115.40328,683.0355565510832
1772937115.4032888,734.3490541958698
1772937115.403298,699.8372420603324
1772937115.4033067,636.8545506036199
1772937115.4033155,653.8785881416298
1772937115.4033244,760.7535830463848
1772937115.4033332,846.294824040517
1772937115.4033425,821.9876608142739
1772937115.4033513,741.1461983433587
1772937115.40336,729.1433708116297
1772937115.4033687,815.0820319761725
1772937115.4033773,893.094051760606
1772937115.403386,868.1952363703307
1772937115.4033947,788.4624941746283
1772937115.4034035,780.446181674699
1772937115.4034123,873.7959504816706
1772937115.4034212,957.0991384840256
1772937115.4034305,930.2111621122111
1772937115.4034393,845.8363734788597
1772937115.4034479,841.7729819888738
1772937115.4034567,951.3959308029739
1772937115.4034653,1052.9394888401243
1772937115.403474,1032.9021626781857
1772937115.403483,942.4965736428579
1772937115.4034917,928.9262140744021
1772937115.4035003,1031.312620403008
1772937115.4035091,1123.4766087797468
1772937115.4035175,1088.703525012379
1772937115.4035263,987.5647164432648
1772937115.403535,980.0810205160775
1772937115.4035437,1101.4496042133292
1772937115.4035523,1203.8152053990766
1772937115.403561,1156.873026418117
1772937115.40357,1036.1930838067292
1772937115.4035783,1028.8348666622915
1772937115.403587,1172.0433913846398
1772937115.4035957,1287.5579752221768
1772937115.4036045,1220.822545071793
1772937115.4036143,1066.7558696303229
1772937115.4036243,1057.638355684424
1772937115.4036381,1244.3167293692566
1772937115.4036477,1407.1591588356384
1772937115.4036567,1342.792761896336
1772937115.4036665,1151.3422939087236
1772937115.4036763,1117.2930278107035
1772937115.4036856,1319.9064096862687
1772937115.4036949,1504.3025083556151
1772937115.4037044,1418.858710464658
1772937115.4037192,1178.1525567763258
1772937115.4037337,1133.6084704137809
1772937115.4037645,1388.9429850614424
1772937115.4037793,1621.4477125931035
1772937115.4037907,1501.540136366333
1772937115.4037995,1174.2108853463358
1772937115.4038148,1112.4093120308512
1772937115.4038315,1472.6096409358738
1772937115.4038455,1819.0007361684884
1772937115.40386,1668.358238982907
1772937115.40387,1185.7816418303582
1772937115.4038787,1045.1774437118156
1772937115.403888,1526.2285766398395
1772937115.4038968,2036.3629275142507
1772937115.4039059,1827.270849241353
1772937115.4039147,1075.2335363012412
1772937115.4039235,813.1327789203921
1772937115.4039323,1580.987237806893
1772937115.4039414,2502.2458460822627
1772937115.4039505,2242.4594971944493
1772937115.4039593,895.6865186676623
1772937115.4039683,255.93096377034962
1772937115.4039772,1618.349339327352
1772937115.403986,3606.356774844548
1772937115.4039948,3235.0876939214822
1772937115.4040036,-172.0513151794788
1772937115.4040124,-2703.6325248338107
1772937115.4040213,1051.945166101789
1772937115.4040303,11682.707275724939
1772937115.4040449,22228.02768465428
1772937115.8831081,51.7221958890814
1772937115.8831475,64.5708802378471
1772937115.883175,92.76679204927262
1772937115.883201,123.74704610631406
1772937115.8832276,141.67276932789352
1772937115.883254,147.97952934178187
1772937115.8832812,157.8138437358147
1772937115.883308,177.44681188284477
1772937115.8833349,195.43181848143973
1772937115.8833616,200.39529429851245
1772937115.8833883,199.50945739830576
1772937115.8834152,210.1984946759959
1772937115.883428,236.1271910294401
1772937115.883436,261.7708459674675
1772937115.883444,273.92408713757874
1772937115.883452,279.9249473952351
1772937115.8834598,296.4858232955424
1772937115.8834677,324.6748200244002
1772937115.8834753,346.6991819401936
1772937115.883484,349.6400030653614
1772937115.883492,343.0910891170628
1772937115.8835,346.12480064321807
1772937115.883508,362.3443064731951
1772937115.8835158,378.25644510517554
1772937115.8835237,386.1564132455819
1772937115.8835316,397.04571968896767
1772937115.88354,423.71997064652726
1772937115.8835475,458.69358608923744
1772937115.883556,481.12672990834227
1772937115.883564,485.4125608812265
1772937115.8835719,490.3033761973025
1772937115.8835795,512.4813803226041
1772937115.8835878,540.1048338366093
1772937115.8836153,546.0842638975573
1772937115.8836265,526.933070374523
1772937115.8836348,513.9301767655212
1772937115.8836434,536.7878498059101
1772937115.8836656,584.8251824439952
1772937115.883674,618.1567449705394
1772937115.8836823,617.1579987214502
1772937115.8836904,606.5990246793182
1772937115.8836987,622.5130859717119
1772937115.8837068,665.0243826947146
1772937115.8837152,698.9418804738079
1772937115.8837354,700.4780032765689
1772937115.8837435,687.6376483012808
1772937115.883752,694.8175857084154
1772937115.8837602,727.1446301069122
1772937115.8837686,755.8014947403842
1772937115.883777,758.6845061751025
1772937115.8837852,749.8398340223772
1772937115.883793,758.485399500357
1772937115.8838017,788.2706040783631
1772937115.8838098,813.288673156043
1772937115.883818,815.1866681994613
1772937115.8838265,809.068090358505
1772937115.8838353,822.6573301221224
1772937115.8838432,858.4418815113706
1772937115.8838515,891.0520684431813
1772937115.88386,902.0023209581257
1772937115.8838682,902.5402918098687
1772937115.8838773,914.1309811878472
1772937115.8838859,936.7549329147597
1772937115.8838956,951.2023349119737
1772937115.883906,950.9969151521944
1772937115.8839169,955.7099831316343
1772937115.8839257,983.8976395633515
1772937115.883936,1023.4522122196704
1772937115.8839447,1043.7925251351103
1772937115.883954,1036.1589198856984
1772937115.8839636,1026.6848436054943
1772937115.883973,1042.4308339597837
1772937115.8839831,1075.6641520452522
1772937115.8839924,1095.2799433315126
1772937115.884001,1089.7825286953255
1772937115.8840096,1082.7225719527946
1772937115.884019,1099.816439769743
1772937115.8840284,1133.9068412598672
1772937115.884038,1155.9951331977825
1772937115.8840473,1155.4674290860087
1772937115.8840563,1152.5954473419963
1772937115.8840647,1167.5757587123596
1772937115.8840728,1192.8343627502486
1772937115.8840823,1208.7366372162805
1772937115.8840904,1217.0726412270192
1772937115.8840988,1239.0194359230193
1772937115.8841083,1277.981803255293
1772937115.8841171,1304.9921189317108
1772937115.8841293,1296.344206616167
1772937115.8841412,1273.8306996824751
1772937115.8841531,1284.0089793454636
1772937115.884166,1335.3397055563194
1772937115.884179,1379.4366746712963
1772937115.8841927,1371.3909688988888
1772937115.8842056,1333.6155067523298
1772937115.8842149,1332.275728196675
1772937115.8842237,1389.4227357789703
1772937115.8842323,1448.1409025740656
1772937115.8842409,1445.1844270419551
1772937115.88425,1398.992076386104
1772937115.8842585,1390.6529112512017
1772937115.884267,1455.2856077575575
1772937115.884276,1528.964171537984
1772937115.8842845,1530.2360630790963
1772937115.8842933,1472.0400069224759
1772937115.8843017,1448.580480199033
1772937115.8843105,1506.589045575044
1772937115.8843193,1576.3064529493297
1772937115.884328,1567.55901863331
1772937115.8843367,1506.67574694573
1772937115.8843458,1514.0905172829023
1772937115.8843548,1630.071654519044
1772937115.8843637,1725.6040893664417
1772937115.8843722,1656.1529904297863
1772937115.884385,1488.2808151635384
1772937115.8844194,1476.8422387027717
1772937115.884431,1743.9523782058093
1772937115.8844423,2015.3549339714568
1772937115.884454,1784.1790934400433
1772937115.884466,809.7030682924645
1772937116.363794,49.13529914086242
1772937116.363857,68.53371311228804
1772937116.3638835,101.10661490716704
1772937116.3639104,128.63263375052816
1772937116.3639371,141.27390363280563
1772937116.3639638,148.55423911808862
1772937116.3639896,164.73798332097493
1772937116.3640163,188.0260623781282
1772937116.3640428,202.43726285219495
1772937116.3640697,200.90716635508952
1772937116.3640964,197.93081648230623
1772937116.364109,212.4573242622728
1772937116.364117,242.16275814026582
1772937116.3641248,264.08804771892073
1772937116.3641331,263.1456458989781
1772937116.364141,252.55164882596944
1772937116.3641486,259.33080726492517
1772937116.3641567,292.70173806278945
1772937116.3641646,334.671444713988
1772937116.3641727,362.6990219216247
1772937116.3641803,373.7866989051331
1772937116.3641882,380.91342492219735
1772937116.3641963,391.4086653803269
1772937116.364204,398.83142740653625
1772937116.364212,397.30035630077924
1772937116.36422,394.54714905650366
1772937116.3642275,403.44598039872585
1772937116.3642356,424.4591345116485
1772937116.3642435,445.12183703521254
1772937116.3642516,457.77207100934595
1772937116.3642595,469.8829370390745
1772937116.3642676,491.977510322419
1772937116.3642755,520.9781117946284
1772937116.364283,543.8259950585375
1772937116.364291,556.3279680027988
1772937116.3642988,568.8029477012592
1772937116.3643067,588.6974513056937
1772937116.3643143,605.4792420928525
1772937116.364322,602.8349566898885
1772937116.36433,584.4871278846656
1772937116.364338,576.8290250884232
1772937116.364346,599.9917031182598
1772937116.364354,642.8602068982539
1772937116.3643618,675.6108560091745
1772937116.3643696,684.9366713037216
1772937116.3643775,686.812757150875
1772937116.3643856,701.6083715698746
1772937116.3643932,726.6609355097876
1772937116.364401,743.361828508246
1772937116.3644087,746.8632237781197
1772937116.3644168,754.9078186204364
1772937116.3644245,782.3855499265081
1772937116.3644323,817.8375147466184
1772937116.3644404,836.7127962952957
1772937116.3644483,834.4309461443182
1772937116.364456,832.9260778482529
1772937116.364464,850.3428892424772
1772937116.364472,875.7776568969955
1772937116.36448,885.2189657941109
1772937116.3644876,877.1192530208169
1772937116.3644955,876.9574875709266
1772937116.364504,902.5903016464373
1772937116.3645117,938.3178532900697
1772937116.3645196,955.4318551028143
1772937116.3645275,952.0125171202089
1772937116.364535,955.6118445874198
1772937116.364543,983.0141571879108
1772937116.3645508,1013.2234013116152
1772937116.3645587,1014.6674669958176
1772937116.3645668,992.1353785766678
1772937116.364575,987.3074344322305
1772937116.3645823,1027.0520950354514
1772937116.3645904,1086.5852293044154
1772937116.364598,1118.435891104358
1772937116.364606,1110.8615921041473
1772937116.3646135,1098.8325624939096
1772937116.3646212,1114.2612899445007
1772937116.364629,1144.4480243668722
1772937116.3646364,1155.2920935281722
1772937116.3646443,1144.7092375981226
1772937116.364652,1148.4980528172975
1772937116.3646598,1187.9339500464603
1772937116.364668,1233.5341002144603
1772937116.3646758,1241.0553695251472
1772937116.3646839,1214.4816728491667
1772937116.3646915,1207.0794979374277
1772937116.3646996,1252.278613708743
1772937116.3647072,1315.0488397587449
1772937116.3647168,1333.00305147147
1772937116.3647244,1297.1575180818252
1772937116.364732,1265.5963753660346
1772937116.3647397,1290.1931202250937
1772937116.3647475,1352.6226003631182
1772937116.3647552,1393.1268303306385
1772937116.3647628,1389.85051299918
1772937116.3647704,1379.9693833446197
1772937116.3647783,1398.1615178335362
1772937116.364786,1424.9993080401337
1772937116.3647933,1421.5529451992525
1772937116.3648007,1398.158018270835
1772937116.3648086,1409.6196086125258
1772937116.364816,1473.7257652437156
1772937116.3648238,1530.6513209342575
1772937116.3648317,1516.1546399637834
1772937116.3648393,1458.075893310918
1772937116.3648472,1453.6971367816361
1772937116.3648548,1539.5127569756928
1772937116.364863,1627.1106779505467
1772937116.3648703,1610.9457047428346
1772937116.364878,1519.5668883564506
1772937116.3648856,1496.6753514866182
1772937116.3648937,1609.5922594276742
1772937116.364901,1733.7841224882454
1772937116.3649087,1698.8895436435039
1772937116.364916,1539.2972873823362
1772937116.3649237,1504.8922261237867
1772937116.3649316,1746.1494168277832
1772937116.3649395,2019.9549429383399
1772937116.364947,1818.6795308332942
1772937116.3649545,869.0785885588072
1772937116.844206,91.67459770887939
1772937116.8442445,76.45425225365122
1772937116.8442707,72.08778632208326
1772937116.8442974,88.72076457280491
1772937116.844324,110.36398908835987
1772937116.8443508,121.86003452758189
1772937116.8443775,131.93995717616752
1772937116.8444045,158.74086348144598
1772937116.844431,198.2460228421935
1772937116.8444576,222.52275056256588
1772937116.844484,214.60671190481355
1772937116.8445113,194.21835571020003
1772937116.844524,197.1027896538666
1772937116.8445315,231.9898356121087
1772937116.8445396,270.83298941849023
1772937116.8445475,285.54850966741367
1772937116.8445556,283.2071779033332
1772937116.8445635,293.6188202808143
1772937116.8445714,326.6009474857534
1772937116.8445795,356.63607379935553
1772937116.844587,356.1050089281398
1772937116.8445954,333.4505081255661
1772937116.8446033,325.5677608640792
1772937116.8446112,353.4217085865486
1772937116.8446193,397.39427003359134
1772937116.8446276,422.7267526983449
1772937116.8446355,421.4781310241979
1772937116.844643,418.7667911378937
1772937116.8446512,438.7423647598118
1772937116.844659,475.32234658979615
1772937116.8446667,502.34768730369655
1772937116.8446748,506.33988944225354
1772937116.8446827,500.48861342160535
1772937116.8446908,507.029601864685
1772937116.8446984,533.7132083165578
1772937116.8447063,570.4661415425313
1772937116.8447142,602.7109776306464
1772937116.844722,621.6672764198103
1772937116.8447297,624.9451294023854
1772937116.8447373,616.0077105510853
1772937116.844745,605.8495763830915
1772937116.844774,608.7110890562035
1772937116.8447819,629.6052301590224
1772937116.8447895,657.464102031808
1772937116.8447971,675.8817741529857
1772937116.8448048,680.9942702989932
1772937116.8448124,684.2357668635905
1772937116.84482,696.4519073225155
1772937116.844828,715.0059780607852
1772937116.8448355,730.9612217904108
1772937116.8448434,744.3541995497035
1772937116.8448513,763.7745190957716
1772937116.844859,790.2865361927603
1772937116.8448668,810.9965230989437
1772937116.8448749,815.3740853218943
1772937116.8448827,812.7619716756029
1772937116.8448908,823.4566031877771
1772937116.8448987,851.6027838838787
1772937116.8449063,877.1344678041348
1772937116.8449142,881.5386034978123
1772937116.844922,874.8620436235483
1772937116.84493,885.4397965160459
1772937116.8449376,922.5912579765209
1772937116.8449457,961.7524149614617
1772937116.8449533,974.5922709451962
1772937116.8449612,966.0406229739702
1772937116.8449688,968.1912056956747
1772937116.8449764,997.4916926757093
1772937116.8449845,1032.094624440574
1772937116.8449926,1040.8083985097314
1772937116.8450007,1025.7049493058923
1772937116.8450086,1020.8638891335773
1772937116.8450162,1048.1047063241201
1772937116.845024,1088.6803415693898
1772937116.8450315,1108.4924170729896
1772937116.8450394,1102.193879664878
1772937116.845047,1097.0820389925614
1772937116.8450549,1113.9338802963923
1772937116.8450623,1140.5411178449963
1772937116.84507,1153.6009182334408
1772937116.8450775,1155.1353024991777
1772937116.8450854,1169.4639028821132
1772937116.8450935,1204.7336856836619
1772937116.845101,1236.1181411062175
1772937116.8451087,1238.3337198543759
1772937116.8451161,1223.0997737377486
1772937116.845124,1226.4180779868802
1772937116.8451316,1260.2967966440926
1772937116.8451395,1296.283868590006
1772937116.8451474,1305.7399234413833
1772937116.8451557,1300.5616763812475
1772937116.845163,1314.6756175961063
1772937116.8451705,1351.047355425996
1772937116.845178,1372.6273143464123
1772937116.845186,1356.2963443717863
1772937116.8451934,1334.6838408173498
1772937116.8452013,1359.0245481265222
1772937116.845209,1426.224864367488
1772937116.8452165,1473.38919132936
1772937116.8452244,1458.0758520314387
1772937116.845232,1419.654180550233
1772937116.8452396,1431.392004927487
1772937116.8452475,1499.822407106221
1772937116.8452551,1550.0490047251378
1772937116.8452628,1526.9059357533893
1772937116.8452704,1477.6615479954612
1772937116.845278,1493.2085875382488
1772937116.845286,1576.1780860118345
1772937116.8452935,1621.2146082454628
1772937116.8453014,1555.2516584759485
1772937116.8453093,1457.4615833522118
1772937116.845317,1476.7892287496481
1772937116.8453245,1627.9507070197185
1772937116.845332,1739.7766961454838
1772937116.8453395,1664.5397450581431
1772937116.8453474,1503.85517190274
1772937116.845355,1526.9386652765554
1772937116.8453624,1811.157490095129
1772937116.8453703,2021.1087991612114
1772937116.8453777,1654.5381844524113
1772937116.8453853,560.9025139561375
1772937117.326455,80.6849915936828
1772937117.3264968,86.15387212592643
1772937117.3265233,104.31354825028276
1772937117.3265498,123.13545739356697
1772937117.3265767,133.11599664005445
1772937117.3266037,144.45475956177933
1772937117.3266304,171.58099035319663
1772937117.3266568,206.53428715533607
1772937117.3266833,222.42761750620866
1772937117.32671,207.96332342816726
1772937117.3267367,187.8719588978102
1772937117.3267636,198.04928671852005
1772937117.326772,243.18533781400265
1772937117.32678,290.23415990931926
1772937117.3267877,306.90739447600146
1772937117.3267956,297.33353010102167
1772937117.3268037,291.94217234861725
1772937117.3268113,308.1867187518595
1772937117.3268192,333.8137324300825
1772937117.3268273,350.549395144689
1772937117.3268352,361.5286816365438
1772937117.3268428,384.04362342624125
1772937117.326851,419.73106063819
1772937117.3268588,446.1213919769822
1772937117.3268664,443.50958874375465
1772937117.3268745,421.8371080722358
1772937117.326882,411.3654338819907
1772937117.32689,428.73442522215566
1772937117.3268979,461.26556671781503
1772937117.3269055,486.52966929692764
1772937117.326913,498.62070828252894
1772937117.3269215,508.29284898510656
1772937117.326929,522.6826138737524
1772937117.3269367,536.0569776120128
1772937117.3269448,542.6712420206079
1772937117.3269527,549.288538376044
1772937117.3269603,566.840925779641
1772937117.326968,593.1994996182232
1772937117.3269758,613.3679274860605
1772937117.3269837,618.6227398723189
1772937117.3269916,618.4073435420369
1772937117.3269994,628.3167100658308
1772937117.3270073,650.6054902054309
1772937117.3270154,673.2240509206426
1772937117.3270235,686.7660103442381
1772937117.3270311,694.7633078459276
1772937117.3270395,704.8468019169611
1772937117.327047,716.7304117421933
1772937117.3270547,725.5338846517885
1772937117.3270626,733.4006807893538
1772937117.3270705,748.8044328944572
1772937117.327078,772.774622244528
1772937117.3270855,793.9802859102738
1772937117.3270934,803.3493231205199
1772937117.3271012,808.1803383600786
1772937117.3271089,822.8603310345616
1772937117.3271167,846.9893055107988
1772937117.3271244,863.6898088617882
1772937117.3271322,864.4996266103499
1772937117.3271403,866.2058472380734
1772937117.327148,890.902822532309
1772937117.3271558,932.2018287447034
1772937117.3271637,956.5892002435723
1772937117.3271716,945.6864767883582
1772937117.3271832,925.7509345988678
1772937117.3271973,939.9151152182191
1772937117.3272069,992.9879824665773
1772937117.327215,1040.6949945395172
1772937117.3272233,1042.2619679335774
1772937117.327232,1011.47809335116
1772937117.32724,999.3995542720922
1772937117.3272486,1029.7560245308284
1772937117.3272572,1071.2305130620691
1772937117.327266,1082.6108210427888
1772937117.3272743,1069.3055022364513
1772937117.327283,1074.3357786925947
1772937117.3272913,1116.4047036178542
1772937117.3272996,1161.135011438093
1772937117.327308,1167.057226375604
1772937117.3273168,1144.173278033109
1772937117.327325,1142.8717120591637
1772937117.3273337,1185.497606157501
1772937117.327342,1233.8865662240034
1772937117.3273501,1239.8183193942616
1772937117.3273609,1211.5646962573196
1772937117.3273692,1204.799425872595
1772937117.3273776,1247.9949280904966
1772937117.3273873,1303.4826339370343
1772937117.3274012,1318.5564139327216
1772937117.3274107,1297.4924602082726
1772937117.3274193,1295.1025032729456
1772937117.3274276,1340.0340801017142
1772937117.3274364,1394.4066772716264
1772937117.3274448,1407.1407457955604
1772937117.3274531,1386.7991258241186
1772937117.3274612,1389.786797541237
1772937117.3274698,1437.7981474548174
1772937117.3274784,1481.7314794936226
1772937117.3274868,1468.458299979028
1772937117.3274953,1420.2477011562987
1772937117.3275037,1411.040525345594
1772937117.327512,1464.9011420663087
1772937117.3275204,1517.783567122736
1772937117.3275287,1504.005395044298
1772937117.3275373,1452.5774688788317
1772937117.3275456,1453.3108093573521
1772937117.3275535,1529.559396344446
1772937117.327562,1595.9581253085075
1772937117.3275704,1574.658346541584
1772937117.3275788,1516.7858983712504
1772937117.327587,1544.8827662433098
1772937117.3275952,1670.926355923865
1772937117.3276036,1743.8642999489507
1772937117.3276117,1640.2368891427195
1772937117.32762,1472.729581145766
1772937117.327628,1504.8053419194657
1772937117.327636,1799.5085969369661
1772937117.3276443,2010.3853888267101
1772937117.3276527,1635.6835265293043
1772937117.3276606,536.5664548022924
1772937117.8080037,801.0491604629559
1772937117.8080425,787.4318645845652
1772937117.8080697,304.8785971504976
1772937117.808096,49.990777153841336
1772937117.808123,393.42191833782255
1772937117.808149,863.7058582447509
1772937117.808176,814.4696696651516
1772937117.8082025,333.8258115376104
1772937117.8082292,116.79773696402508
1772937117.8082564,483.1891048294208
1772937117.8082829,926.6826456310482
1772937117.8083098,831.452240696272
1772937117.808323,345.17231076574876
1772937117.8083315,174.24906055036513
1772937117.8083403,586.5791855327693
1772937117.8083482,1028.9439951689624
1772937117.8083563,903.7335460518262
1772937117.8083644,412.6812009698745
1772937117.8083725,274.1326231898307
1772937117.8083804,707.2951476643943
1772937117.8083887,1117.5796795167366
1772937117.8083968,934.5546946716202
1772937117.8084047,423.73953071808825
1772937117.8084135,319.62296794865506
1772937117.808422,788.34365902845
1772937117.8084304,1185.7212324114237
1772937117.8084388,964.1368253886181
1772937117.8084471,453.88688298593775
1772937117.8084555,405.4300301909936
1772937117.8084633,924.5347444062036
1772937117.808472,1306.4479659954886
1772937117.80848,1022.5635177881542
1772937117.808488,478.36482327304174
1772937117.8084955,459.94338665601833
1772937117.8085032,1028.0938535584824
1772937117.8085124,1417.4253902708945
1772937117.808525,1102.052738866264
1772937117.8085375,539.9424938751251
1772937117.8085504,538.3298265258837
1772937117.80856,1117.9965245286273
1772937117.808568,1477.0822100813848
1772937117.8085759,1120.9359541732347
1772937117.8085835,571.2458849958114
1772937117.8085916,639.0096365071403
1772937117.8085997,1269.9698322959234
1772937117.8086076,1599.2266653956021
1772937117.8086157,1164.0342577366944
1772937117.808624,573.4492594122904
1772937117.8086321,668.7950237372658
1772937117.8086407,1335.2664069732912
1772937117.8086488,1647.5949685640521
1772937117.8086572,1171.6543290991174
1772937117.8086653,593.6997800163525
1772937117.8086734,764.5478490940252
1772937117.8086812,1484.8080648201103
1772937117.808689,1760.7010487475384
1772937117.808702,1205.1229114055602
1772937117.8087144,612.0534849179406
1772937117.8087268,856.6902696083285
1772937117.808735,1643.1837507304638
1772937117.8087635,1888.0839509658852
1772937117.808776,1244.953227453983
1772937117.8087885,626.0931411549947
1772937117.8088007,939.9648542466792
1772937117.808813,1789.5320674188556
1772937117.808822,1993.6092634191018
1772937117.8088298,1249.9139629473304
1772937117.808838,599.923797252246
1772937117.8088493,986.8485755850741
1772937117.8088577,1903.5165204238626
1772937117.8088653,2071.644526383995
1772937117.8088732,1252.5579256035035
1772937117.8088808,629.1763611715824
1772937117.808889,1151.1733103031697
1772937117.8088968,2144.5573151949943
1772937117.8089044,2208.7823311723782
1772937117.808912,1214.6325789032396
1772937117.8089197,563.9079824147917
1772937117.8089273,1239.768424558778
1772937117.8089352,2352.534070016524
1772937117.808943,2321.6441406447475
1772937117.808951,1135.738938759504
1772937117.8089588,471.37266246447933
1772937117.8089664,1358.147196702778
1772937117.808974,2627.119512280641
1772937117.808982,2461.669289140018
1772937117.8089902,1013.0079961571822
1772937117.808998,335.5253793742416
1772937117.8090062,1521.2678082442676
1772937117.809014,3002.74161538909
1772937117.809022,2622.818491161032
1772937117.8090298,775.3832595922192
1772937117.8090377,87.74697785356562
1772937117.8090453,1752.277327475414
1772937117.809053,3571.221183716915
1772937117.8090608,2822.9760186958583
1772937117.809069,294.23712603883104
1772937117.8090763,-383.74503863771804
1772937117.809084,2202.87747654529
1772937117.8090918,4678.764246746167
1772937117.8090997,3103.9199050807692
1772937117.8091073,-1047.782005328697
1772937117.8091147,-1766.3596980837804
1772937117.8091228,3466.300508394005
1772937117.8091302,8499.437272543975
1772937117.809138,4272.595363388327
1772937117.8091457,-9848.448616452955
1772937117.8091533,-22955.570065909662
1772937117.8091612,-23014.303770092672
1772937117.809169,-9811.760811349028
1772937117.8091764,4588.3176525439285
1772937117.8091843,8732.554889378873
1772937117.809192,3213.4951371693155
1772937117.8091996,-2108.757211413787
1772937117.8092072,-652.4953743041358
1772937117.809215,4143.465908285116
1772937117.8092227,5119.236788273319
1772937117.8092303,1365.460864895171
1772937117.809238,-1229.7914458027883
1772937117.8092456,1247.2612406293217
1772937117.8543155,5102.780245631986
1772937117.8543444,4347.246275381137
1772937117.854356,-397.740800690178
1772937117.8543653,-2025.6372159890768
1772937117.8543754,3201.928630978726
1772937117.8543844,8954.06019670568
1772937117.8543923,5135.626799969356
1772937117.854401,-9437.841370215223
1772937117.8544095,-23631.30390771173
1772937117.8865023,23716.58601781389
1772937118.2790096,27220.148684007843
1772937118.2790363,16666.08872455712
1772937118.2790527,1980.396046439711
1772937118.2790668,-5743.729857135782
1772937118.552152,-48888.508428308625
1772937118.8623323,-27435.06897100627
1772937118.8623564,-1243.9337225807928
1772937118.8623679,11009.729597011321
1772937119.0390687,-38680.71026747395
1772937119.0883005,-5661.802010406297
1772937119.0883667,5934.7628779041615
1772937119.0883918,9936.190083768879
1772937119.0884142,5003.859591196885
1772937119.088446,2797.3174668582287
1772937119.088461,12874.250250604804
1772937119.0884724,28788.70941347143
1772937119.0884848,34053.375989473614
1772937119.0884953,21377.397659405866
1772937119.0885065,1580.6801605366973
1772937119.2488728,-6037.475986608949
1772937119.3383043,-20610.861860547662
1772937119.3383243,1387.1089514823793
1772937119.3383365,13871.682968588131
1772937119.338346,9986.55774306902
1772937119.338356,2233.2443005892146
1772937119.3383653,3077.401875482887
1772937119.3383749,9741.639817153069
1772937119.3383834,11156.501993184582
1772937119.33841,4996.168448325815
1772937119.3384185,937.9552911423257
1772937119.3384264,6339.077506400869
1772937119.3384342,14443.817073157452
1772937119.338442,11675.027326463689
1772937119.3384776,-4834.973055248568
1772937119.3384852,-21960.8383632434
