timestamp,value
1772934363.2024796,1035.1646882660389
1772934363.2025049,925.7398214412993
1772934363.2025123,572.0902923459547
1772934363.2025182,451.1873179732775
1772934363.2025237,722.2897229985327
1772934363.2025287,1016.004450986667
1772934363.2025335,934.2940713704207
1772934363.2025392,589.0328304186885
1772934363.2184987,451.1744423300998
1772934363.2476337,712.0194296108049
1772934363.247654,1015.071638610734
1772934363.247664,944.8789455543399
1772934363.2817357,594.6194629455466
1772934363.2817624,445.500436595435
1772934363.281773,706.0533564955299
1772934363.2817845,1018.236944808844
1772934363.281795,945.6570038264869
1772934363.366098,585.0090989269492
1772934363.3661137,435.77633717990796
1772934363.3661196,715.6686587379327
1772934363.366125,1041.3431012253561
1772934363.36613,953.6814002559242
1772934363.3661351,564.799206538039
1772934363.36614,417.3155917899087
1772934363.366145,728.6426196446498
1772934363.3661497,1071.077562828602
1772934363.3661544,958.1623659398948
1772934363.3661594,536.195856400566
1772934363.3661644,398.4417676284913
1772934363.454464,755.0514983889814
1772934363.454481,1109.9857127339264
1772934363.4544878,951.3026311909817
1772934363.4544935,484.707332476658
1772934363.4544995,371.68479927857237
1772934363.4545052,793.8959057093564
1772934363.4545107,1164.364342783107
1772934363.4545164,939.7397504313637
1772934363.4545217,415.40921812414416
1772934363.4545271,343.4993179821754
1772934363.535795,860.5086822338654
1772934363.5358152,1239.4946831920454
1772934363.5358236,907.0477570864305
1772934363.53583,302.1717367509659
1772934363.5358353,307.00138529514476
1772934363.5358415,968.6174771043272
1772934363.5358472,1350.0732007782613
1772934363.535852,841.5430456274102
1772934363.5358567,118.05213820934087
1772934363.5358615,264.97860358585837
1772934363.5358665,1173.13483718538
1772934363.5358715,1541.0982410062988
1772934363.535876,704.2912102989606
1772934363.551911,-227.6037517846187
1772934363.5519533,217.14236316393257
1772934363.610118,1628.8110520596188
1772934363.610134,1938.826793471963
1772934363.61014,311.41193541901305
1772934363.610145,-1150.243580544578
1772934363.61015,161.40924891671003
1772934363.610155,3286.157572211498
1772934363.61016,3546.1257593543355
1772934363.6623728,1154.9940041813936
1772934363.66241,753.192787596612
1772934363.6624217,83.973897745247
1772934363.662431,95.02142704923841
1772934363.6624427,808.3198354925158
1772934363.6944664,1240.5772596901345
1772934363.6944964,749.8620293550362
1772934363.760742,-4.2970971963320626
1772934363.760769,47.662804898853096
1772934363.7607808,884.5989680497386
1772934363.7607913,1347.4006605248185
1772934363.7608,739.7644814114461
1772934363.7608104,-133.82255478273927
1772934363.7838123,-26.02005399945431
1772934363.7838323,979.2697759468002
1772934363.8310192,-1121.4945148737315
1772934363.8310342,-1139.4265828745924
1772934363.8310413,2727.0888272894304
1772934363.855176,5626.505020576101
1772934363.8552,469.8146520049787
1772934363.8552084,-13337.345356560763
1772934363.8712175,-26572.415457643263
1772934363.8712437,-27865.221882791342
1772934363.9344969,-15328.642033295955
1772934363.9345267,720.7142794927969
1772934363.9345405,7838.506035521919
1772934363.9345524,3683.248415738063
1772934363.9345624,-2980.2748058197762
1772934363.9666111,-3191.5323257660066
1772934364.0258763,2305.7807520969623
1772934364.0258992,5455.348154786745
1772934364.0259092,1880.7068110620771
1772934364.0259187,-3407.389034004577
1772934364.0259283,-2634.918866743449
1772934364.0259373,4098.2721935023055
1772934364.025946,7621.737229809881
1772934364.069986,1159.037139023344
1772934364.0700011,-545.0266947183466
1772934364.101163,-533.548842173508
1772934364.1011927,1013.5779727082429
1772934364.101203,1863.8528818820491
1772934364.1012144,914.7673051320234
1772934364.1012244,-404.2551592856443
1772934364.1012335,-256.5917368740575
1772934364.1332467,-14463.778008273372
1772934364.149326,-9972.501854745087
1772934364.1864705,-2594.066000541042
1772934364.1865058,2355.386216752675
1772934364.1865122,2955.7982785756235
1772934364.1865177,1128.5288992626483
1772934364.1865227,-277.14061072104056
1772934364.1865275,-122.63890490177367
1772934364.2577884,844.5189641439626
1772934364.2578108,1437.9948386191745
1772934364.2578208,1216.220182524682
1772934364.257829,575.3789223894662
1772934364.257837,195.85476716430742
1772934364.2899096,440.6856759833235
1772934364.3451304,1048.8511177487214
1772934364.3451614,1340.9124817395852
1772934364.3451724,920.7919006022289
1772934364.3451812,229.24257355806884
1772934364.34519,145.447205937537
1772934364.3451989,886.8996903241385
1772934364.3452072,1562.5534004253857
1772934364.3612201,1198.7666168565688
1772934364.3772674,114.82566196976207
1772934364.4214706,-249.72912308363797
1772934364.4214993,805.4787288924009
1772934364.4215074,2039.2017511102072
1772934364.4215174,1623.00443913036
1772934364.4215248,-285.17873918536816
1772934364.42153,-1188.857079863657
1772934364.453578,756.7892039018536
1772934364.5048983,-14884.379716449612
1772934364.5049245,-11162.751051066067
1772934364.5049348,-2824.5015219712614
1772934364.5049436,3383.366797312665
1772934364.504952,3755.821973689718
1772934364.5049603,572.7738786253024
1772934364.5049686,-1384.727389935271
1772934364.5049767,-217.9110823820482
1772934364.5499904,1874.6871041475044
1772934364.5500133,2109.9065368230513
1772934364.5500233,564.5205630329012
1772934364.5891504,-479.2182063875986
1772934364.5891747,238.6556292968957
1772934364.5891848,1529.681634198242
1772934364.589193,1629.7562116732063
1772934364.5892007,554.8107386912087
1772934364.5892088,-139.01375210395793
1772934364.637355,428.52632149064493
1772934364.66546,1371.1280224900206
1772934364.665486,1389.3615666740081
1772934364.665496,540.9392055626787
1772934364.6655047,45.061805558220485
1772934364.6975987,546.7938138145465
1772934364.7136748,1291.7777157261135
1772934364.7528317,1247.109317660145
1772934364.7528548,524.4356952245275
1772934364.7528665,152.9792963314133
1772934364.7528756,621.4764096658024
1772934364.752884,1239.7851291784111
1772934364.752892,1148.752138216276
1772934364.8010156,505.4795328349209
1772934364.8170848,227.09508149016887
1772934364.8331487,682.382483974586
1772934364.8331728,1210.699929545513
1772934364.917507,1073.7115929689078
1772934364.917528,486.1895179570728
1772934364.9175568,281.54684520944346
1772934364.9175637,734.2088996561245
1772934364.9175704,1192.3478336757769
1772934364.9656909,1013.8551571354357
1772934365.0048308,463.339141528233
1772934365.004858,323.7347967068408
1772934365.0048687,785.1863039645829
1772934365.0048776,1187.9559195487252
1772934365.004886,963.7501706215688
1772934365.0048947,436.5919797752206
1772934365.0791476,357.9181891752994
1772934365.0791748,837.3269031284102
1772934365.0791848,1191.7929932201425
1772934365.0791929,915.7130971060459
1772934365.0792012,400.6291245866157
1772934365.079212,381.13794124281446
1772934365.0792224,888.9568997236076
1772934365.1273575,1199.566297440094
1772934365.1664968,863.8318834138986
1772934365.1665218,352.0510505181785
1772934365.166531,398.43196333727207
1772934365.1665392,949.3316791861761
1772934365.166547,1220.5863360561136
1772934365.1665688,809.4334175332485
1772934365.1825917,289.7987683471347
1772934365.198656,417.35218931408457
1772934365.2147076,1033.3520123527032
1772934365.2368224,1260.3475790887048
1772934365.2368433,743.1767886986695
1772934365.23685,198.86155116488575
1772934365.3282373,428.30665045994664
1772934365.328258,1145.887120676091
1772934365.3282683,1322.9691024161878
1772934365.3282776,648.6842217334367
1772934365.3282871,53.113354360648664
1772934365.3282967,440.68879861386864
1772934365.3603013,1336.742942627754
1772934365.4085295,1446.5098000641256
1772934365.4085553,491.601205173127
1772934365.4085655,-223.5931169083389
1772934365.4085743,449.2436953653834
1772934365.4085839,1728.195884947774
1772934365.4085937,1729.7182393944165
1772934365.4086027,128.19380168587762
1772934365.4968548,-955.3380577167625
1772934365.4968832,458.16666085708584
1772934365.4968925,3074.9358971070374
1772934365.4969027,2967.793152398189
1772934365.4969127,-2009.0140515270741
1772934365.572302,560.8233680515126
1772934365.5723412,464.8895982629721
1772934365.5723507,582.8781387467254
1772934365.572358,749.1122065303776
1772934365.5723655,734.0245978540825
1772934365.5723722,561.1162856968185
1772934365.5723796,470.97014688608857
1772934365.6365,586.5271661045914
1772934365.636521,746.3427387044518
1772934365.6595552,733.267609745632
1772934365.6595967,566.6147381202583
1772934365.6596084,480.7288199853236
1772934365.6756124,593.6048474362158
1772934365.7358656,747.7354002160914
1772934365.7358873,727.0731327257017
1772934365.735898,560.0946889917941
1772934365.7359068,476.95074908334993
1772934365.7359152,591.4043398309541
1772934365.7359238,744.4538681926672
1772934365.735932,724.9960594617218
1772934365.820246,561.5713136619145
1772934365.8202672,480.6885784664834
1772934365.8202784,595.4920868702897
1772934365.8202877,747.7699020042216
1772934365.820298,727.269516855237
1772934365.8995383,564.7664090207043
1772934365.8995595,482.29659923791144
1772934365.8995728,593.8399344458012
1772934365.899583,744.097555166147
1772934365.899592,724.4511114519311
1772934365.9708393,560.1187584685263
1772934365.970874,478.46808465764485
1772934365.9708884,591.9355374748153
1772934365.970901,744.5629526999544
1772934366.0195432,725.5472349123276
1772934366.071237,559.1865415014103
1772934366.071262,475.43387028764937
1772934366.0712729,590.0754249493089
1772934366.071282,746.6731626508683
1772934366.0712907,730.0230899571453
1772934366.071299,562.9418090044694
1772934366.0713072,476.4351443908493
1772934366.0713155,591.7820353207136
1772934366.0873373,751.2359213130736
1772934366.1506045,736.8951270694412
1772934366.1506326,563.0336029960173
1772934366.150643,468.95623020411915
1772934366.150652,585.4275907481466
1772934366.1506605,753.5910077750843
1772934366.150669,740.2035797720988
1772934366.1506777,559.501766259098
1772934366.1506865,458.397939108275
1772934366.1506948,579.2467521208255
1772934366.2309265,759.6285212933568
1772934366.2309473,750.412061798584
1772934366.2309563,560.4386501088354
1772934366.2309668,448.9341986511762
1772934366.2309756,573.0383372782054
1772934366.2309833,766.7347941585842
1772934366.230991,762.0748158598773
1772934366.271082,558.6710684099398
1772934366.2711132,433.20607275549116
1772934366.2711234,564.1094957954751
1772934366.3132648,779.0475028864408
1772934366.3133025,783.1212068640832
1772934366.3133135,561.9442459034724
1772934366.313323,414.823795086639
1772934366.3133318,549.9918465785303
1772934366.3133404,790.3111777626654
1772934366.3133495,803.5840305900672
1772934366.4025953,1220.7749132921774
1772934366.402616,1336.00231940899
1772934366.4026225,657.5204197080163
1772934366.4026277,81.45671584882272
1772934366.4026327,743.2261213269484
1772934366.4026375,2069.5163898802707
1772934366.4026427,1435.2624240813443
1772934366.4026473,-3378.6770641525054
1772934366.4026525,-11113.958660335999
1772934366.4026573,-16973.507448952452
1772934366.4026623,-16440.882077877566
1772934366.402667,-9534.226515496117
1772934366.418694,-1083.857038284003
1772934366.4347985,3512.6160277881213
1772934366.4669268,2880.709871881179
1772934366.466951,130.01701552679145
1772934366.466961,-926.0203973220979
1772934366.4669852,476.5417474834385
1772934366.4669933,2100.7409629501108
1772934366.5151,1889.7850562266995
1772934366.5151205,366.901962479944
1772934366.5452597,-385.2169332607463
1772934366.5452847,551.9678062244691
1772934366.5452948,1858.3060087919473
1772934366.545304,1793.9790399554952
1772934366.545313,456.0820529232923
1772934366.5453212,-367.9387286890895
1772934366.6476204,455.7743902421013
1772934366.6476457,1894.7122419282564
1772934366.6476548,1999.8488871953366
1772934366.6476629,489.4302735499014
1772934366.6476712,-700.906187026234
1772934366.647679,184.28393146519318
1772934366.6637092,2239.6348428046394
1772934366.728974,890.4107000650181
1772934366.7289903,441.7732107588691
1772934366.7289968,1076.2911558608278
1772934366.7290025,1971.8748169511903
1772934366.7290077,511.3562432963014
1772934366.7290127,-5593.868927667171
1772934366.7290175,-15682.075132631095
1772934366.729024,-25440.798530523167
1772934366.7611012,-1964.647544833926
1772934366.7772956,3212.81279648476
1772934366.812282,2725.949230030884
1772934366.812301,48.07410823900269
1772934366.8123071,-706.4510835385445
1772934366.8123126,662.7155201290965
1772934366.828395,1595.4092384406977
1772934366.844442,915.3450548443379
1772934366.886616,65.05364051800481
1772934366.886639,444.78124324196676
1772934366.8866503,1264.235390697932
1772934366.886662,1029.0353779384645
1772934366.8866715,69.15342644912896
1772934366.8866808,79.61100475585013
1772934366.930823,1304.4590514273086
1772934366.930853,1821.837531606045
1772934366.930865,403.7973066304127
1772934366.9669669,-1093.2956325841874
1772934366.966987,91.57995862675807
1772934366.9670107,3181.508543861314
1772934366.967019,3467.9136478949295
1772934366.9670272,-2327.4327810249665
1772934367.0422456,556.8566144873101
1772934367.042272,98.46489965730431
1772934367.0422816,324.8577008223862
1772934367.0422897,872.799610305038
1772934367.042298,910.1144224346881
1772934367.0423062,388.2024670361043
1772934367.0423162,105.08097277761884
1772934367.0824437,494.62439105715436
1772934367.0824635,970.2881869045226
1772934367.0824773,794.1469489567812
1772934367.121632,205.89701860367077
1772934367.1216724,109.79580297099879
1772934367.1216838,694.7833240882103
1772934367.153722,1093.2398080663002
1772934367.2049308,650.7722663312196
1772934367.204959,-27.33015763439605
1772934367.2049687,112.36602774544761
1772934367.2049775,966.4538160923063
1772934367.2049863,1274.5907209804197
1772934367.204995,441.5599307254843
1772934367.2050033,-401.32933790594586
1772934367.2942908,-394.8582525535725
1772934367.2943103,75.19424496500403
1772934367.2943206,1221.6936166963187
1772934367.29433,1370.4670762973838
1772934367.2943387,105.92075770811691
1772934367.2943468,-870.4604448197371
1772934367.294355,112.80239724828955
1772934367.294363,2120.820087104781
1772934367.2943711,2162.7915112445567
1772934367.2943792,-1324.1470460190885
1772934367.294387,-6145.582492435047
1772934367.2943957,-8222.820228694247
1772934367.310454,-5777.247221726293
1772934367.36057,-1117.3086629325994
1772934367.3605988,1911.6012350999108
1772934367.3606102,1774.5672236473756
1772934367.3606193,173.73991973673785
1772934367.3606296,-485.12705712883115
1772934367.3606389,262.6267069489486
1772934367.3606472,1070.5448578973715
1772934367.3606553,896.6864510803559
1772934367.392719,199.66881981217716
1772934367.4499516,8.691573192820535
1772934367.4499664,482.58787810786816
1772934367.449973,863.1570172495574
1772934367.4499784,647.7166129564869
1772934367.4499836,220.57635535855
1772934367.4499884,200.9515676946801
1772934367.449993,565.8037939237256
1772934367.5029695,2730.7874474990053
1772934367.502989,2011.5471173064095
1772934367.5029995,-826.3017273611028
1772934367.5030086,-1860.6810324874068
1772934367.5030177,1226.028421418841
1772934367.548334,5021.980177279743
1772934367.548355,2894.8812756004
1772934367.5483658,-7616.688620644483
1772934367.5483747,-20641.40030708044
1772934367.5483835,-26415.5084717652
1772934367.5483916,-20364.46201127215
1772934367.6166377,-4860.782768641449
1772934367.6166613,-506.27644780578225
1772934367.6166713,-6433.608137758067
1772934367.6166835,-13655.893861380839
1772934367.6166945,-12738.90032056198
1772934367.6167033,-3894.260522090029
1772934367.6167128,4369.792243780181
1772934367.6167219,5349.991679010706
1772934367.61673,873.3718057263362
1772934367.616738,-2282.038960983599
1772934367.697938,-727.2685321916414
1772934367.6979585,2574.628351154571
1772934367.697965,3176.8697653468066
1772934367.6979706,808.0916022612709
1772934367.6979764,-1032.1904168395981
1772934367.697981,-60.83257494039624
1772934367.6979866,2078.1553335386347
1772934367.6979916,2451.887973779086
1772934367.6979969,780.7020660667495
1772934367.6980016,-512.5432010940268
1772934367.7140274,239.21272034360877
1772934367.7301,1839.4327553742025
1772934367.7802634,2083.557168117396
1772934367.780293,766.2364139808521
1772934367.7803004,-225.48001773954041
1772934367.7803068,410.62080725385556
1772934367.780312,1700.4115446335277
1772934367.7803175,1865.0584812543407
1772934367.7803233,760.3584769179434
1772934367.7803285,-40.97373200244327
1772934367.7803333,524.7061891395014
1772934367.819454,1611.1323560064413
1772934367.8194776,1717.4941582129286
1772934367.8194857,753.5074818974342
1772934367.8616292,86.71319057727791
1772934367.861656,608.4221948527647
1772934367.8616676,1552.6868102383357
1772934367.8616762,1613.4586642489833
1772934367.8616843,746.6225137380576
1772934367.8616927,173.95790435730876
1772934367.928912,666.8814937219871
1772934367.9289365,1507.666967057908
1772934367.9289463,1532.9506545558133
1772934367.9289556,737.9844461328634
1772934367.928964,241.06437915763644
1772934367.928972,713.0335634456845
1772934367.944967,1473.4133989302948
1772934367.9610431,1468.5122029236654
1772934367.9851599,725.0277380538299
1772934367.9851806,287.2156479733095
1772934368.0273037,746.3542751791107
1772934368.0273309,1445.653925228049
1772934368.027341,1413.5644048667557
1772934368.0273497,711.7856641255945
1772934368.0273583,324.3988553316882
1772934368.0273666,779.8058055005939
1772934368.0273752,1432.0846716521771
1772934368.0665147,1375.3908809692227
1772934368.0665412,704.1417653030358
1772934368.066552,358.44773788768254
1772934368.0886037,813.0051405172607
1772934368.0886261,1424.8344708157265
1772934368.0886333,1344.796232383939
1772934368.088639,694.5461433984758
1772934368.1046436,384.76013669232003
1772934368.136788,841.4897186321216
1772934368.1830015,1421.9215970609887
1772934368.183029,1321.43873849579
1772934368.1830385,686.1969757144177
1772934368.1830463,404.6328422911784
1772934368.1830547,865.0602400211448
1772934368.1830623,1421.0885118378046
1772934368.183071,1298.552774359589
1772934368.183078,672.5353811887009
1772934368.2151136,415.6062631597335
1772934368.2522852,883.3658476985194
1772934368.252306,1417.3087944456965
1772934368.2523124,1271.0278611745039
1772934368.2523184,649.7454611115461
1772934368.2523236,421.9153163306762
1772934368.2764163,900.5767421293602
1772934368.2764654,1421.75831404498
1772934368.2764733,1255.4025922387016
1772934368.3084998,635.3562828525406
1772934368.3085277,429.7265781571823
1772934368.3386548,928.4152813029335
1772934368.3386931,1436.2265319254218
1772934368.3387003,1241.504585983377
1772934368.3387065,612.3965336958792
1772934368.3616805,426.5283376397508
1772934368.3616993,948.417356480499
1772934368.440014,1448.2845530350803
1772934368.4400396,1225.8928580867648
1772934368.440056,584.1615471906835
1772934368.440066,419.62126511519824
1772934368.4400747,969.0540294240279
1772934368.440083,1468.9634241656136
1772934368.4400914,1215.69466479738
1772934368.4400997,556.2023750743564
1772934368.4812882,408.3729969330581
1772934368.4813075,995.5436973925222
1772934368.4813168,1500.3290275130062
1772934368.5203428,1209.524594402532
1772934368.5203602,518.2117591194652
1772934368.5203676,396.0289782408224
1772934368.520373,1029.6788492097496
1772934368.5203793,1539.243640184917
1772934368.5203848,1196.1822389688093
1772934368.5524976,461.49609184387526
1772934368.5525188,368.96278251268006
1772934368.568566,1071.978906324992
1772934368.6046884,1599.0529267383115
1772934368.6047173,1188.4904704139092
1772934368.6047275,387.52925284950135
1772934368.604736,326.94976989928756
1772934368.6047444,1130.6330586023805
1772934368.6368728,1685.1967389245456
1772934368.683025,1174.9541900712127
1772934368.6830454,276.78333226515014
1772934368.6830533,267.6596414161568
1772934368.6830592,1223.7578453827691
1772934368.6830645,1818.5638049471565
1772934368.6830716,1146.5746289332044
1772934368.683077,89.4451260105552
1772934368.7312877,188.5138846198856
1772934368.7313132,1430.4473363780348
1772934368.7684188,2057.1703993123506
1772934368.768441,995.9389044006043
1772934368.7684517,-356.6537471969402
1772934368.7684617,209.4786703526578
1772934368.80054,2285.5931842541568
1772934368.8386853,1143.734239611319
1772934368.8387032,893.6601677892426
1772934368.838709,352.1597748812602
1772934368.8387144,268.95551368372656
1772934368.8387196,779.5958383278123
1772934368.838725,1191.165978851789
1772934368.8708212,920.0158053394848
1772934368.9119859,-2853.0671278233467
1772934368.9120193,-10796.364369907458
1772934368.9120293,-13895.647616986009
1772934368.912038,-9747.857057943687
1772934368.912047,-2207.8203624401076
1772934368.9120553,2809.6587249052627
1772934368.9120634,2999.0799548799573
1772934368.968311,790.2324849471117
1772934368.9683633,-372.6770136890551
1772934368.9683735,318.59324974299597
1772934369.0154157,1283.7250068131927
1772934369.0154333,4168.426879861991
1772934369.0154393,3345.4443359897014
1772934369.015446,-2488.2787833679395
1772934369.015452,-10128.61069522873
1772934369.0154574,-13877.706257942253
1772934369.0154626,-10449.325577151556
1772934369.0154676,-2358.8582784468995
1772934369.0817008,3986.699347966194
1772934369.0817273,4237.037958896326
1772934369.0817375,221.66838706288155
1772934369.0817463,-2258.4238969827848
1772934369.0817547,97.8653190354433
1772934369.081764,4296.11279990555
1772934369.0817723,4242.620013630705
1772934369.081781,-2373.1706572113762
1772934369.1138153,-11021.299133897071
1772934369.1670716,514.2626886747264
1772934369.167104,1101.4960513264866
1772934369.1671147,1223.3751194613287
1772934369.167124,827.3339456109528
1772934369.1671326,525.6285594616745
1772934369.167141,683.5975335648651
1772934369.1671493,1002.2098215047309
1772934369.167158,1034.2615266636844
1772934369.1671662,795.0477691294207
1772934369.1671753,654.4909264893837
1772934369.1671836,780.3799045299121
1772934369.2533853,952.0489707063979
1772934369.2534144,925.4751809642817
1772934369.253426,775.6790529550425
1772934369.253435,735.2128562062427
1772934369.2534456,842.2739883238152
1772934369.2534547,917.0033127580818
1772934369.2534633,854.6975075247489
1772934369.2534711,770.4930454375487
1772934369.2534792,800.3616325294051
1772934369.338754,885.9742243752038
1772934369.338784,888.1622866810609
1772934369.338797,801.665667047649
1772934369.3388064,767.20138055562
1772934369.3388157,843.2465118873404
1772934369.3388243,910.5077067283288
1772934369.3388324,858.7482059685196
1772934369.338841,764.6056536298698
1772934369.3388498,778.1510128358188
1772934369.3709137,885.3559131578983
1772934369.4210916,924.8850146952889
1772934369.4211268,830.3053529613316
1772934369.421138,740.830630846206
1772934369.421147,795.1821237229411
1772934369.4211564,913.7274938795246
1772934369.421165,913.179891741222
1772934369.4211736,789.3166219452373
1772934369.4211822,731.3992687739642
1772934369.4211907,831.5667853367469
1772934369.453298,936.6512452239853
1772934369.4533193,877.9726654575641
1772934369.502433,752.9075311633088
1772934369.5024617,772.4793158272128
1772934369.5024688,912.391523958716
1772934369.50248,925.9880027934211
1772934369.5024884,758.8463004848321
1772934369.5024943,699.8869077315718
1772934369.5025008,923.9748493587052
1772934369.5025058,1092.4450510580593
1772934369.5025108,793.3949879173894
1772934369.518517,349.3934330078664
1772934369.5345926,631.2485999688979
1772934369.5687866,41.56047166756244
1772934369.568817,447.5777274520569
1772934369.5688276,1331.606301473903
1772934369.5688367,1436.3373555281516
1772934369.5688453,546.7221390484125
1772934369.568854,-111.9126107942037
1772934369.584777,447.4439181597631
1772934369.6309686,1510.0442624289333
1772934369.6309888,1553.2084040130676
1772934369.6309988,417.97509463956084
1772934369.667115,-333.2056491683119
1772934369.6671364,451.3495787298032
1772934369.6671462,1768.8086089123005
1772934369.6671548,1718.7778650044577
1772934369.6671646,217.0189583059646
1772934369.699314,-668.5940019305174
1772934369.7333953,468.11397808476966
1772934369.733424,2194.584142151781
1772934369.733436,1986.4071486193695
1772934369.7334468,-142.65983007271902
1772934369.7334552,-1264.705509741597
1772934369.7334657,530.385587932267
1772934369.7494583,3046.675256117493
1772934369.7815883,2500.0263877454495
1772934369.7976482,-1009.3837205514706
1772934369.8337884,-2674.3010111804583
1772934369.8338144,913.8257281088689
1772934369.8338246,5858.783671303145
1772934369.8338337,3800.1934566575737
1772934369.8338423,-8229.479862726723
1772934369.915135,402.70596364475415
1772934369.9151604,282.42906123441935
1772934369.9151702,176.7294897876398
1772934369.915179,232.94640590463388
1772934369.9151871,371.7006882765396
1772934369.9151952,399.02991019390197
1772934369.915203,277.6041812193641
1772934369.9152107,177.66001623766556
1772934369.9152184,238.0554956425875
1772934369.915226,372.7289933240815
1772934369.915234,392.4605617620726
1772934369.9152417,270.1345782330908
1772934369.9152496,178.1559943134194
1772934369.9312148,243.72485449660186
1772934369.981434,374.4554087185871
1772934369.9814615,388.0393542768463
1772934369.9814715,264.22680268475904
1772934369.9814837,177.13333713819296
1772934369.9814944,249.11935930262658
1772934369.9815035,379.4357294960626
1772934369.9815164,385.4958395184046
1772934369.9815257,258.6510987237588
1772934369.981534,176.3902657440413
1772934370.013536,254.01218520536176
1772934370.0517397,380.8928461633076
1772934370.051764,381.0146539083271
1772934370.0517707,253.62129564984733
1772934370.051777,178.42574260261208
1772934370.0517828,262.748914733745
1772934370.0677896,386.16777832255093
1772934370.0838253,378.90945175046244
1772934370.0998976,249.68909575648934
1772934370.1501176,176.97569039844112
1772934370.1501372,265.9813516595748
1772934370.1501462,391.23317636283497
1772934370.1501548,377.89169084589713
1772934370.1501627,245.10828316184646
1772934370.1501708,180.0368020779395
1772934370.1501784,276.08580362615237
1772934370.166181,-8460.595589878563
1772934370.2123654,-6266.93200164925
1772934370.2123935,-1671.815243451764
1772934370.2124033,1718.1276652354036
1772934370.212411,2013.0968406319935
1772934370.2124188,399.81202287865153
1772934370.2124264,-680.1317502574511
1772934370.2124364,-194.05799865402724
1772934370.2124465,856.7346222781516
1772934370.2354963,1089.2605276257484
1772934370.2355173,406.7076751909086
1772934370.2515428,-176.34574990671874
1772934370.2786393,43.53692366985732
1772934370.2786596,652.0106547070027
1772934370.2786696,824.0576070954535
1772934370.3107677,409.9995059644934
1772934370.3107932,15.681626582497731
1772934370.3108032,141.0175147192208
1772934370.3108125,560.5412322542081
1772934370.3108213,700.9989216073313
1772934370.3499627,415.83759413923326
1772934370.3499863,117.14307411147956
1772934370.3499932,194.8122300055888
1772934370.3881552,513.7030171543336
1772934370.3881967,637.1993209149919
1772934370.3882103,421.90868682512513
1772934370.3882232,175.12813683693426
1772934370.3882337,220.01951882629504
1772934370.3882427,475.92516376133653
1772934370.4202895,592.872524944169
1772934370.4734716,427.09209968802514
1772934370.473487,215.74196180413176
1772934370.473493,237.03789540181415
1772934370.4734988,449.1232754304233
1772934370.4735036,563.0956661242985
1772934370.4735093,434.7781461607482
1772934370.4735155,245.00798745914958
1772934370.473522,245.96585639692046
1772934370.4735267,427.6827101812284
1772934370.5538075,542.2549396767052
1772934370.553835,442.8451935775613
1772934370.5538428,268.1777592828786
1772934370.5538485,251.5061965912244
1772934370.553854,409.80019228348834
1772934370.585918,528.4703616753777
1772934370.617051,451.65487181504653
1772934370.6170776,283.8439062733005
1772934370.6170876,250.16219554228485
1772934370.6170964,393.56154284689234
1772934370.6171048,521.6692703437241
1772934370.617113,464.48345407767243
1772934370.6421547,296.003751957792
1772934370.6421695,243.70335577815806
1772934370.642176,375.5878590068587
1772934370.7174666,515.7150989230823
1772934370.717486,475.98626778605404
1772934370.7174933,307.61399922655386
1772934370.7174993,235.0567412456522
1772934370.7175052,357.5646674554157
1772934370.7175107,513.6543895635715
1772934370.717517,492.99330493462014
1772934370.7175224,318.74442691389885
1772934370.717528,222.5517628302418
1772934370.7998145,338.1298422192729
1772934370.7998528,515.9698582164708
1772934370.799867,515.6750969283555
1772934370.7998805,330.52557795937037
1772934370.7998924,205.76992063348968
1772934370.7999065,314.7787210883213
1772934370.7999191,518.2574116420765
1772934370.7999308,539.5883623519292
1772934370.7999425,338.18035329017937
1772934370.799954,179.6606804427382
1772934370.8851488,286.3303023703991
1772934370.8851707,531.6805167767504
1772934370.8851988,584.0057310071926
1772934370.8852067,356.08641291323295
1772934370.885213,143.95760907905793
1772934370.885219,246.00125868434253
1772934370.8852248,547.19790338381
1772934370.8852308,642.8986981106015
1772934370.8852367,377.78095174083506
1772934370.9333453,92.44903173061233
1772934370.9333646,186.43538140081006
1772934370.933374,574.5512246119935
1772934370.9333825,742.3753953717737
1772934370.9574895,422.4032805206818
1772934370.9575129,4.164587482179631
1772934370.9575276,72.05649597179846
1772934370.9734757,605.0905228074748
1772934371.0217273,911.411229079745
1772934371.0217483,502.7803299227529
1772934371.057864,-162.75515536117194
1772934371.0578887,-167.6644720071723
1772934371.057901,654.5473209597743
1772934371.0579112,1296.3640384198284
1772934371.0739372,738.4009482482626
1772934371.090068,-569.6973612690233
1772934371.1061263,-893.586832957665
1772934371.137159,728.4862380983541
1772934371.1371796,2743.7368396508123
1772934371.1371868,2005.0109888134857
1772934371.1371932,-3022.6769609288854
1772934371.2165391,1062.9047172450541
1772934371.2165573,876.6434844658447
1772934371.2165635,-296.5794397804497
1772934371.2165687,-856.6780082744082
1772934371.2165737,149.22861819379864
1772934371.2165785,1500.3297980423858
1772934371.216596,1199.0665017356007
1772934371.216601,-708.7759464701268
1772934371.2166057,-1694.868174645526
1772934371.2166104,152.98278171713
1772934371.2788203,172.32419937332227
1772934371.2788596,76.29083195971828
1772934371.2788675,2.8597202841689455
1772934371.2788787,54.56855135563272
1772934371.2788932,158.24147978398702
1772934371.278902,168.091866105861
1772934371.3018613,70.15442118159548
1772934371.3018808,1.3320992385376569
1772934371.3179646,56.53201438801518
1772934371.3340168,157.21902347840845
1772934371.3651667,161.77203320192993
1772934371.3651953,62.963543384785446
1772934371.3652048,0.11438879847729096
1772934371.381219,61.39277088340972
1772934371.3812408,160.5965957853897
1772934371.4203284,156.57573284602748
1772934371.420344,57.12574361016194
1772934371.4605515,0.5685839850647214
1772934371.4605799,68.41454991350885
1772934371.46059,165.76657958307797
1772934371.460599,156.3888021441177
1772934371.4606075,53.52254583080576
1772934371.460616,1.457136656658212
1772934371.4606245,72.78145082425333
1772934371.5479124,171.5835020027394
1772934371.5479336,155.20618493616473
1772934371.547943,49.28448546610103
1772934371.547952,2.373026387522191
1772934371.5479598,80.2374440467995
1772934371.5479674,173.15877051763005
1772934371.5479753,149.8368226614666
1772934371.5479832,42.28793404015922
1772934371.5479913,1.5288833568944102
1772934371.5479991,85.30842625795643
1772934371.6332924,176.38878374476045
1772934371.6333184,146.74951654639457
1772934371.6333287,36.857468680774794
1772934371.6333368,1.07414761018008
1772934371.633345,90.19470456849457
1772934371.633355,179.16023248125367
1772934371.6333644,142.2693349972969
1772934371.633372,30.62829775726702
1772934371.6333816,1.5170496616952764
1772934371.63339,97.2592391501395
1772934371.6333976,184.3732366767208
1772934371.6334052,140.35887282329432
1772934371.6493125,26.693402425750158
1772934371.7115877,3.789251277641314
1772934371.711609,105.35196782826416
1772934371.7116199,188.96763096227764
1772934371.711629,135.24895594514373
1772934371.7116375,17.109932364390406
1772934371.7116463,-0.7155514531708893
1772934371.7116547,106.77984322884936
1772934371.7116632,187.96174135742527
1772934371.7116716,127.06037899406375
1772934371.71168,8.797310901276564
1772934371.7638164,-2.483682987210889
1772934371.763842,112.596223127759
1772934371.763852,191.8198799348398
1772934371.7638605,122.39096568781937
1772934371.763868,0.8897699546259829
1772934371.7638764,-0.17476853174055693
1772934371.7930045,122.54589812287846
1772934371.7930417,198.60754538349195
1772934371.7930532,118.38156319584381
1772934371.876351,-9.022834627742238
1772934371.8763723,-3.382816303895755
1772934371.8763864,128.8807973304808
1772934371.8764007,202.67928456822057
1772934371.8764102,112.607793039507
1772934371.8764246,-15.91888708302127
1772934371.8764355,-0.09885204302765709
1772934371.8764448,141.51562927268134
1772934371.8764527,210.6589056273627
1772934371.8764613,107.17166437568709
1772934371.876469,-25.839675915112704
1772934371.8764768,0.6575718409790798
1772934371.9164147,151.9890780373377
1772934371.9164295,216.2145973666107
1772934371.9164355,98.25975938427011
1772934371.9605772,-38.93163228078498
1772934371.9605918,0.8045933054120367
1772934371.9605978,167.69436998258251
1772934371.9606032,228.86186201684467
1772934371.9606082,93.78401553374792
1772934371.9606133,-52.31226209857536
1772934371.9767199,-3.355649918527217
1772934371.9998157,174.94916583447934
1772934371.9998407,230.54961095053855
1772934371.9998517,79.22331332702436
1772934372.0449493,-69.65598564115291
1772934372.0449777,-1.4418644589522494
1772934372.0449872,195.69179369639212
1772934372.044996,244.93332322192762
1772934372.0450037,69.81140208639736
1772934372.045012,-87.53062755732475
1772934372.1153476,0.056825073206030315
1772934372.1153712,219.07142558479939
1772934372.1153803,260.43513885612776
1772934372.1153913,56.08951838443655
1772934372.1154006,-111.71549839023116
1772934372.1154084,1.5505900910627035
1772934372.115416,248.60930332605483
1772934372.1154237,280.8575548683166
1772934372.1154313,39.142975236655516
1772934372.2086103,-143.84389601677347
1772934372.2086353,0.7476939675421318
1772934372.2086446,283.9653156998685
1772934372.2086527,304.56523948641694
1772934372.2086613,14.988113385841833
1772934372.2086692,-185.23062881385735
1772934372.2086766,3.2172492991182255
1772934372.2086844,337.0228444156671
1772934372.2086923,341.08452944216145
1772934372.2087004,-19.230416561747568
1772934372.2829611,-244.74821737232608
1772934372.282982,3.4900742057890968
1772934372.282992,407.73789081502883
1772934372.2830007,385.2405220368662
1772934372.2830088,-79.9606905163891
1772934372.2830167,-349.3240038328192
1772934372.2830386,5.4951465835086095
1772934372.2830465,541.0391056415019
1772934372.283054,480.0597253843969
1772934372.3401637,-181.02722466021996
1772934372.3401823,-544.1723526058154
1772934372.34019,-0.3765519071718359
1772934372.3683228,801.7187222044715
1772934372.368348,674.0080784908089
1772934372.4506464,-1.9021040675011576
1772934372.450676,-1.678957731689557
1772934372.450687,-1.411243587140457
1772934372.4506938,-1.5191734516307853
1772934372.450699,-1.9038979982690107
1772934372.4507048,-2.0866580024795875
1772934372.4507103,-1.8318773826763555
1772934372.4507165,-1.4445842439078511
1772934372.4507215,-1.388392467526505
1772934372.450728,-1.7203358028876197
1772934372.5349844,-1.288983574369422
1772934372.535008,-1.851669796224333
1772934372.5350175,-2.127424731300055
1772934372.5350263,-1.8758024261124522
1772934372.5350344,-1.3023611523299723
1772934372.5350425,-0.8882312882981648
1772934372.5350504,-0.9870265858506183
1772934372.5350585,-1.5051345561003397
1772934372.5350661,-1.9375618629985947
1772934372.5350738,-1.7671356034194294
1772934372.6183367,2.070351851796993
1772934372.6183667,3.099092066389244
1772934372.6183765,2.2329919482157647
1772934372.6183848,0.8015323661010115
1772934372.618393,0.2943472665215777
1772934372.618404,0.8462962683260089
1772934372.618414,1.5086558179631397
1772934372.6184216,1.685704629654593
1772934372.6184316,1.7890622174360096
1772934372.61844,2.389348905562938
1772934372.6184473,3.178022612688529
1772934372.691616,-0.12130377129347039
1772934372.6916387,-1.0838106032874206
1772934372.6916451,-1.2125481798084596
1772934372.691651,-0.61140552408489
1772934372.6916564,0.1366263646343492
1772934372.6916616,0.589304967434043
1772934372.6916666,0.8395234308866011
1772934372.6916716,1.1929193886140375
1772934372.6916764,1.5863618976998333
1772934372.6916811,1.579870868521556
1772934372.691686,0.9744180687124827
1772934372.77802,0.07805997069415048
1772934372.77804,-1.5283688901892325
1772934372.7780495,-2.438533288394882
1772934372.778058,-2.2212511883744273
1772934372.778066,-1.316293379509418
1772934372.7780793,-0.5177920698213395
1772934372.7780871,-0.2558546817133189
1772934372.7780952,-0.35048418764919714
1772934372.7781029,-0.2863526378034997
1772934372.7781105,0.3703375730467245
1772934372.7781184,1.666113915939639
1772934372.778126,3.1068738684745743
1772934372.7781363,3.7813168419372762
1772934372.819165,4.080598524699889
1772934372.8191805,2.8489613308720294
1772934372.8191893,1.525293055181764
1772934372.8352358,1.01678305771064
1772934372.851332,1.2237106186815658
1772934372.8513598,1.11414496377095
1772934372.9306307,-1.5426311155353287
1772934372.9306624,-3.9158547126964134
1772934372.9306717,-5.035458064769031
1772934372.9306796,-4.205311974286546
1772934372.9306877,-2.410157092088764
1772934372.930696,-1.3922385682776035
1772934372.962766,-1.0864912791524115
1772934373.014998,1.802026875985453
1772934373.01502,1.556865194403132
1772934373.0150301,-0.0787740124495549
1772934373.0150392,-1.866977104578219
1772934373.0150485,-2.329436321165541
1772934373.0150568,-1.2969857658216237
1772934373.0150657,-0.29168572062986425
1772934373.0150743,-1.0331072666656904
1772934373.0973334,0.32733824728425476
1772934373.0973525,-1.316122201336469
1772934373.0973587,-2.960132741656347
1772934373.0973637,-3.813417637147989
1772934373.0973687,-3.7639583156489858
1772934373.0973737,-3.0131197446594546
1772934373.0973787,-1.797747060403075
1772934373.129444,-0.5695619830417503
1772934373.1294713,-0.0654745501085456
1772934373.1595457,0.5291563102624327
1772934373.1595693,-0.4316080961125988
1772934373.1595757,-1.1461158547688899
1772934373.1756613,-0.5063723185539679
1772934373.2188115,0.7849313388741966
1772934373.2188325,2.207515884768444
1772934373.2188418,2.773711927625987
1772934373.252934,-0.7259862966751232
1772934373.2529557,-0.835469579093281
1772934373.2529619,0.3221539465251552
1772934373.2529671,1.397133824425283
1772934373.2529724,1.3777311482711967
1772934373.2529776,0.6927998998660941
1772934373.2851002,1.530918794312668
1772934373.334356,2.3908289509571685
1772934373.3343787,2.0838216712212514
1772934373.3343883,0.8509821951726884
1772934373.3343961,-0.11647770775829946
1772934373.334404,0.22246392562950804
1772934373.334412,1.2894202717237944
1772934373.3344204,1.3857119250444772
1772934373.366439,-0.24171252405203894
1772934373.4246297,-0.24264076498651843
1772934373.4246564,1.03412612334357
1772934373.424667,3.6028703607456065
1772934373.424676,5.624836256735058
1772934373.4246843,5.895178187901126
1772934373.424695,4.945156132469278
1772934373.4247055,4.034326865143662
1772934373.424714,3.559424928767771
1772934373.4247243,2.971885720290565
1772934373.4247336,2.0674607462211583
1772934373.424742,1.6165677856763285
1772934373.4568284,3.912378176614652
1772934373.45687,4.726277201497434
1772934373.5059955,3.7304736786681234
1772934373.5060205,3.9760514703073957
1772934373.5060267,4.296454114260303
1772934373.5060327,4.345357275807997
1772934373.506038,3.7190382530616906
1772934373.5060427,2.4176068574767497
1772934373.5060475,1.0224196544573463
1772934373.5060527,0.23332297123564638
1772934373.5060575,0.17667886473467048
1772934373.5451448,5.427980266468867
1772934373.545166,8.205798299964213
1772934373.5451727,7.68560488153254
1772934373.545178,4.15867211572341
1772934373.5783448,4.81594717365482
1772934373.57837,5.268393874522517
1772934373.5783796,5.522884631614755
1772934373.5783885,4.405924477305384
1772934373.5783963,2.35650199312643
1772934373.672685,0.16874577086075843
1772934373.672708,-0.6312883772315059
1772934373.6727188,-0.0287078617264674
1772934373.6727297,0.9092123318363173
1772934373.6727405,1.3222408479129708
1772934373.6727488,1.0399892488175042
1772934373.6727595,0.20317603789875965
1772934373.6727688,-1.013562046758288
1772934373.6727767,-2.1723275167837017
1772934373.6727848,-2.5280384918543253
1772934373.6727931,-1.683757647303595
1772934373.6728017,-0.23441906133358145
1772934373.701805,2.230709194184963
1772934373.7018278,2.2587602743145254
1772934373.7018375,0.8879172279016805
1772934373.735934,-0.01426109334904811
1772934373.7359543,0.7285505168414472
1772934373.7359607,2.3690564781231833
1772934373.735966,3.2349766863109575
1772934373.7359717,2.6278954542983657
1772934373.7359765,1.3640846225596555
1772934373.7520008,0.6554630503111697
1772934373.8383644,-0.6262397024393186
1772934373.83839,-0.6634830794410795
1772934373.8383996,-0.1160961227384837
1772934373.8384075,0.9125428762524286
1772934373.8384151,2.02021016737696
1772934373.8384228,2.591845662236191
1772934373.838431,2.4798824230174152
1772934373.8384385,2.3493233163816525
1772934373.8384461,2.92026398380284
1772934373.838454,3.8583626546058194
1772934373.8384633,3.843095625458566
1772934373.8544247,2.0338636184679166
1772934373.885606,2.4927332677101024
1772934373.8856878,1.0990667893747432
1772934373.8856988,-0.04974121125496243
1772934373.8857071,-1.0686466215907495
1772934373.9216747,1.0963583771905696
1772934373.9216945,2.8667540364129183
1772934373.9217012,4.24585985769885
1772934373.921707,4.317348956671616
1772934373.9217129,2.7401337655732285
1772934373.937776,0.1828971050229702
1772934373.9960315,0.9973570384410958
1772934373.9960577,0.400772933346149
1772934373.9960675,0.14311024078706008
1772934373.9960756,0.40947098155628625
1772934373.9960835,1.2506640082109193
1772934373.9960914,2.446208114353819
1772934373.996099,3.49461559087545
1772934373.9961064,3.7657132245795544
1772934373.9961135,2.83837370781279
1772934373.9961212,0.8909796779143854
1772934374.0281382,0.44938568346311786
1772934374.0813735,-0.049821499585754284
1772934374.0814023,-0.7450345735561437
1772934374.0814092,-1.239493237746515
1772934374.0814157,-1.4999774059485407
1772934374.0814211,-1.2952206075408705
1772934374.081427,-0.4832772862730841
1772934374.0814347,0.6326332360357162
1772934374.0814433,1.4118778513720172
1772934374.0814488,1.4632269789263268
1772934374.113501,0.6072437765928439
1772934374.1617346,1.608325529547567
1772934374.1617682,1.23942503436227
1772934374.1617792,0.628227766446001
1772934374.161788,-0.1759996911669175
1772934374.161796,-1.1780494955685894
1772934374.161804,-2.289215264394929
1772934374.1618118,-3.236934841649639
1772934374.2480671,2.162050700079475
1772934374.2480826,4.736543639182838
1772934374.2480886,6.061045671789467
1772934374.2480938,6.079067735970529
1772934374.2480993,5.330093670046777
1772934374.248104,4.350651092428341
1772934374.248109,3.4167687985717925
1772934374.2481136,2.6642729541288266
1772934374.2481184,2.203347312922129
1772934374.2481236,2.03403695178868
1772934374.248129,1.9614151252983503
1772934374.2481337,1.7213173715965202
1772934374.3414352,821.4775594934481
1772934374.3414624,489.29676701125686
1772934374.3414736,311.24228782127125
1772934374.3414824,916.8219571685099
1772934374.3414907,1474.202510089757
1772934374.341499,-333.5111548777282
1772934374.3415098,-6045.578854487687
1772934374.3415196,-14042.450990978326
1772934374.3415282,-20101.713227653727
1772934374.3415384,-21022.086221796588
1772934374.3415477,-17724.307987708333
1772934374.341556,-14289.32152751609
1772934374.341564,-13685.498751258257
1772934374.341572,-14746.674216100071
1772934374.34158,-13734.530918852293
1772934374.3415883,-8733.038820374159
1772934374.3645575,-1966.8307256593453
1772934374.3645768,2440.218804205464
1772934374.364586,2631.8610021553664
1772934374.412734,508.76808522269266
1772934374.4127545,-753.5734327593793
1772934374.412764,-21.37202234877052
1772934374.412773,1272.6124850489473
1772934374.4127817,1429.3827088854052
1772934374.41279,514.4889119814421
1772934374.4127984,-112.41691528816702
1772934374.412807,284.8455319608173
1772934374.4830627,1025.5783009700488
1772934374.4830887,1100.3800619940703
1772934374.4830985,511.5682397874159
1772934374.4831066,117.4404781901156
1772934374.4831147,408.55408439028963
1772934374.4831223,918.0190904357689
1772934374.4831436,947.5087606169672
1772934374.4831512,510.32094556835403
1772934374.4831617,236.3796076787546
1772934374.4831717,474.78723846401346
1772934374.5151913,856.8332675187602
1772934374.556352,855.9982698151725
1772934374.5563743,505.23577226701514
1772934374.5563807,305.31344367903097
1772934374.556386,515.2317200473016
1772934374.5563912,821.7272828723026
1772934374.5563965,803.8196673664945
1772934374.556402,508.55936049907285
1772934374.65675,356.360888601308
1772934374.6567674,542.9110191675713
1772934374.656773,792.7601137158838
1772934374.6567812,761.045895615629
1772934374.6567872,507.6055267254276
1772934374.6567924,391.69640104613956
1772934374.6567972,564.9356043334141
1772934374.656802,775.4952124195529
1772934374.7361047,1968.7532773688997
1772934374.736127,1548.3520428479155
1772934374.736137,-248.11934758590186
1772934374.7361455,-1047.8235703314979
1772934374.736154,758.4920119408283
1772934374.736162,3386.2242556521055
1772934374.7361703,2884.5011500252854
1772934374.7361784,-2507.9353968142036
1772934374.7361865,-9652.468188850935
1772934374.7521622,-12914.15492432826
1772934374.7682445,-9550.664334167637
1772934374.7843802,-2434.755202306291
1772934374.8234663,2837.2281694450994
1772934374.8235092,3281.9857477602595
1772934374.8235228,739.2212317136068
1772934374.823532,-946.7712171650012
1772934374.8235383,-149.15946610217466
1772934374.8235435,1520.243895339068
1772934374.8235495,1852.7088699374553
1772934374.8395278,729.3157482700649
1772934374.8867779,4168.128098289921
1772934374.8868225,532.967732400805
1772934374.8868296,-8918.704199258274
1772934374.8868363,-18380.65376721525
1772934374.8868425,-20114.14778840491
1772934374.8868482,-12188.824266871341
1772934374.886854,-884.3563020808767
1772934374.8868597,5346.66105066219
1772934375.04736,3781.638340991187
1772934375.0473888,778.6485922488212
1772934375.0473993,2018.0070061471606
1772934375.0474083,4658.483943002277
1772934375.0474172,2066.8625892759646
1772934375.047426,-7327.686332790735
1772934375.0474348,-17217.51162260298
1772934375.0474436,-20070.077497259237
1772934375.0474524,-15238.408794623665
1772934375.0474608,-9100.1170607564
1772934375.0474691,-7607.345537881278
1772934375.0474777,-10317.590684822864
1772934375.0474885,-12357.836308242833
1772934375.0474987,-10940.252566207982
1772934375.0475075,-8304.259674487244
1772934375.047518,-8313.825395638862
1772934375.0475273,-11791.119501671305
1772934375.0475357,-16315.438805136595
1772934375.047544,-19854.85542782709
1772934375.0475523,-22949.517623564177
1772934375.0475605,-26774.25303116919
1772934375.0475688,-30139.212886297733
1772934375.0475771,-29748.816790153585
1772934375.0475855,-23636.412256468066
1772934375.0475943,-13640.725894690164
1772934375.0476027,-4065.0341445538324
1772934375.0476108,1820.9970504589537
1772934375.0476186,3727.9479257626217
1772934375.047628,3385.795953554518
1772934375.0634525,2530.679049621611
1772934375.0634773,1993.4345443714205
1772934375.0955763,1981.8732135380499
1772934375.1397405,2409.8293548200636
1772934375.1397583,2876.9765566645456
1772934375.1397655,2881.383143408433
1772934375.1397712,2388.6570426469734
1772934375.1397767,1985.3625484731463
1772934375.1397824,2194.3932455776303
1772934375.1398103,2762.4786506593614
1772934375.1718864,2945.2028167580825
1772934375.2351427,2492.519176367397
1772934375.235176,2008.3558733184518
1772934375.2351885,2148.3099968452802
1772934375.2351985,2722.313843722648
1772934375.2352095,2947.1105154439965
1772934375.2352192,2517.249907032402
1772934375.2352273,2024.694838940032
1772934375.2352357,2144.079674980178
1772934375.2352438,2705.599569594313
1772934375.3174815,3833.2486139640596
1772934375.3175044,3278.440437779933
1772934375.3175104,1561.0387282051263
1772934375.3175159,977.8128487196867
1772934375.317521,2699.4532308632483
1772934375.317526,4857.92487636913
1772934375.3175309,4235.326315957558
1772934375.317536,-87.96238411457301
1772934375.317541,-5267.486001058537
1772934375.317546,-7226.684494616289
1772934375.3175504,-4546.697521226158
1772934375.380732,-256.2814610155814
1772934375.3807604,3791.783677114362
1772934375.38077,5043.260258432468
1772934375.3807783,3459.0517108006457
1772934375.380787,1208.7771954366988
1772934375.3807952,817.2725546637536
1772934375.380803,2837.549441250715
1772934375.380811,5072.141608352009
1772934375.3808193,4436.618769973845
1772934375.3808277,96.12189862258313
1772934375.380838,-5205.244344687458
1772934375.396814,-7338.980891319923
1772934375.4640684,-4629.223352766078
1772934375.464096,-9404.604219651219
1772934375.4641075,-3296.024028678014
1772934375.4641168,2166.6135614545456
1772934375.4641256,4262.189552972488
1772934375.464134,3485.089453786062
1772934375.4641423,2229.3246630331
1772934375.4641504,2113.1583600247905
1772934375.4641588,2828.1023120805316
1772934375.4641669,3237.4806072952942
1772934375.4641752,2944.7792620254218
1772934375.535391,-7635.404120926621
1772934375.535416,-11016.221503600136
1772934375.535426,-7317.22044378951
1772934375.5354347,59.16397732210951
1772934375.5354433,5171.1389453240145
1772934375.535452,5284.177828491761
1772934375.53546,2666.2247114559013
1772934375.560475,-20038.884098254926
1772934375.560494,-25667.238806008503
1772934375.560504,-23009.41724607818
1772934375.5765555,-16143.4730810336
1772934375.5925806,-9317.954691386169
1772934375.623727,-24828.30931167404
1772934375.6237507,-19422.69640902112
1772934375.6719663,-6365.8709593302265
1772934375.6980321,5378.207065276171
1772934375.6980603,8501.033132342089
1772934375.6980712,4521.024454994405
1772934375.714074,746.9345765535883
1772934375.7954152,1628.4257303525337
1772934375.795443,4881.848001594316
1772934375.7954524,5885.715152208615
1772934375.7954605,3788.0894807790646
1772934375.795468,1833.3702452663304
1772934375.795476,2552.0099575284194
1772934375.7954838,4624.982963317935
1772934375.7954915,5134.213551494208
1772934375.795499,3583.8405386880117
1772934375.7955062,2268.3755735590594
1772934375.7955139,2929.8941029759308
1772934375.795522,4494.328869743069
1772934375.8276088,4766.718054890016
1772934375.8276343,3487.864889899703
1772934375.8837745,2505.5874209384583
1772934375.8838084,5777.607164569369
1772934375.883818,6756.01170973237
1772934375.883826,1644.1707369737057
1772934375.8838344,-6669.318650433
1772934375.8838425,-10807.114524291406
1772934375.9159667,-6819.581324863175
1772934375.9514503,1461.2773108751628
1772934375.9514716,6748.573331873236
1772934375.951482,6027.9084491740705
1772934375.951491,2760.5114259851284
1772934375.9515,1768.7655189167504
1772934375.9832065,3677.1509155552535
1772934375.9992735,5329.676211239927
1772934375.999298,4579.927726804003
1772934376.03744,2837.4804284863408
1772934376.0374668,2617.5581140631693
1772934376.037477,4030.1869923647914
1772934376.0374856,4946.482018851332
1772934376.0374992,4146.675624665766
1772934376.0375075,2892.643994195911
1772934376.0375156,2966.597920293904
1772934376.0375237,4171.437105657647
1772934376.069532,4750.500334471307
1772934376.11473,3932.565826214248
1772934376.114757,2936.4908982511192
1772934376.1147673,3166.7116884164197
1772934376.1147761,4244.324363066632
1772934376.114785,4621.265678161779
1772934376.1147933,3794.1064669760717
1772934376.1148014,2966.8815604390315
1772934376.144916,-6765.548777511817
1772934376.144945,-9126.27464052144
1772934376.1449547,-5527.795768478364
1772934376.2021196,805.9534089784543
1772934376.202136,5322.276898296731
1772934376.202142,6028.1554712948255
1772934376.2021477,4334.694281444623
1772934376.2021532,2871.88997453527
1772934376.2021585,2968.463264530743
1772934376.2021632,4020.7001353989076
1772934376.2021704,4694.060330605195
1772934376.202177,4381.887171008668
1772934376.2583756,3602.690488147031
1772934376.258401,3276.1028556167803
1772934376.2584112,3716.156373164259
1772934376.2584195,4360.729065045526
1772934376.2584276,4437.213708594505
1772934376.2584355,3856.194879819998
1772934376.2744007,3335.617201646884
1772934376.2744243,3554.7315202923864
1772934376.2904289,4280.280681224422
1772934376.322656,4566.0435186512295
1772934376.3647413,3933.8941767612173
1772934376.3647609,3133.85712126429
1772934376.3647673,3393.4220659628922
1772934376.3647728,4749.4031613613
1772934376.3647785,5348.11656153531
1772934376.3647835,2812.131528682566
1772934376.3647892,-3402.4171948499597
1772934376.4501455,3061.3245350246993
1772934376.4501677,3835.086083915361
1772934376.450178,3895.3361087379653
1772934376.4501867,3147.456198940378
1772934376.4501953,2619.970265680134
1772934376.4502032,3053.0478367420974
1772934376.4502113,3859.283883267813
1772934376.450219,3916.9698423184504
1772934376.4502273,3129.43833934182
1772934376.4502351,2584.3738572607685
1772934376.4502456,3054.5530116511823
1772934376.5064433,3902.470426417258
1772934376.5064616,3944.0920454976285
1772934376.5064712,3099.9611310355835
1772934376.506478,2539.576879321204
1772934376.5064833,3064.0946712125865
1772934376.5385404,3962.141484493737
1772934376.538586,3971.4246664967213
1772934376.5385988,3049.1872164433803
1772934376.5386093,2473.5540080203527
1772934376.5705967,3073.017863248425
1772934376.5706162,4037.858639595748
1772934376.6147945,4007.3154942212905
1772934376.614819,2987.9665756519566
1772934376.614828,2394.878107427095
1772934376.6148372,3093.004008388622
1772934376.614845,4139.7666964864175
1772934376.6148531,4052.301171091241
1772934376.6148612,2902.581496036374
1772934376.6579912,2288.263920434667
1772934376.658013,3119.9961761027184
1772934376.6580205,4280.032548455505
1772934376.6981552,4120.112770327658
1772934376.6981788,2790.2793505849586
1772934376.6981895,2138.493361035155
1772934376.6981993,3150.509362564112
1772934376.698208,4475.280444620316
1772934376.6982164,4214.486520325733
1772934376.7142167,2624.8423086351613
1772934376.738381,1913.9406039851308
1772934376.7383983,3190.8007634798187
1772934376.7384048,4773.2470619134065
1772934376.7764847,4370.607049714661
1772934376.7765126,2361.184529250804
1772934376.7765217,1522.5922584547498
1772934376.7765307,3247.56634564157
1772934376.7765388,5331.407467344714
1772934376.7765472,4710.629223426823
1772934376.7765548,1832.6843584159692
1772934376.7765627,603.6763088853311
1772934376.8085964,3332.852345891438
1772934376.8578165,4309.4112801215
1772934376.857848,3712.1789634154857
1772934376.8578582,2268.2225342069187
1772934376.8578668,2023.1091922077273
1772934376.8578753,3474.575082074904
1772934376.857884,4664.670269484342
1772934376.857892,3777.805102833893
1772934376.8579004,1853.9003771316288
1772934376.8579085,1645.515542555791
1772934376.945171,2895.272455548708
1772934376.9452052,4660.876542361462
1772934376.9452202,4354.69287263596
1772934376.9452353,1989.0209296713601
1772934376.9452488,718.6106810268201
1772934376.945262,2884.5675465594195
1772934376.9452753,6272.675181829158
1772934376.94529,5827.937495980493
1772934376.945306,-419.32404232200236
1772934376.9453225,-8176.163655657865
1772934376.9844124,2844.7557024376
1772934376.9844482,3986.359403048574
1772934376.9844632,3821.696355102738
1772934376.9844751,2223.029346255479
1772934377.0295084,1206.2599974615334
1772934377.02954,2627.5622618938364
1772934377.0295508,5376.588242191736
1772934377.02956,5630.7039930593555
1772934377.0295691,544.315538399967
1772934377.0295784,-8352.970835771801
1772934377.068668,3327.928293655061
1772934377.0686982,4221.303656326548
1772934377.068709,3084.0508891279064
1772934377.068718,-484.7032028465099
1772934377.1068428,2355.9110755529223
1772934377.1068628,2231.1011184729896
1772934377.1068695,2458.859110888148
1772934377.1068752,2759.5952537468843
1772934377.106881,1799.4841350539746
1772934377.1389704,-1875.5877624438365
1772934377.1941588,77.1303890229648
1772934377.1941805,1790.801504301747
1772934377.1941917,4710.265206859722
1772934377.1942008,3590.1789449264375
1772934377.210274,-5287.181377105461
1772934377.2264535,-9197.77662261065
1772934377.2775075,1502.3919391959357
1772934377.2775345,1499.3915452073206
1772934377.2775455,1422.650574346994
1772934377.277554,1377.9440047666603
1772934377.2775636,1421.3953630995325
1772934377.2775724,1490.7856079014925
1772934377.2775807,1496.3691667792243
1772934377.3247452,1437.3089310252951
1772934377.3247764,1391.2920016766302
1772934377.3247883,1410.4727333641536
1772934377.3247976,1464.9210748463645
1772934377.3248072,1490.661730060921
1772934377.3248155,1462.9904473816366
1772934377.37895,1413.8422975120038
1772934377.3789763,1390.9009536041146
1772934377.3789873,1422.5473611926252
1772934377.378996,1487.7495298276997
1772934377.3790047,1517.8493692226684
1772934377.3790133,1458.167709324598
1772934377.379022,1355.7500673786465
1772934377.3790305,1345.8809728683477
1772934377.3790393,1485.4799417406093
1772934377.4141052,1622.8634532660678
1772934377.4141288,1532.5970688305758
1772934377.4141383,1260.014991067727
1772934377.414147,1165.3017991951713
1772934377.414155,1482.4500053264276
1772934377.43866,1877.2082760564829
1772934377.4386764,1728.9575480430196
1772934377.4386823,1014.4770590484654
1772934377.5205677,1833.775905816552
1772934377.5205953,1494.690815551344
1772934377.520603,926.0467382839918
1772934377.5206122,921.9582314802142
1772934377.52062,1519.6196976020165
1772934377.5206263,1908.5014519354654
1772934377.5206325,1525.3221803218178
1772934377.520638,857.2073134674255
1772934377.5206437,822.5883011275754
1772934377.5206497,1522.726455552039
1772934377.520655,2048.2228194109266
1772934377.5968523,890.8507459028081
1772934377.5968738,1238.001527312405
1772934377.596884,1698.8478656603554
1772934377.5968926,1419.5955594172028
1772934377.5969007,642.7187941608145
1772934377.5969095,729.4711624382289
1772934377.5969176,2106.1051210287333
1772934377.5969255,2754.569502143107
1772934377.596934,28.64600975929643
1772934377.6290028,-5578.294763132517
1772934377.6801815,418.72506519707855
1772934377.6802025,-130.81198169228736
1772934377.6802113,1253.2502272656639
1772934377.6802197,2707.4796390972556
1772934377.6802275,1885.8370657353182
1772934377.680236,-388.52330304307714
1772934377.6802447,-626.979357644918
1772934377.7124064,2364.693049158754
1772934377.7544863,2112.344605981354
1772934377.7545133,3290.4419711173055
1772934377.7545197,1147.941848520976
1772934377.7545269,-1792.320928561221
1772934377.7545335,-1070.6233362741998
1772934377.7545388,3464.8730411031524
1772934377.7545452,5910.516324698274
1772934377.7545505,375.17731973414016
1772934377.836815,-188.0016326824859
1772934377.8368356,-1063.8073749247421
1772934377.836842,155.146565506853
1772934377.8368475,2316.3113074641155
1772934377.8368528,2185.7655946311315
1772934377.8368578,-1866.6032635436422
1772934377.8368628,-7374.932234176113
1772934377.852851,142.1363283836816
1772934377.9361808,427.16766664327827
1772934377.9362016,510.70151020164286
1772934377.936208,239.11334806782367
1772934377.9362135,-22.665509491894802
1772934377.9362185,124.62354551949647
1772934377.9362235,514.0941178556187
1772934377.9362285,584.3522020733157
1772934377.9522748,174.8872357878762
1772934377.9894576,-167.0169582790989
1772934377.989481,100.05011743884027
1772934377.9894876,673.8124984277244
1772934377.9894938,718.8770791693291
1772934377.9894998,51.522406302403574
1772934378.013558,-435.63889312110507
1772934378.013586,80.63708148314606
1772934378.0135972,1044.8069790901384
1772934378.0527062,1023.7376706341822
1772934378.0527227,-284.66808249402766
1772934378.052729,-1185.1010031427259
1772934378.086868,52.19344226112288
1772934378.086908,-224.57870752396403
1772934378.0869226,-6.663002144807759
1772934378.086932,421.2874441815018
1772934378.0869408,452.22163565692586
1772934378.0869498,14.299070337404235
1772934378.1190023,-290.72610930880893
1772934378.1350477,-5.7026580085757965
1772934378.1731908,499.2896008388745
1772934378.1732128,506.24598019608624
1772934378.1732194,-36.53207817435327
1772934378.1732264,-381.25458983559395
1772934378.1732328,-1.8394699236403926
1772934378.2555304,613.4957273276976
1772934378.2555504,581.413221535814
1772934378.2555609,-124.90212098046177
1772934378.25557,-536.6461599606697
1772934378.2555785,-2.0654386528475577
1772934378.2555869,808.4018879788977
1772934378.2555952,716.7344809136521
1772934378.2556033,-283.7141477245543
1772934378.2556117,-832.5845302317977
1772934378.2556205,-5.2210831612155575
1772934378.480461,-23714.00855466798
1772934378.4965148,-29201.286856988227
1772934378.4965408,-23146.068107360185
1772934378.5928907,-9580.46789020922
1772934378.6321032,2676.658912355163
1772934378.6321259,4275.648547735436
1772934378.6321366,391.8408919123237
1772934378.632146,-2184.5956118439435
1772934378.6321547,-820.2359916140178
1772934378.6321633,1692.7437466972676
1772934378.6321752,1938.7053235503847
1772934378.648132,99.06103299734858
1772934378.6642148,-1068.1815956760133
1772934378.6802876,-180.9123744572215
1772934378.7345316,2031.3763420082346
1772934378.7345536,839.6909176482927
1772934378.734563,-1090.6411383561106
1772934378.7345717,-635.1050141974616
1772934378.73458,1985.086280220787
1772934378.7345884,2788.5010006095677
1772934378.7345963,-1094.0979980147074
1772934378.734604,-7296.542941594498
1772934378.734612,-10249.514558713114
1772934378.7967775,-10005.62505520178
1772934378.7968037,-10904.368583045532
1772934378.7968135,-10406.982769946264
1772934378.7968223,-7710.699023130569
1772934378.8128293,-3058.856493940156
1772934378.8791344,-8395.061852818468
1772934378.87917,-8111.140878787136
1772934378.8791797,-6515.73976360005
1772934378.8791866,-5475.636403617559
1772934378.8791966,-5920.215037329427
1772934378.8792038,-6622.5783034683955
1772934378.8951707,-15335.449256825934
1772934378.9112656,-15447.311357034836
1772934378.9273076,-21721.84779528799
1772934378.943396,-9961.208560788396
1772934378.9755087,-20113.67405408392
1772934378.9985862,-26241.466699476983
1772934378.9986064,-28121.37403280706
1772934378.9986122,-20368.846105428394
1772934379.0217304,-26637.070334880766
1772934379.0217493,-23084.37263093144
1772934379.0377636,-16906.878058672428
1772934379.0698688,-21568.11466600158
1772934379.118114,-30391.73144275561
1772934379.134167,-17818.836579241088
1772934379.2606573,-23440.18905283273
1772934379.260677,-14793.910990406453
1772934379.2768018,-5801.411094144456
1772934379.315914,1295.7053323854689
1772934379.3159342,4738.485031109932
1772934379.3159437,4368.934763370631
1772934379.359096,-20393.17266875708
1772934379.3591232,-21688.770844471357
1772934379.3591344,-10807.469161514993
1772934379.3591442,2665.1991307797257
1772934379.4032583,-4518.789824940569
1772934379.4032762,-4625.982918950768
1772934379.4032822,-2853.9257803872106
1772934379.4032896,1837.7598334444963
1772934379.4032955,5774.445085181903
1772934379.4033005,5487.766071779928
1772934379.419394,2209.221185531854
1772934379.4825752,274.6945062508838
1772934379.4825957,1780.4698044870481
1772934379.482606,4370.186899368722
1772934379.482615,4659.009524838548
1772934379.482624,2561.55851816209
1772934379.4826329,1034.49880758074
1772934379.4826412,1991.8705149730736
1772934379.482649,3946.085743195149
1772934379.5388935,4246.850368749958
1772934379.5389168,2641.59162665611
1772934379.5389276,1404.949059587656
1772934379.538937,2147.742040905259
1772934379.5389464,3736.7596173814422
1772934379.5548935,3993.5778735451886
1772934379.619176,-7275.583366738767
1772934379.6192284,-11131.09651475902
1772934379.6192408,-13754.39757985494
1772934379.619252,-16053.858723649433
1772934379.6192627,-17162.64695570453
1772934379.6192727,-14419.92001839752
1772934379.6192813,-6884.2156258770565
1772934379.6192892,2035.229939129021
1772934379.6193,6952.855958184867
1772934379.6563396,8511.611160177466
1772934379.656364,-5654.944986124841
1772934379.6563785,-21344.61402703231
1772934379.6563897,-26945.14147326245
1772934379.6563993,-19423.926085531763
1772934379.7426937,-23884.727709059407
1772934379.7427163,-26380.022000511082
1772934379.7427263,-26312.730338699916
1772934379.7427347,-20171.106125450537
1772934379.7427423,-11095.500639356453
1772934379.74275,-5675.807312839226
1772934379.7427576,-6541.555235261514
1772934379.7427652,-10304.047682329368
1772934379.7427733,-12780.69556812802
1772934379.7427807,-13894.986607064635
1772934379.7427883,-15854.336782476155
1772934379.7427964,-17932.97710584884
1772934379.7428036,-15907.106361309161
1772934379.782858,-13000.531905795235
1772934379.7828784,-5052.09896797294
1772934379.782888,-510.2495874207886
1772934379.7828965,-1875.5266985350702
1772934379.7829041,-4822.092592043024
1772934379.814967,-23026.582140552644
1772934379.8149867,-17968.10290266832
1772934379.8149977,-4397.024917778143
1772934379.8150072,6500.164695353764
1772934379.8310697,8598.004862447184
1772934379.84713,5213.324871553065
1772934379.8932877,3046.0621445793513
1772934379.893314,4395.327316101873
1772934379.8933272,6389.034500234744
1772934379.8933375,6195.554710596567
1772934379.8933463,4591.753758274617
1772934379.8933547,4060.493014762681
1772934379.8933628,5130.1629364624505
1772934379.893371,6047.441294121951
1772934379.8933792,5559.314557303687
1772934379.9254262,4547.201354310123
1772934380.0570073,7501.818985848745
1772934380.0570436,5471.390325899722
1772934380.057053,-565.477325067515
1772934380.0570617,-8403.304225532404
1772934380.0570695,-13393.425503436632
1772934380.0570776,-12748.99277435676
1772934380.0570855,-8245.365138381047
1772934380.0570936,-4417.137964415714
1772934380.0571012,-4491.762940072785
1772934380.0571089,-8358.370048089044
1772934380.0571165,-13841.686588297487
1772934380.0571244,-18849.943846673697
1772934380.0571315,-22045.28846913342
1772934380.0571392,-22449.348295500353
1772934380.0571468,-19593.337300786374
1772934380.0571542,-14223.981180831659
1772934380.0571692,-8153.672834437299
1772934380.0571764,-2926.5570287464284
1772934380.0571876,1160.2630735870937
1772934380.057197,4467.455930433886
1772934380.0572047,6825.794725252898
1772934380.057214,7559.949755390258
1772934380.0572224,6714.6658294558665
1772934380.05723,5589.269531866185
1772934380.0572376,5535.891725249956
1772934380.057245,6463.22909790625
1772934380.137293,7069.632840602951
1772934380.1373148,6593.558441175792
1772934380.1373248,5755.616718480306
1772934380.1373336,5712.7733153472445
1772934380.1373425,6476.864410847731
1772934380.1373508,6957.43515909057
1772934380.169442,6505.22646142305
1772934380.2216892,5784.51106965574
1772934380.2217088,5808.31599258476
1772934380.221715,6517.906596086622
1772934380.2217205,6899.044937758634
1772934380.2217255,6425.686491525791
1772934380.2217307,5784.173633417932
1772934380.253804,5880.527010724021
1772934380.2999983,6566.194708774095
1772934380.3000236,6863.32117286131
1772934380.3000336,6357.159143646088
1772934380.3000424,5773.247799227805
1772934380.3000512,5938.2656895904065
1772934380.3000588,6611.222262883737
1772934380.3000665,6834.887826000461
1772934380.3000758,6296.240000092216
1772934380.332136,5765.146868321165
1772934380.34821,5993.888275873715
1772934380.3482404,6660.395679046061
1772934380.3642468,6817.661501760285
1772934380.3863113,6240.440788428069
1772934380.3863316,5751.572582136527
1772934380.386338,6044.196518214232
1772934380.4687011,6702.534945238348
1772934380.4687371,6793.476171912352
1772934380.468757,6183.8848308255065
1772934380.468776,5736.833587545231
1772934380.468789,6088.284752283488
1772934380.4688013,6742.069146835437
1772934380.468813,6768.336039212191
1772934380.4688246,6123.0016512955335
1772934380.4688363,5718.0685441205505
1772934380.4688485,6133.176614535879
1772934380.4688601,6787.639681677773
1772934380.5530245,6749.535975520467
1772934380.5530467,6066.7269712593115
1772934380.5530567,5701.768388230558
1772934380.553066,6179.824337957947
1772934380.5530748,6833.292660826998
1772934380.5530832,6734.617128584853
1772934380.5530915,6013.016103893431
1772934380.5530996,5687.505451195162
1772934380.5531075,6230.320303800069
1772934380.5531158,6884.303486194261
1772934380.6344445,6714.647745888036
1772934380.6344829,5947.168338275134
1772934380.6344955,5661.938817453129
1772934380.63451,6277.556690474191
1772934380.6345224,6937.248720825859
1772934380.6345332,6700.752462875807
1772934380.634544,5883.813349744636
1772934380.6345549,5639.528727002406
1772934380.6345656,6334.142776026284
1772934380.6345756,7001.844955398611
1772934380.6345856,6685.761310169832
1772934380.6345968,5805.749732623852
1772934380.6346085,5601.9461515481225
1772934380.7157207,8591.863188042696
1772934380.7157404,6826.040269031523
1772934380.7157495,-616.8026364251664
1772934380.715758,-9671.710316803552
1772934380.715766,-13426.522678019599
1772934380.715774,-8929.907284041059
1772934380.7157822,-115.6778080284465
1772934380.7157905,6416.504210430969
1772934380.715798,7806.1141712466815
1772934380.7158055,6461.382652891203
1772934380.7158136,5920.182235368097
1772934380.7158208,6764.308267913849
1772934380.715829,7200.140537611168
1772934380.7158365,6420.738101324019
1772934380.7809715,-12511.2251188469
1772934380.78099,-14870.585673504342
1772934380.7809975,-10442.189324631745
1772934380.7810037,-5554.524647403171
1772934380.7810087,-5025.867221087637
1772934380.7810156,-7263.624635423373
1772934380.781021,-7347.822770898512
1772934380.781026,-3343.060196489878
1772934380.7810307,2063.658656710432
1772934380.7810352,5605.617724688246
1772934380.78104,7040.453870980007
1772934380.8131392,7930.702749767783
1772934380.8291688,8447.126394830608
1772934380.8653033,7406.325196365325
1772934380.8653278,5318.877670352564
1772934380.8653371,5142.29069675985
1772934380.8653457,8389.07906734374
1772934380.8653536,11390.622368803497
1772934380.8653615,7767.910747539416
1772934380.8974533,-4243.040451690872
1772934380.940645,7002.347584104185
1772934380.9406743,7087.615734890796
1772934380.9406824,6732.306301717773
1772934380.9406888,6349.613707256565
1772934380.940694,6446.63272427985
1772934380.9407215,6954.696989263861
1772934380.972808,7224.411098092064
1772934381.0309706,6843.88448601409
1772934381.0310037,6264.781614522955
1772934381.0310104,6286.828169685023
1772934381.0310163,6953.941657276937
1772934381.0310252,7388.419499195939
1772934381.0310333,6943.790474166635
1772934381.031044,6164.069408457846
1772934381.031054,6119.806890931437
1772934381.0310636,6917.3150953247905
1772934381.1123483,7486.629408866317
1772934381.112374,6120.31716547759
1772934381.1123846,5107.007452182185
1772934381.1123939,6051.133502970611
1772934381.112402,7891.823353992909
1772934381.11241,7974.111411167224
1772934381.1124184,5749.904381103744
1772934381.1124268,4130.073993655252
1772934381.112435,5930.992192545202
1772934381.1124437,9475.164502836282
1772934381.1124516,9513.34134855868
1772934381.11246,3444.596338631831
1772934381.1124675,-4495.058342149882
1772934381.1916847,-4609.976706986198
1772934381.1917083,-10497.991343921578
1772934381.1917183,-13200.491754512352
1772934381.1917272,-15097.558725058343
1772934381.1917355,-17938.97892129436
1772934381.1917436,-19509.77595381843
1772934381.1917517,-15674.960732663494
1772934381.1917603,-5645.520333220164
1772934381.1917684,5752.634492075648
1772934381.1917765,11601.706566861618
1772934381.1917844,8518.217635010327
1772934381.2077336,-1164.325920833081
1772934381.2710001,3531.4659513720553
1772934381.2710173,4961.011719800802
1772934381.271027,6070.307173031141
1772934381.271034,5888.1629642919315
1772934381.2710395,5349.662985055885
1772934381.2710447,5122.484040425638
1772934381.2710497,4772.805308284225
1772934381.2710547,4342.881836628549
1772934381.2710595,5075.92304652521
1772934381.271064,7200.82769156754
1772934381.271069,7848.059108091188
1772934381.3031514,3251.521920691221
1772934381.3532984,6190.718716002934
1772934381.3533196,5157.649354936351
1772934381.3533258,3779.6038149102087
1772934381.3533316,3998.7803705779993
1772934381.3533368,5418.835593477701
1772934381.353342,5983.625963182007
1772934381.3533468,4940.279400825936
1772934381.447739,4517.7911650274555
1772934381.4477613,1369.9166879042477
1772934381.4477723,3550.5012054492495
1772934381.4477816,9135.97681864347
1772934381.44779,11237.86912683311
1772934381.4477983,5670.438366004761
1772934381.4478064,-4250.569079161382
1772934381.4478147,-11486.62968598336
1772934381.4478226,-13141.83423504684
1772934381.447833,-13131.495301835366
1772934381.4478428,-16602.23565098041
1772934381.447851,-22788.03048209772
1772934381.4478614,-24835.967925368004
1772934381.5280402,-16980.50115511565
1772934381.528062,-1637.9430640599826
1772934381.5280724,10047.538808854193
1772934381.5280807,11202.948969265559
1772934381.5280895,5139.205929707411
1772934381.5280979,1111.4613030024805
1772934381.528106,3926.4401815414594
1772934381.5281143,8771.51709359997
1772934381.5281365,6909.106336076596
1772934381.5281444,-3930.4265371648557
1772934381.5903203,-15650.015671389969
1772934381.5903473,-35924.2518365031
1772934381.590354,-43482.884756847205
1772934381.59036,-41635.878628283965
1772934381.5903656,-41527.06560503577
1772934381.5903704,-46554.588045772034
1772934381.5903757,-47132.37189499818
1772934381.5903804,-33080.34858763905
1772934381.590385,-8924.82636058485
1772934381.5903895,7456.335089423598
1772934381.5903947,3088.6632734299524
1772934381.7640274,-21047.516294405712
1772934381.764066,-41709.99814793516
1772934381.7640812,-45458.05286333862
1772934381.7640896,-38531.837699752614
1772934381.7640994,-35225.44584620993
1772934381.764109,-40222.164998451146
1772934381.7641168,-45490.11630762414
1772934381.7641265,-43210.2202584326
1772934381.7641354,-36428.86792732154
1772934381.7641432,-33928.56031622355
1772934381.764151,-37437.56040155632
1772934381.7641585,-38986.24922083442
1772934381.7641664,-31899.276122902742
1772934381.764174,-20268.05377699426
1772934381.7641816,-13706.263944562632
1772934381.7641892,-14106.301338602625
1772934381.7641969,-12449.213067659692
1772934381.7642045,-1040.7558567507676
1772934381.764212,14051.026836463087
1772934381.76422,17183.801309967213
1772934381.7642276,540.9350908441022
1772934381.7642353,-25587.470438888147
1772934381.764243,-42262.48681750899
1772934381.7642508,-40687.81459415628
1772934381.7642581,-29500.39193668233
1772934381.7642655,-23701.770048524737
1772934381.7642732,-28974.047792216497
1772934381.7642808,-38203.57179587123
1772934381.7642884,-41233.62145384269
1772934381.764296,-34785.29216250307
1772934381.7643037,-22665.045526016736
1772934381.7643113,-9672.375126768497
1772934381.7643187,1664.601720558135
1772934381.7643268,9287.771710950628
1772934381.764335,10322.412931325109
1772934381.8423767,6684.978302521757
1772934381.8424008,-13013.623143292787
1772934381.8424158,-26240.134648307718
1772934381.8424287,-25763.873770265196
1772934381.84244,-19102.798005244986
1772934381.842448,-18112.415489637697
1772934381.8424556,-24119.391133407385
1772934381.8424635,-26918.24506921027
1772934381.842471,-18379.1932982964
1772934381.8424795,-3336.6009040737767
1772934381.842487,5591.822837551673
1772934381.8424947,2400.422891069158
1772934381.842502,-6254.072878337258
1772934381.922729,-36056.08675907452
1772934381.9387605,-38227.154579849026
1772934381.9387975,-23792.339138713294
1772934382.0973425,-4506.932600261585
1772934382.0973675,8463.858303320367
1772934382.0973785,12406.598059599248
1772934382.097388,11291.292958331114
1772934382.0973976,9622.870959169157
1772934382.097407,9093.505898813915
1772934382.0974169,9390.60966530121
1772934382.0974257,9932.01257773698
1772934382.0974348,10321.640287210581
1772934382.097444,10230.157970490534
1772934382.097453,9704.498928269591
1772934382.129495,9345.04729111928
1772934382.182696,9640.658646166463
1772934382.1827223,10234.685356585762
1772934382.1827357,10324.119876743966
1772934382.182746,9770.11083753209
1772934382.182755,9336.592130115943
1772934382.1827636,9633.311293717434
1772934382.1827722,10242.627520428765
1772934382.1827807,10302.209596590455
1772934382.214826,9733.482703759135
1772934382.2309475,9347.942114224204
1772934382.2670352,9687.781236584891
1772934382.2670548,10258.84205532957
1772934382.2670612,10244.698488595475
1772934382.2670667,9676.570840940089
1772934382.2670717,9374.698258642746
1772934382.3292952,9764.64919027706
1772934382.3293188,10273.444032566149
1772934382.329328,10169.747122918867
1772934382.3293364,9612.226910943233
1772934382.3293445,9407.881007102163
1772934382.329352,9843.089657470942
1772934382.32936,10280.48052338886
1772934382.3454556,10090.398556068014
1772934382.391556,9558.463905068935
1772934382.3915727,9460.629758996953
1772934382.4468086,-9644.7285674273
1772934382.4468312,-25217.562502647594
1772934382.4468415,-35318.86798356099
1772934382.4468524,-33988.16540337391
1772934382.4468625,-23087.067832295732
1772934382.4468713,-12015.43438181225
1772934382.4468813,-9641.911036862555
1772934382.4468904,-15801.255395402985
1772934382.4468987,-21411.21314283786
1772934382.4469073,-17638.194269976848
1772934382.5191216,-6415.365913797052
1772934382.5191483,9923.966797537774
1772934382.5191803,20747.92744745771
1772934382.5191908,17352.525812603006
1772934382.5192003,490.13879021091856
1772934382.519209,-18981.43226757222
1772934382.5192194,-28022.584366407827
1772934382.5192275,-22165.01971595305
1772934382.5192332,-9563.448060625235
1772934382.5192385,-3701.713967186716
1772934382.519244,-10683.010001249753
1772934382.5192492,-23192.972026606545
1772934382.519255,-27532.550010751107
1772934382.5192606,-17078.299187424684
1772934382.535171,1408.484358109492
1772934382.551227,14925.063200234585
1772934382.6004453,16928.74973946256
1772934382.600473,12140.508562437559
1772934382.6004825,9349.583625461906
1772934382.6004903,11491.067593887548
1772934382.6004984,14287.31991160473
1772934382.6005063,13567.532254162401
1772934382.6005163,11013.132150239275
1772934382.6005263,11059.740121527158
1772934382.6005344,13695.373791206277
1772934382.6546795,13617.614822053954
1772934382.6546998,13391.306065348186
1772934382.6547105,11241.793335782739
1772934382.6547203,10351.468001994399
1772934382.6547327,12061.566547388913
1772934382.67071,13878.719688843916
1772934382.670734,12978.527120568757
1772934382.702871,10448.563218161087
1772934382.7189252,11329.286542158474
1772934382.7189553,10810.736818213449
1772934382.753034,11451.07560905764
1772934382.7530603,12690.018794333844
1772934382.7530706,13365.899882919744
1772934382.75308,12405.82748739145
1772934382.7530882,9279.089183866556
1772934382.7691505,13880.56667620128
1772934382.7851899,11964.881773330779
1772934382.785219,5614.693730942838
1772934382.8856242,12270.683593045926
1772934382.8856647,14023.295645933089
1772934382.8856716,14840.008381133724
1772934382.885677,10102.652954728832
1772934382.8856823,-862.6517318171226
1772934382.8856876,-13413.684647794616
1772934382.8856928,-21680.368524074438
1772934382.8856976,-23382.26630465737
1772934382.8857048,-20456.565012572355
1772934382.8857114,-16068.84077531005
1772934382.885717,-12306.577546360839
1772934382.8857234,-10542.246873409416
1772934382.8857288,-12207.749586245294
1772934382.8857338,-17684.799340768255
1772934382.8857386,-24746.608123104244
1772934382.8857436,-29532.237821234005
1772934382.8857484,-29765.402314231276
1772934382.8857534,-26446.878957549412
1772934382.8857582,-21827.717987439413
1772934382.8857632,-16332.27143607707
1772934382.885768,-8583.898022713407
1772934382.885773,1499.811688218927
1772934382.9016771,13308.115661044327
1772934382.9017072,17983.64457930624
1772934382.9278092,13033.659238981989
1772934382.927832,4259.910946885318
1772934382.9278555,289.3365946078063
1772934383.0050886,-27545.266268107025
1772934383.0051067,-29235.911245508953
1772934383.0051131,-20553.257758082636
1772934383.0051193,-7749.030496095937
1772934383.0051248,3040.815230519343
1772934383.0051296,9310.266391423027
1772934383.0051382,12176.11534783318
1772934383.0051503,13910.15304492414
1772934383.005159,15486.958083287198
1772934383.0051692,16138.22163479093
1772934383.0051925,15028.449497109606
1772934383.005216,13082.67761776461
1772934383.0874588,14257.778971868898
1772934383.087489,14194.1052835668
1772934383.0875,13743.343060337715
1772934383.087509,13642.876697696916
1772934383.0875175,14016.234167814415
1772934383.087526,14248.70638955462
1772934383.0875344,13968.110158576883
1772934383.0875423,13609.393195483704
1772934383.0875504,13739.383432078992
1772934383.0875587,14183.518415125161
1772934383.0875673,14270.736341997605
1772934383.103482,13839.857631041175
1772934383.1200929,13513.454115116268
1772934383.142676,13797.77858696258
1772934383.1427195,14315.220798536513
1772934383.142732,14308.883452104965
1772934383.166733,13743.567663496344
1772934383.1667547,13407.605091118052
1772934383.166765,13816.06571154008
1772934383.198886,14434.539159191077
1772934383.2581084,14376.81845935495
1772934383.2581308,13666.084003939546
1772934383.2581408,13273.259801841577
1772934383.2581491,13800.664993360611
1772934383.2581575,14580.94600981969
1772934383.2581656,14514.457797240577
1772934383.2581735,13599.99135743618
1772934383.2581832,13052.204801974121
1772934383.2581928,13706.783712213635
1772934383.2582006,14786.187136293423
1772934383.441877,-15380.24073116105
1772934383.4419081,-26293.135849307775
1772934383.4419198,-26009.600893949217
1772934383.4419255,-16896.161834878596
1772934383.4419312,-7991.419869100526
1772934383.4419367,-7195.87247086417
1772934383.4419422,-14383.077023717024
1772934383.4419472,-22073.272445815976
1772934383.4419527,-22884.834837276794
1772934383.4419608,-16241.269165618789
1772934383.4419725,-7889.527067343583
1772934383.4419816,-3469.204556157863
1772934383.4419897,-3337.450419933267
1772934383.4419973,-3822.02257085932
1772934383.4420052,-2655.5263751207276
1772934383.4420135,-1920.2979440598888
1772934383.4420216,-5132.473054963312
1772934383.4420297,-12092.161669664178
1772934383.4420376,-17808.288054875426
1772934383.442046,-17187.769686681666
1772934383.442054,-10511.578846674174
1772934383.442062,-3534.579337244593
1772934383.4420745,-1788.0329025679482
1772934383.4420826,-5090.482048302927
1772934383.4420917,-8256.2750922699
1772934383.4421,-7332.171244007164
1772934383.4421093,-4509.439205560061
1772934383.4421184,-6014.759049840015
1772934383.4421265,-14846.148610742675
1772934383.442137,-26151.13960311692
1772934383.4421463,-30715.641479004375
1772934383.4421551,-23591.64592822418
1772934383.442164,-9272.130413519759
1772934383.442172,1858.5840472412608
1772934383.4421804,2300.717347224723
1772934383.4421885,-6941.4845573307275
1772934383.4421966,-18422.380770085274
1772934383.442226,-24735.85107577841
1772934383.4422345,-22990.646370486254
1772934383.4422424,-14727.71562275073
1772934383.4422503,-3817.164978484016
1772934383.4422584,4898.952325382558
1772934383.4422665,6839.512972061339
1772934383.4422743,364.387448307124
1772934383.4422824,-10850.74950778027
1772934383.44229,-19698.068311703184
1772934383.442298,-21875.481625257067
1772934383.442306,-20338.851864212338
1772934383.482034,-6909.8324610328655
1772934383.4820547,-10767.130365272475
1772934383.4820652,-15423.631786034222
1772934383.482075,-17106.593581669214
1772934383.4820833,-18367.519184027013
1772934383.482092,-24093.42685076133
1772934383.4821005,-32735.83623894105
1772934383.4981132,-34360.57229972041
1772934383.5342674,-7738.726137791559
1772934383.534296,14817.015894589038
1772934383.5343103,28351.26694872079
1772934383.5343208,22592.314008348152
1772934383.5623555,13673.960148187592
1772934383.5623827,12481.274204012449
1772934383.5623934,11498.048119768808
1772934383.5624025,4118.913702728851
1772934383.6447225,-17154.71939606027
1772934383.6447415,-22668.86427076739
1772934383.6447575,-15856.939817195664
1772934383.644766,-3648.5068490082895
1772934383.644774,4115.949218178395
1772934383.6447818,4687.069695706815
1772934383.6447897,3916.536552792636
1772934383.6447976,8380.548746342629
1772934383.6448052,17387.94951225627
1772934383.689976,23333.26536402048
1772934383.6900132,19344.22120284204
1772934383.6900256,6026.391468254339
1772934383.739078,12317.036697534784
1772934383.7390993,15767.457622490798
1772934383.739106,15179.803422291114
1772934383.739112,11970.184908396976
1772934383.7391183,10860.66988776948
1772934383.739123,13115.910762312089
1772934383.7391284,15255.893277488254
1772934383.7692308,14268.187150153413
1772934383.7692485,11075.091723900452
1772934383.7692556,7252.950197939187
1772934383.7852886,18309.532502133246
1772934383.8013587,15532.90170918057
1772934383.8174508,-178.67463482980617
1772934383.8495848,11917.222564201902
1772934383.8656125,10442.162566543226
1772934383.893784,1745.589281361606
1772934383.893806,2199.4634392038433
1772934383.8938165,2191.05102891377
1772934383.9098692,1860.9872269240507
1772934383.972076,4005.52107483517
1772934383.972093,9352.567242373967
1772934383.9721,14445.843129917484
1772934383.9721065,15430.679512927652
1772934383.9721122,12776.536238233182
1772934383.9721177,10609.150504686797
1772934383.9721231,11552.889542093197
1772934383.9721289,13855.467665206033
1772934383.972134,14267.782095694307
1772934383.9721396,12464.29664973161
1772934383.9721453,11131.547862429083
1772934384.0041966,12047.085640399038
1772934384.020272,13756.525361023001
1772934384.0463612,13839.46320351214
1772934384.0463877,12305.38924481576
1772934384.0463972,11399.997627106952
1772934384.062468,12333.778391861404
1772934384.0784829,13674.02289522553
1772934384.13174,13520.868298692827
1772934384.1317616,12198.71940021436
1772934384.131772,11649.003224435497
1772934384.1317835,12583.331867808947
1772934384.1317935,13552.914840121515
1772934384.1318028,13174.260125131039
1772934384.1318116,12134.733429079773
1772934384.1318207,12034.872259867001
1772934384.1318293,12894.754906035785
1772934384.1638625,13193.819409340687
1772934384.2251544,13948.77301138809
1772934384.225191,9916.740070108921
1772934384.2252045,9047.10589512684
1772934384.2252135,13827.149541277744
1772934384.2252228,18283.52624190435
1772934384.2252312,13184.735357966056
1772934384.2252398,-3380.3966619514013
1772934384.2642443,12862.06399003979
1772934384.2642603,13374.737797816982
1772934384.2964425,9669.465870658654
1772934384.3194761,-15553.815498900492
1772934384.3194945,-34412.715201688654
1772934384.335542,-41303.304517599434
1772934384.4118683,-36099.92204099629
1772934384.4119072,-25563.05797034134
1772934384.4119177,-17889.7832597823
1772934384.4119267,-16274.097457975291
1772934384.411936,-16612.52524325162
1772934384.4119446,-13448.789850028868
1772934384.4119549,-5873.284708644729
1772934384.4119651,2538.5213320498774
1772934384.4119737,7898.367329085116
1772934384.42794,8566.571518026009
1772934384.4871893,13029.94711069876
1772934384.4872084,13596.423644833392
1772934384.4872153,14667.289800409031
1772934384.4872203,11893.890125553142
1772934384.4872255,385.47007108440437
1772934384.4872303,-18522.025851676153
1772934384.4872353,-35272.34846583308
1772934384.4872403,-38529.184770755586
1772934384.487245,-25024.53607025136
1772934384.5032332,-3213.7831996412474
1772934384.519286,13519.570505868996
1772934384.546487,-407.04049664365687
1772934384.5465121,-16408.150947615864
1772934384.5465236,-18379.675974216192
1772934384.5765584,-3384.3935543652915
1772934384.5765915,14614.8223187978
1772934384.6458561,22139.103787011474
1772934384.645882,17781.64222599998
1772934384.6458917,9078.475517256435
1772934384.6459005,6460.956812056061
1772934384.645909,12204.567915413316
1772934384.6459167,19533.32909546781
1772934384.6459248,19749.049092119723
1772934384.6459324,9717.0569930617
1772934384.6459396,-6032.460944606649
1772934384.6459491,-18732.30270864211
1772934384.6459584,-21135.097118907433
1772934384.645966,-12104.927914123875
1772934384.661897,-13080.537260515319
1772934384.6940694,-6534.238806434035
1772934384.710076,-30115.580947092036
1772934384.7352457,-35690.37309745595
1772934384.735268,-28879.590759074083
1772934384.7352774,-11907.714774445396
1772934384.7512727,12155.215586635048
1772934384.7794108,17336.09917269129
1772934384.7794375,3892.3970859824735
1772934384.7794473,-14456.902005161286
1772934384.779456,-22591.701193173856
1772934384.834641,-40227.628556587086
1772934384.8346636,-34228.23596981542
1772934384.8346732,-30073.65095667515
1772934384.8346815,-31886.036176432604
1772934384.8346896,-32893.128644519944
1772934384.8346968,-26212.32089606303
1772934384.8347049,-14860.25819403958
1772934384.8347125,-8830.954039126553
1772934384.83472,-13592.432623576096
1772934384.8667557,3980.419322668819
1772934384.882854,-869.5808947137781
1772934384.8989043,353.79037617451604
1772934384.9149568,2419.196123761147
1772934384.9149811,3372.5866519526476
1772934384.9310172,1113.5508466690974
1772934384.9470956,-8342.601822925715
1772934384.963127,-3.9849649363514037
1772934384.9792,-10848.418570425727
1772934385.0043216,1474.8732382112705
1772934385.0043445,14623.510047456286
1772934385.0515177,18581.640850367537
1772934385.051537,7860.659917927999
1772934385.0676098,-12458.772046516151
1772934385.0836632,621.5924534885679
1772934385.0836904,-3953.9862573000128
1772934385.099686,16122.925703201336
1772934385.1157851,17754.07373936859
1772934385.131832,14297.804018768054
1772934385.3125968,10876.193716774338
1772934385.3126397,12765.124293422956
1772934385.3126657,17378.608515042128
1772934385.3126743,18380.916533060023
1772934385.3126826,14658.005070086021
1772934385.3126905,11508.917858043817
1772934385.312698,13255.036990777115
1772934385.3127058,17365.013471539016
1772934385.3127131,18045.636931760368
1772934385.3127208,14327.004209650062
1772934385.3127284,11459.258087047543
1772934385.312736,13579.152704642232
1772934385.3127437,17776.707544063116
1772934385.3127515,18019.22174968784
1772934385.3127587,13737.464613464881
1772934385.312766,10980.650923174233
1772934385.3127756,14003.652989937395
1772934385.312785,18796.552715444846
1772934385.3127923,18200.412995245264
1772934385.3128011,12337.813937656307
1772934385.3128097,9621.958391384524
1772934385.3128173,15368.601116945258
1772934385.3128254,22465.127219094695
1772934385.3128335,17820.04169936754
1772934385.312841,-1489.8647177275718
1772934385.3128483,-22282.147386839697
1772934385.3128555,-28291.425677016923
1772934385.312863,-17606.259326981854
1772934385.3128705,-3926.2425014327896
1772934385.312878,-460.6260819245293
1772934385.3128848,-6080.510244323315
1772934385.312892,-9647.982478145022
1772934385.3128994,-5552.267370751604
1772934385.3129067,-520.6097972368058
1772934385.312914,-4184.408425482495
1772934385.3129213,-16532.78104497267
1772934385.3129287,-27963.15658930706
1772934385.3547895,386.2288275886597
1772934385.3548102,12546.337803161803
1772934385.3548205,18098.668775314778
1772934385.3548293,18004.151175968578
1772934385.354838,16015.300937626946
1772934385.3548477,11059.437805016245
1772934385.3548567,-859.2400551676452
1772934385.3778856,17607.15958246345
1772934385.3779147,16053.218330589776
1772934385.377926,10816.013242723182
1772934385.4512012,12622.824375650793
1772934385.4512296,15187.6538387543
1772934385.4512408,13835.94012634471
1772934385.4512498,11074.232446479638
1772934385.4512582,12198.93106319775
1772934385.4512665,15841.391638452293
1772934385.4512749,13326.045677609442
1772934385.4833572,-184.55997546222062
1772934385.54355,-259.30417093676516
1772934385.5435815,1949.8525477973717
1772934385.5435884,9544.460286872623
1772934385.5435944,15185.320465163488
1772934385.5435991,14944.928773781632
1772934385.5436049,12413.435742046866
1772934385.54361,12037.707205535953
1772934385.5436156,10892.68249552761
1772934385.5436208,1185.3181950862268
1772934385.5436254,-18445.890970730987
1772934385.5436306,-37662.440035092324
1772934385.5757508,-31271.98424655743
1772934385.6058428,10715.57974441308
1772934385.605862,24213.283977087216
1772934385.605868,18984.548627430464
1772934385.605873,4486.054991473328
1772934385.627914,3761.029242729759
1772934385.6279433,3493.5300645663515
1772934385.686182,15775.651668877817
1772934385.686204,12721.631230794614
1772934385.6862123,7032.726002013549
1772934385.6862192,6686.892851418814
1772934385.6862285,11538.319508639988
1772934385.6862357,14371.679585790005
1772934385.6862411,11621.02744470255
1772934385.686247,8057.356302578404
1772934385.6862526,8731.871336903934
1772934385.7022362,10017.620463624482
1772934385.7022712,3558.0844261347
1772934385.7504847,9144.484118433353
1772934385.7505052,6577.664131082302
1772934385.7505157,10109.52744544903
1772934385.7505243,12667.602281350875
1772934385.766487,20816.94415817746
1772934385.7665064,8528.257304469753
1772934385.7825656,-15291.405680667358
1772934385.814707,6701.975308383202
1772934385.8307679,11936.690245267244
1772934385.8307943,13580.383595702384
1772934385.864941,8621.745311297527
1772934385.86498,3572.103860065922
1772934385.8649905,6340.516285830977
1772934385.8649998,14760.298641671103
1772934385.8650095,17174.24212114371
1772934385.8650188,5732.932939371276
1772934385.8809812,-13471.471774190259
1772934385.9190934,11306.991398404105
1772934385.9191217,12734.477390249669
1772934385.9191344,5585.434121272394
1772934385.9191458,-6998.950773892187
1772934385.9552944,7196.550710427667
1772934385.9553287,7234.558872460391
1772934385.955336,9075.852614493337
1772934385.9553416,10137.810840513452
1772934385.9713233,8957.140132448976
1772934386.0215323,7201.089932239758
1772934386.0215504,7310.201391451309
1772934386.0215588,9120.24069528585
1772934386.0215664,10115.74609396577
1772934386.0215747,8924.38043386358
1772934386.0215836,7193.312923455836
1772934386.0536811,7301.103892100335
1772934386.069732,9101.061883614708
1772934386.0953083,10148.250379357776
1772934386.095332,9020.558670184015
1772934386.095342,7206.8507632288165
1772934386.110932,7089.774265887454
1772934386.155081,8850.28091915625
1772934386.1551025,10351.189430869423
1772934386.1551127,9840.100791022247
1772934386.1551216,7692.579198547561
1772934386.1871953,7800.161958267379
1772934386.187217,11651.410679409602
1772934386.1872232,11465.263753158588
1772934386.187229,5311.023685341099
1772934386.1872337,-2080.100930403522
1772934386.266562,7924.097933801052
1772934386.2665813,9357.906702523627
1772934386.266589,9284.440745617032
1772934386.2665951,7798.805463833387
1772934386.2666025,7008.950218694145
1772934386.2666087,8048.454404746326
1772934386.266615,9451.180210323217
1772934386.3057027,9213.45291841519
1772934386.3057373,7652.293591044107
1772934386.331839,6980.2233107598295
1772934386.3318665,8175.101255782054
1772934386.3318768,9558.473748700291
1772934386.3318856,9148.720646962363
1772934386.3478885,7493.343100020484
1772934386.3950856,6942.861629119404
1772934386.3951263,8320.69291396746
1772934386.3951378,9696.337848789432
1772934386.4182072,9083.040834142157
1772934386.4182312,7295.7703989939555
1772934386.4182563,6875.7099145301545
1772934386.4342558,8490.958011086383
1772934386.5045125,9889.607701475608
1772934386.5045352,9030.408052898018
1772934386.5045488,7036.696515819672
1772934386.5045583,6746.389967410518
1772934386.504567,8697.292581493262
1772934386.5045753,10199.191206441566
1772934386.5045836,9012.388733923039
1772934386.504592,6637.4186636851055
1772934386.5046003,6456.315048672748
1772934386.5046108,8993.777010639735
1772934386.5366647,10840.374490079019
1772934386.5607677,9119.710254939242
1772934386.560798,5752.7888940248195
1772934386.5608091,5500.962069378275
1772934386.560818,9708.263393738755
1772934386.598883,7212.88655677448
1772934386.5989015,8785.031413766334
1772934386.5989075,10571.224746880107
1772934386.5989127,7537.520266663432
1772934386.63105,-4581.8709314730395
1772934386.647117,9534.720739056247
1772934386.6742313,8747.889350834674
1772934386.6742678,4875.827431300509
1772934386.6742764,-1431.1700705376622
1772934386.7605677,7997.0139832970035
1772934386.7605915,8297.70068944144
1772934386.7606022,6383.9419204289325
1772934386.7606113,5016.591566447101
1772934386.76062,6401.934854908921
1772934386.7606292,8642.051248545276
1772934386.7606385,8179.847527469913
1772934386.7606473,5393.734151320327
1772934386.760656,4884.107922528552
1772934386.7606647,8355.677183953558
1772934386.7927196,9163.18644324042
1772934386.8328965,8475.066485930918
1772934386.8329172,5837.415370167302
1772934386.8329268,2832.7241594886987
1772934386.8329372,4317.50736307654
1772934386.8329473,9688.406012337047
1772934386.832955,11571.47349941372
1772934386.8329644,3369.4609349614534
1772934386.914235,6110.600452114013
1772934386.914256,6054.9446185911465
1772934386.9142623,5518.896859988597
1772934386.9142685,5104.026150349209
1772934386.914275,5562.7855720106
1772934386.9142811,6600.793189952391
1772934386.914286,6775.113876882953
1772934387.0045946,4313.995945865205
1772934387.00461,5935.301604544251
1772934387.0046163,6898.027754355792
1772934387.0046215,5839.791951317287
1772934387.004627,3870.6529442135097
1772934387.004632,3414.1561204685595
1772934387.0046372,5478.640770893767
1772934387.0046425,8292.905113205361
1772934387.0046475,8358.027981462095
1772934387.0046685,2577.439338668706
1772934387.0206387,8169.163882865605
1772934387.049783,12408.662748713641
1772934387.0497997,3759.665397445272
1772934387.0498056,-15097.465677273889
1772934387.0929744,1397.5407735031918
1772934387.0929992,1774.5024622150866
1772934387.0930064,6645.264694040682
1772934387.0930123,10220.857326418676
1772934387.0930226,4554.778972611756
1772934387.09303,-12375.235307498451
1772934387.1251223,3181.9474690541747
1772934387.1251535,-11250.601712938751
1772934387.1532097,5395.27651938337
1772934387.153226,6104.21856376893
1772934387.153232,651.3987359119052
1772934387.1692677,-11375.151550658515
1772934387.2305264,1943.5383081617015
1772934387.230548,2003.4505168197798
1772934387.230558,3554.354905242546
1772934387.246591,4418.882637939029
1772934387.32398,4245.144992912978
1772934387.3240187,1825.706318656264
1772934387.3240306,-787.0850664195531
1772934387.324041,925.2474840374687
1772934387.3240497,5859.565839732474
1772934387.3240578,6637.592930347675
1772934387.3240657,-1890.3412194511684
1772934387.4203207,2425.1964921961344
1772934387.4203453,791.089452830666
1772934387.4203556,596.6766523686075
1772934387.4203653,2172.1072424130607
1772934387.420374,3338.172606277315
1772934387.4203827,2413.4972993294027
1772934387.420392,631.07612334812
1772934387.4204004,501.05019060929294
1772934387.4204085,2284.0911804231005
1772934387.4204168,3518.6165859203543
1772934387.4204288,2410.5805800745266
1772934387.420441,429.7961104194233
1772934387.43639,371.5797919987501
1772934387.4525144,2427.00671257759
1772934387.4685433,3764.1865890500962
1772934387.504625,2414.9013932023445
1772934387.5046463,155.90149170136567
1772934387.5046532,180.25880425026082
1772934387.5046587,2610.980579236787
1772934387.5046637,4111.1830815738085
1772934387.520742,2437.9188912808695
1772934387.5367877,-242.15118191667298
1772934387.5669432,-123.55994864626369
1772934387.5669694,2878.7262443676536
1772934387.5669796,4667.574259093791
1772934387.5669885,2492.8927901834445
1772934387.5669966,-909.6793030096482
1772934387.567005,-672.0005218334687
1772934387.5829947,3366.55498545618
1772934387.646258,3422.240944686473
1772934387.646284,7402.390135614556
1772934387.6462932,3997.6362447538104
1772934387.6463015,-9421.11555784106
1772934387.6463094,-26663.361981583057
1772934387.646317,-36845.71781320992
1772934387.6463244,-33611.499413819736
1772934387.646332,-20830.220121889073
1772934387.6463397,-9257.308951948666
1772934387.6623323,-7238.252707742831
1772934387.6950042,6818.731416856239
1772934387.7326212,-34778.140011330855
1772934387.7326417,-45303.63687372738
1772934387.7326555,-31893.14046079021
1772934387.732666,-9030.758042851656
1772934387.7486558,1031.145541742205
1772934387.78785,5118.673752970062
1772934387.7878764,412.452511145917
1772934387.7878866,-855.3011952843184
1772934387.7878957,2094.629181631199
1772934387.84003,3858.53359732348
1772934387.8400576,1882.3464196155692
1772934387.8400676,-445.5020916104857
1772934387.8400772,507.3028830410957
1772934387.840086,3222.074204985508
1772934387.840094,3514.3443804104186
1772934387.840103,841.9416756105189
1772934387.8401113,-829.5371894310903
1772934387.86821,1164.4136136611378
1772934387.868241,4082.3324923584823
1772934387.868256,3512.064429237728
1772934387.8943007,-138.39253017672513
1772934387.8943253,-1685.9068197365857
1772934387.8943353,1713.7129966076095
1772934387.8943436,5919.899086551058
1772934387.9103427,4480.6689695110435
1772934388.0047216,1298.0090092960188
1772934388.004752,603.1996443200242
1772934388.004762,619.245652242852
1772934388.004774,1271.4777126517988
1772934388.004784,1619.8070237889601
1772934388.004792,1206.3843628118034
1772934388.0048018,648.9606472037286
1772934388.004844,723.2921692756756
1772934388.0048544,1289.4238069496253
1772934388.0048623,1539.9904006861655
1772934388.0048704,1148.2965882907238
1772934388.004878,689.3329621081886
1772934388.0208244,798.7833082470283
1772934388.0368876,1296.8991396531223
1772934388.0369177,1475.3235691102352
1772934388.071005,1103.1650249553488
1772934388.0710273,719.88706571556
1772934388.0710332,854.9707313449469
1772934388.0710385,1297.612495419433
1772934388.0710435,1421.2778585219003
1772934388.0710487,1067.9251909386148
1772934388.0870595,745.8326886905622
1772934388.159426,900.8513043797161
1772934388.159452,1301.7650326474138
1772934388.1594636,1384.3732584357201
1772934388.1594748,1046.9253645341605
1772934388.159485,773.4661918193549
1772934388.1594944,942.2194566714159
1772934388.1595027,1304.9171130680795
1772934388.159511,1352.2282874273942
1772934388.1595192,1028.8602102610537
1772934388.1595273,795.5244776164594
1772934388.1595376,972.9519651160042
1772934388.175553,1300.7231630669414
1772934388.221639,1317.7251518055295
1772934388.221661,1008.4854266786549
1772934388.2216682,811.8410305676456
1772934388.2216735,998.7626628434991
1772934388.221679,1299.0017644805878
1772934388.2216845,1291.1756272486928
1772934388.2216892,993.3631732350199
1772934388.221694,827.202836164236
1772934388.2377248,1020.7056013174926
1772934388.253765,1298.0840170214653
1772934388.2838705,1267.7875217307494
1772934388.283886,978.4598270439717
1772934388.324056,841.0016549272888
1772934388.324074,1041.3124794202415
1772934388.3240807,1295.069521948679
1772934388.3240862,1246.844350287865
1772934388.3240912,968.8936266166239
1772934388.3682635,854.2879173685963
1772934388.368292,1057.972671236689
1772934388.3683016,1290.366970713448
1772934388.36831,1226.0198273478213
1772934388.408407,961.4580284183251
1772934388.408441,869.2256713764535
1772934388.4084513,1077.29348931629
1772934388.4084609,1290.7980966561765
1772934388.42458,1211.628770458732
1772934388.4958107,735.1859214700877
1772934388.4958377,1752.527430617295
1772934388.4958491,2388.1598593781914
1772934388.4958591,1490.1792349877926
1772934388.49587,205.23738774059527
1772934388.49588,752.8009135452864
1772934388.4958885,2873.863985057538
1772934388.4958975,2645.670917325722
1772934388.4959056,-3704.388360939434
1772934388.495914,-14598.025374638062
1772934388.4959223,-22874.755862018243
1772934388.4959304,-21927.730039436727
1772934388.511839,-12180.410483719019
1772934388.5359392,-884.1008676478043
1772934388.5359607,4707.395677887725
1772934388.572052,3570.1704062405684
1772934388.572074,360.362562048886
1772934388.5720804,-424.6697482285467
1772934388.5720856,1319.833325565216
1772934388.5720909,2704.897706005464
1772934388.616264,2075.722442915155
1772934388.616284,692.6526743792282
1772934388.6162932,505.9381791705581
1772934388.651435,1543.8220638987084
1772934388.6514547,2229.244633030328
1772934388.6514611,1698.7112963233067
1772934388.6514668,832.4833686277797
1772934388.6514716,843.3720387764924
1772934388.6905634,1613.6329105634727
1772934388.6905918,2011.6281582151641
1772934388.6906047,1532.156123777133
1772934388.690616,916.2877562920764
1772934388.7317507,1023.8500548445027
1772934388.7317743,1643.9217822844084
1772934388.7317855,1880.3388725426228
1772934388.7317948,1434.840032615508
1772934388.731804,972.9685733472312
1772934388.778957,1137.7261945567489
1772934388.7789752,1660.2660293232652
1772934388.7789822,1791.7320639495306
1772934388.778988,1370.8516492282686
1772934388.7789931,1013.842936386345
1772934388.7951667,1219.0054034318957
1772934388.820086,1668.4658469020615
1772934388.8201077,1722.733676952967
1772934388.863286,1325.2828516326965
1772934388.863305,1049.1299353601466
1772934388.8633142,1277.1771906878607
1772934388.8994465,1667.916860534308
1772934388.899467,1664.4038283615555
1772934388.8994768,1283.9860435500993
1772934388.8994849,1073.9120484983623
1772934388.8994927,1324.4977544155417
1772934388.930582,1668.1061465517014
1772934388.9306028,1618.527994452176
1772934388.9306133,1255.3248839538455
1772934388.966743,1100.885354967054
1772934388.9667637,1366.8238181741904
1772934388.9667733,1668.9640850642622
1772934388.9667835,1579.525372248225
1772934388.9667935,1233.455205839772
1772934388.982766,1126.1286112504322
1772934388.9988537,1405.9411127135008
1772934389.014938,1670.8034475732427
1772934389.0380073,1544.5604223688088
1772934389.0380335,1211.2838431950827
1772934389.0380435,1145.252123192966
1772934389.0540645,1436.5798814219386
1772934389.1334412,1668.724858819292
1772934389.1334624,1513.5119809942846
1772934389.133472,1196.5713725291394
1772934389.13348,1169.8089803377409
1772934389.1334884,1468.6881555131188
1772934389.1334963,1665.8034385055541
1772934389.1335044,1481.5332832417746
1772934389.133512,1180.1893680589149
1772934389.13352,1191.0837243238793
1772934389.1335278,1497.4202207221838
1772934389.1335351,1662.1644617374586
1772934389.486931,1447.6230482234103
1772934389.5099745,1159.7926856881948
1772934389.5100036,1205.7668288675845
1772934389.5100143,1519.200137076896
1772934389.5100236,1654.4551092465153
1772934389.5421283,1418.279486518329
1772934389.5421524,1149.4729876203128
1772934389.542163,1230.9140100370257
1772934389.5421717,1547.278673131293
1772934389.5421834,1647.7645217268225
1772934389.574237,1388.7507667992918
1772934389.5742784,1140.1393984262716
1772934389.6144125,1256.2960808982052
1772934389.6144333,1574.1450011537859
1772934389.614443,1637.8172445594519
1772934389.6144514,1352.3253933550607
1772934389.6144595,1122.5810522212591
1772934389.6465373,1278.9976347237355
1772934389.7178452,366.4908516436612
1772934389.717866,2644.997472150676
1772934389.7178757,3998.8075707596454
1772934389.7178843,2107.8534180299025
1772934389.717892,-996.8300165184587
1772934389.7178993,-760.3165011929021
1772934389.7179072,3810.2095406472067
1772934389.7179148,7166.991846629221
1772934389.7179227,2185.154365594494
1772934389.71793,-11381.660583405715
1772934389.7179377,-24588.436788377807
1772934389.717945,-26869.769294170543
1772934389.8051884,-16231.792674269085
1772934389.8052173,-1295.6903219557387
1772934389.8052287,7060.062530228385
1772934389.8052387,5631.749236075481
1772934389.8052504,263.2654181697837
1772934389.8052592,-1726.178404156448
1772934389.8052683,966.0736227573316
1772934389.8052769,3963.726133151232
1772934389.8052883,3550.1038887615764
1772934389.8053012,884.2435774656205
1772934389.8053095,-308.5852970994306
1772934389.8053205,1265.2766088323121
1772934389.8053305,3216.6936657620213
1772934389.8053389,2977.7734538147506
1772934389.8053477,1097.4789797448354
1772934389.8654487,-20348.560811614865
1772934389.8654692,-29456.76292774662
1772934389.8654788,-32005.375717523933
1772934389.8654876,-28097.133896012
1772934389.8654952,-19349.19659721198
1772934389.8655028,-8339.609462395776
1772934389.8655107,1198.1221251319862
1772934389.8815436,5724.719115836432
1772934389.8975768,4674.001503144101
1772934389.992972,-833.05553780952
1772934389.993042,-2480.479930502844
1772934389.9930723,-9063.2585213616
1772934389.9930873,-19033.84103708832
1772934389.9930978,-24111.89375934665
1772934389.9931068,-18349.73304089485
1772934389.993117,-6384.918735938849
1772934389.9931254,291.6762480808867
1772934389.993133,-4088.7603063835904
1772934389.9931428,-12972.062596208256
1772934389.9931483,-15313.135509101297
1772934389.9931536,-8793.290913041892
1772934389.9931588,-2342.5904204989906
1772934389.9931667,-4691.938613229679
1772934389.9931734,-12971.823385652851
1772934390.0552325,-46536.72805122641
1772934390.0552576,-50342.13374421279
1772934390.0552692,-34392.62362845887
1772934390.0552783,-13336.761464241557
1772934390.0552871,-1637.7333864998789
1772934390.0873258,201.14596419698628
1772934390.1226509,1548.781190168784
1772934390.1226916,2883.4189575681103
1772934390.1227024,5263.889909382169
1772934390.1227117,2092.465287179557
1772934390.1227205,-8696.592184816405
1772934390.1385472,-20010.942629331992
1772934390.1546202,-12430.572144058697
1772934390.1827395,-11257.959945994022
1772934390.1827595,-7891.2158308166045
1772934390.217908,-4345.81879958892
1772934390.217939,-7672.322033242294
1772934390.2179492,-22000.54398469733
1772934390.2179585,-38542.57128654142
1772934390.217967,-42935.699761567026
1772934390.2179751,-29030.999621851362
1772934390.254029,-26187.55607340564
1772934390.2540529,-5342.927339335232
1772934390.254063,6055.270576729801
1772934390.254072,5998.048579306085
1772934390.2540803,2110.566057625903
1772934390.2700925,1727.5098791846196
1772934390.3173423,-15468.593283606306
1772934390.3173656,-8885.804596358923
1772934390.3173754,-54.776839168763956
1772934390.3514357,8947.848745597601
1772934390.3514652,2028.7073477878332
1772934390.351476,-10245.431347245265
1772934390.3514848,-16808.768074767366
1772934390.3515103,-12145.637650974913
1772934390.3835669,-11805.799009710348
1772934390.44481,-13462.63960561777
1772934390.444832,-16162.16324956892
1772934390.4448426,-17269.684442332127
1772934390.4448512,-12233.723534723458
1772934390.444873,-2395.7769026402207
1772934390.4448817,5980.380782194458
1772934390.44489,8082.2698352521475
1772934390.4448984,5151.231083180567
1772934390.5150914,2412.5258177854244
1772934390.5151172,5324.5155307400655
1772934390.5151267,7682.044703274771
1772934390.5151408,4255.884799446991
1772934390.51516,-3370.8600721846447
1772934390.5311773,-7954.4066607418545
1772934390.6145563,-2918.8885834987445
1772934390.6145766,3340.4724807368566
1772934390.6145864,6277.699533881655
1772934390.6145947,5827.632377758525
1772934390.6146033,5674.6813344498405
1772934390.614611,6519.923232755664
1772934390.614621,4246.933902897069
1772934390.6146307,-3902.0320973315484
1772934390.6146393,-13409.532616991126
1772934390.6146488,-15661.599349426868
1772934390.6797805,-30757.756898425654
1772934390.6798089,-29780.43178597104
1772934390.6798189,-29536.292709109435
1772934390.6798277,-31989.71331178575
1772934390.679836,-31204.451906366998
1772934390.679844,-21168.656712724638
1772934390.6798527,-4654.423127889801
1772934390.6798613,8327.559807848591
1772934390.6798692,10918.039184210302
1772934390.7119462,6184.042860923308
1772934390.7339988,-8463.966176527983
1772934390.734024,-4039.2507791975468
1772934390.7782,-3902.848159216844
1772934390.7782192,-13356.733229106945
1772934390.7782292,-28643.560191255146
1772934390.778238,-40249.31300109491
1772934390.7782464,-41193.3673718311
1772934390.7782552,-32429.433859965022
1772934390.7782636,-19653.299676089213
1772934390.848568,-36895.06816038054
1772934390.8485885,-31603.021337902326
1772934390.8485975,-16714.079764984454
1772934390.8486056,-6926.181834100278
1772934390.8486133,-14030.332335703555
1772934390.848621,-31420.011262982738
1772934390.848631,-39786.19361094599
1772934390.8486404,-27981.857325198696
1772934390.8486483,-4738.1423829154355
1772934390.8806024,11728.308020569395
1772934390.8966863,721.3057344054333
1772934390.924827,-19401.71166939468
1772934390.9248528,-28037.517672399914
1772934390.9248624,-18208.43079714237
1772934390.94791,-1883.3092162818314
1772934390.9479356,-11347.253435528815
1772934390.947946,-27819.05151649394
1772934390.9479551,-30433.059795098467
1772934391.0211587,-13160.600915895915
1772934391.0211804,8968.479620923992
1772934391.0211866,17922.94966758759
1772934391.0211916,11925.099274904413
1772934391.0211968,4019.7668081378993
1772934391.0212018,4701.661714923424
1772934391.0874665,10992.098029219771
1772934391.0874877,13373.573147450252
1772934391.087495,9146.216639502592
1772934391.0875015,4958.335111415535
1772934391.0875072,6916.491126211669
1772934391.0875127,12128.329689726737
1772934391.1035604,12144.052784606878
1772934391.1326473,-22485.453998634774
1772934391.132692,-21152.46472716488
1772934391.1327016,-5057.967813262626
1772934391.13271,11588.12429295653
1772934391.1838548,16151.64403819839
1772934391.183874,10059.947837084212
1772934391.1838808,4462.999755459701
1772934391.1838884,6118.81841543503
1772934391.1838956,11103.635375149457
1772934391.1839013,12228.920392840215
1772934391.2320552,8752.617806660308
1772934391.2320752,6092.226821425857
1772934391.2320845,7689.88681412268
1772934391.2320924,10774.099007280383
1772934391.283285,10953.301510801602
1772934391.2833047,8342.084213009315
1772934391.283314,6845.54834490117
1772934391.2833223,8403.17647190836
1772934391.2833304,10549.020764223756
1772934391.2833383,10250.77458047285
1772934391.2833462,8146.808987521533
1772934391.283354,7328.11217185024
1772934391.3325813,8833.805634940052
1772934391.3326087,10375.556101175176
1772934391.332618,9784.959576065117
1772934391.3326263,8042.255126957305
1772934391.332638,7681.073215076787
1772934391.332646,9124.73126158041
1772934391.3326538,10222.804896102582
1772934391.3556,9434.761132102352
1772934391.3556771,7982.913864970994
1772934391.3556893,7965.1896454750695
1772934391.3716416,9339.420721867207
1772934391.431904,10077.377271325271
1772934391.431922,9153.190528444917
1772934391.431929,7952.898715116512
1772934391.431938,8208.906875115832
1772934391.4319448,9506.205335335082
1772934391.4319513,9948.076804863505
1772934391.4319725,8922.779618432307
1772934391.4319816,7946.359559596414
1772934391.4319897,8427.370735720888
1772934391.4640377,9640.464479006767
1772934391.4981778,9815.722155518228
1772934391.4981987,8714.89476202991
1772934391.4982061,7950.139735105045
1772934391.4982128,8628.416913781519
1772934391.498219,9752.840958845358
1772934391.4982245,9685.485864459697
1772934391.5232387,8526.740247297666
1772934391.523255,7967.506779287009
1772934391.55541,8823.818713130275
1772934391.6005683,9852.502195104
1772934391.6005926,9552.381037824756
1772934391.6006026,8352.409662011229
1772934391.6006107,7998.528620957044
1772934391.6006186,9019.171544799296
1772934391.6006267,9939.756216494565
1772934391.6006343,9410.129203005376
1772934391.600642,8180.594321576806
1772934391.6789396,8042.505779268483
1772934391.67896,9223.549691445229
1772934391.6789746,10022.671289634958
1772934391.6789849,9255.07695209844
1772934391.6789927,8004.24082865201
1772934391.6790028,8096.041489520512
1772934391.6790116,9440.18217312071
1772934391.6790197,10100.59371091225
1772934391.6790273,9077.675815372926
1772934391.719086,7813.024464780814
1772934391.7191048,8161.513195341909
1772934391.764269,9681.092487502197
1772934391.76429,10177.447888576915
1772934391.7642965,8867.156089981614
1772934391.7643023,7598.479869565291
1772934391.7643073,8255.25138816927
1772934391.764312,9972.547280539931
1772934391.764317,10261.408029660628
1772934391.7643216,8600.725036586331
1772934391.7643263,7334.783612108318
1772934391.7803824,-14526.1077882072
1772934391.8476129,-32998.734345129895
1772934391.8476405,-28834.912932106992
1772934391.8476512,-20751.900811680473
1772934391.8476608,-15863.229828250564
1772934391.8476696,-15305.715967931788
1772934391.8476784,-16526.33566501151
1772934391.8476872,-17892.433952971118
1772934391.8476956,-19278.113655885496
1772934391.847704,-19674.0097141264
1772934391.8477125,-16952.10127468986
1772934391.8477228,-10548.618032647546
1772934391.847733,-2653.7696068120104
1772934391.847742,4307.300239775711
1772934391.8477528,10084.805273536656
1772934391.8636796,14898.55203454868
1772934391.9179626,16190.46796092834
1772934391.9179845,16706.25330352987
1772934391.917994,6941.057154921639
1772934391.9180024,-9394.985550141404
1772934391.91801,-20456.841309642834
1772934391.918018,-19310.35071163749
1772934391.9180255,-12455.2271607628
1772934391.918033,-12304.041652258697
1772934391.9180405,-21891.91648510722
1772934391.918049,-30402.182415384617
1772934391.9180608,-25357.319188641213
1772934391.9339943,-7141.432491656082
1772934392.1458993,-9645.888067834938
1772934392.145937,-17465.697679466273
1772934392.1459622,-34042.09227982751
1772934392.1459723,-41665.496517888
1772934392.145981,-30845.28856520616
1772934392.145989,-11349.086603240317
1772934392.1459973,-942.699922534369
1772934392.146005,-5620.033882901408
1772934392.1460125,-14904.570636037277
1772934392.1460204,-16603.3665230232
1772934392.1460288,-11638.05579910639
1772934392.1460364,-10716.521702062382
1772934392.1460462,-18271.242604392202
1772934392.146056,-24970.957818852097
1772934392.146064,-18654.92299320419
1772934392.1460872,48.08992771798093
1772934392.1460962,17061.777064255537
1772934392.1461046,20204.524316798437
1772934392.1461122,12139.81316782046
1772934392.1461198,5994.631931885194
1772934392.1461275,9752.622161430585
1772934392.1461349,17987.46394997211
1772934392.1461425,19332.0651102914
1772934392.14615,9321.165175295588
1772934392.1461575,-6270.607888535705
1772934392.1461651,-19295.197373718718
1772934392.1461728,-27073.994843883473
1772934392.1461804,-31554.309223397002
1772934392.146188,-33564.28100022028
1772934392.146196,-31299.61818488202
1772934392.146204,-24624.658379846765
1772934392.146212,-17848.252063725427
1772934392.1462207,-15687.745883518945
1772934392.1462283,-17043.38271232233
1772934392.1462364,-15225.093585759098
1772934392.1462448,-5562.044755843604
1772934392.1462529,8369.516103710133
1772934392.1462605,17709.7139837903
1772934392.1462681,17446.561904747206
1772934392.2021513,11739.865600574023
1772934392.2021818,-279.51499568629356
1772934392.2021947,-11502.58938884621
1772934392.2022064,-18090.903413518176
1772934392.2022152,-19435.71371093796
1772934392.2022257,-17099.606989369935
1772934392.2022345,-12442.605171964991
1772934392.202243,-5230.511012109084
1772934392.2022512,4976.485856784853
1772934392.2022593,15724.293000632948
1772934392.2022676,20837.80733075735
1772934392.2181923,14710.512446871177
1772934392.2182202,-1088.6949167143591
1772934392.2493167,2046.3061714236374
1772934392.249336,-553.3539065289945
1772934392.37278,-26066.661372549795
1772934392.3728025,-14334.06891381291
1772934392.4853384,3996.172414822686
1772934392.5304687,15774.913313234765
1772934392.5304875,18175.093164327598
1772934392.5304952,11918.2346974352
1772934392.5565891,8363.991186841304
1772934392.5566113,12153.202818772499
1772934392.5566175,16297.935961427123
1772934392.5566237,11706.670265477043
1772934392.5907035,12436.944827100579
1772934392.5907247,11724.557989128956
1772934392.5907347,12491.828923704794
1772934392.5907433,10335.555663706147
1772934392.6529775,13398.697503287054
1772934392.653004,12707.906334627343
1772934392.653016,11288.396409373057
1772934392.6530256,10965.224755052564
1772934392.6530328,11664.144315689635
1772934392.6530423,12160.316487365204
1772934392.6530504,12355.656478287301
1772934392.653058,13054.60306983022
1772934392.6530633,13179.70403992277
1772934392.653068,9156.006338172716
1772934392.6530733,-788.1184991714154
1772934392.653078,-11960.493904275734
1772934392.6851192,-15403.090184965211
1772934392.7263613,4341.7168162128855
1772934392.7263825,16049.046628198434
1772934392.7263896,18869.28523015722
1772934392.7263973,12560.393384734387
1772934392.7264044,6255.121891492876
1772934392.7423153,8125.434524339991
1772934392.7825677,15450.914686910832
1772934392.7825835,17068.9803246978
1772934392.8216443,12214.386299697277
1772934392.8216717,4994.9432311242845
1772934392.8216825,5987.478098737122
1772934392.8216908,15322.930274261922
1772934392.8216996,20385.47996243159
1772934392.8217082,10139.669599515835
1772934392.8217168,-10091.178157316708
1772934392.8377595,-1646.8108028826928
1772934392.883939,2631.8458780181363
1772934392.8839605,3817.348509478651
1772934392.8839688,4838.454474112171
1772934392.8839753,5043.440283515392
1772934392.8839808,7655.843211088703
1772934392.8839877,13787.31620941097
1772934392.8839936,17590.485062674885
1772934392.883999,10961.379800747924
1772934392.916078,-6274.7132684756625
1772934392.9512026,4188.80862982797
1772934392.9512465,10448.98915419124
1772934392.9512644,18028.038640018225
1772934392.9512756,14266.73272850534
1772934392.9512846,-3819.7615095139586
1772934393.0707633,9770.935768197929
1772934393.0707836,10321.65826775099
1772934393.0707912,6092.180346495261
1772934393.0707982,-341.0354856596198
1772934393.0708044,-3481.2949178724466
1772934393.0708113,-502.7399451727844
1772934393.0708172,5872.476767304844
1772934393.0708227,10271.286057802776
1772934393.0708284,10036.237169395226
1772934393.0708337,7308.164540179316
1772934393.0708392,5996.511178552329
1772934393.070845,7404.04079553768
1772934393.0708508,9336.415987415367
1772934393.0708568,9239.7052269566
1772934393.0708625,7368.84605171902
1772934393.070868,6274.536847990317
1772934393.0978453,7444.58963455061
1772934393.097883,9348.87853891164
1772934393.0978951,9383.680514530572
1772934393.1580677,7207.629950683268
1772934393.1580968,7493.859682517984
1772934393.158105,7896.640950291778
1772934393.1581104,7825.796963435036
1772934393.1581154,7427.835743086007
1772934393.158121,7302.866901597962
1772934393.1581268,7605.32574520219
1772934393.1581316,7864.116096218878
1772934393.1581368,7710.615735652524
1772934393.158142,7397.744613737376
1772934393.158147,7387.639696099101
1772934393.1741598,7672.526239180855
1772934393.1902716,7821.271334885695
1772934393.19032,7630.270779747855
1772934393.2133155,7399.224288537606
1772934393.2133381,7466.451053643722
1772934393.2133482,7713.898005689394
1772934393.2293763,7770.916647706122
1772934393.2294016,7568.2337596523375
1772934393.2615073,7420.219596416358
1772934393.3227434,7540.149124003699
1772934393.3227603,7736.734015162632
1772934393.322767,7712.714201942168
1772934393.3227727,7514.349534617685
1772934393.322778,7447.084681630973
1772934393.3227832,7608.6179632818275
1772934393.322788,7747.88085848767
1772934393.322795,7652.576921257616
1772934393.322801,7470.826856694475
1772934393.3228066,7481.811649301379
1772934393.376973,6407.253277903883
1772934393.3770008,7744.641031104521
1772934393.3770113,9666.96553362374
1772934393.3770201,9283.362350108706
1772934393.3770287,5241.716137287779
1772934393.3770368,-224.08719150851528
1772934393.3770452,-2878.434182526201
1772934393.3770535,-439.1149936922304
1772934393.3770616,5122.147189821714
1772934393.37707,9433.535436369795
1772934393.3770785,9871.743781169205
1772934393.4332113,-9298.467577260062
1772934393.4332273,-16501.261043019957
1772934393.4332333,-10131.024371136205
1772934393.4332392,3572.9424146174492
1772934393.4332445,12757.75436808843
1772934393.4924805,12116.150974943603
1772934393.4925048,6703.703163819699
1772934393.492515,4461.9789747258355
1772934393.4925244,7207.996458816344
1772934393.4925332,10288.732060047441
1772934393.4925416,9676.954452942444
1772934393.49255,6837.374689635977
1772934393.4925585,5886.092504662156
1772934393.4925663,7835.133965573909
1772934393.5336432,9688.580988980719
1772934393.5336657,8921.385457535704
1772934393.5336764,6845.120535396329
1772934393.5336845,6451.177366790379
1772934393.5336943,8162.309199331586
1772934393.533703,9436.283677736372
1772934393.5337107,8497.752832017683
1772934393.5496871,6789.456903106098
1772934393.565732,6778.802814625479
1772934393.640076,4380.072153977632
1772934393.6400964,10676.575470277161
1772934393.640106,15815.102704422281
1772934393.6401143,11835.145891814058
1772934393.6401224,-293.96855268826755
1772934393.6401303,-10801.112642180306
1772934393.6401384,-11150.73242380942
1772934393.640146,-2880.6310527288083
1772934393.6401536,4464.850568245477
1772934393.6401613,3634.135789845761
1772934393.640169,-3368.0151991442294
1772934393.6401763,-8778.08744480838
1772934393.640184,-8161.764451316294
1772934393.6782088,-4565.984629912736
1772934393.678233,-3677.0666496118765
1772934393.6782427,-6358.091027563565
1772934393.7214084,-7441.330598596778
1772934393.72143,-2042.8719099113578
1772934393.72144,8026.58913488386
1772934393.7214491,15236.459368107964
1772934393.721458,13992.19021019877
1772934393.7214687,6799.563126617014
1772934393.7214787,2087.6264332353912
1772934393.783677,7094.462523876473
1772934393.7837005,12379.615230295612
1772934393.7837105,11664.81572046606
1772934393.7837186,5857.54315495787
1772934393.7837262,2543.1714365880744
1772934393.783734,6600.555765289021
1772934393.7837417,13567.358785808474
1772934393.7997422,13872.536110791203
1772934393.799781,3406.2829245284497
1772934393.815793,7877.36455245553
1772934393.8408997,9788.06823404523
1772934393.8409188,6113.934751696938
1772934393.8409252,-5958.707631691201
1772934393.8830855,6124.3371767875315
1772934393.8831112,4231.4202398464495
1772934393.8831213,6134.733331515743
1772934393.8831296,9559.356022784781
1772934393.8831377,9781.547980136711
1772934393.8831453,5895.269420923119
1772934393.8831532,2798.1432044004146
1772934393.8831613,5473.867676788605
1772934393.8991587,11796.567990718457
1772934393.9152086,13093.257565412996
1772934393.9734845,5717.440013848032
1772934393.9735217,6808.396595726413
1772934393.9735289,6893.992417239214
1772934393.9735353,5591.406877341308
1772934393.9735432,4537.171585174354
1772934393.9735491,5432.8227348089995
1772934393.9735544,7740.189583729084
1772934393.9735608,8717.095684919395
1772934393.9735675,5426.003138933097
1772934394.016637,9485.86918652863
1772934394.0166583,10525.95501451234
1772934394.0166683,-1628.2298739134017
1772934394.0487328,4171.080590284345
1772934394.0648108,-9675.708721213572
1772934394.0809226,-9354.262850499725
1772934394.1270733,4474.9526537282145
1772934394.127097,5782.005319884186
1772934394.1271071,4751.397087415963
1772934394.1271164,2587.8022023161225
1772934394.1271243,2700.9304030131634
1772934394.127133,5664.842249868143
1772934394.127141,7232.489420219332
1772934394.127149,3172.7058408752705
1772934394.159224,-4541.485088866479
1772934394.2174299,2189.0190107606795
1772934394.2174692,3521.8541499496314
1772934394.217481,5995.413237926468
1772934394.2174907,6061.094424834306
1772934394.2174993,3125.9782161308153
1772934394.2175083,976.3363148196079
1772934394.2175171,3172.7403948735887
1772934394.2175272,7849.484131205119
1772934394.2917798,2105.731182093052
1772934394.2918231,1163.0943841540934
1772934394.2918336,2804.4407944065183
1772934394.2918627,4987.161220464658
1772934394.2918713,4270.066210572404
1772934394.2918775,972.5586818865785
1772934394.291884,-182.34654788518372
1772934394.2918892,3760.43155586798
1772934394.291894,8298.740989884662
1772934394.2918987,4776.064594870018
1772934394.3831253,1673.7395494310115
1772934394.3831444,914.3148201009561
1772934394.383154,1530.5357250305087
1772934394.383162,2777.2008441975795
1772934394.38317,2841.658648731215
1772934394.3831787,1449.0579747609438
1772934394.3831866,508.36681149274347
1772934394.3831947,1536.1163300397789
1772934394.3832023,3278.833950390003
1772934394.38321,3170.4637751570494
1772934394.383217,1037.60241182626
1772934394.3832247,-191.36585275912122
1772934394.3992035,1606.2193622083885
1772934394.4152672,4283.451428146388
1772934394.4152925,3776.1316975732666
1772934394.4644337,2366.2601767733
1772934394.4644587,783.5882187890231
1772934394.4644685,-12.330916854206473
1772934394.4644773,1524.4790494405297
1772934394.4644852,3805.2771004710526
1772934394.4644952,3355.692823710358
1772934394.4645045,-1157.2850418281103
1772934394.464512,-6837.436705293592
1772934394.4965997,1661.9986686410077
1772934394.5207117,1796.612660083132
1772934394.5207305,1384.8272343255637
1772934394.5207372,982.8381298487277
1772934394.5367198,1235.570651827968
1772934394.5689116,1868.0747017868991
1772934394.6150644,1950.9522664861427
1772934394.615084,1241.2721641864455
1772934394.6150935,705.6302229600382
1772934394.615102,1230.171235679939
1772934394.6151102,2211.1461595757387
1772934394.6151178,2190.974125849205
1772934394.766742,965.1100595140206
1772934394.7667592,191.60854118926358
1772934394.7667663,1228.9696808821004
1772934394.7667732,2914.3955677384943
1772934394.7667797,2710.306756411895
1772934394.7667854,316.7484341400992
1772934394.7667909,-1120.248335969668
1772934394.7667964,1245.7594304406653
1772934394.766802,5312.689504757724
1772934394.7827656,4899.095391410563
1772934394.8149164,-3474.2945622404573
1772934394.8641112,1515.3624994337724
1772934394.8641372,1282.8280713248316
1772934394.8641467,978.9654045853275
1772934394.8641574,985.8760497577991
1772934394.8641677,1275.0207570191305
1772934394.864176,1485.1779650473409
1772934394.8641853,1376.7268243115086
1772934394.864194,1080.7196255383985
1772934394.8642015,921.918431895939
1772934394.8952377,1086.8235652801254
1772934394.8952537,1446.1195633785865
1772934394.89526,1624.773309843572
1772934394.943479,1317.3452275287175
1772934394.9435155,704.5814133303576
1772934394.9435315,535.030339862166
1772934394.9435456,1401.2932652885854
1772934394.943558,2655.0384102661924
1772934394.9435709,2351.346866956338
1772934394.9715717,-27657.478374234666
1772934394.9715874,-35666.17317213388
1772934395.0187464,-17234.776074840076
1772934395.0187683,-2478.7282748504467
1772934395.0187778,6302.008752230931
1772934395.0187857,5767.640598831033
1772934395.0187936,781.3476377333061
1772934395.0188012,-1894.0919188725045
1772934395.03483,-105.87795202391501
1772934395.0508907,3074.569158666906
1772934395.0669527,3813.3138961969707
1772934395.0669796,1641.825143690425
1772934395.0990655,-650.337373226083
1772934395.0990863,-369.7744610884581
1772934395.0990984,2249.1531615625267
1772934395.099109,4287.329384464622
1772934395.131188,2928.6862442349425
1772934395.1553051,462.4122375118942
1772934395.1553216,1023.1087982054308
1772934395.155328,1861.6884670554928
1772934395.1713753,1898.2335241097621
1772934395.187415,1224.4367973724613
1772934395.2035217,784.4000121195461
1772934395.269771,7605.870336274542
1772934395.2697976,1753.1101090709374
1772934395.2698076,-10962.651779088237
1772934395.2698166,-21820.128078516194
1772934395.2698252,-24905.393370020993
1772934395.269833,-23798.123953155617
1772934395.269842,-26500.643971624486
1772934395.2698505,-34485.36615566169
1772934395.2698584,-39465.64831872645
1772934395.2698665,-32456.82500678961
1772934395.2698743,-14716.897614339356
1772934395.2698824,2403.7802227799502
1772934395.26989,8695.106717373854
1772934395.3019216,4652.605205016315
1772934395.3019505,-848.484965807735
1772934395.3561718,-942.1455822965382
1772934395.3561988,2992.1646852553163
1772934395.3562088,5208.735163278428
1772934395.356217,3331.9233841123732
1772934395.3562243,467.1849825322535
1772934395.3562348,370.45627770870317
1772934395.3562448,2721.473775197039
1772934395.356253,4192.995813021566
1772934395.3562627,3054.102904584064
1772934395.3882406,1092.0384755886096
1772934395.518849,-2050.068366299734
1772934395.5188785,-10112.93288682266
1772934395.518885,-18539.11004712263
1772934395.5188909,-24615.707774261275
1772934395.5188973,-26469.2845777908
1772934395.5189044,-23786.535448840605
1772934395.518912,-17455.99475090573
1772934395.5189176,-9479.684855204678
1772934395.5189238,-3660.988560370219
1772934395.5189302,-4964.046088677066
1772934395.5189357,-15720.048523331172
1772934395.5189407,-31374.70391298555
1772934395.5189457,-41533.25487434878
1772934395.5189507,-37809.1863425469
1772934395.518956,-21711.550915509877
1772934395.518962,-3832.808688921019
1772934395.5189672,5799.703746642756
1772934395.5189729,6237.906094324577
1772934395.5189788,3933.8431508921058
1772934395.5189855,3616.021632301067
1772934395.5189915,3144.9430831970312
1772934395.518998,-1647.9567928737672
1772934395.5190039,-9151.028686228774
1772934395.5190108,-12258.9581876637
1772934395.5190215,-7276.316455509113
1772934395.5190299,-23.35390396064939
1772934395.550916,-174.11906999054133
1772934395.6162038,7469.861231492537
1772934395.616229,6108.827266207655
1772934395.6162384,2331.1924307246377
1772934395.6162467,-732.0294945213783
1772934395.6162543,-2541.301826882872
1772934395.616262,-3813.074639510824
1772934395.6162837,-3934.375781011286
1772934395.6162913,-1358.993511482202
1772934395.616299,3448.530524627786
1772934395.680477,8721.789782090145
1772934395.680522,5830.388866375053
1772934395.680532,1465.671505472267
1772934395.6805406,1601.6036394595512
1772934395.680549,5107.897645609974
1772934395.6805575,3794.3430802559997
1772934395.680566,-7297.044741917796
1772934395.6805744,-21584.026030167388
1772934395.6805823,-26269.05804028824
1772934395.6805906,-16793.996783849034
1772934395.6805985,-3446.004952343043
1772934395.6806068,-856.9382213120998
1772934395.6806147,-11325.072249256174
1772934395.6966183,-21422.463305612084
1772934395.712621,-16840.431561357276
1772934395.71265,911.3176324117572
1772934395.7658172,9590.820130700642
1772934395.765839,12511.43332708314
1772934395.7658603,5938.572739382059
1772934395.7658696,-4544.8764778035675
1772934395.76588,-13307.734619664774
1772934395.7658892,-18197.10222899038
1772934395.7658973,-19409.370717667163
1772934395.7659054,-17355.521205191577
1772934395.8622005,8429.125916554029
1772934395.8622155,7147.5292443348935
1772934395.862222,-8493.443539035701
1772934395.8622274,-22952.194838412477
1772934395.8622327,-22855.71708517056
1772934395.862238,-10047.436182690948
1772934395.8622427,2616.9554056949983
1772934395.862248,6316.393142965065
1772934395.8622527,3961.3497833835204
1772934395.8622577,3070.1406369396404
1772934395.862263,4968.72911674841
1772934395.8622675,4419.219112174061
1772934395.8622725,-1265.2125294953087
1772934395.8622775,-6993.783467116169
1772934395.9295073,-7100.2762190069225
1772934395.9295297,1686.9807982878046
1772934395.92954,10131.766446247942
1772934395.9295492,9532.854115950084
1772934395.9295576,954.3903164659366
1772934395.9295664,-6589.721919312281
1772934395.9295747,-6492.127365016632
1772934395.9295833,-776.9527117428925
1772934395.9295936,4057.5974330793565
1772934395.9296036,4911.618313381904
1772934395.9456637,4008.443728170219
1772934396.0198817,4532.300806603702
1772934396.0199,6051.584227268153
1772934396.0199063,5602.363853302157
1772934396.0199115,3465.54289259646
1772934396.0199163,2902.1169036856654
1772934396.0199213,5290.346690259529
1772934396.0199263,7400.853681740702
1772934396.0199313,4894.981372268861
1772934396.0199358,-2220.3470399055614
1772934396.0199406,-9028.197043610027
1772934396.0199451,-10648.494356197134
1772934396.01995,-6755.758622241034
1772934396.0199547,-933.3300186640171
1772934396.0199594,3364.628046825654
1772934396.0199642,5271.01857105358
1772934396.0359552,5613.502975709037
1772934396.101204,-5049.961881853422
1772934396.1012313,-3279.1304424525742
1772934396.101242,1734.5866899555326
1772934396.101251,6151.713542658216
1772934396.1012597,7238.280900237388
1772934396.1012683,5413.627010289208
1772934396.1012764,3394.8258068581276
1772934396.1012845,3383.9391609982645
1772934396.1012924,5028.149009343312
1772934396.1013007,6169.653273409467
1772934396.101311,5485.64015524657
1772934396.1013207,3982.579376615123
1772934396.101329,3617.4612389599883
1772934396.1172633,4795.732045696626
1772934396.1605136,5915.160716338366
1772934396.1605396,5502.357097209838
1772934396.1605492,4151.0721350281865
1772934396.1605575,3693.574564783514
1772934396.1605659,4727.640223006026
1772934396.160574,5825.700169174974
1772934396.1826162,967.5629105000207
1772934396.1826367,-11532.549635455147
1772934396.1826477,-17248.26427533987
1772934396.27195,-5011.5751708891385
1772934396.271982,7432.236743630779
1772934396.2719927,4365.663379859295
1772934396.2720025,-10362.666419183683
1772934396.2720113,-18375.64730150811
1772934396.2720203,-9327.769293457419
1772934396.2720296,5904.11072614544
1772934396.2720392,7929.782763454024
1772934396.2720475,-7723.669113176215
1772934396.2720556,-24792.497974408278
1772934396.2720647,-24849.90427698572
1772934396.3552413,-26883.900423017316
1772934396.355267,-16981.63953568878
1772934396.3552775,-8182.399382585712
1772934396.3552873,-7254.148557576562
1772934396.3552957,-12519.185331643295
1772934396.3553066,-16498.597052124176
1772934396.3553302,-13025.492070102757
1772934396.3553383,-2870.564619924699
1772934396.355348,6315.222854787031
1772934396.3553572,5855.729574984679
1772934396.3553655,-6640.461488642486
1772934396.3553736,-24752.394712101832
1772934396.3553815,-38243.08768511346
1772934396.3553896,-41249.055252168495
1772934396.3553977,-35777.55041806932
1772934396.3554058,-27462.183689694655
1772934396.355414,-19075.77093029198
1772934396.4255276,-24100.731729846175
1772934396.4255557,-21452.877701704907
1772934396.4255652,-12300.516545196495
1772934396.4255736,-1200.6748782976606
1772934396.4255817,5643.6844217489415
1772934396.4255896,7124.342285737106
1772934396.4255977,6940.126749914857
1772934396.4256053,7919.479729199038
1772934396.4256127,8984.498231588486
1772934396.4256203,8111.979736310833
1772934396.4256277,6170.182167418916
1772934396.4256353,5917.64416284528
1772934396.425643,7879.635515299249
1772934396.4256504,9366.923290527098
1772934396.4576697,8234.025084691151
1772934396.4737277,6015.440175802938
1772934396.4737563,5838.032625481684
1772934396.501868,7990.3070553315265
1772934396.5018935,9451.93652273778
1772934396.5019033,8134.750975929386
1772934396.59329,-21694.99648242534
1772934396.5933173,-33929.986747708026
1772934396.5933285,-33816.815531321095
1772934396.593338,-26497.219604286063
1772934396.5933473,-21221.662985091218
1772934396.5933557,-21962.12129231267
1772934396.5933633,-25367.954324733662
1772934396.5933714,-26494.75290666912
1772934396.5933788,-24391.976404909656
1772934396.5933864,-21889.13148572032
1772934396.5933943,-21661.289157843486
1772934396.5934026,-23587.360560216555
1772934396.5934107,-24996.93469619613
1772934396.5934184,-22375.307747880684
1772934396.5934262,-13835.30419740241
1772934396.5934336,-2072.5990953696664
1772934396.5934412,5097.933918383291
1772934396.5934489,139.88369289402758
1772934396.593456,-15549.87719562062
1772934396.5934632,-29359.25577005352
1772934396.5934708,-27455.1419682572
1772934396.5934784,-8975.734264694434
1772934396.6314633,-23147.15232515243
1772934396.6315048,-29703.363862509257
1772934396.631516,-34320.5509409342
1772934396.6315248,-25244.691225694205
1772934396.6315358,-2577.376947341994
1772934396.6736774,10487.183276613443
1772934396.6736999,16963.39725217632
1772934396.6737094,14121.536041321107
1772934396.673716,8291.356972679214
1772934396.6737213,5097.776991964057
1772934396.6737266,4695.870313043836
1772934396.6737316,4311.208473923978
1772934396.753868,-29107.387830934113
1772934396.7538831,-35562.07941181268
1772934396.753889,-21469.40685369216
1772934396.7538946,895.241909888256
1772934396.7538993,11346.288550638315
1772934396.7539046,2665.6582016729603
1772934396.7539096,-12850.848972810722
1772934396.7539144,-18066.82947893624
1772934396.753919,-9166.74635110878
1772934396.753924,3167.7967128467976
1772934396.7539284,8512.578420661222
1772934396.7539332,7917.584452534834
1772934396.753938,8964.105261041856
1772934396.7539425,13638.901320220375
1772934396.836232,451.636524809137
1772934396.83625,-7139.732331474536
1772934396.8362567,-11409.72065979809
1772934396.8362632,-10294.205340199389
1772934396.8362684,-6461.261172978977
1772934396.8362744,-4007.9887125460777
1772934396.8362803,-2737.405693182511
1772934396.836288,1791.5487252473142
1772934396.8362956,11298.393484358396
1772934396.836301,19683.58403371656
1772934396.836308,17647.32283752949
1772934396.8363144,3053.9205137398103
1772934396.83632,-14932.873155520954
1772934396.917637,1942.982302037824
1772934396.9176652,11890.464740547346
1772934396.917676,17055.288571555815
1772934396.9176855,13457.696440040709
1772934396.917694,6038.632601946875
1772934396.917703,1969.8309647039446
1772934396.9177115,3136.440166555424
1772934396.91772,6249.71376534068
1772934396.917729,8464.89315388687
1772934396.917737,10198.176371912297
1772934396.9177456,12357.151127426894
1772934396.9177537,13537.563702382244
1772934396.917762,12029.0101227187
1772934396.9336247,9412.721115562937
1772934396.949706,9416.251584194357
1772934396.9928904,11943.996606139191
1772934396.9929152,11664.849129930397
1772934396.992926,9859.065004558071
1772934396.9929347,9653.62106705649
1772934396.9929438,12419.265569180141
1772934396.992952,13967.952965540224
1772934396.9929607,8379.646725738428
1772934397.0722804,13390.556965915925
1772934397.0723133,11081.45919727586
1772934397.0723228,5869.545706954756
1772934397.0723307,1871.2961142780855
1772934397.07234,1537.2681160711973
1772934397.0723474,3947.266552838141
1772934397.072354,6975.159557355108
1772934397.0723596,9592.69032499956
1772934397.0723653,11509.488051122378
1772934397.0723712,11931.312718578398
1772934397.0723767,10317.974014510957
1772934397.104318,8159.49321099752
1772934397.1204133,8227.480601315741
1772934397.1656432,4194.381057159781
1772934397.1656623,-10718.179649581321
1772934397.1656718,-22735.55016073383
1772934397.165681,-21899.642332991734
1772934397.1656888,-7687.896809205029
1772934397.1656966,9413.250749221164
1772934397.1657047,17275.546380115098
1772934397.2158172,1904.811358841452
1772934397.2158372,-17710.46368860703
1772934397.2158468,-25456.793282631035
1772934397.2158554,-15701.467016510289
1772934397.2158632,1552.140879985915
1772934397.215871,12267.70233010687
1772934397.2158792,12185.770458239507
1772934397.2158873,8310.704599408298
1772934397.2158952,8438.293826888908
1772934397.3171873,1664.2638025707902
1772934397.317229,-4344.1218802532985
1772934397.3172405,-13783.367777028514
1772934397.3172488,-24216.617109274895
1772934397.3172584,-31428.90648247277
1772934397.3172672,-32387.682825184213
1772934397.3172753,-26744.733402196664
1772934397.3172832,-16997.493996104473
1772934397.3172908,-7913.6031083147445
1772934397.3172984,-4462.5503161204215
1772934397.3173063,-8163.767548819576
1772934397.317314,-14775.2133531157
1772934397.3173215,-16882.814308255096
1772934397.3173292,-10388.586156568963
1772934397.3173368,1306.929689234443
1772934397.3173444,10376.690127968697
1772934397.317352,12207.477204160714
1772934397.3173597,9484.278550039708
1772934397.3173764,8315.774243554188
1772934397.317384,11047.368236553784
1772934397.3173914,14133.185071035776
1772934397.3173988,13267.915144756362
1772934397.3174064,9261.066624240995
1772934397.3332808,7347.321084432217
1772934397.349337,10653.255638588533
1772934397.3925245,-10396.376124728176
1772934397.3925514,-11541.526245755926
1772934397.3925617,-4968.519419167921
1772934397.3925703,5347.150397588541
1772934397.3925784,13006.688535902827
1772934397.3925896,14344.326434636254
1772934397.3926003,11182.10386776029
1772934397.3926096,8464.27086205714
1772934397.4086757,9289.7360324141
1772934397.4366825,12378.935378004058
1772934397.4367037,14093.989958587243
1772934397.472854,10448.998010405481
1772934397.4728723,11865.984708082564
1772934397.4728792,12700.286923066467
1772934397.472885,9610.121562796783
1772934397.472903,3687.8382003657894
1772934397.4889617,541.5322989640479
1772934397.504959,-17002.577868840584
1772934397.560234,-27531.12849427587
1772934397.5602715,-27056.04960578121
1772934397.5602827,-18642.561715207557
1772934397.5602913,-5471.4983046391235
1772934397.5602996,7427.00735257848
1772934397.6094203,7683.427336180226
1772934397.6094377,5819.558538065342
1772934397.609444,4506.2331768286
1772934397.6094496,6789.7819611362165
1772934397.609465,11435.896618980603
1772934397.6325333,14504.29721471556
1772934397.632554,13667.594937004935
1772934397.632564,10840.893360906915
1772934397.6646557,-12860.059933626984
1772934397.6907578,-5585.738207252333
1772934397.6907928,10261.89864832732
1772934397.6908052,19235.63821535642
1772934397.6908157,13666.078751846102
1772934397.7228808,-19186.12653616964
1772934397.7871497,-8215.583395931484
1772934397.803204,262.57342956302875
1772934397.8192716,9915.226958577645
1772934397.8986492,2994.498707004931
1772934397.8986742,1379.0112925854335
1772934397.8986833,4042.7704128838072
1772934397.8986914,12382.523101580415
1772934397.8986993,19292.340803544368
1772934397.8987072,17514.293367604314
1772934397.8987148,9247.885689077702
1772934397.898722,4676.940623656907
1772934397.8987296,10148.773301026597
1772934397.8987372,19724.19214192895
1772934397.8987448,20752.163571371024
1772934397.8987522,7983.01182957666
1772934397.8987596,-9645.46105997325
1772934397.8987672,-17563.273632031785
1772934397.8987749,-10227.851123137258
1772934397.961862,-16457.814189960092
1772934397.9618878,-2288.7332915949137
1772934397.9618983,8710.535423132085
1772934397.961908,14239.011472592641
1772934397.9619167,16456.018849014774
1772934397.961926,16578.074262038223
1772934397.9619353,12976.612421606698
1772934397.9619443,4972.174555435843
1772934398.0100815,-3350.835442667629
1772934398.0362315,15456.47188035683
1772934398.0362525,16016.504869553302
1772934398.0362644,12495.64362296306
1772934398.0522616,5405.609117887983
1772934398.052291,-2134.456948316721
1772934398.100455,15435.47033482774
1772934398.1004827,13830.448787611047
1772934398.1326075,10571.96544065114
1772934398.1647203,6953.341969306422
1772934398.1807609,1056.9024417044805
1772934398.203845,16085.757642192875
1772934398.2038617,11242.777828661572
1772934398.203868,5420.169263985461
1772934398.2199185,4068.1743769960854
1772934398.252116,15582.367378895373
1772934398.299264,12081.118180069972
1772934398.2992895,7978.421348252259
1772934398.2992988,8995.66441628062
1772934398.299307,14958.14645888577
1772934398.2993152,16663.856974488423
1772934398.2993228,5432.96890458745
1772934398.3153155,-16084.51826517992
1772934398.3153412,-35080.24178844217
1772934398.3314035,-20198.308055486246
1772934398.3745725,7291.595546633156
1772934398.3746023,14250.15449012826
1772934398.3746133,13570.949509452696
1772934398.374622,11196.439392310374
1772934398.3746328,9848.681029688234
1772934398.3746428,6204.96073748265
1772934398.4067693,-1901.0064208666581
1772934398.422766,11496.523481293856
1772934398.438933,7760.399998890148
1772934398.4679646,7623.729834259163
1772934398.4679885,10920.6447558383
1772934398.4840088,12933.956457182936
1772934398.5071123,11049.75287272019
1772934398.5071352,8037.905617343175
1772934398.507146,7980.997895699908
1772934398.5352623,10830.103824213107
1772934398.535287,12730.699222368588
1772934398.535295,11214.261452903487
1772934398.5512843,880.4071249584738
1772934398.5673964,-2249.586567900659
1772934398.583418,2844.1389641070164
1772934398.5834382,11306.10609592716
1772934398.6296349,8493.74230808776
1772934398.629656,7605.815408790548
1772934398.6296628,9630.856903203176
1772934398.629687,11901.150967612883
1772934398.6296973,10043.063166797789
1772934398.629704,5790.292092012966
1772934398.6297104,5861.199609620551
1772934398.6297164,12003.459551936323
1772934398.629722,15967.926085030605
1772934398.6617608,8123.4026409278995
1772934398.6778617,9915.082736997649
1772934398.6939104,10475.613959166058
1772934398.7099717,7236.544663019637
1772934398.7100046,-3627.909734985343
1772934398.7581685,523.7304722064789
1772934398.795304,6863.7975492026835
1772934398.7953198,4629.114803866157
1772934398.795326,7599.046018003335
1772934398.7953312,11413.972413860258
1772934398.795336,7591.002854954243
1772934398.839542,4259.119374892079
1772934398.8395836,-13046.01087710247
1772934399.4420185,11298.510175686528
1772934399.4420528,9481.50488107805
1772934399.4420629,-5534.735101851381
1772934399.6186745,-7776.660883813873
1772934399.7381735,-26310.677459983403
1772934399.738202,-36939.9697165366
1772934399.7382083,-30908.358786921366
1772934399.7542083,-14640.954103824077
1772934399.8346312,-28176.71596540525
1772934399.8506417,-38850.04648412038
1772934399.866721,-36486.82623277238
1772934399.8667471,-17316.749963484242
1772934399.888755,-24942.92385454348
1772934399.8887808,-19672.228364669325
1772934399.9048607,-24123.25637301134
1772934399.9208896,-8820.72421062234
1772934399.936972,1696.0566812719983
1772934399.953044,9347.494329426725
1772934399.9811585,11856.649855634387
1772934399.9811788,10733.497851689115
1772934399.981185,4299.053730129833
1772934399.9811924,-5413.476846024296
1772934399.9972215,6596.427408371419
1772934400.013282,-415.65749269557836
1772934400.029359,-4120.172425925792
1772934400.053471,390.04204693962635
1772934400.0534883,8913.706254428002
1772934400.0534952,11812.829596067131
1772934400.0996616,9584.369103302819
1772934400.0996883,6865.247527424817
1772934400.0996974,5165.668032041437
1772934400.0997057,6375.937608274804
1772934400.0997136,8436.07755831166
1772934400.0997212,8494.385115425863
1772934400.0997295,6604.746653134279
1772934400.1398163,-13742.892628294043
1772934400.1398385,-10954.886446753302
1772934400.1398487,-2679.185076077115
1772934400.1398575,3005.4857761174685
1772934400.139866,2057.305927310327
1772934400.1709392,6848.285751366099
1772934400.170957,3851.3627093730447
1772934400.1709635,-49.80127274023951
1772934400.186954,-1117.8368119061781
1772934400.2342193,-47.48733363550063
1772934400.2342412,4236.766853156123
1772934400.2342513,8529.055463377606
1772934400.2573354,9620.697804073148
1772934400.257362,7714.972842353318
1772934400.2573724,5915.161277629444
1772934400.305552,6366.730149560012
1772934400.305574,7977.257565232294
1772934400.3215992,8380.058984124387
1772934400.3216252,7257.607977022955
1772934400.400906,5969.8510946457445
1772934400.4009252,5916.78941641978
1772934400.400935,8005.597031576955
1772934400.400943,9671.627805912516
1772934400.400951,8523.229169869117
1772934400.4009588,4715.26160394734
1772934400.4009664,529.7248467256185
1772934400.4330056,-1535.192495486743
1772934400.5685537,-29593.430933321335
1772934400.568575,-38917.96941300784
1772934400.6007006,-28834.23648183737
1772934400.61676,-45309.78962448303
1772934400.6449025,-26301.35911960262
1772934400.6449244,-5397.188712085441
1772934400.6449347,7444.6284492581935
1772934400.6810355,14589.831587442768
1772934400.6810513,5611.820897441405
1772934400.6810577,-6938.817676788807
1772934400.6810632,-13535.286521779935
1772934400.7131643,-9238.518831679141
1772934400.7452881,3253.507938170877
1772934400.7453084,14741.463728686296
1772934400.8125677,-3774.389871966698
1772934400.8125849,-12213.825187348362
1772934400.812591,-9780.475826701664
1772934400.8125985,1469.3476278169558
1772934400.8286889,12048.228218187976
1772934400.828715,14961.475336113892
1772934400.8447022,-17151.131594466475
1772934400.8607743,-22056.628106343996
1772934400.8929355,-5324.303523881374
1772934400.8929715,12298.667067190318
1772934400.892983,16417.117865447788
1772934400.8929925,8638.36940951499
1772934400.921024,2268.671456787101
1772934400.9210415,5200.314512442009
1772934400.921048,11716.032105247237
1772934400.9371233,11605.468441489822
1772934400.9993472,9495.506317466099
1772934400.9993706,5476.695190638285
1772934400.9993804,2801.6180115245234
1772934400.9993885,-1582.2717798290066
1772934400.999396,-10945.29859285293
1772934400.9994042,-21841.3298081707
1772934400.9994125,-26163.013420743056
1772934400.9994204,-20475.237964065087
1772934401.0666687,10276.224640810995
1772934401.0666883,10270.439712483882
1772934401.0666976,-113.01779783617799
1772934401.0667062,-6554.469735224188
1772934401.0667148,-1592.6104960893133
1772934401.0667248,8021.952430291248
1772934401.0667346,11446.541884581035
1772934401.0667427,7283.512380829426
1772934401.0897331,3555.719389025202
1772934401.089778,5798.9280733299165
1772934401.105898,10037.435183034782
1772934401.1680467,10527.962560431122
1772934401.1680684,7428.96035222129
1772934401.168078,3626.2510395649065
1772934401.168086,4377.304501109431
1772934401.168094,8731.896300363947
1772934401.168102,10959.56051513857
1772934401.16811,7827.818507936225
1772934401.1681175,2113.404108537228
1772934401.2152433,-7710.829375699073
1772934401.2152634,-13561.542526666113
1772934401.215273,-14028.934716212972
1772934401.2152808,-8231.405597335803
1772934401.2152884,1638.7909469328408
1772934401.2152967,10184.793009192168
1772934401.23136,12288.989748694605
1772934401.2314017,8062.296569324724
1772934401.2474058,3315.6570077374745
1772934401.2474332,3666.3725540857668
1772934401.27951,8441.339479149838
1772934401.3087163,13378.864307418802
1772934401.3087392,3227.430982287754
1772934401.3087509,-10225.680688033824
1772934401.3246913,-16681.299083576025
1772934401.3247194,-15936.484244081832
1772934401.3729234,39.829103458293716
1772934401.4030037,-5219.876621200733
1772934401.4030252,-12644.193471223247
1772934401.4030333,-10424.474519274741
1772934401.5476706,-19044.306689140118
1772934401.6118684,-14247.316592309196
1772934401.6761165,-14377.810429415535
1772934401.7565002,-9738.004962924675
1772934401.7886431,-24834.736518634134
1772934401.8368056,-30225.664973151186
1772934401.9080925,-34499.559998073324
1772934401.9081144,-31113.252485399662
1772934401.9081247,-30355.61867167377
1772934401.9975011,-8542.535077116558
1772934401.9975452,5949.483237692807
1772934401.9975517,11986.830254114508
1772934401.9975572,9589.812072141976
1772934401.9975624,5757.435241683603
1772934401.997568,6569.562830140488
1772934401.9975731,9965.58488196178
1772934402.0557427,10697.71977682272
1772934402.055766,7067.5329929521495
1772934402.0557768,-158.60333620663732
1772934402.7947192,6072.537048912605
1772934402.8459644,6909.007719286058
1772934402.8460097,8197.91454118859
1772934402.8460207,8202.668040449269
1772934402.8460295,7408.768158744011
1772934402.8460405,7199.7592328014425
1772934402.8780751,7437.014973121655
1772934402.8780935,7089.678226919434
1772934402.8781052,6782.872075459385
1772934402.878115,8300.704017885806
1772934402.8781233,10412.383217829109
1772934402.942406,7320.726944829663
1772934402.9583766,-5541.504925839234
1772934402.9905856,4361.4465032513945
1772934403.0065727,-8819.759053927746
1772934403.0497508,4950.2015170031345
1772934403.0497706,6150.751136385215
1772934403.04978,8503.339995806311
1772934403.0497885,8700.70975044448
1772934403.049796,6463.562714310195
1772934403.0498035,4937.247575928357
1772934403.0889783,6284.282645659985
1772934403.0890148,8625.047380969812
1772934403.0890224,8651.6216606918
1772934403.0890305,6285.465102288683
1772934403.1260784,4850.143273820826
1772934403.126098,6424.551621150295
1772934403.1261036,8843.08134509743
1772934403.126109,8656.912991580535
1772934403.1261144,6028.83250338912
1772934403.2124217,4654.111317845573
1772934403.2124455,6601.384815570761
1772934403.2124553,9228.303164838795
1772934403.2124636,8717.658199624388
1772934403.212474,5566.308419056361
1772934403.212484,4224.1056927451455
1772934403.2124922,6913.561180885286
1772934403.212502,10071.011499085733
1772934403.2125108,8903.039298156551
1772934403.288808,6596.388985130899
1772934403.288838,5483.631722571738
1772934403.2888467,6010.969914397495
1772934403.2888532,7459.67998969356
1772934403.2888584,7836.424710483098
1772934403.2888637,6610.933077472516
1772934403.288869,5457.134269759388
1772934403.2888741,5969.175747138263
1772934403.2888792,7465.635573566033
1772934403.320861,7898.45393800142
1772934403.3520064,6647.734547349747
1772934403.3520343,5397.272236620018
1772934403.3520472,5877.340537131731
1772934403.3520555,7480.916080635635
1772934403.3751023,8038.70305407903
1772934403.3751316,6727.433062740063
1772934403.3751411,5267.408646821508
1772934403.4072323,5668.5070165033785
1772934403.4644558,7503.2119330252035
1772934403.464476,8345.04249330841
1772934403.4644868,6931.738073418997
1772934403.4644964,4964.31897163984
1772934403.464506,5102.11833200681
1772934403.4645147,7538.6316457415205
1772934403.464526,9410.640372372627
1772934403.4965768,7869.002292314936
1772934403.5367289,5383.090415430026
1772934403.536748,6244.35692430709
1772934403.536755,7585.907631631011
1772934403.5367608,7551.183640909934
1772934403.536766,6149.9553863813635
1772934403.5367708,5292.76599531183
1772934403.568921,6194.175515420393
1772934403.6010833,7659.016007973459
1772934403.6011128,7664.405459416754
1772934403.6241193,6146.435718958538
1772934403.624146,5158.122946459238
1772934403.6241555,6105.9849513739255
1772934403.6994307,7767.090700566333
1772934403.6994507,7849.71374549933
1772934403.69946,6139.60960111974
1772934403.6994681,4916.779773005981
1772934403.6994765,5941.062809316637
1772934403.6994843,7955.663984734408
1772934403.6994925,8202.013111702025
1772934403.6995003,6148.876921014211
1772934403.6995084,4457.549239958676
1772934403.6995168,5595.064566207971
1772934403.7406096,8339.937253906275
1772934403.7406251,8971.884690436233
1772934403.740631,6151.420086383464
1772934403.7897768,4624.420049679082
1772934403.789806,6837.320425094787
1772934403.7898183,8139.632017246994
1772934403.7898295,6454.229211622999
1772934403.7898386,3887.1792332336745
1772934403.7898495,4341.449259370573
1772934403.789859,7904.459456666384
1772934403.7898674,9115.492187777434
1772934403.8058736,2079.5743501073575
1772934403.8480847,2902.548405282049
1772934403.848111,6506.53940222634
1772934403.8481214,9814.664898801284
1772934403.84813,5164.183457622162
1772934403.8481407,-9106.014609096646
1772934403.8721845,3649.7947600392436
1772934403.8722231,3813.858088679446
1772934403.8722305,5453.128205577716
1772934403.9042835,6423.808320045547
1772934403.9203193,5301.798163357586
1772934403.949456,3378.196631284959
1772934403.9494896,3219.8546498618407
1772934404.0117548,5415.12305394946
1772934404.0118043,7468.172699627842
1772934404.0118172,6332.543746563179
1772934404.011827,1800.9769292268054
1772934404.03784,4219.7983610062265
1772934404.0378697,5251.7997625458465
1772934404.053869,5679.308397243832
1772934404.069924,5010.523632694797
1772934404.1361973,4018.675865711687
1772934404.1362152,3757.7231760342293
1772934404.1362247,4562.346152023176
1772934404.136233,5919.4573413003445
1772934404.136239,6695.773516560443
1772934404.136246,5288.627398267024
1772934404.136253,408.28823540742326
1772934404.1362586,-7203.078826422544
1772934404.361091,6979.698107439248
1772934404.6312747,3121.225622750626
1772934404.6312964,3394.496537526977
1772934404.6313064,5075.357081089419
1772934404.6313155,5792.393400877371
1772934404.6313243,4470.090859094702
1772934404.6313329,2935.5677763311733
1772934404.6313407,3402.546377161745
1772934404.631349,5285.4323889264615
1772934404.6313574,5916.715695799508
1772934405.273914,-4457.867120495085
1772934405.3863754,-3881.107464227747
1772934405.4144876,1532.0188519586231
1772934405.4145129,7096.1848899065535
1772934405.414523,7795.405774633722
1772934405.4145317,4090.1637611515757
1772934405.4547167,1323.1107199772089
1772934405.454734,3050.393452298803
1772934405.470723,6676.487783416974
1772934405.498819,7088.238327097889
1772934405.4988458,3655.396140156266
1772934405.4988556,1226.1646857086582
1772934405.5852349,1704.7391637202975
1772934405.5852706,6111.14073326573
1772934405.5852864,6890.849422183229
1772934405.5853,2631.31995543596
1772934405.5853195,-833.6417180858015
1772934405.5853376,1720.7532198405652
1772934405.5853512,7180.997016359973
1772934405.5853636,7702.280628519439
1772934405.5853748,1715.2640896144824
1772934405.5853877,-2745.0912787218695
1772934405.5854,1643.7257304649065
1772934405.5854127,10296.014342573315
1772934405.617289,10523.314165543232
1772934405.6615176,1962.7924975356884
1772934405.661544,-2069.454657553771
1772934405.6615543,1449.6799795757536
1772934405.6615636,9109.657101759114
1772934405.6936352,9734.556298186608
1772934405.7498484,3546.350973364891
1772934405.7498686,1294.065914233548
1772934405.7498782,907.3231836028745
1772934405.7498865,3319.009584814391
1772934405.749894,5653.652641560273
1772934405.749902,4379.656363479436
1772934405.7499096,-454.97756771212676
1772934405.7499173,-5062.519608301615
1772934405.781976,3532.190361255626
1772934405.8342004,3926.5859314757195
1772934405.8342214,2531.0496239008367
1772934405.834231,1281.5915606295564
1772934405.8342412,2117.8018631518826
1772934405.8342505,4015.4954571266835
1772934405.8342583,4111.318308474867
1772934405.8342683,1889.181947765055
1772934405.8342772,582.6693912606165
1772934405.8502777,2910.8209644582134
1772934405.9044907,2460.9043362488874
1772934405.9045105,3528.6349518530324
1772934405.9045165,2957.4747466008716
1772934405.904522,1302.8810217555817
1772934405.9045272,794.034901613602
1772934405.904532,2488.288344203053
1772934405.9045372,4517.368163470045
1772934405.904542,3839.343988608877
1772934405.9045465,-292.4483300099391
1772934405.9045515,-5120.65410417488
1772934405.9497256,2532.2333104858812
1772934405.9497452,2655.6313322684778
1772934405.9727693,2145.343848657133
1772934405.972788,1735.9543724108355
1772934405.9727943,2020.9810759823624
1772934405.9727995,2575.6188490892805
1772934406.0209653,2577.687030315134
1772934406.0370076,2043.6667269560169
1772934406.053084,1802.6044732536059
1772934406.1173742,2212.953359005391
1772934406.1174023,2560.2771534403314
1772934406.160558,2248.532601568128
1772934406.1606088,1948.0482368816606
1772934406.1606264,2493.975273827877
1772934406.1606386,2533.0773334571145
1772934406.1606474,-1276.828687938841
1772934406.2058065,3659.482525555511
1772934406.2058413,2748.1911218005794
1772934406.2058518,469.01177491478074
1772934406.2338524,-6.2983931037948935
1772934406.2338767,2323.007216290353
1772934406.233887,4474.388217677805
1772934406.3041043,3171.1865911456016
1772934406.3041244,-393.01369467359723
1772934406.304131,-1339.3890920251063
1772934406.3041365,2615.3639392014584
1772934406.304142,7074.960072678665
1772934406.3041472,5063.165538134178
1772934406.352327,-4612.738912062465
1772934406.4105585,179.29093194732715
1772934406.4105885,1927.9916245903294
1772934406.410598,2819.2537760400605
1772934406.410607,1327.7204003749268
1772934406.4106154,-933.8523568039317
1772934406.410623,-758.8673829601726
1772934406.4106307,2542.861379576601
1772934406.4106543,5266.066805660414
1772934406.4106817,2215.2019648251203
1772934406.4266396,-8478.479049381402
1772934406.4427855,-14277.809591134725
1772934406.4808495,178.56681366458298
1772934406.48087,90.01414618763118
1772934406.4808817,0.705067788854707
1772934406.4808917,35.66937130018743
1772934406.4808996,145.42793348238794
1772934406.4809103,176.41150273370906
1772934406.480919,86.0721671697878
1772934406.5129905,0.9827789914643246
1772934406.52905,40.930799682197105
1772934406.573266,153.0379425719792
1772934406.5733035,176.95266110308933
1772934406.573315,83.53632787104895
1772934406.5733216,3.5617508406301135
1772934406.5733275,47.32013552300131
1772934406.5733352,150.85226430692728
1772934406.605356,167.04701313849094
1772934406.6214452,76.02204069816055
1772934406.649538,5.414173696803427
1772934406.6495633,56.35665000577783
1772934406.6495738,156.5341019313758
1772934406.6495829,163.1803307791386
1772934406.6888065,69.86141704264385
1772934406.6888452,3.8325474175534864
1772934406.6888573,59.73506350856705
1772934406.732879,161.8163441923597
1772934406.7329006,163.55860944071128
1772934406.73291,64.40649774163415
1772934406.732918,3.1267292693468005
1772934406.732926,65.02766163116993
1772934406.7329335,161.76232930577353
1772934406.765012,159.23791863019557
1772934406.7810767,56.35433172362021
1772934406.8133192,4.301110629386239
1772934406.813426,71.6494444121347
1772934406.8134503,167.04352910823806
1772934406.813464,154.89092654647527
1772934406.8134725,49.57098320095459
1772934406.8453434,-1.026974144431575
1772934406.8845465,74.46324676879844
1772934406.8845751,167.84144983692164
1772934406.8845851,149.7483699572336
1772934406.8845935,44.34111505359356
1772934406.916644,-0.8577447214525857
1772934406.9327607,76.28189622853394
1772934406.9487936,169.26872014509271
1772934406.9488192,147.0287521988639
1772934406.9648454,41.028447052193634
1772934406.9648812,0.5851883132359509
1772934406.9969969,82.70679067719577
1772934407.0512223,174.10814845629363
1772934407.0512567,144.07064870735886
1772934407.05127,34.813894998283125
1772934407.051281,-0.468256965870969
1772934407.0512924,88.12706278713421
1772934407.051303,176.22849866264488
1772934407.051314,139.4600351436292
1772934407.051325,29.008242844687892
1772934407.051336,0.7373010734208502
1772934407.0833273,94.62132470953301
1772934407.1365318,179.92080609269902
1772934407.1365552,135.5252969466006
1772934407.136562,23.01107117358921
1772934407.136568,1.9315403227151673
1772934407.1365745,104.86628232575175
1772934407.1365805,189.32824285759085
1772934407.1365852,136.54176977528994
1772934407.13659,19.471018791534153
1772934407.1526432,2.2581313269349628
1772934407.2118568,108.98724821531813
1772934407.2118764,189.06912594174187
1772934407.2118824,127.72230522631675
1772934407.2118876,8.453955572128704
1772934407.2118928,-2.0921318426401605
1772934407.2118976,111.10280007271375
1772934407.2119024,187.96638864016913
1772934407.2119071,117.65745509891364
1772934407.211912,-3.1743486477294938
1772934407.211917,-3.680766067849753
1772934407.2520561,117.42419464460976
1772934407.2520785,193.0210576894969
1772934407.2520888,114.26059664220602
1772934407.2962332,-11.284225439444999
1772934407.296255,-4.121863169830651
1772934407.2962651,127.91172036755086
1772934407.2962742,200.80834011855674
1772934407.2962823,110.70614013226971
1772934407.296291,-16.93393081132893
1772934407.2962997,-0.4363992929818584
1772934407.3745663,140.72602641587122
1772934407.3745923,209.28206021017277
1772934407.3746047,105.73124826949109
1772934407.374614,-27.105729779488
1772934407.3746247,-1.0081526374274346
1772934407.3746343,151.29770332126725
1772934407.3746428,216.95404117886463
1772934407.3746517,100.9869536713877
1772934407.3746598,-35.46205954609443
1772934407.3746681,2.2242608399559924
1772934407.3746762,165.4494036977969
1772934407.3746846,224.3249078465922
1772934407.374693,90.25544136814084
1772934407.3747008,-52.67035875786917
1772934407.374709,-1.2159799156074724
1772934407.390616,177.38389208278053
1772934407.4639,231.5682506100564
1772934407.463921,80.00067017979494
1772934407.4639308,-68.46460522970287
1772934407.4639392,-0.4879650080434844
1772934407.4639475,195.6300738761197
1772934407.4639556,244.05592599763023
1772934407.4639633,68.82089746294498
1772934407.463971,-88.5647203689916
1772934407.4639783,-1.2655470737295447
1772934407.463986,216.80233593034995
1772934407.5221612,259.59110655045407
1772934407.522202,59.53543900927234
1772934407.5222092,-107.36669373661186
1772934407.538195,1.2049171339243638
1772934407.5703192,245.90279284644234
1772934407.628604,277.9610892560311
1772934407.628648,38.98989001116535
1772934407.6286616,-141.3890381392833
1772934407.6286716,0.8693622715681636
1772934407.6286783,279.8109273564682
1772934407.6286836,299.27728381338795
1772934407.628689,12.144937192475117
1772934407.6286943,-187.35293327238074
1772934407.6909103,-1.4589199973364861
1772934407.6909375,326.9374124125032
1772934407.690945,329.7854536190346
1772934407.6909509,-25.507378519359687
1772934407.6909573,-250.48896179473533
1772934407.6909633,-2.1655337909695818
1772934407.6909683,401.2502847884404
1772934407.7068875,380.62396498020667
1772934407.7390363,-80.41377953320159
1772934407.780204,-756.1806514095034
1772934407.7802267,-998.2260921633609
1772934407.7802331,532.3280654595192
1772934407.7802389,2120.8037843987477
1772934407.7802439,1282.8983839574532
1772934407.7802486,-2351.829072192786
1772934407.7802536,-6303.826520213438
1772934407.7962964,-7612.460081643686
1772934407.870584,-6302.804685708884
1772934407.8706071,-1810.8441707278687
1772934407.8706176,1466.6496614230427
1772934407.8706293,1652.4708032172873
1772934407.8706403,3.962125202509852
1772934407.8706489,-998.82859975346
1772934407.8706589,-409.1426718448969
1772934407.870669,639.8781765435264
1772934407.870688,760.1944853486453
1772934407.8707025,-0.8837357572335952
1772934407.9027476,-518.3722768469197
1772934407.9498825,-26165.67635371018
1772934407.949899,-22714.365823794218
1772934407.9900703,-36022.16696686594
1772934407.990092,-21545.124326599205
1772934407.9901023,-5557.001973561425
1772934408.0061376,3182.808701516393
1772934408.0342784,3340.4012967788385
1772934408.034304,74.70274279859592
1772934408.0343144,-1247.8382652914752
1772934408.034325,232.59588090988535
1772934408.0663927,1833.9647798891913
1772934408.1216128,579.3141732218874
1772934408.121638,-2184.2651210129416
1772934408.1216471,-325.07528706617535
1772934408.12166,4391.488476632328
1772934408.121668,4820.693062544431
1772934408.121676,-3098.3078264160963
1772934408.1216831,-14476.846722089507
1772934408.153782,-19655.078804338136
1772934408.1698236,-14114.35602137129
1772934408.185915,-3034.3605123915245
1772934408.1859455,4398.377115385771
1772934408.2019703,4183.63222889837
1772934408.250186,168.06192159159028
1772934408.2782907,-1675.9524204188453
1772934408.2783422,139.0137576801781
1772934408.278352,2388.7603728902222
1772934408.2783604,2155.8946868660105
1772934408.36663,271.25330082530485
1772934408.3666503,-523.6625380609656
1772934408.3666608,614.2104645216872
1772934408.3666697,1883.007869071775
1772934408.366679,1589.256234992028
1772934408.3666875,335.8647353363207
1772934408.3666964,-85.32786354909692
1772934408.3667052,789.727556274283
1772934408.4640796,1643.8212539631068
1772934408.4641047,1328.4498134102362
1772934408.4641144,385.83956518965726
1772934408.4641228,149.82414102139253
1772934408.464131,877.0582634637694
1772934408.4641397,1497.8321325565116
1772934408.464148,1175.8957377489808
1772934408.4641564,422.5377089718282
1772934408.480126,298.5353988540506
1772934408.5202537,930.316239353382
1772934408.5202749,1403.2959519092205
1772934408.5202823,1081.1221279160156
1772934408.5202887,454.8647193123039
1772934408.520295,401.04322954646403
1772934408.552381,958.5736904146937
1772934408.568466,1327.5510789213838
1772934408.6106627,1008.1498365371725
1772934408.6106958,473.8366062861192
1772934408.61071,471.00501790253736
1772934408.610722,976.2053413048815
1772934408.6107352,1268.268210034124
1772934408.610746,954.5661357539693
1772934408.6107535,496.4478945725077
1772934408.6268165,534.2439028789527
1772934408.654876,995.469017673116
1772934408.654909,1225.0346716918682
1772934408.6549158,914.3051600097865
1772934408.6889725,509.55166673745344
1772934408.6890004,576.548728105281
1772934408.689011,1003.4280664532481
1772934408.6890204,1186.2510433061025
1772934408.6890297,881.0028660824681
1772934408.6890385,529.1181196711203
1772934408.7371583,621.4493121664003
1772934408.7823477,1016.2737334869879
1772934408.782368,1156.292652051371
1772934408.7823777,852.8065241645282
1772934408.7823868,539.2120204296231
1772934408.7823954,651.1832840356822
1772934408.7824032,1021.8700330101694
1772934408.8446229,1125.1010897337048
1772934408.8446486,826.6548121345022
1772934408.8446586,549.2619947357507
1772934408.8446703,678.3213117737723
1772934408.844681,1024.4676919615792
1772934408.8446896,1100.5409137658844
1772934408.8447,806.3412398274249
1772934408.8447092,559.3462057117729
1772934408.8447173,702.3079537048161
1772934408.8447254,1028.1987021103328
1772934408.860675,1080.8470643497556
1772934408.9028535,788.2722460498014
1772934408.9028692,571.921428067896
1772934408.9028752,730.8725092216926
1772934408.9420085,1035.3480225555234
1772934408.942038,1061.5422715788493
1772934408.9420488,777.2084985830635
1772934408.9420576,586.219621770538
1772934408.9420662,755.1857416784577
1772934409.0253756,1044.0459251139496
1772934409.025398,1045.5126146770554
1772934409.0254085,761.3595966075673
1772934409.025418,591.4030975023601
1772934409.0254278,770.529721839606
1772934409.0254364,1042.852042797145
1772934409.0254445,1026.0299846081678
1772934409.0254526,747.6012496183766
1772934409.025461,601.5064107624721
1772934409.0254693,792.6776470431512
1772934409.0576155,1047.5937053505497
1772934409.1107583,1010.1979960469852
1772934409.1107888,736.3371582712028
1772934409.1108017,610.1215761759498
1772934409.110813,807.5399014016851
1772934409.1108215,1049.4088290436862
1772934409.110832,996.4906701149332
1772934409.1108415,725.1082986322685
1772934409.11085,616.6571586625959
1772934409.1108584,821.1076518812774
1772934409.1108663,1049.5275599758183
1772934409.198092,978.6644339918063
1772934409.1981142,712.6479394904587
1772934409.198125,625.2890014716096
1772934409.198134,838.2436128166225
1772934409.198143,1050.678943708451
1772934409.1981514,964.1541067878921
1772934409.1981602,701.8515866667888
1772934409.1981688,633.5870250259978
1772934409.1981776,855.127289219475
1772934409.198186,1054.5761641798
1772934409.1981945,952.0416155771865
1772934409.1982028,692.9899760729419
1772934409.1982107,642.7976667866686
1772934409.238241,867.8706585410065
1772934409.2382617,1054.0374606986204
1772934409.238268,936.9450906993416
1772934409.2382736,682.3279085102542
1772934409.2382786,649.4286182337828
1772934409.238284,884.8797874649571
1772934409.2382889,1056.9413920761099
1772934409.2543068,922.5468441572439
1772934409.2703843,669.9738886724133
1772934409.2704072,654.7171070339349
1772934409.348786,898.7145320458245
1772934409.3488073,1059.3845774285508
1772934409.3488183,911.6128850469619
1772934409.3488276,664.0548652888821
1772934409.3488362,666.3564586604743
1772934409.3488448,916.8730169238113
1772934409.3488536,1063.931540753841
1772934409.348862,900.1982266857544
1772934409.3488705,655.3293955019257
1772934409.3488786,674.0186280702861
1772934409.348887,930.8218726331992
1772934409.4019427,1062.7655818246976
1772934409.4019601,884.0345816203915
1772934409.4019668,644.4837777542547
1772934409.4019723,682.2050601700023
1772934409.4381108,946.1977471823183
1772934409.4381332,1066.0360413099006
1772934409.4381397,872.7763568294262
1772934409.4381447,638.7825586771686
1772934409.4381506,696.0137142416396
1772934409.5043538,960.0759781003427
1772934409.50438,1062.6325560305736
1772934409.50439,852.7091798549915
1772934409.504399,624.0758880802896
1772934409.504408,700.6567262101664
1772934409.504417,978.0219780190624
1772934409.5044255,1066.1621515813301
1772934409.504439,838.0012062617345
1772934409.5204306,612.1585984416064
1772934409.5848043,710.9778474566508
1772934409.5848403,996.1218285586052
1772934409.5848527,1067.8759388245269
1772934409.584862,821.4487299862099
1772934409.5848706,600.9662706729076
1772934409.5848792,718.1789653066379
1772934409.6810722,1011.1886079337236
1772934409.749378,1068.4146498768418
1772934409.7494104,802.8086720617548
1772934409.749421,587.2660397515923
1772934409.7494297,727.7234636765204
1772934409.749438,1030.34863301645
1772934409.7494466,1068.6552241733716
1772934409.7494555,784.6935345467416
1772934409.801645,575.1683334306847
1772934409.8016877,741.5152742690941
1772934409.8017027,1053.2680103943242
1772934409.801716,1070.2058849144964
1772934409.8017287,762.4740640947359
1772934409.8337784,562.746135152719
1772934409.833809,756.6829462823395
1772934409.833815,1077.830526144494
1772934409.8338208,1071.378335847372
1772934409.8338256,738.4845463967107
1772934409.8497796,545.6642966234665
1772934409.8729289,771.65182344482
1772934409.872968,1105.298436327696
1772934409.9030018,1074.1172737954153
1772934409.9030313,712.9178396446067
1772934409.903038,528.1722738570941
1772934409.903045,788.6940222064833
1772934409.935158,1135.4000928134446
1772934410.0053964,3565.0013959403336
1772934410.0054173,1866.255555865787
1772934410.0054235,-1460.6364773747443
1772934410.0054288,-1653.4883385015319
1772934410.005434,2753.4189227870975
1772934410.0054388,6534.23869996912
1772934410.0054436,2499.032920141001
1772934410.0054483,-10035.703893044607
1772934410.0054536,-22748.964648511916
1772934410.0054584,-25518.396577252042
1772934410.0214677,-16169.909288416919
1772934410.079779,-2463.6152128308418
1772934410.0798044,5622.699588043749
1772934410.079811,4913.823835312422
1772934410.0798163,313.14781816087435
1772934410.0798223,-1768.276136455387
1772934410.0798278,144.10078731160775
1772934410.0798326,2704.5043213251856
1772934410.111862,2773.8725992123505
1772934410.1652284,866.6363890809739
1772934410.1652644,-329.1503506308128
1772934410.16528,462.5453487742009
1772934410.1652944,1920.3804012932276
1772934410.1653068,2195.5819796524597
1772934410.1653175,1165.3517540991102
1772934410.1653285,246.7676844649457
1772934410.165337,486.3095453549499
1772934410.2484093,1964.9894303402505
1772934410.2484326,1959.9475705269278
1772934410.2484426,745.8705606273328
1772934410.2484512,9.430932943137828
1772934410.248459,710.5614350525569
1772934410.2484672,1850.1986903052486
1772934410.2484753,1873.9196249348736
1772934410.248483,766.7478684640336
1772934410.2484903,52.91191055828787
1772934410.2484982,726.4664857928199
1772934410.2485063,1880.0453881081664
1772934410.280605,1897.2352758936331
1772934410.3267753,680.3651412361629
1772934410.3268085,-97.58020422723703
1772934410.3268185,777.4821153932583
1772934410.3268273,2212.6062151646597
1772934410.3268356,2048.0273145397
1772934410.3268442,150.07328661486298
1772934410.3268528,-779.0461247660683
1772934410.3689656,1428.8536677749794
1772934410.368991,4326.866200276749
1772934410.3690004,1583.1475263721543
1772934410.385008,-10685.504045146705
1772934410.408077,717.3981576259447
1772934410.4081063,212.96591196130566
1772934410.408117,-24.80758845795272
1772934410.4081278,461.9037855884039
1772934410.4794075,1123.2236839689558
1772934410.4794297,970.5926640089435
1772934410.4794433,1.3098820627342793
1772934410.4794536,-493.1038817444218
1772934410.4794629,422.11446244654434
1772934410.4794712,1736.3218980801353
1772934410.4794796,1466.2373216277413
1772934410.479488,-530.6122258923342
1772934410.479496,-1657.3846056556408
1772934410.5276177,390.48440596229574
1772934410.5276427,3819.153961063529
1772934410.5688093,6.381101059924287
1772934410.5688446,435.7525190204395
1772934410.5688577,650.4978139595107
1772934410.5688696,357.8748323422563
1772934410.5688808,-22.900231838036476
1772934410.5688925,39.29877556179918
1772934410.5689037,447.9401294284521
1772934410.6009057,628.2711144666991
1772934410.6431234,333.474962069525
1772934410.6431656,-13.645733451857938
1772934410.643176,68.43499164504662
1772934410.6431856,455.9430289859342
1772934410.643194,603.6651484003663
1772934410.643202,311.3899203862244
1772934410.6432097,-5.436232018224815
1772934410.6432176,94.04205277616636
1772934410.7154517,465.2059116900518
1772934410.7154973,585.2217227390008
1772934410.7155116,293.3835523957708
1772934410.715522,3.445820455084133
1772934410.7155352,118.40973569463979
1772934410.7395217,470.25835445909235
1772934410.7395737,564.4278993292642
1772934410.7395864,274.17780983668064
1772934410.8248224,10.97272520130677
1772934410.8248703,141.65775709672405
1772934410.8248808,477.63362483353677
1772934410.82489,546.73773210659
1772934410.8248985,256.05722533419276
1772934410.824908,16.139450512146183
1772934410.8249166,161.0920809820225
1772934410.8249252,483.2979755012835
1772934410.8249335,530.284754790609
1772934410.8249424,239.4925364773233
1772934410.8249512,20.808214413012728
1772934410.8249593,178.53404915535137
1772934410.8409922,487.6308033893479
1772934410.884074,511.97826076485995
1772934410.8840942,221.4668108068459
1772934410.8841035,23.87870599798803
1772934410.884112,194.68526594783174
1772934410.88412,492.07927191846227
1772934410.9001148,501.2347528374605
1772934410.90014,212.2840659208051
1772934410.9402912,33.09800519202464
1772934410.9403086,213.6026488536573
1772934410.9403172,496.65872496747403
1772934410.9824555,484.09810945729237
1772934410.982482,195.17630520505844
1772934410.9824946,36.74840017449601
1772934410.9825044,230.6152051221793
1772934410.9825127,503.67604740197595
1772934411.0236475,472.54630145397954
1772934411.023668,183.1123850933979
1772934411.0236783,41.85351271483516
1772934411.0618615,246.1844792699108
1772934411.0618925,508.27317941382864
1772934411.0619037,461.58033273941646
1772934411.0619135,174.00345299681052
1772934411.0619247,50.43789069769133
1772934411.061936,262.89341133106234
1772934411.1039655,513.4844466479891
1772934411.1039808,446.16796984614143
1772934411.1039872,155.515509977066
1772934411.147152,52.22385838836742
1772934411.1471736,278.9041811677638
1772934411.1471837,518.887789090238
1772934411.1471927,435.4824142506343
1772934411.1472008,145.88968334663414
1772934411.1472096,56.19995959455826
1772934411.1472178,290.8957206257679
1772934411.1792796,519.709894431773
1772934411.2314942,420.67390626377846
1772934411.2315154,130.9856659181324
1772934411.2315247,58.41044594380195
1772934411.2315357,304.7906130195833
1772934411.2315457,524.2598186796573
1772934411.2315536,409.1751499220224
1772934411.231563,122.63863893489615
1772934411.2476065,69.2954232808231
1772934411.263609,324.11547501984285
1772934411.263635,530.1122770897771
1772934411.3117976,396.43195877834825
1772934411.3118134,108.81516401806846
1772934411.3118196,72.76066409453732
1772934411.3118248,340.9709689066559
1772934411.3118296,537.3900519671018
1772934411.3118343,384.52256476796964
1772934411.3281832,94.90651708785818
1772934411.399198,79.54598388440651
1772934411.3992195,359.2207519890149
1772934411.3992293,544.0036723720419
1772934411.399238,372.4345881801676
1772934411.3992467,83.36507949427887
1772934411.3992548,83.21060631473362
1772934411.3992631,374.20078568248636
1772934411.3992715,547.8015211594524
1772934411.3992803,357.2697872596304
1772934411.399289,66.9419936934514
1772934411.4614458,88.02889677662624
1772934411.461466,390.9258222277875
1772934411.4614725,552.5475393618549
1772934411.4614775,343.1235490414015
1772934411.4614825,54.26904233851424
1772934411.4614897,92.46467941893233
1772934411.4614966,406.02309683323597
1772934411.461502,553.1678011063319
1772934411.4775164,326.6516199278751
1772934411.5166943,-3944.6399427177416
1772934411.5167172,-13754.407371646146
1772934411.5167265,-18049.64221810026
1772934411.516735,-13295.037279790673
1772934411.6401992,-3675.0353931420173
1772934411.6402187,3238.672850334633
1772934411.640226,3730.382605560731
1772934411.640232,452.01398390316933
1772934411.640237,-1627.6139316707472
1772934411.640242,-604.0095321229903
1772934411.640247,1415.2631791779763
1772934411.640252,1787.1080751827365
1772934411.640257,469.6011665113372
1772934411.640262,-563.1137335503016
1772934411.640267,-111.99981393947965
1772934411.640272,973.6515777732837
1772934411.640277,1233.8624748753878
1772934411.6402907,494.69510760183573
1772934411.6402955,-152.3480983604113
1772934411.6403005,84.17053959213372
1772934411.6403055,768.911699541996
1772934411.64031,979.2244081348138
1772934411.6403143,524.7926408685211
1772934411.640319,68.80911092961239
1772934411.640324,177.8857549715091
1772934411.6403308,637.8320001537207
1772934411.6403375,832.7318727606016
1772934411.6403425,558.5272805723177
1772934411.6403482,213.0412702751475
1772934411.6403534,227.62685162222002
1772934411.6833668,541.3249097066573
1772934411.6833868,738.4634567075682
1772934411.7214916,592.670773643508
1772934411.721511,311.94086314601526
1772934411.7215173,246.8487656710683
1772934411.7215228,460.3395635422563
1772934411.721528,678.4507847789512
1772934411.7215333,636.5902083501963
1772934411.7215388,392.6939095548867
1772934411.7667396,249.00829826561525
1772934411.76676,386.1882725512081
1772934411.7667701,638.072435768574
1772934411.7828226,687.3268427313632
1772934411.7828467,458.7782614211957
1772934411.7988527,234.08465818815407
1772934411.814911,310.9160399983538
1772934411.8822167,611.6520937628758
1772934411.8822396,748.263950691632
1772934411.8822498,516.6481440156753
1772934411.882259,198.31522732345178
1772934411.8822672,225.53856578781782
1772934411.882276,595.7440833058122
1772934411.8822849,824.5928572873036
1772934411.8822925,573.2578328414012
1772934411.8823032,146.00387078810135
1772934411.9695456,135.5431555035466
1772934411.969566,601.9735152394392
1772934411.9695747,932.3046970739874
1772934411.9695811,634.8947034706205
1772934412.1483192,1799.7935835323499
1772934412.148367,3806.578062464825
1772934412.1483777,4050.6428309250523
1772934412.1483865,1845.4189888533272
1772934412.1483953,-54.772170306983874
1772934412.148404,1329.8794161597605
1772934412.1484125,5024.507892429527
1772934412.1484208,6148.510339260508
1772934412.148429,594.2787379824658
1772934412.1484373,-10702.71297380624
1772934412.1484456,-22486.79359940468
1772934412.1484537,-29853.14642066532
1772934412.1484623,-31820.686704309315
1772934412.1484704,-30722.908681292316
1772934412.1484787,-29203.408266671013
1772934412.148487,-28424.130835204065
1772934412.1484952,-28508.560843891904
1772934412.1485033,-29381.417336212664
1772934412.1485112,-30593.75242927245
1772934412.148519,-30990.86863812963
1772934412.1485274,-29491.46312423169
1772934412.1485355,-26316.418750288078
1772934412.1485436,-22894.166363518325
1772934412.1485517,-20310.660389812067
1772934412.1485622,-18300.98792512223
1772934412.1485727,-16164.762339306853
1772934412.1485813,-14246.488061892693
1772934412.1485913,-13628.840470075109
1772934412.1486008,-14140.046493030402
1772934412.148609,-13489.992507248457
1772934412.1486175,-9354.858433398322
1772934412.1486256,-2371.8137966195177
1772934412.1486337,3726.4661928684573
1772934412.148642,5551.49554857532
1772934412.217621,3426.8292506331727
1772934412.2176409,859.0667070903603
1772934412.2176504,731.456834289907
1772934412.217659,2573.8212148086022
1772934412.2176669,3806.8892673548444
1772934412.2176745,3081.012323283591
1772934412.217682,1630.2260746933857
1772934412.2176895,1362.92114619036
1772934412.2176971,2431.7519653029003
1772934412.2177043,3299.513988198018
1772934412.217712,2891.224343451122
1772934412.249739,1889.0463017528448
1772934412.2989004,1654.8994261137227
1772934412.2989275,2406.757178762613
1772934412.2989385,3060.2241746633526
1772934412.2989476,2772.493353902659
1772934412.2989562,2012.9708559712556
1772934412.2989645,1824.3335839585136
1772934412.2989724,2403.9300577658455
1772934412.2989826,2920.496292691275
1772934412.4113977,2695.8958001060646
1772934412.4505627,2091.670532241179
1772934412.4505863,1941.3156883969145
1772934412.4505968,2408.4669670973117
1772934412.4506052,2823.1054886490942
1772934412.4506133,2635.691771360982
1772934412.5328996,5494.966108782751
1772934412.5329208,6512.218110459652
1772934412.53293,59.992973113665826
1772934412.5329387,-11755.115874907515
1772934412.5329468,-20326.70448735439
1772934412.5329547,-18390.043353587047
1772934412.5329623,-7402.957816411378
1772934412.5329704,3730.435244942245
1772934412.532978,7401.209767448957
1772934412.5329857,4067.9912125201895
1772934412.5489712,-7552.570669023156
1772934412.5951686,-5408.226765182214
1772934412.5951931,1687.0563922636131
1772934412.5952027,6142.621672733935
1772934412.5952113,4737.578204440284
1772934412.6192791,1168.392598247941
1772934412.6193116,422.05115063205784
1772934412.6514318,2813.459690976987
1772934412.6675017,4670.242061727721
1772934412.8603652,6527.363662234705
1772934412.8604136,-7907.475830596505
1772934412.8604288,-21932.429631717452
1772934412.8604465,-27794.265370566733
1772934412.860459,-26538.159368631314
1772934412.8604703,-25076.312220869102
1772934412.8604825,-27291.556633860066
1772934412.8604934,-29647.596243619962
1772934412.8605022,-25783.437342720845
1772934412.8605113,-14230.14558484879
1772934412.8605204,-539.2110576629965
1772934412.8605294,8018.681063565691
1772934412.860539,9035.41256125446
1772934412.8605473,6148.075691239111
1772934412.8605552,4473.645088416921
1772934412.8605635,5573.004738053134
1772934412.8605711,6726.987781096675
1772934412.8605793,4409.463963949623
1772934412.860587,-1956.028561695937
1772934412.8605947,-9427.039805776027
1772934412.8606024,-14296.242956603814
1772934412.8606105,-15416.239078051267
1772934412.8606186,-15076.355457247228
1772934412.8606267,-16669.64325454164
1772934412.8606343,-21301.805365582975
1772934412.860642,-26605.35937270262
1772934412.8606496,-29065.84796172562
1772934412.8606572,-27641.52669719923
1772934412.860665,-24885.52160709232
1772934412.8606732,-24218.590809040878
1772934412.8606808,-26227.72058333335
1772934412.8606884,-28173.94191443826
1772934412.8606963,-27405.527703873864
1772934412.860705,-24769.616159956106
1772934412.8607125,-23826.649852361777
1772934412.8607216,-26418.963014236153
1772934412.86073,-29620.66766030992
1772934412.8607376,-27930.37960464248
1772934412.8607457,-18786.00357814455
1772934412.8607533,-5592.47499533655
1772934412.8607614,5037.576934051019
1772934412.8607693,8998.911928682914
1772934412.8607771,7608.50868548103
1772934412.860785,5267.870208906802
1772934412.8607926,4945.076303751031
1772934412.8923855,6199.944986175716
1772934412.9335704,7007.342341763316
1772934412.933591,6541.035541826632
1772934412.9336004,5731.962159174905
1772934412.933609,5675.792465957934
1772934412.933617,6264.3597713688405
1772934412.970723,-12316.62383268391
1772934412.9707415,-21911.043160163514
1772934412.9707513,-27065.723462120353
1772934412.9707956,-28260.64477200342
1772934412.9708033,-26647.19484692169
1772934412.970809,-21745.162489243903
1772934412.9708147,-12689.759531298176
1772934413.0299206,-1288.6311038230303
1772934413.0299416,7753.208878384031
1772934413.0299482,10653.639262314784
1772934413.0299556,8289.20037486957
1772934413.0299623,5260.6081069982
1772934413.0299675,5149.385397223914
1772934413.0691218,7320.712600843508
1772934413.0691397,8659.455148398425
1772934413.0691466,7677.392592048621
1772934413.1052535,5996.026083814375
1772934413.1052735,5854.831487720889
1772934413.1052835,7226.98624877863
1772934413.1052928,8150.927291517535
1772934413.137402,7465.854913209328
1772934413.15348,6237.91705473756
1772934413.1926012,6130.283295511562
1772934413.1926315,7195.774578648242
1772934413.1926417,7923.721221175236
1772934413.1926515,7366.046311627784
1772934413.19266,6352.725645037936
1772934413.1926684,6272.637563447689
1772934413.1926768,7186.2227915346475
1772934413.240845,7813.98583218371
1772934413.271956,7317.23669296964
1772934413.2719765,6411.238053070685
1772934413.2719824,6339.859728982654
1772934413.2719877,7180.882819150155
1772934413.2719932,7770.006237060121
1772934413.2719982,7305.693583044904
1772934413.3040872,6430.545293790508
1772934413.3201528,6347.794862051558
1772934413.3363209,7174.812572625295
1772934413.3363445,7782.385006185157
1772934413.3522773,7323.757758027376
1772934413.3523004,6410.613092803
1772934413.3844278,6295.199276872444
1772934413.4004936,7170.856010472965
1772934413.4316285,7863.887062684163
1772934413.4316597,7396.547013916581
1772934413.4316697,6345.775753351964
1772934413.4316788,6148.82995965267
1772934413.431687,7160.706274957977
1772934413.4316957,8063.019208215184
1772934413.4638295,7550.447946502544
1772934413.4798267,6172.084638510182
1772934413.5209675,5801.206058987663
1772934413.5209832,7150.202665080033
1772934413.5209892,8561.378492681148
1772934413.5209944,7939.609744407926
1772934413.5209992,5695.4759910308885
1772934413.5210044,4785.98858894615
1772934413.6043048,7135.640379638213
1772934413.6043267,6827.755320346956
1772934413.6043332,6504.607692353835
1772934413.604339,6633.60864554897
1772934413.6043444,7030.75820603281
1772934413.6043499,7123.369964257168
1772934413.6043549,6775.189296283011
1772934413.60436,6486.712552699018
1772934413.604365,6677.347802961048
1772934413.60437,7077.908774720506
1772934413.6043773,7111.7396873012785
1772934413.6364193,6725.1553474141665
1772934413.6525614,6468.631399227006
1772934413.6836379,6719.927499071839
1772934413.683663,7122.861560046275
1772934413.6836722,7096.601637727774
1772934413.6836805,6669.785648572086
1772934413.6836977,6452.076714610024
1772934413.7158349,6763.92166201765
1772934413.7599936,7167.413929844709
1772934413.76002,7079.985688391158
1772934413.7600296,6615.710541631813
1772934413.760038,6438.332904641085
1772934413.8081877,6816.598664157408
1772934413.8082154,7218.671719413509
1772934413.8442948,7062.185538033233
1772934413.8443177,6555.401986146912
1772934413.8443282,6420.052105050102
1772934413.8443375,6865.390577544892
1772934413.8925521,7263.967462283092
1772934413.93268,7037.92614184063
1772934413.932701,6491.63818516576
1772934413.9327111,6406.147850839786
1772934413.9327204,6925.466786573929
1772934413.9327288,7321.059656482627
1772934413.932737,7012.701647657622
1772934413.9648376,6414.827653219144
1772934413.980863,6384.806063048924
1772934413.980889,6992.736180978653
1772934414.022033,-2822.667797732069
1772934414.0220509,-13100.050062923436
1772934414.0220568,-18958.164896724633
1772934414.0220635,-16814.395215498305
1772934414.0220695,-8767.351823961884
1772934414.0220747,-390.0990289602969
1772934414.0381513,4404.964777600738
1772934414.1817293,6901.746260466427
1772934414.1817532,7487.855045497421
1772934414.1817627,7775.293656275904
1772934414.181771,7928.672656890382
1772934414.181779,7745.421815401392
1772934414.1817873,7410.05069620916
1772934414.1817951,7301.05476323991
1772934414.1818132,7482.276230883852
1772934414.1818209,7725.132067395456
1772934414.1818287,7856.337534880932
1772934414.1818368,7799.171830926707
1772934414.1818445,7450.66459990099
1772934414.1818523,6960.039451209567
1772934414.1818602,7056.840203442097
1772934414.1818678,8333.193594622559
1772934414.1818755,9641.78615432381
1772934414.181883,7816.449477008907
1772934414.1818912,415.39611406392606
1772934414.1818984,-10481.576615444208
1772934414.181906,-18019.936472555204
1772934414.1819136,-15771.262947065126
1772934414.181921,-4162.465773841076
1772934414.213839,8627.459640467061
1772934414.240006,13082.56708441433
1772934414.240044,6189.643969372292
1772934414.2650392,6499.024316855129
1772934414.2650595,-421.036286732195
1772934414.3433611,7514.564866076447
1772934414.343387,6790.93630720611
1772934414.3433945,6133.757654990533
1772934414.3434017,7264.990411086054
1772934414.3434074,7576.14995867732
1772934414.3434167,1801.1288551144655
1772934414.3755825,-3468.60312802028
1772934414.4277463,3081.1512459406144
1772934414.4277833,2975.868954772294
1772934414.4277933,7716.027813928838
1772934414.4278033,11189.39879594423
1772934414.4278128,6615.192358170666
1772934414.4438324,-4965.72333119485
1772934414.4598596,5938.600666918397
1772934414.4759288,6828.143202904383
1772934414.5080543,5961.724569601053
1772934414.5080693,5997.477234339549
1772934414.5080757,5165.346509490243
1772934414.5080812,4643.9480171899895
1772934414.5080864,5152.333686710041
1772934414.5403624,5961.192065596804
1772934414.55625,5928.4079978665095
1772934414.5873952,5108.934303315669
1772934414.5874112,4662.021787045691
1772934414.58742,5222.908792149055
1772934414.5874276,5999.362359187026
1772934414.587433,5884.189793347508
1772934414.9047356,8322.482634349562
1772934414.9047682,12220.23881481038
1772934414.904788,13767.711928212077
1772934414.9048088,8926.579794972527
1772934414.904829,-565.9368528318009
1772934414.9048376,-8771.437543218472
1772934414.904846,-11863.394440432745
1772934414.9048543,-11819.988613073112
1772934414.9048624,-13330.227426314827
1772934414.9048707,-17948.901608002863
1772934414.904879,-22609.395451348144
1772934414.9048953,-23908.55563579956
1772934414.9049032,-22425.381858408233
1772934414.9049115,-21631.07749912937
1772934414.9049196,-23037.455300380545
1772934414.9049275,-23998.605979307235
1772934414.904936,-21104.669634888305
1772934414.904944,-14955.785918930422
1772934414.904952,-10304.77366470155
1772934414.90496,-11223.654345120438
1772934414.904968,-16921.530023169296
1772934414.904976,-22869.134179100703
1772934414.9049842,-25494.17790337292
1772934414.9049923,-24870.581628821834
1772934414.9050007,-22890.47750064327
1772934414.9050088,-20087.220863926097
1772934414.9050183,-15444.157073597518
1772934414.9050276,-9113.019540150099
1772934414.9050376,-3906.6691095681413
1772934414.905049,-2944.9616426176376
1772934414.905058,-5962.189639139
1772934414.905066,-8985.83522116619
1772934414.905074,-8395.524211393713
1772934414.9050817,-5049.827266061992
1772934414.9050896,-3655.3563775132498
1772934414.905098,-7739.828880205302
1772934414.905106,-15653.710545353846
1772934414.9051137,-22085.199237825902
1772934414.9051216,-23506.156676707564
1772934414.9051297,-21551.667966131932
1772934414.9051375,-20639.269187076214
1772934414.9051456,-22669.929337495756
1772934414.9051533,-25006.380758908694
1772934414.9051611,-24115.35834519132
1772934414.905169,-20500.271038043138
1772934414.905177,-18726.811039448996
1772934414.9051847,-21945.575521357885
1772934414.9051929,-27133.413591725304
1772934414.905201,-27170.240278381705
1772934414.9052093,-18340.2649790918
1772934414.9052172,-5223.213777596929
1772934414.9052253,2870.2182799870607
1772934414.9052331,678.2310180234974
1772934414.9052413,-8160.215155104179
1772934414.905249,-15203.154742992798
1772934414.9052575,-15614.354423594203
1772934414.9052656,-11899.240157090839
1772934414.9052737,-9671.331076600947
1772934414.9052825,-11062.790408543342
1772934414.905291,-13313.083063361697
1772934414.905299,-13322.938318193816
1772934414.9053073,-11971.109395925467
1772934414.9053152,-12905.53872652973
1772934414.9053233,-17645.39376767492
1772934414.9053316,-23245.22215678957
1772934414.9053395,-25389.33656403895
1772934414.9053476,-23148.737183790832
1772934414.9053555,-19836.81462599995
1772934414.9053636,-19210.475565973447
1772934414.9053714,-21558.026268791185
1772934414.9053793,-23894.126185193592
1772934414.9053872,-23549.80076117392
1772934414.9053953,-20974.697156976694
1772934414.9054036,-19067.43689494355
1772934414.9054115,-20264.00747512713
1772934414.9054196,-24377.864801973792
1772934414.9054275,-28699.165860788748
1772934414.9840467,-1887.7097516794074
1772934414.9840677,9838.495907353401
1772934414.984079,12832.6013057537
1772934415.0311933,9515.358476770722
1772934415.0312135,6707.546081696399
1772934415.0653768,8004.408917026633
1772934415.065402,10973.630615773185
1772934415.0654137,11400.5119496237
1772934415.0654235,8762.99628999837
1772934415.0654316,6578.365421593671
1772934415.0654416,7879.208322046331
1772934415.097492,11464.07336942818
1772934415.1135716,12984.529781727944
1772934415.113597,9143.030372945483
1772934415.1507125,7278.705909766663
1772934415.1507323,8057.885965696108
1772934415.150742,9444.146244800406
1772934415.1507504,9924.022440860987
1772934415.1507585,8721.557275511968
1772934415.1909375,6153.5297508660415
1772934415.1909792,3312.9622634681696
1772934415.2340572,9357.969185833528
1772934415.2340767,9751.99037088493
1772934415.2340865,8689.817337041928
1772934415.234095,6335.792082611542
1772934415.2341032,3593.443559844725
1772934415.2341113,1945.35087325085
1772934415.2341187,2733.483099489271
1772934415.26617,5857.58073948249
1772934415.2822547,9283.933452959365
1772934415.2822785,10557.6025972065
1772934415.2983265,9211.226445105545
1772934415.3143456,7295.091724288202
1772934415.3585744,7114.448806067035
1772934415.3586056,8650.282243483338
1772934415.3586164,9807.025283494473
1772934415.388658,9148.328422340084
1772934415.3886852,7657.3376470795865
1772934415.3886917,7339.932505777201
1772934415.3887,8552.12490633877
1772934415.3887072,9605.283604499586
1772934415.4208317,9096.69388733229
1772934415.4469085,7767.424444419166
1772934415.4469285,7446.747843537185
1772934415.4790645,8541.924057232423
1772934415.4790835,9519.229225102008
1772934415.4790933,9045.91332091096
1772934415.479102,7803.234259095696
1772934415.4791157,7514.068186906519
1772934415.5223064,8561.736707928669
1772934415.5223317,9476.41106471932
1772934415.5664108,8997.018500662662
1772934415.5664308,7806.907028740936
1772934415.56644,7562.072875966159
1772934415.5664487,8591.83641653802
1772934415.5664563,9454.694655972613
1772934415.566464,8953.86336447066
1772934415.5986707,7796.735126842549
1772934415.6508625,7598.885628855556
1772934415.6508784,8629.193159725324
1772934415.6508846,9444.261840216483
1772934415.65089,8907.400137903167
1772934415.650895,7772.402478929024
1772934415.6509,7626.14550482876
1772934415.650905,8670.919618422318
1772934415.650911,9443.5190868699
1772934415.6509173,8861.889280826334
1772934415.7974055,7738.708452503341
1772934415.7974286,7646.764361381104
1772934415.7974389,8716.2714783781
1772934415.7974472,9449.417807453276
1772934415.7974553,8814.931535498426
1772934415.7974637,7697.321073162412
1772934415.7974715,7665.008770623426
1772934415.813447,8770.862292014317
1772934415.861645,9468.88915805596
1772934415.8952467,8773.967708430679
1772934415.8952627,7651.59219106286
1772934415.895269,7680.954742266107
1772934415.8952744,8833.374270187649
1772934415.9270103,9497.422321543698
1772934415.9740937,8728.415756573646
1772934415.9741123,7591.750827797183
1772934415.9741187,7691.113410412816
1772934415.974134,8907.468759766254
1772934415.9741392,9538.767210149834
1772934415.9741442,8677.92786599185
1772934416.0222993,7516.542344149303
1772934416.0223203,7692.604935431609
1772934416.0534303,8991.109124167851
1772934416.053448,9593.576171052653
1772934416.053455,8621.558590428249
1772934416.0534616,7412.315308500058
1772934416.085614,7684.62575772221
1772934416.13688,9104.41692633668
1772934416.1369033,9680.453569954258
1772934416.1369092,8550.088115405464
1772934416.1369164,7256.733322080981
1772934416.1369233,7655.163447005485
1772934416.1369283,9266.982017233528
1772934416.1369336,9834.491149966767
1772934416.1369386,8458.65447461965
1772934416.136943,6992.903102278623
1772934416.1689355,7581.320796014936
1772934416.2030857,9571.439416933394
1772934416.2031205,10171.542437772332
1772934416.203127,8263.12884291848
1772934416.2031329,6295.157058406805
1772934416.203138,7333.7462197636205
1772934416.2031436,10683.12963487943
1772934416.2191777,11726.681906773281
1772934416.2512949,6651.788869773595
1772934416.2834263,10040.574582494444
1772934416.283452,5193.681191529287
1772934416.299491,-3114.9742891021706
1772934416.331606,7442.5588712127765
1772934416.3758848,7781.100132583278
1772934416.375914,6825.788011148416
1772934416.3759248,7594.284508135387
1772934416.3759336,9063.554200116823
1772934416.391878,-7773.044012093648
1772934416.857885,-12159.744425054269
1772934417.8639336,-2342.0050376826266
1772934417.8639567,9071.181825201225
1772934417.8639688,13901.12210584434
1772934417.863978,10638.999562160747
1772934417.863989,5311.131076098837
1772934417.863999,4607.011034781508
1772934417.8640077,8751.855125263473
1772934417.8640168,12022.804159494624
1772934417.9392717,10112.895859414937
1772934417.9393077,5547.137866890139
1772934417.9393148,4579.907445504016
1772934417.9393213,9148.670603843324
1772934417.9393277,13584.925645175976
1772934417.9393327,10422.40344406311
1772934418.013563,6957.155831668586
1772934418.013589,6424.876909079993
1772934418.0135992,7959.652636739228
1772934418.0136085,9427.616534395116
1772934418.013617,8875.52792847934
1772934418.0136256,7111.8905966199645
1772934418.0136337,6538.896807358101
1772934418.013642,7898.510087776831
1772934418.01365,9316.15856245523
1772934418.0136583,8870.823917640806
1772934418.0457273,7186.244031776607
1772934418.061724,6565.816913059335
1772934418.0999236,7854.1121130099555
1772934418.0999568,9293.528063825257
1772934418.099964,8913.490533166407
1772934418.0999696,7219.566202251299
1772934418.132042,6523.068823641901
1772934418.1832676,7799.273362896592
1772934418.183288,9325.869612458313
1772934418.1833036,8999.141005785925
1772934418.18331,7222.157108610163
1772934418.183315,6414.319278059213
1772934418.18332,7731.260152059117
1772934418.1833248,9424.082378053621
1772934418.2153895,9150.955787473828
1772934418.2154162,7195.5627521534725
1772934418.239486,6201.324584206054
1772934418.2395072,7617.836244569495
1772934418.2395177,9616.062618160575
1772934418.2635689,9426.751788762336
1772934418.26359,7138.070515135867
1772934418.3067572,5795.762243839862
1772934418.306774,7398.780468397671
1772934418.30678,10011.58704179913
1772934418.3509274,10037.923845110974
1772934418.3509529,7043.625802136128
1772934418.3509624,4805.083472937962
1772934418.4362922,6688.1874916299985
1772934418.4363146,8661.557040445008
1772934418.436322,9230.203225863717
1772934418.4363284,7359.004054130688
1772934418.4363344,5203.325805067415
1772934418.43634,5780.993421334687
1772934418.4363458,9115.50218243532
1772934418.4363515,11353.045982618254
1772934418.452349,8160.108362936794
1772934418.4684691,-1072.7452969258088
1772934418.4853003,-5168.480708931374
1772934418.5156057,10331.387386119302
1772934418.5156267,11862.942980632113
1772934418.5156367,4947.957138303741
1772934418.5156455,-8372.014377644064
1772934418.5899737,7901.893980822576
1772934418.5900135,8392.79959914507
1772934418.5900245,5147.166350564649
1772934418.5900345,2431.2680992810538
1772934418.5900445,4704.01088821398
1772934418.5900536,9868.331939457817
1772934418.5900626,9974.66428497538
1772934418.590072,-257.53896159063373
1772934418.6221373,-9186.965789094389
1772934418.662254,1548.5685432034506
1772934418.662274,-10819.230493423009
1772934418.6622832,-24782.665153827256
1772934418.6622913,-29628.706358894204
1772934418.6622996,-19952.160165049947
1772934418.6623075,-2684.9681335080854
1772934418.662315,8226.243293180418
1772934418.678308,5143.786950473747
1772934418.8429947,-1314.1676239518747
1772934418.8430376,-12106.077893268202
1772934418.8430483,-23272.109722599314
1772934418.8430576,-28391.273669704624
1772934418.8430655,-24334.686273207342
1772934418.8430762,-15191.159634143532
1772934418.8430855,-9429.841374503947
1772934418.8430936,-11554.899705478212
1772934418.8431027,-17317.6572546412
1772934418.8431113,-18771.23967718493
1772934418.843119,-13790.39150152796
1772934418.8431263,-8518.594098634028
1772934418.8431337,-9414.207671772134
1772934418.8431416,-14732.277924374212
1772934418.8431492,-16530.641188306807
1772934418.8431563,-11158.960886570025
1772934418.843164,-4927.432830260487
1772934418.8431714,-7038.602160228895
1772934418.8431792,-17818.270828022494
1772934418.8431866,-26803.940435016157
1772934418.843194,-23696.167300043395
1772934418.8432016,-9596.51335566448
1772934418.8432095,4406.463623245509
1772934418.8432171,9125.877732330453
1772934418.843225,5645.635479583669
1772934418.8432329,1614.1341404042043
1772934418.8432405,1716.2292361999855
1772934418.8432484,4098.430103489754
1772934418.843256,5224.791203295549
1772934418.8432636,4906.291671281419
1772934418.8432715,4771.659662333063
1772934418.8432803,3683.8185858273305
1772934418.8590553,-2123.286300825211
1772934418.9213393,4663.889536163902
1772934418.9213574,-4300.047554516979
1772934418.9213653,-17071.45504747388
1772934418.9213717,-25064.387566169415
1772934418.9213789,-24456.17954582047
1772934418.9213853,-18264.645965812106
1772934418.9213908,-11249.429538891956
1772934418.921396,-5250.942579884732
1772934418.9214015,-162.76261076584203
1772934418.9214072,2772.1915599463578
1772934418.921413,1284.4116784362845
1772934418.9214182,-4159.31099741953
1772934418.921424,-8989.66665059882
1772934418.9373753,-8537.876379394036
1772934418.9604712,-19508.040567588807
1772934418.9605036,-9507.7774575425
1772934418.9605148,1358.6773405058398
1772934419.005623,6452.778820520718
1772934419.0056455,5446.445532849817
1772934419.00566,2649.9575324375946
1772934419.0056694,1706.434898987563
1772934419.0056777,2752.706068690654
1772934419.0056858,3902.4545058131484
1772934419.0649295,-13946.577606485698
1772934419.0649488,-14077.708981902068
1772934419.064958,-7496.034834884381
1772934419.064967,567.246247287577
1772934419.0649748,4895.594795997446
1772934419.0649824,4796.7909519519435
1772934419.06499,3196.4654824645795
1772934419.1060388,6794.996802306922
1772934419.106066,3917.1768294637914
1772934419.1060765,-7347.643087663038
1772934419.1060877,-21131.29096399669
1772934419.1060977,-27150.81124238313
1772934419.1061063,-21140.329627330302
1772934419.1632931,-29772.493525933736
1772934419.1633136,-30205.577274686515
1772934419.163321,-29576.1566219434
1772934419.1633277,-23078.125448625025
1772934419.1793811,-16917.883547312915
1772934419.422416,-18395.186376193673
1772934419.4224403,-19903.1826954657
1772934419.422451,-24752.27606227529
1772934419.4224598,-26265.944876586367
1772934419.4224684,-19710.87599471154
1772934419.4224772,-7562.801848217766
1772934419.5449395,-18096.55812670699
1772934419.5449555,-21400.60645678074
1772934419.544962,-24707.646148048752
1772934419.5449672,-24996.47784467245
1772934419.544972,-22393.21243396988
1772934419.5449772,-19999.675948783268
1772934419.544982,-20625.545406483827
1772934419.5449867,-23816.421361822202
1772934419.5449915,-25988.770958921425
1772934419.5449965,-23390.84753825369
1772934419.5450013,-15221.754631458021
1772934419.5830443,-19761.288848126045
1772934419.5830717,-14070.357426845765
1772934419.583083,-11126.28702199933
1772934419.5830913,-13425.497387146403
1772934419.5831013,-17622.24173555676
1772934419.5831096,-17138.837592244843
1772934419.6152143,-9054.111920674492
1772934419.6503592,-23623.188486533967
1772934419.6503873,-26393.709182692586
1772934419.6503973,-26442.898024371072
1772934419.650406,-20854.786068953246
1772934419.6504147,-9830.454764143009
1772934419.7025483,-19726.86795463719
1772934419.7025714,-19996.459227115905
1772934419.7025788,-19639.866937600746
1772934419.7025852,-19369.388935661973
1772934419.7025907,-19855.430299101852
1772934419.7025964,-20554.35330633279
1772934419.7026021,-20293.179931733594
1772934419.702608,-19069.139779224846
1772934419.7026136,-18583.51494278173
1772934419.7026193,-20209.388343888928
1772934419.7026248,-22440.120048165776
1772934419.70263,-21245.011410511128
1772934419.7026353,-13847.411959064466
1772934419.7507565,-19049.238994866162
1772934419.8320978,-26237.732683576593
1772934419.8321223,-20176.094282073343
1772934419.8321328,-15958.586799059438
1772934419.832142,-16318.838700288648
1772934419.8321524,-18972.009002736657
1772934419.8321629,-19954.73623570293
1772934419.8321717,-18357.0590471615
1772934419.832182,-16785.903376085036
1772934419.8321912,-17476.12396619695
1772934419.8321993,-19306.013807398092
1772934419.8322077,-19494.583338186458
1772934419.832216,-17578.91392814751
1772934419.8322244,-16305.358560383238
1772934419.832233,-18003.963975622577
1772934419.8322413,-20850.616927404313
1772934419.8322499,-19873.148640558236
1772934419.832258,-12036.472377109747
1772934419.9305255,-20503.86856122377
1772934419.9305449,-17893.096004074632
1772934419.9305549,-15812.114324900263
1772934419.9305632,-15237.038388881125
1772934419.9305713,-15546.746767071665
1772934419.9305797,-15828.195171467547
1772934419.9305875,-15934.293261188466
1772934419.9305956,-16119.45903911138
1772934419.9306035,-16193.202772649562
1772934419.9306111,-15707.537710398645
1772934419.9306188,-14996.711056109976
1772934419.930626,-15282.826843672865
1772934419.930634,-16986.718688694167
1772934419.9306417,-18017.88836848078
1772934419.9306498,-14717.02611560717
1772934419.9465845,-5469.543785749655
1772934419.980713,-14136.703414283478
1772934419.9807396,-13449.03765759245
1772934419.980749,-15693.612528402604
1772934419.98076,-18189.666484746234
1772934419.9807696,-15269.538956556202
1772934419.9807775,-4577.517559604494
1772934419.9807851,8929.649032349595
1772934420.022976,-4567.4052091307485
1772934420.0229993,-12591.509635659904
1772934420.02301,-19436.755250730963
1772934420.023019,-18865.106474666376
1772934420.023028,-11049.124322095622
1772934420.0230365,-2706.613680598015
1772934420.0389595,-486.1793818558706
1772934420.0620277,-12997.58620524813
1772934420.062046,-9434.224719213387
1772934420.1956112,-7198.513483906363
1772934420.1956515,-8184.419964080843
1772934420.195663,-10678.746039772754
1772934420.1956713,-12716.380682457633
1772934420.1956797,-12533.773215764772
1772934420.1956873,-10829.38470627882
1772934420.1956952,-9908.72867691589
1772934420.195703,-10823.511364985958
1772934420.1957104,-12193.459270522948
1772934420.1957183,-12160.06044476716
1772934420.1957257,-10844.857294609155
1772934420.195733,-10098.040546280426
1772934420.1957407,-10947.22970983258
1772934420.19575,-12196.343605590288
1772934420.1957595,-12068.043491943747
1772934420.1957674,-10683.253150242399
1772934420.1957765,-9980.644604083906
1772934420.1957848,-11067.023750872291
1772934420.195792,-12538.515239577628
1772934420.1958,-12223.399494217656
1772934420.1958077,-10268.679099160805
1772934420.195815,-9390.504094734688
1772934420.1958227,-11441.61269659676
1772934420.19583,-14273.590466423733
1772934420.1958375,-13051.285173559418
1772934420.195845,-5129.283563708573
1772934420.2116833,-12417.136345867144
1772934420.211711,-5108.557217274224
1772934420.768938,-15407.271746122204
1772934420.7689626,-2569.7620921863227
1772934420.8332555,5953.264623678017
1772934421.2870817,16367.030796363852
1772934421.2871032,19906.990268003075
1772934421.2871137,18612.798601081846
1772934421.2871227,17095.26079320252
1772934421.3132195,2940.989612435676
1772934421.3132396,-3673.351453121763
1772934421.313249,-766.898548370855
1772934421.3453639,9331.221300244373
1772934421.389494,5809.581986390477
1772934421.3895094,10164.750169371242
1772934421.3895156,4643.383078581216
1772934421.3895235,-6782.553838217541
1772934421.389531,-13261.434976529103
1772934421.389536,-7591.588833267026
1772934421.4196744,6692.166771458208
1772934421.419708,19203.35809555236
1772934421.4628305,26040.764104468435
1772934421.4628592,16271.265552662586
1772934421.46287,3943.890544982138
1772934421.4628792,168.19091287372308
1772934421.4628882,6760.448919538766
1772934421.462898,16611.827536753106
1772934421.462908,22018.39419473644
1772934421.4789555,21429.806292073317
1772934421.5341525,16090.56985081087
1772934421.5341709,3341.0345190026983
1772934421.5341775,-3318.3967116254353
1772934421.5341835,636.8642902103811
1772934421.5341897,11470.52601900809
1772934421.5341952,20773.183905994698
1772934421.534201,23070.824640146442
1772934421.5342085,20053.437420037917
1772934421.5342183,17414.972487191953
1772934421.5662456,18258.272054601308
1772934421.5823555,20550.412395839663
1772934421.6335373,20851.3342902001
1772934421.633558,19054.863179958644
1772934421.633568,18061.783070879326
1772934421.633587,19369.00116537425
1772934421.6335952,20880.907246127168
1772934421.633606,20062.86996710223
1772934421.6336167,17987.942225962914
1772934421.6336253,18203.347356840448
1772934421.649624,21242.731082986185
1772934421.6716948,9716.221899228089
1772934421.6717236,-1268.5973684783858
1772934421.6717339,-11062.878154399175
1772934421.733948,-7102.108195739458
1772934421.7339745,-9024.03553759259
1772934421.7339845,-8631.95682356724
1772934421.7339935,-3385.631906654007
1772934421.8092568,-4341.544099562934
1772934421.8092847,2121.5973263715555
1772934421.8092947,7937.884572183623
1772934421.8093035,8692.224942818404
1772934421.809312,4931.473018674268
1772934421.8093195,2019.079090650052
1772934421.809327,3947.256329840177
1772934421.8093345,8159.2292667390875
1772934421.8093417,8068.780131470094
1772934421.809355,1015.037554649809
1772934421.809363,-7707.391714860129
1772934421.8093705,-10146.838271193436
1772934421.8344846,-4629.968889477485
1772934421.8345056,2286.5176091127164
1772934421.882576,-11023.356951147673
1772934421.905662,-13687.938654398851
1772934421.9056947,-7894.510795777671
1772934421.969936,-13314.610362267127
1772934421.9860303,-12085.696197131152
1772934421.9860697,-12715.551794360828
1772934422.0773723,11221.278942894582
1772934422.0773962,20692.013977208775
1772934422.0774071,20285.272083190524
1772934422.0774155,11383.45188981952
1772934422.077423,1222.6269580076848
1772934422.0774307,-2718.801409036344
1772934422.0774384,1991.4494478773083
1772934422.0774457,11832.672756888107
1772934422.077454,20668.479692229994
1772934422.0774615,24155.81090667023
1772934422.077469,22222.82990978663
1772934422.0774765,18486.97718131754
1772934422.077484,17188.391123957328
1772934422.0774915,19548.917810024814
1772934422.0774992,22341.619614776224
1772934422.077507,20465.71040179226
1772934422.1356196,-3780.900688404132
1772934422.1356375,-13163.147451872639
1772934422.135644,-11897.577996036744
1772934422.1356497,-5427.216643286879
1772934422.135655,-3473.6209331830673
1772934422.13566,-9054.258803808336
1772934422.1356652,-14847.550394644884
1772934422.1356704,-11454.904253685861
1772934422.1356752,1408.6617592773698
1772934422.2299871,-2909.166711235852
1772934422.230002,-8368.886591822336
1772934422.23001,-11790.108974285595
1772934422.2300167,-10373.552822732763
1772934422.2300227,-6846.961683854573
1772934422.230029,-5442.533185065637
1772934422.2300348,-6763.019889148039
1772934422.2300403,-7949.7268652008925
1772934422.230045,-7212.020208131964
1772934422.23005,-6215.340258554369
1772934422.2300549,-7121.002328218518
1772934422.2300596,-8527.00054839177
1772934422.2300644,-6216.632590086231
1772934422.2300692,1701.6150524630123
1772934422.326383,8440.009038039556
1772934422.3585527,6010.373642929289
1772934422.358583,2665.6262411895796
1772934422.4278157,-14963.636504116115
1772934422.427838,-13519.727679047357
1772934422.4278483,-6360.083124236669
1772934422.4278572,-756.2207100378848
1772934422.4278655,-43.36832654429041
1772934422.5392492,-9327.3333567795
1772934422.5392675,-8522.553361857039
1772934422.5392756,-4951.961796082212
1772934422.539282,-3962.4435526336065
1772934422.5392878,-6993.789225989602
1772934422.5392935,-9763.471246782456
1772934422.5392995,-8016.980088585377
1772934422.5393052,-3098.0730828870164
1772934422.6175952,-10381.519601268721
1772934422.6176195,-9982.08995189936
1772934422.6176302,-8656.255307804835
1772934422.6176383,-5819.810961226928
1772934422.6176484,-2685.590279141375
1772934422.6176574,-1305.1626519089336
1772934422.6818209,-12542.684153059014
1772934422.722044,-7429.086911960614
1772934422.722093,-2994.6784380708896
1772934422.7221036,237.76598912303615
1772934422.722112,-810.4763069376694
1772934422.722119,-4754.360433385016
1772934422.7221253,-7513.234965825839
1772934422.7221313,-7084.832195795994
1772934422.7701752,781.2989313536837
1772934422.8043313,-1336.8570611978118
1772934422.8043475,-6682.203366494516
1772934422.804354,-9331.454593477827
1772934422.804359,-5914.715360908817
1772934422.849538,-4730.5401804592975
1772934422.849558,-1790.2064228263143
1772934422.8977427,-67.66170295368786
1772934422.930025,-4600.5811970443065
1772934422.930068,-7384.928048477216
1772934422.930081,-7193.871378076178
1772934422.9300907,-5745.654871072359
1772934422.9680855,-5715.756766758095
1772934422.9681091,-6440.137204492907
1772934422.9681284,-6949.489735785907
1772934422.9681363,-6622.0024592335
1772934422.9681475,-6216.52616572607
1772934423.0031607,-321.9802029144516
1772934423.0031888,-88.7968999032192
1772934423.0031989,-3778.075374209194
1772934423.0032065,-9020.84620278452
1772934423.0032125,-12514.754247558554
1772934423.0423293,-11040.022743579368
1772934423.0423512,-12133.66940670769
1772934423.0423608,-13895.305059756225
1772934423.0584204,-14415.218753078347
1772934423.0885522,-10423.194369279357
1772934423.088572,-6556.543439816383
1772934423.088578,-3824.3349413226165
1772934423.0885835,-5352.20304857729
1772934423.0885887,-10027.601802303847
1772934423.0885932,-13390.987654871997
1772934423.1849933,-13039.798292001558
1772934423.2140424,-10248.332127454361
1772934423.2140677,-8257.45156615502
1772934423.2140777,-5922.9990536261075
1772934423.2140865,-3137.890258111262
1772934423.2140946,-1619.781853415806
1772934423.2361186,-3687.812558286274
1772934423.2361453,-8869.21516443548
1772934423.3003962,6441.479027250346
1772934423.332538,15367.832420084344
1772934423.3325567,17240.689596426197
1772934423.418956,23710.076958129102
1772934423.4189827,23353.40001422616
1772934423.4189942,22752.23663806641
1772934423.4190044,21209.43776750749
1772934423.4190128,15739.73848137515
1772934423.4581301,23207.145817369375
1772934423.4582024,24728.47261373213
1772934423.4582129,21608.43669710186
1772934423.4582202,13709.54130502104
1772934423.4972181,19920.848253294014
1772934423.4972377,23720.98815067507
1772934423.4972477,24274.814274687054
1772934423.4972556,18544.470496455357
1772934423.497264,8305.056335430392
1772934423.5293622,14784.422694738627
1772934423.5885835,22140.726206582094
1772934423.5886045,20774.59183716022
1772934423.5886147,17351.504798741236
1772934423.5886238,16730.854792402322
1772934423.5886323,20688.566659143813
1772934423.5886447,24431.854920578473
1772934423.588653,21280.74596914951
1772934423.5886612,10612.510484699947
1772934423.6046393,6143.411840247358
1772934423.6518574,18873.031550154814
1772934423.6518795,20435.155324543262
1772934423.6518898,19475.78777659593
1772934423.6518989,16966.79427100853
1772934423.6519072,16469.28980978074
1772934423.686015,19433.267258100957
1772934423.6860533,22363.853985309077
1772934423.6860611,19930.58083562078
1772934423.686069,10901.95750831887
1772934423.748246,17980.655348567925
1772934423.748269,16948.693945282866
1772934423.74828,16876.74167792557
1772934423.748289,18478.41768206266
1772934423.7482972,20201.34092840411
1772934423.7483056,18707.050310018396
1772934423.7483137,11690.775494431731
1772934423.780396,17693.81574037099
1772934423.8185458,16051.911323295337
1772934423.818574,15729.240784903448
1772934423.8185835,18015.960182095965
1772934423.8185918,20020.145056254987
1772934423.8185997,16688.43436757993
1772934423.818607,6421.185573722934
1772934423.866706,10356.996338236184
1772934423.9159253,15753.008944096424
1772934423.9159403,17056.913421884492
1772934423.915946,16777.32522350571
1772934423.9159515,14956.790119996482
1772934423.9159565,14307.327950238221
1772934423.9159613,16588.79240204929
1772934423.9561691,19019.47631541046
1772934423.9561913,16009.632171631058
1772934423.9562016,5389.855729642793
1772934423.990383,12747.928063951964
1772934423.9904187,12828.490292537654
1772934423.9904304,17244.317217376814
1772934423.9904516,20490.54097017859
1772934423.990466,15194.99382022535
1772934423.9904785,614.6993782181423
1772934424.0224154,1913.96686469685
1772934424.052483,13930.546118334863
1772934424.052508,10011.52374260484
1772934424.080604,13983.189980622126
1772934424.0806231,14162.358001161288
1772934424.1197877,15964.519205479328
1772934424.119804,16891.945050126702
1772934424.11981,13087.289206826092
1772934424.1539624,14916.22553963839
1772934424.1539896,12873.58734153487
1772934424.1540003,12639.39511276185
1772934424.1540093,15467.230227632614
1772934424.1540184,17957.629764671332
1772934424.1540267,14348.961788629926
1772934424.202114,2629.332441930159
1772934424.2182217,14615.803568930516
1772934424.2182539,13899.709730018141
1772934424.2532845,12869.491274439662
1772934424.253312,13400.400514121906
1772934424.2533224,15593.111946185552
1772934424.2533317,16219.086257542356
1772934424.2834454,15318.851844491179
1772934424.2834651,15532.613010520596
1772934424.283474,13005.544668098157
1772934424.3196433,10956.223584860578
1772934424.3196692,12849.427452825257
1772934424.3196783,17205.6895551068
1772934424.3196871,17884.543918655112
1772934424.3196933,10660.912609316796
1772934424.3517332,-1056.047304214895
1772934424.3678772,8859.460373452877
1772934424.4069307,13924.153994487593
1772934424.40695,13590.212132674427
1772934424.406956,13119.614981084991
1772934424.4511676,13219.475368573649
1772934424.4511895,13837.631999310763
1772934424.4511993,14102.163375990625
1772934424.478263,13523.200773477789
1772934424.478289,12834.293849962298
1772934424.4782991,13111.737466033213
1772934424.4783077,14159.047830268895
1772934424.5264444,14486.952541211751
1772934424.5556445,13311.165127751437
1772934424.5556853,12055.375024641495
1772934424.5556924,12869.892613896733
1772934424.71623,-4634.594693212589
1772934424.7463877,464.4338918536343
1772934424.746416,11012.000086218646
1772934424.7464263,16107.73624117071
1772934424.7464345,9387.489726664744
1772934424.7464433,-5054.478426405202
1772934424.7464511,-17304.631830579576
1772934424.778482,-4524.470709636297
1772934424.8046165,13616.725132309579
1772934424.8046384,12927.569743609065
1772934424.8046508,3668.8313410509713
1772934424.847781,13433.025948370792
1772934424.847809,6285.73492346604
1772934424.8478222,-3406.91730595584
1772934424.847832,-12994.81648860074
1772934424.84784,-17479.558032340545
1772934424.847848,-14052.391041518198
1772934424.8478556,-6247.080548605622
1772934424.9703188,-7032.096172625268
1772934424.9703355,-7927.823867064754
1772934425.0505974,-11139.928798247929
1772934425.2855787,2581.4782168366983
1772934425.2856004,12003.7648898401
1772934425.2856119,18269.834440677125
1772934425.2856195,17667.473483990423
1772934425.2856257,10189.845904414666
1772934425.2856312,-1044.390981149746
1772934425.6862402,-7852.227635204154
1772934425.6862657,-12964.766171543404
1772934425.6862748,-16913.174024698907
1772934425.6862829,-18154.794255827877
1772934425.717362,-15433.276001182936
1772934425.717387,-11199.561380693513
1772934425.7173967,-9832.563894311923
1772934425.8459864,-28454.271122851533
1772934425.8619697,-13536.147671478102
1772934425.9583552,5916.573030891916
1772934426.0237029,16357.213521669926
1772934426.023746,18736.452388544352
1772934426.0237615,14132.036046956857
1772934426.0237775,9028.549452840198
1772934426.0237875,8666.280032758967
1772934426.023804,11973.74225679342
1772934426.0238173,13078.670244327339
1772934426.0238273,7744.156426476633
1772934426.0238369,-2220.382800237345
1772934426.0558078,10593.532184355981
1772934426.071846,3817.561342229551
1772934426.0969944,13526.007631655988
1772934426.0970187,11134.284241161999
1772934426.097028,10741.569499342795
1772934426.1200192,12556.27722662999
1772934426.1200411,12230.524293795559
1772934426.1200476,5516.662637489954
1772934426.152223,10565.624245119026
1772934426.16827,7631.270419507284
1772934426.1682982,10647.760783104624
1772934426.198372,15725.85442274679
1772934426.1983924,15023.850001063105
1772934426.1984022,5027.666270250454
1772934426.2807171,8006.628607648438
1772934426.2807379,7803.989670257222
1772934426.2807474,11730.22864018416
1772934426.280756,15377.401413928008
1772934426.280764,13249.4844125305
1772934426.2807717,4974.77824246842
1772934426.2807794,-3777.1189926984957
1772934426.3249128,13205.303513163324
1772934426.3249404,14959.418618931402
1772934426.3249533,8948.58070285568
1772934426.3410048,-4106.75961669162
1772934426.3640668,10180.997827351828
1772934426.3640933,13047.638077713862
1772934426.3641033,11395.736583115506
1772934426.3641112,3248.992757195113
1772934426.4022207,10677.178189463646
1772934426.4022453,3970.623564048746
1772934426.4363468,8620.810281704593
1772934426.4363632,7110.7105760323075
1772934426.4363697,8224.215734459052
1772934426.4363747,11409.241596082446
1772934426.4363804,11532.081187055392
1772934426.4685318,3616.2552125472857
1772934426.4845464,7307.796415766835
1772934426.5106533,8392.16777133872
1772934426.5106795,10156.272193291734
1772934426.5106902,9189.053890753616
1772934426.5106988,2595.605232457496
1772934426.5337324,10521.85324636066
1772934426.533753,2366.953914368016
1772934426.61215,6427.331579669901
1772934426.612183,7866.275992505433
1772934426.612192,8189.651063065957
1772934426.6121988,6700.0317407474495
1772934426.6122053,5278.68048105746
1772934426.6122115,6193.422299031913
1772934426.6122172,8909.567046509104
1772934426.612228,9797.545478753584
1772934426.6122353,5353.018999270547
1772934426.6281836,-20445.6071316745
1772934426.6512542,-5510.515977520795
1772934426.651281,4262.749937650651
1772934426.6512911,9144.833620306677
1772934426.6513,7148.38139776291
1772934426.6884007,4296.37269348255
1772934426.6884217,5853.690562696818
1772934426.6884317,9017.091475225992
1772934426.6884408,6312.932376583107
1772934426.6884491,-4729.615465666178
1772934426.7205846,-938.0317268217449
1772934426.766827,3022.9623200512697
1772934426.766852,5648.849292514798
1772934426.7668617,7313.85416015422
1772934426.7668703,5345.38457162729
1772934426.766878,2317.7173022057045
1772934426.7668855,2909.8444243632453
1772934426.7668931,7284.91397407041
1772934426.7669008,9553.011090864704
1772934426.7669084,3763.847935420787
1772934426.766916,-9422.72358465614
1772934426.8200033,1855.5295305383931
1772934426.820037,4623.538894942508
1772934426.8200493,7756.792214513787
1772934426.820058,5936.338992604084
1772934426.8200665,-2693.9911973077724
1772934426.844078,4816.435646046217
1772934426.8441048,-1359.3535427724853
1772934426.9003117,8065.425044911913
1772934426.9003315,2486.854854155586
1772934426.9003453,-10714.732620896302
1772934426.9404807,2564.234970387208
1772934426.9405248,4894.102208566288
1772934426.9405372,5129.992760900921
1772934426.9405775,561.1929236217812
1772934426.9405878,-8134.160358299238
1772934426.972646,4707.34579083255
1772934426.9886684,-4745.0370196789845
1772934427.0278187,3205.945537126158
1772934427.0278692,2728.611956247667
1772934427.0278797,1873.888393183919
1772934427.0278883,1842.0222932581269
1772934427.027897,2661.25306249504
1772934427.0279057,3170.782683139971
1772934427.0279143,2662.7626562847654
1772934427.04387,1863.6134558733197
1772934427.076011,1891.8839611127892
1772934427.0760293,2699.119132786497
1772934427.0760448,3143.478933927279
1772934427.0760503,2607.892936699168
1772934427.0760553,1854.6587508703947
1772934427.0920725,1942.5525418759473
1772934427.1081147,2739.3553566865558
1772934427.147294,3124.300650471705
1772934427.1473155,2561.910667470501
1772934427.1473255,1848.353932920582
1772934427.1473355,1985.7714555385999
1772934427.1473453,2775.4665564958527
1772934427.1764758,3105.0221751993763
1772934427.17651,2513.9455926478167
1772934427.1765218,1835.8137498107287
1772934427.2089646,2023.8632942326228
1772934427.2246788,-9043.489947547923
1772934427.2688332,-12719.006424107323
1772934427.2688553,-9383.837511643158
1772934427.2688649,-1585.1245625030585
1772934427.2688735,4809.679894815147
1772934427.2688813,5941.967510833426
1772934427.3170164,-8802.54760413497
1772934427.3170352,-15289.755932087253
1772934427.3651967,-10830.666051409942
1772934427.3973267,-114.6165729456218
1772934427.429463,-13079.264095963143
1772934427.4294887,-11416.08595685539
1772934427.477702,-22309.4327646533
1772934427.500738,-28591.245343518287
1772934427.500754,-17451.62266656843
1772934427.5790544,-12011.060004146131
1772934427.5790832,-14539.437830685716
1772934427.5790932,-16270.19953620009
1772934427.649371,-22666.677120547774
1772934427.649396,-15758.548377444902
1772934427.6494057,-4135.289711980416
1772934427.6494143,3807.7493369087465
1772934427.9385307,-11083.261211971081
1772934427.9616213,-24869.806122616817
1772934427.961645,-28307.450317248607
1772934427.9777148,-18807.752472291522
1772934428.009848,-21021.27139036616
1772934428.0419767,-36451.17884768649
1772934428.0580616,-26138.19706620532
1772934428.0881703,-24797.501845963656
1772934428.0881963,-22100.036558346525
1772934428.0882063,-21042.436094919758
1772934428.0882149,-17354.03653153536
1772934428.1685185,-8247.427585249518
1772934428.200637,-13583.366985627872
1772934428.2558594,-21482.69765729305
1772934428.2558856,-20412.26582322235
1772934428.2558956,-13256.45966641609
1772934428.255905,-2586.5297166105465
1772934428.2559135,3872.4507550644066
1772934428.2559223,17.98456853928557
1772934428.255931,-11628.301903972
1772934428.2559395,-21084.808185360576
1772934428.255948,-20151.84525804224
1772934428.255956,-10109.31745277158
1772934428.2559643,468.14716969034214
1772934428.4807808,-11115.889039219279
1772934428.5290225,-23512.688039989665
1772934428.6012814,-12750.5682756877
1772934428.6013029,3618.6284182927798
1772934428.601312,15077.41361053086
1772934428.6013205,14330.87951601158
1772934428.6013308,4301.913576240557
1772934428.6013408,-6168.9433743639875
1772934428.601349,-10795.757534926957
1772934428.6013587,-9345.054318567758
1772934428.6334243,-10108.469558455143
1772934428.6776056,-21586.442416457146
1772934428.6776369,-18713.392073049843
1772934428.6776474,-7850.369638580089
1772934428.732829,-12460.188140561848
1772934428.7328503,-13000.549144204122
1772934428.7328596,-15324.874516945833
1772934428.732868,-18199.79327278362
1772934428.7328763,-21409.732908478058
1772934428.7328842,-24270.113332521018
1772934428.732892,-23725.098608001226
1772934428.7329001,-16395.07284599399
1772934428.8181808,-3396.146121258611
1772934428.8182003,8514.257526711895
1772934428.8182092,12584.86604704566
1772934428.818217,8939.262774483683
1772934428.818225,4391.526706867816
1772934428.8503609,4855.77850774076
1772934428.9015653,9107.64600508941
1772934428.901598,11244.568889307007
1772934428.90161,8520.650312891345
1772934428.9016216,4708.49692398505
1772934428.9016325,4962.684906909316
1772934428.9016433,9002.173708379258
1772934428.901654,11444.616830279163
1772934428.9016776,8851.095293878332
1772934428.9337008,4396.126788931661
1772934428.9337249,4054.929795514833
1772934428.9567697,8923.826407565479
1772934428.9567988,9925.211451948067
1772934428.956809,7689.696267667253
1772934428.956818,5178.238359177755
1772934428.9868484,5765.334011570021
1772934428.9868655,8845.729969395683
1772934429.0033312,10524.475157210038
1772934429.0692005,6196.699010078378
1772934429.069222,4349.824486428265
1772934429.0692315,6710.168606632994
1772934429.06924,10157.712403928308
1772934429.0692475,9725.66269348696
1772934429.0692556,5606.219359534124
1772934429.0692635,3461.146179953676
1772934429.0692708,6960.826238059617
1772934429.1134048,10994.978131865444
1772934429.1134305,12050.706986425705
1772934429.11344,5023.634813532232
1772934429.113448,-6532.353722160873
1772934429.2168689,5163.0518329064735
1772934429.216891,5212.1498265698265
1772934429.2169008,5648.282059690347
1772934429.2169096,3528.361092652759
1772934429.2169175,-2972.48748374654
1772934429.2169251,-11888.979634378218
1772934429.216933,-18648.216488230522
1772934429.2169433,-20489.93354989715
1772934429.2169533,-19363.008060580763
1772934429.216961,-19503.882455703646
1772934429.2169707,-21872.63236074889
1772934429.2169793,-22044.216232418166
1772934429.216987,-15032.920193718897
1772934429.2169943,-2313.6948790025695
1772934429.217002,7517.1666191448885
1772934429.2170095,6731.570494064004
1772934429.2170172,-2866.815398277748
1772934429.2170248,-10713.200916346272
1772934429.2170327,-7995.266669908982
1772934429.21704,3089.328191648631
1772934429.2170477,11727.292823268452
1772934429.217055,10184.076232612135
1772934429.2170627,1871.9476046775571
1772934429.2170703,-3068.801429138235
1772934429.2329028,695.7841266570804
1772934429.2650526,8281.73863935905
1772934429.3182282,9923.944311612206
1772934429.3182547,7422.990816658165
1772934429.3182645,4207.491672177699
1772934429.3182728,4586.098414392967
1772934429.3182805,7514.623665611456
1772934429.3182883,8803.105711706594
1772934429.3182957,6920.544141877569
1772934429.3183036,4676.642736049243
1772934429.318311,5101.354321399094
1772934429.3183184,7424.591229104743
1772934429.3343349,8395.790082992606
1772934429.3764749,6786.52844173494
1772934429.3765025,4914.07407703042
1772934429.3765156,5319.211317387631
1772934429.3765256,7343.980237493453
1772934429.3765337,8171.428053064074
1772934429.3765416,6727.006886098584
1772934429.4247067,-10944.66844965316
1772934429.8845966,-6552.6838820371595
1772934429.884617,3850.3820094226644
1772934429.8846266,10830.188480590983
1772934429.8846352,9826.415014017426
1772934429.9167392,5138.332106962099
1772934429.9327881,3614.856364423177
1772934429.9559808,6499.524974437618
1772934429.9560397,9198.436109134867
1772934429.9560535,8123.279961776594
1772934429.9560652,5181.795020897948
1772934429.972,4569.81576023184
1772934430.0643506,5990.583956039297
1772934430.0643704,9290.590299973703
1772934430.0643797,9433.766036783745
1772934430.064388,6108.815067276275
1772934430.0643957,3546.2265290846863
1772934430.0644045,5298.593555672269
1772934430.0644124,9709.707281927873
1772934430.0644205,11354.267520166833
1772934430.0644283,6694.41520417271
1772934430.0644364,-2229.1574991367347
1772934430.0644467,-9579.393475924884
1772934430.0644567,-10669.396792407286
1772934430.3856292,-10572.744844530414
1772934430.4338615,-16266.506225224062
1772934430.4820569,-8895.567921711145
1772934430.5412977,4047.457773607621
1772934430.5413215,10648.78236477123
1772934430.5413327,9133.903789559723
1772934430.6376767,-10011.804988059375
1772934430.6537285,-12027.603773451103
1772934430.6859026,-14338.397148859822
1772934430.9138577,2258.180165913907
1772934430.9138994,11975.200454035004
1772934430.9139276,15291.101058227823
1772934430.9139557,13831.561363935041
1772934430.9139729,9458.519201316672
1772934430.9139807,2218.7480714315084
1772934430.9139893,-7056.545823874366
1772934430.9139977,-14719.116757813224
1772934430.9140055,-16962.377792149528
1772934430.9140136,-14181.869767738172
1772934430.9140215,-11026.002298897807
1772934430.9140294,-11422.19659244345
1772934430.9140375,-14429.561045823804
1772934430.9140456,-15925.378336242744
1772934430.914054,-13944.910696804769
1772934430.914062,-11102.793849047512
1772934430.91407,-11267.940669917762
1772934430.914078,-14637.559867862352
1772934430.9140885,-17070.83073189664
1772934430.9140987,-14396.50501012552
1772934430.9141068,-6879.451927641848
1772934430.9141164,752.207140139239
1772934430.9141254,3396.1274269386968
1772934430.9141333,-357.962854404795
1772934430.9141412,-7583.7764203583265
1772934430.9141493,-13701.91895776371
1772934430.914157,-15877.042496206195
1772934430.9141648,-14574.117650210843
1772934430.914173,-12477.238561755088
1772934430.9141808,-11933.245834953957
1772934430.9141889,-13103.0976860637
1772934430.9141965,-14338.48691587171
1772934430.9142044,-14225.848264009479
1772934430.9142125,-13084.708902528278
1772934430.9142203,-12365.410030851574
1772934430.914228,-12828.004884643318
1772934430.914236,-13751.83951191746
1772934430.9142437,-14001.92531721916
1772934430.9142518,-13407.282446264087
1772934430.9142597,-12713.822133102614
1772934430.9142675,-12495.527865684186
1772934430.9142756,-12743.081284823518
1772934430.9142835,-13504.787440630113
1772934430.9142916,-15100.34189525681
1772934430.9142995,-17135.383396830413
1772934430.9143074,-17933.375979258293
1772934430.9143155,-16112.326456497574
1772934430.9143236,-12862.972612053663
1772934430.914332,-11401.080802079026
1772934430.91434,-13038.653850441535
1772934430.9143486,-14376.61115148395
1772934430.9143567,-10109.025126467917
1772934430.948058,4217.636959815226
1772934430.9480784,9712.95764750607
1772934430.948089,4450.428520142033
1772934430.9480977,-5099.015328669267
1772934430.9481065,-7292.89299098987
1772934430.964032,-12691.414735358258
1772934431.0283368,-12491.881809144317
1772934431.0283647,3065.4037817314556
1772934431.0283754,13949.941545763399
1772934431.0283856,16350.758656787877
1772934431.0283945,12455.4916851884
1772934431.0284038,5664.384534873016
1772934431.028412,-1508.1796036099597
1772934431.02842,-5689.947256425703
1772934431.0845475,-20083.079791956803
1772934431.0845675,-14760.400864433906
1772934431.0845768,1324.3655232142032
1772934431.1216872,11266.014249343281
1772934431.1217082,15630.275093614679
1772934431.1217184,12182.923029032201
1772934431.1217277,9245.296627001742
1772934431.1217363,12077.315626382104
1772934431.2452552,12270.734899594647
1772934431.2452765,12764.380342857843
1772934431.245288,11643.85176950274
1772934431.2452984,10677.57989897239
1772934431.2453072,11160.041769046597
1772934431.2453184,12289.799941395715
1772934431.2453277,12552.381707545894
1772934431.245335,11739.329499727477
1772934431.245343,10919.631796092966
1772934431.2453513,10931.317848533878
1772934431.2453592,11677.185550471706
1772934431.2453668,12646.608439024098
1772934431.245375,13167.193351946938
1772934431.2453823,12031.298636343421
1772934431.2453897,8078.582283453457
1772934431.2873776,-5506.240508966053
1772934431.287394,-13928.823303169802
1772934431.2874005,-18021.93665459174
1772934431.2874055,-15701.948582061954
1772934431.2874107,-10354.669815503006
1772934431.2874157,-8333.534786974806
1772934431.2874205,-12593.793557008936
1772934431.3034563,-19717.183379233033
1772934431.4671676,-18634.131692479998
1772934431.4672194,-17363.472681640564
1772934431.467252,-11539.321821535497
1772934431.4672637,-3849.315260288743
1772934431.467274,1023.7412972206138
1772934431.4672844,315.7267236555908
1772934431.4672947,-4434.649496880884
1772934431.4673054,-8860.65310213449
1772934431.4673183,-9551.344468996263
1772934431.4673307,-6403.892137035774
1772934431.467341,-1644.9854883686705
1772934431.4673543,2754.869929339951
1772934431.4673662,6294.13566374236
1772934431.4673767,9043.313565778759
1772934431.4673877,10572.064606669504
1772934431.4673982,10411.83651347369
1772934431.4674084,9230.414416519761
1772934431.4674191,8644.025494407802
1772934431.4674296,9445.865334492408
1772934431.4674397,10514.014379846263
1772934431.46745,10186.249281190585
1772934431.46746,8663.390352620312
1772934431.4674702,8180.017584994064
1772934431.4674804,10111.123598691449
1772934431.4674907,12308.481753069786
1772934431.4675007,10486.562282922641
1772934431.4675107,3026.3065173804403
1772934431.4675207,-5974.375900298456
1772934431.4675307,-9489.929294350733
1772934431.467541,-4105.923240907916
1772934431.4675515,6303.329485113919
1772934431.4675612,13859.675046754457
1772934431.4675715,13880.976877841576
1772934431.4675815,8849.02288722552
1772934431.467592,5354.679941730561
1772934431.467602,7352.32831184872
1772934431.4676118,12455.424903340403
1772934431.4676225,14553.572315035794
1772934431.4676328,9791.114283132487
1772934431.4676433,200.33492443162856
1772934431.5745664,-6497.076115776465
1772934431.5745878,-7546.543947978281
1772934432.2975852,-2076.2810041588054
1772934432.410065,5993.1806041292975
1772934432.6198728,-8124.784449063652
1772934432.6198945,-12224.96717995179
1772934432.6199055,-14901.36580817985
1772934432.6199148,-16521.12114159697
1772934432.6199248,-17055.89956603317
1772934432.619936,-14895.01019473628
1772934432.619944,-8667.795015746127
1772934432.650066,299.6426895383149
1772934432.650086,8278.978871999847
1772934432.6500957,12207.057429761904
1772934432.714275,-2931.899250746819
1772934432.7304058,-5871.666054407707
1772934432.971308,2367.5632540034344
1772934432.9954221,11148.095454622424
1772934432.995443,14228.41809382115
1772934432.9954538,11876.041815772773
1772934433.0657122,-12164.328527640495
1772934433.065732,-19678.99379608094
1772934433.0657513,-15009.41297818253
1772934433.0657594,-2989.2804316586535
1772934433.1621008,7893.525118746717
1772934433.2374685,12582.181813793783
1772934433.2375085,11952.416955487304
1772934433.2375216,10055.40095033599
1772934433.3980885,9841.92034910913
1772934433.5105784,11161.716085458462
1772934433.6712055,7204.1806016639775
1772934433.8640523,7692.581817101775
1772934433.905136,8929.119927380354
1772934433.905152,10656.699976857093
1772934433.939399,12135.033307633836
1772934433.9394417,12357.323617068616
1772934433.9394555,11078.914384264846
1772934433.9394665,9494.441048861845
1772934433.9394765,9155.895540353195
1772934434.0517807,9685.42276153172
1772934434.1963665,8813.427131236042
1772934434.4534411,5737.96395281999
1772934434.4534607,8793.55438340757
1772934434.453468,11108.165394294401
1772934434.4534743,10983.660841810015
1772934434.4534805,9548.288779538725
1772934434.4534867,8958.86096044526
1772934434.4534924,9728.82470086604
1772934434.453498,10530.462013993896
1772934434.4535038,10290.436125101503
1772934434.45351,9540.152573734258
1772934434.4535167,9407.37724188354
1772934434.4535227,9973.162623178558
1772934434.4535284,10319.996025277806
1772934434.453534,9973.730089930841
1772934434.4535427,9534.781337459397
1772934434.4535508,9679.03144509517
1772934434.4535573,10135.58859372236
1772934434.4535656,10162.090894728364
1772934434.453572,9721.778576129485
1772934434.4535773,9535.119204104225
1772934434.519676,9934.39997552145
1772934434.5196967,10295.191369447108
1772934434.5197034,9993.91665546046
1772934434.5197089,9440.172707493884
1772934434.558879,9535.97191456357
1772934434.5589087,10251.342790831613
1772934434.5589185,10505.852565623722
1772934434.5589268,9759.068718723121
1772934434.6392083,-7459.947190350573
1772934434.7968457,-2816.6688103389033
1772934434.7968664,7252.434753847031
1772934434.7968729,13773.481590350031
1772934434.796878,12497.225345101184
1772934435.1121297,11844.151940686043
1772934435.1121593,5485.235811550416
1772934435.1121705,-109.31683619014314
1772934435.1121807,-4479.818915455709
1772934435.1121907,-8590.6722422428
1772934435.1122005,-11795.382938225444
1772934435.1122096,-11540.907640308655
1772934435.1122189,-6317.724324208144
1772934435.287888,-14696.04653267814
1772934435.2879045,-12708.660993874284
1772934435.287913,-4843.968760700267
1772934435.480662,-9438.76949101731
1772934435.8170671,-16700.56184356861
1772934435.8170853,-5236.169398411835
1772934436.0420113,6741.286869108769
1772934436.064117,13166.417776109693
1772934436.0641432,13154.029444304868
1772934436.0641532,10556.564669415511
1772934436.0641618,9414.667619999418
1772934436.0962088,10477.410769867327
1772934436.096233,11802.218986360103
1772934436.5781796,11713.865624628621
1772934436.7619405,10551.129754098432
1772934436.7619607,9917.345614300539
1772934436.7619667,10792.3120728921
1772934437.276175,-2173.1611645908274
1772934437.3242629,1104.8955019500825
1772934438.1275709,2881.5044983538623
1772934438.1437008,609.5886792037683
1772934438.1687715,-5525.149211328593
1772934438.1688066,-9559.63618086294
1772934438.1688173,-5908.348091696657
1772934438.3193443,9470.880236717187
1772934438.3193803,16635.241590508496
1772934438.5533268,15927.76106237324
1772934438.5533533,10939.793995874823
1772934438.553363,1942.842022564671
1772934438.8746564,10772.655706713547
1772934438.8746798,11577.274031085653
1772934439.0031798,-2493.8026220833863
1772934439.0503917,-171.60718211906683
1772934439.050413,8017.426056836321
1772934439.0504253,14679.756340304508
1772934439.280322,13677.34224635127
1772934439.2803438,10229.625922077112
1772934439.2803545,7247.607223503263
1772934439.280363,8647.863642076858
1772934439.2803721,12449.360566170044
1772934439.280381,12718.443238810725
1772934439.2803895,5855.732723260435
1772934439.3606467,8401.262894628275
1772934439.360668,7097.049640511166
1772934439.3606777,8999.347326625084
1772934439.3606868,12218.931339876137
1772934439.3606956,12038.676994260706
1772934439.360704,5109.91620288739
1772934439.3767364,-1548.192129355439
1772934439.4088423,9122.96767271825
1772934439.4339638,9974.28159520031
1772934439.4339788,9498.918440027663
1772934439.4339852,6975.3919260696675
1772934439.5373693,7367.226692113178
1772934439.5373857,-666.0639387338637
1772934440.549584,4479.615348397706
1772934441.1561155,-11120.78351236946
1772934441.156154,-18205.85542835659
1772934441.8790407,-17390.062601499387
1772934442.1049707,3959.1471877752924
1772934442.104988,12209.302743174376
1772934442.1049953,11616.679456523898
1772934442.1050007,6540.432783031944
1772934442.1050074,4087.3409782475233
1772934442.105013,6793.072632349024
1772934442.105018,11050.476073552523
1772934442.1050231,11529.673061249214
1772934442.1050284,6069.138415584777
1772934442.1371586,-3257.442014350298
1772934442.6994407,-1292.2321447723377
1772934442.7797744,-16965.518371692975
1772934442.822922,-14617.008432402756
1772934442.8229487,-14960.036546222487
1772934442.8229587,-12831.979341719283
1772934442.822968,-11300.207783106462
1772934442.822976,-12006.701019201531
1772934442.8229847,-13447.573225365333
1772934442.8229933,-13485.674411545322
1772934442.823002,-12884.871233147991
1772934442.88722,-9324.089315074796
1772934442.910335,7166.753607481245
1772934442.910381,8479.555684002593
1772934442.9103923,7416.511466801079
1772934443.0167816,-5416.826489615208
1772934443.0168025,-12045.940021677672
1772934443.016812,-13932.706686102263
1772934443.0168204,-12942.563771841606
1772934443.0168288,-11786.596919850532
1772934443.0168366,-11785.568625908973
1772934443.0168467,-12669.353533705518
1772934443.0168562,-13365.848962631027
1772934443.016864,-12783.118280051876
1772934443.0168734,-10650.53589577104
1772934443.016882,-8216.592098643827
1772934443.01689,-7688.492218549227
1772934443.0168972,-10090.84219299186
1772934443.0169053,-13477.674740423241
1772934443.0169127,-13965.748548000425
1772934443.0169208,-9262.202814703529
1772934443.3210282,-6136.845418601181
1772934443.3210652,-7699.100043048076
1772934443.3210757,-11228.916696101582
1772934443.3210845,-13348.34769302507
1772934443.321093,-12379.79812581443
1772934443.3211017,-10111.351033191473
1772934443.32111,-9465.041222510365
1772934443.3211184,-11002.612674683969
1772934443.3211267,-12532.56030381692
1772934443.3211346,-12095.070958457794
1772934443.321143,-10407.382307658412
1772934443.3211513,-9746.195503319283
1772934443.3211596,-10913.152591143726
1772934443.3211682,-12279.511562006917
1772934443.3211763,-12029.792691649985
1772934443.3211844,-10543.79973785286
1772934443.3211925,-9817.136286007759
1772934443.3212006,-10793.375407801133
1772934443.3212085,-12155.759003495225
1772934443.3212185,-12099.468016569843
1772934443.3212285,-10695.239009713736
1772934443.3212368,-9776.575935954552
1772934443.3212469,-10559.756344538586
1772934443.3212562,-12080.0020002965
1772934443.3212645,-12394.703934312824
1772934443.3212724,-11005.286849604614
1772934443.3212805,-9528.914563708577
1772934443.3212886,-9855.232399948012
1772934443.3212965,-11935.49978056726
1772934443.3213046,-13600.157298306549
1772934443.321313,-12504.755892411002
1772934443.3213208,-8273.339922536976
1772934443.402388,-10040.376437179779
1772934443.4024096,-10706.541271084994
1772934443.402419,-10297.068795044634
1772934443.4024277,-9399.225871102333
1772934443.4024355,-9223.203604403776
1772934443.4024436,-9962.46062974363
1772934443.4024515,-10599.102356761125
1772934443.402459,-10312.902703567448
1772934443.4024663,-9521.992828342363
1772934443.4024737,-9242.517182576803
1772934443.4024816,-9769.953450612657
1772934443.4024892,-10416.53674681623
1772934443.4024968,-10439.42056334569
1772934443.4025042,-9832.198119413553
1772934443.4025118,-9193.2119555175
1772934443.402519,-9179.849212405981
1772934443.4025288,-10089.41584520108
1772934443.4025383,-11344.767898371816
1772934443.402546,-11017.098386266634
1772934443.4025552,-6660.049727120353
1772934443.5308967,1968.5473629770922
1772934443.595219,-7595.891342807675
1772934443.61828,-9113.366861849494
1772934443.6183107,-10056.646605123837
1772934443.6183217,-9795.078099869426
1772934443.6183305,-6687.825046138111
1772934444.758996,-11510.603005408057
1772934444.8132477,839.6407213703701
1772934444.8132768,12410.215253755876
1772934444.8132832,14510.60958019625
1772934444.813289,8043.0181426642885
1772934444.813312,2558.241460285018
1772934444.8613925,5285.077792799687
1772934444.884493,12951.419446017762
1772934444.8845088,16032.270561015883
1772934444.8845146,10051.35807869755
1772934444.9307055,-9797.5048656702
1772934444.9307327,-11775.448221531295
1772934445.1285284,4520.646485569293
1772934445.1285508,11927.947920623474
1772934445.1285605,12509.803510117714
1772934445.1285703,8779.472495224794
1772934445.128579,6859.381281980409
1772934445.1285875,8848.8177798359
1772934445.128606,11324.091603652301
1772934445.1286168,10780.461585575695
1772934445.1286268,8280.090840898065
1772934445.128635,7524.874129031142
1772934445.1286452,9563.716133986227
1772934445.128654,11420.972561894529
1772934445.128662,10311.781630120566
1772934445.1286705,7640.427134079178
1772934445.1286783,7338.349293081075
1772934445.1286864,10486.855053221107
1772934445.1286948,12995.973596444423
1772934445.128703,9483.885076841909
1772934445.1767244,-825.589497135201
1772934445.2148724,7009.984377380873
1772934445.2148972,9890.517760932787
1772934445.2149074,12497.739346342221
1772934445.2149165,10783.881120718383
1772934445.2149253,4862.840910336616
1772934445.2149336,-862.8842406463102
1772934445.230919,-2218.4986658177654
1772934445.2792552,-12005.245883337144
1772934445.295179,-17947.635530726948
1772934445.3112948,-11496.344654728488
1772934445.368575,95.30062405320723
1772934445.368606,-1592.0700145067042
1772934445.3686209,-7521.352681703851
1772934445.3686333,-12000.8048749847
1772934445.3686452,-12196.61904050193
1772934445.36867,-9945.923654913595
1772934445.3686826,-8573.034322973628
1772934445.3686996,-9178.435980554845
1772934445.3687172,-10464.322732897153
1772934445.36873,-11134.023841233595
1772934445.3687446,-11034.250282465424
1772934445.3687625,-9864.833551399852
1772934445.3687713,-6245.528063386567
1772934445.4458485,1462.2605564035364
1772934445.4458697,9283.955750135368
1772934445.44588,13228.56830581096
1772934445.4458888,12356.734382291199
1772934445.4458969,9725.321359026797
1772934445.4459052,8180.863668946739
1772934445.4459136,6488.372370263624
1772934445.4459224,1299.2680158234914
1772934445.4459305,-7022.552655029813
1772934445.4459383,-12492.230728038596
1772934445.4459467,-9159.602508969136
1772934445.4779732,-16563.63822496533
1772934445.4940288,-10898.493958228673
1772934445.4940567,-3790.7595795491034
1772934446.0724611,2517.257700536155
1772934446.1367252,7902.953749991812
1772934446.1919105,11342.233092782588
1772934446.1919427,12205.755917388646
1772934446.1919532,11983.030813793546
1772934446.1919627,10905.366974272829
1772934446.1919718,9685.594339530933
1772934446.1919806,9592.045165315098
1772934446.1919887,11231.9730235641
1772934446.1919992,13273.703771446757
1772934446.1920097,12896.252517356334
1772934446.192018,8250.648283980228
1772934446.1920283,927.9307527674013
1772934446.2180033,-4283.986788078999
1772934446.2180243,-2988.23901403049
1772934446.3204727,1830.5219795151763
1772934446.3204963,3363.534905411143
1772934446.320507,2732.946216524003
1772934446.346578,-15124.706496545166
1772934446.346596,-15639.67162965939
1772934446.3786693,-8624.683007657195
1772934446.3947284,-10051.078401662498
1772934446.4549885,-13443.22669871541
1772934446.4550045,-12290.975328321401
1772934446.455011,-8881.38524761716
1772934446.4550166,-8725.555706543768
1772934446.4550219,-14962.978438507811
1772934446.4871671,-23751.14602038449
1772934446.5142548,-19199.72028949843
1772934446.5142767,-14461.574687350036
1772934446.514287,-5673.326791952238
1772934446.7502155,4053.0674348103953
1772934446.7502358,11207.928342852514
1772934446.9269822,10215.70480844274
1772934447.0264113,8623.01791764994
1772934447.02647,12805.289605287353
1772934447.026481,13896.525626925331
1772934447.026491,8789.968792177193
1772934447.026507,926.058262419337
1772934447.0265195,-2789.531890718003
1772934447.02653,880.3711846046261
1772934447.026543,8316.45172992241
1772934447.026554,13040.837370811856
1772934447.0265632,12138.264551739881
1772934447.026572,8220.99305097837
1772934447.0265808,5593.980241628121
1772934447.0265903,5608.618071040744
1772934447.0735047,13829.678432585653
1772934447.0735252,13470.667358788505
1772934447.073531,9769.149137351078
1772934447.0735369,7862.675748083485
1772934447.073542,10520.918569804853
1772934447.073547,14517.335646933225
1772934447.073552,14117.366605245374
1772934447.073557,7726.892804159863
1772934447.1689668,9809.496527599895
1772934447.1689875,10615.156817091667
1772934447.1689973,11768.66570711261
1772934447.1690059,11732.373044191347
1772934447.4299867,10606.469416080192
1772934447.4300125,9917.805642100724
1772934447.430022,10577.47831265672
1772934447.4300303,11698.932572146488
1772934447.430039,11779.404428687392
1772934447.430047,10685.663090328842
1772934447.430055,9860.188552551821
1772934447.4300625,10447.435594958804
1772934447.4300723,11732.537184586421
1772934447.430082,11989.182196905766
1772934447.6468935,10750.750954687512
1772934447.646914,9584.860127696416
1772934447.6469207,10168.70782524494
1772934447.646926,11955.172217345393
1772934448.3075902,12562.013879420889
1772934448.3076208,10808.84179547049
1772934448.3076327,8700.013886409759
1772934448.3076427,9403.596611256133
1772934448.77351,12980.539768948149
1772934449.105926,14961.701737775888
1772934449.105955,10351.72464786761
1772934449.1580951,335.766725187609
1772934449.1581125,-7108.783333973995
1772934449.158119,-10995.732653715466
1772934449.1581247,-9168.081113768007
1772934449.15813,-2522.459591452386
1772934449.1581435,5382.524699485029
1772934449.1982732,-1498.5664954284355
1772934449.1982925,-2584.0741894028743
1772934449.2987216,-9370.006796186572
1772934449.298749,-8740.677030461002
1772934449.2987595,-6782.179247008502
1772934449.298768,-6366.399366188354
1772934449.298786,-7542.493443105336
1772934449.298794,-8322.609787487476
1772934449.298802,-7719.535450304713
1772934449.2988105,-6877.179962354145
1772934449.298821,-7124.508088112682
1772934449.298831,-7974.3604252632
1772934449.2988393,-7946.3502753733155
1772934449.3218105,-6985.291110186058
1772934449.3218317,-6823.313048210416
1772934449.321838,-8316.611900210342
1772934449.3218436,-9171.431444250307
1772934449.3539484,-5381.128860638338
1772934449.3990912,-11362.935540195862
1772934449.3991168,-149.8260631110305
1772934449.77474,-6308.451441567401
1772934449.774767,-4387.475809577588
1772934449.774779,-6410.92350011143
1772934449.7747877,-10509.89614131527
1772934449.7747965,-12966.99635723271
1772934449.967483,-2784.164345461511
1772934449.999596,10821.128030764714
1772934449.9996223,9793.875643174086
1772934450.0548253,1296.9401358082239
1772934450.05484,-7977.82316149875
1772934450.054846,-10498.560988920455
1772934450.070931,-3786.004011639585
1772934450.0869353,-4087.9765890935832
1772934450.121061,-10291.58307785151
1772934450.1210768,-14636.959270536603
1772934450.1210833,-11555.985169122354
1772934450.1210887,-3415.025541106212
1772934450.306883,-3101.6794962224276
1772934450.306924,-5111.979503356391
1772934450.306942,-9155.61845266977
1772934450.3069522,-10919.22635326944
1772934450.3069603,-9638.60366556263
1772934450.30697,-7917.0193413001825
1772934450.3069787,-7891.39923156975
1772934450.3069863,-8986.296934623677
1772934450.306994,-9485.179813700794
1772934450.3070016,-9020.646783447492
1772934450.3070087,-8597.878275381454
1772934450.3070161,-8744.497655672361
1772934450.3070235,-8849.039915764944
1772934450.3070312,-8525.594602695339
1772934450.3070385,-8564.465147275492
1772934450.3070457,-9603.431793717607
1772934450.307053,-10261.354658735407
1772934450.3070607,-7811.763235412185
1772934450.307068,-1289.713343021085
1772934450.3070755,6653.242745965731
1772934450.307083,11801.834146444038
1772934450.3070903,12335.772340988993
1772934450.3070982,10276.325998500615
1772934450.3071055,8946.343631362346
1772934450.307113,9581.578148165245
1772934450.3071203,10835.344610767115
1772934450.3071277,11100.138289907018
1772934450.3071356,10394.211824414855
1772934450.3071427,9790.034972550508
1772934450.3071504,9808.453671073563
1772934450.3071575,10127.599841392543
1772934450.3071656,10535.771968729428
1772934450.3071735,11139.713849346672
1772934450.307181,11262.741601476868
1772934450.307189,9006.9497662493
1772934450.3071969,3046.947257415317
1772934450.3650944,-6490.0009210462495
1772934450.3651145,-12014.739732276108
1772934450.3651235,-9491.767800827567
1772934450.365132,-2250.8281773888066
1772934450.3811927,1884.6395959801036
1772934450.44947,-5235.371123494519
1772934450.4494956,-10561.399514593897
1772934450.449506,-12260.429130835411
1772934450.449515,-9335.877846959125
1772934450.4495237,-6268.536913586909
1772934450.449532,-7130.391934051829
1772934450.4495406,-10518.380243923857
1772934450.4495492,-11671.663055535984
1772934450.449558,-8923.710664023998
1772934450.4495704,-6034.81994718222
1772934450.4495783,-7222.846021393396
1772934450.4495869,-11271.085645259729
1772934450.4495947,-12620.88932614058
1772934450.4496028,-8536.702714892295
1772934450.4496112,-3286.0175023983866
1772934450.4496193,-3451.23021463028
1772934450.5287638,-8521.022944902252
1772934450.528787,-10545.550873198486
1772934450.528793,-10867.324039627183
1772934450.5288007,-8277.194928174615
1772934450.528808,-3795.4216529718237
1772934450.609131,-13824.48970765239
1772934450.609162,-7570.803600877538
1772934450.6914625,-13992.738388002146
1772934450.6914876,-18767.67936837939
1772934450.6914992,-19959.4001433668
1772934450.6915083,-15171.301957889826
1772934450.6915176,-7927.636114085999
1772934450.6915262,-4618.528257594926
1772934450.6915345,-8026.379089444659
1772934450.6915429,-14609.123459852655
1772934450.6915512,-18350.966929542654
1772934450.6915596,-16481.946188141985
1772934450.691568,-10839.301325690749
1772934450.691576,-4470.830804330467
1772934450.7075279,1490.2569519197737
1772934450.7376208,-10312.428498635947
1772934450.7376487,-10041.704928532026
1772934450.7376575,-3967.2543669847364
1772934450.911347,-1435.787435222786
1772934450.911368,3276.3051657070596
1772934450.927432,7336.524282019507
1772934451.0880525,7567.178228120427
1772934451.1764593,9913.155807713458
1772934451.1764803,11369.58729501592
1772934451.1764915,11946.793521775637
1772934451.1765008,12364.956107900503
1772934451.5410483,-741.6410965168476
1772934451.541094,-5447.316729834169
1772934451.5411067,-2594.505680070273
1772934451.5731018,3301.217124001009
1772934451.646418,-4123.012191412241
1772934451.646456,-6967.1663899982095
1772934451.646464,-8949.891427603152
1772934451.64647,-8475.313534388744
1772934451.6464756,-6772.104426593329
1772934451.6464815,-6098.32475743177
1772934451.6464872,-7042.67782599768
1772934451.6464937,-8157.556128157596
1772934451.646499,-8002.936252149457
1772934451.6465044,-6881.767946303199
1772934451.6465096,-6276.622541217391
1772934451.6465144,-6930.907479748214
1772934451.6465197,-7983.394681023357
1772934451.6465244,-8077.697472445915
1772934451.646529,-7009.844453166701
1772934451.646534,-6006.831694169475
1772934451.6465385,-6392.0393160953645
1772934451.6465433,-8087.441096304278
1772934452.0159736,3339.754295439687
1772934452.1214159,-1145.4784110794687
1772934452.1214561,-4559.158394805264
1772934452.1214676,-7291.85119852182
1772934452.1214776,-8103.926416281879
1772934452.1214879,-7209.552659603269
1772934452.121498,-5144.813576650992
1772934452.1215072,-1900.3283037412427
1772934452.1695712,-592.3382391456076
1772934452.185638,-7332.181121661484
1772934452.1856656,-5007.713241687935
1772934452.249902,945.4919750890676
1772934452.2719927,-1885.293954264116
1772934452.2720258,-7621.518355122432
1772934452.2720363,-10860.753434729697
1772934452.288041,-6862.610810281798
1772934452.3171751,-7424.284141212651
1772934452.317195,-10470.153998220383
1772934452.3172047,-11747.914286614157
1772934452.3172128,-6538.99439327688
1772934452.3172293,3995.647586061286
1772934452.4457169,13514.733970386922
1772934452.4697988,15388.186746110372
1772934452.4698231,11116.867001505338
1772934452.46983,8019.53355925205
1772934452.4698365,10542.578291742251
1772934452.5039432,-1887.519399182301
1772934452.5039647,-7464.485657602867
1772934452.503975,-11169.81743781019
1772934452.5039833,-9275.428862840605
1772934452.600346,992.1409335781597
1772934452.6003704,3644.456110328435
1772934452.6324685,1947.9062618975552
1772934452.8463619,9823.232436706101
1772934452.846384,13418.252748361898
1772934452.8463912,13668.250202458881
1772934452.8463972,12646.204946680526
1772934452.8464048,12196.240660534118
1772934452.846412,12079.83064649756
1772934452.8464181,11603.222244789325
1772934452.8464253,11631.974073262423
1772934452.8464327,13274.335563430635
1772934452.8464384,14812.211569638685
1772934452.846444,12057.754783933748
1772934452.8464494,3290.168536308857
1772934453.0481982,11977.518347365016
1772934453.0482185,12498.421598886702
1772934453.0482292,12803.709297508123
1772934453.1124556,9605.183866148296
1772934453.1446173,6407.667992948547
