timestamp,value
1772934363.2024796,1687.7866654304714
1772934363.2025049,1674.6375918891254
1772934363.2025123,1049.1556668468581
1772934363.2025182,668.6687848775908
1772934363.2025237,1060.9349338080747
1772934363.2025287,1690.4761268003447
1772934363.2025335,1685.7948541711826
1772934363.2025392,1045.4104533655952
1772934363.2184987,654.0760831988626
1772934363.2476337,1061.0207474833771
1772934363.247654,1709.3943661376827
1772934363.247664,1691.2583334572385
1772934363.2817357,1019.908704293375
1772934363.2817624,629.7427862771498
1772934363.281773,1078.7307818228157
1772934363.2817845,1751.2814648283454
1772934363.281795,1701.0023504221215
1772934363.366098,980.0359577487428
1772934363.3661137,597.21939682869
1772934363.3661196,1102.798778221313
1772934363.366125,1798.487721204976
1772934363.36613,1696.4851833876821
1772934363.3661351,920.7107755252787
1772934363.36614,562.6201568227957
1772934363.366145,1148.3161398369623
1772934363.3661497,1865.5467239469233
1772934363.3661544,1685.2900024587177
1772934363.3661594,835.2096109623377
1772934363.3661644,518.6483825019893
1772934363.454464,1212.6185247165654
1772934363.454481,1954.6485533791501
1772934363.4544878,1668.7681068981165
1772934363.4544935,726.3631910329757
1772934363.4544995,471.74527911739204
1772934363.4545052,1310.8396924702665
1772934363.4545107,2070.5037474648016
1772934363.4545164,1630.0698475463992
1772934363.4545217,568.2192203752687
1772934363.4545271,414.9390792412162
1772934363.535795,1455.3972974153514
1772934363.5358152,2229.0416314567497
1772934363.5358236,1564.3859908700927
1772934363.53583,343.71175330737236
1772934363.5358353,353.09019102606874
1772934363.5358415,1689.2223118285788
1772934363.5358472,2458.871956756629
1772934363.535852,1434.3916173256407
1772934363.5358567,-18.977698430093238
1772934363.5358615,279.63320015277367
1772934363.5358665,2099.323196703332
1772934363.5358715,2827.1262674518857
1772934363.535876,1148.240421611731
1772934363.551911,-705.210487871252
1772934363.5519533,190.50441793483893
1772934363.610118,2990.9338448242534
1772934363.610134,3592.1645142377056
1772934363.61014,371.9853965576526
1772934363.610145,-2498.2124644412715
1772934363.61015,82.28211380023068
1772934363.610155,6182.850530314844
1772934363.61016,6678.595633377532
1772934363.6623728,1967.6974305622766
1772934363.66241,1130.9405270019533
1772934363.6624217,-44.35458311795281
1772934363.662431,113.64112786450353
1772934363.6624427,1444.1325473306356
1772934363.6944664,2091.1275306442103
1772934363.6944964,1087.2476685384866
1772934363.760742,-215.8404877648584
1772934363.760769,45.552782939342606
1772934363.7607808,1584.6947738120425
1772934363.7607913,2255.501817581331
1772934363.7608,1033.7031998117468
1772934363.7608104,-433.94288457458606
1772934363.7838123,-34.87428143051808
1772934363.7838323,1784.7076537486432
1772934363.8310192,-2562.7433929908716
1772934363.8310342,-2621.1982135073667
1772934363.8310413,5167.989342555268
1772934363.855176,11001.823962372555
1772934363.8552,819.5753815449644
1772934363.8552084,-26276.167683947024
1772934363.8712175,-51891.22015510242
1772934363.8712437,-53963.323237749995
1772934363.9344969,-29436.63077423623
1772934363.9345267,1292.4287314170642
1772934363.9345405,14534.750747757815
1772934363.9345524,6533.2401025947
1772934363.9345624,-5706.766231867257
1772934363.9666111,-5736.832936941296
1772934364.0258763,4358.844420772141
1772934364.0258992,9628.151973455455
1772934364.0259092,2841.9106536992813
1772934364.0259187,-6222.909491569655
1772934364.0259283,-4071.8225202098993
1772934364.0259373,7799.624696485769
1772934364.025946,12728.266388399235
1772934364.069986,2175.9113497813387
1772934364.0700011,-1218.110648549297
1772934364.101163,-1191.9584239423675
1772934364.1011927,1903.59491259421
1772934364.101203,3606.7858063109134
1772934364.1012144,1701.5765899778055
1772934364.1012244,-953.2158469292175
1772934364.1012335,-664.4749095824002
1772934364.1332467,-28080.10250002008
1772934364.149326,-19321.23983704095
1772934364.1864705,-5100.203811508179
1772934364.1865058,4389.545347916919
1772934364.1865122,5564.045922791736
1772934364.1865177,2127.6922837792526
1772934364.1865227,-545.5463023179717
1772934364.1865275,-319.8483373265725
1772934364.2577884,1456.898440292743
1772934364.2578108,2621.191638887842
1772934364.2578208,2293.247470170977
1772934364.257829,1094.8927397072998
1772934364.257837,281.0740967153828
1772934364.2899096,671.3670331317552
1772934364.3451304,1880.2116540789787
1772934364.3451614,2549.6898574756046
1772934364.3451724,1776.1704681423773
1772934364.3451812,359.56055435882604
1772934364.34519,112.26582469334605
1772934364.3451989,1574.3338112166014
1772934364.3452072,2982.3957153280116
1772934364.3612201,2310.284189022461
1772934364.3772674,132.61891889120184
1772934364.4214706,-652.9109986467633
1772934364.4214993,1417.2496883370977
1772934364.4215074,3896.721655873465
1772934364.4215174,3116.23700546539
1772934364.4215248,-650.411726574
1772934364.42153,-2466.133249808385
1772934364.453578,1327.8180310920757
1772934364.5048983,-28886.941928993612
1772934364.5049245,-21648.94955836301
1772934364.5049348,-5588.141823424738
1772934364.5049436,6368.302029048266
1772934364.504952,7155.690053215569
1772934364.5049603,1107.1579585637471
1772934364.5049686,-2680.586775061111
1772934364.5049767,-539.906689012187
1772934364.5499904,3425.878978449964
1772934364.5500133,3956.2304740570844
1772934364.5500233,1090.3341315564226
1772934364.5891504,-935.1661212885108
1772934364.5891747,320.38366342652915
1772934364.5891848,2740.4582948023854
1772934364.589193,3021.9066140518853
1772934364.5892007,1076.4975134510087
1772934364.5892088,-270.1737769412994
1772934364.637355,694.3769177005134
1772934364.66546,2445.1945807014463
1772934364.665486,2574.6785424923355
1772934364.665496,1061.780485025046
1772934364.6655047,77.76856514649582
1772934364.6975987,900.5508007348308
1772934364.7136748,2274.5174634767714
1772934364.7528317,2303.8299346911745
1772934364.7528548,1045.6923830549927
1772934364.7528665,300.0851817398409
1772934364.7528756,1048.569054179091
1772934364.752884,2177.487217725499
1772934364.752892,2120.6385896385846
1772934364.8010156,1028.0194166146316
1772934364.8170848,448.59973194670874
1772934364.8331487,1154.0863998920036
1772934364.8331728,2109.4497887161333
1772934364.917507,1989.5333020532084
1772934364.917528,1004.1455929814216
1772934364.9175568,553.874249831912
1772934364.9175637,1240.7671436715066
1772934364.9175704,2068.800229333057
1772934364.9656909,1883.2862983684508
1772934365.0048308,975.8292172094165
1772934365.004858,631.2269631078217
1772934365.0048687,1315.478650147723
1772934365.0048776,2044.3810439584915
1772934365.004886,1795.9738300493468
1772934365.0048947,939.1268949822116
1772934365.0791476,690.4181774674347
1772934365.0791748,1384.907259241891
1772934365.0791848,2030.5176839244898
1772934365.0791929,1717.317503837883
1772934365.0792012,899.9025923249177
1772934365.079212,740.7388978645815
1772934365.0792224,1460.4748172364036
1772934365.1273575,2034.444544854723
1772934365.1664968,1644.9711659060172
1772934365.1665218,846.6442599512498
1772934365.166531,782.166899523721
1772934365.1665392,1549.8341450004023
1772934365.166547,2055.8354076744863
1772934365.1665688,1567.3127275222641
1772934365.1825917,770.5319938861464
1772934365.198656,812.0932732123929
1772934365.2147076,1652.4487958803393
1772934365.2368224,2093.16598775187
1772934365.2368433,1476.6116283581327
1772934365.23685,662.1146899672666
1772934365.3282373,841.2227946797952
1772934365.328258,1800.4053322654484
1772934365.3282683,2167.58687940377
1772934365.3282776,1356.6797180164863
1772934365.3282871,488.90109651980924
1772934365.3282967,860.5895232482753
1772934365.3603013,2030.9323366803421
1772934365.4085295,2307.262543289844
1772934365.4085553,1158.9151722850545
1772934365.4085655,158.49867265259195
1772934365.4085743,881.2792273227208
1772934365.4085839,2502.827668949618
1772934365.4085937,2639.7194339353587
1772934365.4086027,714.5069073232661
1772934365.4968548,-717.3865316389378
1772934365.4968832,895.6807137264656
1772934365.4968925,4112.910551612809
1772934365.4969027,4115.011496296789
1772934365.4969127,-1840.2580005302655
1772934365.572302,1091.7993364890324
1772934365.5723412,907.5997880613724
1772934365.5723507,1139.8794770010102
1772934365.572358,1463.0865626927718
1772934365.5723655,1430.763955663995
1772934365.5723722,1091.4724671038198
1772934365.5723796,915.1820440245579
1772934365.6365,1145.6350084353649
1772934365.636521,1455.4570087408993
1772934365.6595552,1418.4692290740795
1772934365.6595967,1087.211056312662
1772934365.6596084,919.7979895680919
1772934365.6756124,1144.0824051616416
1772934365.7358656,1449.9692613245174
1772934365.7358873,1414.0485979657508
1772934365.735898,1091.848206032367
1772934365.7359068,931.232043177844
1772934365.7359152,1153.1830079104366
1772934365.7359238,1448.5675289458848
1772934365.735932,1407.7941735762852
1772934365.820246,1090.2853246407064
1772934365.8202672,932.872348056273
1772934365.8202784,1152.4594425211321
1772934365.8202877,1443.528950958829
1772934365.820298,1402.6330437164506
1772934365.8995383,1087.0963699215288
1772934365.8995595,932.9634776884313
1772934365.8995728,1154.6741643602072
1772934365.899583,1446.6830400945503
1772934365.899592,1405.2591041926314
1772934365.9708393,1091.2919991077756
1772934365.970874,934.8000084722061
1772934365.9708884,1154.3538859385872
1772934365.970901,1446.4302394910167
1772934366.0195432,1407.9780195421242
1772934366.071237,1091.3002540586629
1772934366.071262,931.00111441461
1772934366.0712729,1152.0372666828168
1772934366.071282,1450.8297880582027
1772934366.0712907,1413.533571749061
1772934366.071299,1087.4850276313311
1772934366.0713072,920.0266028429324
1772934366.0713155,1143.9138007638023
1772934366.0873373,1453.1325875296561
1772934366.1506045,1420.7808806445823
1772934366.1506326,1086.7748351467812
1772934366.150643,910.2925805522268
1772934366.150652,1139.280222793559
1772934366.1506605,1464.1431682110037
1772934366.150669,1437.0903271045443
1772934366.1506777,1089.5866284456042
1772934366.1506865,897.2352544207557
1772934366.1506948,1129.0101485135822
1772934366.2309265,1474.7682400794322
1772934366.2309473,1454.0575848095605
1772934366.2309563,1086.9573267963513
1772934366.2309668,874.4137226228265
1772934366.2309756,1116.6089439327186
1772934366.2309833,1490.5164626646078
1772934366.230991,1480.2649245787525
1772934366.271082,1087.8737040466333
1772934366.2711132,846.7017180208201
1772934366.2711234,1096.9370921001853
1772934366.3132648,1510.1311337735733
1772934366.3133025,1510.458787031146
1772934366.3133135,1082.3565405798201
1772934366.313323,806.1973474229351
1772934366.3133318,1076.37485076403
1772934366.3133404,1541.1166897783587
1772934366.3133495,1557.938667728407
1772934366.4025953,1936.5616360612348
1772934366.402616,2892.0217557150095
1772934366.4026225,1969.6975796488314
1772934366.4026277,138.4178203639919
1772934366.4026327,287.3325684399717
1772934366.4026375,3021.571055074414
1772934366.4026427,4069.5700306552167
1772934366.4026473,-2226.4016769992886
1772934366.4026525,-15907.222770330614
1772934366.4026573,-28838.676537773757
1772934366.4026623,-30914.322326419344
1772934366.402667,-19673.9342080191
1772934366.418694,-3268.6337594827974
1772934366.4347985,6855.509119533395
1772934366.4669268,6313.87409932317
1772934366.466951,531.3335508882409
1772934366.466961,-2253.7289356678057
1772934366.4669852,401.3918641285216
1772934366.4669933,4089.654604833252
1772934366.5151,4045.255544241489
1772934366.5151205,833.8302590758365
1772934366.5452597,-1053.902200614046
1772934366.5452847,732.6042140483897
1772934366.5452948,3624.8195757190056
1772934366.545304,3729.11432660242
1772934366.545313,947.942808260522
1772934366.5453212,-963.4180395940372
1772934366.6476204,635.6917296244312
1772934366.6476457,3692.086387572824
1772934366.6476548,4053.7356403313347
1772934366.6476629,974.1491001466725
1772934366.6476712,-1564.1501084913807
1772934366.647679,154.05626203132712
1772934366.6637092,4343.034561871515
1772934366.728974,1819.233434435068
1772934366.7289903,857.4072669035654
1772934366.7289968,1969.2760318409983
1772934366.7290025,3715.6400880748342
1772934366.7290077,935.8459041129943
1772934366.7290127,-10983.57455129454
1772934366.7290175,-30721.365373866283
1772934366.729024,-49671.442726844056
1772934366.7611012,-4019.8357869427887
1772934366.7772956,6299.453812631501
1772934366.812282,5444.250545909675
1772934366.812301,77.8639135004871
1772934366.8123071,-1556.6476140468799
1772934366.8123126,1149.141995406164
1772934366.828395,3138.121305746497
1772934366.844442,1872.5958809748938
1772934366.886616,93.69665829140331
1772934366.886639,697.6253520023482
1772934366.8866503,2338.464927127527
1772934366.886662,2038.40270306611
1772934366.8866715,216.63315908739355
1772934366.8866808,105.25078550144079
1772934366.930823,2368.562934471436
1772934366.930853,3419.9100851984063
1772934366.930865,806.4960958912282
1772934366.9669669,-2065.767558298187
1772934366.966987,115.54399962489214
1772934366.9670107,6006.624647975163
1772934366.967019,6615.369942857761
1772934366.9670272,-4488.14507333121
1772934367.0422456,1125.6769589680537
1772934367.042272,126.7181686355509
1772934367.0422816,478.0466038186951
1772934367.0422897,1592.6137568327215
1772934367.042298,1778.9152485638297
1772934367.0423062,783.8861673998614
1772934367.0423162,135.7173330267427
1772934367.0824437,826.6825348949914
1772934367.0824635,1802.895600576985
1772934367.0824773,1556.0574670975077
1772934367.121632,429.50057890072463
1772934367.1216724,145.07582957674964
1772934367.1216838,1211.8647144925046
1772934367.153722,2045.9541655303126
1772934367.2049308,1289.6346219040763
1772934367.204959,-23.455940626606694
1772934367.2049687,154.56021575001404
1772934367.2049775,1754.0035288235572
1772934367.2049863,2406.5851594931446
1772934367.204995,875.1311884561488
1772934367.2050033,-768.5678575337705
1772934367.2942908,-506.5141502792451
1772934367.2943103,27.87209841790679
1772934367.2943206,1821.5298670082298
1772934367.29433,2266.7693211965275
1772934367.2943387,475.83059212933387
1772934367.2943468,-1124.9275341836512
1772934367.294355,100.1332833786183
1772934367.294363,2999.8632523943343
1772934367.2943711,3277.429346823062
1772934367.2943792,-1397.869862020656
1772934367.294387,-7951.588617336711
1772934367.2943957,-10666.55825159487
1772934367.310454,-7211.680137365429
1772934367.36057,-984.2241525327222
1772934367.3605988,2764.7564383723206
1772934367.3606102,2294.739699357065
1772934367.3606193,217.86157008556404
1772934367.3606296,-350.6817177560983
1772934367.3606389,790.2770505290441
1772934367.3606472,1659.6466066259077
1772934367.3606553,1159.2644926033158
1772934367.392719,267.0773477954186
1772934367.4499516,297.2863380267993
1772934367.4499664,1057.9643908012997
1772934367.449973,1367.8474570606793
1772934367.4499784,836.3344034440289
1772934367.4499836,314.3998452461003
1772934367.4499884,555.1360196468148
1772934367.449993,1151.613375964287
1772934367.5029695,4680.141344926153
1772934367.502989,3366.0401879147057
1772934367.5029995,-1519.4721238102345
1772934367.5030086,-3302.2819306312713
1772934367.5030177,2006.752704396901
1772934367.548334,8700.870254036512
1772934367.548355,5490.339514574147
1772934367.5483658,-12008.514078205126
1772934367.5483747,-34024.148701728154
1772934367.5483835,-43942.78098248413
1772934367.5483916,-33779.173366571966
1772934367.6166377,-6759.414606079949
1772934367.6166613,-995.835548477608
1772934367.6166713,-13536.318279718875
1772934367.6166835,-27297.906042585
1772934367.6166945,-25017.96249811414
1772934367.6167033,-7702.837164168251
1772934367.6167128,8252.991042870335
1772934367.6167219,10138.442755948941
1772934367.61673,1525.0753831661666
1772934367.616738,-4583.848933327038
1772934367.697938,-1638.1882496987387
1772934367.6979585,4739.469202993017
1772934367.697965,5970.900766447873
1772934367.6979706,1427.8599760589502
1772934367.6979764,-2187.1590736961807
1772934367.697981,-377.93544984897085
1772934367.6979866,3784.089827289624
1772934367.6979916,4596.810175452489
1772934367.6979969,1390.3337008906717
1772934367.6980016,-1189.2949759747203
1772934367.7140274,192.27917870329182
1772934367.7301,3328.2186431641794
1772934367.7802634,3900.299351045743
1772934367.780293,1365.8095494032452
1772934367.7803004,-641.4628089899688
1772934367.7803068,521.4777222006105
1772934367.780312,3063.9171989173583
1772934367.7803175,3475.0442485871718
1772934367.7803233,1341.9590076384652
1772934367.7803285,-300.4951706588862
1772934367.7803333,735.1297717230991
1772934367.819454,2894.477135604485
1772934367.8194776,3191.876837556347
1772934367.8194857,1321.7591487343022
1772934367.8616292,-70.27544843776525
1772934367.861656,884.7205240876917
1772934367.8616676,2777.626306757426
1772934367.8616762,2988.685451973662
1772934367.8616843,1302.1806664266965
1772934367.8616927,98.12536714452598
1772934367.928912,1001.5762133831358
1772934367.9289365,2699.163257511274
1772934367.9289463,2839.0325114132643
1772934367.9289556,1283.5201748698032
1772934367.928964,221.04289154590037
1772934367.928972,1093.7588003440712
1772934367.944967,2645.5198556442983
1772934367.9610431,2725.637380481893
1772934367.9851599,1267.459933025091
1772934367.9851806,317.6908420460858
1772934368.0273037,1173.1067267531535
1772934368.0273309,2611.5608209054885
1772934368.027341,2639.2360008699975
1772934368.0273497,1250.1709495162195
1772934368.0273583,390.6578601056733
1772934368.0273666,1235.3960531968253
1772934368.0273752,2583.5936640519362
1772934368.0665147,2563.9264930270156
1772934368.0665412,1225.4041389413742
1772934368.066552,441.0418572942121
1772934368.0886037,1285.7326163186226
1772934368.0886261,2565.824123175405
1772934368.0886333,2501.7227386977725
1772934368.088639,1199.6121084281133
1772934368.1046436,478.73685319841843
1772934368.136788,1331.4563747938555
1772934368.1830015,2557.5763658391106
1772934368.183029,2449.1378651551317
1772934368.1830385,1169.653480668063
1772934368.1830463,505.8181060477095
1772934368.1830547,1375.4671269450241
1772934368.1830623,2559.148881205371
1772934368.183071,2408.401980244207
1772934368.183078,1139.6709627198688
1772934368.2151136,525.6657145812568
1772934368.2522852,1419.5583231662545
1772934368.252306,2575.068875300566
1772934368.2523124,2382.7124729221136
1772934368.2523184,1112.6724729852153
1772934368.2523236,536.2789738806896
1772934368.2764163,1462.412831376771
1772934368.2764654,2596.1528952877075
1772934368.2764733,2356.200241541602
1772934368.3084998,1071.618531799279
1772934368.3085277,532.021705904657
1772934368.3386548,1494.760590339453
1772934368.3386931,2621.381513733126
1772934368.3387003,2336.5446021261355
1772934368.3387065,1029.0708340799288
1772934368.3616805,523.2550426281756
1772934368.3616993,1535.0657525521722
1772934368.440014,2664.4851000983435
1772934368.4400396,2326.8686487696427
1772934368.440056,979.50943718092
1772934368.440066,501.43638774984424
1772934368.4400747,1577.4235623378995
1772934368.440083,2719.077312028543
1772934368.4400914,2320.707296465665
1772934368.4400997,913.505617249853
1772934368.4812882,464.1528427020642
1772934368.4813075,1621.0330729690274
1772934368.4813168,2790.289711164741
1772934368.5203428,2320.476376844234
1772934368.5203602,833.0987507592896
1772934368.5203676,402.83948202569036
1772934368.520373,1668.7215138285128
1772934368.5203793,2890.6541323748193
1772934368.5203848,2337.126598838185
1772934368.5524976,734.1654465094248
1772934368.5525188,319.5991310986746
1772934368.568566,1728.544639610918
1772934368.6046884,3026.941030477493
1772934368.6047173,2360.870594860552
1772934368.6047275,592.4304897650336
1772934368.604736,196.70306135411514
1772934368.6047444,1810.6884455255474
1772934368.6368728,3230.181072201947
1772934368.683025,2402.942012938761
1772934368.6830454,376.71310559286087
1772934368.6830533,1.0381554226283334
1772934368.6830592,1943.007805376837
1772934368.6830645,3562.098154072294
1772934368.6830716,2462.1184878801864
1772934368.683077,-4.289572780124377
1772934368.7312877,-336.18250368839364
1772934368.7313132,2209.90729982741
1772934368.7684188,4190.910453895711
1772934368.768441,2504.300188059348
1772934368.7684517,-873.3860118875698
1772934368.7684617,-910.8814584414251
1772934368.80054,3314.9413041127486
1772934368.8386853,2115.39037480065
1772934368.8387032,1597.5248675895957
1772934368.838709,503.6572428189736
1772934368.8387144,350.32072942656373
1772934368.8387196,1390.8839929893343
1772934368.838725,2210.5583121978566
1772934368.8708212,1643.899628356348
1772934368.9119859,-5841.247240249826
1772934368.9120193,-21540.394836313233
1772934368.9120293,-27637.90026295171
1772934368.912038,-19426.734963936527
1772934368.912047,-4540.265891691547
1772934368.9120553,5363.820729766043
1772934368.9120634,5757.040256452792
1772934368.968311,1424.9473478861717
1772934368.9683633,-875.7635749997478
1772934368.9683735,454.0793758626245
1772934369.0154157,2349.3702571306712
1772934369.0154333,8084.852347835671
1772934369.0154393,6489.584313599439
1772934369.015446,-5065.89543972223
1772934369.015452,-20229.89937181139
1772934369.0154574,-27666.73113975691
1772934369.0154626,-20849.9303661461
1772934369.0154676,-4806.581865169844
1772934369.0817008,7735.677349371689
1772934369.0817273,8189.618838222456
1772934369.0817375,242.96531457241602
1772934369.0817463,-4619.472560329672
1772934369.0817547,60.77982173450757
1772934369.081764,8315.373100141664
1772934369.0817723,8163.008035951538
1772934369.081781,-4851.132494796825
1772934369.1138153,-21778.253809151258
1772934369.1670716,886.9730245430119
1772934369.167104,2051.909990383407
1772934369.1671147,2236.0805618965646
1772934369.167124,1418.3297268197048
1772934369.1671326,864.50415778781
1772934369.167141,1243.0268515816615
1772934369.1671493,1871.511281703238
1772934369.167158,1866.5620059862615
1772934369.1671662,1354.398744916187
1772934369.1671753,1124.3352176882604
1772934369.1671836,1443.2959615629254
1772934369.2533853,1771.7071551089227
1772934369.2534144,1643.9424870515563
1772934369.253426,1311.8993235348812
1772934369.253435,1290.3616571655639
1772934369.2534456,1574.8996930353721
1772934369.2534547,1702.9353332378241
1772934369.2534633,1486.988289835842
1772934369.2534711,1280.0343463401812
1772934369.2534792,1406.9883290087744
1772934369.338754,1666.6690960166336
1772934369.338784,1644.6462512622948
1772934369.338797,1368.7545161705946
1772934369.3388064,1267.1017157812166
1772934369.3388157,1511.0832970487502
1772934369.3388243,1737.5312694851461
1772934369.3388324,1589.9808610418131
1772934369.338841,1272.1219409873888
1772934369.3388498,1263.1421136892177
1772934369.3709137,1597.5528708190493
1772934369.4210916,1784.123059371959
1772934369.4211268,1529.9082427560693
1772934369.421138,1195.0199371070448
1772934369.421147,1280.7600840025302
1772934369.4211564,1680.8977939174374
1772934369.421165,1812.4912743943394
1772934369.4211736,1469.6012168164195
1772934369.4211822,1146.6725608859138
1772934369.4211907,1323.6872033932711
1772934369.453298,1745.7241053815712
1772934369.4533193,1790.6377794851865
1772934369.502433,1387.5469895628828
1772934369.5024617,1138.5262727348916
1772934369.5024688,1411.3573182641264
1772934369.50248,1777.204796963203
1772934369.5024884,1673.2435330225449
1772934369.5024943,1293.6357072712221
1772934369.5025008,1281.8895366807046
1772934369.5025058,1643.601791333437
1772934369.5025108,1667.7014197115661
1772934369.518517,1188.1908825330695
1772934369.5345926,1173.9040859839636
1772934369.5687866,74.28585551325604
1772934369.568817,806.2600852947261
1772934369.5688276,2437.6671309854296
1772934369.5688367,2644.760416977517
1772934369.5688453,1006.1574761427643
1772934369.568854,-225.32624187148457
1772934369.584777,797.6955843333014
1772934369.6309686,2767.1954171564767
1772934369.6309888,2868.2851088732136
1772934369.6309988,774.3517102743092
1772934369.667115,-633.7942417456526
1772934369.6671364,798.4744989432253
1772934369.6671462,3249.291405432493
1772934369.6671548,3188.6488771939485
1772934369.6671646,415.24375983886165
1772934369.699314,-1259.0536968022454
1772934369.7333953,817.3525067712471
1772934369.733424,4032.656966171032
1772934369.733436,3699.732728287282
1772934369.7334468,-227.83292208472128
1772934369.7334552,-2363.403659389075
1772934369.7334657,895.6899197118212
1772934369.7494583,5583.188143368609
1772934369.7815883,4697.589982191918
1772934369.7976482,-1753.5363479677626
1772934369.8337884,-4995.729017187443
1772934369.8338144,1385.64225358024
1772934369.8338246,10590.879463706646
1772934369.8338337,7581.162643812133
1772934369.8338423,-13099.806964018095
1772934369.915135,801.1675582295796
1772934369.9151604,563.9109421717394
1772934369.9151702,353.1972131874943
1772934369.915179,462.7896962589701
1772934369.9151871,737.1466868094213
1772934369.9151952,791.9537157415273
1772934369.915203,552.1166721168812
1772934369.9152107,354.57818663886513
1772934369.9152184,475.4229641076783
1772934369.915226,744.7156303639528
1772934369.915234,786.0370693145775
1772934369.9152417,542.8969854737376
1772934369.9152496,355.75714480723775
1772934369.9312148,487.02218592048797
1772934369.981434,752.0125838858522
1772934369.9814615,778.9890631576395
1772934369.9814715,532.3875379638503
1772934369.9814837,357.4540347763556
1772934369.9814944,498.16124375500823
1772934369.9815035,756.5618053615838
1772934369.9815164,770.8551115463085
1772934369.9815257,521.7756185578536
1772934369.981534,358.671689787297
1772934370.013536,509.80437201879374
1772934370.0517397,765.0117463934718
1772934370.051764,765.3450379276412
1772934370.0517707,510.8459254176931
1772934370.051777,356.8763572678277
1772934370.0517828,517.5569960497767
1772934370.0677896,769.7467037698011
1772934370.0838253,757.4715118274962
1772934370.0998976,498.50403285332084
1772934370.1501176,357.6527105639586
1772934370.1501372,530.2675766584238
1772934370.1501462,775.9123308757523
1772934370.1501548,749.5219363467542
1772934370.1501627,486.4672661398142
1772934370.1501708,354.0158499636373
1772934370.1501784,537.102768916316
1772934370.166181,-10545.227062665961
1772934370.2123654,-7750.818794953896
1772934370.2123935,-1968.4664756533305
1772934370.2124033,2324.6817661897635
1772934370.212411,2771.2609744917545
1772934370.2124188,791.1111455250048
1772934370.2124264,-611.8220077121882
1772934370.2124364,-89.26794197026268
1772934370.2124465,1214.7984525583674
1772934370.2354963,1586.5185035492732
1772934370.2355173,797.6376841729747
1772934370.2515428,36.55568492377084
1772934370.2786393,218.1115057116463
1772934370.2786596,959.3411983071361
1772934370.2786696,1258.1797770645535
1772934370.3107677,808.1175614256277
1772934370.3107932,274.4199674060382
1772934370.3108032,335.002631972054
1772934370.3108125,842.6772539593783
1772934370.3108213,1107.7492492865688
1772934370.3499627,817.9615514560696
1772934370.3499863,396.55413987161967
1772934370.3499932,389.5958256008914
1772934370.3881552,768.824336291414
1772934370.3881967,1019.0889108206567
1772934370.3882103,828.8320213656642
1772934370.3882232,473.8399628480687
1772934370.3882337,422.95569975025205
1772934370.3882427,724.3518277090386
1772934370.4202895,969.2452555406963
1772934370.4734716,842.8152043127424
1772934370.473487,524.4752929362224
1772934370.473493,438.5749142421726
1772934370.4734988,689.7474874491759
1772934370.4735036,938.1675960906572
1772934370.4735093,856.764692945403
1772934370.4735155,560.0253271727844
1772934370.473522,444.5831192400379
1772934370.4735267,661.3271936889458
1772934370.5538075,919.7006200116342
1772934370.553835,873.4951752716836
1772934370.5538428,585.4437270697407
1772934370.5538485,441.27060725502093
1772934370.553854,635.3913293480749
1772934370.585918,909.0559399712116
1772934370.617051,893.362657102854
1772934370.6170776,607.4692814230146
1772934370.6170876,434.22355844749916
1772934370.6170964,610.7716501632037
1772934370.6171048,903.2453033464808
1772934370.617113,914.797221676352
1772934370.6421547,625.6953431740812
1772934370.6421695,421.87981087424816
1772934370.642176,587.2031666752154
1772934370.7174666,905.7299335538547
1772934370.717486,944.1743493104088
1772934370.7174933,640.1314016351486
1772934370.7174993,401.3181699000569
1772934370.7175052,560.5722311121722
1772934370.7175107,913.168450393301
1772934370.717517,978.1566521300556
1772934370.7175224,652.8941368449122
1772934370.717528,372.20487916202853
1772934370.7998145,528.6792379196766
1772934370.7998528,925.3115148664324
1772934370.799867,1020.964258707295
1772934370.7998805,665.8367402486494
1772934370.7998924,332.03402908180766
1772934370.7999065,488.87739731355765
1772934370.7999191,946.6808612014884
1772934370.7999308,1082.6905216121609
1772934370.7999425,685.9864110767141
1772934370.799954,278.7800858752366
1772934370.8851488,433.6989986531685
1772934370.8851707,969.131122726447
1772934370.8851988,1157.995870204239
1772934370.8852067,706.6242082336827
1772934370.885213,202.10089405387524
1772934370.885219,354.1005516832167
1772934370.8852248,1003.9205275088361
1772934370.8852308,1274.421329332047
1772934370.8852367,745.4952087892419
1772934370.9333453,86.9448544179803
1772934370.9333646,225.6597799378375
1772934370.933374,1047.7067576946363
1772934370.9333825,1455.4303718176284
1772934370.9574895,812.9600064169732
1772934370.9575129,-93.5640513569343
1772934370.9575276,5.889837928285503
1772934370.9734757,1117.8893918792671
1772934371.0217273,1793.3822738943063
1772934371.0217483,975.6632259369209
1772934371.057864,-424.4447048679175
1772934371.0578887,-466.11583746017027
1772934371.057901,1218.0730280538164
1772934371.0579112,2553.0217517405217
1772934371.0739372,1431.4948079968758
1772934371.090068,-1231.6461770968488
1772934371.1061263,-1893.5497358206085
1772934371.137159,1382.0509411121673
1772934371.1371796,5431.451167141393
1772934371.1371868,3943.6229535446514
1772934371.1371932,-6080.707952080154
1772934371.2165391,1975.3173778104872
1772934371.2165573,1663.5149261485954
1772934371.2165635,-602.136908490438
1772934371.2165687,-1734.5609308522876
1772934371.2165737,188.81394635763328
1772934371.2165785,2850.291240225139
1772934371.216596,2315.603492754619
1772934371.216601,-1411.844087523591
1772934371.2166057,-3397.056045211454
1772934371.2166104,193.006024213758
1772934371.2788203,211.5521016210059
1772934371.2788596,90.4168427184194
1772934371.2788675,-2.440269882979531
1772934371.2788787,63.53086425433874
1772934371.2788932,195.43904765968412
1772934371.278902,208.03960833798791
1772934371.3018613,84.23275345126432
1772934371.3018808,-1.1398139366636066
1772934371.3179646,73.33447244803511
1772934371.3340168,203.391996680361
1772934371.3651667,206.43265344878006
1772934371.3651953,79.03633548318429
1772934371.3652048,-0.07312733237178805
1772934371.381219,80.42111738413334
1772934371.3812408,207.45249416620985
1772934371.4203284,203.92798080426758
1772934371.420344,72.76121844640522
1772934371.4605515,-0.4924164773235711
1772934371.4605799,85.63363294876815
1772934371.46059,209.89167469976843
1772934371.460599,196.85925059860438
1772934371.4606075,64.22964663532615
1772934371.460616,-1.4810798036215789
1772934371.4606245,93.14070858734631
1772934371.5479124,211.95444378315983
1772934371.5479336,190.82159756818282
1772934371.547943,56.41812243972893
1772934371.547952,-2.154951608328663
1772934371.5479598,98.50917564627674
1772934371.5479674,217.89342286537902
1772934371.5479753,188.21511095213324
1772934371.5479832,50.65375589591824
1772934371.5479913,-1.412299842330004
1772934371.5479991,106.06752093761415
1772934371.6332924,222.440049900561
1772934371.6333184,183.26797301401245
1772934371.6333287,43.08533403210994
1772934371.6333368,-0.9803203986510635
1772934371.633345,114.3050006677676
1772934371.633355,227.8057850635457
1772934371.6333644,179.33574928403007
1772934371.633372,35.71736267332733
1772934371.6333816,-1.3792595256456188
1772934371.63339,121.18247267827613
1772934371.6333976,231.45745274862912
1772934371.6334052,172.89974095052597
1772934371.6493125,25.79860438110202
1772934371.7115877,-3.3073199883162125
1772934371.711609,127.8309429358613
1772934371.7116199,236.01445522466227
1772934371.711629,168.74060989052973
1772934371.7116375,20.08780929120828
1772934371.7116463,0.7240092030491578
1772934371.7116547,141.26566702199005
1772934371.7116632,246.14603768412988
1772934371.7116716,166.74486551653771
1772934371.71168,12.18758992585243
1772934371.7638164,2.28212183400094
1772934371.763842,151.86701299986387
1772934371.763852,252.678259785549
1772934371.7638605,160.94360831622396
1772934371.763868,2.7425894243482616
1772934371.7638764,0.18392215476238424
1772934371.7930045,160.01590976772437
1772934371.7930417,257.357317045651
1772934371.7930532,153.65015329736144
1772934371.876351,-6.345669485851075
1772934371.8763723,3.1972542103327632
1772934371.8763864,173.25064363540605
1772934371.8764007,265.55548228968155
1772934371.8764102,146.55443838782497
1772934371.8764246,-20.368160503928287
1772934371.8764355,0.10735557647123017
1772934371.8764448,182.8321192145654
1772934371.8764527,271.773254256353
1772934371.8764613,138.13200754910807
1772934371.876469,-33.64598921302986
1772934371.8764768,-0.35111675051136365
1772934371.9164147,197.29999363210226
1772934371.9164295,281.8398775033381
1772934371.9164355,130.58634571171228
1772934371.9605772,-47.70915055935638
1772934371.9605918,-0.557991464546556
1772934371.9605978,210.29472872577858
1772934371.9606032,287.84418239805996
1772934371.9606082,116.93947050788078
1772934371.9606133,-65.3364314863423
1772934371.9767199,3.152396066240058
1772934371.9998157,235.32246139614466
1772934371.9998407,306.2891025906848
1772934371.9998517,108.66555619429958
1772934372.0449493,-85.1917164731326
1772934372.0449777,1.3529288633054513
1772934372.0449872,254.65879442026088
1772934372.044996,317.82862807792674
1772934372.0450037,91.84524027695679
1772934372.045012,-111.86799264080244
1772934372.1153476,0.26080534877895856
1772934372.1153712,280.52456463476597
1772934372.1153803,334.16099074392105
1772934372.1153913,72.62600883575342
1772934372.1154006,-143.69945636280522
1772934372.1154084,-1.3256933888250442
1772934372.115416,312.84237728401706
1772934372.1154237,354.1687849922038
1772934372.1154313,47.250303579768776
1772934372.2086103,-184.05524631516994
1772934372.2086353,-0.43034673272486273
1772934372.2086446,359.16329220220484
1772934372.2086527,384.14761089133367
1772934372.2086613,14.31949778109204
1772934372.2086692,-241.5173530286687
1772934372.2086766,-2.8383160035348047
1772934372.2086844,420.1016524915544
1772934372.2086923,423.6305397805434
1772934372.2087004,-33.50356732616039
1772934372.2829611,-325.7519492541718
1772934372.282982,-3.2714662532068686
1772934372.282992,520.3210887384067
1772934372.2830007,495.21856783570496
1772934372.2830088,-101.86464692473119
1772934372.2830167,-452.8183021876537
1772934372.2830386,-4.977506509272338
1772934372.2830465,678.8281388139327
1772934372.283054,605.0706572077954
1772934372.3401637,-234.71331563749797
1772934372.3401823,-696.499304432521
1772934372.34019,0.026210360193687395
1772934372.3683228,1027.3973280993855
1772934372.368348,866.6860364640186
1772934372.4506464,1.3728408501237068
1772934372.450676,1.171819127656032
1772934372.450687,0.9002594892501287
1772934372.4506938,0.9440922165668847
1772934372.450699,1.2422842744666778
1772934372.4507048,1.3847662294523129
1772934372.4507103,1.1597190299713571
1772934372.4507165,0.8345554864276049
1772934372.4507215,0.8292748975552395
1772934372.450728,1.2020177947721142
1772934372.5349844,0.8164492194203983
1772934372.535008,1.2730269093771232
1772934372.5350175,1.4662965115471385
1772934372.5350263,1.2146022275614912
1772934372.5350344,0.7059980586566368
1772934372.5350425,0.3440904049524668
1772934372.5350504,0.41468466049960084
1772934372.5350585,0.8338244420890637
1772934372.5350661,1.1894364120985033
1772934372.5350738,1.0688464026619586
1772934372.6183367,-2.2410920504505074
1772934372.6183667,-3.0847518156159395
1772934372.6183765,-2.236106131365441
1772934372.6183848,-0.8820215554255035
1772934372.618393,-0.3810009166552418
1772934372.618404,-0.897565975193521
1772934372.618414,-1.5951301776251026
1772934372.6184216,-1.8889656896428004
1772934372.6184316,-2.060562422162402
1772934372.61844,-2.5670119313166735
1772934372.6184473,-3.155625287455835
1772934372.691616,-0.18695175069920045
1772934372.6916387,0.7205048033698388
1772934372.6916451,0.887233402365974
1772934372.691651,0.40363230221835034
1772934372.6916564,-0.23990545498772237
1772934372.6916616,-0.6713771868892857
1772934372.6916666,-0.9548958157022387
1772934372.6916716,-1.3123169958094123
1772934372.6916764,-1.6461962603598599
1772934372.6916811,-1.5614533573268476
1772934372.691686,-0.9089878778198813
1772934372.77802,-0.13368177028845993
1772934372.77804,1.2874209354513884
1772934372.7780495,2.1246769578963614
1772934372.778058,1.9777345678890077
1772934372.778066,1.1850538241909
1772934372.7780793,0.42714696399619073
1772934372.7780871,0.111259954361621
1772934372.7780952,0.11685060655410018
1772934372.7781029,0.001039537601710549
1772934372.7781105,-0.6228220429048502
1772934372.7781184,-1.7802865874491376
1772934372.778126,-2.9987223838254002
1772934372.7781363,-3.4587982411137945
1772934372.819165,-3.947762304109029
1772934372.8191805,-2.9075037598242215
1772934372.8191893,-1.7715732718526278
1772934372.8352358,-1.3111872141600038
1772934372.851332,-1.4092739990545984
1772934372.8513598,-1.1598026283330636
1772934372.9306307,1.2776919170098968
1772934372.9306624,3.4707441600398137
1772934372.9306717,4.47525095810722
1772934372.9306796,3.6947397209358996
1772934372.9306877,2.055689501218218
1772934372.930696,1.1388705401483183
1772934372.962766,0.8064596193860082
1772934373.014998,-1.8578436965064955
1772934373.01502,-1.6706238767221206
1772934373.0150301,-0.19525977540589384
1772934373.0150392,1.4375207243310355
1772934373.0150485,1.8612380571191491
1772934373.0150568,0.9115970824485919
1772934373.0150657,-0.00740914555178938
1772934373.0150743,0.7021839859637595
1772934373.0973334,-0.5315091770860626
1772934373.0973525,0.9901814615448451
1772934373.0973587,2.4984335332953855
1772934373.0973637,3.271373871753361
1772934373.0973687,3.2164289547055644
1772934373.0973737,2.5270900931016764
1772934373.0973787,1.4246176458020259
1772934373.129444,0.3245201169353884
1772934373.1294713,-0.09610809276707426
1772934373.1595457,-0.7385283234991061
1772934373.1595693,0.13765619992234884
1772934373.1595757,0.8612066275513934
1772934373.1756613,0.39828851280878874
1772934373.2188115,-0.7617074498926675
1772934373.2188325,-2.008470857302727
1772934373.2188418,-2.460173291494124
1772934373.252934,0.6954912344401554
1772934373.2529557,0.7578899184049345
1772934373.2529619,-0.3325897433588077
1772934373.2529671,-1.3143523312136258
1772934373.2529724,-1.2499121628053553
1772934373.2529776,-0.5469411893931052
1772934373.2851002,-1.18671950080032
1772934373.334356,-1.9275666679065115
1772934373.3343787,-1.686608425009783
1772934373.3343883,-0.5989222034194982
1772934373.3343961,0.30403444217897996
1772934373.334404,0.05712519460086071
1772934373.334412,-0.8835453755816657
1772934373.3344204,-1.021779222693532
1772934373.366439,0.4035749151364156
1772934373.4246297,0.5304277786965399
1772934373.4246564,-0.5441360822620023
1772934373.424667,-2.820094294975937
1772934373.424676,-4.659802190442777
1772934373.4246843,-4.938779907362717
1772934373.424695,-4.0855398725339285
1772934373.4247055,-3.2287040935972136
1772934373.424714,-2.7621287770694254
1772934373.4247243,-2.221747679762648
1772934373.4247336,-1.4168252687890759
1772934373.424742,-1.020802480852129
1772934373.4568284,-3.0217236009709083
1772934373.45687,-3.8112490136994084
1772934373.5059955,-2.833216044442911
1772934373.5060205,-3.0515571229576177
1772934373.5060267,-3.3551176570599863
1772934373.5060327,-3.4163553801642768
1772934373.506038,-2.8465902823192883
1772934373.5060427,-1.6356027463623213
1772934373.5060475,-0.3369323149132742
1772934373.5060527,0.35611884543302064
1772934373.5060575,0.2849828656340368
1772934373.5451448,-4.253802312222395
1772934373.545166,-6.730529321005493
1772934373.5451727,-6.347644538060909
1772934373.545178,-3.3600608003042414
1772934373.5783448,-3.925491574243107
1772934373.57837,-4.330474405516445
1772934373.5783796,-4.545982096568708
1772934373.5783885,-3.5784273796435278
1772934373.5783963,-1.8431239586419328
1772934373.672685,0.17855966986429955
1772934373.672708,0.8578932665777181
1772934373.6727188,0.3246471203049073
1772934373.6727297,-0.4455200185528248
1772934373.6727405,-0.7266582624625071
1772934373.6727488,-0.4415587986973665
1772934373.6727595,0.25160592052185077
1772934373.6727688,1.24357666572089
1772934373.6727767,2.222017271549959
1772934373.6727848,2.5487032107593843
1772934373.6727931,1.8156627063262258
1772934373.6728017,0.4771995678764102
1772934373.701805,-1.6081507711746938
1772934373.7018278,-1.5763281183614017
1772934373.7018375,-0.351429716301423
1772934373.735934,0.4072144876896199
1772934373.7359543,-0.28405983609136887
1772934373.7359607,-1.703388325850665
1772934373.735966,-2.396379479510487
1772934373.7359717,-1.857157615778905
1772934373.7359765,-0.8926450924476629
1772934373.7520008,-0.26497560076222054
1772934373.8383644,1.0192504533562665
1772934373.83839,1.027854488724754
1772934373.8383996,0.6017512306267849
1772934373.8384075,-0.1763847771036269
1772934373.8384151,-1.0397847130600317
1772934373.8384228,-1.5171569179781046
1772934373.838431,-1.4540099274551017
1772934373.8384385,-1.350356907602412
1772934373.8384461,-1.8011808969224181
1772934373.838454,-2.5754591687690205
1772934373.8384633,-2.6157043213954383
1772934373.8544247,-1.2196176076109082
1772934373.885606,-1.4061421654041217
1772934373.8856878,-0.2337067237366823
1772934373.8856988,0.6086498680044183
1772934373.8857071,1.2615484097709466
1772934373.9216747,-0.3915123678421013
1772934373.9216945,-1.914813508628225
1772934373.9217012,-3.1088505829639304
1772934373.921707,-3.2119017274536774
1772934373.9217129,-1.9463015681936184
1772934373.937776,0.12521160388346594
1772934373.9960315,-0.37702223567604576
1772934373.9960577,0.3050557847898422
1772934373.9960675,0.5921977803932431
1772934373.9960756,0.2630146850882436
1772934373.9960835,-0.6395655936971205
1772934373.9960914,-1.7845670341514934
1772934373.996099,-2.692785786328569
1772934373.9961064,-2.9041994450646667
1772934373.9961135,-2.157979842043917
1772934373.9961212,-0.6056867759328706
1772934374.0281382,-0.16074860179907421
1772934374.0813735,0.4180726221454511
1772934374.0814023,1.0502679250645803
1772934374.0814092,1.4589367879677035
1772934374.0814157,1.6347523787039404
1772934374.0814211,1.4362148166810875
1772934374.081427,0.7656440192629163
1772934374.0814347,-0.16289737332891502
1772934374.0814433,-0.8675896481864129
1772934374.0814488,-1.019791255828098
1772934374.113501,-0.15199280837507764
1772934374.1617346,-0.9739544897247353
1772934374.1617682,-0.7214216420131038
1772934374.1617792,-0.15640928875277177
1772934374.161788,0.6871586300473946
1772934374.161796,1.6912721064431244
1772934374.161804,2.6351362335987716
1772934374.1618118,3.258040187074744
1772934374.2480671,-1.3310813243889517
1772934374.2480826,-3.6120688273875974
1772934374.2480886,-4.735357381169358
1772934374.2480938,-4.669909085672827
1772934374.2480993,-3.9501327096699854
1772934374.248104,-3.084286744613361
1772934374.248109,-2.2834974954754346
1772934374.2481136,-1.6011096434456515
1772934374.2481184,-1.119531404709388
1772934374.2481236,-0.9201986511391964
1772934374.248129,-0.948327478235255
1772934374.2481337,-1.005501947705457
1772934374.3414352,1160.406072927782
1772934374.3414624,884.6515179371062
1772934374.3414736,978.688362175738
1772934374.3414824,2059.3019627623166
1772934374.3414907,2436.1381672555367
1772934374.341499,-1740.4479985647497
1772934374.3415098,-12662.121986555187
1772934374.3415196,-26940.02543665788
1772934374.3415282,-36802.97967785524
1772934374.3415384,-36712.84787585457
1772934374.3415477,-29014.784886685913
1772934374.341556,-22041.843344618515
1772934374.341564,-21821.76732741591
1772934374.341572,-25939.18154720534
1772934374.34158,-26324.51191159179
1772934374.3415883,-18122.910066417695
1772934374.3645575,-5056.159376252068
1772934374.3645768,4399.372600123064
1772934374.364586,5540.016924350845
1772934374.412734,1375.247083461742
1772934374.4127545,-1642.9465207522037
1772934374.412764,-553.1423493285671
1772934374.412773,2190.527175030642
1772934374.4127817,2903.0709482722878
1772934374.41279,1187.882333426333
1772934374.4127984,-330.80004136343933
1772934374.412807,210.1252446051644
1772934374.4830627,1763.7796737357348
1772934374.4830887,2184.487115247355
1772934374.4830985,1101.7907114488044
1772934374.4831066,130.31400113244447
1772934374.4831147,520.9296706717668
1772934374.4831223,1592.8132536797978
1772934374.4831436,1856.5538494486445
1772934374.4831512,1053.9749168989774
1772934374.4831617,360.94057082751414
1772934374.4831717,687.5884704529733
1772934374.5151913,1502.4067624244583
1772934374.556352,1672.986333025002
1772934374.5563743,1027.8108921445782
1772934374.5563807,501.96665544221736
1772934374.556386,792.3117769625345
1772934374.5563912,1443.2695607991661
1772934374.5563965,1548.2877431669892
1772934374.556402,1004.10985505658
1772934374.65675,592.1807553288364
1772934374.6567674,863.596997193855
1772934374.656773,1406.4730123999846
1772934374.6567812,1466.3459542584555
1772934374.6567872,990.643104101316
1772934374.6567924,658.1981653066979
1772934374.6567972,913.7505292629586
1772934374.656802,1375.6234469708527
1772934374.7361047,3922.581495582576
1772934374.736127,3103.1861779271467
1772934374.736137,-638.2270579582238
1772934374.7361455,-2350.2901259010087
1772934374.736154,1355.4099609673754
1772934374.736162,6798.062419845043
1772934374.7361703,5802.418244832999
1772934374.7361784,-5245.976796296355
1772934374.7361865,-19848.24632564315
1772934374.7521622,-26445.52108062613
1772934374.7682445,-19521.365911602483
1772934374.7843802,-5034.313764540094
1772934374.8234663,5607.516480342053
1772934374.8235092,6452.15886711371
1772934374.8235228,1320.9341813918322
1772934374.823532,-2026.509871592885
1772934374.8235383,-396.87866632833294
1772934374.8235435,2922.04836763685
1772934374.8235495,3546.7819675074347
1772934374.8395278,1310.0330250989814
1772934374.8867779,7081.412747126607
1772934374.8868225,2601.7611025402703
1772934374.8868296,-12713.491091008675
1772934374.8868363,-30146.87088443296
1772934374.8868425,-35498.873677092764
1772934374.8868482,-23287.742703895598
1772934374.886854,-3193.973603329866
1772934374.8868597,9247.96514622158
1772934375.04736,6757.143270347301
1772934375.0473888,2034.024023607751
1772934375.0473993,4243.09681438419
1772934375.0474083,8005.616681506591
1772934375.0474172,1906.8779487237684
1772934375.047426,-15351.168307310994
1772934375.0474348,-31032.264264763886
1772934375.0474436,-32135.815259044088
1772934375.0474524,-20282.744608069497
1772934375.0474608,-9785.322024584164
1772934375.0474691,-11474.451808254566
1772934375.0474777,-21555.01364489063
1772934375.0474885,-27716.36593563014
1772934375.0474987,-23833.365343511945
1772934375.0475075,-15726.005824099086
1772934375.047518,-12931.668077715303
1772934375.0475273,-18159.215793725118
1772934375.0475357,-26700.311321664267
1772934375.047544,-34062.16817469741
1772934375.0475523,-40538.98474079868
1772934375.0475605,-47493.42894538158
1772934375.0475688,-52016.84519509941
1772934375.0475771,-48348.04597218619
1772934375.0475855,-34697.00855850481
1772934375.0475943,-16609.4718410287
1772934375.0476027,-2382.581865927862
1772934375.0476108,4084.989679689592
1772934375.0476186,5080.588722934002
1772934375.047628,4735.2521471278105
1772934375.0634525,4702.485360428657
1772934375.0634773,4389.27921663724
1772934375.0955763,3664.464643531181
1772934375.1397405,3556.0768106188393
1772934375.1397583,4463.922531433449
1772934375.1397655,5221.343536826404
1772934375.1397712,4697.6043143629995
1772934375.1397767,3543.5330229695383
1772934375.1397824,3370.018022380391
1772934375.1398103,4456.216349587462
1772934375.1718864,5300.96340052992
1772934375.2351427,4717.640516496345
1772934375.235176,3513.6833457454654
1772934375.2351885,3366.669258913131
1772934375.2351985,4476.112131408834
1772934375.2352095,5290.652438196491
1772934375.2352192,4683.290923873897
1772934375.2352273,3515.2360789429044
1772934375.2352357,3414.284215569283
1772934375.2352438,4503.313233027799
1772934375.3174815,6375.763734108432
1772934375.3175044,5575.276786892513
1772934375.3175104,2919.5823036271136
1772934375.3175159,1998.6440437037907
1772934375.317521,4531.673160718808
1772934375.317526,7637.803333822824
1772934375.3175309,6730.804252779896
1772934375.317536,862.0918666626676
1772934375.317541,-5750.578927953152
1772934375.317546,-7823.789121863453
1772934375.3175504,-4120.808118681747
1772934375.380732,1087.3265572510284
1772934375.3807604,5696.68356505551
1772934375.38077,7147.317372681371
1772934375.3807783,5536.259538004882
1772934375.380787,3049.4845393129044
1772934375.3807952,2389.816744040982
1772934375.380803,4494.124995875255
1772934375.380811,7203.535548852908
1772934375.3808193,6771.4988968839325
1772934375.3808277,1646.2830335167325
1772934375.380838,-5148.791653942098
1772934375.396814,-8200.173340831363
1772934375.4640684,-4868.074960085403
1772934375.464096,-10474.093436163568
1772934375.4641075,-2600.7733076174095
1772934375.4641168,4017.7009299594824
1772934375.4641256,6266.323527969431
1772934375.464134,5273.746279499559
1772934375.4641423,4054.1366158715377
1772934375.4641504,4138.850964831133
1772934375.4641588,4826.600669429561
1772934375.4641669,4990.438971979329
1772934375.4641752,4618.77115745496
1772934375.535391,-16291.126572454948
1772934375.535416,-22994.03020684016
1772934375.535426,-15905.67194581385
1772934375.5354347,-1288.8584936638117
1772934375.5354433,9294.345437564443
1772934375.535452,10002.704342319352
1772934375.53546,4806.0872231861695
1772934375.560475,-35977.51153445219
1772934375.560494,-45840.09682528198
1772934375.560504,-42279.34816491145
1772934375.5765555,-32097.126382625156
1772934375.5925806,-21109.991688035378
1772934375.623727,-47330.48981723583
1772934375.6237507,-33060.14032248316
1772934375.6719663,-7345.802562365382
1772934375.6980321,12184.816373745078
1772934375.6980603,14612.518192417907
1772934375.6980712,5971.150098402692
1772934375.714074,289.25946652657495
1772934375.7954152,3586.4936405699555
1772934375.795443,9617.649278038756
1772934375.7954524,10186.014356334359
1772934375.7954605,5544.657386895072
1772934375.795468,2549.4841784859505
1772934375.795476,4885.052161521045
1772934375.7954838,8780.99982783714
1772934375.7954915,8889.32561897804
1772934375.795499,5479.54490228664
1772934375.7955062,3465.7981357668705
1772934375.7955139,5420.015586640439
1772934375.795522,8366.433858179073
1772934375.8276088,8250.640586369738
1772934375.8276343,5458.204078885572
1772934375.8837745,3971.186811837524
1772934375.8838084,11116.32170128555
1772934375.883818,12910.185087044103
1772934375.883826,1919.3813349772995
1772934375.8838344,-15207.5898740948
1772934375.8838425,-23253.742139255155
1772934375.9159667,-14745.797080306977
1772934375.9514503,2008.7771805147543
1772934375.9514716,12386.722346163344
1772934375.951482,10835.542222444124
1772934375.951491,4518.089620181393
1772934375.9515,2774.42425318903
1772934375.9832065,6497.498225795325
1772934375.9992735,9506.636426459494
1772934375.999298,7923.800884447786
1772934376.03744,4682.652800841455
1772934376.0374668,4465.065742546476
1772934376.037477,7181.537408518234
1772934376.0374856,8735.375574307089
1772934376.0374992,7080.579786078069
1772934376.0375075,4811.223133795835
1772934376.0375156,5149.5711259106865
1772934376.0375237,7435.063811384552
1772934376.069532,8337.283318652544
1772934376.11473,6668.610400193535
1772934376.114757,4910.5180449846475
1772934376.1147673,5538.19607234238
1772934376.1147761,7564.796297422343
1772934376.114785,8084.986835523112
1772934376.1147933,6423.780940462567
1772934376.1148014,4991.795645167809
1772934376.144916,-14818.074478080543
1772934376.144945,-19853.66662183156
1772934376.1449547,-12718.872028989235
1772934376.2021196,317.7675636051493
1772934376.202136,9838.608827357022
1772934376.202142,11377.091044907473
1772934376.2021477,7694.946143238227
1772934376.2021532,4488.174395215964
1772934376.2021585,4784.2299986949065
1772934376.2021632,7208.501083456897
1772934376.2021704,8635.673250336842
1772934376.202177,7738.1227841258105
1772934376.2583756,5946.209062203238
1772934376.258401,5425.009312231481
1772934376.2584112,6622.282455316177
1772934376.2584195,7958.296530005474
1772934376.2584276,7806.276027536853
1772934376.2584355,6415.539328715122
1772934376.2744007,5567.289903684918
1772934376.2744243,6370.325748122351
1772934376.2904289,7825.45438466346
1772934376.322656,7984.018695381978
1772934376.3647413,6444.914993827913
1772934376.3647609,5161.688909655504
1772934376.3647673,6245.334046475854
1772934376.3647728,8967.581258291095
1772934376.3647785,9402.447659509566
1772934376.3647835,3614.3653596212407
1772934376.3647892,-8387.909986113229
1772934376.4501455,5216.719427609795
1772934376.4501677,6898.790674261445
1772934376.450178,7003.135317547711
1772934376.4501867,5365.689143378878
1772934376.4501953,4237.382937849384
1772934376.4502032,5196.129634651986
1772934376.4502113,6938.7909668841085
1772934376.450219,7045.368117122064
1772934376.4502273,5336.778873826352
1772934376.4502351,4170.410023177438
1772934376.4502456,5192.564001227964
1772934376.5064433,7015.2616147874205
1772934376.5064616,7092.740152575633
1772934376.5064712,5274.018801288061
1772934376.506478,4073.457916347583
1772934376.5064833,5200.007785893209
1772934376.5385404,7127.011043549289
1772934376.538586,7154.726485853084
1772934376.5385988,5188.995011658614
1772934376.5386093,3952.4686404252334
1772934376.5705967,5222.288175723422
1772934376.5706162,7279.69351172988
1772934376.6147945,7230.7488372435155
1772934376.614819,5067.58332435162
1772934376.614828,3787.7703517204327
1772934376.6148372,5248.442542378208
1772934376.614845,7480.189954725707
1772934376.6148531,7332.020423990631
1772934376.6148612,4909.407968668649
1772934376.6579912,3569.7013939261037
1772934376.658013,5282.329711404801
1772934376.6580205,7747.919861078801
1772934376.6981552,7465.896208492989
1772934376.6981788,4690.129045481104
1772934376.6981895,3266.5842997668774
1772934376.6981993,5330.530890647314
1772934376.698208,8131.284070577461
1772934376.6982164,7670.885154757314
1772934376.7142167,4377.920327800249
1772934376.738381,2809.073791034398
1772934376.7383983,5393.641752404078
1772934376.7384048,8732.105201119846
1772934376.7764847,8015.4487738677535
1772934376.7765126,3873.894607300977
1772934376.7765217,2018.077604231564
1772934376.7765307,5477.457979858035
1772934376.7765388,9844.733772595462
1772934376.7765472,8728.443747102847
1772934376.7765548,2836.3057232252277
1772934376.7765627,144.9951316558984
1772934376.8085964,5596.886812026902
1772934376.8578165,7730.073425588295
1772934376.857848,6736.907067224647
1772934376.8578582,3786.235684210784
1772934376.8578668,3018.3841036962253
1772934376.8578753,5789.160002155114
1772934376.857884,8398.811341611912
1772934376.857892,6957.53220938573
1772934376.8579004,3086.1424802567253
1772934376.8579085,2240.962222878624
1772934376.945171,5078.6520025050995
1772934376.9452052,8815.09116239162
1772934376.9452202,7969.883427358772
1772934376.9452353,2868.803958277657
1772934376.9452488,343.1646776998863
1772934376.945262,5093.647503446706
1772934376.9452753,12135.132718443256
1772934376.94529,10949.617115027617
1772934376.945306,-2096.2168380503135
1772934376.9453225,-17777.496928036016
1772934376.9844124,5077.4809071589525
1772934376.9844482,7550.61221959836
1772934376.9844632,6814.849125027195
1772934376.9844751,3147.432857414543
1772934377.0295084,1316.5792157172903
1772934377.02954,4877.3888104746575
1772934377.0295508,10553.449219104838
1772934377.02956,10136.916944108867
1772934377.0295691,-957.8419537992282
1772934377.0295784,-17635.208030133996
1772934377.068668,5920.152181690814
1772934377.0686982,7723.033365772342
1772934377.068709,5540.802456494814
1772934377.068718,-1533.742727280031
1772934377.1068428,4212.09781947193
1772934377.1068628,3540.336116565089
1772934377.1068695,3572.819822485729
1772934377.1068752,4562.276012858354
1772934377.106881,4377.6665459545075
1772934377.1389704,-329.61738713974376
1772934377.1941588,-205.39949832265847
1772934377.1941805,3183.9265177114153
1772934377.1941917,8621.081563748501
1772934377.1942008,6823.368512939516
1772934377.210274,-8231.144110914833
1772934377.2264535,-18531.445191122646
1772934377.2775075,2827.514444157779
1772934377.2775345,2490.8378747636725
1772934377.2775455,2239.7380103189057
1772934377.277554,2428.638397322341
1772934377.2775636,2787.6737846633
1772934377.2775724,2806.8620719271767
1772934377.2775807,2461.285064425311
1772934377.3247452,2244.6187734151736
1772934377.3247764,2464.072046842306
1772934377.3247883,2803.049728892318
1772934377.3247976,2777.486983765167
1772934377.3248072,2430.0128424757318
1772934377.3248155,2263.8790851518324
1772934377.37895,2512.589954007597
1772934377.3789763,2809.07608603462
1772934377.3789873,2723.5212127768723
1772934377.378996,2391.721623953391
1772934377.3790047,2305.9727254660065
1772934377.3790133,2581.449267495557
1772934377.379022,2790.853250482775
1772934377.3790305,2619.142025133439
1772934377.3790393,2348.3197917539
1772934377.4141052,2414.1134013605642
1772934377.4141288,2710.199757429837
1772934377.4141383,2728.9119448905512
1772934377.414147,2405.582733116111
1772934377.414155,2302.648951619994
1772934377.43866,2704.814932161486
1772934377.4386764,2983.7947006778027
1772934377.4386823,2466.485743276769
1772934377.5205677,3225.2154857225173
1772934377.5205953,2247.0359042045866
1772934377.520603,1476.6766405064259
1772934377.5206122,2021.7332041953698
1772934377.52062,3168.8651254039773
1772934377.5206263,3316.8244925765903
1772934377.5206325,2206.6225967036517
1772934377.520638,1346.0767877975252
1772934377.5206437,1961.8179912758142
1772934377.5206497,3268.5342440874547
1772934377.520655,3483.615167078983
1772934377.5968523,1295.6148531572628
1772934377.5968738,1751.6927217624893
1772934377.596884,3142.9532559251684
1772934377.5968926,3269.926996125125
1772934377.5969007,1698.667028804944
1772934377.5969095,911.9562524836671
1772934377.5969176,2742.9946576155844
1772934377.5969255,4619.8074821125065
1772934377.596934,1755.0314999703578
1772934377.6290028,-6112.182519195372
1772934377.6801815,211.878201731408
1772934377.6802025,-177.43582859447378
1772934377.6802113,3090.354878842452
1772934377.6802197,5523.290799900113
1772934377.6802275,3010.1682505462045
1772934377.680236,-1559.6059628291496
1772934377.6802447,-1044.6222526825209
1772934377.7124064,5623.980719148742
1772934377.7544863,4310.490342340788
1772934377.7545133,5526.953085948087
1772934377.7545197,1319.2994611718411
1772934377.7545269,-3114.2878835584966
1772934377.7545335,-766.6870327255062
1772934377.7545388,7069.147694743087
1772934377.7545452,9804.76061589704
1772934377.7545505,-1206.2453874808978
1772934377.836815,-11.116494632604066
1772934377.8368356,-1245.1591210293273
1772934377.836842,309.2183379713495
1772934377.8368475,3182.130167201481
1772934377.8368528,3090.075957747768
1772934377.8368578,-2117.707794510929
1772934377.8368628,-9161.421849507571
1772934377.852851,284.10624389271857
1772934377.9361808,871.0937370545782
1772934377.9362016,1042.0229153039961
1772934377.936208,486.12655087195526
1772934377.9362135,-48.04923777980194
1772934377.9362185,256.7199377301954
1772934377.9362235,1057.6149692973154
1772934377.9362285,1204.5798921457604
1772934377.9522748,368.69548155414316
1772934377.9894576,-323.0360893200992
1772934377.989481,226.544654227933
1772934377.9894876,1398.1609140003063
1772934377.9894938,1484.7157257724396
1772934377.9894998,115.55584276917999
1772934378.013558,-880.1857379479366
1772934378.013586,179.52554264046012
1772934378.0135972,2153.9171055122447
1772934378.0527062,2107.393778160243
1772934378.0527227,-569.8927130502143
1772934378.052729,-2409.037616141253
1772934378.086868,121.80149507473953
1772934378.086908,-441.30368494698513
1772934378.0869226,6.003991073567342
1772934378.086932,880.9858279135326
1772934378.0869408,942.4667612710078
1772934378.0869498,43.84985645248077
1772934378.1190023,-575.605375581119
1772934378.1350477,5.044465034494146
1772934378.1731908,1034.0545961339362
1772934378.1732128,1042.728915376902
1772934378.1732194,-70.82487897775374
1772934378.1732264,-776.1707382321044
1772934378.1732328,1.7327512882815794
1772934378.2555304,1267.6142813971187
1772934378.2555504,1203.4107679824294
1772934378.2555609,-243.83597463850788
1772934378.25557,-1090.0422745109624
1772934378.2555785,1.9703611247003263
1772934378.2555869,1663.1239576346018
1772934378.2555952,1482.0345399275234
1772934378.2556033,-559.5125169162641
1772934378.2556117,-1682.5039724333196
1772934378.2556205,4.7607715029428395
1772934378.480461,-47402.76668386391
1772934378.4965148,-54406.28224176761
1772934378.4965408,-39768.24132207144
1772934378.5928907,-13676.591584768352
1772934378.6321032,7314.331729242972
1772934378.6321259,7442.264281473467
1772934378.6321366,-784.4300491702131
1772934378.632146,-4519.007376943254
1772934378.6321547,-719.4196071725324
1772934378.6321633,3907.422091745768
1772934378.6321752,3390.8477381327652
1772934378.648132,-536.9251178666362
1772934378.6642148,-2214.096450207661
1772934378.6802876,137.73694358746073
1772934378.7345316,3768.9091895792644
1772934378.7345536,1700.4224207196971
1772934378.734563,-1788.3269424204095
1772934378.7345717,-1315.2742559483643
1772934378.73458,2854.9191105350906
1772934378.7345884,4449.182961934481
1772934378.7345963,-871.3203208958207
1772934378.734604,-9419.036202896936
1772934378.734612,-13136.390966962492
1772934378.7967775,-14436.054778088876
1772934378.7968037,-20852.561122388543
1772934378.7968135,-23316.392004733458
1772934378.7968223,-17894.579762029836
1772934378.8128293,-6342.000528162084
1772934378.8791344,-16281.275235652121
1772934378.87917,-18046.335131737313
1772934378.8791797,-15837.30926294098
1772934378.8791866,-10601.898878577686
1772934378.8791966,-6179.008761748396
1772934378.8792038,-4970.886087292967
1772934378.8951707,-25592.744929901713
1772934378.9112656,-30997.06770409942
1772934378.9273076,-47205.45614055767
1772934378.943396,-22259.32355904639
1772934378.9755087,-36685.02637460661
1772934378.9985862,-43691.09091072236
1772934378.9986064,-46487.99704309605
1772934378.9986122,-33672.673341932554
1772934379.0217304,-37154.1796992033
1772934379.0217493,-33218.291880530705
1772934379.0377636,-28191.931546179847
1772934379.0698688,-45435.030030899165
1772934379.118114,-60660.35791762184
1772934379.134167,-30753.3060790205
1772934379.2606573,-35969.663192448905
1772934379.260677,-20190.984133626796
1772934379.2768018,-8442.883930075737
1772934379.315914,850.8814365251362
1772934379.3159342,7430.2268761523055
1772934379.3159437,8839.746781228874
1772934379.359096,-41720.75816316017
1772934379.3591232,-45694.14697598681
1772934379.3591344,-24377.262817984676
1772934379.3591442,4111.148803756114
1772934379.4032583,-9477.077307999954
1772934379.4032762,-9400.123916218641
1772934379.4032822,-6761.682489137502
1772934379.4032896,2182.2967110966774
1772934379.4032955,10884.458934735492
1772934379.4033005,11306.71170344102
1772934379.419394,4567.462268073176
1772934379.4825752,-351.1445808432037
1772934379.4825957,2210.7271246595105
1772934379.482606,8111.305676350703
1772934379.482615,9532.16822342571
1772934379.482624,5150.038826573258
1772934379.4826329,1194.3005392006348
1772934379.4826412,2763.095103212528
1772934379.482649,7320.0825042276965
1772934379.5388935,8626.638153922226
1772934379.5389168,5206.847724755615
1772934379.5389276,1947.3561554291034
1772934379.538937,3179.8725606141625
1772934379.5389464,6960.523930407536
1772934379.5548935,8060.846640647398
1772934379.619176,-7511.1768600721325
1772934379.6192284,-19745.192820068263
1772934379.6192408,-29558.14557580805
1772934379.619252,-33891.44157194224
1772934379.6192627,-31601.33812925858
1772934379.6192727,-22464.01230968414
1772934379.6192813,-8376.91054314202
1772934379.6192892,5182.569030290306
1772934379.6193,11737.152738912875
1772934379.6563396,16844.653515527167
1772934379.656364,-6301.307736034308
1772934379.6563785,-36071.55574863577
1772934379.6563897,-50753.84606844107
1772934379.6563993,-40514.3174246978
1772934379.7426937,-44710.97679646481
1772934379.7427163,-46862.48474090697
1772934379.7427263,-44017.66893547196
1772934379.7427347,-31576.35019301227
1772934379.7427423,-16253.632772177976
1772934379.74275,-9474.223210303147
1772934379.7427576,-13680.778308475667
1772934379.7427652,-19923.001420617853
1772934379.7427733,-19963.76726883044
1772934379.7427807,-16590.781690486758
1772934379.7427883,-18274.255938014554
1772934379.7427964,-25547.418222837045
1772934379.7428036,-27984.336880424165
1772934379.782858,-23594.737302453228
1772934379.7828784,-7277.581154189377
1772934379.782888,4385.973839592479
1772934379.7828965,3316.1624870875025
1772934379.7829041,-3745.898051973856
1772934379.814967,-36783.22450259706
1772934379.8149867,-31788.207903194725
1772934379.8149977,-9646.890097137175
1772934379.8150072,9912.915790278723
1772934379.8310697,14729.339582809233
1772934379.84713,9496.653593180386
1772934379.8932877,5753.709633031634
1772934379.893314,7824.106854438079
1772934379.8933272,11012.539300736704
1772934379.8933375,10584.664608021532
1772934379.8933463,7963.997608962197
1772934379.8933547,7309.522810371842
1772934379.8933628,9231.771449536749
1772934379.893371,10585.517991368817
1772934379.8933792,9484.887012459547
1772934379.9254262,7800.610809281445
1772934380.0570073,10523.835939460654
1772934380.0570436,10373.224237158816
1772934380.057053,5032.420447648524
1772934380.0570617,-6187.055742903533
1772934380.0570695,-17539.346960312276
1772934380.0570776,-21781.028674829395
1772934380.0570855,-17191.070844537353
1772934380.0570936,-9129.357419155796
1772934380.0571012,-5092.447931407486
1772934380.0571089,-8825.709055477555
1772934380.0571165,-18584.118693856846
1772934380.0571244,-29442.05188031493
1772934380.0571315,-36472.11236375475
1772934380.0571392,-36791.44823657882
1772934380.0571468,-30436.530253061483
1772934380.0571542,-20109.781529737465
1772934380.0571692,-9508.28804445418
1772934380.0571764,-1063.9023381437682
1772934380.0571876,4944.9472814294495
1772934380.057197,9173.80381266686
1772934380.0572047,11659.719108072355
1772934380.057214,12006.901958691962
1772934380.0572224,10790.451267938337
1772934380.05723,9775.62191017774
1772934380.0572376,10209.837848980967
1772934380.057245,11398.062398632932
1772934380.137293,11685.879230404295
1772934380.1373148,10692.410253533477
1772934380.1373248,9822.537704890763
1772934380.1373336,10300.365528918934
1772934380.1373425,11455.243974631145
1772934380.1373508,11656.616018290943
1772934380.169442,10609.265271145885
1772934380.2216892,9786.804208867608
1772934380.2217088,10358.934487019002
1772934380.221715,11531.363362547056
1772934380.2217205,11647.58730597324
1772934380.2217255,10529.213131870849
1772934380.2217307,9747.845962856472
1772934380.253804,10418.161178989385
1772934380.2999983,11605.998455974115
1772934380.3000236,11631.176800785997
1772934380.3000336,10443.070252856289
1772934380.3000424,9713.484731227714
1772934380.3000512,10485.571880743137
1772934380.3000588,11683.35736662912
1772934380.3000665,11610.728021676185
1772934380.3000758,10351.886968608416
1772934380.332136,9676.780035338868
1772934380.34821,10554.574517632193
1772934380.3482404,11756.561498337947
1772934380.3642468,11579.368626536407
1772934380.3863113,10255.660103383245
1772934380.3863316,9645.772220675952
1772934380.386338,10629.779756508813
1772934380.4687011,11836.527292530438
1772934380.4687371,11552.357040952482
1772934380.468757,10157.010331971438
1772934380.468776,9615.407048073326
1772934380.468789,10713.857048187065
1772934380.4688013,11921.477414102901
1772934380.468813,11524.178309041412
1772934380.4688246,10057.626210338582
1772934380.4688363,9587.703334670376
1772934380.4688485,10802.39409560571
1772934380.4688601,12006.350903841827
1772934380.5530245,11488.19221117953
1772934380.5530467,9946.447696643438
1772934380.5530567,9554.956848497537
1772934380.553066,10896.50747335014
1772934380.5530748,12099.750978289887
1772934380.5530832,11446.764028866464
1772934380.5530915,9821.902095849087
1772934380.5530996,9515.184362115991
1772934380.5531075,10996.518229663965
1772934380.5531158,12200.864356677364
1772934380.6344445,11407.5092355043
1772934380.6344829,9691.92074719053
1772934380.6344955,9476.606056301307
1772934380.63451,11111.678646698392
1772934380.6345224,12318.59359968331
1772934380.6345332,11361.306791360728
1772934380.634544,9537.555314594098
1772934380.6345549,9422.105233686885
1772934380.6345656,11235.495525923738
1772934380.6345756,12453.066496182628
1772934380.6345856,11315.090369896181
1772934380.6345968,9364.136603767696
1772934380.6346085,9360.063403314065
1772934380.7157207,15997.191385824779
1772934380.7157404,12094.514503642127
1772934380.7157495,-4012.4055118142815
1772934380.715758,-23099.603397191226
1772934380.715766,-30516.35657717217
1772934380.715774,-20700.281350376215
1772934380.7157822,-2452.497826604536
1772934380.7157905,10693.345521117375
1772934380.715798,13503.932376202267
1772934380.7158055,11190.613880369612
1772934380.7158136,10476.930208854808
1772934380.7158208,11980.322574439735
1772934380.715829,12289.966510860442
1772934380.7158365,10563.668177886751
1772934380.7809715,-21951.788557441872
1772934380.78099,-25412.933758715648
1772934380.7809975,-19334.133523136603
1772934380.7810037,-12595.814134168997
1772934380.7810087,-10177.458685449485
1772934380.7810156,-9045.076681311424
1772934380.781021,-4721.953634729321
1772934380.781026,1870.2462087572087
1772934380.7810307,6476.656359638583
1772934380.7810352,8210.990543087912
1772934380.78104,10404.808416298729
1772934380.8131392,14453.570296245747
1772934380.8291688,16450.87495861091
1772934380.8653033,12755.612772447936
1772934380.8653278,7081.311634351935
1772934380.8653371,7737.7186585214695
1772934380.8653457,16309.643671971122
1772934380.8653536,22175.503317668943
1772934380.8653615,12218.30639058439
1772934380.8974533,-13504.581279729113
1772934380.940645,11497.710565657326
1772934380.9406743,12787.03856398612
1772934380.9406824,12383.483519987074
1772934380.9406888,10681.32485999434
1772934380.940694,10059.748457094465
1772934380.9407215,11573.957800956667
1772934380.972808,13220.399089718421
1772934381.0309706,12562.038358159672
1772934381.0310037,10308.640283252907
1772934381.0310104,9625.597116252473
1772934381.0310163,11713.423463600348
1772934381.0310252,13798.729508995046
1772934381.0310333,12787.953164178038
1772934381.031044,9809.556733374782
1772934381.031054,9029.642526951706
1772934381.0310636,11853.50760241096
1772934381.1123483,13582.131738475968
1772934381.112374,11161.764124921283
1772934381.1123846,8319.47878523112
1772934381.1123939,9372.012621802312
1772934381.112402,13420.086533545184
1772934381.11241,14724.817510065039
1772934381.1124184,10579.59096779513
1772934381.1124268,6248.212910395425
1772934381.112435,8812.281096208106
1772934381.1124437,16510.582518257354
1772934381.1124516,18215.05227343888
1772934381.11246,6336.634374771643
1772934381.1124675,-11677.376391757522
1772934381.1916847,-3409.714081462645
1772934381.1917083,-9670.355637759827
1772934381.1917183,-12436.733728475372
1772934381.1917272,-15422.535891280411
1772934381.1917355,-19886.532005610192
1772934381.1917436,-21597.207885373537
1772934381.1917517,-15554.111275459854
1772934381.1917603,-2701.2320768135546
1772934381.1917684,9794.509730221986
1772934381.1917765,14995.373030065717
1772934381.1917844,11583.56110311954
1772934381.2077336,2636.5030887504367
1772934381.2710001,6994.675263113667
1772934381.2710173,8056.868384934053
1772934381.271027,8826.203947470043
1772934381.271034,9077.64215036583
1772934381.2710395,9508.317296541345
1772934381.2710447,9369.6826819449
1772934381.2710497,7561.050054793586
1772934381.2710547,5807.553572880253
1772934381.2710595,7763.259222853338
1772934381.271064,13126.700002860727
1772934381.271069,14614.043454456676
1772934381.3031514,4342.454054291479
1772934381.3532984,9977.215226050223
1772934381.3533196,8162.063444829148
1772934381.3533258,5867.710153968738
1772934381.3533316,6339.781724671838
1772934381.3533368,8844.377952794555
1772934381.353342,9797.369203347193
1772934381.3533468,7874.392567330103
1772934381.447739,5808.102378512897
1772934381.4477613,3455.3337470540823
1772934381.4477723,8037.640667020444
1772934381.4477816,14277.702026646422
1772934381.44779,14080.151263702148
1772934381.4477983,6207.999522699822
1772934381.4478064,-2712.6568543881967
1772934381.4478147,-6931.013622524938
1772934381.4478226,-8719.548101802127
1772934381.447833,-14767.968304317965
1772934381.4478428,-26365.178029444836
1772934381.447851,-35722.847816232665
1772934381.4478614,-33281.44727658867
1772934381.5280402,-18382.486915678193
1772934381.528062,3228.6221043065743
1772934381.5280724,15513.129747992729
1772934381.5280807,13706.39265044994
1772934381.5280895,5929.64945372203
1772934381.5280979,3602.88466970058
1772934381.528106,9174.067009683999
1772934381.5281143,13786.519804614212
1772934381.5281365,7054.1676755888275
1772934381.5281444,-10988.48905373934
1772934381.5903203,-17559.368382747864
1772934381.5903473,-45217.36496844177
1772934381.590354,-58116.21061857802
1772934381.59036,-59124.503110406324
1772934381.5903656,-60968.71518280523
1772934381.5903704,-66816.10094266073
1772934381.5903757,-63986.902972594784
1772934381.5903804,-40794.69228735508
1772934381.590385,-6559.415498408566
1772934381.5903895,12205.839768309366
1772934381.5903947,-1011.0364935751176
1772934381.7640274,-35533.5373816711
1772934381.764066,-61501.98053651112
1772934381.7640812,-62751.034219132656
1772934381.7640896,-52242.08628409238
1772934381.7640994,-50472.024763852154
1772934381.764109,-59642.21024239038
1772934381.7641168,-63657.39131640504
1772934381.7641265,-51845.319008098486
1772934381.7641354,-34488.114948546885
1772934381.7641432,-30004.214944869622
1772934381.764151,-40939.48943562034
1772934381.7641585,-50361.75440956828
1772934381.7641664,-43443.81962516332
1772934381.764174,-26100.89326894469
1772934381.7641816,-16380.533310268562
1772934381.7641892,-19935.850066877803
1772934381.7641969,-22056.064497987736
1772934381.7642045,-7664.241212639636
1772934381.764212,15850.64494936642
1772934381.76422,23170.731107495405
1772934381.7642276,-359.7485431043506
1772934381.7642353,-39769.75248388685
1772934381.764243,-64230.8880639735
1772934381.7642508,-58301.70244937449
1772934381.7642581,-35819.34114005874
1772934381.7642655,-22943.252322740616
1772934381.7642732,-31532.74817345468
1772934381.7642808,-51315.53579880616
1772934381.7642884,-64538.73187057667
1772934381.764296,-62773.079651340566
1772934381.7643037,-49004.08526089176
1772934381.7643113,-29196.178721340264
1772934381.7643187,-7527.99480351475
1772934381.7643268,10880.15546605111
1772934381.764335,18545.94377643374
1772934381.8423767,16897.107285239246
1772934381.8424008,-15530.294943293806
1772934381.8424158,-41390.69573281117
1772934381.8424287,-44843.86532538788
1772934381.84244,-34467.84977118656
1772934381.842448,-29882.739913615165
1772934381.8424556,-37277.00639279532
1772934381.8424635,-43688.799024598484
1772934381.842471,-35384.4250816478
1772934381.8424795,-15972.259624336719
1772934381.842487,-1995.254125441282
1772934381.8424947,-2990.974354956601
1772934381.842502,-11353.9477040989
1772934381.922729,-49881.22135799067
1772934381.9387605,-51748.75224035654
1772934381.9387975,-30515.92014553348
1772934382.0973425,-3182.012207625201
1772934382.0973675,14067.254325342241
1772934382.0973785,17992.963385653562
1772934382.097388,15417.488741506168
1772934382.0973976,13266.374094248205
1772934382.097407,13298.112727073572
1772934382.0974169,14060.17450218552
1772934382.0974257,14457.560704030582
1772934382.0974348,14521.318943157543
1772934382.097444,14387.160978619871
1772934382.097453,14035.034763000242
1772934382.129495,13769.939915422374
1772934382.182696,14009.173671093773
1772934382.1827223,14534.648989363388
1772934382.1827357,14617.956858042126
1772934382.182746,14078.230915393273
1772934382.182755,13652.924265981672
1772934382.1827636,13973.969618301577
1772934382.1827722,14607.59278538827
1772934382.1827807,14640.017224195386
1772934382.214826,14008.76739494699
1772934382.2309475,13623.422097518463
1772934382.2670352,14048.706788084146
1772934382.2670548,14670.757281158385
1772934382.2670612,14586.26453605588
1772934382.2670667,13918.199174789483
1772934382.2670717,13639.38815573272
1772934382.3292952,14153.905460996251
1772934382.3293188,14710.911677284246
1772934382.329328,14499.822686464857
1772934382.3293364,13834.311823970995
1772934382.3293445,13689.611197914044
1772934382.329352,14275.235112682876
1772934382.32936,14730.757026362822
1772934382.3454556,14388.211043462175
1772934382.391556,13751.061275269974
1772934382.3915727,13755.216943900596
1772934382.4468086,-25999.48834586422
1772934382.4468312,-49804.76886000864
1772934382.4468415,-59009.570888292816
1772934382.4468524,-47739.36755639142
1772934382.4468625,-24806.91941441172
1772934382.4468713,-8158.9023648014645
1772934382.4468813,-9515.852084211667
1772934382.4468904,-23505.37728299687
1772934382.4468987,-32847.46751697945
1772934382.4469073,-25082.506734439088
1772934382.5191216,-6624.023227648174
1772934382.5191483,17307.186332136498
1772934382.5191803,31184.039196694685
1772934382.5191908,23538.82904979233
1772934382.5192003,-3533.2955163308757
1772934382.519209,-33435.10758417051
1772934382.5192194,-46147.75923983009
1772934382.5192275,-34630.75904681535
1772934382.5192332,-12129.751349592192
1772934382.5192385,-1321.951864919451
1772934382.519244,-13233.076863283197
1772934382.5192492,-36051.47334629391
1772934382.519255,-46128.57666631099
1772934382.5192606,-31054.056451059263
1772934382.535171,-1331.0064934290285
1772934382.551227,21185.051312086045
1772934382.6004453,25023.521630198797
1772934382.600473,17650.25826299042
1772934382.6004825,13425.915584460958
1772934382.6004903,16945.43875580509
1772934382.6004984,21068.90744346371
1772934382.6005063,19408.18137100528
1772934382.6005163,15449.685947657812
1772934382.6005263,16448.662136178948
1772934382.6005344,21183.585508350134
1772934382.6546795,19704.27723794481
1772934382.6546998,19260.86113843376
1772934382.6547105,16098.760489817532
1772934382.6547203,14993.354773472589
1772934382.6547327,17609.480263141188
1772934382.67071,20006.510834530032
1772934382.670734,18331.496236132403
1772934382.702871,14783.065386008087
1772934382.7189252,16537.287958218276
1772934382.7189553,14844.414172303856
1772934382.753034,15512.895124499017
1772934382.7530603,18422.00166399072
1772934382.7530706,20819.134090675743
1772934382.75308,18978.664243069623
1772934382.7530882,11186.35821464204
1772934382.7691505,19810.914454313617
1772934382.7851899,17465.8950809446
1772934382.785219,9005.696050938375
1772934382.8856242,19148.275195114606
1772934382.8856647,20901.9165489803
1772934382.8856716,18829.276662514338
1772934382.885677,8417.587409174599
1772934382.8856823,-8132.496397997756
1772934382.8856876,-23097.39048111394
1772934382.8856928,-30439.90568569717
1772934382.8856976,-30576.79113754004
1772934382.8857048,-27747.9878227202
1772934382.8857114,-24510.412546999607
1772934382.885717,-20739.7848085985
1772934382.8857234,-17397.404584478703
1772934382.8857288,-18364.10502351905
1772934382.8857338,-26503.75639595638
1772934382.8857386,-38752.930161787735
1772934382.8857436,-47336.45868285272
1772934382.8857484,-46654.78824323339
1772934382.8857534,-37953.16303700533
1772934382.8857582,-26552.642500872105
1772934382.8857632,-15696.511885552076
1772934382.885768,-4736.76025296063
1772934382.885773,7031.149899188634
1772934382.9016771,22210.85746792856
1772934382.9017072,26427.703386457146
1772934382.9278092,15645.6040638496
1772934382.927832,-489.9304005706646
1772934382.9278555,-7324.364842423359
1772934383.0050886,-41935.016061150636
1772934383.0051067,-41101.8529866568
1772934383.0051131,-28972.630917403072
1772934383.0051193,-14319.594124197447
1772934383.0051248,-2207.4429856192173
1772934383.0051296,7133.683433734592
1772934383.0051382,14910.948127831192
1772934383.0051503,20980.034799560744
1772934383.005159,24068.04003723319
1772934383.0051692,23578.288747413873
1772934383.0051925,20753.966327621427
1772934383.005216,18302.652700569815
1772934383.0874588,20644.13152489197
1772934383.087489,21211.674667516025
1772934383.0875,20427.937513323704
1772934383.087509,19692.407654081333
1772934383.0875175,19909.22310674742
1772934383.087526,20484.99994952516
1772934383.0875344,20540.042150246856
1772934383.0875423,20178.37179295656
1772934383.0875504,20071.215523065785
1772934383.0875587,20319.9437836874
1772934383.0875673,20411.128590367138
1772934383.103482,20157.44051144292
1772934383.1200929,20015.499982118235
1772934383.142676,20298.52444020596
1772934383.1427195,20590.56653402961
1772934383.142732,20369.022767553604
1772934383.166733,19887.20382934186
1772934383.1667547,19888.21418405298
1772934383.166765,20468.83941729508
1772934383.198886,20820.22628210895
1772934383.2581084,20359.2818343808
1772934383.2581308,19660.77386721454
1772934383.2581408,19743.10701923512
1772934383.2581491,20591.035163853063
1772934383.2581575,21051.997280783246
1772934383.2581656,20399.87835278365
1772934383.2581735,19444.612914878868
1772934383.2581832,19531.200359962055
1772934383.2581928,20665.664470765398
1772934383.2582006,21358.83249084507
1772934383.441877,-19805.676572140303
1772934383.4419081,-34819.069093434104
1772934383.4419198,-33143.35323372497
1772934383.4419255,-19446.61269056385
1772934383.4419312,-8286.724125349998
1772934383.4419367,-10528.16219051259
1772934383.4419422,-23044.5786124431
1772934383.4419472,-32743.3962203188
1772934383.4419527,-30614.72513848819
1772934383.4419608,-20324.680158510775
1772934383.4419725,-12236.06876981092
1772934383.4419816,-10694.21150683757
1772934383.4419897,-9973.951607561417
1772934383.4419973,-3330.301608338628
1772934383.4420052,6615.372548405061
1772934383.4420135,9574.81256015416
1772934383.4420216,-187.23680271380022
1772934383.4420297,-15914.779755748414
1772934383.4420376,-24677.521752780183
1772934383.442046,-20860.586990899712
1772934383.442054,-11226.10562416255
1772934383.442062,-6157.019988635994
1772934383.4420745,-8013.973055024018
1772934383.4420826,-10304.057945984121
1772934383.4420917,-7767.230262415074
1772934383.4421,-4369.404242950216
1772934383.4421093,-9140.476144205386
1772934383.4421184,-24684.56990631988
1772934383.4421265,-42022.067620644266
1772934383.442137,-48152.58035026989
1772934383.4421463,-38394.490418315756
1772934383.4421551,-20606.855428748317
1772934383.442164,-7570.568952344786
1772934383.442172,-5994.892871374009
1772934383.4421804,-12730.72220490392
1772934383.4421885,-20047.270187714515
1772934383.4421966,-22901.897305076152
1772934383.442226,-21099.424061175923
1772934383.4422345,-16363.543625831713
1772934383.4422424,-9672.888630546877
1772934383.4422503,-2231.5547286777532
1772934383.4422584,2424.1231108308734
1772934383.4422665,-202.88963137915172
1772934383.4422743,-10609.771788347813
1772934383.4422824,-22429.852923540846
1772934383.44229,-26771.25684530718
1772934383.442298,-21074.633920893066
1772934383.442306,-13110.684617134451
1772934383.482034,-9613.413909229612
1772934383.4820547,-18900.78827577336
1772934383.4820652,-22317.6996431562
1772934383.482075,-18926.22200947933
1772934383.4820833,-18371.985305708942
1772934383.482092,-28718.412049968523
1772934383.4821005,-44269.53363852647
1772934383.4981132,-48044.76285482492
1772934383.5342674,-1987.3113813387902
1772934383.534296,26792.159680342094
1772934383.5343103,39654.96362589217
1772934383.5343208,27354.98635720829
1772934383.5623555,18258.526693878975
1772934383.5623827,19984.615212462515
1772934383.5623934,20395.866644961745
1772934383.5624025,10872.734524690923
1772934383.6447225,-15349.088877680751
1772934383.6447415,-20853.368919687488
1772934383.6447575,-12484.054858673233
1772934383.644766,794.4284779333975
1772934383.644774,8885.11271523578
1772934383.6447818,9972.524911016671
1772934383.6447897,9811.014068251325
1772934383.6447976,14075.681406868758
1772934383.6448052,22622.274563017043
1772934383.689976,29736.31398345909
1772934383.6900132,28318.17826696738
1772934383.6900256,14876.397192936629
1772934383.739078,19178.05027279591
1772934383.7390993,23680.332645251798
1772934383.739106,21013.760455276355
1772934383.739112,15452.758764386384
1772934383.7391183,15039.432428083646
1772934383.739123,20324.50228625957
1772934383.7391284,23896.97264768003
1772934383.7692308,20414.2231929966
1772934383.7692485,12480.221291379316
1772934383.7692556,4620.274788455947
1772934383.7852886,27260.545371867574
1772934383.8013587,19502.15671735962
1772934383.8174508,-5693.23859571543
1772934383.8495848,16202.211642804188
1772934383.8656125,15209.003009748472
1772934383.893784,-3513.0260582784917
1772934383.893806,-4681.826417069716
1772934383.8938165,-5802.293574175883
1772934383.9098692,-5136.816841273796
1772934383.972076,1298.770592388641
1772934383.972093,12503.602015434142
1772934383.9721,21474.83058276747
1772934383.9721065,22641.812709703005
1772934383.9721122,18232.073716588857
1772934383.9721177,15239.71775509309
1772934383.9721231,17017.407977047947
1772934383.9721289,20227.936313333026
1772934383.972134,20331.54821003862
1772934383.9721396,17661.259256159232
1772934383.9721453,16254.146767662129
1772934384.0041966,17914.676173660264
1772934384.020272,20004.40410012839
1772934384.0463612,19549.26878646648
1772934384.0463877,17415.387919795245
1772934384.0463972,16758.888559188636
1772934384.062468,18395.353911222996
1772934384.0784829,19820.461796212036
1772934384.13174,19016.3582245493
1772934384.1317616,17308.803288167648
1772934384.131772,17232.673171796803
1772934384.1317835,18760.892198577287
1772934384.1317935,19505.762182028582
1772934384.1318028,18431.43386626157
1772934384.1318116,17370.319862737106
1772934384.1318207,18020.494303155636
1772934384.1318293,19126.811223718825
1772934384.1638625,18532.63975812379
1772934384.2251544,20325.33853643872
1772934384.225191,13273.961900691356
1772934384.2252045,11778.69638551578
1772934384.2252135,19922.775606482566
1772934384.2252228,27872.01484462392
1772934384.2252312,20796.487244986663
1772934384.2252398,-3982.128065715934
1772934384.2642443,16978.206484655842
1772934384.2642603,19533.064753077764
1772934384.2964425,16982.670332601472
1772934384.3194761,-24800.131806176207
1772934384.3194945,-47231.65704896666
1772934384.335542,-53587.054118498854
1772934384.4118683,-44332.15297995861
1772934384.4119072,-41248.65627509797
1772934384.4119177,-44013.051005859525
1772934384.4119267,-45660.129200623094
1772934384.411936,-37279.03304859224
1772934384.4119446,-19286.88666022379
1772934384.4119549,-1153.9745792163703
1772934384.4119651,9147.792525683539
1772934384.4119737,12229.722443968318
1772934384.42794,12648.689277046778
1772934384.4871893,16225.48514462342
1772934384.4872084,19936.69076847288
1772934384.4872153,23456.60378862605
1772934384.4872203,18848.672134851673
1772934384.4872255,756.3708542892952
1772934384.4872303,-26126.366903794005
1772934384.4872353,-47199.184572633014
1772934384.4872403,-48129.034822703594
1772934384.487245,-27251.554079085054
1772934384.5032332,1877.9370900109216
1772934384.519286,21521.3427145292
1772934384.546487,1236.4628035153933
1772934384.5465121,-25140.69567861476
1772934384.5465236,-30088.08988433694
1772934384.5765584,-8539.165603794929
1772934384.5765915,18910.00781476595
1772934384.6458561,30354.452129268735
1772934384.645882,26346.099713290467
1772934384.6458917,15278.196169061053
1772934384.6459005,10423.104446794387
1772934384.645909,15932.443253308986
1772934384.6459167,25461.52468435582
1772934384.6459248,28677.278682164775
1772934384.6459324,18609.409036898167
1772934384.6459396,-3687.16229360966
1772934384.6459491,-28164.73788923373
1772934384.6459584,-40343.43776243247
1772934384.645966,-31223.134686870813
1772934384.661897,-23291.1584153011
1772934384.6940694,-3932.2690000678144
1772934384.710076,-31277.200301767327
1772934384.7352457,-47707.01431567989
1772934384.735268,-48750.03026448366
1772934384.7352774,-27446.13843360728
1772934384.7512727,13129.097521078957
1772934384.7794108,24389.184268936217
1772934384.7794375,3691.8492500655093
1772934384.7794473,-26803.692228535758
1772934384.779456,-39867.16689396111
1772934384.834641,-42743.084793105234
1772934384.8346636,-32746.09985292486
1772934384.8346732,-33193.58797637366
1772934384.8346815,-43147.32020815084
1772934384.8346896,-47104.659868658164
1772934384.8346968,-36194.216531244056
1772934384.8347049,-19430.3989610102
1772934384.8347125,-12841.800107661504
1772934384.83472,-21661.12976669757
1772934384.8667557,7179.305249864258
1772934384.882854,-2662.9124874442705
1772934384.8989043,-8587.7578580922
1772934384.9149568,-11341.855186909657
1772934384.9149811,-8207.136953192849
1772934384.9310172,-2425.96385445714
1772934384.9470956,-4937.678811254471
1772934384.963127,6860.841004479148
1772934384.9792,-7166.397677434329
1772934385.0043216,5333.607946599636
1772934385.0043445,21018.825951155966
1772934385.0515177,24771.112800884646
1772934385.051537,6906.22427509986
1772934385.0676098,-24089.767709755724
1772934385.0836632,-4019.540100518683
1772934385.0836904,-2724.095169773672
1772934385.099686,24979.375043431097
1772934385.1157851,28430.3941314055
1772934385.131832,20523.463382627804
1772934385.3125968,13367.944907780078
1772934385.3126397,16708.29515800984
1772934385.3126657,25818.040310180204
1772934385.3126743,28165.389917626388
1772934385.3126826,21164.36091668315
1772934385.3126905,14866.365000871248
1772934385.312698,17822.831589741945
1772934385.3127058,25600.12596237738
1772934385.3127131,27278.221213953788
1772934385.3127208,20641.578585220905
1772934385.3127284,15111.849068343316
1772934385.312736,18504.837174414064
1772934385.3127437,26041.91399886842
1772934385.3127515,26984.23333563426
1772934385.3127587,19809.21840391475
1772934385.312766,14667.91673680378
1772934385.3127756,19210.933489523144
1772934385.312785,27314.51164698073
1772934385.3127923,27080.25852839093
1772934385.3128011,17949.91840950746
1772934385.3128097,12928.726575602672
1772934385.3128173,20973.26260997506
1772934385.3128254,32204.51217492867
1772934385.3128335,27155.467345293633
1772934385.312841,701.588699660603
1772934385.3128483,-29044.31959730363
1772934385.3128555,-39244.50534602426
1772934385.312863,-26733.852200545705
1772934385.3128705,-9445.255287011076
1772934385.312878,-4468.181507272503
1772934385.3128848,-10257.571165098429
1772934385.312892,-13247.768801127231
1772934385.3128994,-7731.506581535311
1772934385.3129067,-2950.1918655555305
1772934385.312914,-10010.224457158674
1772934385.3129213,-27086.597559175192
1772934385.3129287,-41403.44409044211
1772934385.3547895,141.29432129065322
1772934385.3548102,16615.431302203546
1772934385.3548205,23076.627205797256
1772934385.3548293,24096.04288952605
1772934385.354838,24543.10511013364
1772934385.3548477,19406.01258404063
1772934385.3548567,1325.8228982247767
1772934385.3778856,24137.441454090473
1772934385.3779147,21996.553587316786
1772934385.377926,14600.627776493297
1772934385.4512012,21523.426184679316
1772934385.4512296,22058.53470200343
1772934385.4512408,16435.554167271537
1772934385.4512498,13373.87981356312
1772934385.4512582,19565.810888822212
1772934385.4512665,27100.50920267585
1772934385.4512749,20594.568561372143
1772934385.4833572,-2619.014245039123
1772934385.54355,-11275.775284219191
1772934385.5435815,-3458.0231026448823
1772934385.5435884,14301.17984116776
1772934385.5435944,24539.050304091852
1772934385.5435991,20884.602228145195
1772934385.5436049,14249.745976164651
1772934385.54361,15826.763816777926
1772934385.5436156,19597.388074325616
1772934385.5436208,8825.474978403738
1772934385.5436254,-20494.774777749546
1772934385.5436306,-49932.996451827465
1772934385.5757508,-31037.897623599536
1772934385.6058428,16591.40189788577
1772934385.605862,33939.22950944013
1772934385.605868,26016.600375158094
1772934385.605873,4351.866732500572
1772934385.627914,7816.328915083237
1772934385.6279433,8986.351032670986
1772934385.686182,22088.643068041398
1772934385.686204,16633.29587439055
1772934385.6862123,9228.551840221275
1772934385.6862192,10490.847689335551
1772934385.6862285,18028.667088611335
1772934385.6862357,20567.224725763193
1772934385.6862411,14660.145173211347
1772934385.686247,9665.223615169183
1772934385.6862526,13261.720111587068
1772934385.7022362,17975.33694305381
1772934385.7022712,9302.760235036243
1772934385.7504847,11688.638157810235
1772934385.7505052,9489.432690817106
1772934385.7505157,16191.002145417155
1772934385.7505243,19768.496612186358
1772934385.766487,26944.217943485655
1772934385.7665064,12401.659453270757
1772934385.7825656,-14882.476385923177
1772934385.814707,10041.687134263237
1772934385.8307679,16845.047518803436
1772934385.8307943,18842.327390986
1772934385.864941,12451.946574209102
1772934385.86498,6150.373902270634
1772934385.8649905,9697.459445761777
1772934385.8649998,20028.153872368344
1772934385.8650095,22823.371998834187
1772934385.8650188,9190.209562446516
1772934385.8809812,-12847.864280985556
1772934385.9190934,15269.387206307803
1772934385.9191217,17790.03584452834
1772934385.9191344,9883.560404738435
1772934385.9191458,-5034.965650476686
1772934385.9552944,10183.061438646837
1772934385.9553287,10748.902947549843
1772934385.955336,13725.524250152961
1772934385.9553416,14952.431381406817
1772934385.9713233,12737.005064347803
1772934386.0215323,10170.81686220538
1772934386.0215504,10812.790288657632
1772934386.0215588,13763.208950549428
1772934386.0215664,14945.245541403765
1772934386.0215747,12732.32475677102
1772934386.0215836,10156.1994672448
1772934386.0536811,10734.169682564441
1772934386.069732,13697.331833738755
1772934386.0953083,15070.196046780968
1772934386.095332,13013.592876370376
1772934386.095342,10192.93916049032
1772934386.110932,10219.44758180258
1772934386.155081,13106.120199814026
1772934386.1551025,15515.793222796281
1772934386.1551127,14807.403787465293
1772934386.1551216,11234.519347560708
1772934386.1871953,11686.020806341454
1772934386.187217,19036.253520445196
1772934386.1872232,17907.736952566658
1772934386.187229,5198.331276208363
1772934386.1872337,-9592.184852058468
1772934386.266562,11897.319782646238
1772934386.2665813,14103.52498447761
1772934386.266589,13277.929420208315
1772934386.2665951,10555.371193419336
1772934386.2666025,9797.5289838709
1772934386.2666087,12122.526742653932
1772934386.266615,14260.976062256981
1772934386.3057027,13149.230283479574
1772934386.3057373,10311.33579266688
1772934386.331839,9778.981922109457
1772934386.3318665,12372.8741776568
1772934386.3318768,14450.363275355667
1772934386.3318856,13011.74481095825
1772934386.3478885,10021.620403492954
1772934386.3950856,9733.249982682435
1772934386.3951263,12652.30681797257
1772934386.3951378,14687.520488338021
1772934386.4182072,12870.175225867471
1772934386.4182312,9668.942579737373
1772934386.4182563,9651.078324135804
1772934386.4342558,12988.206148579897
1772934386.5045125,15012.887020515705
1772934386.5045352,12715.685224870329
1772934386.5045488,9189.92859237159
1772934386.5045583,9491.982292404033
1772934386.504567,13437.803351893352
1772934386.5045753,15526.570643038936
1772934386.5045836,12548.377099826888
1772934386.504592,8429.817217358428
1772934386.5046003,9131.752548655068
1772934386.5046108,14153.548787706774
1772934386.5366647,16569.847886109572
1772934386.5607677,12369.969171408806
1772934386.560798,6735.74589249993
1772934386.5608091,8005.110554987703
1772934386.560818,16144.768690095112
1772934386.598883,11529.530905852154
1772934386.5989015,12749.008252116497
1772934386.5989075,13999.310320064149
1772934386.5989127,10531.561474362245
1772934386.63105,-3508.078417058334
1772934386.647117,15941.878156810859
1772934386.6742313,15590.095411641529
1772934386.6742678,5697.916539544513
1772934386.6742764,-11291.6450081492
1772934386.7605677,12502.574668044053
1772934386.7605915,12117.959852272334
1772934386.7606022,8057.404273179879
1772934386.7606113,6186.029391680727
1772934386.76062,9657.80767640336
1772934386.7606292,13668.6153186387
1772934386.7606385,11830.056909190744
1772934386.7606473,6183.901550497064
1772934386.760656,5758.619012696061
1772934386.7606647,12980.78428440743
1772934386.7927196,15673.846574743215
1772934386.8328965,13146.337913460586
1772934386.8329172,8182.501110060279
1772934386.8329268,2948.4690502031876
1772934386.8329372,5514.271176614937
1772934386.8329473,14434.201440439465
1772934386.832955,17920.222873853156
1772934386.8329644,6267.745643500671
1772934386.914235,6942.975327200227
1772934386.914256,9175.657634904077
1772934386.9142623,10275.177407066374
1772934386.9142685,8307.37071770127
1772934386.914275,5963.701433895899
1772934386.9142811,7036.187023029714
1772934386.914286,10464.324436121571
1772934387.0045946,7823.763743331586
1772934387.00461,8895.295078275103
1772934387.0046163,8141.320893786781
1772934387.0046215,6638.210710846262
1772934387.004627,6317.039388921892
1772934387.004632,7376.1983551692365
1772934387.0046372,8489.996773748238
1772934387.0046425,8987.27721359686
1772934387.0046475,8812.338538378559
1772934387.0046685,5618.791494900237
1772934387.0206387,12272.140471371358
1772934387.049783,18320.867273923144
1772934387.0497997,5991.878052410371
1772934387.0498056,-20249.042736011015
1772934387.0929744,3587.140471401807
1772934387.0929992,4310.150208713762
1772934387.0930064,8451.07430917854
1772934387.0930123,11181.378120884425
1772934387.0930226,5505.407372241532
1772934387.09303,-11336.740129258864
1772934387.1251223,6924.485394589974
1772934387.1251535,-11227.186647659015
1772934387.1532097,6154.705332081402
1772934387.153226,10082.719211411077
1772934387.153232,4789.18011452288
1772934387.1692677,-13695.42391497095
1772934387.2305264,2341.3166256894997
1772934387.230548,1878.480996701981
1772934387.230558,5399.196649893146
1772934387.246591,8235.699683862898
1772934387.32398,6027.086955734024
1772934387.3240187,2608.154919485471
1772934387.3240306,-910.0999023163225
1772934387.324041,1495.9190624319488
1772934387.3240497,8062.839878054556
1772934387.3240578,8989.51551754272
1772934387.3240657,-1870.535660778429
1772934387.4203207,3432.383806226889
1772934387.4203453,1332.0003199976557
1772934387.4203556,1070.5279022573284
1772934387.4203653,3091.761279997836
1772934387.420374,4600.923613824522
1772934387.4203827,3422.6511734280093
1772934387.420392,1127.8670814054344
1772934387.4204004,948.325813338084
1772934387.4204085,3235.589659545566
1772934387.4204168,4830.81273093347
1772934387.4204288,3415.647623604116
1772934387.420441,866.6090651597963
1772934387.43639,780.09668304971
1772934387.4525144,3412.5964392849105
1772934387.4685433,5137.2875867419825
1772934387.504625,3420.785128103463
1772934387.5046463,517.5977238688353
1772934387.5046532,536.8836057054904
1772934387.5046587,3652.0700110420657
1772934387.5046637,5585.489813102821
1772934387.520742,3447.5124953411296
1772934387.5367877,6.960130703771953
1772934387.5669432,150.4800400974762
1772934387.5669694,4003.895238313824
1772934387.5669796,6311.406492026882
1772934387.5669885,3526.933358909654
1772934387.5669966,-855.0714006566708
1772934387.567005,-572.6625334010406
1772934387.5829947,4619.591486314248
1772934387.646258,4358.634397687268
1772934387.646284,8809.728874423228
1772934387.6462932,4707.123359117416
1772934387.6463015,-13892.92104942478
1772934387.6463094,-41524.08237472459
1772934387.646317,-62393.112533465064
1772934387.6463244,-62353.46279294357
1772934387.646332,-41880.80580610967
1772934387.6463397,-17150.50381097045
1772934387.6623323,-6654.701668750331
1772934387.6950042,8112.495541665705
1772934387.7326212,-45295.31441200418
1772934387.7326417,-61844.07446788537
1772934387.7326555,-45085.30104003152
1772934387.732666,-14579.91933404272
1772934387.7486558,-1763.6599781401815
1772934387.78785,8938.011362285415
1772934387.7878764,16.107947211225984
1772934387.7878866,-2676.6116823417296
1772934387.7878957,2716.7704372216367
1772934387.84003,6690.541835650433
1772934387.8400576,3728.8849536702605
1772934387.8400676,-936.6790037198845
1772934387.8400772,-213.05629691227804
1772934387.840086,4518.966139265587
1772934387.840094,5994.722156660184
1772934387.840103,1954.1874415681782
1772934387.8401113,-1563.927654494168
1772934387.86821,894.0464690342119
1772934387.868241,5997.316528536537
1772934387.868256,6060.387458671348
1772934387.8943007,284.96331981414653
1772934387.8943253,-3190.492023207195
1772934387.8943353,1714.302529333834
1772934387.8943436,9420.917611933573
1772934387.9103427,8208.184927886357
1772934388.0047216,2345.858032480351
1772934388.004752,856.1208217971823
1772934388.004762,622.822580224853
1772934388.004774,1870.7049945823303
1772934388.004784,2792.5495561552043
1772934388.004792,2152.3642718365613
1772934388.0048018,928.2366758896909
1772934388.004844,831.6193480286925
1772934388.0048544,1924.9651257935113
1772934388.0048623,2638.668253351353
1772934388.0048704,2015.1209291141952
1772934388.004878,984.4002778232003
1772934388.0208244,985.0241873446884
1772934388.0368876,1962.1369516573945
1772934388.0369177,2524.142786217312
1772934388.071005,1917.5167012212598
1772934388.0710273,1033.4557452099477
1772934388.0710332,1103.7256995082066
1772934388.0710385,1989.9254541409323
1772934388.0710435,2435.0525707458883
1772934388.0710487,1843.5062612145423
1772934388.0870595,1074.9219629357708
1772934388.159426,1197.360662290645
1772934388.159452,2005.5647521100964
1772934388.1594636,2355.309056467867
1772934388.1594748,1778.4769285174086
1772934388.159485,1105.600224353035
1772934388.1594944,1270.8668184095602
1772934388.1595027,2016.2292706841245
1772934388.159511,2289.105797134482
1772934388.1595192,1726.0625580501423
1772934388.1595273,1134.127838174293
1772934388.1595376,1336.0497421497419
1772934388.175553,2029.3526036589715
1772934388.221639,2238.3742403624583
1772934388.221661,1687.0278749069646
1772934388.2216682,1162.4086294966203
1772934388.2216735,1392.3810593506046
1772934388.221679,2037.4856665444133
1772934388.2216845,2190.6169278997427
1772934388.2216892,1651.554814903817
1772934388.221694,1187.2998158656646
1772934388.2377248,1442.4838993741084
1772934388.253765,2043.2003577192042
1772934388.2838705,2148.245405493001
1772934388.283886,1622.5425219929787
1772934388.324056,1210.1793944416836
1772934388.324074,1485.7764717536359
1772934388.3240807,2049.383961533447
1772934388.3240862,2109.9183891112175
1772934388.3240912,1593.5927814060592
1772934388.3682635,1230.6520901344763
1772934388.368292,1526.420621759632
1772934388.3683016,2055.954344999051
1772934388.36831,2076.617265649824
1772934388.408407,1566.624155272491
1772934388.408441,1247.4193606805052
1772934388.4084513,1559.8704390400178
1772934388.4084609,2057.1328524984233
1772934388.42458,2041.44355678765
1772934388.4958107,2397.5358699571348
1772934388.4958377,3166.211602264206
1772934388.4958491,2451.146897088644
1772934388.4958591,838.2137306522903
1772934388.49587,903.3532955750994
1772934388.49588,3688.2895689795587
1772934388.4958885,5614.553611561876
1772934388.4958975,719.9156195918117
1772934388.4959056,-12653.420328151245
1772934388.495914,-27860.06330595993
1772934388.4959223,-34301.04463246742
1772934388.4959304,-26904.93408690408
1772934388.511839,-11129.658490969568
1772934388.5359392,2025.0366567656604
1772934388.5359607,5927.576524858069
1772934388.572052,2993.2509761899405
1772934388.572074,104.23798905070312
1772934388.5720804,869.1762229014365
1772934388.5720856,3219.631384133274
1772934388.5720909,3674.6223787774816
1772934388.616264,2003.0934134203744
1772934388.616284,812.5837648180509
1772934388.6162932,1642.197792621445
1772934388.651435,3104.930138424003
1772934388.6514547,3134.1921573005766
1772934388.6514611,1838.8457819000166
1772934388.6514668,1117.7554752923456
1772934388.6514716,1912.0435773141019
1772934388.6905634,3010.43511616656
1772934388.6905918,2876.989484355983
1772934388.6906047,1777.07983537107
1772934388.690616,1290.171892285401
1772934388.7317507,2053.875338838421
1772934388.7317743,2945.306126752253
1772934388.7317855,2721.7208521617704
1772934388.7317948,1745.5177842397632
1772934388.731804,1405.6630180837087
1772934388.778957,2147.7598332114694
1772934388.7789752,2897.6416584520275
1772934388.7789822,2611.185497490924
1772934388.778988,1723.3065415540814
1772934388.7789931,1491.8502937824978
1772934388.7951667,2216.852948482127
1772934388.820086,2862.095463215676
1772934388.8201077,2528.006127461116
1772934388.863286,1704.932517991514
1772934388.863305,1558.005570617632
1772934388.8633142,2276.84028420857
1772934388.8994465,2838.9187040646766
1772934388.899467,2462.766142618563
1772934388.8994768,1694.4159952880696
1772934388.8994849,1617.4986394462865
1772934388.8994927,2327.7761645835144
1772934388.930582,2818.1239500696493
1772934388.9306028,2403.409392627547
1772934388.9306133,1679.3485107168724
1772934388.966743,1664.405021484895
1772934388.9667637,2371.4578876705878
1772934388.9667733,2798.4925879067778
1772934388.9667835,2349.055776348129
1772934388.9667935,1663.1480984494835
1772934388.982766,1705.9170270970315
1772934388.9988537,2409.836859460212
1772934389.014938,2779.7651616514077
1772934389.0380073,2298.7348645625375
1772934389.0380335,1649.917396132868
1772934389.0380435,1747.9029371399135
1772934389.0540645,2450.8332594462636
1772934389.1334412,2765.292881104487
1772934389.1334624,2249.477411314392
1772934389.133472,1632.0324331200784
1772934389.13348,1782.8702726900742
1772934389.1334884,2487.6673996868535
1772934389.1334963,2752.1119178671393
1772934389.1335044,2203.9526031453893
1772934389.133512,1616.7835052313915
1772934389.13352,1818.8949731019004
1772934389.1335278,2525.389820454185
1772934389.1335351,2739.362033382854
1772934389.486931,2161.377970585809
1772934389.5099745,1605.7895274652897
1772934389.5100036,1860.6007200621912
1772934389.5100143,2569.0597506502277
1772934389.5100236,2730.3797934759186
1772934389.5421283,2114.666295815933
1772934389.5421524,1585.8349393575852
1772934389.542163,1893.4814719162543
1772934389.5421717,2607.6381554131026
1772934389.5421834,2720.10789562186
1772934389.574237,2066.287569150575
1772934389.5742784,1564.4086763900057
1772934389.6144125,1928.2495524902297
1772934389.6144333,2649.0713294226553
1772934389.614443,2711.111337939438
1772934389.6144514,2021.0236875456098
1772934389.6144595,1549.8712596502953
1772934389.6465373,1968.2078519264858
1772934389.7178452,1307.2506230610054
1772934389.717866,4932.964026846988
1772934389.7178757,5891.907685750109
1772934389.7178843,2048.6804133162923
1772934389.717892,-2023.4909861957403
1772934389.7178993,56.46373335972929
1772934389.7179072,7519.9456147239525
1772934389.7179148,10619.628571581707
1772934389.7179227,104.77710008884128
1772934389.71793,-21310.508674357705
1772934389.7179377,-38787.680039716244
1772934389.717945,-38379.18317497311
1772934389.8051884,-20385.9140758513
1772934389.8052173,904.2866136758253
1772934389.8052287,10857.691390256301
1772934389.8052387,7265.211755147852
1772934389.8052504,-284.4687144812082
1772934389.8052592,-2109.7231885721258
1772934389.8052683,2237.041778772547
1772934389.8052769,6115.85529965923
1772934389.8052883,4955.506265766568
1772934389.8053012,1115.2603727128105
1772934389.8053095,-203.43075588738012
1772934389.8053205,2281.5129834670292
1772934389.8053305,4931.342820563518
1772934389.8053389,4351.565985262651
1772934389.8053477,1625.0394799596506
1772934389.8654487,-32325.149382117623
1772934389.8654692,-39327.26598227128
1772934389.8654788,-39985.126202165906
1772934389.8654876,-37458.07800558707
1772934389.8654952,-30910.49592675557
1772934389.8655028,-18155.15489479669
1772934389.8655107,-2110.8915576547224
1772934389.8815436,9019.56575365467
1772934389.8975768,9648.146170734593
1772934389.992972,-7180.221362078818
1772934389.993042,-11657.86674708996
1772934389.9930723,-17639.43358542972
1772934389.9930873,-26905.79289745231
1772934389.9930978,-32544.568254056714
1772934389.9931068,-26496.336542433135
1772934389.993117,-12258.503015671831
1772934389.9931254,-4563.584768645225
1772934389.993133,-13213.123998606257
1772934389.9931428,-29918.18115247844
1772934389.9931483,-35923.7129028815
1772934389.9931536,-23299.312247105085
1772934389.9931588,-4637.50142917323
1772934389.9931667,1404.5594891416872
1772934389.9931734,-8000.170728045469
1772934390.0552325,-58559.15667532355
1772934390.0552576,-74229.14743382469
1772934390.0552692,-57295.97323080544
1772934390.0552783,-25636.190738535413
1772934390.0552871,-4066.586587647861
1772934390.0873258,1143.989706850056
1772934390.1226509,2314.237330352524
1772934390.1226916,4293.934156321854
1772934390.1227024,7924.3394855290435
1772934390.1227117,1064.0012590526715
1772934390.1227205,-20653.756808677175
1772934390.1385472,-43950.04509074466
1772934390.1546202,-28877.95548689552
1772934390.1827395,-29478.414147938023
1772934390.1827595,-23082.81884362886
1772934390.217908,-18370.244365906092
1772934390.217939,-17256.0734526002
1772934390.2179492,-29901.891914249154
1772934390.2179585,-49444.6738241305
1772934390.217967,-58104.99020230166
1772934390.2179751,-43805.28590842633
1772934390.254029,-36366.32919866704
1772934390.2540529,-5844.494049508164
1772934390.254063,11346.687828209459
1772934390.254072,10482.331461238784
1772934390.2540803,3075.774415443628
1772934390.2700925,1739.1720855421954
1772934390.3173423,-15599.105962310743
1772934390.3173656,-6439.85177061866
1772934390.3173754,2731.213494369528
1772934390.3514357,10843.426912556588
1772934390.3514652,2646.876184307639
1772934390.351476,-9550.346801348118
1772934390.3514848,-15618.065018952291
1772934390.3515103,-11111.073262584563
1772934390.3835669,-24468.793592235008
1772934390.44481,-21440.183846513497
1772934390.444832,-21324.013440610754
1772934390.4448426,-23270.08798187144
1772934390.4448512,-21108.07245954561
1772934390.444873,-10841.100484630271
1772934390.4448817,3445.1578846967445
1772934390.44489,12662.415281317462
1772934390.4448984,12036.619736444918
1772934390.5150914,6041.319022800144
1772934390.5151172,7861.299009863296
1772934390.5151267,10301.137866285086
1772934390.5151408,4961.611664373006
1772934390.51516,-8232.570474168537
1772934390.5311773,-18161.47258425298
1772934390.6145563,-10109.21674927585
1772934390.6145766,1741.4698983805151
1772934390.6145864,9829.348730078063
1772934390.6145947,11553.281017117544
1772934390.6146033,11363.774265495522
1772934390.614611,10852.305318114755
1772934390.614621,4303.5052919429
1772934390.6146307,-12432.695333566042
1772934390.6146393,-31337.137465010794
1772934390.6146488,-36301.95675524663
1772934390.6797805,-58837.34716998714
1772934390.6798089,-51589.61535149923
1772934390.6798189,-46862.41639380756
1772934390.6798277,-50795.02231697157
1772934390.679836,-52484.4995344624
1772934390.679844,-38129.07462522548
1772934390.6798527,-9990.030286930994
1772934390.6798613,13834.95350796641
1772934390.6798692,18961.88917168005
1772934390.7119462,9826.480463972106
1772934390.7339988,-21837.924385534363
1772934390.734024,-12241.078376581812
1772934390.7782,-9028.993551428617
1772934390.7782192,-19743.978507897893
1772934390.7782292,-43215.93660116589
1772934390.778238,-61962.20671475598
1772934390.7782464,-61642.335660927776
1772934390.7782552,-44403.22803927055
1772934390.7782636,-23009.481694475708
1772934390.848568,-53211.403862261446
1772934390.8485885,-49211.91474251759
1772934390.8485975,-30431.119543054276
1772934390.8486056,-16805.03890716081
1772934390.8486133,-25801.02789762271
1772934390.848621,-48359.24724296935
1772934390.848631,-56740.12720108298
1772934390.8486404,-35990.47855878101
1772934390.8486483,-1023.4162177218338
1772934390.8806024,20737.921046909145
1772934390.8966863,5474.150352641979
1772934390.924827,-20429.997183812826
1772934390.9248528,-29168.40465512039
1772934390.9248624,-14778.443594707082
1772934390.94791,4334.453770405397
1772934390.9479356,-8928.4143687964
1772934390.947946,-29612.36616694236
1772934390.9479551,-31167.075875130096
1772934391.0211587,-8880.350549019431
1772934391.0211804,16139.714263083208
1772934391.0211866,23276.558018209125
1772934391.0211916,14587.493672495226
1772934391.0211968,7523.558187363861
1772934391.0212018,11395.752099513371
1772934391.0874665,18419.241358018622
1772934391.0874877,17720.449691432834
1772934391.087495,10923.366415923585
1772934391.0875015,8772.084076925126
1772934391.0875072,15149.165321254231
1772934391.0875127,20701.316010743605
1772934391.1035604,14217.772950140621
1772934391.1326473,-31773.968045710877
1772934391.132692,-32241.070499343456
1772934391.1327016,-9683.395780182995
1772934391.13271,15178.350530630409
1772934391.1838548,23315.31206486274
1772934391.183874,15968.152290643759
1772934391.1838808,8519.134028701552
1772934391.1838884,10416.730151647815
1772934391.1838956,16557.057285834497
1772934391.1839013,17696.201623618887
1772934391.2320552,13305.798488516506
1772934391.2320752,10443.96747880055
1772934391.2320845,12866.412365677064
1772934391.2320924,16428.38041134373
1772934391.283285,15944.849827325863
1772934391.2833047,12549.409470689236
1772934391.283314,11383.72360204434
1772934391.2833223,13926.02915015014
1772934391.2833304,16228.977393865922
1772934391.2833383,14988.01051145588
1772934391.2833462,12215.997941417396
1772934391.283354,12007.613971806359
1772934391.3325813,14538.611357114252
1772934391.3326087,16017.471482777872
1772934391.332618,14339.814293606725
1772934391.3326263,12048.602079604037
1772934391.332638,12489.587131996403
1772934391.332646,14951.028507027197
1772934391.3326538,15811.174478798335
1772934391.3556,13854.329653799034
1772934391.3556771,11967.195097241096
1772934391.3556893,12890.763132127031
1772934391.3716416,15251.471837487601
1772934391.431904,15613.241903383394
1772934391.431922,13462.461346212194
1772934391.431929,11934.68820627549
1772934391.431938,13243.018973134938
1772934391.4319448,15484.198253638982
1772934391.4319513,15407.959612853188
1772934391.4319725,13121.112498989098
1772934391.4319816,11931.062423429423
1772934391.4319897,13566.266816139367
1772934391.4640377,15673.729927782133
1772934391.4981778,15205.861007927153
1772934391.4981987,12820.743016772025
1772934391.4982061,11954.696056950594
1772934391.4982128,13875.603474743139
1772934391.498219,15833.356127242354
1772934391.4982245,14995.713331108602
1772934391.5232387,12540.331535026797
1772934391.523255,11996.313639474343
1772934391.55541,14178.54128569436
1772934391.6005683,15970.82226000029
1772934391.6005926,14774.19945013188
1772934391.6006026,12267.322545647101
1772934391.6006107,12053.04747039622
1772934391.6006186,14484.77578025219
1772934391.6006267,16096.208738103478
1772934391.6006343,14537.81180226259
1772934391.600642,11995.849900588968
1772934391.6789396,12126.01917317193
1772934391.67896,14803.246226781044
1772934391.6789746,16211.242891390395
1772934391.6789849,14277.469801692147
1772934391.6789927,11715.694493855111
1772934391.6790028,12222.781328797277
1772934391.6790116,15151.326803116384
1772934391.6790197,16323.688547222815
1772934391.6790273,13983.200215567003
1772934391.719086,11416.995716513444
1772934391.7191048,12350.896286035448
1772934391.764269,15547.308068187482
1772934391.76429,16436.805650579372
1772934391.7642965,13633.12497421245
1772934391.7643023,11078.36000632764
1772934391.7643073,12514.050476976887
1772934391.764312,16015.828160914698
1772934391.764317,16551.23833700167
1772934391.7643216,13191.789471451391
1772934391.7643263,10674.636585661496
1772934391.7803824,-12609.225343392765
1772934391.8476129,-45298.387623992356
1772934391.8476405,-43255.247620055285
1772934391.8476512,-33702.97719053923
1772934391.8476608,-24826.26370081582
1772934391.8476696,-20332.396827548175
1772934391.8476784,-20845.85573383401
1772934391.8476872,-25499.81623871278
1772934391.8476956,-30615.406647914664
1772934391.847704,-30158.632749553628
1772934391.8477125,-21066.281780000052
1772934391.8477228,-7516.756016584499
1772934391.847733,3077.196931439921
1772934391.847742,8664.68123117967
1772934391.8477528,14025.222224475481
1772934391.8636796,21826.897830220074
1772934391.9179626,22741.628581468038
1772934391.9179845,28038.749762359635
1772934391.917994,16108.619529517013
1772934391.9180024,-9914.969777193428
1772934391.91801,-31376.05236963273
1772934391.918018,-34758.65574887355
1772934391.9180255,-26570.01060278698
1772934391.918033,-23790.038394912433
1772934391.9180405,-31980.985816217082
1772934391.918049,-38502.60710369999
1772934391.9180608,-28805.415005602517
1772934391.9339943,-4891.480116546659
1772934392.1458993,-19136.18256444693
1772934392.145937,-29732.608048555554
1772934392.1459622,-49574.460252283854
1772934392.1459723,-57832.37459855841
1772934392.145981,-42824.138995454596
1772934392.145989,-15833.32116137928
1772934392.1459973,1368.7560223926193
1772934392.146005,32.257296828575434
1772934392.1460125,-9072.72948108911
1772934392.1460204,-12280.820745643896
1772934392.1460288,-10398.027142476081
1772934392.1460364,-14947.221813592832
1772934392.1460462,-29297.753816836313
1772934392.146056,-40113.75881774662
1772934392.146064,-31301.518093668703
1772934392.1460872,-3916.4695458081915
1772934392.1460962,22600.522971299466
1772934392.1461046,30193.361252173683
1772934392.1461122,20337.071160929423
1772934392.1461198,10312.707209518345
1772934392.1461275,13108.824889944099
1772934392.1461349,24215.671590981583
1772934392.1461425,28603.491067363422
1772934392.14615,17548.152392803386
1772934392.1461575,-3993.4322507216802
1772934392.1461651,-24992.504945948058
1772934392.1461728,-39163.456755040206
1772934392.1461804,-46762.70733810269
1772934392.146188,-48929.56761093757
1772934392.146196,-44810.18303703959
1772934392.146204,-35227.636102325974
1772934392.146212,-25746.956370632513
1772934392.1462207,-22283.35730771563
1772934392.1462283,-23478.157123073117
1772934392.1462364,-20433.46071792593
1772934392.1462448,-6380.909885787842
1772934392.1462529,14152.75275934448
1772934392.1462605,28213.466965924094
1772934392.1462681,27319.33485726178
1772934392.2021513,13941.698826993095
1772934392.2021818,-4846.817680937469
1772934392.2021947,-19417.842224933505
1772934392.2022064,-26129.835053352817
1772934392.2022152,-27009.33818364221
1772934392.2022257,-24686.14870216386
1772934392.2022345,-18478.724753114395
1772934392.202243,-5974.903024232239
1772934392.2022512,11689.432733089492
1772934392.2022593,26970.553382947914
1772934392.2022676,29785.847690227936
1772934392.2181923,15931.434684559395
1772934392.2182202,-7325.31971089166
1772934392.2493167,-1141.1745375670698
1772934392.249336,-6363.658463922698
1772934392.37278,-42888.36937148908
1772934392.3728025,-28444.043007981792
1772934392.4853384,599.5142384803574
1772934392.5304687,23197.930318749815
1772934392.5304875,29077.979879415507
1772934392.5304952,18463.23412487837
1772934392.5565891,10315.546764431634
1772934392.5566113,15549.152615988614
1772934392.5566175,25047.414999685123
1772934392.5566237,22229.079484783604
1772934392.5907035,17053.913618894123
1772934392.5907247,14146.143946117518
1772934392.5907347,17844.815213345802
1772934392.5907433,19863.837696044582
1772934392.6529775,20699.798428803442
1772934392.653004,17612.671244589663
1772934392.653016,14874.495632861424
1772934392.6530256,16308.824064402637
1772934392.6530328,19468.887873543088
1772934392.6530423,19516.521737667903
1772934392.6530504,16682.93707651016
1772934392.653058,16036.340238947656
1772934392.6530633,18914.370048879227
1772934392.653068,18227.099141932704
1772934392.6530733,6366.220329105718
1772934392.653078,-12664.325572733316
1772934392.6851192,-23548.63187012151
1772934392.7263613,9345.436821810119
1772934392.7263825,24076.422055443312
1772934392.7263896,26149.60034574561
1772934392.7263973,16310.30280199966
1772934392.7264044,8806.564687090198
1772934392.7423153,14426.406080904879
1772934392.7825677,25843.18587352132
1772934392.7825835,24049.924036374512
1772934392.8216443,18130.79279344645
1772934392.8216717,7859.2810885417875
1772934392.8216825,8182.849055043517
1772934392.8216908,20927.431737769133
1772934392.8216996,29520.630626772356
1772934392.8217082,17142.455521969347
1772934392.8217168,-11422.414620817899
1772934392.8377595,-8549.165059020757
1772934392.883939,-3075.4087665849365
1772934392.8839605,-4111.399650468118
1772934392.8839688,133.40010281681177
1772934392.8839753,5981.017932678182
1772934392.8839808,12876.434254376038
1772934392.8839877,20661.01850767476
1772934392.8839936,24232.531941241366
1772934392.883999,15720.16658304216
1772934392.916078,-5889.675921016678
1772934392.9512026,8095.885065009295
1772934392.9512465,17048.242995288416
1772934392.9512644,24976.19681271313
1772934392.9512756,16860.080155491323
1772934392.9512846,-9347.402387499325
1772934393.0707633,16636.294321000234
1772934393.0707836,16710.2669396526
1772934393.0707912,6403.4139806382545
1772934393.0707982,-7424.900505964082
1772934393.0708044,-13274.922978999011
1772934393.0708113,-6433.064084108667
1772934393.0708172,6762.027711436672
1772934393.0708227,15757.3046637744
1772934393.0708284,15822.624223818975
1772934393.0708337,11024.057314881158
1772934393.0708392,8347.882721170496
1772934393.070845,10285.874514108253
1772934393.0708508,13514.65997925331
1772934393.0708568,13857.428202177522
1772934393.0708625,11232.303304510891
1772934393.070868,9231.794783437643
1772934393.0978453,10437.432385328908
1772934393.097883,13237.054676876765
1772934393.0978951,13898.43464830329
1772934393.1580677,10577.084590619066
1772934393.1580968,10922.3949495901
1772934393.158105,11486.782903276686
1772934393.1581104,11404.765582969338
1772934393.1581154,10873.253021979728
1772934393.158121,10736.245839101419
1772934393.1581268,11167.955992652847
1772934393.1581316,11474.239313286484
1772934393.1581368,11198.391617472622
1772934393.158142,10789.84033616574
1772934393.158147,10875.946650692827
1772934393.1741598,11308.238888529911
1772934393.1902716,11418.029198136359
1772934393.19032,11043.719043842197
1772934393.2133155,10762.46195672279
1772934393.2133381,11000.621667239651
1772934393.2133482,11393.662946193532
1772934393.2293763,11342.895711991414
1772934393.2294016,10922.374843279265
1772934393.2615073,10766.482441222137
1772934393.3227434,11115.473711370196
1772934393.3227603,11446.342493999597
1772934393.322767,11258.960504134595
1772934393.3227727,10827.116202527486
1772934393.322778,10798.356333189644
1772934393.3227832,11225.196799749989
1772934393.322788,11474.34623733869
1772934393.322795,11164.789033969932
1772934393.322801,10747.478279405808
1772934393.3228066,10849.546117607948
1772934393.376973,8486.408703587455
1772934393.3770008,11486.47860402533
1772934393.3770113,15753.58994950295
1772934393.3770201,14841.317348129385
1772934393.3770287,5747.389682394468
1772934393.3770368,-6511.405069630884
1772934393.3770452,-12457.04547343037
1772934393.3770535,-6998.432750556483
1772934393.3770616,5455.108830642141
1772934393.37707,15154.731620648616
1772934393.3770785,16236.538279815846
1772934393.4332113,-7380.493929009035
1772934393.4332273,-17142.45175224116
1772934393.4332333,-9432.627710496881
1772934393.4332392,7496.56914674953
1772934393.4332445,18195.05091410339
1772934393.4924805,16346.226494887542
1772934393.4925048,9224.936607728303
1772934393.492515,7047.294910581336
1772934393.4925244,11272.148747447174
1772934393.4925332,15129.477241876826
1772934393.4925416,13642.867179385887
1772934393.49255,9592.007376439538
1772934393.4925585,8739.797012993604
1772934393.4925663,11877.077251001703
1772934393.5336432,14334.274326215735
1772934393.5336657,12801.8266433107
1772934393.5336764,9691.124860759319
1772934393.5336845,9420.186621310864
1772934393.5336943,12209.493830083815
1772934393.533703,14008.13303492111
1772934393.5337107,12325.318224809636
1772934393.5496871,9647.069330263814
1772934393.565732,9798.460176685669
1772934393.640076,8012.809268454216
1772934393.6400964,15373.177943434588
1772934393.640106,20418.138955485232
1772934393.6401143,15219.670972910002
1772934393.6401224,1951.3350290747826
1772934393.6401303,-8785.427508376752
1772934393.6401384,-8795.009845775812
1772934393.640146,-332.6805473107249
1772934393.6401536,6984.205550913591
1772934393.6401613,6286.303022018109
1772934393.640169,-476.1574973149896
1772934393.6401763,-6088.045440361161
1772934393.640184,-6218.75739138628
1772934393.6782088,-3146.5369866104274
1772934393.678233,-1863.6594737455398
1772934393.6782427,-3671.4286032336618
1772934393.7214084,-4468.465350614125
1772934393.72143,505.0111211316865
1772934393.72144,10587.436763589054
1772934393.7214491,19026.493864627366
1772934393.721458,19158.50065361786
1772934393.7214687,11650.403602787568
1772934393.7214787,4952.149943598261
1772934393.783677,9469.175101255018
1772934393.7837005,16199.164062469139
1772934393.7837105,16531.825711325746
1772934393.7837186,9780.789164743099
1772934393.7837262,4569.529397297595
1772934393.783734,8455.352901756532
1772934393.7837417,17738.553714666286
1772934393.7997422,20044.27696871467
1772934393.799781,7698.442828070789
1772934393.815793,11005.829393719874
1772934393.8408997,14508.478918582052
1772934393.8409188,10604.884266430734
1772934393.8409252,-6127.996332355254
1772934393.8830855,10288.787910114212
1772934393.8831112,6872.162279285841
1772934393.8831213,7669.0404052687045
1772934393.8831296,12142.818924558833
1772934393.8831377,14378.979768966698
1772934393.8831453,10579.909680936136
1772934393.8831532,5046.6112104769945
1772934393.8831613,5913.967233447634
1772934393.8991587,14186.395737088544
1772934393.9152086,19506.288248869536
1772934393.9734845,8645.420862842642
1772934393.9735217,10094.05884334489
1772934393.9735289,9620.23642317881
1772934393.9735353,7425.418407769244
1772934393.9735432,6328.369285603935
1772934393.9735491,8387.058897251607
1772934393.9735544,11934.512752151213
1772934393.9735608,12425.629304076481
1772934393.9735675,5816.6840334272065
1772934394.016637,14571.338887727059
1772934394.0166583,13310.821829718285
1772934394.0166683,-7484.989637944241
1772934394.0487328,3084.3637494742507
1772934394.0648108,-18290.449091735463
1772934394.0809226,-8170.055203739072
1772934394.1270733,7463.716046864726
1772934394.127097,8802.506184931479
1772934394.1271071,6037.664618019644
1772934394.1271164,2645.089752563408
1772934394.1271243,4227.746020947596
1772934394.127133,10045.25846700647
1772934394.127141,11611.422317958059
1772934394.127149,2286.7513474988386
1772934394.159224,-12934.692830116775
1772934394.2174299,3628.349779322465
1772934394.2174692,5213.703374690938
1772934394.217481,8114.794170122912
1772934394.2174907,8227.63297602257
1772934394.2174993,4812.898055276063
1772934394.2175083,2165.0090112528706
1772934394.2175171,4520.90265271326
1772934394.2175272,10112.40153379798
1772934394.2917798,2604.083651646597
1772934394.2918231,1919.067331127925
1772934394.2918336,4730.2557333843815
1772934394.2918627,7331.64534270571
1772934394.2918713,5380.322123293482
1772934394.2918775,719.1478538936144
1772934394.291884,376.5916064117784
1772934394.2918892,6943.637237008741
1772934394.291894,12154.346321344323
1772934394.2918987,4048.72866355186
1772934394.3831253,2282.644000059167
1772934394.3831444,1372.6674221948017
1772934394.383154,2348.559912731305
1772934394.383162,3994.914542278377
1772934394.38317,3907.5939507611824
1772934394.3831787,1962.8863909329975
1772934394.3831866,842.1517199700714
1772934394.3831947,2390.1975704396586
1772934394.3832023,4674.919020446508
1772934394.38321,4303.324115784019
1772934394.383217,1356.339884315591
1772934394.3832247,-83.81893941492866
1772934394.3992035,2570.859968247625
1772934394.4152672,6070.385943215422
1772934394.4152925,5006.709539277502
1772934394.4644337,3852.8763594042694
1772934394.4644587,650.7815490018897
1772934394.4644685,-1033.064590388271
1772934394.4644773,2082.686936500503
1772934394.4644852,6918.703915412737
1772934394.4644952,6139.508991753254
1772934394.4645045,-3539.159833166967
1772934394.464512,-16289.214088384626
1772934394.4965997,2249.3650372873035
1772934394.5207117,2305.995778525005
1772934394.5207305,1827.941411808469
1772934394.5207372,1467.35808103103
1772934394.5367198,1827.745585950994
1772934394.5689116,2490.9925664282105
1772934394.6150644,2467.033087751144
1772934394.615084,1644.77245178503
1772934394.6150935,1146.7025553984186
1772934394.615102,1832.1155695394446
1772934394.6151102,2889.0379345686633
1772934394.6151178,2736.1018384171034
1772934394.766742,1324.757061565159
1772934394.7667592,575.9865259907457
1772934394.7667663,1857.3617768720653
1772934394.7667732,3694.661822285114
1772934394.7667797,3300.620668556247
1772934394.7667854,566.4616249202882
1772934394.7667909,-894.930047563512
1772934394.7667964,1907.4394719184806
1772934394.766802,6388.938555386675
1772934394.7827656,5707.862702191111
1772934394.8149164,-3694.9457635910826
1772934394.8641112,2019.8142599001633
1772934394.8641372,2016.6751759110177
1772934394.8641467,1644.2949290575948
1772934394.8641574,1326.7781168778636
1772934394.8641677,1466.2540319210457
1772934394.864176,1964.6593384854216
1772934394.8641853,2246.825290200382
1772934394.864194,1872.7404070508085
1772934394.8642015,1167.1317196811553
1772934394.8952377,1039.3515115784369
1772934394.8952537,1895.9711655542494
1772934394.89526,2825.433722107194
1772934394.943479,2396.6179426013764
1772934394.9435155,647.1442289216342
1772934394.9435315,-226.2790596961973
1772934394.9435456,1794.7218928586274
1772934394.943558,5150.856959208602
1772934394.9435709,4720.493152667235
1772934394.9715717,-44922.52527105736
1772934394.9715874,-57143.90256974879
1772934395.0187464,-21615.399190525623
1772934395.0187683,-987.438983833272
1772934395.0187778,9354.624869772244
1772934395.0187857,7148.394949990713
1772934395.0187936,277.29319160951326
1772934395.0188012,-2655.2427657600856
1772934395.03483,206.59617605564185
1772934395.0508907,4476.53215769558
1772934395.0669527,5338.348205608744
1772934395.0669796,2217.672195652635
1772934395.0990655,-1263.3001264060597
1772934395.0990863,-1065.1607654673605
1772934395.0990984,3185.6415453275927
1772934395.099109,7153.470633361087
1772934395.131188,5120.478440868396
1772934395.1553051,715.5892102167998
1772934395.1553216,1793.3303850600307
1772934395.155328,2558.4031210028397
1772934395.1713753,2112.494344917526
1772934395.187415,1265.8183201934462
1772934395.2035217,1163.3673963101353
1772934395.269771,10622.947487968591
1772934395.2697976,-879.0114162762515
1772934395.2698076,-20326.3818565273
1772934395.2698166,-34244.372727521004
1772934395.2698252,-36654.61375719468
1772934395.269833,-35533.8575554847
1772934395.269842,-41807.913405895335
1772934395.2698505,-54124.978933462764
1772934395.2698584,-58499.36274582409
1772934395.2698665,-44100.1206269464
1772934395.2698743,-16738.358910940864
1772934395.2698824,5885.9407348865
1772934395.26989,11699.87305848884
1772934395.3019216,4767.912739783206
1772934395.3019505,-1748.8078180366801
1772934395.3561718,-384.40060193714777
1772934395.3561988,5000.56813686686
1772934395.3562088,6873.98993999512
1772934395.356217,3719.3963017365254
1772934395.3562243,451.6368684687328
1772934395.3562348,1135.4899618113059
1772934395.3562448,4214.00183795228
1772934395.356253,5464.214119100064
1772934395.3562627,3644.30278730549
1772934395.3882406,1488.4686302692578
1772934395.518849,-6241.185858390499
1772934395.5188785,-19049.164798273425
1772934395.518885,-32481.751822747843
1772934395.5188909,-40013.43823898573
1772934395.5188973,-37975.45628106674
1772934395.5189044,-29061.084566752674
1772934395.518912,-19274.707723391446
1772934395.5189176,-12593.046309092966
1772934395.5189238,-10214.211104634285
1772934395.5189302,-13842.566180418973
1772934395.5189357,-25885.414776972917
1772934395.5189407,-44109.59279839879
1772934395.5189457,-58287.55629418697
1772934395.5189507,-56563.93642746649
1772934395.518956,-37081.283774991
1772934395.518962,-11415.365635499613
1772934395.5189672,5785.870347527722
1772934395.5189729,10022.792019333781
1772934395.5189788,7999.380952919778
1772934395.5189855,6290.890507916073
1772934395.5189915,2823.203991619634
1772934395.518998,-7761.4439068565225
1772934395.5190039,-22650.086525210398
1772934395.5190108,-30063.041625318336
1772934395.5190215,-22304.79405246977
1772934395.5190299,-6711.882073376189
1772934395.550916,751.4743424208109
1772934395.6162038,12197.726733756755
1772934395.616229,11470.82387577118
1772934395.6162384,4735.168289822974
1772934395.6162467,-3349.6019478539097
1772934395.6162543,-10157.281357013404
1772934395.616262,-13804.160937515939
1772934395.6162837,-11846.546984898088
1772934395.6162913,-3655.1638882950842
1772934395.616299,6595.912680175076
1772934395.680477,12346.642919009619
1772934395.680522,9694.559368601012
1772934395.680532,4876.0004890128785
1772934395.6805406,3359.9527336311917
1772934395.680549,3451.6082989755546
1772934395.6805575,-2050.6997649645527
1772934395.680566,-15908.237171837063
1772934395.6805744,-30376.78488112119
1772934395.6805823,-33871.50656053985
1772934395.6805906,-23923.87339400972
1772934395.6805985,-11134.774917269908
1772934395.6806068,-8229.852900525917
1772934395.6806147,-15851.695997278135
1772934395.6966183,-21523.438834247627
1772934395.712621,-13740.716782580503
1772934395.71265,4326.032782786116
1772934395.7658172,9467.183940036168
1772934395.765839,13441.613961745055
1772934395.7658603,10532.907071523234
1772934395.7658696,467.9390674720211
1772934395.76588,-14564.23855557021
1772934395.7658892,-28411.654328251192
1772934395.7658973,-33453.51570323846
1772934395.7659054,-26807.65853304696
1772934395.8622005,10339.005960126138
1772934395.8622155,14740.678667824282
1772934395.862222,-4620.2188012739325
1772934395.8622274,-27586.23844660572
1772934395.8622327,-33246.10512201122
1772934395.862238,-20223.293338094318
1772934395.8622427,-3411.3042293268377
1772934395.862248,5251.368885500099
1772934395.8622527,7227.618360347713
1772934395.8622577,9009.541581128922
1772934395.862263,9932.751785702492
1772934395.8622675,3805.6605712669407
1772934395.8622725,-9097.602759427955
1772934395.8622775,-18082.133249127066
1772934395.9295073,-16135.916969529324
1772934395.9295297,1619.8405558543839
1772934395.92954,17706.434879498145
1772934395.9295492,16618.194481052047
1772934395.9295576,50.98978087188816
1772934395.9295664,-15755.461297559988
1772934395.9295747,-17517.437655507696
1772934395.9295833,-6903.437408495897
1772934395.9295936,4604.69083992653
1772934395.9296036,9112.7220773458
1772934395.9456637,8095.854622642163
1772934396.0198817,7511.403568428004
1772934396.0199,8991.882322155518
1772934396.0199063,8503.279387056984
1772934396.0199115,5807.549892528262
1772934396.0199163,5262.007937756566
1772934396.0199213,9069.744100318345
1772934396.0199263,12241.141974221744
1772934396.0199313,7130.36518212078
1772934396.0199358,-7226.2675240625
1772934396.0199406,-22321.47282621949
1772934396.0199451,-27621.810293215283
1772934396.01995,-20103.06482775692
1772934396.0199547,-6036.6194469922475
1772934396.0199594,5585.541464395485
1772934396.0199642,10280.660359791562
1772934396.0359552,9542.639050809226
1772934396.101204,-16112.336359904055
1772934396.1012313,-11256.367485044046
1772934396.101242,1863.1683083387538
1772934396.101251,12158.025679870492
1772934396.1012597,13167.135109764911
1772934396.1012683,7964.683600543086
1772934396.1012764,4192.627313012734
1772934396.1012845,5657.614943420451
1772934396.1012924,9451.70406997576
1772934396.1013007,10625.03150853181
1772934396.101311,8197.179928441954
1772934396.1013207,5668.35815487301
1772934396.101329,6204.482457536421
1772934396.1172633,8801.934801432331
1772934396.1605136,9952.247831362265
1772934396.1605396,8289.904328626351
1772934396.1605492,6174.186475720589
1772934396.1605575,6405.591987362367
1772934396.1605659,8553.944361303376
1772934396.160574,9678.68448759833
1772934396.1826162,3264.4579383987757
1772934396.1826367,-11178.784694066157
1772934396.1826477,-16923.087330110364
1772934396.27195,-2418.8766064002907
1772934396.271982,12461.341706898049
1772934396.2719927,8002.431893473255
1772934396.2720025,-10360.606534430122
1772934396.2720113,-19576.503226538203
1772934396.2720203,-7298.145358282287
1772934396.2720296,11955.664125325737
1772934396.2720392,13169.672405985393
1772934396.2720475,-9354.231616756886
1772934396.2720556,-34290.9557235795
1772934396.2720647,-36686.83704546439
1772934396.3552413,-35678.53818166266
1772934396.355267,-25783.600068426673
1772934396.3552775,-19841.1808216756
1772934396.3552873,-21572.996026078436
1772934396.3552957,-25174.588485247525
1772934396.3553066,-22950.202236517973
1772934396.3553302,-12663.815089599848
1772934396.3553383,1215.4734905216267
1772934396.355348,10949.159696873288
1772934396.3553572,9942.616613620903
1772934396.3553655,-3692.299824032353
1772934396.3553736,-25438.824779000446
1772934396.3553815,-46132.87617990897
1772934396.3553896,-57123.77201736212
1772934396.3553977,-55181.784764543554
1772934396.3554058,-43006.08731821755
1772934396.355414,-25700.04895176045
1772934396.4255276,-36053.58562405848
1772934396.4255557,-27575.51953957705
1772934396.4255652,-12459.756156645686
1772934396.4255736,2699.2258628171703
1772934396.4255817,10702.773356455791
1772934396.4255896,11411.44492442933
1772934396.4255977,10459.891220487838
1772934396.4256053,11671.139021200624
1772934396.4256127,13383.554992355414
1772934396.4256203,12610.96225444008
1772934396.4256277,10209.174617625129
1772934396.4256353,9692.697250247485
1772934396.425643,11932.63072428757
1772934396.4256504,13748.981330505158
1772934396.4576697,12491.290011936379
1772934396.4737277,9920.412543797778
1772934396.4737563,9731.316027411029
1772934396.501868,12230.429466818106
1772934396.5018935,13843.695680224986
1772934396.5019033,12229.50450697383
1772934396.59329,-30518.721407725036
1772934396.5933173,-47161.673452976036
1772934396.5933285,-42768.73761273961
1772934396.593338,-27411.463415265844
1772934396.5933473,-17840.502956066954
1772934396.5933557,-20021.548214844683
1772934396.5933633,-26084.28187629995
1772934396.5933714,-26605.314989884097
1772934396.5933788,-21768.682458690004
1772934396.5933864,-19138.839748123777
1772934396.5933943,-23344.121187138855
1772934396.5934026,-30959.96058178894
1772934396.5934107,-34912.822232432176
1772934396.5934184,-31302.878605335183
1772934396.5934262,-21658.60104190979
1772934396.5934336,-11185.882869426288
1772934396.5934412,-6259.922306761209
1772934396.5934489,-11021.885214382193
1772934396.593456,-22742.183412567716
1772934396.5934632,-30778.237633114182
1772934396.5934708,-24313.76517462445
1772934396.5934784,-3977.1783010099066
1772934396.6314633,-25184.37936658875
1772934396.6315048,-40711.112967160276
1772934396.631516,-48053.37460332701
1772934396.6315248,-32436.84609673407
1772934396.6315358,935.8384050513022
1772934396.6736774,15275.556612744425
1772934396.6736999,24178.167121332215
1772934396.6737094,21890.041981731578
1772934396.673716,14168.683188368228
1772934396.6737213,6333.00620976471
1772934396.6737266,371.67311778593626
1772934396.6737316,-2869.030376838929
1772934396.753868,-45785.079215722086
1772934396.7538831,-47937.33810773755
1772934396.753889,-25975.243831186745
1772934396.7538946,843.2348255770407
1772934396.7538993,9950.24655699965
1772934396.7539046,-2195.199630025368
1772934396.7539096,-18743.24813227456
1772934396.7539144,-22338.950429982797
1772934396.753919,-12389.04660116664
1772934396.753924,-996.4388284397432
1772934396.7539284,4205.574018809548
1772934396.7539332,7508.79459465196
1772934396.753938,15130.278681980371
1772934396.7539425,23674.071684951632
1772934396.836232,8220.818359318153
1772934396.83625,-9067.280493154269
1772934396.8362567,-20543.229367481927
1772934396.8362632,-18670.569270482963
1772934396.8362684,-8913.941958518153
1772934396.8362744,-1959.4030570182447
1772934396.8362803,160.94110719028114
1772934396.836288,5518.762031813443
1772934396.8362956,18650.176446055615
1772934396.836301,29831.615341407716
1772934396.836308,23217.32448560825
1772934396.8363144,-3856.498698193296
1772934396.83632,-33701.91250899897
1772934396.917637,-4637.1666544983345
1772934396.9176652,14515.450762247168
1772934396.917676,27740.940994801906
1772934396.9176855,23717.907380990422
1772934396.917694,7967.5681863343825
1772934396.917703,-4651.561846799577
1772934396.9177115,-5196.769362918778
1772934396.91772,3218.995411187226
1772934396.917729,12251.017731475202
1772934396.917737,17314.428322039723
1772934396.9177456,18927.6088389154
1772934396.9177537,18569.171050736153
1772934396.917762,16830.780661729335
1772934396.9336247,15188.278925028279
1772934396.949706,15947.977014697402
1772934396.9928904,17126.918438238365
1772934396.9929152,17425.721261174524
1772934396.992926,15711.237336164248
1772934396.9929347,14720.444906708963
1772934396.9929438,16707.097384378063
1772934396.992952,18650.502735346603
1772934396.9929607,14232.31632734151
1772934397.0722804,20569.139566897175
1772934397.0723133,17452.9139936397
1772934397.0723228,7485.164084042584
1772934397.0723307,-2679.1919605032717
1772934397.07234,-6115.055868342793
1772934397.0723474,-1282.153215086827
1772934397.072354,7941.057063820909
1772934397.0723596,16129.639245399874
1772934397.0723653,19647.173322534607
1772934397.0723712,17878.701848081335
1772934397.0723767,13356.616360001834
1772934397.104318,10669.377334723487
1772934397.1204133,13088.127734462969
1772934397.1656432,-1487.2066577915307
1772934397.1656623,-29164.61288937558
1772934397.1656718,-44559.66360615544
1772934397.165681,-33984.959565851925
1772934397.1656888,-4867.8423684388235
1772934397.1656966,20459.647955933757
1772934397.1657047,25756.434488507337
1772934397.2158172,2924.778438311511
1772934397.2158372,-18984.767684409955
1772934397.2158468,-23951.787024413323
1772934397.2158554,-11088.998860308708
1772934397.2158632,6083.30368840792
1772934397.215871,15109.248252193278
1772934397.2158792,15259.126000996599
1772934397.2158873,13880.316522425961
1772934397.2158952,15585.35373777957
1772934397.3171873,-7189.654462412652
1772934397.317229,-17811.734949447975
1772934397.3172405,-28152.512502700316
1772934397.3172488,-37835.62994626197
1772934397.3172584,-45010.1629040953
1772934397.3172672,-46400.66046562671
1772934397.3172753,-39613.22960294438
1772934397.3172832,-26433.15456079452
1772934397.3172908,-13561.289371815052
1772934397.3172984,-8601.730814590514
1772934397.3173063,-13867.992572904439
1772934397.317314,-23726.27828351683
1772934397.3173215,-28627.53892449763
1772934397.3173292,-22712.423411937656
1772934397.3173368,-8279.670609206323
1772934397.3173444,6711.705111136354
1772934397.317352,15464.04179153667
1772934397.3173597,17173.422972036667
1772934397.3173764,15990.88994425815
1772934397.317384,15994.404659159076
1772934397.3173914,17481.146304039852
1772934397.3173988,17960.206154580876
1772934397.3174064,16150.858449642936
1772934397.3332808,14189.25235091447
1772934397.349337,15265.679964926872
1772934397.3925245,-11153.467622672595
1772934397.3925514,-18389.79608107156
1772934397.3925617,-13053.726620220215
1772934397.3925703,1590.331951262839
1772934397.3925784,15789.789804941878
1772934397.3925896,21540.32550906018
1772934397.3926003,18719.067931468064
1772934397.3926096,13733.173500680432
1772934397.4086757,12866.667481427025
1772934397.4366825,16902.23398201774
1772934397.4367037,21154.741822664502
1772934397.472854,15803.437392691583
1772934397.4728723,20853.092381074064
1772934397.4728792,21110.38950239585
1772934397.472885,11166.13042554271
1772934397.472903,-2783.8151942223685
1772934397.4889617,-7552.615306042547
1772934397.504959,-21407.871388555766
1772934397.560234,-29171.924371958885
1772934397.5602715,-24498.272735680788
1772934397.5602827,-15178.88886419088
1772934397.5602913,-2440.370775225343
1772934397.5602996,11215.230336339424
1772934397.6094203,3398.4433657252725
1772934397.6094377,-939.0827997095957
1772934397.609444,223.530398527015
1772934397.6094496,8634.702886411853
1772934397.609465,18754.515702755343
1772934397.6325333,22895.899028312935
1772934397.632554,19232.792443785405
1772934397.632564,14013.87519903444
1772934397.6646557,-13364.03954844733
1772934397.6907578,-2094.0657479486204
1772934397.6907928,19231.577441152567
1772934397.6908052,28195.38743773768
1772934397.6908157,15356.964517054103
1772934397.7228808,-28338.53114004367
1772934397.7871497,-5162.053984767627
1772934397.803204,-2331.1505427359416
1772934397.8192716,4786.498733699272
1772934397.8986492,-13433.608416388593
1772934397.8986742,-5632.226544283021
1772934397.8986833,7769.769926079325
1772934397.8986914,21354.020249544737
1772934397.8986993,27410.955976742323
1772934397.8987072,22779.113934582518
1772934397.8987148,13129.145232311752
1772934397.898722,8970.639601825345
1772934397.8987296,15594.842942202651
1772934397.8987372,26542.146937104724
1772934397.8987448,28430.364771335193
1772934397.8987522,14047.751774215534
1772934397.8987596,-8977.689964056004
1772934397.8987672,-23727.805547226995
1772934397.8987749,-19390.920109005314
1772934397.961862,-24162.51228414159
1772934397.9618878,-1536.0923888021662
1772934397.9618983,16248.057169029456
1772934397.961908,22683.683724622562
1772934397.9619167,22109.016961961144
1772934397.961926,20598.20736111498
1772934397.9619353,18006.840789463484
1772934397.9619443,10951.325791753467
1772934398.0100815,1325.0417596510752
1772934398.0362315,20640.80822356871
1772934398.0362525,20917.736450161156
1772934398.0362644,18381.783730951985
1772934398.0522616,11266.674240789598
1772934398.052291,1649.8526407206516
1772934398.100455,19949.85490132112
1772934398.1004827,19146.711505543157
1772934398.1326075,17820.976160052483
1772934398.1647203,13575.02778618031
1772934398.1807609,2510.301288797686
1772934398.203845,22634.643307538678
1772934398.2038617,17743.73743283175
1772934398.203868,9206.47033005947
1772934398.2199185,1685.7628291885053
1772934398.252116,18973.342233433235
1772934398.299264,15768.176697123383
1772934398.2992895,12361.63064740798
1772934398.2992988,16054.800815242055
1772934398.299307,22573.723709427202
1772934398.2993152,19606.917858357414
1772934398.2993228,757.8350063139638
1772934398.3153155,-25530.134684698958
1772934398.3153412,-43560.95199615158
1772934398.3314035,-22866.808180333097
1772934398.3745725,14142.430122467596
1772934398.3746023,21379.803258659853
1772934398.3746133,17890.340507747846
1772934398.374622,14368.270908798615
1772934398.3746328,14360.817759612248
1772934398.3746428,11601.35644051322
1772934398.4067693,2001.2386908750498
1772934398.422766,15711.853581271802
1772934398.438933,11364.171135940487
1772934398.4679646,12143.463134421145
1772934398.4679885,16385.03484607364
1772934398.4840088,18153.05701994256
1772934398.5071123,15414.789154639868
1772934398.5071352,12147.175488616434
1772934398.507146,12569.678379825842
1772934398.5352623,15826.973019272717
1772934398.535287,17674.28906560597
1772934398.535295,15983.666204506331
1772934398.5512843,-4298.101774777397
1772934398.5673964,-11035.077929083087
1772934398.583418,-2912.0577679635007
1772934398.5834382,13290.737414781734
1772934398.6296349,13974.428919159553
1772934398.629656,13855.99792655518
1772934398.6296628,14907.466939787559
1772934398.629687,15988.608546010464
1772934398.6296973,13612.211869505643
1772934398.629704,9840.458160094768
1772934398.6297104,11021.754632033038
1772934398.6297164,17752.25217500255
1772934398.629722,20835.228986391292
1772934398.6617608,11208.88800139565
1772934398.6778617,14339.027540702204
1772934398.6939104,16997.651583465326
1772934398.7099717,13220.415211212488
1772934398.7100046,-2978.805202245717
1772934398.7581685,-4070.7951009302765
1772934398.795304,9691.626779417089
1772934398.7953198,9520.316366812258
1772934398.795326,14207.988171015531
1772934398.7953312,14994.754838576537
1772934398.795336,3231.8706285449193
1772934398.839542,6257.080989704896
1772934398.8395836,-13460.039961458488
1772934399.4420185,16355.89592395964
1772934399.4420528,16928.449471373104
1772934399.4420629,-1243.4338357698434
1772934399.6186745,-9478.517667454098
1772934399.7381735,-33930.85411266235
1772934399.738202,-51853.33246704012
1772934399.7382083,-47977.67333215755
1772934399.7542083,-27925.497864724104
1772934399.8346312,-47003.108615836834
1772934399.8506417,-53346.59296331127
1772934399.866721,-45583.20486502239
1772934399.8667471,-22296.85178152275
1772934399.888755,-41668.388691938635
1772934399.8887808,-42607.54669483126
1772934399.9048607,-47459.96721494711
1772934399.9208896,-26632.084726047397
1772934399.936972,-1038.3129594063153
1772934399.953044,15028.879619213958
1772934399.9811585,18296.416313735197
1772934399.9811788,16952.60478618112
1772934399.981185,9369.202618144263
1772934399.9811924,-2520.244435577424
1772934399.9972215,7907.037417740725
1772934400.013282,-4463.15244090504
1772934400.029359,-11870.631012176944
1772934400.053471,-5991.302996834054
1772934400.0534883,8681.037017614592
1772934400.0534952,18264.12558294149
1772934400.0996616,16581.59619467322
1772934400.0996883,11324.044642302213
1772934400.0996974,7546.439306063442
1772934400.0997057,9346.448478574363
1772934400.0997136,13405.079492983361
1772934400.0997212,14188.997635568545
1772934400.0997295,10907.693585845633
1772934400.1398163,-11209.043956514031
1772934400.1398385,-12344.131476788942
1772934400.1398487,-7356.314499415526
1772934400.1398575,-3161.473587754466
1772934400.139866,-4670.5615003597895
1772934400.1709392,11340.316398391025
1772934400.170957,6078.1009584293215
1772934400.1709635,-5396.960209341417
1772934400.186954,-10109.416216368112
1772934400.2342193,-6820.953465314405
1772934400.2342412,5141.754981282713
1772934400.2342513,15401.924536904391
1772934400.2573354,16591.23749862976
1772934400.257362,11507.94229565556
1772934400.2573724,8221.736176126682
1772934400.305552,10127.031822256382
1772934400.305574,13318.527647039975
1772934400.3215992,13272.612905343298
1772934400.3216252,10841.6567681299
1772934400.400906,8911.749076728958
1772934400.4009252,8996.319730539699
1772934400.400935,12839.431610450278
1772934400.400943,16045.339971917669
1772934400.400951,14179.610432924836
1772934400.4009588,6409.53637233161
1772934400.4009664,-3804.224405356641
1772934400.4330056,-10249.444473554298
1772934400.5685537,-52240.62116644927
1772934400.568575,-52600.82640748465
1772934400.6007006,-27345.577731056397
1772934400.61676,-42185.09769812125
1772934400.6449025,-23274.807831002057
1772934400.6449244,-4995.674926836017
1772934400.6449347,8448.36506396782
1772934400.6810355,20263.554436400776
1772934400.6810513,13128.327218723769
1772934400.6810577,-3038.670135592012
1772934400.6810632,-14633.71004488092
1772934400.7131643,-9900.904855180193
1772934400.7452881,9082.77743346352
1772934400.7453084,25258.111256015898
1772934400.8125677,-301.50841612673736
1772934400.8125849,-11090.12767520856
1772934400.812591,-8702.200044762349
1772934400.8125985,4958.779585595857
1772934400.8286889,17672.03638140002
1772934400.828715,20347.970068050836
1772934400.8447022,-25647.078316137315
1772934400.8607743,-34122.29555008447
1772934400.8929355,-11237.392435564412
1772934400.8929715,15462.479589618251
1772934400.892983,23699.761034186802
1772934400.8929925,13965.553674837884
1772934400.921024,5027.7885591118165
1772934400.9210415,8969.993765920197
1772934400.921048,17728.18540712478
1772934400.9371233,15717.0120619647
1772934400.9993472,14564.036428550477
1772934400.9993706,9302.013686731889
1772934400.9993804,5295.795458411265
1772934400.9993885,106.97216600386426
1772934400.999396,-9637.142347153162
1772934400.9994042,-20567.273512460553
1772934400.9994125,-24774.73490855931
1772934400.9994204,-19716.664656002893
1772934401.0666687,16397.905710493575
1772934401.0666883,12506.295047642005
1772934401.0666976,-6242.084489971483
1772934401.0667062,-17612.30091774223
1772934401.0667148,-9011.202173577358
1772934401.0667248,9336.555609674193
1772934401.0667346,18473.082035515614
1772934401.0667427,13211.00269869478
1772934401.0897331,5453.759456883213
1772934401.089778,6652.405246336498
1772934401.105898,13645.493214252845
1772934401.1680467,16520.91230556746
1772934401.1680684,12234.643850342178
1772934401.168078,5218.271523579416
1772934401.168086,5229.019695872443
1772934401.168094,12618.088922861934
1772934401.168102,17898.60454212474
1772934401.16811,13321.890378402826
1772934401.1681175,1507.5931947584795
1772934401.2152433,-18314.008729450798
1772934401.2152634,-20940.516204282725
1772934401.215273,-15154.972894824801
1772934401.2152808,-5051.741391569905
1772934401.2152884,5793.584427863763
1772934401.2152967,13904.717114694255
1772934401.23136,15833.721626478655
1772934401.2314017,11476.447971553229
1772934401.2474058,6181.194417286817
1772934401.2474332,6372.739443945661
1772934401.27951,12302.192901424649
1772934401.3087163,16564.900270967886
1772934401.3087392,5032.784592493756
1772934401.3087509,-8818.639103495214
1772934401.3246913,-14853.744848394297
1772934401.3247194,-14448.056477346085
1772934401.3729234,1610.3324198370017
1772934401.4030037,-5186.469425509256
1772934401.4030252,-11816.295665273146
1772934401.4030333,-6633.518454815903
1772934401.5476706,-16494.702102249015
1772934401.6118684,-28078.34757568889
1772934401.6761165,-43954.46257788774
1772934401.7565002,-32143.8512532029
1772934401.7886431,-34334.26571793687
1772934401.8368056,-28818.326556490494
1772934401.9080925,-43654.65756328663
1772934401.9081144,-41358.92048322883
1772934401.9081247,-36802.062170050325
1772934401.9975011,-5403.876908574804
1772934401.9975452,14250.023042142067
1772934401.9975517,17750.4263337973
1772934401.9975572,9956.042746236488
1772934401.9975624,5794.782987914277
1772934401.997568,12400.571363660712
1772934401.9975731,19757.321069550595
1772934402.0557427,17432.479150323703
1772934402.055766,6987.4981011154805
1772934402.0557768,-7732.643850896008
1772934402.7947192,9628.278949257128
1772934402.8459644,11567.529811929755
1772934402.8460097,12200.569814002525
1772934402.8460207,10796.026579862848
1772934402.8460295,9977.912626665004
1772934402.8460405,11246.032607231442
1772934402.8780751,12228.999703382604
1772934402.8780935,10529.587170242348
1772934402.8781052,8623.122534341153
1772934402.878115,11101.473923419066
1772934402.8781233,16082.270317136066
1772934402.942406,13151.993033827926
1772934402.9583766,-5647.134045851584
1772934402.9905856,7396.5544808905
1772934403.0065727,-7991.647965228018
1772934403.0497508,7615.608851892665
1772934403.0497706,9723.748521177622
1772934403.04978,12644.733963282604
1772934403.0497885,12282.249402602534
1772934403.049796,9117.997013961822
1772934403.0498035,7582.585140406296
1772934403.0889783,9869.23167304423
1772934403.0890148,12806.897851797168
1772934403.0890224,12235.44873308003
1772934403.0890305,8883.537739010619
1772934403.1260784,7460.290289303194
1772934403.126098,10064.87464904708
1772934403.1261036,13099.900930576381
1772934403.126109,12203.99267678516
1772934403.1261144,8488.848080700012
1772934403.2124217,7206.926212228235
1772934403.2124455,10380.522028409721
1772934403.2124553,13651.153837358785
1772934403.2124636,12188.765687723668
1772934403.212474,7747.399168847249
1772934403.212484,6693.665642591705
1772934403.2124922,11035.619097661676
1772934403.212502,14863.25143785246
1772934403.2125108,12116.261318310319
1772934403.288808,9663.140871816766
1772934403.288838,8059.224643526039
1772934403.2888467,8881.429421580175
1772934403.2888532,11037.272717961243
1772934403.2888584,11575.403126704432
1772934403.2888637,9716.081943780255
1772934403.288869,7968.961674329077
1772934403.2888741,8752.491544728175
1772934403.2888792,11062.77024835492
1772934403.320861,11756.64060507403
1772934403.3520064,9811.400001846077
1772934403.3520343,7808.818679819572
1772934403.3520472,8515.980315895436
1772934403.3520555,11097.549476062444
1772934403.3751023,12082.19169916501
1772934403.3751316,10004.453402031146
1772934403.3751411,7516.418203227144
1772934403.4072323,8042.524274467782
1772934403.4644558,11146.596851047394
1772934403.464476,12793.217398320805
1772934403.4644868,10480.464497522185
1772934403.4644964,6822.708824949332
1772934403.464506,6730.00803371219
1772934403.4645147,11211.031096926878
1772934403.464526,15247.946036326784
1772934403.4965768,12675.532084602959
1772934403.5367289,7859.704454914699
1772934403.536748,9454.855921827435
1772934403.536755,11301.687315855432
1772934403.5367608,10829.099091622753
1772934403.536766,8637.653824029549
1772934403.5367708,7740.676543510121
1772934403.568921,9426.76587081461
1772934403.6010833,11422.4452669104
1772934403.6011128,10951.255397921173
1772934403.6241193,8578.58040622057
1772934403.624146,7545.370409890361
1772934403.6241555,9352.35187304107
1772934403.6994307,11599.565911441081
1772934403.6994507,11171.935080182675
1772934403.69946,8526.723522421707
1772934403.6994681,7238.407443881971
1772934403.6994765,9192.476607829461
1772934403.6994843,11870.463068796142
1772934403.6994925,11573.250712413597
1772934403.6995003,8473.431451935652
1772934403.6995084,6667.607735178504
1772934403.6995168,8831.022816154793
1772934403.7406096,12378.643446651366
1772934403.7406251,12487.446066904464
1772934403.740631,8447.878001841982
1772934403.7897768,7328.422914377676
1772934403.789806,11528.911051227498
1772934403.7898183,12211.147070345125
1772934403.7898295,7727.680525688479
1772934403.7898386,4306.731712805268
1772934403.7898495,8073.021378174116
1772934403.789859,14972.791110874097
1772934403.7898674,12537.230604159691
1772934403.8058736,-6368.660750582309
1772934403.8480847,2647.6175402809504
1772934403.848111,6111.729603146761
1772934403.8481214,13940.83979953854
1772934403.84813,12674.754515831177
1772934403.8481407,-6874.353129361103
1772934403.8721845,4351.004027932946
1772934403.8722231,4871.473188010558
1772934403.8722305,8267.860489542058
1772934403.9042835,10077.772565702626
1772934403.9203193,7543.501919969257
1772934403.949456,3585.568390562198
1772934403.9494896,3558.989342529275
1772934404.0117548,8401.133716442484
1772934404.0118043,12583.660859167128
1772934404.0118172,9709.275195699287
1772934404.011827,-370.9334947060952
1772934404.03784,6138.646241046779
1772934404.0378697,8505.64712036284
1772934404.053869,8400.041192572395
1772934404.069924,5907.212160998873
1772934404.1361973,4298.810407815991
1772934404.1362152,5671.071124036702
1772934404.1362247,8274.442063652645
1772934404.136233,9002.178922891037
1772934404.136239,7270.58821530634
1772934404.136246,4807.114324247161
1772934404.136253,2007.077141944984
1772934404.1362586,-3238.7563187940927
1772934404.361091,11543.711400966004
1772934404.6312747,4029.6096185114934
1772934404.6312964,4878.858638943947
1772934404.6313064,7322.285179628057
1772934404.6313155,7879.602895525645
1772934404.6313243,5639.5174065246765
1772934404.6313329,3724.283108817838
1772934404.6313407,4958.207311459251
1772934404.631349,7719.602010091871
1772934404.6313574,8040.95260129441
1772934405.273914,-16286.367507715826
1772934405.3863754,-12866.160656802527
1772934405.4144876,461.08621530001614
1772934405.4145129,12068.646124465778
1772934405.414523,12460.301946411155
1772934405.4145317,4665.894563747449
1772934405.4547167,93.67298586077057
1772934405.454734,4441.626896630101
1772934405.470723,11078.58355760736
1772934405.498819,10424.097866995968
1772934405.4988458,3207.260813199486
1772934405.4988556,-51.06490624877997
1772934405.5852349,2117.110316856592
1772934405.5852706,8184.190955480184
1772934405.5852864,9588.555622434877
1772934405.5853,4111.112175476496
1772934405.5853195,-734.1870389339747
1772934405.5853376,2165.9040620989763
1772934405.5853512,9242.846554188789
1772934405.5853636,10429.748251341261
1772934405.5853748,3168.819588373216
1772934405.5853877,-2814.0141367511646
1772934405.5854,2000.2900719329668
1772934405.5854127,12653.1760923557
1772934405.617289,13678.00433735432
1772934405.6615176,3591.924275216275
1772934405.661544,-2114.1056412002426
1772934405.6615543,1541.6481115707668
1772934405.6615636,11261.849538776565
1772934405.6936352,13114.512879251484
1772934405.7498484,5673.780031993048
1772934405.7498686,1369.433784266189
1772934405.7498782,236.44667138357252
1772934405.7498865,4726.4810348537185
1772934405.749894,9787.484544100316
1772934405.749902,7811.693552865753
1772934405.7499096,-2545.9346717158865
1772934405.7499173,-13978.485891515633
1772934405.781976,4921.272447554373
1772934405.8342004,5570.46659342603
1772934405.8342214,3763.541448140613
1772934405.834231,1959.1168335632003
1772934405.8342412,2856.7665200181027
1772934405.8342505,5405.391885959809
1772934405.8342583,5880.764630678449
1772934405.8342683,3180.3303523539425
1772934405.8342772,1113.7869979367667
1772934405.8502777,3512.3624931935456
1772934405.9044907,3601.757207676906
1772934405.9045105,5525.639310221749
1772934405.9045165,4677.781356916339
1772934405.904522,1676.692274340536
1772934405.9045272,479.6482827230541
1772934405.904532,3552.47673533117
1772934405.9045372,7820.633231611399
1772934405.904542,6885.257905876443
1772934405.9045465,-1980.5336536173602
1772934405.9045515,-13632.485695102729
1772934405.9497256,3459.150656001366
1772934405.9497452,3328.4843226671314
1772934405.9727693,3036.8354574994382
1772934405.972788,3014.7035724975754
1772934405.9727943,3208.906198700401
1772934405.9727995,3258.4052850898065
1772934406.0209653,3152.2440170502878
1772934406.0370076,3216.4823974286833
1772934406.053084,3410.9051650247134
1772934406.1173742,3194.3294275867634
1772934406.1174023,2564.778596644679
1772934406.160558,2660.6392972734875
1772934406.1606088,4265.6755914456435
1772934406.1606264,5412.124147244126
1772934406.1606386,1724.1214954932082
1772934406.1606474,-9188.817467799307
1772934406.2058065,4078.7107585698495
1772934406.2058413,2697.076607816498
1772934406.2058518,1173.1148518428072
1772934406.2338524,1663.4998778318657
1772934406.2338767,3775.289701709162
1772934406.233887,4755.56211063563
1772934406.3041043,2960.486014962786
1772934406.3041244,354.386461050479
1772934406.304131,535.1051056557477
1772934406.3041365,4170.448570626275
1772934406.304142,7239.579792542275
1772934406.3041472,4680.532938206024
1772934406.352327,-4082.674529047834
1772934406.4105585,1009.7250131886802
1772934406.4105885,3228.298354883251
1772934406.410598,3455.7850990049506
1772934406.410607,897.4666250742081
1772934406.4106154,-1359.5122095118934
1772934406.410623,234.13426100849384
1772934406.4106307,4830.558130856955
1772934406.4106543,6662.687333777781
1772934406.4106817,-87.02106962357787
1772934406.4266396,-16011.469489899058
1772934406.4427855,-13706.278018029985
1772934406.4808495,434.0909554565743
1772934406.48087,218.29341022334503
1772934406.4808817,0.19540954882092773
1772934406.4808917,85.16513690907345
1772934406.4808996,351.4594024817201
1772934406.4809103,424.2211550328387
1772934406.480919,202.74886186093272
1772934406.5129905,0.08844990374955211
1772934406.52905,99.55225462409109
1772934406.573266,356.395709071856
1772934406.5733035,412.2703742136908
1772934406.573315,186.48876271897063
1772934406.5733216,-2.170946800343948
1772934406.5733275,112.24366928770813
1772934406.5733352,369.5999737267549
1772934406.605356,409.54859739095576
1772934406.6214452,175.082031290856
1772934406.649538,-3.8068790692128838
1772934406.6495633,122.18889935509809
1772934406.6495738,375.6764170490961
1772934406.6495829,402.06774550851185
1772934406.6888065,163.01878629954848
1772934406.6888452,-2.3990873739220264
1772934406.6888573,136.42375424321148
1772934406.732879,381.8548724495047
1772934406.7329006,391.1508696889118
1772934406.73291,150.20373977909077
1772934406.732918,-1.6977120933595493
1772934406.732926,149.59905177966994
1772934406.7329335,392.4653943514926
1772934406.765012,383.9600220973513
1772934406.7810767,139.28380462327104
1772934406.8133192,-3.123421408721646
1772934406.813426,161.17186880039523
1772934406.8134503,398.96515487757273
1772934406.813464,377.10228976133584
1772934406.8134725,127.82423992616398
1772934406.8453434,1.5398076933010634
1772934406.8845465,176.25054788886385
1772934406.8845751,408.96219456469197
1772934406.8845851,370.40577878728266
1772934406.8845935,114.49729924938572
1772934406.916644,1.1409430421647468
1772934406.9327607,192.5159025687969
1772934406.9487936,418.74372931364064
1772934406.9488192,361.41925408123683
1772934406.9648454,99.01877428163914
1772934406.9648812,-0.21900787169802158
1772934406.9969969,204.9919472976178
1772934407.0512223,425.6939743825081
1772934407.0512567,352.1282160712327
1772934407.05127,85.39316259183641
1772934407.051281,0.6992334950752557
1772934407.0512924,219.49352075680346
1772934407.051303,435.85838494704336
1772934407.051314,344.3714104692845
1772934407.051325,71.06814957618434
1772934407.051336,-0.4066762940724668
1772934407.0833273,233.65385411329615
1772934407.1365318,445.04878872705626
1772934407.1365552,335.1099162151895
1772934407.136562,55.62874283057149
1772934407.136568,-1.4041679761955017
1772934407.1365745,245.73911615686282
1772934407.1365805,449.8807580737209
1772934407.1365852,320.96191559366304
1772934407.13659,36.98290149730176
1772934407.1526432,-1.8791511162784091
1772934407.2118568,264.7263870084641
1772934407.2118764,464.40916910064743
1772934407.2118824,314.7281504237764
1772934407.2118876,23.508135855572416
1772934407.2118928,2.249262924591132
1772934407.2118976,286.787127490195
1772934407.2119024,480.4291502097571
1772934407.2119071,308.36347276178805
1772934407.211912,8.599639884501986
1772934407.211917,3.3735680273736555
1772934407.2520561,307.26856296161145
1772934407.2520785,492.12181162714353
1772934407.2520888,294.07988610277295
1772934407.2962332,-11.9251548616527
1772934407.296255,3.963874810390378
1772934407.2962651,326.5501841489655
1772934407.2962742,503.39728145565823
1772934407.2962823,279.1798194856602
1772934407.296291,-37.4202545072533
1772934407.2962997,0.3982062936602844
1772934407.3745663,347.0402198758667
1772934407.3745923,515.9607359365801
1772934407.3746047,262.83439899851334
1772934407.374614,-62.57069285464246
1772934407.3746247,1.3433660183601168
1772934407.3746343,373.81310229512235
1772934407.3746428,532.0146845208434
1772934407.3746517,243.45115515380223
1772934407.3746598,-94.3781421582108
1772934407.3746681,-1.691281872518815
1772934407.3746762,402.47282216997615
1772934407.3746846,551.704212164187
1772934407.374693,225.7689131343432
1772934407.3747008,-124.47231948154676
1772934407.374709,1.2483574671057
1772934407.390616,439.95859811406547
1772934407.4639,576.1242933962989
1772934407.463921,202.8314003096361
1772934407.4639308,-164.14028359461082
1772934407.4639392,0.6339557540143159
1772934407.4639475,481.7550199110745
1772934407.4639556,602.1623779251869
1772934407.4639633,174.1019829044735
1772934407.463971,-211.44752512922773
1772934407.4639783,1.2121574079967097
1772934407.463986,533.5521838862568
1772934407.5221612,634.3127734148926
1772934407.522202,134.59121330682507
1772934407.5222092,-276.025440880168
1772934407.538195,-1.090747160028692
1772934407.5703192,597.5601078118358
1772934407.628604,676.2755990622534
1772934407.628648,90.62470095360058
1772934407.6286616,-351.88278121049166
1772934407.6286716,-0.8802053377221242
1772934407.6286783,686.4381667521955
1772934407.6286836,735.6096018824176
1772934407.628689,31.533175352508522
1772934407.6286943,-454.9196381539112
1772934407.6909103,1.3530238486259387
1772934407.6909375,810.149308217545
1772934407.690945,818.6105991208699
1772934407.6909509,-54.46565941245333
1772934407.6909573,-608.0940112588916
1772934407.6909633,1.9488802167266805
1772934407.6909683,993.688328806564
1772934407.7068875,942.8120031904324
1772934407.7390363,-193.18146208491007
1772934407.780204,-1882.5318611603245
1772934407.7802267,-2511.917476160006
1772934407.7802331,1300.6950211723781
1772934407.7802389,5290.879515547183
1772934407.7802439,3223.310926176547
1772934407.7802486,-5876.917718480593
1772934407.7802536,-15817.669032133907
1772934407.7962964,-19137.523731876547
1772934407.870584,-15818.650663439863
1772934407.8706071,-4553.197118883034
1772934407.8706176,3664.599813563574
1772934407.8706293,4128.628402326558
1772934407.8706403,-3.718981446235034
1772934407.8706489,-2511.3556901613924
1772934407.8706589,-1023.566129213352
1772934407.870669,1612.4211846069134
1772934407.870688,1913.397735851372
1772934407.8707025,0.48713761972702885
1772934407.9027476,-1294.8558330383855
1772934407.9498825,-38379.17826436304
1772934407.949899,-36547.50848042284
1772934407.9900703,-57246.99582413468
1772934407.990092,-38371.61464588968
1772934407.9901023,-13414.453985572858
1772934408.0061376,3243.3678424442896
1772934408.0342784,6290.619272065752
1772934408.034304,1518.7151710290352
1772934408.0343144,-1964.988324247924
1772934408.034325,-561.7569836753624
1772934408.0663927,2522.833907316045
1772934408.1216128,1981.3089476179969
1772934408.121638,-1678.6974849088735
1772934408.1216471,-603.2068434964838
1772934408.12166,4604.791757384574
1772934408.121668,5905.099947098342
1772934408.121676,-2454.562401732259
1772934408.1216831,-15658.602084772734
1772934408.153782,-22197.224987600155
1772934408.1698236,-16010.35695756149
1772934408.185915,-2931.1678047854416
1772934408.1859455,5816.810777004943
1772934408.2019703,5229.262138838529
1772934408.250186,155.53439513971762
1772934408.2782907,-1923.9360396858347
1772934408.2783422,633.4001182941595
1772934408.278352,3467.1331671625685
1772934408.2783604,2899.6560124324724
1772934408.36663,314.1462642011894
1772934408.3666503,-558.6544883201818
1772934408.3666608,1170.24911275689
1772934408.3666697,2841.1101328283994
1772934408.366679,2230.0856101968543
1772934408.3666875,426.6417257096941
1772934408.3666964,-10.242813163612038
1772934408.3667052,1370.1751830122648
1772934408.4640796,2523.6563484690664
1772934408.4641047,1905.1858059445894
1772934408.4641144,505.2772941881025
1772934408.4641228,293.88087691517387
1772934408.464131,1469.8233998405824
1772934408.4641397,2326.653357185507
1772934408.464148,1714.020589986176
1772934408.4641564,567.0860579027503
1772934408.480126,491.34971270058026
1772934408.5202537,1525.3166783177853
1772934408.5202749,2183.813897603958
1772934408.5202823,1581.3616091553852
1772934408.5202887,614.112750049917
1772934408.520295,633.7387693381249
1772934408.552381,1566.1909416094852
1772934408.568466,2081.843842401251
1772934408.6106627,1490.4659641301091
1772934408.6106958,659.0072278377074
1772934408.61071,747.1513914125301
1772934408.610722,1596.3950660262383
1772934408.6107352,2002.1962454991203
1772934408.610746,1419.5894399912834
1772934408.6107535,690.8886207353937
1772934408.6268165,829.398301371302
1772934408.654876,1612.700783999802
1772934408.654909,1932.6053052597927
1772934408.6549158,1361.0628722980528
1772934408.6889725,723.980152208547
1772934408.6890004,905.4714441871089
1772934408.689011,1630.8551424515495
1772934408.6890204,1876.4682612034926
1772934408.6890297,1313.7667020038075
1772934408.6890385,745.3539027994275
1772934408.7371583,960.5089653577467
1772934408.7823477,1639.1174324411854
1772934408.782368,1825.022264684149
1772934408.7823777,1273.7048016988354
1772934408.7823868,771.2445463569895
1772934408.7823954,1016.2728385229224
1772934408.7824032,1649.8470402867545
1772934408.8446229,1784.2977474210504
1772934408.8446486,1240.619270712493
1772934408.8446586,793.3722467319823
1772934408.8446703,1064.1899214504226
1772934408.844681,1661.1642141378459
1772934408.8446896,1745.5301946920279
1772934408.8447,1209.6094444995974
1772934408.8447092,813.028161264867
1772934408.8447173,1107.1035590887495
1772934408.8447254,1668.9431903488594
1772934408.860675,1707.78891144266
1772934408.9028535,1181.6829654548558
1772934408.9028692,828.2210584710119
1772934408.9028752,1139.826418065429
1772934408.9420085,1672.2090110091674
1772934408.942038,1674.717922828186
1772934408.9420488,1151.798685915187
1772934408.9420576,840.331790914957
1772934408.9420662,1171.8428014469484
1772934409.0253756,1673.1879915796862
1772934409.025398,1642.253194447167
1772934409.0254085,1129.2005923649622
1772934409.025418,858.9257478207343
1772934409.0254278,1208.07682479628
1772934409.0254364,1681.8204952188205
1772934409.0254445,1615.7215361392973
1772934409.0254526,1107.4177615160086
1772934409.025461,872.1139713449404
1772934409.0254693,1235.122371743472
1772934409.0576155,1684.445849815092
1772934409.1107583,1588.2350149017248
1772934409.1107888,1085.3829514429838
1772934409.1108017,885.7399722261918
1772934409.110813,1266.4839413084262
1772934409.1108215,1689.2161302149507
1772934409.110832,1560.6139046336089
1772934409.1108415,1064.8575817661826
1772934409.11085,900.4265219577046
1772934409.1108584,1296.9069559916286
1772934409.1108663,1694.7233022763164
1772934409.198092,1537.7846379108403
1772934409.1981142,1046.399102120035
1772934409.198125,912.5799074482778
1772934409.198134,1322.7652875748454
1772934409.198143,1699.086995818929
1772934409.1981514,1513.140734525585
1772934409.1981602,1027.5584588189358
1772934409.1981688,924.8729568056376
1772934409.1981776,1347.9441266051
1772934409.198186,1700.675457189774
1772934409.1981945,1487.0130857500355
1772934409.1982028,1007.7276162422002
1772934409.1982107,936.4304347150121
1772934409.238241,1376.421183160079
1772934409.2382617,1706.0157779537085
1772934409.238268,1463.640203189861
1772934409.2382736,989.4445003588704
1772934409.2382786,949.8133667645429
1772934409.238284,1400.603100855733
1772934409.2382889,1708.1417835726802
1772934409.2543068,1439.8896457513476
1772934409.2703843,973.1187905478571
1772934409.2704072,964.8638521873095
1772934409.348786,1428.1268243249478
1772934409.3488073,1710.85990629276
1772934409.3488183,1412.9179688672994
1772934409.3488276,951.0659275293611
1772934409.3488362,974.8078338218282
1772934409.3488448,1452.038850867753
1772934409.3488536,1711.2624150336358
1772934409.348862,1385.2762566045674
1772934409.3488705,930.6549268560451
1772934409.3488786,988.3612046572457
1772934409.348887,1480.3984687230372
1772934409.4019427,1716.813985876616
1772934409.4019601,1360.9259750078843
1772934409.4019668,911.4581211019791
1772934409.4019723,1002.1663553403914
1772934409.4381108,1508.8957737329129
1772934409.4381332,1718.5277468657828
1772934409.4381397,1330.9648208541116
1772934409.4381447,886.8783489897093
1772934409.4381506,1012.0078304457373
1772934409.5043538,1540.5362066549567
1772934409.50438,1726.401887759875
1772934409.50439,1306.9537723146589
1772934409.504399,868.7914241736084
1772934409.504408,1031.0187576260755
1772934409.504417,1570.6384832928395
1772934409.5044255,1728.2137060394973
1772934409.504439,1275.8251340530874
1772934409.5204306,846.5716480399743
1772934409.5848043,1046.4336051277573
1772934409.5848403,1603.6089035513533
1772934409.5848527,1732.1035406154588
1772934409.584862,1243.4443202943644
1772934409.5848706,821.3334047620563
1772934409.5848792,1066.530658882943
1772934409.6810722,1643.0739308573009
1772934409.749378,1737.3485720805234
1772934409.7494104,1208.9569270936354
1772934409.749421,795.2167799488982
1772934409.7494297,1086.5077677067263
1772934409.749438,1683.4243128863704
1772934409.7494466,1743.8138038698353
1772934409.7494555,1169.6686066759378
1772934409.801645,764.1231974660886
1772934409.8016877,1105.6133350448947
1772934409.8017027,1726.5562688339082
1772934409.801716,1749.931528359611
1772934409.8017287,1127.8585118743626
1772934409.8337784,728.3605278131882
1772934409.833809,1127.1368699437066
1772934409.833815,1776.305405096632
1772934409.8338208,1757.8318118304076
1772934409.8338256,1079.6311824869993
1772934409.8497796,689.9157724729985
1772934409.8729289,1152.9661078396305
1772934409.872968,1833.5897284107878
1772934409.9030018,1766.1527255129429
1772934409.9030313,1022.4395768297693
1772934409.903038,642.6777947810623
1772934409.903045,1182.596462301598
1772934409.935158,1902.705732831263
1772934410.0053964,5452.96958789999
1772934410.0054173,1721.8679232300706
1772934410.0054235,-2991.4074945646853
1772934410.0054288,-1533.350967796842
1772934410.005434,6032.388203720837
1772934410.0054388,9918.427473180822
1772934410.0054436,444.23658552282467
1772934410.0054483,-19956.65816493102
1772934410.0054536,-36729.975229114396
1772934410.0054584,-36515.7715755983
1772934410.0214677,-19973.07524686952
1772934410.079779,-618.2647400241548
1772934410.0798044,8490.471679434258
1772934410.079811,5838.973281392355
1772934410.0798163,-225.49420369502158
1772934410.0798223,-1893.5975309926257
1772934410.0798278,1099.9839008292552
1772934410.0798326,3926.7497523152933
1772934410.111862,3464.843537533542
1772934410.1652284,1155.2057348805495
1772934410.1652644,70.95287705863757
1772934410.16528,1081.0799155350155
1772934410.1652944,2562.5668090344207
1772934410.1653068,2847.978812705948
1772934410.1653175,1929.3049769097067
1772934410.1653285,945.0777412458344
1772934410.165337,824.8343765082029
1772934410.2484093,2919.538485644029
1772934410.2484326,2628.477887705396
1772934410.2484426,902.3293920449962
1772934410.2484512,78.45061613622133
1772934410.248459,1191.7690328204922
1772934410.2484672,2703.7756074559966
1772934410.2484753,2601.0606181801354
1772934410.248483,1038.3790354278235
1772934410.2484903,112.65129404827208
1772934410.2484982,1094.1428564134897
1772934410.2485063,2707.7372251930587
1772934410.280605,2747.1196911425495
1772934410.3267753,1033.012024718758
1772934410.3268085,-156.3647285705991
1772934410.3268185,987.843607957837
1772934410.3268273,3135.3528271442046
1772934410.3268356,3180.350223301119
1772934410.3268442,507.3554835371352
1772934410.3268528,-1299.6849740739121
1772934410.3689656,1376.5605034675068
1772934410.368991,6037.951790354073
1772934410.3690004,3797.860308517903
1772934410.385008,-12358.02490586066
1772934410.408077,900.9178325281077
1772934410.4081063,562.6238046760119
1772934410.408117,227.61929523994104
1772934410.4081278,515.6195860429702
1772934410.4794075,1178.0480041711432
1772934410.4794297,1204.648412271056
1772934410.4794433,311.4401251861807
1772934410.4794536,-322.203120499312
1772934410.4794629,469.10611399881776
1772934410.4794712,1879.9394656791842
1772934410.4794796,1764.7308278480791
1772934410.479488,-306.3982604510144
1772934410.479496,-1653.2291934642344
1772934410.5276177,428.78413384757266
1772934410.5276427,4238.498921878472
1772934410.5688093,130.9926046890017
1772934410.5688446,769.3655750703317
1772934410.5688577,926.7707101599088
1772934410.5688696,399.41816562652645
1772934410.5688808,-62.58939667211594
1772934410.5688925,179.29128036145087
1772934410.5689037,770.2696842940311
1772934410.6009057,880.2716066184825
1772934410.6431234,370.0311524404279
1772934410.6431656,-38.40672195565838
1772934410.643176,221.39044892180303
1772934410.6431856,773.0164593021648
1772934410.643194,842.929416434435
1772934410.643202,344.37700159145055
1772934410.6432097,-16.82062484422978
1772934410.6432176,259.5683444366399
1772934410.7154517,773.6507869544872
1772934410.7154973,806.5130674352334
1772934410.7155116,319.9023517647311
1772934410.715522,1.4625983053097735
1772934410.7155352,292.4451807654512
1772934410.7395217,777.2626841343423
1772934410.7395737,777.1411118794431
1772934410.7395864,300.40446271456926
1772934410.8248224,18.7161182124413
1772934410.8248703,322.0461438141251
1772934410.8248808,778.1873612097523
1772934410.82489,748.7261071171625
1772934410.8248985,282.190970857973
1772934410.824908,36.20814981193666
1772934410.8249166,351.2863503551468
1772934410.8249252,780.0635926331446
1772934410.8249335,722.4010079783341
1772934410.8249424,265.2957968578914
1772934410.8249512,52.709411031819094
1772934410.8249593,379.27459202134924
1772934410.8409922,782.8322768818356
1772934410.884074,700.1128638553598
1772934410.8840942,251.6090662169758
1772934410.8841035,69.58466239442117
1772934410.884112,406.00576542898546
1772934410.88412,784.7883881762992
1772934410.9001148,672.8672827089257
1772934410.90014,231.72498445237568
1772934410.9402912,80.0915372317899
1772934410.9403086,428.50757963320194
1772934410.9403172,786.3361069044078
1772934410.9824555,653.2954956770079
1772934410.982482,219.67424206284662
1772934410.9824946,94.84154947784508
1772934410.9825044,451.18796876900865
1772934410.9825127,785.8526436030882
1772934411.0236475,629.6570492030735
1772934411.023668,204.3518859618277
1772934411.0236783,108.1678540210746
1772934411.0618615,474.25151892277495
1772934411.0618925,787.14797940259
1772934411.0619037,606.8313762418232
1772934411.0619135,187.21466033075504
1772934411.0619247,117.61731253302325
1772934411.061936,495.4439372771306
1772934411.1039655,787.8300180636825
1772934411.1039808,588.2293706350806
1772934411.1039872,178.6305606810908
1772934411.147152,132.71612510694132
1772934411.1471736,516.4318391413635
1772934411.1471837,788.1198670811535
1772934411.1471927,565.6990042147561
1772934411.1472008,162.28579030810613
1772934411.1472096,145.87506089042063
1772934411.1472178,540.9725610312438
1772934411.1792796,792.4493641018267
1772934411.2314942,546.7649676595456
1772934411.2315154,150.61109415043904
1772934411.2315247,160.5134876807165
1772934411.2315357,563.7304881108838
1772934411.2315457,793.4867612652902
1772934411.2315536,524.973490328906
1772934411.231563,133.1871509239726
1772934411.2476065,167.81067386068207
1772934411.263609,581.9580290750083
1772934411.263635,793.3566401417992
1772934411.3117976,503.67284784365654
1772934411.3118134,120.09433343588981
1772934411.3118196,181.67945257417298
1772934411.3118248,603.1110670580009
1772934411.3118296,791.8984138102321
1772934411.3118343,480.8983205112552
1772934411.3281832,106.63311976397573
1772934411.399198,193.22778460233008
1772934411.3992195,624.0815382972044
1772934411.3992293,791.4519891401475
1772934411.399238,457.4752460441608
1772934411.3992467,90.20396564536914
1772934411.3992548,208.2502698883973
1772934411.3992631,649.2463448764421
1772934411.3992715,793.544279689506
1772934411.3992803,435.3067131371517
1772934411.399289,77.11536576215178
1772934411.4614458,222.91743369390724
1772934411.461466,674.4250352145988
1772934411.4614725,794.8750082281055
1772934411.4614775,410.2566172610626
1772934411.4614825,58.83314865678631
1772934411.4614897,238.6622850120254
1772934411.4614966,703.1201820836689
1772934411.461502,800.3113673976212
1772934411.4775164,385.37364117875535
1772934411.5166943,-4478.4639031138095
1772934411.5167172,-15451.154031720853
1772934411.5167265,-20212.07179687302
1772934411.516735,-14903.040354540704
1772934411.6401992,-4160.821575522486
1772934411.6402187,3663.275212554596
1772934411.640226,4370.96743522136
1772934411.640232,755.5682712361796
1772934411.640237,-1694.1470525837342
1772934411.640242,-689.7006259785995
1772934411.640247,1602.6410698940724
1772934411.640252,2187.8910404958565
1772934411.640257,792.3188911618561
1772934411.640262,-483.2719715356511
1772934411.640267,-131.94025973899895
1772934411.640272,1111.324561136752
1772934411.640277,1577.2360410704246
1772934411.6402907,827.7564775478459
1772934411.6402955,-29.435400797555165
1772934411.6403005,71.63030719344144
1772934411.6403055,872.0554653008688
1772934411.64031,1294.7772166644888
1772934411.6403143,865.3208366552219
1772934411.640319,211.38497612251655
1772934411.640324,165.095873092865
1772934411.6403308,724.5641511774808
1772934411.6403375,1141.6860817342192
1772934411.6403425,908.0687468126572
1772934411.6403482,359.8233385790209
1772934411.6403534,202.43130444639374
1772934411.6833668,614.6450641645738
1772934411.6833868,1053.819327132395
1772934411.7214916,961.0472529619052
1772934411.721511,466.4351421489908
1772934411.7215173,209.96088231487153
1772934411.7215228,523.4637711191505
1772934411.721528,1002.1878390721555
1772934411.7215333,1019.9424354859311
1772934411.7215388,542.5592915951765
1772934411.7667396,190.6014848553939
1772934411.76676,439.1146695651353
1772934411.7667701,978.5707688481384
1772934411.7828226,1091.8535868521835
1772934411.7828467,603.3377637152329
1772934411.7988527,148.71761011797378
1772934411.814911,355.4881915355555
1772934411.8822167,978.9385529114778
1772934411.8822396,1181.3517083955496
1772934411.8822498,654.1620672461112
1772934411.882259,84.52477977427014
1772934411.8822672,268.94036326889284
1772934411.882276,1004.4254216040626
1772934411.8822849,1295.77633887909
1772934411.8822925,696.1386933227664
1772934411.8823032,-15.822984127926407
1772934411.9695456,160.47651145980078
1772934411.969566,1050.137938069379
1772934411.9695747,1442.0126298529158
1772934411.9695811,730.5034130010692
1772934412.1483192,2510.5927261893407
1772934412.148367,5026.79815525514
1772934412.1483777,5952.191557244226
1772934412.1483865,3578.7617545836306
1772934412.1483953,664.5634782586347
1772934412.148404,1530.497254258222
1772934412.1484125,6295.272305626501
1772934412.1484208,9107.653869178479
1772934412.148429,3130.5631912595163
1772934412.1484373,-12627.28759078513
1772934412.1484456,-31799.594982588926
1772934412.1484537,-45944.39984508507
1772934412.1484623,-51109.827645771664
1772934412.1484704,-49579.36104904419
1772934412.1484787,-46341.84774844599
1772934412.148487,-44791.74015399373
1772934412.1484952,-45443.02149205211
1772934412.1485033,-47242.52348705832
1772934412.1485112,-48878.77565989152
1772934412.148519,-49028.34625483986
1772934412.1485274,-46573.97738550571
1772934412.1485355,-41483.94110987175
1772934412.1485436,-35343.5593030279
1772934412.1485517,-30416.175798953176
1772934412.1485622,-27910.270899760857
1772934412.1485727,-27239.6937366545
1772934412.1485813,-26861.28636560262
1772934412.1485913,-25442.613864316674
1772934412.1486008,-22150.296395935075
1772934412.148609,-16477.15463371449
1772934412.1486175,-8677.384464850385
1772934412.1486256,-524.0056199568718
1772934412.1486337,5140.234772192618
1772934412.148642,6486.71487765875
1772934412.217621,4505.536876721773
1772934412.2176409,2285.122593800837
1772934412.2176504,2168.511463536129
1772934412.217659,3755.2625168694717
1772934412.2176669,4884.1137382371835
1772934412.2176745,4327.190022793497
1772934412.217682,3035.7928859947883
1772934412.2176895,2690.8856396049714
1772934412.2176971,3582.582307437678
1772934412.2177043,4437.378965139362
1772934412.217712,4184.224292399203
1772934412.249739,3272.8975454825795
1772934412.2989004,2937.378828620619
1772934412.2989275,3547.018217236272
1772934412.2989385,4222.362565913081
1772934412.2989476,4081.815832445869
1772934412.2989562,3382.4513380445765
1772934412.2989645,3086.1837213874996
1772934412.2989724,3546.492617867373
1772934412.2989826,4095.7116518848306
1772934412.4113977,4003.3621314965767
1772934412.4505627,3437.8499701441237
1772934412.4505863,3182.0461542478374
1772934412.4505968,3554.0668226437083
1772934412.4506052,4016.85041217588
1772934412.4506133,3948.597187998298
1772934412.5328996,7315.004904929994
1772934412.5329208,10618.362080845429
1772934412.53293,2850.576883076556
1772934412.5329387,-15085.379766269445
1772934412.5329468,-30823.899946755584
1772934412.5329547,-31379.714915210418
1772934412.5329623,-16059.78942110328
1772934412.5329704,2624.415092061574
1772934412.532978,11267.712431938213
1772934412.5329857,7829.879134726157
1772934412.5489712,-18995.96782160364
1772934412.5951686,-15140.231287447456
1772934412.5951931,-256.67110099483284
1772934412.5952027,10714.072447068726
1772934412.5952113,9633.630222919535
1772934412.6192791,2331.829608590226
1772934412.6193116,-664.8122211135635
1772934412.6514318,3240.612509497597
1772934412.6675017,7663.320614627722
1772934412.8603652,14139.984423958867
1772934412.8604136,-7480.165272454657
1772934412.8604288,-31532.37609075416
1772934412.8604465,-43209.14223925669
1772934412.860459,-41817.619067489475
1772934412.8604703,-38647.46470480167
1772934412.8604825,-41927.21414397745
1772934412.8604934,-47089.10168838536
1772934412.8605022,-42982.64319492765
1772934412.8605113,-25702.54507675429
1772934412.8605204,-3775.707434780013
1772934412.8605294,10505.998936568812
1772934412.860539,13017.481077827835
1772934412.8605473,9912.860673155741
1772934412.8605552,8939.635724027727
1772934412.8605635,10702.47821575937
1772934412.8605711,9268.172020859329
1772934412.8605793,231.62904151502624
1772934412.860587,-13429.212165582036
1772934412.8605947,-23926.86003933603
1772934412.8606024,-26365.795455413485
1772934412.8606105,-23315.448618158185
1772934412.8606186,-21921.399899027692
1772934412.8606267,-26899.967531297698
1772934412.8606343,-36342.76739595357
1772934412.860642,-43990.44910114977
1772934412.8606496,-45355.48217761568
1772934412.8606572,-41722.88186122564
1772934412.860665,-38390.59587537411
1772934412.8606732,-39146.68150895563
1772934412.8606808,-42627.48140844309
1772934412.8606884,-44282.00486151463
1772934412.8606963,-41835.83872489287
1772934412.860705,-38234.739526447345
1772934412.8607125,-38458.516918506684
1772934412.8607216,-43271.606163139775
1772934412.86073,-46835.442630130936
1772934412.8607376,-41498.927199074526
1772934412.8607457,-25406.98733314849
1772934412.8607533,-5128.570730130571
1772934412.8607614,9634.9951195458
1772934412.8607693,14088.06807993796
1772934412.8607771,11331.21307292796
1772934412.860785,8048.159448784741
1772934412.8607926,8038.139570622968
1772934412.8923855,10074.125974279108
1772934412.9335704,11101.970861189195
1772934412.933591,10189.200617006882
1772934412.9336004,8968.950383443285
1772934412.933609,9026.132369954586
1772934412.933617,10000.920352552712
1772934412.970723,-24059.101350109297
1772934412.9707415,-37323.114574352294
1772934412.9707513,-42346.4837519342
1772934412.9707956,-42687.21183668026
1772934412.9708033,-41612.03533233811
1772934412.970809,-37009.24008251598
1772934412.9708147,-24700.532918074965
1772934413.0299206,-5967.366811209272
1772934413.0299416,10791.297502810925
1772934413.0299482,17400.205815499343
1772934413.0299556,14016.82913063757
1772934413.0299623,8493.074082512803
1772934413.0299675,7784.443753498299
1772934413.0691218,11420.429389684501
1772934413.0691397,13973.731565212094
1772934413.0691466,12483.006633700577
1772934413.1052535,9541.078596930249
1772934413.1052735,9140.869880835522
1772934413.1052835,11441.972097659827
1772934413.1052928,13099.770339120812
1772934413.137402,12018.035095203004
1772934413.15348,9914.230405946471
1772934413.1926012,9685.746430862735
1772934413.1926315,11463.593325199745
1772934413.1926417,12704.360827675917
1772934413.1926515,11783.970435183253
1772934413.19266,10093.874819493543
1772934413.1926684,9964.303791755212
1772934413.1926768,11476.314306355735
1772934413.240845,12489.965933798414
1772934413.271956,11653.704223339604
1772934413.2719765,10187.096667883185
1772934413.2719824,10114.174644218887
1772934413.2719877,11484.084511317089
1772934413.2719932,12378.942045351472
1772934413.2719982,11585.702359098077
1772934413.3040872,10228.988579877447
1772934413.3201528,10179.29101467184
1772934413.3363209,11489.62402769294
1772934413.3363445,12347.603932527929
1772934413.3522773,11574.545698948674
1772934413.3523004,10227.166826549194
1772934413.3844278,10161.501879914422
1772934413.4004936,11489.84643685352
1772934413.4316285,12403.851836645003
1772934413.4316597,11617.986214048808
1772934413.4316697,10159.563691920239
1772934413.4316788,10030.873052675115
1772934413.431687,11491.620014914646
1772934413.4316957,12603.670843645688
1772934413.4638295,11770.091744309984
1772934413.4798267,9981.795655277028
1772934413.5209675,9673.67809043551
1772934413.5209832,11490.440717589587
1772934413.5209892,13145.40914142973
1772934413.5209944,12192.573292458203
1772934413.5209992,9454.402277104267
1772934413.5210044,8555.825948837508
1772934413.6043048,11489.771870129827
1772934413.6043267,11165.793256828216
1772934413.6043332,10548.012947265895
1772934413.604339,10525.049755703572
1772934413.6043444,11125.784313823056
1772934413.6043499,11483.996209320423
1772934413.6043549,11085.232411948078
1772934413.60436,10503.61487336716
1772934413.604365,10575.288574991124
1772934413.60437,11197.280555742902
1772934413.6043773,11474.656134329985
1772934413.6364193,11005.289442228634
1772934413.6525614,10463.811594016839
1772934413.6836379,10627.746855466932
1772934413.683663,11268.12069872202
1772934413.6836722,11465.138521203284
1772934413.6836805,10929.220933214881
1772934413.6836977,10425.201081072119
1772934413.7158349,10682.184003251725
1772934413.7599936,11339.548393196317
1772934413.76002,11453.177203562327
1772934413.7600296,10847.860638884602
1772934413.760038,10384.638486880114
1772934413.8081877,10734.678884742998
1772934413.8082154,11409.594298100908
1772934413.8442948,11439.10901728905
1772934413.8443177,10764.795308475746
1772934413.8443282,10347.215020148442
1772934413.8443375,10799.368800214039
1772934413.8925521,11492.456126445777
1772934413.93268,11425.777565824006
1772934413.932701,10671.575876206705
1772934413.9327111,10301.652625170233
1772934413.9327204,10866.006652643748
1772934413.9327288,11578.10963087289
1772934413.932737,11408.249260056213
1772934413.9648376,10570.443093365531
1772934413.980863,10255.255840331885
1772934413.980889,10944.498353404577
1772934414.022033,57.62345225778036
1772934414.0220509,-9245.651139310858
1772934414.0220568,-16361.460989351073
1772934414.0220635,-18641.691461914706
1772934414.0220695,-15521.36136306511
1772934414.0220747,-8507.137430341825
1772934414.0381513,-48.47605507591367
1772934414.1817293,8799.218896706716
1772934414.1817532,13309.87051958654
1772934414.1817627,14130.91065209666
1772934414.181771,12870.608021097936
1772934414.181779,11542.81340085822
1772934414.1817873,11232.73861567813
1772934414.1817951,11797.375416282228
1772934414.1818132,12508.136788958178
1772934414.1818209,12812.284974392032
1772934414.1818287,12583.313931844832
1772934414.1818368,11966.908732379943
1772934414.1818445,11310.639603735715
1772934414.1818523,11252.272400157064
1772934414.1818602,12412.228652220361
1772934414.1818678,14341.666407589159
1772934414.1818755,14586.305239292737
1772934414.181883,9549.163051988284
1772934414.1818912,-2363.0361921122635
1772934414.1818984,-17593.855171749594
1772934414.181906,-27959.530896328048
1772934414.1819136,-26011.30431289822
1772934414.181921,-11537.107896301764
1772934414.213839,6776.936064697649
1772934414.240006,16933.390200881975
1772934414.240044,12235.309669379476
1772934414.2650392,10833.68787702102
1772934414.2650595,-3293.8128078003006
1772934414.3433611,10538.765682316536
1772934414.343387,9826.792656928143
1772934414.3433945,11046.156351911815
1772934414.3434017,13328.424104771408
1772934414.3434074,10943.541156647727
1772934414.3434167,-1755.5736008132287
1772934414.3755825,-2545.1825012432228
1772934414.4277463,5531.210507246008
1772934414.4277833,7058.378452791892
1772934414.4277933,13430.753414493734
1772934414.4278033,16046.986858426537
1772934414.4278128,7416.734824187104
1772934414.4438324,-9607.927952522441
1772934414.4598596,11437.384503022298
1772934414.4759288,8186.043605873023
1772934414.5080543,9490.909919022477
1772934414.5080693,9267.67373522387
1772934414.5080757,8282.335524588258
1772934414.5080812,7902.231314127665
1772934414.5080864,8670.666029260998
1772934414.5403624,9532.742029752537
1772934414.55625,9279.5378830203
1772934414.5873952,8234.2913189459
1772934414.5874112,7852.078544337429
1772934414.58742,8699.945889970604
1772934414.5874276,9622.296032658927
1772934414.587433,9305.03039048714
1772934414.9047356,14257.474704607026
1772934414.9047682,20649.087184327098
1772934414.904788,21205.20995190625
1772934414.9048088,11177.749917309005
1772934414.904829,-4292.773587295251
1772934414.9048376,-15499.858391538974
1772934414.904846,-18518.428735687296
1772934414.9048543,-18467.00686663266
1772934414.9048624,-22306.655569684386
1772934414.9048707,-30367.23981685162
1772934414.904879,-36734.760401692874
1772934414.9048953,-37241.046685755624
1772934414.9049032,-34580.87580146174
1772934414.9049115,-34285.3872715202
1772934414.9049196,-37089.14031199074
1772934414.9049275,-37660.84008352519
1772934414.904936,-31479.575022729918
1772934414.904944,-21367.441293649405
1772934414.904952,-15528.240279705786
1772934414.90496,-19159.013246227718
1772934414.904968,-29195.47345738422
1772934414.904976,-37808.33152039081
1772934414.9049842,-40151.547032387825
1772934414.9049923,-37657.56703610431
1772934414.9050007,-34171.83974720675
1772934414.9050088,-30608.612002220347
1772934414.9050183,-24736.570758201808
1772934414.9050276,-15771.43523800474
1772934414.9050376,-7392.996209780214
1772934414.905049,-4772.9280559854
1772934414.905058,-8667.592162289198
1772934414.905066,-13696.260566819088
1772934414.905074,-13622.193175205017
1772934414.9050817,-8384.241352096336
1772934414.9050896,-4940.011590091311
1772934414.905098,-10231.106616324694
1772934414.905106,-23387.34705497498
1772934414.9051137,-35812.63738597767
1772934414.9051216,-39626.423924384675
1772934414.9051297,-35563.083819833904
1772934414.9051375,-31551.721474760296
1772934414.9051456,-33447.72614714474
1772934414.9051533,-38531.73836598175
1772934414.9051611,-39492.78510070025
1772934414.905169,-34247.270856775176
1772934414.905177,-29440.294614807593
1772934414.9051847,-32490.491502538065
1772934414.9051929,-41159.3306076818
1772934414.905201,-43889.59538918439
1772934414.9052093,-32247.662507822082
1772934414.9052172,-11902.177270293256
1772934414.9052253,1254.9974785512463
1772934414.9052331,-3085.1153306651972
1772934414.9052413,-18884.25071074362
1772934414.905249,-30027.88245377646
1772934414.9052575,-26813.490307816737
1772934414.9052656,-14730.35991229548
1772934414.9052737,-6823.729898673438
1772934414.9052825,-9384.64069525208
1772934414.905291,-17036.294101014442
1772934414.905299,-21157.78524049881
1772934414.9053073,-20286.958818599844
1772934414.9053152,-20419.496675457904
1772934414.9053233,-26298.70993261015
1772934414.9053316,-35131.337604921195
1772934414.9053395,-39972.16206333061
1772934414.9053476,-37861.71301501906
1772934414.9053555,-32809.78247913248
1772934414.9053636,-30805.356717931343
1772934414.9053714,-33398.53041773998
1772934414.9053793,-36990.6899671059
1772934414.9053872,-37552.0208903176
1772934414.9053953,-34811.875491375315
1772934414.9054036,-31882.22074192306
1772934414.9054115,-31833.02190586137
1772934414.9054196,-35034.339725480066
1772934414.9054275,-38935.846220417305
1772934414.9840467,669.9670516339531
1772934414.9840677,17807.914999376862
1772934414.984079,20589.647268733836
1772934415.0311933,14196.74147726472
1772934415.0312135,9970.014894171842
1772934415.0653768,12964.566433077038
1772934415.065402,18184.33091070339
1772934415.0654137,18431.774962182426
1772934415.0654235,13454.76636206983
1772934415.0654316,9847.372915526541
1772934415.0654416,12715.98920482959
1772934415.097492,19237.51006838239
1772934415.1135716,21144.97277990614
1772934415.113597,12897.482567119774
1772934415.1507125,11046.34145863751
1772934415.1507323,11820.481067690249
1772934415.150742,15020.887701050995
1772934415.1507504,17313.669718126883
1772934415.1507585,15187.517128042091
1772934415.1909375,7997.502611392506
1772934415.1909792,-762.8846613397533
1772934415.2340572,14801.32206812022
1772934415.2340767,17023.890248170876
1772934415.2340865,15191.455332978185
1772934415.234095,8310.458439442948
1772934415.2341032,-397.11134389080013
1772934415.2341113,-5056.069341229379
1772934415.2341187,-1739.055145196625
1772934415.26617,7597.78856045251
1772934415.2822547,16156.701368967459
1772934415.2822785,18251.686630400836
1772934415.2983265,14483.023196007356
1772934415.3143456,10567.223200737075
1772934415.3585744,10954.738028293757
1772934415.3586056,14378.46155806336
1772934415.3586164,16197.867113349263
1772934415.388658,14358.24687897669
1772934415.3886852,11608.90640894059
1772934415.3886917,11572.923737283983
1772934415.3887,14061.863575110521
1772934415.3887072,15616.127013010493
1772934415.4208317,14242.130905783593
1772934415.4469085,11952.110913811706
1772934415.4469285,11860.51521099957
1772934415.4790645,13976.793408064283
1772934415.4790835,15342.196333381922
1772934415.4790933,14138.098763467713
1772934415.479102,12102.580689686993
1772934415.4791157,12040.445499896745
1772934415.5223064,13967.321894288054
1772934415.5223317,15184.189124060586
1772934415.5664108,14041.746144932338
1772934415.5664308,12173.748614256097
1772934415.56644,12172.079604562898
1772934415.5664487,13994.717133012775
1772934415.5664563,15083.383197752288
1772934415.566464,13946.677134239742
1772934415.5986707,12201.100352176898
1772934415.6508625,12277.672149628626
1772934415.6508784,14041.223443969826
1772934415.6508846,15016.297981743504
1772934415.65089,13857.805880779597
1772934415.650895,12206.240874384783
1772934415.6509,12369.42248415255
1772934415.650905,14101.034125565793
1772934415.650911,14969.100709549208
1772934415.6509173,13768.388384985874
1772934415.7974055,12194.39025368218
1772934415.7974286,12452.640885617297
1772934415.7974389,14172.525345554157
1772934415.7974472,14937.450389788422
1772934415.7974553,13678.326999365192
1772934415.7974637,12168.048381515307
1772934415.7974715,12528.462371904783
1772934415.813447,14251.39440477634
1772934415.861645,14911.849106139563
1772934415.8952467,13577.478617544559
1772934415.8952627,12124.33376033448
1772934415.895269,12600.17794963696
1772934415.8952744,14342.270811927232
1772934415.9270103,14895.84086850566
1772934415.9740937,13470.404932145666
1772934415.9741123,12067.613227895741
1772934415.9741187,12672.676307507592
1772934415.974134,14448.404579478874
1772934415.9741392,14888.84831965957
1772934415.9741442,13351.284133612331
1772934416.0222993,11990.903993063446
1772934416.0223203,12750.464442364108
1772934416.0534303,14584.22918540785
1772934416.053448,14897.699536335327
1772934416.053455,13209.708242590494
1772934416.0534616,11886.920296706849
1772934416.085614,12834.758271278262
1772934416.13688,14758.559345831201
1772934416.1369033,14925.766156291604
1772934416.1369092,13032.142194847533
1772934416.1369164,11731.498792269542
1772934416.1369233,12933.87003366826
1772934416.1369283,15017.763692773242
1772934416.1369336,14996.912270942494
1772934416.1369386,12768.094028981172
1772934416.136943,11441.916349070947
1772934416.1689355,13047.612409946676
1772934416.2030857,15490.695272385303
1772934416.2031205,15224.71906066481
1772934416.203127,12281.147297427442
1772934416.2031329,10674.199813901128
1772934416.203138,13157.98018080332
1772934416.2031436,17024.383426716962
1772934416.2191777,16638.88474042712
1772934416.2512949,9759.85498653826
1772934416.2834263,14958.609402093338
1772934416.283452,11961.414886676901
1772934416.299491,2421.9302455602606
1772934416.331606,9800.925326157898
1772934416.3758848,12358.511294037218
1772934416.375914,11331.469686653681
1772934416.3759248,12529.413230980781
1772934416.3759336,14304.698663759384
1772934416.391878,-5268.834198919591
1772934416.857885,-21787.629628895644
1772934417.8639336,-7545.2616191148645
1772934417.8639567,11905.301510572164
1772934417.8639688,21808.222541839354
1772934417.863978,17889.472610563338
1772934417.863989,9365.775070896552
1772934417.863999,7617.9628550431935
1772934417.8640077,13651.778108882414
1772934417.8640168,18589.790346270507
1772934417.9392717,15777.20033590976
1772934417.9393077,9301.731906581277
1772934417.9393148,8484.169067275987
1772934417.9393213,15318.080447917242
1772934417.9393277,20593.634480774715
1772934417.9393327,13885.854408357214
1772934418.013563,11197.466651245812
1772934418.013589,9940.386954780633
1772934418.0135992,12435.241753135751
1772934418.0136085,15148.045365348748
1772934418.013617,14405.652824092862
1772934418.0136256,11335.38053390988
1772934418.0136337,10180.608796966613
1772934418.013642,12468.251721552004
1772934418.01365,15002.358533517738
1772934418.0136583,14308.20177581799
1772934418.0457273,11379.076002061936
1772934418.061724,10260.753620497539
1772934418.0999236,12484.497579915858
1772934418.0999568,14974.673247814037
1772934418.099964,14287.722292434357
1772934418.0999696,11358.060477605668
1772934418.132042,10232.000548060512
1772934418.1832676,12496.658350009833
1772934418.183288,15053.486215187944
1772934418.1833036,14344.099216860932
1772934418.18331,11283.274807539341
1772934418.183315,10087.363720285603
1772934418.18332,12488.228636486205
1772934418.1833248,15244.17302391877
1772934418.2153895,14497.151731187014
1772934418.2154162,11145.546214252057
1772934418.239486,9785.51107685455
1772934418.2395072,12448.337113012794
1772934418.2395177,15613.103899389836
1772934418.2635689,14825.7166544787
1772934418.26359,10901.400711002805
1772934418.3067572,9163.515365712725
1772934418.306774,12314.573337050673
1772934418.30678,16372.142553669684
1772934418.3509274,15596.023276093842
1772934418.3509529,10384.357727929284
1772934418.3509624,7560.002126277297
1772934418.4362922,10884.265975270757
1772934418.4363146,14275.902003251944
1772934418.436322,14716.641761365516
1772934418.4363284,11104.617764315677
1772934418.4363344,7839.501842451746
1772934418.43634,9759.682946702722
1772934418.4363458,15645.368438376205
1772934418.4363515,18146.363349698164
1772934418.452349,10756.825160745553
1772934418.4684691,-5635.88653370917
1772934418.4853003,-3783.4302955472667
1772934418.5156057,15430.476487533535
1772934418.5156267,18260.309805326586
1772934418.5156367,9350.519077391486
1772934418.5156455,-9273.403563365631
1772934418.5899737,12594.884817520335
1772934418.5900135,12151.726840383526
1772934418.5900245,7310.57174411533
1772934418.5900345,4834.02482368001
1772934418.5900445,9527.16577599721
1772934418.5900536,16041.514915342135
1772934418.5900626,12715.180974352648
1772934418.590072,-5473.304885477717
1772934418.6221373,-9879.458849393663
1772934418.662254,-2268.970782848826
1772934418.662274,-24538.365729712637
1772934418.6622832,-43794.95844350751
1772934418.6622913,-44828.676621750594
1772934418.6622996,-25147.85181081877
1772934418.6623075,-5.537423104814254
1772934418.662315,10626.243977478727
1772934418.678308,1096.044729867635
1772934418.8429947,-8961.323817482493
1772934418.8430376,-21037.797627646905
1772934418.8430483,-34576.53350803202
1772934418.8430576,-43427.31867405509
1772934418.8430655,-40779.51648385951
1772934418.8430762,-27913.13034420883
1772934418.8430855,-15853.65696954647
1772934418.8430936,-14813.275323901766
1772934418.8431027,-22924.315950715725
1772934418.8431113,-28720.00200679813
1772934418.843119,-25206.096955562327
1772934418.8431263,-18073.95420567623
1772934418.8431337,-17459.98144745901
1772934418.8431416,-23906.096908979154
1772934418.8431492,-27214.907338021203
1772934418.8431563,-20353.779858554895
1772934418.843164,-10338.587798208997
1772934418.8431714,-10862.474750071107
1772934418.8431792,-24688.689956907154
1772934418.8431866,-37897.6458459039
1772934418.843194,-34317.24227735234
1772934418.8432016,-13633.112171719458
1772934418.8432095,8112.179615256197
1772934418.8432171,15779.992400192172
1772934418.843225,9717.227622684382
1772934418.8432329,2040.4515954609467
1772934418.8432405,1618.6332531753746
1772934418.8432484,6402.04118955832
1772934418.843256,9732.693042085919
1772934418.8432636,9383.57271630562
1772934418.8432715,7341.21392602758
1772934418.8432803,3212.812254023174
1772934418.8590553,-7108.250218543034
1772934418.9213393,3234.046205519235
1772934418.9213574,-14216.77742722259
1772934418.9213653,-32585.292011677044
1772934418.9213717,-38308.37360473813
1772934418.9213789,-31266.625992262176
1772934418.9213853,-22311.920894193037
1772934418.9213908,-18320.984305081056
1772934418.921396,-15174.787790185623
1772934418.9214015,-7102.156149448117
1772934418.9214072,1779.3850713830084
1772934418.921413,725.665941763076
1772934418.9214182,-12975.476829876952
1772934418.921424,-27507.464671655245
1772934418.9373753,-28015.753765857604
1772934418.9604712,-31895.85858038743
1772934418.9605036,-9576.210228061345
1772934418.9605148,7415.018581076998
1772934419.005623,10784.603812911924
1772934419.0056455,6148.568074310918
1772934419.00566,3084.627444438574
1772934419.0056694,4449.820803509539
1772934419.0056777,6514.972833629532
1772934419.0056858,6293.666057535932
1772934419.0649295,-17926.926913154206
1772934419.0649488,-23231.56551142898
1772934419.064958,-17029.02771323769
1772934419.064967,-5167.402276561018
1772934419.0649748,4336.182180918983
1772934419.0649824,8215.9438191318
1772934419.06499,7969.728205226828
1772934419.1060388,13040.70550505321
1772934419.106066,7031.015055047733
1772934419.1060765,-11123.589212233652
1772934419.1060877,-30890.88635758662
1772934419.1060977,-37817.68847807893
1772934419.1061063,-28510.30735783084
1772934419.1632931,-43411.71615367931
1772934419.1633136,-42662.59511390101
1772934419.163321,-38547.840309195104
1772934419.1633277,-26760.22879405063
1772934419.1793811,-27787.665923142013
1772934419.422416,-37553.776414661814
1772934419.4224403,-35722.356457240705
1772934419.422451,-39285.284050775175
1772934419.4224598,-43643.67920539566
1772934419.4224684,-40045.834530733075
1772934419.4224772,-25097.858053969132
1772934419.5449395,-35272.35973321644
1772934419.5449555,-35047.136510423974
1772934419.544962,-37217.22786625733
1772934419.5449672,-38866.94471965907
1772934419.544972,-37474.57921100695
1772934419.5449772,-34532.542363957284
1772934419.544982,-34233.94646426573
1772934419.5449867,-38058.662266461644
1772934419.5449915,-41433.98183014716
1772934419.5449965,-37100.73136491044
1772934419.5450013,-22476.56645499764
1772934419.5830443,-31506.14395765707
1772934419.5830717,-19148.57424294683
1772934419.583083,-14541.953963064663
1772934419.5830913,-22888.714074572286
1772934419.5831013,-35877.39505512259
1772934419.5831096,-38715.49656539939
1772934419.6152143,-24797.44078600555
1772934419.6503592,-32435.71014863035
1772934419.6503873,-33950.139500697034
1772934419.6503973,-38257.93547486842
1772934419.650406,-36000.90270485205
1772934419.6504147,-21798.768123722504
1772934419.7025483,-32998.67525347702
1772934419.7025714,-31625.6518826039
1772934419.7025788,-30980.888424686993
1772934419.7025852,-31763.05142772247
1772934419.7025907,-33202.687790686905
1772934419.7025964,-33658.96979607673
1772934419.7026021,-32276.430668125813
1772934419.702608,-30385.00858751724
1772934419.7026136,-30680.412068087713
1772934419.7026193,-33973.018964594856
1772934419.7026248,-36613.919375030324
1772934419.70263,-32404.718833120787
1772934419.7026353,-18498.18673906076
1772934419.7507565,-18845.093230070695
1772934419.8320978,-30033.627558475288
1772934419.8321223,-28637.552650757523
1772934419.8321328,-28497.89090107616
1772934419.832142,-29800.671884592677
1772934419.8321524,-30643.180895968588
1772934419.8321629,-29709.703731193447
1772934419.8321717,-28228.119018658457
1772934419.832182,-28387.70182780967
1772934419.8321912,-30213.325365200144
1772934419.8321993,-31210.327191728848
1772934419.8322077,-29618.54995649908
1772934419.832216,-27192.319898677753
1772934419.8322244,-27523.88786514511
1772934419.832233,-31285.346614567003
1772934419.8322413,-33924.82898819124
1772934419.8322499,-29104.87913124078
1772934419.832258,-14879.538203925773
1772934419.9305255,-26084.117619001594
1772934419.9305449,-25885.915664669494
1772934419.9305549,-25959.780165845143
1772934419.9305632,-26104.736749351687
1772934419.9305713,-25988.840373669016
1772934419.9305797,-25639.255639115665
1772934419.9305875,-25547.738692153023
1772934419.9305956,-26025.36870437777
1772934419.9306035,-26520.696908448615
1772934419.9306111,-26091.187919874952
1772934419.9306188,-24900.01888286154
1772934419.930626,-24723.09420535023
1772934419.930634,-26853.774458841686
1772934419.9306417,-29071.58273537206
1772934419.9306498,-25789.85117907059
1772934419.9465845,-13004.406564815801
1772934419.980713,-23975.561795839185
1772934419.9807396,-21858.430953739833
1772934419.980749,-24324.22026144328
1772934419.98076,-28989.853119078944
1772934419.9807696,-26951.437327899555
1772934419.9807775,-12150.545719564949
1772934419.9807851,9941.917998538664
1772934420.022976,-6648.392243777594
1772934420.0229993,-17069.736440470828
1772934420.02301,-28074.79446805145
1772934420.023019,-30976.49647466231
1772934420.023028,-24104.094391174054
1772934420.0230365,-14159.154631674837
1772934420.0389595,-9220.495507479292
1772934420.0620277,-28996.26059358584
1772934420.062046,-25231.869597329776
1772934420.1956112,-17699.1745397813
1772934420.1956515,-16401.63687244633
1772934420.195663,-17882.14056945838
1772934420.1956713,-19912.438243252916
1772934420.1956797,-19670.380297341093
1772934420.1956873,-17616.67415720211
1772934420.1956952,-16695.704946784263
1772934420.195703,-18169.90424600698
1772934420.1957104,-19907.560710617876
1772934420.1957183,-19423.478710184765
1772934420.1957257,-17387.855807300446
1772934420.195733,-16701.993753133
1772934420.1957407,-18401.50114456964
1772934420.19575,-20108.048197842727
1772934420.1957595,-19306.021821432376
1772934420.1957674,-16987.28865901435
1772934420.1957765,-16472.00873170868
1772934420.1957848,-18752.69327233232
1772934420.195792,-20757.999284768433
1772934420.1958,-19350.295632529695
1772934420.1958077,-16021.702439275514
1772934420.195815,-15639.114933864874
1772934420.1958227,-19945.26326641091
1772934420.19583,-23729.421477632874
1772934420.1958375,-19137.377592894656
1772934420.195845,-3982.5728429215046
1772934420.2116833,-17947.91687025564
1772934420.211711,-4435.9787353761885
1772934420.768938,-19140.848711866976
1772934420.7689626,-3968.2129611687924
1772934420.8332555,-2427.1938079779598
1772934421.2870817,16585.870244706606
1772934421.2871032,29802.894487839512
1772934421.2871137,33400.428329358685
1772934421.2871227,30944.568710805837
1772934421.3132195,9285.64261665632
1772934421.3132396,-5573.637403502355
1772934421.313249,-3749.1457637347544
1772934421.3453639,12298.951260673457
1772934421.389494,16548.911964146137
1772934421.3895094,24330.624411443525
1772934421.3895156,13043.128859806375
1772934421.3895235,-7664.2471928138575
1772934421.389531,-18129.361310282096
1772934421.389536,-7788.404653836605
1772934421.4196744,15154.746810276196
1772934421.419708,33177.470015952524
1772934421.4628305,40296.897020868324
1772934421.4628592,27025.7486242997
1772934421.46287,12547.087714345065
1772934421.4628792,9479.054808340918
1772934421.4628882,17750.948593588924
1772934421.462898,28317.700120082358
1772934421.462908,33632.077384686876
1772934421.4789555,33214.005931297885
1772934421.5341525,29920.08666625009
1772934421.5341709,11112.845113171006
1772934421.5341775,-3242.286652751145
1772934421.5341835,-1946.1604523898177
1772934421.5341897,13838.050975542501
1772934421.5341952,31155.060829048518
1772934421.534201,37810.24808320931
1772934421.5342085,33657.131168413456
1772934421.5342183,28317.992146434288
1772934421.5662456,28939.76676441063
1772934421.5823555,33018.89913240601
1772934421.6335373,34025.33286030902
1772934421.633558,30972.12198848907
1772934421.633568,29032.49591644952
1772934421.633587,31288.41002970077
1772934421.6335952,34009.37338925372
1772934421.633606,32461.177077026598
1772934421.6336167,28757.18176955641
1772934421.6336253,29489.076451914898
1772934421.649624,35006.31645575535
1772934421.6716948,21127.023224165292
1772934421.6717236,2014.6649219560102
1772934421.6717339,-18344.81649793979
1772934421.733948,-22826.64886784235
1772934421.7339745,-20204.663597075054
1772934421.7339845,-9913.97688547847
1772934421.7339935,2257.0052306076827
1772934421.8092568,5114.257129206051
1772934421.8092847,8251.478920202298
1772934421.8092947,10029.162229549935
1772934421.8093035,10053.486883228617
1772934421.809312,8114.212609813369
1772934421.8093195,6555.177603109389
1772934421.809327,8081.425441365764
1772934421.8093345,10979.020336295185
1772934421.8093417,9087.751117125854
1772934421.809355,-1223.0285788134402
1772934421.809363,-14892.142627299774
1772934421.8093705,-21708.03739023491
1772934421.8344846,-17051.882310806333
1772934421.8345056,-7206.485273698271
1772934421.882576,-15811.611911057902
1772934421.905662,-21161.945888819573
1772934421.9056947,-15490.614582637687
1772934421.969936,-15115.350641520112
1772934421.9860303,-13055.731903378964
1772934421.9860697,-14108.703748852506
1772934422.0773723,21001.167380409835
1772934422.0773962,31332.212529164943
1772934422.0774071,27138.389195414697
1772934422.0774155,13156.153594398646
1772934422.077423,-264.5939947489398
1772934422.0774307,-4586.399022953909
1772934422.0774384,2399.141654457
1772934422.0774457,16599.48148652355
1772934422.077454,30563.516724781603
1772934422.0774615,37703.32341519588
1772934422.077469,36386.58693081052
1772934422.0774765,31187.07393450703
1772934422.077484,28919.480398798554
1772934422.0774915,31703.957954760343
1772934422.0774992,33981.75590140687
1772934422.077507,27935.527441051338
1772934422.1356196,-2478.1930439309526
1772934422.1356375,-19408.18528042722
1772934422.135644,-19048.741605293057
1772934422.1356497,-9607.851595226874
1772934422.135655,-7187.24942252194
1772934422.13566,-16301.245611351807
1772934422.1356652,-23940.62107369832
1772934422.1356704,-15236.871766637825
1772934422.1356752,7166.949148720178
1772934422.2299871,7444.566451495337
1772934422.230002,1614.517503499032
1772934422.23001,-9175.683308959104
1772934422.2300167,-15641.409704126261
1772934422.2300227,-14711.192554322388
1772934422.230029,-10944.836366040285
1772934422.2300348,-9749.992718906135
1772934422.2300403,-11535.338172868538
1772934422.230045,-13092.187469412424
1772934422.23005,-12744.763008103684
1772934422.2300549,-11921.366361601395
1772934422.2300596,-11722.716694019467
1772934422.2300644,-10043.822914501963
1772934422.2300692,-3690.279131118392
1772934422.326383,3502.502202945264
1772934422.3585527,4574.746462621587
1772934422.358583,7100.653415040725
1772934422.4278157,-14561.82850081449
1772934422.427838,-18341.25422519789
1772934422.4278483,-13416.019353004118
1772934422.4278572,-3707.299299145814
1772934422.4278655,4275.7501538434435
1772934422.5392492,-12492.751426950106
1772934422.5392675,-12540.245307211775
1772934422.5392756,-10292.08195278237
1772934422.539282,-9201.243002920397
1772934422.5392878,-10608.001124665632
1772934422.5392935,-12291.537817203987
1772934422.5392995,-11972.190136733074
1772934422.5393052,-10444.009697557387
1772934422.6175952,-10402.742957759863
1772934422.6176195,-11613.764138288658
1772934422.6176302,-12330.154441819317
1772934422.6176383,-11205.699462172179
1772934422.6176484,-9646.63425411321
1772934422.6176574,-9802.015817957816
1772934422.6818209,-11910.093639816572
1772934422.722044,-12136.248134434532
1772934422.722093,-10295.568036661647
1772934422.7221036,-8550.910617259493
1772934422.722112,-9401.093132329695
1772934422.722119,-11861.11827810925
1772934422.7221253,-12514.936901491361
1772934422.7221313,-10283.076867034813
1772934422.7701752,10020.251816082251
1772934422.8043313,3226.082993744025
1772934422.8043475,-10616.171489096621
1772934422.804354,-17470.513658410848
1772934422.804359,-10084.170057140958
1772934422.849538,-10390.802791878048
1772934422.849558,-7901.78895361396
1772934422.8977427,-8820.62547094923
1772934422.930025,-11988.793100573288
1772934422.930068,-12331.218110639706
1772934422.930081,-10357.876718592699
1772934422.9300907,-9048.058200095556
1772934422.9680855,-10241.80326978904
1772934422.9681091,-11670.680207449808
1772934422.9681284,-11754.740275885291
1772934422.9681363,-10691.508912711013
1772934422.9681475,-10183.08392288396
1772934423.0031607,-9923.847445631358
1772934423.0031888,-10858.592673036695
1772934423.0031989,-11157.136056805088
1772934423.0032065,-10810.256007136453
1772934423.0032125,-10732.08289163153
1772934423.0423293,-11420.813272709538
1772934423.0423512,-12173.982552763377
1772934423.0423608,-12241.076685815737
1772934423.0584204,-11686.889294631697
1772934423.0885522,-11119.492558066595
1772934423.088572,-11148.905435704253
1772934423.088578,-11221.408907379748
1772934423.0885835,-11164.545010208241
1772934423.0885887,-11242.741729958776
1772934423.0885932,-11640.333269768358
1772934423.1849933,-12639.715898648185
1772934423.2140424,-12250.700919274512
1772934423.2140677,-11768.529356509607
1772934423.2140777,-11086.319255944854
1772934423.2140865,-10657.156981059916
1772934423.2140946,-10649.451062390917
1772934423.2361186,-10980.244942234427
1772934423.2361453,-11498.564920808203
1772934423.3003962,7593.418691090804
1772934423.332538,22267.995212341782
1772934423.3325567,22158.33288117512
1772934423.418956,37583.485158727606
1772934423.4189827,38046.80904127106
1772934423.4189942,37432.67688946597
1772934423.4190044,33180.9792645133
1772934423.4190128,21425.774580349735
1772934423.4581301,37604.56336289731
1772934423.4582024,39447.31387707586
1772934423.4582129,33240.81903200234
1772934423.4582202,18849.512842795095
1772934423.4972181,31655.55956156212
1772934423.4972377,36287.85132828586
1772934423.4972477,38336.51430365383
1772934423.4972556,32296.45264056956
1772934423.497264,17876.43197371516
1772934423.5293622,19607.94154024995
1772934423.5885835,34954.63875166958
1772934423.5886045,32610.483984278388
1772934423.5886147,28062.906206484164
1772934423.5886238,27932.789119858826
1772934423.5886323,34023.05722671243
1772934423.5886447,38808.42247012894
1772934423.588653,32353.255518337945
1772934423.5886612,13997.919564774906
1772934423.6046393,13865.196738854102
1772934423.6518574,30130.85000609384
1772934423.6518795,31738.02700423975
1772934423.6518898,30750.823080374943
1772934423.6518989,28030.918210456177
1772934423.6519072,27521.886058813103
1772934423.686015,31110.77182858858
1772934423.6860533,34596.18834503406
1772934423.6860611,30523.705119522663
1772934423.686069,15916.301739017092
1772934423.748246,28801.258603015223
1772934423.748269,26427.985174906487
1772934423.74828,26682.687584040006
1772934423.748289,30412.819341740753
1772934423.7482972,33178.84778211425
1772934423.7483056,28483.985422607817
1772934423.7483137,14235.050250230266
1772934423.780396,28012.184814950895
1772934423.8185458,25857.894806676573
1772934423.818574,25281.077344097248
1772934423.8185835,28243.07765417648
1772934423.8185918,31401.96437689604
1772934423.8185997,27764.831441142822
1772934423.818607,13742.188442413155
1772934423.866706,13152.970866627662
1772934423.9159253,25208.344224072865
1772934423.9159403,26560.099687572245
1772934423.915946,26248.112871106307
1772934423.9159515,24220.509538109996
1772934423.9159565,23424.790741183937
1772934423.9159613,26084.950712734644
1772934423.9561691,29287.574241160004
1772934423.9561913,26042.34484673724
1772934423.9562016,12248.25494391523
1772934423.990383,22530.046155746742
1772934423.9904187,21117.28384744955
1772934423.9904304,24720.78215238249
1772934423.9904516,29389.984699596374
1772934423.990466,26224.309739773027
1772934423.9904785,10565.947042122432
1772934424.0224154,7659.681588085709
1772934424.052483,20690.856122693993
1772934424.052508,10805.479245087527
1772934424.080604,22515.936430668324
1772934424.0806231,21198.891908251644
1772934424.1197877,23896.672951663397
1772934424.119804,27616.352868277525
1772934424.11981,24178.24397673292
1772934424.1539624,24440.129958504294
1772934424.1539896,20721.515268408075
1772934424.1540003,19371.298404616497
1772934424.1540093,23774.488514437384
1772934424.1540184,29050.565957163984
1772934424.1540267,24976.605735651876
1772934424.202114,7134.246765248081
1772934424.2182217,22800.94602304602
1772934424.2182539,21953.161635535023
1772934424.2532845,21223.76391865401
1772934424.253312,22095.871088771102
1772934424.2533224,24195.438022278468
1772934424.2533317,24362.518566489412
1772934424.2834454,23540.697907042664
1772934424.2834651,24603.499694390495
1772934424.283474,21931.850880191803
1772934424.3196433,18608.91194154102
1772934424.3196692,19848.52313654296
1772934424.3196783,25660.381179324777
1772934424.3196871,28473.304678104632
1772934424.3196933,20380.84463086515
1772934424.3517332,3032.811252487315
1772934424.3678772,8222.535899517903
1772934424.4069307,21885.598913846814
1772934424.40695,21415.09966588918
1772934424.406956,21295.179739322157
1772934424.4511676,21728.50982261375
1772934424.4511895,22201.478762739673
1772934424.4511993,22076.725339742698
1772934424.478263,21415.632478145035
1772934424.478289,21025.091932450152
1772934424.4782991,21526.719241192804
1772934424.4783077,22456.335923366205
1772934424.5264444,22586.46527925667
1772934424.5556445,21409.95680242501
1772934424.5556853,20161.671129631053
1772934424.5556924,20825.852969795353
1772934424.71623,4015.69441732655
1772934424.7463877,6881.691873359412
1772934424.746416,13717.28985888072
1772934424.7464263,16394.40832338287
1772934424.7464345,9206.933048961695
1772934424.7464433,-5763.702566515313
1772934424.7464511,-20199.812664431094
1772934424.778482,-7400.8464187869395
1772934424.8046165,24248.073562432142
1772934424.8046384,23377.21345434978
1772934424.8046508,10007.85744564467
1772934424.847781,19276.801321577623
1772934424.847809,7546.247251723223
1772934424.8478222,-8848.128998236403
1772934424.847832,-24704.747955401635
1772934424.84784,-31211.656009397266
1772934424.847848,-24193.717484097306
1772934424.8478556,-10450.314303914332
1772934424.9703188,-20462.100897030392
1772934424.9703355,-21875.836559658404
1772934425.0505974,-25530.67990861913
1772934425.2855787,1909.371706091756
1772934425.2856004,17512.834713564305
1772934425.2856119,28446.480873637352
1772934425.2856195,29294.62707901318
1772934425.2856257,18678.912098910572
1772934425.2856312,677.7983856292218
1772934425.6862402,-8777.991416650217
1772934425.6862657,-19143.931748456806
1772934425.6862748,-28716.71210450989
1772934425.6862829,-32779.31290484007
1772934425.717362,-27419.966644953918
1772934425.717387,-16521.486209718045
1772934425.7173967,-9664.226402795079
1772934425.8459864,-30557.184430371428
1772934425.8619697,-28172.581047448584
1772934425.9583552,5000.6363999319565
1772934426.0237029,20751.9763571186
1772934426.023746,29102.99548106165
1772934426.0237615,26686.276300675865
1772934426.0237775,18214.461630005233
1772934426.0237875,11424.306865911725
1772934426.023804,10232.19180439675
1772934426.0238173,11624.571914650609
1772934426.0238273,9239.914451961085
1772934426.0238369,14.423336255347357
1772934426.0558078,20414.12258276079
1772934426.071846,10043.881184867476
1772934426.0969944,21221.788199094575
1772934426.0970187,17629.955627069376
1772934426.097028,17609.511348846438
1772934426.1200192,20226.89849664012
1772934426.1200411,19679.186792792076
1772934426.1200476,11819.481606142048
1772934426.152223,18265.37261480184
1772934426.16827,13433.618059483562
1772934426.1682982,19164.18723381878
1772934426.198372,25614.870335128722
1772934426.1983924,21476.93934423349
1772934426.1984022,3884.530359144391
1772934426.2807171,14515.175917744153
1772934426.2807379,14080.105194224607
1772934426.2807474,17984.742414773904
1772934426.280756,22263.37164315951
1772934426.280764,21081.894392828464
1772934426.2807717,12347.599201372628
1772934426.2807794,-116.37585069828108
1772934426.3249128,19654.073981300222
1772934426.3249404,22258.742506361174
1772934426.3249533,16115.60147736886
1772934426.3410048,926.1875909369719
1772934426.3640668,17269.46349709676
1772934426.3640933,21731.387220612774
1772934426.3641033,17198.24210635787
1772934426.3641112,1477.6411745913615
1772934426.4022207,14705.669897752387
1772934426.4022453,1704.814427266554
1772934426.4363468,13828.488160108041
1772934426.4363632,13203.51663359677
1772934426.4363697,15125.400743088238
1772934426.4363747,17694.35496356483
1772934426.4363804,14791.608851866768
1772934426.4685318,1905.512893735163
1772934426.4845464,12461.713155385518
1772934426.5106533,14312.965993565074
1772934426.5106795,16530.43353072915
1772934426.5106902,13490.913413681934
1772934426.5106988,1018.8185232401546
1772934426.5337324,14957.174041982671
1772934426.533753,-1133.270216449677
1772934426.61215,9886.579195821892
1772934426.612183,12298.052447235565
1772934426.612192,13759.471262873956
1772934426.6121988,11908.464614465594
1772934426.6122053,8858.489871716947
1772934426.6122115,9062.781930095414
1772934426.6122172,13398.686061308303
1772934426.612228,16546.363621214874
1772934426.6122353,11428.046253720606
1772934426.6281836,-22088.32382719426
1772934426.6512542,-3966.956563468608
1772934426.651281,7890.077751634663
1772934426.6512911,13998.522609330095
1772934426.6513,11276.584742155785
1772934426.6884007,7095.463098994572
1772934426.6884217,8893.625881439102
1772934426.6884317,13889.003677318733
1772934426.6884408,11704.931425246114
1772934426.6884491,-3183.8169301889925
1772934426.7205846,-4764.2138525375885
1772934426.766827,5334.002267969653
1772934426.766852,8220.84800089838
1772934426.7668617,10692.688470569514
1772934426.7668703,9014.344635328769
1772934426.766878,5238.607248990419
1772934426.7668855,4906.6219199516345
1772934426.7668931,9558.121413152568
1772934426.7669008,13328.974625338276
1772934426.7669084,8248.410201671606
1772934426.766916,-7387.058457655344
1772934426.8200033,4200.787830574002
1772934426.820037,8415.312960449766
1772934426.8200493,11979.837971836829
1772934426.820058,7455.330554665387
1772934426.8200665,-7288.9352855931875
1772934426.844078,6731.340184884971
1772934426.8441048,-7024.036284854824
1772934426.9003117,10820.022434768442
1772934426.9003315,5923.572657267518
1772934426.9003453,-9008.485848776882
1772934426.9404807,3317.960383471394
1772934426.9405248,6596.804033092439
1772934426.9405372,8858.696008289202
1772934426.9405775,4492.134289620019
1772934426.9405878,-8734.553205695569
1772934426.972646,6413.792656492072
1772934426.9886684,-10316.48435244155
1772934427.0278187,5008.312389097113
1772934427.0278692,4157.761566858354
1772934427.0278797,3138.9139252827363
1772934427.0278883,3382.980273888434
1772934427.027897,4529.822832674577
1772934427.0279057,4959.570619033166
1772934427.0279143,4079.6754730102134
1772934427.04387,3140.7586466531093
1772934427.076011,3463.971129514845
1772934427.0760293,4579.636022696231
1772934427.0760448,4915.140393358821
1772934427.0760503,4006.428271473609
1772934427.0760553,3139.7714883908816
1772934427.0920725,3530.868812008514
1772934427.1081147,4621.382342790275
1772934427.147294,4871.943602729523
1772934427.1473155,3935.300122077454
1772934427.1473255,3134.7816342024653
1772934427.1473355,3594.747518893812
1772934427.1473453,4662.816148353417
1772934427.1764758,4834.879096971467
1772934427.17651,3872.5083282454284
1772934427.1765218,3133.4400091428333
1772934427.2089646,3656.2565636302743
1772934427.2246788,-8991.591122921953
1772934427.2688332,-13462.757837875062
1772934427.2688553,-9884.471332828653
1772934427.2688649,-811.5252500378266
1772934427.2688735,6891.241734663815
1772934427.2688813,8323.172544435263
1772934427.3170164,-8947.14447561884
1772934427.3170352,-16714.945478189336
1772934427.3651967,-11479.97425343309
1772934427.3973267,1220.410285768399
1772934427.429463,-21814.903088924017
1772934427.4294887,-22886.505208415434
1772934427.477702,-32979.09344139846
1772934427.500738,-45199.800248332416
1772934427.500754,-25028.514583111555
1772934427.5790544,-20766.053395367897
1772934427.5790832,-24569.156173986692
1772934427.5790932,-25157.124819995046
1772934427.649371,-27935.705550412506
1772934427.649396,-15311.055777480973
1772934427.6494057,-675.4258959402367
1772934427.6494143,6405.480322771896
1772934427.9385307,-26086.332931414287
1772934427.9616213,-44681.249081087444
1772934427.961645,-43674.261928208936
1772934427.9777148,-25016.77429977
1772934428.009848,-22652.84675286713
1772934428.0419767,-39576.857023855824
1772934428.0580616,-28473.09584215054
1772934428.0881703,-40255.928857840605
1772934428.0881963,-39708.15451798963
1772934428.0882063,-35397.778309565634
1772934428.0882149,-24765.24916909178
1772934428.1685185,-8421.625616398893
1772934428.200637,-11860.330479830136
1772934428.2558594,-32123.739117752233
1772934428.2558856,-35168.86968990044
1772934428.2558956,-28844.080009397447
1772934428.255905,-15603.022116524051
1772934428.2559135,-5409.8939959939835
1772934428.2559223,-7775.438886061708
1772934428.255931,-22454.72847385495
1772934428.2559395,-38500.00355324033
1772934428.255948,-43484.80988416814
1772934428.255956,-33918.204306011416
1772934428.2559643,-16708.70841181466
1772934428.4807808,-19987.911106771644
1772934428.5290225,-24881.346019155502
1772934428.6012814,-9778.017906234061
1772934428.6013029,8845.449958552997
1772934428.601312,21067.35932593675
1772934428.6013205,19098.98676377517
1772934428.6013308,5010.2931036608325
1772934428.6013408,-11134.90281966311
1772934428.601349,-19471.276801599335
1772934428.6013587,-16711.533494585656
1772934428.6334243,-23482.866877092423
1772934428.6776056,-42084.6972648655
1772934428.6776369,-34483.80648314202
1772934428.6776474,-16705.868059339864
1772934428.732829,-29928.304119684348
1772934428.7328503,-32723.456486110474
1772934428.7328596,-33246.10248875411
1772934428.732868,-31531.27050501597
1772934428.7328763,-31473.995807638556
1772934428.7328842,-34089.75548875379
1772934428.732892,-33469.28083876782
1772934428.7329001,-22508.213489696915
1772934428.8181808,-2665.0644780641255
1772934428.8182003,14869.637767993498
1772934428.8182092,19822.612984700772
1772934428.818217,13601.889989845311
1772934428.818225,7270.8891383360715
1772934428.8503609,8874.284605829504
1772934428.9015653,15190.544977494737
1772934428.901598,17378.216432631616
1772934428.90161,12772.629114686883
1772934428.9016216,7879.0083897349095
1772934428.9016325,9364.885359313048
1772934428.9016433,15198.208597141682
1772934428.901654,17448.146898566938
1772934428.9016776,12876.677505930817
1772934428.9337008,7393.174345426304
1772934428.9337249,8516.83188921081
1772934428.9567697,15478.470021840814
1772934428.9567988,15807.885613030137
1772934428.956809,11091.03790532485
1772934428.956818,7690.491710426092
1772934428.9868484,10655.876403036242
1772934428.9868655,16650.17233273967
1772934429.0033312,17442.605773440606
1772934429.0692005,9688.24019855643
1772934429.069222,8040.320145931209
1772934429.0692315,12027.617102376022
1772934429.06924,16236.66792493483
1772934429.0692475,14383.493823919438
1772934429.0692556,8461.324225411912
1772934429.0692635,6929.924817494769
1772934429.0692708,13231.67629787769
1772934429.1134048,16328.622375400397
1772934429.1134305,18114.707912423753
1772934429.11344,9738.781236507279
1772934429.113448,-5565.295160286853
1772934429.2168689,10924.558579643666
1772934429.216891,8215.138451118108
1772934429.2169008,2769.10765930337
1772934429.2169096,-5477.172475162774
1772934429.2169175,-15523.784642159186
1772934429.2169251,-25043.46502657067
1772934429.216933,-31239.861215778383
1772934429.2169433,-33119.966175108275
1772934429.2169533,-32984.203022709844
1772934429.216961,-34247.00389215814
1772934429.2169707,-36595.14066983246
1772934429.2169793,-34269.34146051592
1772934429.216987,-21634.918219895942
1772934429.2169943,-1560.7057001115122
1772934429.217002,13722.884261655528
1772934429.2170095,13248.732102635511
1772934429.2170172,-388.8564035049062
1772934429.2170248,-11631.058259786945
1772934429.2170327,-7308.81284052068
1772934429.21704,8907.827927593486
1772934429.2170477,19770.96926625904
1772934429.217055,13214.244648045227
1772934429.2170627,-3904.200034509939
1772934429.2170703,-13001.299213736767
1772934429.2329028,-4275.671508022564
1772934429.2650526,12568.386511119154
1772934429.3182282,16325.365673660146
1772934429.3182547,13404.934061944987
1772934429.3182645,7603.010123044839
1772934429.3182728,7023.151446426676
1772934429.3182805,11303.866480018802
1772934429.3182883,13971.84384379709
1772934429.3182957,11715.013668681726
1772934429.3183036,8158.4258490595275
1772934429.318311,8219.155465725864
1772934429.3183184,11472.570991212157
1772934429.3343349,13249.677433986786
1772934429.3764749,11256.46085052703
1772934429.3765025,8458.460842292323
1772934429.3765156,8717.707763335546
1772934429.3765256,11509.489778206764
1772934429.3765337,12891.309732517106
1772934429.3765416,11038.97558616343
1772934429.4247067,-9830.110465616026
1772934429.8845966,-4857.420562107866
1772934429.884617,7533.232377468035
1772934429.8846266,15887.014161480245
1772934429.8846352,14531.820122491054
1772934429.9167392,8734.880916119708
1772934429.9327881,6952.518407814432
1772934429.9559808,10628.410072818346
1772934429.9560397,13957.756348463176
1772934429.9560535,12506.564018536184
1772934429.9560652,8790.738693101463
1772934429.972,8112.156646081816
1772934430.0643506,10063.954762107887
1772934430.0643704,15009.460249656957
1772934430.0643797,14805.869770169666
1772934430.064388,9342.54057179904
1772934430.0643957,5668.847430026084
1772934430.0644045,9264.308804073427
1772934430.0644124,16593.361157270563
1772934430.0644205,18048.75273366519
1772934430.0644283,8223.832231324976
1772934430.0644364,-7805.774146449008
1772934430.0644467,-18779.112431526475
1772934430.0644567,-17290.564227679293
1772934430.3856292,-22428.133136799188
1772934430.4338615,-22342.382914440863
1772934430.4820569,-18450.097968831204
1772934430.5412977,1628.414309946401
1772934430.5413215,14041.748343678579
1772934430.5413327,14907.345430219895
1772934430.6376767,-7209.014833589749
1772934430.6537285,-21393.057307491043
1772934430.6859026,-22091.36859295707
1772934430.9138577,5228.396694623279
1772934430.9138994,20514.517563067642
1772934430.9139276,25476.32442612242
1772934430.9139557,23061.486920762985
1772934430.9139729,16708.356161797787
1772934430.9139807,6066.9284450516125
1772934430.9139893,-8766.073216315639
1772934430.9139977,-22680.19789738379
1772934430.9140055,-28792.23143439543
1772934430.9140136,-26025.85422360226
1772934430.9140215,-20832.90069868592
1772934430.9140294,-20132.170641200668
1772934430.9140375,-23935.310296530908
1772934430.9140456,-26569.62091481932
1772934430.914054,-24513.315852615655
1772934430.914062,-20817.063826090354
1772934430.91407,-20842.086914098603
1772934430.914078,-25005.559953803026
1772934430.9140885,-27587.964612482392
1772934430.9140987,-22960.22578428299
1772934430.9141068,-11925.539425891673
1772934430.9141164,-1334.267949622143
1772934430.9141254,2026.4450771190468
1772934430.9141333,-3240.8961129068693
1772934430.9141412,-13035.659706254643
1772934430.9141493,-21645.239902773872
1772934430.914157,-25632.308263806517
1772934430.9141648,-25196.565685874615
1772934430.914173,-23023.944202467977
1772934430.9141808,-21902.619673776677
1772934430.9141889,-22695.447720452747
1772934430.9141965,-24094.153610877627
1772934430.9142044,-24356.041974433952
1772934430.9142125,-23294.819357149114
1772934430.9142203,-22344.609896030575
1772934430.914228,-22671.933282232716
1772934430.914236,-23726.25520153057
1772934430.9142437,-24065.760643560363
1772934430.9142518,-23291.79566455707
1772934430.9142597,-22479.628367861373
1772934430.9142675,-22626.66516383105
1772934430.9142756,-23369.193806232295
1772934430.9142835,-23684.454862595685
1772934430.9142916,-23354.425809097735
1772934430.9142995,-23002.75685436945
1772934430.9143074,-22913.99022847071
1772934430.9143155,-22789.61839152275
1772934430.9143236,-22845.981223282415
1772934430.914332,-23883.42367271017
1772934430.91434,-25080.50457036537
1772934430.9143486,-22497.25598362898
1772934430.9143567,-12036.67196315618
1772934430.948058,11212.787819129418
1772934430.9480784,19552.438251400217
1772934430.948089,9397.927178917047
1772934430.9480977,-8221.98726988337
1772934430.9481065,-14055.049338900764
1772934430.964032,-17620.777839901755
1772934431.0283368,-12468.214200826586
1772934431.0283647,11441.157308996319
1772934431.0283754,26287.22878736024
1772934431.0283856,26357.367506214105
1772934431.0283945,16290.094751795808
1772934431.0284038,3730.4565127554683
1772934431.028412,-5722.470104961064
1772934431.02842,-7971.939884833847
1772934431.0845475,-33462.52445176314
1772934431.0845675,-26780.796574367163
1772934431.0845768,-3842.7229034662228
1772934431.1216872,13626.984402905675
1772934431.1217082,23082.169822651467
1772934431.1217184,20683.415214439894
1772934431.1217277,17272.67726540799
1772934431.1217363,20505.118452998897
1772934431.2452552,19353.501102201863
1772934431.2452765,20549.98324482489
1772934431.245288,19854.43940356819
1772934431.2452984,18539.221858156736
1772934431.2453072,18483.82712501918
1772934431.2453184,19637.744365935647
1772934431.2453277,20422.810141246107
1772934431.245335,19889.923765886542
1772934431.245343,18695.751173253757
1772934431.2453513,18171.69529383662
1772934431.2453592,19003.596241989635
1772934431.2453668,20670.05259624784
1772934431.245375,21558.955802768225
1772934431.2453823,19751.24943782099
1772934431.2453897,14667.410402996527
1772934431.2873776,-8254.53625482306
1772934431.287394,-23569.499178470654
1772934431.2874005,-29306.64222348878
1772934431.2874055,-24937.24245006318
1772934431.2874107,-18630.3671332391
1772934431.2874157,-18649.58218175744
1772934431.2874205,-24504.652564277054
1772934431.3034563,-28557.38331687811
1772934431.4671676,-32241.746865452205
1772934431.4672194,-31676.375927395406
1772934431.467252,-22095.645594917798
1772934431.4672637,-8457.128576941308
1772934431.467274,246.9227109177299
1772934431.4672844,-634.4564733896227
1772934431.4672947,-7449.506770673597
1772934431.4673054,-12670.59155391048
1772934431.4673183,-12353.744938192633
1772934431.4673307,-8439.594012214979
1772934431.467341,-4421.561116018158
1772934431.4673543,-674.1574445516542
1772934431.4673662,4813.780252456503
1772934431.4673767,12106.146125585079
1772934431.4673877,17813.13574733398
1772934431.4673982,18772.705815392008
1772934431.4674084,16118.663374630813
1772934431.4674191,14172.361001455418
1772934431.4674296,15303.04595097492
1772934431.4674397,17327.06405517838
1772934431.46745,16906.774746733183
1772934431.46746,14531.499935270478
1772934431.4674702,14220.512061982658
1772934431.4674804,17682.23634806091
1772934431.4674907,20299.499327028752
1772934431.4675007,15063.65966510269
1772934431.4675107,1146.5892833335186
1772934431.4675207,-12726.895291043276
1772934431.4675307,-15197.684496784306
1772934431.467541,-3245.8935399426045
1772934431.4675515,14185.746892656092
1772934431.4675612,24148.672594452484
1772934431.4675715,21482.31965492739
1772934431.4675815,12776.048737947835
1772934431.467592,8947.750694491762
1772934431.467602,14245.69950710045
1772934431.4676118,22450.782083556973
1772934431.4676225,23363.279132247233
1772934431.4676328,12755.315584474856
1772934431.4676433,-3552.5092800106954
1772934431.5745664,-13007.694921103353
1772934431.5745878,-11429.112325379214
1772934432.2975852,-152.20582198919263
1772934432.410065,12852.112126952905
1772934432.6198728,-9118.347592959653
1772934432.6198945,-19984.211082555325
1772934432.6199055,-27547.64531727038
1772934432.6199148,-30430.558563819413
1772934432.6199248,-29057.69489726213
1772934432.619936,-22837.845603418995
1772934432.619944,-11200.661908516076
1772934432.650066,3375.8981223486644
1772934432.650086,15455.648257278692
1772934432.6500957,20712.44230083716
1772934432.714275,2166.685894553451
1772934432.7304058,-13014.667618265212
1772934432.971308,-769.749131861018
1772934432.9954221,15919.542324320495
1772934432.995443,24131.27342932192
1772934432.9954538,21287.272340249143
1772934433.0657122,-15480.242914880067
1772934433.065732,-32342.63719431977
1772934433.0657513,-28737.311588502547
1772934433.0657594,-10161.555975173751
1772934433.1621008,9190.274945228704
1772934433.2374685,19298.628135712133
1772934433.2375085,20126.858418165633
1772934433.2375216,17687.237154701237
1772934433.3980885,16880.88196575018
1772934433.5105784,18166.184946573085
1772934433.6712055,3006.3360328777358
1772934433.8640523,6595.01199268703
1772934433.905136,13900.384059814762
1772934433.905152,19724.00194378815
1772934433.939399,21160.661393836697
1772934433.9394417,19545.295675998223
1772934433.9394555,17880.875030118335
1772934433.9394665,17237.08742867045
1772934433.9394765,15891.24575153885
1772934434.0517807,11350.51606100578
1772934434.1963665,3655.7549764225523
1772934434.4534411,2454.1067188657075
1772934434.4534607,12383.321345182509
1772934434.453468,20501.56827401021
1772934434.4534743,20696.062697770485
1772934434.4534805,15839.678480387347
1772934434.4534867,13170.248277913082
1772934434.4534924,15427.574035449921
1772934434.453498,18703.41514072528
1772934434.4535038,18578.00256318281
1772934434.45351,15787.888404510215
1772934434.4535167,14436.831404642522
1772934434.4535227,16126.204455995608
1772934434.4535284,18178.171098131017
1772934434.453534,17765.428385592455
1772934434.4535427,15744.69503370611
1772934434.4535508,15074.16641465038
1772934434.4535573,16533.5662152494
1772934434.4535656,17869.219906298495
1772934434.453572,17222.531718375278
1772934434.4535773,15699.82018664315
1772934434.519676,15549.534293929908
1772934434.5196967,16867.237527157977
1772934434.5197034,17612.714795218875
1772934434.5197089,16731.114853399136
1772934434.558879,15653.816718843027
1772934434.5589087,16037.90970389737
1772934434.5589185,17230.985319475843
1772934434.5589268,17307.928983233818
1772934434.6392083,-2811.505882078372
1772934434.7968457,1408.3796487431266
1772934434.7968664,12676.290065745376
1772934434.7968729,21090.709818478303
1772934434.796878,20443.711451261086
1772934435.1121297,19275.806271500784
1772934435.1121593,10845.188039074892
1772934435.1121705,4162.2320534295295
1772934435.1121807,33.7055730708018
1772934435.1121907,-4012.4208578845896
1772934435.1122005,-8275.784800141766
1772934435.1122096,-9030.971265155971
1772934435.1122189,-3018.675801846573
1772934435.287888,-24719.46805647927
1772934435.2879045,-24789.967307428233
1772934435.287913,-13290.39405781427
1772934435.480662,-12907.936778825135
1772934435.8170671,-23366.709770354577
1772934435.8170853,-9416.212419002533
1772934436.0420113,6804.301823226667
1772934436.064117,17768.12108652389
1772934436.0641432,20761.43169296277
1772934436.0641532,19065.377758962346
1772934436.0641618,17434.403955124024
1772934436.0962088,17585.6796538212
1772934436.096233,18216.744671721128
1772934436.5781796,18055.667372891156
1772934436.7619405,17604.374700582877
1772934436.7619607,18020.98041471872
1772934436.7619667,19305.38376360556
1772934437.276175,2838.893844207194
1772934437.3242629,3998.3567901762726
1772934438.1275709,4765.875726201755
1772934438.1437008,-2119.1792399999226
1772934438.1687715,-17516.365082361623
1772934438.1688066,-30596.335791278474
1772934438.1688173,-28089.46494653543
1772934438.3193443,8430.921334064495
1772934438.3193803,26507.80643001414
1772934438.5533268,27762.097557855144
1772934438.5533533,16203.035084100464
1772934438.553363,-1525.1035705858505
1772934438.8746564,17323.316168584675
1772934438.8746798,19399.393063685475
1772934439.0031798,2500.0353543126184
1772934439.0503917,4145.507080323336
1772934439.050413,13781.727307484414
1772934439.0504253,23210.002180373096
1772934439.280322,21038.017175203073
1772934439.2803438,16471.32576767574
1772934439.2803545,13115.306763241668
1772934439.280363,15889.764866955311
1772934439.2803721,20889.20557367536
1772934439.280381,18880.52974953484
1772934439.2803895,5398.9735433475935
1772934439.3606467,13440.717575475857
1772934439.360668,12295.341216838435
1772934439.3606777,16396.724575652013
1772934439.3606868,20924.49598082301
1772934439.3606956,17711.48268554518
1772934439.360704,3390.6501566467846
1772934439.3767364,677.1491305507059
1772934439.4088423,16772.080205681686
1772934439.4339638,17058.958027730867
1772934439.4339788,12990.395690605976
1772934439.4339852,5657.831202556091
1772934439.5373693,14338.234275318147
1772934439.5373857,2238.4844131168907
1772934440.549584,2923.564452244647
1772934441.1561155,-10604.879821554883
1772934441.156154,-24361.138383581332
1772934441.8790407,-28218.673261341464
1772934442.1049707,-35.59509516553022
1772934442.104988,15633.112727155763
1772934442.1049953,19536.105170054376
1772934442.1050007,13759.393618952077
1772934442.1050074,8122.6656850074105
1772934442.105013,9541.77874249309
1772934442.105018,15835.622774975252
1772934442.1050231,18962.660099180925
1772934442.1050284,12927.888137249283
1772934442.1371586,-1419.1465191828404
1772934442.6994407,-15219.143888342584
1772934442.7797744,-25599.834502376038
1772934442.822922,-27107.71085186914
1772934442.8229487,-25627.9494141044
1772934442.8229587,-23508.046548673254
1772934442.822968,-23482.202003869257
1772934442.822976,-24901.52788908953
1772934442.8229847,-25197.58461144164
1772934442.8229933,-23801.420072066583
1772934442.823002,-23789.450166908468
1772934442.88722,-11242.943701961503
1772934442.910335,12423.973980156537
1772934442.910381,14081.07730870744
1772934442.9103923,12663.751799746104
1772934443.0167816,-15752.319179263764
1772934443.0168025,-25007.689687537342
1772934443.016812,-25085.119542700893
1772934443.0168204,-22791.131206183145
1772934443.0168288,-23040.342994022696
1772934443.0168366,-24584.88947219396
1772934443.0168467,-24329.421314874402
1772934443.0168562,-22684.663470152558
1772934443.016864,-22568.313621008416
1772934443.0168734,-24457.882023197322
1772934443.016882,-25348.408080325178
1772934443.01689,-23396.381990321166
1772934443.0168972,-21365.021084455497
1772934443.0169053,-23128.364517800925
1772934443.0169127,-27237.81212132329
1772934443.0169208,-26577.364616608676
1772934443.3210282,-21746.12062321184
1772934443.3210652,-20141.334816359285
1772934443.3210757,-19828.694187546884
1772934443.3210845,-21285.26768797156
1772934443.321093,-22466.77864254486
1772934443.3211017,-21677.416234553424
1772934443.32111,-19981.214957675995
1772934443.3211184,-19752.648152740985
1772934443.3211267,-21354.11492858582
1772934443.3211346,-22575.581894140927
1772934443.321143,-21673.59188710648
1772934443.3211513,-19833.699823247487
1772934443.3211596,-19602.450575863473
1772934443.3211682,-21368.935915605307
1772934443.3211763,-22738.234203834472
1772934443.3211844,-21761.201775970705
1772934443.3211925,-19674.651694512166
1772934443.3212006,-19336.169875346735
1772934443.3212085,-21334.120450144565
1772934443.3212185,-23032.98631290221
1772934443.3212285,-22020.698633126834
1772934443.3212368,-19472.27258550263
1772934443.3212469,-18815.833761173733
1772934443.3212562,-21195.136273878677
1772934443.3212645,-23651.658413796038
1772934443.3212724,-22719.64481786541
1772934443.3212805,-19121.339596558708
1772934443.3212886,-17430.870969266638
1772934443.3212965,-20562.826997879303
1772934443.3213046,-25518.850536005677
1772934443.321313,-25812.61593835144
1772934443.3213208,-18348.143637161575
1772934443.402388,-18326.794222660094
1772934443.4024096,-19931.84694018476
1772934443.402419,-20151.00953879126
1772934443.4024277,-18633.727815909206
1772934443.4024355,-17414.135316229553
1772934443.4024436,-18180.061804398247
1772934443.4024515,-19953.456529353654
1772934443.402459,-20340.371568946353
1772934443.4024663,-18730.97527886417
1772934443.4024737,-17195.218789912007
1772934443.4024816,-17828.4004820424
1772934443.4024892,-19954.88310164492
1772934443.4024968,-20829.504245203705
1772934443.4025042,-19068.019566005696
1772934443.4025118,-16621.156829574214
1772934443.402519,-16777.318570870433
1772934443.4025288,-20192.92672594337
1772934443.4025383,-23115.562061466633
1772934443.402546,-19868.09534140236
1772934443.4025552,-7863.154386486182
1772934443.5308967,8817.86873242329
1772934443.595219,-8881.84890211703
1772934443.61828,-17086.95578392313
1772934443.6183107,-21265.037685842508
1772934443.6183217,-18334.87993477088
1772934443.6183305,-8704.296423124579
1772934444.758996,-9239.264566968872
1772934444.8132477,10288.030884309366
1772934444.8132768,24152.252962301252
1772934444.8132832,21343.7363791574
1772934444.813289,6541.0312750591675
1772934444.813312,-2790.152919237664
1772934444.8613925,4944.069303950629
1772934444.884493,21832.16430677959
1772934444.8845088,28744.430175702637
1772934444.8845146,16860.911783739568
1772934444.9307055,-14575.221348854333
1772934444.9307327,-19466.70306847741
1772934445.1285284,2411.1452012621808
1772934445.1285508,18161.416456887662
1772934445.1285605,23291.300907382916
1772934445.1285703,18081.355025531495
1772934445.128579,12818.148854041548
1772934445.1285875,14318.551964771626
1772934445.128606,19092.278439955477
1772934445.1286168,20020.402622212212
1772934445.1286268,16282.68513011965
1772934445.128635,13639.762044810934
1772934445.1286452,15886.913219646418
1772934445.128654,19631.018094102055
1772934445.128662,19262.964878442235
1772934445.1286705,15038.703545427692
1772934445.1286783,13123.82710561388
1772934445.1286864,17175.977549061223
1772934445.1286948,22228.393101236976
1772934445.128703,19000.323169787418
1772934445.1767244,4041.3845841599314
1772934445.2148724,13191.838777992862
1772934445.2148972,17588.997479464124
1772934445.2149074,21273.629018390388
1772934445.2149165,18250.063285333796
1772934445.2149253,9930.045781113373
1772934445.2149336,3809.480189667942
1772934445.230919,4509.582432532968
1772934445.2792552,-6755.759169428233
1772934445.295179,-28073.716795531727
1772934445.3112948,-24125.064814638168
1772934445.368575,-3256.885512128889
1772934445.368606,-6374.464805615225
1772934445.3686209,-14794.246406526461
1772934445.3686333,-21353.14864022547
1772934445.3686452,-22232.515731263375
1772934445.36867,-19239.44541477904
1772934445.3686826,-16542.968328138217
1772934445.3686996,-16541.209248928426
1772934445.3687172,-18763.797804375026
1772934445.36873,-21216.764461499595
1772934445.3687446,-21533.362964126278
1772934445.3687625,-17382.37827545555
1772934445.3687713,-7631.1370102288665
1772934445.4458485,6474.352330040744
1772934445.4458697,19155.01141112969
1772934445.44588,23967.3633552865
1772934445.4458888,20704.9575700369
1772934445.4458969,14708.958282067128
1772934445.4459052,10267.289609944053
1772934445.4459136,5897.624756421116
1772934445.4459224,-2211.3155803671375
1772934445.4459305,-12699.645958401228
1772934445.4459383,-17601.122164437664
1772934445.4459467,-10243.289583936816
1772934445.4779732,-23116.10220900712
1772934445.4940288,-16711.327222228785
1772934445.4940567,-5176.534298634374
1772934446.0724611,7374.310262180524
1772934446.1367252,17290.622169176728
1772934446.1919105,21188.354978397838
1772934446.1919427,19880.639836282233
1772934446.1919532,19208.821421871926
1772934446.1919627,19766.26234211481
1772934446.1919718,19508.468161439443
1772934446.1919806,18070.772556168027
1772934446.1919887,18065.862309691624
1772934446.1919992,21033.67662061393
1772934446.1920097,23358.471765670347
1772934446.192018,18739.057120181496
1772934446.1920283,6001.420227720178
1772934446.2180033,-6793.730032158663
1772934446.2180243,-8452.635216338895
1772934446.3204727,637.7362195836297
1772934446.3204963,9130.548163956468
1772934446.320507,12274.581801429353
1772934446.346578,-17742.884408303726
1772934446.346596,-23745.658220284546
1772934446.3786693,-23262.541963160522
1772934446.3947284,-13786.463447744196
1772934446.4549885,-14662.914835887294
1772934446.4550045,-17101.298476304037
1772934446.455011,-19078.008976701312
1772934446.4550166,-18100.859698818553
1772934446.4550219,-16975.25249574236
1772934446.4871671,-19545.146342874206
1772934446.5142548,-20566.547218993826
1772934446.5142767,-19422.73719498901
1772934446.514287,-9270.65195329965
1772934446.7502155,7602.484912500004
1772934446.7502358,21998.39888088121
1772934446.9269822,12027.720990727283
1772934447.0264113,10345.305273083351
1772934447.02647,18322.213133803798
1772934447.026481,23180.487935197
1772934447.026491,18712.715094766827
1772934447.026507,8825.209001992302
1772934447.0265195,3570.512893865808
1772934447.02653,7824.391717794722
1772934447.026543,16274.611177733233
1772934447.026554,20050.897613004596
1772934447.0265632,16226.233804801606
1772934447.026572,9168.652212095358
1772934447.0265808,3874.4845506976817
1772934447.0265903,854.3884436324146
1772934447.0735047,25635.883551483617
1772934447.0735252,24933.472720709902
1772934447.073531,17415.08020048329
1772934447.0735369,13756.864525989835
1772934447.073542,18510.78213296987
1772934447.073547,25162.092970267942
1772934447.073552,24408.023676040913
1772934447.073557,15116.076637388554
1772934447.1689668,16936.333386197442
1772934447.1689875,18940.9129859414
1772934447.1689973,21420.268286796047
1772934447.1690059,21089.374048331752
1772934447.4299867,18669.524681281975
1772934447.4300125,17518.781381344073
1772934447.430022,19024.9986996491
1772934447.4300303,21008.0254773616
1772934447.430039,20849.78876353752
1772934447.430047,18896.329057457526
1772934447.430055,17786.303372659157
1772934447.4300625,18918.746800457022
1772934447.4300723,20752.568758160036
1772934447.430082,20900.25071238643
1772934447.6468935,19175.25201281829
1772934447.646914,17783.002219838432
1772934447.6469207,18554.936897604905
1772934447.646926,20642.08802723572
1772934448.3075902,21415.362096394125
1772934448.3076208,19603.71499108006
1772934448.3076327,17154.570970674235
1772934448.3076427,17430.520930487313
1772934448.77351,21131.614464437127
1772934449.105926,24112.579603970633
1772934449.105955,20167.009152990027
1772934449.1580951,-3578.802394684708
1772934449.1581125,-13032.215141700275
1772934449.158119,-19092.438515716003
1772934449.1581247,-20357.71902498351
1772934449.15813,-14779.022055949914
1772934449.1581435,-2709.315411879834
1772934449.1982732,-13609.363349884863
1772934449.1982925,-5090.882478681356
1772934449.2987216,-14779.460245628301
1772934449.298749,-13829.40109144846
1772934449.2987595,-13677.642608389848
1772934449.298768,-14496.065257639584
1772934449.298786,-15059.534087834558
1772934449.298794,-14503.03220677108
1772934449.298802,-13605.933688011582
1772934449.2988105,-13777.297667007317
1772934449.298821,-14949.19243664801
1772934449.298831,-15369.89337924889
1772934449.2988393,-14052.942042062095
1772934449.3218105,-12745.496875948596
1772934449.3218317,-14044.472241564996
1772934449.321838,-17047.824390552287
1772934449.3218436,-16159.48745407186
1772934449.3539484,-5943.024695982008
1772934449.3990912,-13932.640268836156
1772934449.3991168,-69.37407099089026
1772934449.77474,-13616.88277402254
1772934449.774767,-13475.112754335987
1772934449.774779,-13901.094352791437
1772934449.7747877,-14363.989880298235
1772934449.7747965,-14549.859356582834
1772934449.967483,-13604.755205151061
1772934449.999596,11408.422313865938
1772934449.9996223,10360.695506006345
1772934450.0548253,-140.86807965542934
1772934450.05484,-12958.735095738213
1772934450.054846,-18827.58594559852
1772934450.070931,-15996.872068672406
1772934450.0869353,-12837.100431721365
1772934450.121061,-12168.010651925175
1772934450.1210768,-14856.013263578487
1772934450.1210833,-16418.682894037258
1772934450.1210887,-15397.606502061617
1772934450.306883,-15323.11095968527
1772934450.306924,-15939.465510091339
1772934450.306942,-17172.090217875182
1772934450.3069522,-17299.392429626736
1772934450.3069603,-16562.53296519021
1772934450.30697,-16366.121054979587
1772934450.3069787,-16948.144394256422
1772934450.3069863,-17162.126474983797
1772934450.306994,-16508.2093573334
1772934450.3070016,-16081.479386065848
1772934450.3070087,-16826.20070099997
1772934450.3070161,-17758.748354447558
1772934450.3070235,-17176.367109184783
1772934450.3070312,-15469.78339725532
1772934450.3070385,-15267.095017772066
1772934450.3070457,-17839.492004490417
1772934450.307053,-20112.285290653697
1772934450.3070607,-16760.731043681717
1772934450.307068,-5846.126000748175
1772934450.3070755,8327.497791392134
1772934450.307083,18705.641817663716
1772934450.3070903,21710.643219043166
1772934450.3070982,19637.963066963996
1772934450.3071055,17285.147871799545
1772934450.307113,17193.342922671018
1772934450.3071203,18482.926663357146
1772934450.3071277,19310.35872307019
1772934450.3071356,19140.333429422622
1772934450.3071427,18535.459191154347
1772934450.3071504,17936.10520599717
1772934450.3071575,17588.59277126074
1772934450.3071656,18123.131893602233
1772934450.3071735,19842.710973110374
1772934450.307181,20998.144379948477
1772934450.307189,17872.68453568598
1772934450.3071969,8045.802667132914
1772934450.3650944,-5721.642379408428
1772934450.3651145,-16965.750552207628
1772934450.3651235,-20675.37218104567
1772934450.365132,-17849.113331809072
1772934450.3811927,-14243.092714025654
1772934450.44947,-14247.82625612468
1772934450.4494956,-17885.626961405695
1772934450.449506,-19329.095139089222
1772934450.449515,-17026.893112420494
1772934450.4495237,-14457.63367809514
1772934450.449532,-15168.169946679354
1772934450.4495406,-18042.502391048605
1772934450.4495492,-18983.960306518933
1772934450.449558,-16617.58888454387
1772934450.4495704,-14271.099795249529
1772934450.4495783,-15424.105614737875
1772934450.4495869,-18675.709783586466
1772934450.4495947,-19312.067221449357
1772934450.4496028,-15911.93150030054
1772934450.4496112,-13128.280522687903
1772934450.4496193,-15908.27683525362
1772934450.5287638,-15860.384145556394
1772934450.528787,-20643.140000291223
1772934450.528793,-20781.564909234585
1772934450.5288007,-13162.90249820375
1772934450.528808,-2253.908479649298
1772934450.609131,-20252.36843086076
1772934450.609162,-18928.396198025228
1772934450.6914625,-16052.275740450612
1772934450.6914876,-17034.86992747313
1772934450.6914992,-16699.440356092447
1772934450.6915083,-15377.328504521409
1772934450.6915176,-14586.16371210928
1772934450.6915262,-14996.774988894615
1772934450.6915345,-15586.836772134373
1772934450.6915429,-15378.88773029897
1772934450.6915512,-15238.59451843904
1772934450.6915596,-16558.564910892055
1772934450.691568,-17987.03641020702
1772934450.691576,-15040.68050689465
1772934450.7075279,-4619.558508093679
1772934450.7376208,-18049.048022180905
1772934450.7376487,-14160.63189002391
1772934450.7376575,-3754.2357080716492
1772934450.911347,-16910.514751701132
1772934450.911368,-13556.452223308497
1772934450.927432,-1837.5061188149284
1772934451.0880525,-401.0558438715506
1772934451.1764593,12339.995436581432
1772934451.1764803,20520.03153677938
1772934451.1764915,23044.808299164848
1772934451.1765008,22829.924830569693
1772934451.5410483,-5504.364053410804
1772934451.541094,-14143.862695713175
1772934451.5411067,-7957.484517857201
1772934451.5731018,-4396.176417722064
1772934451.646418,-9978.629884825285
1772934451.646456,-11897.01487758921
1772934451.646464,-14879.701961894823
1772934451.64647,-15072.883384438124
1772934451.6464756,-12590.536142943689
1772934451.6464815,-10886.419078642308
1772934451.6464872,-12118.801371447831
1772934451.6464937,-14496.027319213677
1772934451.646499,-14778.752830925267
1772934451.6465044,-12563.28952996888
1772934451.6465096,-10811.389040554517
1772934451.6465144,-11947.733613975211
1772934451.6465197,-14569.130644425968
1772934451.6465244,-15118.312984633885
1772934451.646529,-12548.146540001635
1772934451.646534,-10022.451603399139
1772934451.6465385,-11214.346726381045
1772934451.6465433,-15481.143288611263
1772934452.0159736,-2532.05071446558
1772934452.1214159,-436.60240245286565
1772934452.1214561,-5891.250680202046
1772934452.1214676,-12842.323297164667
1772934452.1214776,-16676.391546933013
1772934452.1214879,-14604.312378855306
1772934452.121498,-7887.2287228194955
1772934452.1215072,-555.623000040629
1772934452.1695712,-9078.01468736473
1772934452.185638,-14761.73887908032
1772934452.1856656,-12835.793824677892
1772934452.249902,-7016.293040124462
1772934452.2719927,-6875.087162559514
1772934452.2720258,-12857.790565985848
1772934452.2720363,-18173.27256950881
1772934452.288041,-10687.58557923948
1772934452.3171751,-7945.08749197597
1772934452.317195,-10146.799368478492
1772934452.3172047,-14933.820352956873
1772934452.3172128,-13627.360767260703
1772934452.3172293,-1129.8560380023719
1772934452.4457169,19157.821383154187
1772934452.4697988,29800.203954362743
1772934452.4698231,23599.473249962637
1772934452.46983,10669.730798075387
1772934452.4698365,7341.4555451146125
1772934452.5039432,-8489.572801302324
1772934452.5039647,-10623.853706457883
1772934452.503975,-13264.670668233972
1772934452.5039833,-15214.23575620816
1772934452.600346,-9166.904832612374
1772934452.6003704,2544.9417196860727
1772934452.6324685,13287.400022318465
1772934452.8463619,23713.08321919989
1772934452.846384,25538.462334552616
1772934452.8463912,22459.813517994888
1772934452.8463972,21670.014830799533
1772934452.8464048,24069.432228124104
1772934452.846412,24771.79817719914
1772934452.8464181,21744.350155702497
1772934452.8464253,19801.694811711426
1772934452.8464327,23536.780069281227
1772934452.8464384,28682.816121206706
1772934452.846444,25035.340261136145
1772934452.8464494,9246.248526564357
1772934453.0481982,21458.0601986524
1772934453.0482185,24019.96333794399
1772934453.0482292,25523.65946734869
1772934453.1124556,11346.21895310187
1772934453.1446173,-1173.4040843615617
