timestamp,value
1772937238.2545712,2.628576081031886
1772937238.25461,2.1359465557001687
1772937238.2546327,1.9452312935475857
1772937238.2546563,2.1718156068233
1772937238.2546794,2.499885950002539
1772937238.2547047,2.6051011012137617
1772937238.2547245,2.532703985912052
1772937238.254748,2.5498407684131053
1772937238.2547672,2.7370744819103567
1772937238.254794,2.922920870964429
1772937238.2548068,3.03015485029698
1772937238.2548149,3.275957142128449
1772937238.2548227,3.8645072443164774
1772937238.2548308,4.570128348805182
1772937238.2548387,4.846020044143719
1772937238.2548468,4.424108000473901
1772937238.254855,3.6806875340882734
1772937238.2548623,3.2855331264322323
1772937238.2548704,3.538123579279949
1772937238.2548785,4.167163001137897
1772937238.2548864,4.75944849254847
1772937238.2548945,5.215865748989774
1772937238.2549026,5.690610773371675
1772937238.2549107,6.203018991804939
1772937238.2549183,6.508093759576251
1772937238.254926,6.39379443255616
1772937238.2549336,5.977485711658028
1772937238.2549417,5.606172363069576
1772937238.254949,5.512909228042341
1772937238.2549572,5.662188254518567
1772937238.254965,5.902266669716434
1772937238.254973,6.145960252395468
1772937238.2549808,6.366300614328435
1772937238.254989,6.531136659160497
1772937238.255028,6.656665889304926
1772937238.2550359,6.881533706063489
1772937238.2550435,7.350010101752901
1772937238.2550511,7.982366967844617
1772937238.255059,8.46741625086703
1772937238.2550669,8.577609454698102
1772937238.2550745,8.447127634572135
1772937238.255082,8.437829495130561
1772937238.2550895,8.735892002023476
1772937238.2550976,9.18312656493498
1772937238.2551053,9.533305783873686
1772937238.255113,9.75597853777738
1772937238.2551205,9.98273575490605
1772937238.255128,10.234862321858673
1772937238.2551355,10.388078559838162
1772937238.2551432,10.443116180995736
1772937238.2551508,10.650841881977579
1772937238.2551584,11.20168339066257
1772937238.255166,11.862606551207918
1772937238.2551737,12.140670564785408
1772937238.2551813,11.880183204852553
1772937238.2551887,11.53593039670986
1772937238.2551966,11.693467323028523
1772937238.2552044,12.385449756417824
1772937238.2552118,13.068874173968831
1772937238.2552197,13.293994900120284
1772937238.255227,13.197726462998098
1772937238.2552347,13.214833324018961
1772937238.2552423,13.469769354074698
1772937238.2552502,13.708577379559214
1772937238.255258,13.802860433939113
1772937238.255266,13.999847039986777
1772937238.2552736,14.476273296939947
1772937238.2552812,14.866264366470435
1772937238.2552888,14.616465760153154
1772937238.2552965,13.856013856830229
1772937238.255304,13.541831440438354
1772937238.2553115,14.418850684960493
1772937238.255319,15.973059300792814
1772937238.255327,16.81601137641031
1772937238.2553346,16.235519797943283
1772937238.2553425,15.071197330864262
1772937238.25535,14.771594359994234
1772937238.2553575,15.726050872468313
1772937238.2553651,16.903366403088004
1772937238.2553737,17.206107952173188
1772937238.255381,16.807131880520917
1772937238.2553887,16.817326335700383
1772937238.2553968,17.8000500728774
1772937238.2554045,19.068926097214394
1772937238.255412,19.595584740360977
1772937238.2554195,19.26812426141135
1772937238.2554274,18.915471784606833
1772937238.255435,19.22525931179966
1772937238.255443,20.035363313959145
1772937238.2554507,20.758690800721585
1772937238.2554586,21.118423242473934
1772937238.2554665,21.176479347424735
1772937238.255474,20.90870879724493
1772937238.2554822,20.260745200968312
1772937238.25549,19.662193802278175
1772937238.255498,19.94972885545189
1772937238.2555058,21.363631906218217
1772937238.255514,22.884903891142873
1772937238.2555215,23.15314061707863
1772937238.2555294,22.136303565108
1772937238.2555373,21.36100809738649
1772937238.255545,22.10133554211555
1772937238.2555528,23.70135907363512
1772937238.2555604,24.340349009636608
1772937238.255568,23.43935553158099
1772937238.255576,22.530639968434294
1772937238.2555835,23.22962380279781
1772937238.2555914,24.89387188709769
1772937238.2555995,25.284561258370946
1772937238.2556074,23.641741360396757
1772937238.255615,22.034909758057537
1772937238.2556229,22.766517136202403
1772937238.2556303,24.997326326652512
1772937238.255638,25.42900417225185
1772937238.2556455,22.859621908446833
1772937238.2556536,20.740679734314057
1772937238.2556615,23.401921778330763
1772937238.2556689,29.525902746186667
1772937238.2556765,31.086231037318218
1772937238.2556841,20.595948220870415
1772937238.733946,1.4973863259934206
1772937238.7339842,1.1890735629746323
1772937238.7340112,1.0089402309096887
1772937238.7340376,1.2811324542113016
1772937238.73406,1.8121895761003843
1772937238.7340918,2.1668711727809304
1772937238.7341175,2.136059240716412
1772937238.7341423,1.8707297695442557
1772937238.734164,1.6627422322393142
1772937238.73418,1.7260491963245068
1772937238.7341888,2.1520885435465424
1772937238.7341979,2.900221209353527
1772937238.7342064,3.7446094375808063
1772937238.734219,4.347567463175244
1772937238.734228,4.545542727356957
1772937238.7342365,4.557383840973999
1772937238.734245,4.770605419991843
1772937238.7342534,5.2665548116867065
1772937238.734262,5.676646737685595
1772937238.734274,5.6343775288509965
1772937238.7342877,5.310686278165873
1772937238.7343016,5.316160250136851
1772937238.7343102,5.994692326307802
1772937238.7343185,6.936430011717307
1772937238.7343268,7.3469333607296035
1772937238.734335,6.89786557730787
1772937238.7343433,6.092582646774855
1772937238.734352,5.7441641027157075
1772937238.7343602,6.181049513190313
1772937238.7343686,7.037410657205274
1772937238.7343771,7.738624222677015
1772937238.7343855,8.039361882821453
1772937238.734394,8.07314244797227
1772937238.7344024,8.042484475504722
1772937238.7344108,8.015414777435875
1772937238.734419,7.992011361579318
1772937238.7344275,8.013156273817495
1772937238.7344358,8.123723073023168
1772937238.734444,8.291599385239753
1772937238.7344522,8.440119050099046
1772937238.7344604,8.539628287267938
1772937238.734469,8.60913126956344
1772937238.7344773,8.648598517997678
1772937238.7344859,8.64751084620712
1772937238.7344942,8.666419991635422
1772937238.7345023,8.817831673219233
1772937238.7345104,9.10883844938955
1772937238.7345188,9.374904057757846
1772937238.734527,9.46924137716364
1772937238.734536,9.483684641622643
1772937238.7345445,9.645458076241903
1772937238.7345524,9.96235277037998
1772937238.7345607,10.124573051466461
1772937238.7345688,9.906434722508328
1772937238.7345772,9.584840220156297
1772937238.7345853,9.727999185998266
1772937238.7345936,10.492759726867062
1772937238.734602,11.327907017195269
1772937238.73461,11.584338971687332
1772937238.7346184,11.344442866738234
1772937238.7346268,11.374441932625881
1772937238.734635,12.166963726687165
1772937238.7346437,13.277318598294245
1772937238.7346516,13.867693324597775
1772937238.73466,13.805368391481336
1772937238.7346685,13.860064090351855
1772937238.7346766,14.675695737423863
1772937238.7346852,15.845132185805607
1772937238.7346933,16.360034259974338
1772937238.734702,15.907440016154208
1772937238.7347102,15.300239279269988
1772937238.7347183,15.416456083971706
1772937238.7347264,16.018662115607466
1772937238.7347348,16.052457605842378
1772937238.7347429,15.090258716872231
1772937238.7347512,14.02730458977187
1772937238.7347596,14.073601446759312
1772937238.7347677,15.325171606230809
1772937238.734776,16.753363705438538
1772937238.7347844,17.55790244709861
1772937238.7347925,18.032261934290485
1772937238.7348008,18.825787884701562
1772937238.7348092,19.74328598219328
1772937238.7348173,19.875644198154987
1772937238.7348256,18.959589235847208
1772937238.7348344,18.030450415059654
1772937238.7348425,18.28092836993365
1772937238.734851,19.51989612224813
1772937238.7348592,20.32592485846263
1772937238.7348673,19.812725139418376
1772937238.734876,18.731950864151585
1772937238.734884,18.453976425788767
1772937238.7348921,19.184627821975518
1772937238.7349007,19.80225469799307
1772937238.7349088,19.49666338520026
1772937238.734922,18.92897990791882
1772937238.7349353,19.298366720022155
1772937238.7349477,20.618878606924913
1772937238.734956,21.64430433925204
1772937238.7349641,21.5932585449224
1772937238.7349727,21.255240228063734
1772937238.734981,21.85409066404243
1772937238.7349892,23.219035268776658
1772937238.7349975,23.9185721361939
1772937238.7350056,23.317533676860116
1772937238.735014,22.666880721501727
1772937238.7350223,23.48061773710571
1772937238.735031,25.293950315664148
1772937238.7350392,26.07837513939156
1772937238.735047,25.071755601113292
1772937238.7350557,24.145256543846525
1772937238.7350638,25.399015437354457
1772937238.735082,27.9154901474634
1772937238.7350955,28.420866260756828
1772937238.735108,25.7775672631514
1772937238.7351165,23.530834595713824
1772937238.7351248,26.1300829859437
1772937238.735133,32.32780411981537
1772937238.7351415,34.01527064752378
1772937238.7351499,23.485173069133328
1772937238.9909935,16.143445687988066
1772937238.9910471,16.498755616768758
1772937238.991078,16.924080055175526
1772937238.991115,17.539881757628716
1772937238.991132,17.856585029840506
1772937238.9911451,17.296109045575886
1772937238.991158,16.126437964283465
1772937238.9911706,15.474461070047804
1772937238.9911828,16.133372100050753
1772937238.991196,17.53857913258494
1772937238.991212,18.281058188895805
1772937238.9912238,17.666495325161083
1772937238.991236,16.456816360156683
1772937238.991248,15.901714023518343
1772937238.9912598,16.300054377084354
1772937238.9912715,16.868147588434454
1772937238.9912832,16.944185973180588
1772937238.991294,16.848461961414614
1772937238.9913056,17.291401999858422
1772937238.9913168,18.240700000112344
1772937238.9913297,18.86574823877286
1772937238.9913406,18.64511859205175
1772937238.9913497,18.096043278304133
1772937238.9913614,18.110482394245246
1772937238.991372,18.813107297462775
1772937238.9913824,19.50116273671831
1772937238.9913926,19.696878217150697
1772937238.9914029,19.794211412860417
1772937238.991413,20.393473309521216
1772937238.9914248,21.32015569499565
1772937238.9914372,21.79941357215218
1772937238.991449,21.58788809905814
1772937238.9914615,21.415257172929444
1772937238.9914737,21.99649758961711
1772937238.991486,22.944864676706075
1772937238.9914982,23.184050979604358
1772937238.9915104,22.40361834723715
1772937238.9915228,21.5495057275181
1772937238.9915352,21.583122292330767
1772937238.9915473,22.180842319744915
1772937238.9915595,22.236293513237868
1772937238.9915717,21.5317477274121
1772937238.9915838,21.186606941852027
1772937238.9915955,22.094905808139746
1772937238.991608,23.479613949209863
1772937238.9916203,23.76449365162515
1772937238.991634,22.78338012610538
1772937238.991645,22.21905188245033
1772937238.9916646,23.349662708606488
1772937238.991685,25.034767500740028
1772937238.9916975,24.97981801421564
1772937238.991711,22.98328538611255
1772937238.991724,21.732327479901898
1772937238.991737,23.496014823786087
1772937238.9917502,26.71308993038369
1772937238.991763,27.390933468844064
1772937238.991776,24.3306314246986
1772937238.9917889,21.573763298026353
1772937238.991802,23.937660077893444
1772937238.991815,30.058484173947697
1772937238.991828,31.578747376162713
1772937238.9918413,20.880713551836322
1772937239.0391984,-147761.72491641252
1772937239.5160143,-36885.2001202449
1772937239.5160587,6143.030405259144
1772937239.5160851,22316.377194335284
1772937239.5161116,9233.904121665733
1772937239.5161383,-8363.016268770154
1772937239.5161648,-9209.910953569655
1772937239.5161912,3260.9193802522464
1772937239.516218,10838.434089374945
1772937239.516245,5098.115181266343
1772937239.5162716,-4312.222203408219
1772937239.5163033,-4752.93761482209
1772937239.5163212,3032.9182962146783
1772937239.5163293,7785.789492002944
1772937239.5163372,3628.367762578264
1772937239.5163465,-2935.0748281917536
1772937239.5163543,-2924.5600859321817
1772937239.516362,3009.7420336011473
1772937239.5163703,6373.025569161466
1772937239.516378,2853.7411540487456
1772937239.516386,-2252.170313673542
1772937239.5163937,-1910.8829096279871
1772937239.5164015,3035.9302597903184
1772937239.51641,5552.8658019068325
1772937239.5164177,2355.321941056479
1772937239.516426,-1853.9718329108805
1772937239.5164337,-1254.4505623210855
1772937239.5164416,3083.359631815238
1772937239.5164495,5017.316791742288
1772937239.516457,1997.9770822035111
1772937239.5164652,-1597.799351257605
1772937239.5164728,-785.9034351712972
1772937239.5164807,3139.1942760212296
1772937239.5164886,4634.860978165066
1772937239.5164964,1717.0400322881178
1772937239.516504,-1423.6791774794613
1772937239.516512,-423.81983818138673
1772937239.5165195,3205.8294232677467
1772937239.5165274,4348.743631685858
1772937239.5165353,1481.741367700413
1772937239.516543,-1305.409975312455
1772937239.5165508,-133.466255537726
1772937239.5165586,3276.367233949925
1772937239.5165665,4122.142500943264
1772937239.5165741,1273.6572479543943
1772937239.516582,-1223.6407426902406
1772937239.5165896,114.50319033098035
1772937239.5165975,3357.251375590039
1772937239.5166051,3940.2848196995315
1772937239.5166128,1082.9454128294215
1772937239.5166206,-1170.3752996304258
1772937239.5166292,331.8841403218098
1772937239.5166368,3445.884187562745
1772937239.5166445,3788.393693702912
1772937239.516652,900.5457586084865
1772937239.5166595,-1139.2576378175672
1772937239.5166674,531.0959690663842
1772937239.5166748,3545.947218121194
1772937239.5166872,3659.2863485985813
1772937239.5166976,719.2378695482803
1772937239.5167084,-1128.9091371069196
1772937239.5167212,718.4783723462089
1772937239.5167332,3659.1992182482695
1772937239.516744,3547.6045012926297
1772937239.5167563,533.9368419199956
1772937239.516769,-1136.6025819490326
1772937239.5167816,902.5784237020905
1772937239.5167935,3790.6651097121835
1772937239.516806,3449.181696390685
1772937239.5168169,335.7605612971922
1772937239.5168247,-1166.9951223298283
1772937239.5168324,1085.607048785325
1772937239.51684,3943.176381027394
1772937239.5168478,3361.2520506574333
1772937239.5168557,119.33769729775481
1772937239.5168633,-1218.900223114997
1772937239.5168712,1278.0558219237005
1772937239.5168788,4126.968452006805
1772937239.5168865,3282.352442419597
1772937239.516894,-126.60222619859246
1772937239.5169015,-1298.6027325626958
1772937239.5169094,1487.9872207264043
1772937239.5169172,4354.712012255998
1772937239.5169249,3211.9693508509067
1772937239.516935,-417.3691396853344
1772937239.5169473,-1416.7191645945559
1772937239.5169587,1725.1961113812056
1772937239.5169706,4644.888768882674
1772937239.5169811,3150.80659227401
1772937239.5169916,-773.9444767280866
1772937239.5170016,-1586.4433092321033
1772937239.5170124,2009.0416446671004
1772937239.5170248,5029.078407824086
1772937239.5170355,3096.1176746271963
1772937239.517046,-1241.3679418831287
1772937239.517057,-1841.0508646768324
1772937239.5170677,2368.6472234239627
1772937239.5170784,5567.401380829395
1772937239.5170896,3051.2791896428007
1772937239.5171015,-1896.2341702929466
1772937239.5171134,-2239.0612153819166
1772937239.5171251,2866.3252827702913
1772937239.5171363,6386.786345292781
1772937239.517149,3024.9413684368396
1772937239.5171568,-2909.3532053488652
1772937239.5171647,-2920.9567891305737
1772937239.5171723,3642.194281814521
1772937239.51718,7800.897087310789
1772937239.517188,3049.388412608842
1772937239.5171957,-4736.594351008199
1772937239.5172036,-4296.572265638434
1772937239.5172112,5114.972275554181
1772937239.5172193,10858.733772987527
1772937239.5172267,3283.778687080401
1772937239.5172343,-9188.29328334852
1772937239.5172434,-8344.704606609004
1772937239.5172548,9252.138360060217
1772937239.5172672,22339.938630187913
1772937239.5172753,6171.776262547096
1772937239.5172837,-36860.64480403928
1772937239.5172918,-73905.2434018907
1772937239.9968588,1020.2475373656307
1772937239.9968972,2751.7794913291436
1772937239.9969232,2697.47604277826
1772937239.99695,932.5079666597032
1772937239.9969764,-64.11489349378179
1772937239.9970033,1109.9839621744625
1772937239.9970303,2808.255924231606
1772937239.9970565,2644.0721939400796
1772937239.9970832,844.0723830085118
1772937239.9971097,-64.26432909199907
1772937239.997136,1199.5875850793182
1772937239.9971633,2864.563154405272
1772937239.9971757,2589.003941308469
1772937239.9971833,752.8627135049016
1772937239.9971912,-66.06243421542185
1772937239.9971993,1289.6886212774946
1772937239.9972076,2921.555639736767
1772937239.997216,2532.528631261181
1772937239.997224,659.3056806792542
1772937239.997232,-67.35394915259816
1772937239.9972427,1384.6238597135782
1772937239.9972508,2984.410391888485
1772937239.9972591,2478.744213682264
1772937239.9972672,565.3693884171485
1772937239.997275,-68.46688995581684
1772937239.9972832,1481.625629597751
1772937239.997291,3047.8277258363196
1772937239.997299,2420.926867498422
1772937239.9973068,465.6283644252592
1772937239.9973147,-70.84175862109387
1772937239.997322,1583.5756923856497
1772937239.99733,3116.684629269911
1772937239.997338,2363.115571443029
1772937239.9973457,362.0866553711268
1772937239.9973533,-74.24364398192924
1772937239.997361,1689.0305799548385
1772937239.9973688,3187.3819281003075
1772937239.9973764,2300.038725455551
1772937239.9973843,250.24985015519826
1772937239.997393,-79.6195461482263
1772937239.9974008,1800.9007515612068
1772937239.9974084,3264.142319395794
1772937239.997416,2234.590063827301
1772937239.997424,131.50535105609998
1772937239.9974315,-85.62475769636501
1772937239.9974391,1920.7556216505113
1772937239.9974473,3347.173881383086
1772937239.997455,2164.8490223824583
1772937239.9974625,4.004438199025695
1772937239.99747,-90.9302455758075
1772937239.9974775,2052.881892894964
1772937239.9974856,3439.477518146846
1772937239.9974933,2088.7900327594107
1772937239.9975011,-138.09660037551834
1772937239.9975088,-100.46593283642788
1772937239.9975169,2195.8223132162134
1772937239.997525,3540.8580786676075
1772937239.9975328,2004.4390429939003
1772937239.9975407,-297.3769813944143
1772937239.9975483,-113.07511965645091
1772937239.997556,2355.914435019832
1772937239.9975638,3658.6779645348224
1772937239.9975717,1915.2803666853174
1772937239.9975796,-473.8520058634249
1772937239.9975874,-128.024649858343
1772937239.9975953,2535.4903500601586
1772937239.997603,3791.7581531649575
1772937239.9976108,1812.559261758159
1772937239.9976184,-679.301379918646
1772937239.997626,-150.39791005787814
1772937239.9976337,2739.3192230584305
1772937239.997641,3946.707841813232
1772937239.997649,1695.66862092187
1772937239.9976563,-919.2740858583109
1772937239.997664,-179.86159014337463
1772937239.9976716,2977.2645481725212
1772937239.9976795,4132.12683740846
1772937239.997687,1560.0258324203685
1772937239.9976947,-1207.037976753804
1772937239.9977024,-220.96454649505895
1772937239.99771,3260.8170857232353
1772937239.9977176,4360.849268239689
1772937239.9977255,1401.60556796297
1772937239.997733,-1558.5001014438365
1772937239.9977407,-276.75862975665837
1772937239.9977489,3610.287874729096
1772937239.9977565,4653.3461977510915
1772937239.9977643,1211.4315560612572
1772937239.997772,-2005.1332335670647
1772937239.9977798,-360.10607293359226
1772937239.9977877,4052.7864190789646
1772937239.997795,5042.454509647173
1772937239.9978037,978.146363748719
1772937239.9978113,-2595.4567214747817
1772937239.9978187,-489.70844920661244
1772937239.9978263,4638.072067591554
1772937239.997834,5588.666011523386
1772937239.997842,680.9705545695824
1772937239.9978497,-3424.519596325228
1772937239.9978573,-709.1914648589093
1772937239.9978652,5459.304266353748
1772937239.997873,6419.090261757443
1772937239.9978807,286.9433426997184
1772937239.9978883,-4695.407491316323
1772937239.997896,-1131.2489375974899
1772937239.9979036,6715.23745172262
1772937239.9979112,7850.266209544572
1772937239.9979188,-248.97129428115417
1772937239.9979265,-6925.065299356347
1772937239.997934,-2107.396810811004
1772937239.9979415,8948.304596680995
1772937239.9979491,10939.19246103671
1772937239.9979568,-936.6065943090721
1772937239.9979644,-12061.284463616808
1772937239.9979722,-5473.267292832825
1772937239.99798,14441.649032745816
1772937239.9979875,22497.411078208876
1772937239.9979951,208.47169628021354
1772937239.9980028,-41114.20051248239
1772937239.9980106,-69649.63517071903
1772937240.3133383,6.082716324217674
1772937240.313388,6.222520405178418
1772937240.3134196,6.888655924733976
1772937240.313446,7.768556230918488
1772937240.3134735,8.181914306598276
1772937240.3135004,7.850182073500039
1772937240.3135197,7.315704957123261
1772937240.3135293,7.35401967570829
1772937240.3135378,8.029402102852275
1772937240.313546,8.609948738216044
1772937240.3135543,8.50605495067571
1772937240.3135622,8.041689523502157
1772937240.3135705,8.047461213609642
1772937240.3135788,8.807627656498182
1772937240.313587,9.749944613919576
1772937240.3135953,10.25802216545333
1772937240.3136039,10.461557179167299
1772937240.3136122,10.91200802028616
1772937240.3136203,11.63175907437841
1772937240.3136292,11.948643186209825
1772937240.3136415,11.458379672455063
1772937240.3136492,10.815280294085282
1772937240.3136575,11.14018127483927
1772937240.3136656,12.654666088651611
1772937240.3136735,14.28545990077535
1772937240.3136814,14.830542805320459
1772937240.3136888,14.28427887361343
1772937240.3136964,13.708553754503823
1772937240.313704,13.901086929248587
1772937240.313712,14.594537146366749
1772937240.3137205,15.10171908872158
1772937240.3137288,15.372487838939993
1772937240.3137364,15.978834436519197
1772937240.3137443,17.123776630927363
1772937240.3137524,18.145963602956165
1772937240.3137605,18.280144598769205
1772937240.3137684,17.66130833155935
1772937240.3137765,17.197007741057078
1772937240.313784,17.465614897704576
1772937240.313792,18.097834144902947
1772937240.3137996,18.39979791071966
1772937240.3138072,18.297084412694897
1772937240.313815,18.340130850596164
1772937240.3138232,18.89041827650924
1772937240.313831,19.692851356730685
1772937240.3138392,20.3468559174783
1772937240.3138468,20.838008387656753
1772937240.3138547,21.304970904683323
1772937240.3138623,21.521391378342624
1772937240.31387,21.109128311321466
1772937240.3138776,20.328903739760122
1772937240.3138852,20.15005166286235
1772937240.3138933,21.117910070508607
1772937240.3139017,22.404778500414487
1772937240.3139093,22.57914907371437
1772937240.3139167,21.430082234992625
1772937240.3139248,20.481478126371428
1772937240.313933,21.239905984707583
1772937240.3139403,23.226587124090543
1772937240.313948,24.409519289858093
1772937240.3139555,23.673274834036043
1772937240.3139634,22.193098664661004
1772937240.3139708,21.861785357737098
1772937240.3139784,22.812033446380685
1772937240.3139865,23.39067686825969
1772937240.3139944,22.6652365528897
1772937240.314002,21.940393929915363
1772937240.3140094,22.923460076992146
1772937240.3140173,24.90831858339427
1772937240.3140252,25.211069390059507
1772937240.3140333,22.960135071334946
1772937240.3140411,21.25344280317204
1772937240.3140488,23.826544781102427
1772937240.3140564,29.304134834614445
1772937240.3140645,30.30940361928768
1772937240.314072,20.013672945520945
1772937240.3140795,-0.17236079286952283
1772937240.622524,73476.46064143426
1772937240.622573,37310.16570631459
1772937240.622605,-3354.023431754461
1772937240.6226368,-18979.251631752843
1772937240.6226685,-7954.453330865325
1772937240.6226919,7863.830469988585
1772937240.6227045,9733.499604598735
1772937240.6227188,-326.55049719670365
1772937240.6227324,-7502.77107163954
1772937240.6227448,-3966.2661558880327
1772937240.622759,3724.0477725823407
1772937240.6227713,5376.81356971583
1772937240.6227837,61.57912337908225
1772937240.6227963,-4448.463948392807
1772937240.6228092,-2658.3150426182324
1772937240.622821,2244.736334528446
1772937240.6228328,3653.1632366948775
1772937240.622846,259.1459374370461
1772937240.6228583,-3030.8958881009903
1772937240.6228704,-2057.395209790633
1772937240.6228821,1452.4430453403104
1772937240.6228948,2756.894975110293
1772937240.6229072,426.11185506782004
1772937240.622919,-2207.9189905551525
1772937240.6229315,-1757.386723480694
1772937240.6229439,927.0289648466669
1772937240.6229556,2229.8566218548776
1772937240.6229675,596.8531173237329
1772937240.6229792,-1667.544397330006
1772937240.622991,-1624.6084271457282
1772937240.6230028,525.3221968572028
1772937240.6230147,1908.4898659701464
1772937240.6230268,790.4921024023234
1772937240.6230395,-1281.9154403552845
1772937240.6230516,-1606.7662622565545
1772937240.6230645,181.86824368361
1772937240.6230772,1724.1159371965684
1772937240.6230905,1025.4022171318793
1772937240.623103,-987.6189656055096
1772937240.6231153,-1686.964978659051
1772937240.6231272,-145.38462995152776
1772937240.623139,1642.9020936855609
1772937240.6231508,1317.7102172334921
1772937240.623163,-755.35595453658
1772937240.623175,-1873.8952353560128
1772937240.6231873,-490.3415822971546
1772937240.6231997,1660.892219366672
1772937240.6232116,1704.8846823185327
1772937240.623224,-559.7678608437982
1772937240.623237,-2193.9152250707334
1772937240.6232488,-891.5749869715227
1772937240.623261,1793.8088813642012
1772937240.6232731,2245.7539224080742
1772937240.6232855,-388.0405627738072
1772937240.6232975,-2719.9541883642855
1772937240.6233091,-1416.5108372438508
1772937240.6233213,2093.6505364219915
1772937240.6233342,3068.0739256717593
1772937240.6233463,-222.23024712672375
1772937240.623359,-3618.1280587287856
1772937240.6233711,-2211.520527738389
1772937240.6233833,2691.5202497856144
1772937240.6233954,4482.993381728422
1772937240.6234076,-26.522390448088643
1772937240.6234195,-5342.937088286159
1772937240.6234317,-3691.329607609102
1772937240.623444,4000.0223888511296
1772937240.6234565,7539.194528984817
1772937240.6234694,364.1667328222704
1772937240.6234822,-9697.874181263576
1772937240.6234949,-7830.854939243848
1772937240.6235075,7988.353762365757
1772937240.6235197,19017.817333182
1772937240.623531,3394.9102971418088
1772937240.6235428,-37276.593310017946
1772937240.6235547,-73460.63560109584
1772937240.7309492,-41682.02124299963
1772937240.7309835,-6347.011959348013
1772937240.7309997,23943.813192920334
1772937240.7310092,27148.766806213447
1772937240.731018,12529.000635523103
1772937240.731026,5155.452444590123
1772937240.7310345,14276.452686088018
1772937240.731043,24204.799467173143
1772937240.7310555,16543.089755659996
1772937240.731064,-5808.633210757958
1772937240.731072,-22125.413326132504
1772937240.7310803,-18435.628538105182
1772937240.7310884,-2215.699651424072
1772937240.7310965,8601.007671838128
1772937240.7311041,5973.950088635583
1772937240.731112,-2918.9229184264414
1772937240.7311199,-7622.316343893947
1772937240.7311275,-5605.485904684678
1772937240.7311351,-850.3809818691544
1772937240.731143,3032.1942350078975
1772937240.7311509,4076.747813773108
1772937240.7311585,-213.26830648069665
1772937240.7311666,-9565.796995675355
1772937240.7311747,-14688.549182151366
1772937240.7311826,-1371.1411134649227
1772937240.7311904,32666.20408142189
1772937240.7311983,67044.55905095917
1772937240.9217005,38324.337797803564
1772937240.9217553,32271.569312761767
1772937240.9217856,7880.17636051543
1772937240.9218123,-17149.808572547932
1772937240.9218297,-29686.464441369386
1772937240.9218385,-34568.06449986592
1772937240.921847,-40704.689904047824
1772937240.9218557,-40963.67446761335
1772937240.921864,-19080.562705954657
1772937240.921872,21088.390150046238
1772937240.9218798,46425.53494601188
1772937240.9219196,28132.91568143185
1772937240.9219275,-18175.69308277088
1772937240.9219391,-41189.90158560569
1772937240.9219503,-11261.224137208186
1772937240.9219625,39533.06813623355
1772937240.9219742,48780.86992600888
1772937240.9219866,-3503.468563102913
1772937240.9219992,-66186.2020703983
1772937240.922008,-70811.27946015197
1772937240.922016,-8574.316521626573
1772937240.922024,58827.49455837934
1772937240.9220324,67181.93751074986
1772937240.9220405,17550.617438168807
1772937240.9220483,-32037.739863821884
1772937240.922056,-35322.92992745
1772937240.9220638,-3901.1289348751384
1772937240.9220717,17648.592629801624
1772937240.9220796,8441.786969556802
1772937240.9220877,-10687.524577580269
1772937240.9220953,-12026.198637597141
1772937240.922103,2829.210903372843
1772937240.9221115,10588.956257806532
1772937240.9221194,1024.1667106146804
1772937240.9221268,-10520.032750841545
1772937240.9221346,-7061.902017370913
1772937240.9221425,5763.266069951183
1772937240.92215,8795.614585938778
1772937240.9221573,-2608.026452536657
1772937240.922165,-11780.428712734234
1772937240.9222035,-4672.374055067692
1772937240.9222116,9327.372719965097
1772937240.9222195,9508.785906293004
1772937240.9222274,-6780.924498332319
1772937240.9222353,-17781.221735781884
1772937240.9222429,-4207.774637516417
1772937240.9222505,24976.033902231655
1772937240.9222581,41745.442701749955
1772937240.922266,31916.004559082692
1772937240.9222736,10210.342717889085
1772937240.9222813,-434.48557822525504
1772937240.922289,2557.932602034217
1772937240.9222963,1321.0258374868865
1772937240.922304,-15835.569815467463
1772937240.9223115,-36880.48924307528
1772937241.2138824,-37799.50504046279
1772937241.2139192,-19190.40670875012
1772937241.2139456,2302.0243574396522
1772937241.2139723,9564.129987704937
1772937241.2139988,3028.7012997453958
1772937241.2140255,-4230.011575458162
1772937241.2140436,-3747.1533030510714
1772937241.2140524,948.8448485649732
1772937241.2140608,2654.9269657067507
1772937241.214069,393.0561010479992
1772937241.2140768,-1493.6051719619372
1772937241.214085,-717.5940904718749
1772937241.2140934,582.5398985120287
1772937241.2141013,290.8340390737616
1772937241.2141092,-512.5911715870202
1772937241.2141173,-96.73483352621133
1772937241.214125,725.0688825732284
1772937241.2141333,153.89993932325393
1772937241.214141,-1166.914284374688
1772937241.2141492,-890.7175343525149
1772937241.214157,1022.8196822535638
1772937241.214167,1672.1883148471863
1772937241.2141752,-390.4798394683263
1772937241.214183,-2375.9042506145374
1772937241.2141912,-1025.1663088242487
1772937241.2141993,2160.50579052269
1772937241.2142067,2463.986630715597
1772937241.2142146,-1109.699563720217
1772937241.2142224,-3640.6148254029445
1772937241.21423,-1016.6208991759853
1772937241.2142377,3550.732437855646
1772937241.2142453,3330.3793387500687
1772937241.2142532,-2124.5082072559567
1772937241.2142613,-5297.062501993688
1772937241.214269,-929.4890143754683
1772937241.2142768,5584.817894082765
1772937241.2142844,4633.8364265570235
1772937241.2142923,-3726.142477686134
1772937241.2143,-8115.126660969851
1772937241.2143078,-940.939249190555
1772937241.2143157,9364.580609094373
1772937241.2143233,7671.574743807109
1772937241.214331,-6664.352833398084
1772937241.2143385,-15362.250924638487
1772937241.2143576,-3132.771930998047
1772937241.2143652,19959.985653543346
1772937241.214373,26492.50263196348
1772937241.2143807,4352.352215353755
1772937241.2143884,-25202.007772156452
1772937241.2143958,-29156.458442796207
1772937241.2144036,-1083.419711455002
1772937241.2144113,29495.605713787867
1772937241.214419,29560.560681088176
1772937241.2144265,-305.9417345459778
1772937241.214434,-27382.143885407517
1772937241.214442,-24404.008871432776
1772937241.2144496,1123.781183005318
1772937241.2144578,18673.669629778364
1772937241.2144654,10976.36314258252
1772937241.2144732,-8530.960231898238
1772937241.2144809,-14982.985549504736
1772937241.2144887,-2124.2976584282565
1772937241.2144964,12501.756183850102
1772937241.214504,10543.225309400048
1772937241.2145119,-5233.44840189478
1772937241.2145195,-15085.201562066744
1772937241.2145271,-5824.053861284839
1772937241.214535,13469.906494411647
1772937241.2145429,19792.094112721283
1772937241.2145505,-1104.3630885879165
1772937241.214558,-40067.48710461839
1772937241.2145658,-70748.65264873201
1772937241.7155268,-67388.60734312126
1772937241.7155683,-33691.58760976386
1772937241.7155945,1849.895309881955
1772937241.7156212,16790.47415644919
1772937241.715648,10001.51161126537
1772937241.7156749,-2797.5169528722554
1772937241.7157016,-6798.331027139555
1772937241.715728,-687.7142497781329
1772937241.7157545,6192.034950157544
1772937241.7157812,6085.7088167155525
1772937241.715808,606.5488138935469
1772937241.7158344,-2925.1543937576116
1772937241.715843,-689.4983728808581
1772937241.7158582,3797.335147228257
1772937241.715866,4805.84491759745
1772937241.7158742,1502.069467832669
1772937241.715882,-1557.6644638918794
1772937241.7158904,-548.3143073393996
1772937241.7158985,2907.69895206788
1772937241.7159064,4196.2909693911415
1772937241.715915,1801.627355243899
1772937241.7159228,-929.125700127638
1772937241.7159307,-399.4271837105111
1772937241.7159388,2521.1468197348136
1772937241.715947,3847.91710701786
1772937241.7159548,1887.694257079804
1772937241.7159626,-599.8792309738715
1772937241.7159705,-254.53495323224365
1772937241.7159781,2354.9116261394975
1772937241.715986,3623.782078314159
1772937241.715994,1875.415921611678
1772937241.7160015,-421.21019153861585
1772937241.7160096,-120.29312131332793
1772937241.7160172,2295.927909971643
1772937241.716025,3464.677764877791
1772937241.7160327,1813.8929317537286
1772937241.7160408,-320.5760389515003
1772937241.7160485,11.573140720063355
1772937241.7160563,2299.8219137244114
1772937241.716064,3343.519235676858
1772937241.7160716,1723.2731728354768
1772937241.7160797,-266.20522732320427
1772937241.7160873,142.228809173665
1772937241.7160952,2341.1718329001797
1772937241.7161033,3243.8233694556056
1772937241.716111,1613.656138201898
1772937241.7161188,-239.14005426154472
1772937241.7161267,274.67650005222555
1772937241.7161343,2405.8295987985507
1772937241.716142,3153.1105547034817
1772937241.7161517,1486.8082516146824
1772937241.7161596,-230.19484694215097
1772937241.7161677,411.8554990871153
1772937241.7161756,2487.965100942399
1772937241.7161837,3066.3347255057824
1772937241.7161913,1346.1310010787365
1772937241.7161987,-231.25663935664204
1772937241.7162063,557.1430832651821
1772937241.7162142,2583.1369776158854
1772937241.7162216,2977.952739579323
1772937241.7162294,1193.093706968254
1772937241.716237,-233.91715504457522
1772937241.7162445,717.8640018312994
1772937241.7162535,2690.7864537922405
1772937241.7162633,2881.162637902408
1772937241.7162707,1021.8762539680565
1772937241.7162807,-239.26931549672386
1772937241.7162883,893.8982824216666
1772937241.7162964,2806.625843008726
1772937241.716304,2769.3685205519578
1772937241.7163117,831.4979680135101
1772937241.716319,-239.010736183336
1772937241.7163267,1095.7477787136781
1772937241.7163346,2932.894518941545
1772937241.7163424,2636.0333866659253
1772937241.71635,617.5838268659882
1772937241.7163577,-227.24371270585806
1772937241.716365,1332.746221973978
1772937241.716373,3068.388858189952
1772937241.716381,2467.8855273864333
1772937241.7163887,370.38060371452946
1772937241.7163963,-197.11923079331405
1772937241.716404,1619.7018696973846
1772937241.7164116,3215.0416888237523
1772937241.7164197,2249.945562717505
1772937241.716427,79.27389406004781
1772937241.7164352,-136.72418336164114
1772937241.7164428,1977.0138409550832
1772937241.7164505,3370.364033767502
1772937241.716458,1953.691137959827
1772937241.7164657,-272.5373747453137
1772937241.716473,-20.57821088204719
1772937241.7164807,2446.066205878182
1772937241.7164886,3533.4133111293986
1772937241.7164965,1526.3789699638537
1772937241.716504,-723.8337110513421
1772937241.7165165,185.1434503917666
1772937241.7165275,3092.4443847455796
1772937241.7165384,3699.828199016731
1772937241.7165504,877.0253859836245
1772937241.7165625,-1329.6031917599978
1772937241.716575,570.5165639618893
1772937241.7165868,4062.5616609199446
1772937241.7165987,3855.7162893118143
1772937241.7166111,-208.01415391519666
1772937241.7166233,-2228.3529843645915
1772937241.7166357,1339.8805725837178
1772937241.7166452,5714.460210412517
1772937241.716653,3969.5892023396505
1772937241.7166607,-2300.8385326474927
1772937241.7166684,-3819.2158684350243
1772937241.7166765,3105.749515200838
1772937241.716684,9231.144796781946
1772937241.7166915,3975.5727398033137
1772937241.7166991,-7643.902636070757
1772937241.716707,-8049.4252817115885
1772937241.716715,8699.65074618248
1772937241.7167227,22162.82708650872
1772937241.7167304,5197.544310074626
1772937241.716738,-39964.97086625796
1772937241.7167454,-74464.12112128448
1772937242.1355424,-134.79948456817098
1772937242.1355894,375.71438850877524
1772937242.1356332,1381.7716098572419
1772937242.1356664,1475.0586465584922
1772937242.135702,516.8095297234578
1772937242.1357338,-156.0333773471369
1772937242.1357644,405.1450382918469
1772937242.1357949,1424.2611469663952
1772937242.13581,1473.5574701987275
1772937242.1358252,473.1728119196409
1772937242.1358392,-181.96070803677634
1772937242.135854,433.6340907344623
1772937242.1358683,1469.5350768233218
1772937242.1358788,1474.16047417147
1772937242.1358876,428.7822985279497
1772937242.135896,-208.28302163290525
1772937242.1359053,465.5845886660404
1772937242.1359367,1519.6536795451457
1772937242.135945,1474.6640859092283
1772937242.1359537,377.7161018567366
1772937242.135962,-241.49752787005787
1772937242.13597,497.3826540818833
1772937242.1359787,1575.0553766859434
1772937242.1359873,1478.07010479983
1772937242.1359954,323.30995575729554
1772937242.1360035,-279.1094854432523
1772937242.136012,530.4648150230636
1772937242.1360202,1635.8308145313445
1772937242.1360283,1482.817436822872
1772937242.136037,263.15048340384635
1772937242.1360457,-322.3703146813659
1772937242.1360538,566.1150299066479
1772937242.136062,1704.7891748120162
1772937242.1360705,1490.7893398583067
1772937242.1360788,197.17957759522844
1772937242.1360872,-371.6890198027926
1772937242.136096,605.4537753035464
1772937242.136104,1783.8298069856965
1772937242.1361127,1501.8267522348551
1772937242.1361208,121.92432253078266
1772937242.1361291,-431.49405900347375
1772937242.1361375,646.5149256378754
1772937242.136146,1873.9419773987197
1772937242.1361544,1517.3511708926153
1772937242.1361628,37.630927165870965
1772937242.1361716,-501.0766201038635
1772937242.13618,692.4323926979818
1772937242.1361885,1978.781195457944
1772937242.136197,1536.928680787795
1772937242.1362057,-61.438633282241064
1772937242.136214,-586.3432763776433
1772937242.1362221,743.321601830869
1772937242.1362307,2104.1318887732177
1772937242.136239,1565.3962143186561
1772937242.1362474,-175.6889251729498
1772937242.1362555,-689.2485947146866
1772937242.136264,801.8667872768026
1772937242.1362724,2256.3787456022474
1772937242.1362808,1604.9369531685393
1772937242.136289,-310.8581157802899
1772937242.1362972,-816.1210673724552
1772937242.1363058,870.5978919892648
1772937242.136314,2444.0366469650876
1772937242.1363225,1655.7530674093439
1772937242.136331,-482.3040296750065
1772937242.1363397,-985.4823530551381
1772937242.136348,946.9883204835861
1772937242.136356,2681.8711064422923
1772937242.1363647,1730.0850642244723
1772937242.1363728,-695.4011632339475
1772937242.136381,-1208.9752560945585
1772937242.1363893,1036.0801530775507
1772937242.1363976,2991.2314270168476
1772937242.1364057,1836.5494449447067
1772937242.136417,-973.0011180347183
1772937242.1364295,-1516.102810179483
1772937242.136443,1144.4510362066928
1772937242.1364555,3414.9299850834805
1772937242.136464,2000.0154195786774
1772937242.1364727,-1348.7530482977425
1772937242.1364808,-1960.7117860219332
1772937242.1364892,1277.6630252404566
1772937242.1364975,4027.659100940946
1772937242.136506,2269.159603421936
1772937242.1365144,-1883.0124357018142
1772937242.1365223,-2649.3590527076217
1772937242.136531,1439.7987016361174
1772937242.1365392,4978.075889945565
1772937242.1365476,2749.6397950183928
1772937242.1365557,-2705.4863298652303
1772937242.136564,-3836.5591831123
1772937242.1365724,1612.320715431175
1772937242.1365805,6617.725724095721
1772937242.1365893,3746.936287784195
1772937242.1366003,-4105.944218777685
1772937242.1366131,-6244.948187551778
1772937242.1366272,1643.4398893984016
1772937242.136637,10024.794785223827
1772937242.1366456,6526.42118996265
1772937242.136654,-6828.627781137588
1772937242.136662,-13109.403281985902
1772937242.1366704,-538.5314932776098
1772937242.5010803,-74062.66252823925
1772937242.501118,-36631.19954742562
1772937242.5011432,6497.928676156969
1772937242.501165,22299.95947941032
1772937242.501187,8864.833406652526
1772937242.5012069,-8581.623968731783
1772937242.5012162,-8973.984332982805
1772937242.5012264,3631.2369678287378
1772937242.5012357,10830.425988995588
1772937242.501245,4714.611501854092
1772937242.501254,-4546.381755405251
1772937242.501263,-4509.966243559796
1772937242.5012715,3423.7838728159627
1772937242.50128,7782.9518811656235
1772937242.5012891,3227.921345523708
1772937242.5012977,-3181.818735688829
1772937242.501306,-2667.4989401799144
1772937242.5013142,3425.406704108517
1772937242.5013225,6370.961427557563
1772937242.5013306,2425.7019239789283
1772937242.5013387,-2519.192795450025
1772937242.5013468,-1638.586841007988
1772937242.5013552,3482.2403493607403
1772937242.5013635,5553.899111132032
1772937242.5013711,1897.4365159605654
1772937242.5013793,-2140.827557635834
1772937242.5013871,-959.4357991881063
1772937242.5013952,3568.0359595549266
1772937242.501403,5019.114852948032
1772937242.5014112,1498.6658568950836
1772937242.5014198,-1912.264943398043
1772937242.501428,-462.8379742694679
1772937242.501436,3673.526963365137
1772937242.501444,4639.741722341294
1772937242.501452,1166.7484743153598
1772937242.50146,-1773.9946353830137
1772937242.5014684,-68.81548812182248
1772937242.5014763,3798.2442565322863
1772937242.5014844,4353.793385617548
1772937242.5014925,866.1379719203557
1772937242.5015006,-1697.9134189903514
1772937242.5015092,268.6011290572686
1772937242.5015223,3949.6328571806757
1772937242.5015357,4131.528762712152
1772937242.5015488,574.4694092487686
1772937242.501557,-1673.2505222717837
1772937242.5015657,573.2478167324324
1772937242.501574,4130.937476193192
1772937242.501582,3951.019464822037
1772937242.5015905,271.16744965469184
1772937242.5015988,-1695.9293027552794
1772937242.5016072,867.2311387803173
1772937242.5016153,4355.638734935492
1772937242.5016236,3802.417116904538
1772937242.5016315,-62.70857236434892
1772937242.5016396,-1767.7400102233419
1772937242.5016477,1172.1247580272184
1772937242.501656,4644.924361608223
1772937242.5016642,3679.675960393531
1772937242.5016725,-455.6373500365189
1772937242.5016804,-1904.856726831852
1772937242.5016885,1505.887584382961
1772937242.5017016,5026.798538034144
1772937242.5017145,3576.9769531846455
1772937242.5017266,-949.2757370644694
1772937242.5017352,-2130.046990614954
1772937242.5017436,1908.6271493423762
1772937242.501752,5565.840892149614
1772937242.5017605,3495.079533348319
1772937242.5017693,-1625.2608970602216
1772937242.5017774,-2505.7024356590546
1772937242.5017858,2439.6961424411643
1772937242.5017946,6385.859193971727
1772937242.5018044,3440.6530807575227
1772937242.501814,-2653.138210931532
1772937242.5018268,-3168.684127309373
1772937242.5018356,3241.1546329318116
1772937242.5018444,7797.880463733925
1772937242.5018537,3440.3384316839874
1772937242.5018628,-4493.286775814478
1772937242.5018716,-4530.161491082795
1772937242.5018804,4731.946331660454
1772937242.5018892,10850.599777426949
1772937242.5018983,3653.215937497561
1772937242.501907,-8953.540922345228
1772937242.501917,-8564.263774361923
1772937242.5019317,8882.054658330866
1772937242.5019555,22321.299828830644
1772937242.5019696,6522.328854395375
1772937242.5019832,-36612.587701005265
1772937242.501994,-74060.69212607559
1772937242.5330923,-73153.86951508331
1772937242.9186013,-35223.83798858469
1772937242.9186363,6431.384293069603
1772937242.9186597,20854.239141004862
1772937242.9186828,8086.581408292387
1772937242.918706,-7587.381365381215
1772937242.9187255,-7610.401913883092
1772937242.9187453,3434.036666125866
1772937242.9187598,9348.60301331402
1772937242.9187691,4046.8081829162993
1772937242.918778,-3447.587272572451
1772937242.918787,-3194.7699492603065
1772937242.9188015,3088.857440559668
1772937242.918815,6262.709244113142
1772937242.9188285,2673.884203697441
1772937242.91884,-1974.9680789103493
1772937242.9188485,-1401.0303832257619
1772937242.918857,2951.546071427382
1772937242.918866,4815.84740379351
1772937242.918874,1993.1670901369332
1772937242.9188828,-1199.7905729108966
1772937242.918891,-424.13928254745576
1772937242.9188993,2863.8502833273596
1772937242.918908,3964.8899270211823
1772937242.9189165,1593.3676963374717
1772937242.9189243,-706.8819238612435
1772937242.918933,193.0768664483209
1772937242.9189413,2791.439494909893
1772937242.91895,3393.0796389452826
1772937242.9189584,1332.1313290594874
1772937242.9189913,-356.52760528710996
1772937242.9189997,622.3277927139364
1772937242.9190078,2728.88747252855
1772937242.919016,2979.326477277159
1772937242.9190245,1154.0333330376334
1772937242.9190323,-85.34944874377898
1772937242.919041,940.923913969568
1772937242.9190493,2670.050827858445
1772937242.9190574,2659.4814538952346
1772937242.9190755,1025.668321510979
1772937242.919084,134.4918788328753
1772937242.9190924,1186.842151361824
1772937242.9191003,2611.080104938518
1772937242.9191086,2399.1908690911782
1772937242.9191172,929.8518032014342
1772937242.9191253,320.88092762137296
1772937242.9191337,1384.8527756787316
1772937242.9191418,2552.9973190199107
1772937242.91915,2180.724449435581
1772937242.9191585,857.283892471972
1772937242.9191668,483.91380936439896
1772937242.919179,1548.5249774018907
1772937242.919192,2495.5078729465686
1772937242.9192045,1994.1275393265025
1772937242.9192128,805.4579781595017
1772937242.9192207,634.1398694175687
1772937242.9192293,1689.107497855891
1772937242.9192376,2437.730678079538
1772937242.9192457,1829.1119452178777
1772937242.919254,767.3701407787948
1772937242.919263,773.3261028939002
1772937242.9192712,1809.9694923734698
1772937242.919279,2376.26396119667
1772937242.9192877,1677.2581815499198
1772937242.9192955,738.202000915798
1772937242.919304,904.0908484364194
1772937242.9193125,1916.261911202191
1772937242.9193208,2312.797272017707
1772937242.919329,1537.3065760759425
1772937242.9193373,718.3661148706204
1772937242.9193454,1029.545361765532
1772937242.9193535,2009.569558716514
1772937242.9193618,2244.273027994197
1772937242.9193702,1404.5652968758693
1772937242.9193785,707.2034245394639
1772937242.9193895,1154.19420819316
1772937242.9194033,2094.892657938612
1772937242.919416,2171.777959654622
1772937242.9194243,1277.1711508916346
1772937242.919438,704.0206414957858
1772937242.9194517,1279.9842050532852
1772937242.919462,2174.3070516651633
1772937242.9194703,2095.3993036303955
1772937242.9194784,1154.8423957655468
1772937242.9194868,710.9710378175553
1772937242.919495,1410.8348289981761
1772937242.9195068,2249.4942559140823
1772937242.9195209,2012.3062979200315
1772937242.9195347,1032.7224918785957
1772937242.919543,725.0570826668883
1772937242.9195511,1545.6340667058287
1772937242.9195597,2317.61206703793
1772937242.9195683,1916.3808717456297
1772937242.9195766,905.3687441468167
1772937242.919585,746.6741230176241
1772937242.919593,1689.2598883895344
1772937242.9196017,2377.859043256185
1772937242.91961,1788.2711745046881
1772937242.9758356,775.9443863522862
1772937242.9758575,770.6915124169458
1772937242.975871,1832.5240506697578
1772937242.975881,2441.2417138336264
1772937242.9758892,1694.340323302773
1772937242.9758985,642.4395706438451
1772937242.975907,815.3089452904948
1772937242.9759161,2002.2278868350843
1772937242.9759245,2501.361395011519
1772937242.9759336,1556.509544462782
1772937242.975942,498.25334965251716
1772937242.9759505,874.1533044530258
1772937242.9918752,2187.1995491064545
1772937243.1434596,2555.6123057939476
1772937243.143502,1386.0722769821089
1772937243.1435285,321.0628149519633
1772937243.143551,930.8383401647434
1772937243.14356,2402.077799328486
1772937243.1435688,2615.026802046721
1772937243.1435792,1190.3655753808416
1772937243.143588,137.34441959691148
1772937243.1435964,1028.7835432089462
1772937243.1436048,2663.3105250346107
1772937243.1436124,2673.838068101684
1772937243.1436207,943.981650259614
1772937243.1436284,-82.30013469156775
1772937243.1436365,1158.5221780580957
1772937243.1436448,2985.5881142647427
1772937243.143653,2735.807225654751
1772937243.1436608,629.1191435953342
1772937243.1436684,-348.9476837317172
1772937243.1436763,1341.956875431848
1772937243.143684,3404.886404575634
1772937243.143692,2803.12034555626
1772937243.1437,203.17141357131257
1772937243.1437082,-697.339902704719
1772937243.1437159,1604.4478020612542
1772937243.1437235,3977.7351591410193
1772937243.1437316,2876.4692813209467
1772937243.1437395,-413.04733342326296
1772937243.1437476,-1188.620419313698
1772937243.1437554,2007.0698868632528
1772937243.1437633,4832.3959235644215
1772937243.1437712,2967.4396972997693
1772937243.1437788,-1388.211625488668
1772937243.1437867,-1963.1699917696603
1772937243.1437943,2689.1703385148494
1772937243.143802,6282.769254718889
1772937243.1438098,3109.684706790572
1772937243.1438174,-3177.5960264173946
1772937243.1438253,-3432.724453308176
1772937243.1438332,4065.632566289738
1772937243.1438413,9374.365708110097
1772937243.143849,3459.8659814186394
1772937243.1438568,-7597.821793755281
1772937243.3654134,15437.336104521211
1772937243.3654542,9735.26625068666
1772937243.3654804,3122.4818117703794
1772937243.3655071,-1371.188545365353
1772937243.3655183,-5020.06470863863
1772937243.3655276,-9134.291445729166
1772937243.3655365,-11143.443083660519
1772937243.3655462,-7339.706133094644
1772937243.365554,1039.8925185894352
1772937243.3655622,7234.220681495055
1772937243.3655703,6005.048392132345
1772937243.3655787,-63.286686014344916
1772937243.3655868,-3379.92831601022
1772937243.3655949,-327.19367081536797
1772937243.3656025,4684.660393184995
1772937243.3656104,5163.540026471039
1772937243.3656182,821.7426728481211
1772937243.365626,-2389.8224935094127
1772937243.3656337,-292.12870797013676
1772937243.3656416,4108.594812006353
1772937243.3656492,4834.97307912768
1772937243.365657,993.7352951692594
1772937243.3656652,-2121.282290387351
1772937243.3656733,-264.3736823731441
1772937243.3656807,4002.1381616626354
1772937243.3656883,4811.938351717891
1772937243.365696,1015.1338199509042
1772937243.365704,-2193.9898286662624
1772937243.3657117,-341.1106365083412
1772937243.3657193,4125.327331641329
1772937243.3657267,5046.04907369609
1772937243.3657348,994.5859584498601
1772937243.3657424,-2556.130428286588
1772937243.36575,-576.9070560901177
1772937243.3657577,4455.009800725321
1772937243.365765,5608.692360651311
1772937243.3657727,963.9042018382274
1772937243.3657808,-3328.714564450557
1772937243.3657885,-1100.6458480715282
1772937243.365796,5103.0704789461915
1772937243.3658037,6791.103892094374
1772937243.3658113,966.3227023860079
1772937243.3658187,-4942.734984248799
1772937243.3658268,-2318.1872537478703
1772937243.3658347,6464.634531218745
1772937243.3658428,9616.84980875281
1772937243.3658504,1159.274363250115
1772937243.365858,-9188.735859044162
1772937243.3658657,-6191.006897384595
1772937243.3658733,10504.276264114886
1772937243.3658812,20849.783914045525
1772937243.3658888,3983.737062284212
1772937243.365897,-36629.35401880604
1772937243.3659046,-71485.66459819376
1772937243.865577,-72316.33915917654
1772937243.8656197,-34507.36038650248
1772937243.865646,7195.241012127241
1772937243.8656733,21774.604021029896
1772937243.8657,9010.385838463051
1772937243.8657265,-6840.847808739304
1772937243.865753,-6947.877841369052
1772937243.8657796,4260.758190345806
1772937243.8658063,10354.824328387416
1772937243.8658333,4957.235454830254
1772937243.8658597,-2795.572027258339
1772937243.8658936,-2576.1910475744153
1772937243.8659017,3982.5223808049
1772937243.8659098,7350.223223300385
1772937243.8659186,3561.1431186216614
1772937243.8659265,-1423.6001024696209
1772937243.8659344,-822.4466265884184
1772937243.8659425,3922.535787695997
1772937243.8659503,5990.8338508299985
1772937243.8659585,2854.1773523089023
1772937243.865966,-753.8271325684136
1772937243.8659737,118.80395348642767
1772937243.8659816,3923.9090278854733
1772937243.8659897,5231.95737293272
1772937243.8659973,2417.148018398583
1772937243.8660052,-381.0919001420669
1772937243.8660128,701.3546815783693
1772937243.8660204,3958.20352059905
1772937243.866028,4764.464151221671
1772937243.8660357,2108.3758271752095
1772937243.866043,-170.93745385861305
1772937243.866051,1094.2375623329747
1772937243.8660586,4023.0386048985497
1772937243.8660665,4468.361939979011
1772937243.866074,1864.1453537076084
1772937243.8660817,-71.8647156964522
1772937243.866089,1373.4364803976077
1772937243.8660972,4124.930272208004
1772937243.8661048,4291.5796400803765
1772937243.8661125,1647.6884172726693
1772937243.86612,-68.79692850406701
1772937243.866128,1575.7501847011922
1772937243.8661356,4277.4040160223585
1772937243.8661437,4215.804044641771
1772937243.866151,1435.2038047432554
1772937243.8661587,-163.50883399828524
1772937243.8661664,1725.0369660717697
1772937243.8661745,4508.056525088978
1772937243.866182,4243.139921306616
1772937243.8661897,1195.8741969582886
1772937243.8661976,-389.21697262091936
1772937243.8662057,1827.9326905541495
1772937243.8662136,4862.348259142088
1772937243.866221,4398.913327932317
1772937243.866229,886.063193181714
1772937243.8662393,-817.1216529215146
1772937243.8662524,1886.931236928789
1772937243.8662627,5439.700905800092
1772937243.8662708,4757.0363031083225
1772937243.8662791,426.0726146854442
1772937243.8662875,-1608.5345495260958
1772937243.8662956,1895.7976355638211
1772937243.866304,6469.376899263537
1772937243.8663125,5501.28497449915
1772937243.866323,-386.54597375040805
1772937243.8663378,-3203.2950829126153
1772937243.8663504,1820.1666150696806
1772937243.8663635,8623.635447719362
1772937243.8663769,7234.5448229448575
1772937243.8663917,-2195.2443784245665
1772937243.8664055,-7225.920345312354
1772937243.866419,1421.5183501167928
1772937243.8664324,14957.201442532982
1772937243.8664465,13638.706148336758
1772937243.8664565,-8288.627938024334
1772937243.8664649,-29466.371308801914
1772937243.8664732,-20908.576470186235
1772937243.8664813,19063.282571858115
1772937243.8664901,54977.14119080153
1772937243.8664985,46765.26033982451
1772937243.8665066,-6236.460476710173
1772937243.8665147,-58824.248953147435
1772937243.8665228,-62602.78729427336
1772937243.8665311,-15019.405332253114
1772937243.8665395,37780.265456728266
1772937243.8665478,48143.54719945187
1772937243.866556,13822.777901596259
1772937243.8665645,-24588.73398135227
1772937243.8665726,-29744.33225660625
1772937243.8665807,-4686.607446828319
1772937243.866592,17531.78860218259
1772937243.8666053,14611.925834842768
1772937243.8666208,-2847.1302228433315
1772937243.8666332,-10059.233373292982
1772937243.8666449,-12.982877957238351
1772937243.8666575,11250.04501940716
1772937243.86667,8940.351859488146
1772937243.8666835,-1111.814742686198
1772937243.866695,-3425.2677124095
1772937243.866707,2358.5268269622766
1772937243.8667195,-1425.7508072466553
1772937243.8667324,-25072.28806024219
1772937243.8667457,-51190.136325321226
1772937243.8667586,-49992.03547497668
1772937243.8667717,-15873.526703625861
1772937243.86678,19694.841688340086
1772937243.8667881,19040.628122773534
1772937243.8667965,-19857.20882656988
1772937243.8668103,-59323.468699483485
1772937243.8668234,-61911.6692537114
1772937243.8668358,-29217.78026236861
1772937243.8668444,3741.3132934507057
1772937243.8668523,9444.299120962207
1772937243.8668609,-4849.969611324606
1772937243.866869,-12760.53028775319
1772937243.8668773,-3919.885317001281
1772937243.8668857,5747.557102456385
1772937243.866894,-1323.3587858316855
1772937243.8669024,-18870.003309471347
1772937243.8669107,-23686.744953517147
1772937244.259276,25335.72212964044
1772937244.259314,108305.80615554733
1772937244.2593403,147942.20229244925
1772937244.259367,108496.93167295594
1772937244.2593937,26029.467966955483
1772937244.2594204,-30355.057866468294
1772937244.259447,-29040.231918983005
1772937244.2594736,623.6253079076591
1772937244.2595,12503.030855702993
1772937244.2595267,-2453.659286870707
1772937244.259553,-15715.443402091158
1772937244.25958,-6908.35784749779
1772937244.2595928,7310.090346903843
1772937244.2596004,-1836.9184817605792
1772937244.2596085,-31476.522413348226
1772937244.259616,-44440.27092972088
1772937244.259624,-14580.080818800943
1772937244.2596319,36284.69059536579
1772937244.2596395,58482.262140444574
1772937244.2596471,30347.551429795323
1772937244.2596552,-16798.523779856776
1772937244.259663,-34935.93896241661
1772937244.2596707,-13598.81921897494
1772937244.2596788,12174.122896217634
1772937244.259687,7666.591386398293
1772937244.2596946,-19047.48118868556
1772937244.2597024,-29318.649890216642
1772937244.2597098,-4474.809324726704
1772937244.2597177,28104.757495119127
1772937244.259725,25941.449959948164
1772937244.2597332,-17126.566461387694
1772937244.2597408,-60302.208892357114
1772937244.2597485,-59219.98903014589
1772937244.259756,-14082.360968741823
1772937244.2597637,31081.327302024667
1772937244.2597716,35414.63486166895
1772937244.2597792,1711.34916267794
1772937244.2597868,-31301.20425359474
1772937244.2597952,-31650.82017326072
1772937244.2598028,-3832.113583085142
1772937244.2598107,22206.82548653876
1772937244.2598183,24531.483503095977
1772937244.259826,7659.578024061389
1772937244.2598336,-8492.677349140695
1772937244.2598414,-10796.12268282532
1772937244.2598493,-1758.379939358693
1772937244.259857,8774.698119024551
1772937244.2598648,14414.65342710269
1772937244.259873,14040.417401165747
1772937244.2598803,7971.962137822246
1772937244.2598882,-2737.916234752802
1772937244.259896,-13486.831797765635
1772937244.259904,-16876.712710739448
1772937244.259912,-9433.034536197647
1772937244.2599196,3201.255684190186
1772937244.2599273,10454.333318150608
1772937244.2599351,7258.698859643648
1772937244.2599428,-892.531802647321
1772937244.2599509,-4380.320249983843
1772937244.2599585,-102.74475209975616
1772937244.2599664,5893.005456936259
1772937244.259974,6347.744241710266
1772937244.2599814,1378.303123144445
1772937244.2599895,-2405.9876438186757
1772937244.2599971,-476.4693898951076
1772937244.2600052,4264.664140483547
1772937244.2600129,5654.972689760449
1772937244.2600205,2188.693015676469
1772937244.2600281,-1399.9367277121396
1772937244.260036,-511.12388479672745
1772937244.2600436,3461.499249760827
1772937244.2600513,5219.415067543258
1772937244.2600589,2576.2900465280895
1772937244.2600665,-830.3181596182603
1772937244.2600744,-496.4034951738974
1772937244.2600822,3015.916014142858
1772937244.26009,4962.297957837811
1772937244.2600975,2793.6656441919067
1772937244.2601056,-505.8895411891556
1772937244.2601132,-495.625457072855
1772937244.260121,2760.2864248592828
1772937244.2601285,4832.102164246467
1772937244.2601364,2928.7033681585285
1772937244.260144,-342.0442625043104
1772937244.2601516,-525.3561012736108
1772937244.2601593,2625.802744446135
1772937244.260167,4807.289928014884
1772937244.2601745,3025.1762305626394
1772937244.2601824,-295.5191477145199
1772937244.26019,-592.92701372879
1772937244.2601979,2577.0821308085947
1772937244.2602055,4873.489906474491
1772937244.2602131,3097.399686834824
1772937244.2602208,-354.95214146339845
1772937244.2602289,-706.9739365751041
1772937244.2602365,2604.362102522962
1772937244.260244,5038.46431350911
1772937244.2602515,3157.415265650059
1772937244.260259,-526.6807923509441
1772937244.2602665,-884.6385826077066
1772937244.2602744,2708.7375205346366
1772937244.260282,5323.9889513784965
1772937244.26029,3212.136564719608
1772937244.2602975,-839.3736380012157
1772937244.2603052,-1153.8043261173702
1772937244.2603128,2913.1354354564846
1772937244.2603204,5786.354652865976
1772937244.2603283,3271.7116364018957
1772937244.2603364,-1359.7879886973985
1772937244.260344,-1571.9306856890285
1772937244.2603517,3271.659001417944
1772937244.2603593,6545.411632963166
1772937244.260367,3346.140149446156
1772937244.2603745,-2253.0752462064765
1772937244.2603824,-2278.1135252148138
1772937244.26039,3919.9780723549948
1772937244.2603977,7911.004902682117
1772937244.2604055,3469.318111729777
1772937244.2604132,-3972.701229118224
1772937244.2604208,-3690.4380506115835
1772937244.7043455,364.31123994165995
1772937244.70439,2891.1726024084696
1772937244.7044184,2213.091341845838
1772937244.7044463,-736.6157553068674
1772937244.7044752,-1849.5210565368893
1772937244.7045035,437.71616501287747
1772937244.704532,2947.26468477304
1772937244.7045605,2173.6350147662824
1772937244.704589,-820.0389984591338
1772937244.7046173,-1860.7108744675022
1772937244.7046459,519.8039319864694
1772937244.7046742,3013.9581219914744
1772937244.7046833,2132.4968194950243
1772937244.7046916,-914.7783208231087
1772937244.7047005,-1877.3987007315084
1772937244.7047088,609.022862116501
1772937244.7047176,3089.40937593278
1772937244.704726,2088.6086651256837
1772937244.704734,-1020.2871520316922
1772937244.7047427,-1897.1485117815528
1772937244.704751,708.950016754902
1772937244.7047594,3176.4900594940705
1772937244.7047677,2042.2747147968958
1772937244.7047758,-1139.0892091146684
1772937244.7047842,-1923.6442093627034
1772937244.7047925,816.7445261522308
1772937244.7048008,3273.8049990935906
1772937244.7048092,1992.8873353812999
1772937244.7048175,-1271.4146477991846
1772937244.7048378,-1956.3563133229827
1772937244.704846,933.7092011591023
1772937244.7048545,3382.2504150686254
1772937244.7048628,1939.8302733589169
1772937244.7048712,-1418.5696431746208
1772937244.7048795,-1995.040045924902
1772937244.7048883,1062.5037845447382
1772937244.7048965,3504.9634012475344
1772937244.7049048,1884.2592715290725
1772937244.7049134,-1581.1048309232467
1772937244.7049217,-2039.2693312479014
1772937244.7049303,1205.7583623444493
1772937244.7049391,3644.324811530374
1772937244.704948,1825.012600675581
1772937244.7049584,-1763.4211659459668
1772937244.70497,-2092.834748879206
1772937244.7049775,1362.9359873500475
1772937244.7049856,3801.4788667047296
1772937244.7049935,1762.161160709667
1772937244.7050014,-1965.7008131833365
1772937244.7050092,-2152.618050536317
1772937244.7050169,1540.7120456953119
1772937244.7050245,3981.03610706623
1772937244.705032,1692.6524771276795
1772937244.7050397,-2196.6637747529385
1772937244.7050476,-2224.7802126047754
1772937244.7050557,1740.1294010374882
1772937244.705063,4186.515139297217
1772937244.7050707,1614.8613317576421
1772937244.7050784,-2462.922496488369
1772937244.7050862,-2312.7321846376
1772937244.705094,1966.0289092004966
1772937244.7051015,4425.521627480857
1772937244.7051096,1530.4979798118993
1772937244.7051177,-2767.9498736032715
1772937244.7051256,-2415.5663983718473
1772937244.7051337,2227.614786275002
1772937244.7051413,4705.415973585022
1772937244.705149,1432.6438473264418
1772937244.705157,-3129.5889910525293
1772937244.705165,-2544.139265984269
1772937244.7051723,2531.448656186252
1772937244.70518,5038.798635529289
1772937244.7051876,1321.4719752101973
1772937244.7051957,-3559.674543132345
1772937244.7052033,-2702.0976555182433
1772937244.7052112,2893.5318493283653
1772937244.7052188,5444.575509137557
1772937244.7052264,1194.0414696456157
1772937244.705234,-4079.709481102001
1772937244.7052417,-2897.8382219479763
1772937244.7052493,3336.205953170853
1772937244.7052572,5949.893800760713
1772937244.7052648,1042.7557551831455
1772937244.7052724,-4729.243114356258
1772937244.7052803,-3154.101476432657
1772937244.705288,3884.5367632992043
1772937244.705296,6592.10992266702
1772937244.7053037,856.9928343717712
1772937244.7053113,-5564.7857161558295
1772937244.7053187,-3498.409618969272
1772937244.7053266,4589.675455264714
1772937244.7053342,7444.052417172661
1772937244.705342,629.7398753692938
1772937244.7053497,-6675.043246787174
1772937244.7053573,-3977.2984510559695
1772937244.7053647,5536.372620591444
1772937244.7053723,8628.044287171755
1772937244.7053802,339.4397695050901
1772937244.7053878,-8236.724993616186
1772937244.7053955,-4695.247726423534
1772937244.705403,6876.089699803098
1772937244.7054107,10389.943102375888
1772937244.7054183,-38.29522330745822
1772937244.705426,-10602.819771708912
1772937244.7054336,-5881.992061110769
1772937244.7054412,8931.73414171438
1772937244.7054489,13306.504455047752
1772937244.7054567,-525.4651938261666
1772937244.7054644,-14650.288275543753
1772937244.7054718,-8209.817277321734
1772937244.7054794,12528.595297620179
1772937244.7054873,19163.51170924291
1772937244.7054949,-967.4593027540413
1772937244.7055025,-23392.576494765104
1772937244.70551,-14779.197334882565
1772937244.7055175,20661.956364335947
1772937244.7055252,37962.540129871944
1772937244.7055328,2745.876761979088
1772937244.7055404,-62663.67744273819
1772937244.7055483,-98080.3687526409
1772937244.8934784,-1318.482833156224
1772937244.89352,-3050.0103322770365
1772937244.8935459,-150.13894984443905
1772937244.8935723,3409.86385739775
1772937244.8935812,2563.51333246575
1772937244.89359,-1653.3812596342646
1772937244.893603,-3340.7325025282025
1772937244.8936148,26.394512505787194
1772937244.893623,3842.3891206728254
1772937244.8936317,2654.7839079314444
1772937244.89364,-2063.7560659396486
1772937244.8936484,-3706.0854132475574
1772937244.8936837,240.0077548192502
1772937244.8936915,4385.882172616277
1772937244.8936992,2776.3221704562516
1772937244.8937073,-2585.495165054163
1772937244.893715,-4184.583455918912
1772937244.8937228,506.51030360602823
1772937244.8937309,5098.510496896032
1772937244.8937385,2949.691845275976
1772937244.8937464,-3274.7255757385533
1772937244.893754,-4840.082616696688
1772937244.893762,856.2707357182703
1772937244.8937695,6088.240760530685
1772937244.8937774,3215.8405852758137
1772937244.8937855,-4242.50328606765
1772937244.893793,-5808.248143495687
1772937244.8938005,1337.3236289790395
1772937244.8938084,7572.703201004386
1772937244.8938162,3668.2766680563263
1772937244.893824,-5724.783042011828
1772937244.8938315,-7401.954151395839
1772937244.8938394,2051.221071893288
1772937244.8938472,10093.017808322806
1772937244.8938549,4577.800199306393
1772937244.8938625,-8350.211549172145
1772937244.8938699,-10575.251377781755
1772937244.8938775,3240.869290000104
1772937244.8938851,15518.548726227677
1772937244.8938928,7183.0295602462875
1772937244.8939004,-14604.756479976879
1772937244.8939085,-20485.115417652447
1772937244.893916,5137.4238072897815
1772937244.8939238,39331.7724772587
1772937244.8939316,41532.3077455186
1772937244.925758,-77.79631687265379
1772937245.3714285,49708.65683582584
1772937245.3714757,16681.56253502186
1772937245.3715076,-7323.25733610402
1772937245.3715384,-11257.449957288794
1772937245.371565,-2253.396201440895
1772937245.3715918,5911.736995774154
1772937245.3716185,5925.589328986052
1772937245.3716452,230.12592564380355
1772937245.371672,-4361.003996647066
1772937245.3716989,-3460.0152529258444
1772937245.3717067,1588.5816823394034
1772937245.371715,5212.067881697606
1772937245.3717232,3033.7649785210738
1772937245.3717313,-2930.7616878768713
1772937245.37174,-5455.2950116820775
1772937245.3717484,-445.53096072231745
1772937245.3717568,6622.5524561045
1772937245.3717644,6006.360678032902
1772937245.3717725,-3302.7176457297114
1772937245.3717804,-9664.52999347726
1772937245.3717883,-2436.526973957228
1772937245.371796,11763.735633549533
1772937245.3718035,13194.341417623576
1772937245.3718116,-6678.87473316345
1772937245.3718195,-29658.298819181447
1772937245.3718271,-27873.789670791397
1772937245.3718352,2065.8952682080526
1772937245.3718429,29404.75011050337
1772937245.3718507,21025.32612027602
1772937245.3718588,-18948.016541914047
1772937245.3718667,-49566.22072959381
1772937245.3718743,-36832.39336069632
1772937245.371882,8150.458119107757
1772937245.37189,41213.36108025012
1772937245.371898,33623.39704727258
1772937245.3719056,970.6000047572293
1772937245.3719132,-18951.149171246892
1772937245.3719213,-9924.211022948548
1772937245.371929,9197.85250153176
1772937245.3719368,12778.502764843752
1772937245.3719444,-390.74361418342914
1772937245.3719523,-10380.38267572482
1772937245.3719602,-4709.560085198749
1772937245.371968,6869.926585251745
1772937245.371976,8156.60024556332
1772937245.3719838,-1359.7613959183413
1772937245.3719916,-7624.224288526513
1772937245.3719995,-2411.8026270719783
1772937245.3720071,6100.19861565138
1772937245.3720148,5903.128144930017
1772937245.3720224,-2078.8309686742946
1772937245.3720305,-6203.2298978413155
1772937245.372038,-943.742709690399
1772937245.3720455,5790.424611461491
1772937245.3720531,4438.340891677248
1772937245.3720868,-2720.7806720165595
1772937245.3720946,-5297.6065293722395
1772937245.3721023,212.13122820555233
1772937245.37211,5695.132427664878
1772937245.3721173,3301.490452453235
1772937245.3721251,-3362.807007790132
1772937245.372133,-4627.794232100146
1772937245.372141,1267.503037746864
1772937245.3721485,5729.570254474981
1772937245.3721564,2282.645586015134
1772937245.3721645,-4064.6712183777613
1772937245.372172,-4061.055952231208
1772937245.3721795,2357.2518531487817
1772937245.3721876,5868.4281520260365
1772937245.3721952,1245.7049836322303
1772937245.3722029,-4894.395513737657
1772937245.3722105,-3512.1493334625256
1772937245.372218,3610.1928815677466
1772937245.3722258,6113.639005657141
1772937245.3722353,50.15829562611599
1772937245.3722472,-5958.4172610153
1772937245.37226,-2897.057777978766
1772937245.372272,5214.217889112083
1772937245.372285,6498.104224998671
1772937245.3722932,-1520.512060845074
1772937245.372301,-7464.474334934222
1772937245.372309,-2087.553717896961
1772937245.372317,7547.214495596859
1772937245.3723247,7135.566395611294
1772937245.3723323,-3907.803461042559
1772937245.37234,-9917.068016831656
1772937245.372348,-826.9826303437648
1772937245.3723557,11584.719602947383
1772937245.3723636,8429.739652085333
1772937245.3723712,-8351.633176952344
1772937245.372379,-15091.674206279065
1772937245.3723867,1444.163451942528
1772937245.3723943,21223.115576947665
1772937245.372402,13408.160577029154
1772937245.37241,-20089.212262427627
1772937245.3724177,-39349.02216575236
1772937245.3724253,-14766.38371089817
1772937245.3724332,28844.317969459244
1772937245.3724408,34410.87838331193
1772937245.3724484,-17257.906633118713
1772937245.3724563,-74815.85318223234
1772937245.372464,-69174.03991393838
1772937245.3724713,4648.252991958873
1772937245.372479,75258.10355104145
1772937245.3724868,71999.7818865476
1772937245.3724945,3221.5763727251738
1772937245.372502,-56237.06377086106
1772937245.37251,-52207.240074014975
1772937245.3725176,-8462.032758492916
1772937245.3725252,11111.078309619572
1772937245.3725328,-16326.917957426116
1772937245.3725405,-49297.14200013194
1772937245.372548,-41220.70039135045
1772937245.3725555,-3039.2370494840648
1772937245.3725631,10955.747544317028
1772937245.3725708,-25115.41526594547
1772937245.3725786,-71280.33187337288
1772937245.3725863,-66636.62382667724
1772937245.3725939,-2042.7706157090554
1772937245.3726015,67106.59549871265
1772937245.7026808,-17354.193143562512
1772937245.702719,-5983.59152072266
1772937245.7027416,8315.475200458903
1772937245.7027647,18498.831121612595
1772937245.702788,14483.629557604838
1772937245.702808,-497.824947838285
1772937245.7028265,-10283.212962289095
1772937245.7028356,-4839.610869035095
1772937245.7028453,7224.115933355736
1772937245.7028549,10055.970095743696
1772937245.7028637,977.6317458317112
1772937245.7028728,-7067.36247440053
1772937245.702881,-3534.434628463242
1772937245.7028947,5988.891629006616
1772937245.7029078,8298.44738428726
1772937245.7029204,743.0360221841205
1772937245.702932,-5838.307553988123
1772937245.7029452,-2545.3734492282683
1772937245.702959,5603.393193771763
1772937245.7029676,7216.870591115195
1772937245.702976,395.13870399108623
1772937245.7029843,-5109.847478140608
1772937245.702993,-1780.978224856997
1772937245.7030048,5432.690393035961
1772937245.703019,6427.0617755754165
1772937245.7030337,61.6416215544641
1772937245.7030437,-4598.323884239122
1772937245.7030518,-1161.439868498182
1772937245.7030604,5345.421695756406
1772937245.7030687,5804.492001428654
1772937245.7030773,-237.8849589149356
1772937245.7030854,-4202.518158065267
1772937245.7030935,-637.8929555305815
1772937245.703102,5299.198199170142
1772937245.70311,5288.668382101934
1772937245.7031188,-507.8956672218591
1772937245.7031271,-3880.0883694690074
1772937245.703136,-183.47829188722233
1772937245.7031443,5274.68697841355
1772937245.703153,4844.823021001862
1772937245.7031615,-754.7740692104434
1772937245.7031696,-3606.792986603559
1772937245.7031777,222.2039404960661
1772937245.7031863,5265.0350599329195
1772937245.7031949,4452.40289239341
1772937245.7032027,-985.5635006928086
1772937245.7032113,-3371.1289651786697
1772937245.70322,589.6799286151565
1772937245.7032285,5264.495931895554
1772937245.7032368,4097.78976669685
1772937245.703245,-1202.7439687276358
1772937245.7032533,-3160.005979757825
1772937245.7032616,933.1466690405216
1772937245.70327,5274.441562372394
1772937245.7032783,3772.3302535779144
1772937245.703287,-1411.998240390785
1772937245.7032952,-2970.899852311709
1772937245.7033038,1255.5760251717027
1772937245.7033122,5290.089736978502
1772937245.7033207,3466.9355873556956
1772937245.703329,-1615.9302786074727
1772937245.7033377,-2796.018221557459
1772937245.703346,1566.8199037328716
1772937245.7033544,5312.651827639528
1772937245.7033627,3173.2869507840983
1772937245.7033713,-1823.6533070083747
1772937245.7033796,-2637.7372289445625
1772937245.7033885,1870.2859251760538
1772937245.7033966,5346.061370064008
1772937245.7034051,2894.598076618687
1772937245.7034132,-2029.0555516195834
1772937245.703422,-2485.745302018663
1772937245.7034307,2174.7547029336065
1772937245.7034392,5389.819903499629
1772937245.7034476,2620.4169117912984
1772937245.7034564,-2244.441312695177
1772937245.7034645,-2345.673644974126
1772937245.7034729,2481.5504079265547
1772937245.7034812,5445.494681478723
1772937245.7034895,2348.118257352351
1772937245.703498,-2473.1356075796475
1772937245.7035065,-2214.9915253172826
1772937245.7035148,2799.6919765594594
1772937245.7035234,5521.5570696312325
1772937245.7035315,2077.9289389918
1772937245.70354,-2726.0184020115903
1772937245.9908185,265.37177793309183
1772937245.9908547,-5830.227507986564
1772937245.9908912,-2867.8478815981784
1772937245.9909809,9556.161577116762
1772937245.9909976,17439.584677039387
1772937245.991007,3411.857301026883
1772937245.9910164,-33065.33951247125
1772937245.9910283,-68322.26092496321
1772937245.991043,-72827.16184470868
1772937245.991056,-40254.19375408694
1772937245.9910686,3641.201360265845
1772937245.9910777,24783.064049021992
1772937245.9910865,13710.346899358921
1772937245.9910953,-7753.211247999848
1772937245.9911041,-12912.883864810721
1772937245.9911132,950.6792431696507
1772937245.991122,13734.27567386249
1772937245.9911337,9643.551273568548
1772937245.9911468,-4097.340406147013
1772937245.9911604,-8774.086542139099
1772937245.991169,930.1180839790816
1772937245.9911778,11140.783312736894
1772937245.9911869,8246.359937184407
1772937245.9911952,-3152.9148099228078
1772937245.9912045,-7292.67901764996
1772937245.9912128,1143.9860851545525
1772937245.9912212,10243.825359478338
1772937245.9912295,7547.199638847571
1772937245.9912386,-2969.7875385500615
1772937245.9912472,-6677.387489493938
1772937245.9912555,1449.7976353439437
1772937245.991264,10030.214296441503
1772937245.9912724,7140.6670104719315
1772937245.991281,-3160.767079129551
1772937245.9912896,-6496.0989490601505
1772937245.9913006,1827.8233331032902
1772937245.991314,10219.962368959381
1772937245.9913273,6888.596249822105
1772937245.9913359,-3630.1765593811574
1772937245.9913445,-6612.847781134252
1772937245.9913533,2304.215936656988
1772937245.991362,10762.029709390079
1772937245.991371,6748.462987726604
1772937245.9913793,-4393.135525816987
1772937245.9913878,-7025.297069938832
1772937245.9913962,2914.4219362650997
1772937245.9914129,11713.431144356255
1772937245.9914248,6716.668465842016
1772937245.991434,-5560.36175885266
1772937245.9914424,-7834.781356773496
1772937245.9914508,3742.1160193154587
1772937245.991459,13299.475938059375
1772937245.9914675,6853.019404780231
1772937245.9914756,-7420.871446352123
1772937245.991484,-9365.04362741933
1772937245.9914925,4964.402844573047
1772937245.9915009,16166.721357127923
1772937245.991512,7420.32649408229
1772937245.9915247,-10787.445383359305
1772937245.991538,-12747.897157299054
1772937245.9915464,6978.121708047242
1772937245.9915571,22714.51724506087
1772937245.99157,9951.79463378592
1772937245.9915836,-19053.814553625605
1772937245.9915924,-25226.968795689314
1772937245.9916008,9723.313505454265
1772937245.9916093,56979.92491366497
1772937245.9916208,71273.85845618267
1772937246.4596274,-3482.264159115413
1772937246.45966,-179.28374712808187
1772937246.4596832,8245.681727304152
1772937246.4597027,11350.978892822728
1772937246.4597232,1682.1505282280946
1772937246.4597435,-17631.71953626922
1772937246.4597638,-36630.3649152458
1772937246.4597845,-47606.19561627255
1772937246.4598048,-48543.65971540641
1772937246.4598148,-39487.89530686194
1772937246.459824,-20242.544379316245
1772937246.4598324,5782.450725860942
1772937246.459841,28013.255192617165
1772937246.4598496,33943.26960791603
1772937246.4598584,20308.02608835111
1772937246.4598668,-2378.338605974537
1772937246.459875,-18538.958433860138
1772937246.459884,-20848.80766438681
1772937246.4598925,-14109.359217482863
1772937246.459901,-7021.330223080636
1772937246.4599097,-2892.006511949481
1772937246.459918,470.58733929282766
1772937246.4599264,4305.334879957425
1772937246.4599347,6077.480812747349
1772937246.4599433,3730.2669991109765
1772937246.4599512,-104.6470864254589
1772937246.4599595,-718.225216405551
1772937246.459968,2561.6454854278063
1772937246.4599762,5367.391642610656
1772937246.4599848,4065.5796514235103
1772937246.4599931,556.145323374121
1772937246.4600015,-400.8724158228249
1772937246.46001,2363.5547059766845
1772937246.4600184,4975.834291563355
1772937246.4600267,3911.7987321625665
1772937246.460035,754.6592410201778
1772937246.4600432,-120.72103259095783
1772937246.460076,2405.81104890518
1772937246.4600844,4766.828905239547
1772937246.4600928,3724.615845839654
1772937246.460101,805.6562000886332
1772937246.4601097,82.657004175717
1772937246.4601176,2504.3846962697658
1772937246.460126,4653.658633124048
1772937246.460134,3557.2320635841434
1772937246.4601424,793.0323574132102
1772937246.4601507,227.7663755864884
1772937246.460159,2617.4669986849103
1772937246.4601672,4599.625063510405
1772937246.4601755,3418.1702890509396
1772937246.460184,752.3445318408958
1772937246.460192,336.122487336967
1772937246.4602003,2736.291807361308
1772937246.460209,4582.627741794632
1772937246.4602172,3294.4346441133043
1772937246.460225,683.3539672769177
1772937246.4602337,408.6362003955059
1772937246.4602416,2855.0003591502236
1772937246.46025,4594.632943043452
1772937246.4602582,3184.6330658213833
1772937246.4602664,593.1021830648817
1772937246.4602747,454.80813216430647
1772937246.4602828,2979.4163388622815
1772937246.4602911,4636.892994675707
1772937246.4602995,3088.4843628935255
1772937246.4603083,482.7152931339252
1772937246.4603164,477.68381544212997
1772937246.460325,3112.313723645796
1772937246.460333,4708.261947080715
1772937246.4603415,2999.0871503311155
1772937246.4603496,342.94115294387893
1772937246.460358,472.9192493278822
1772937246.4603665,3258.140069698675
1772937246.4603748,4817.215244355098
1772937246.4603832,2920.4883649833446
1772937246.4603915,172.0204697956983
1772937246.4604,440.70358596400916
1772937246.4604084,3424.253423985995
1772937246.4604168,4970.6276913478005
1772937246.460425,2846.5452813715688
1772937246.4604335,-47.573870105117564
1772937246.4604416,371.11199666769056
1772937246.46045,3622.012293901999
1772937246.4604585,5188.2074113847675
1772937246.4604666,2778.4481667709897
1772937246.4604747,-337.67660095698574
1772937246.4604833,248.3309932765253
1772937246.4604917,3867.49496599224
1772937246.4605,5500.1640387599455
1772937246.4605086,2715.846959369555
1772937246.460517,-737.9581600386947
1772937246.4605253,44.741453914858404
1772937246.4605339,4193.847858587654
1772937246.460542,5969.231498018257
1772937246.4605503,2664.236249154276
1772937246.460559,-1324.00504841829
1772937246.460567,-300.3121638762858
1772937246.460575,4657.211405070313
1772937246.4605834,6714.256317245048
1772937246.4605918,2626.043568780771
1772937246.4606,-2268.895296173321
1772937246.4606085,-926.7281053228004
1772937246.4606168,5398.778416651915
1772937246.4606252,8049.750549953702
1772937246.4606335,2635.334883469771
1772937246.460642,-4025.399998450846
1772937246.4606504,-2242.1536972744493
1772937246.4606588,6835.743015654672
1772937246.4606671,11020.114837651556
1772937246.4606757,2848.306421184034
1772937246.460684,-8401.481161217325
1772937246.460692,-6220.934849815498
1772937246.4607005,10933.565577402254
1772937246.460709,22394.59027432754
1772937246.4607172,5707.555125708664
1772937246.4607253,-35949.61549678669
1772937246.4607337,-71586.35755520582
1772937246.835102,-74730.77313014053
1772937246.8351452,-35954.00419498111
1772937246.8351772,8594.130492988184
1772937246.8352056,23784.58435246046
1772937246.8352342,8135.8826598684145
1772937246.8352628,-10207.151642415018
1772937246.835294,-8514.369150512395
1772937246.8353257,6764.645322946514
1772937246.8353448,13317.332799571339
1772937246.8353536,3296.1739106076334
1772937246.835362,-8071.807991104199
1772937246.8353705,-4501.609802968264
1772937246.835379,8989.285294775103
1772937246.8353877,12896.058927056838
1772937246.8353972,149.25520590501768
1772937246.8354056,-12555.881940585134
1772937246.835414,-5283.6187342671
1772937246.8354225,17642.014200838577
1772937246.8354306,28812.49127955512
1772937246.835439,9095.247584235261
1772937246.8354473,-27107.986002452606
1772937246.8354557,-43995.04560796456
1772937246.835464,-22371.728699453968
1772937246.8354723,18391.01129225435
1772937246.8354807,39044.27185544178
1772937246.8354945,19735.837246743544
1772937246.8355086,-21499.86301929131
1772937246.835523,-48368.8899667753
1772937246.8355343,-41167.75085968793
1772937246.835543,-11464.224516049699
1772937246.8355513,13978.817415111076
1772937246.8355594,19246.898133729628
1772937246.8355699,9278.281580004992
1772937246.8355784,-1085.3239267395063
1772937246.8355868,-3094.6497313619766
1772937246.835595,899.1805983920891
1772937246.8356037,4206.7604555521775
1772937246.8356137,3813.090675146315
1772937246.835622,1668.1583259426636
1772937246.8356304,679.1605841623251
1772937246.8356383,1417.834624256386
1772937246.8356469,2484.2530841211815
1772937246.8356552,2677.9095980855786
1772937246.8356636,2103.077515464012
1772937246.835672,1578.0626444984716
1772937246.8356805,1606.4746044145338
1772937246.8356884,2018.2880125998222
1772937246.8356967,2319.919528238822
1772937246.8357053,2220.0616151456684
1772937246.8357134,1874.0435045980178
1772937246.8357215,1686.7974617361594
1772937246.83573,1866.087632025512
1772937246.8357384,2184.56375658965
1772937246.8357463,2247.506272592388
1772937246.8357549,1981.300366408731
1772937246.835763,1732.6436306918933
1772937246.835771,1823.3093025029382
1772937246.8357797,2127.4158939254435
1772937246.835788,2239.526338156917
1772937246.8357964,2017.7864565450552
1772937246.8358047,1768.9606695180541
1772937246.8358128,1825.4638632629578
1772937246.8358216,2097.432684864382
1772937246.8358357,2210.0081739689285
1772937246.8358488,2021.7474701407573
1772937246.8358667,1803.9199871809872
1772937246.8358796,1850.7955177147783
1772937246.8358908,2080.233486721914
1772937246.835902,2169.9345876218104
1772937246.8359132,2011.003756317874
1772937246.835924,1838.7771773381737
1772937246.8359356,1885.5215522206593
1772937246.835949,2066.5079549460534
1772937246.8359635,2125.5668236443935
1772937246.835978,1999.5382853966114
1772937246.835994,1881.4676278044162
1772937246.8360047,1927.402207697127
1772937246.8360164,2049.7794980510726
1772937246.8360307,2072.1054136744997
1772937246.8360455,1984.2965399198413
1772937246.836059,1928.3087031999123
1772937246.8360727,1972.5913607884368
1772937246.8360865,2029.2731665729661
1772937246.8361008,2013.7225722360845
1772937246.8361137,1972.5086075643637
1772937246.8361263,1985.686656934347
1772937246.8361392,2024.0304533933888
1772937246.8361516,2004.5811757951117
1772937246.8361657,1948.221717120715
1772937246.836178,1961.2758070980296
1772937246.8361905,2050.0826241951972
1772937246.8361993,2077.6104577631622
1772937246.8362076,1971.1885124830087
1772937246.8362157,1868.5584287811575
1772937247.3121924,-72702.68950354219
1772937247.31223,-37490.78846510316
1772937247.3122568,4159.993445782722
1772937247.3122833,21266.552758754275
1772937247.31231,10075.456376228525
1772937247.3123367,-7340.309326419325
1772937247.3123631,-9966.364205927257
1772937247.31239,1269.3576774672629
1772937247.3124163,9893.007037913816
1772937247.3124428,6011.353134146908
1772937247.3124695,-3340.3254886031773
1772937247.3124907,-5609.273495715396
1772937247.312499,1027.368981583279
1772937247.312507,6929.104433426585
1772937247.3125148,4611.895923075352
1772937247.3125224,-2005.2718419892149
1772937247.3125305,-3875.2907138796827
1772937247.312538,988.4633919005455
1772937247.3125463,5601.748285696891
1772937247.3125544,3907.037929427841
1772937247.3125625,-1364.0119042472527
1772937247.31257,-2957.2200174301774
1772937247.312578,998.0807244778002
1772937247.3125856,4870.115507658794
1772937247.3125935,3484.191334812689
1772937247.3126013,-1004.596378349459
1772937247.3126092,-2399.209052851865
1772937247.3126168,1024.143833580969
1772937247.3126245,4420.991459152188
1772937247.312632,3202.092424008064
1772937247.3126397,-790.2355266361624
1772937247.3126478,-2035.1237154138037
1772937247.3126557,1055.0589573719587
1772937247.3126636,4127.449695169205
1772937247.3126714,3000.3823205974836
1772937247.3126793,-659.7442100886982
1772937247.312687,-1784.640359516839
1772937247.3126948,1093.1841413696918
1772937247.3127024,3935.988336658184
1772937247.3127103,2853.81186832613
1772937247.312718,-581.6337845097091
1772937247.3127255,-1608.9204320321046
1772937247.3127337,1135.362865586333
1772937247.3127413,3813.0859183802304
1772937247.312749,2744.383375798137
1772937247.3127568,-541.4224200308835
1772937247.312765,-1487.7179204510692
1772937247.3127725,1179.1044703935622
1772937247.31278,3738.8920941871665
1772937247.3127878,2661.026046119638
1772937247.3127954,-530.5197583476081
1772937247.312803,-1407.2385373464563
1772937247.312811,1226.525529008878
1772937247.3128183,3705.3521909344477
1772937247.3128262,2598.8344860171023
1772937247.312834,-545.4408727682745
1772937247.3128417,-1363.7243928205903
1772937247.3128493,1273.3592027741872
1772937247.312857,3702.9386199192045
1772937247.3128643,2552.175656465604
1772937247.3128722,-584.0087999563203
1772937247.3128796,-1351.275038416033
1772937247.3128874,1324.3592607794023
1772937247.3128953,3735.1325524488125
1772937247.3129034,2525.380722123695
1772937247.3129113,-641.2622162117169
1772937247.312919,-1366.5770258510825
1772937247.3129263,1380.025956531105
1772937247.312934,3799.944667056457
1772937247.3129418,2513.831329414246
1772937247.3129494,-724.4952001138655
1772937247.3129573,-1416.7750238785725
1772937247.312965,1438.1704375572485
1772937247.3129725,3901.259709577786
1772937247.3129802,2522.2968435417283
1772937247.312988,-833.4576269427891
1772937247.3129957,-1504.107479612181
1772937247.3130033,1501.0328120090328
1772937247.313011,4046.8115180810078
1772937247.3130188,2555.4706392588
1772937247.3130264,-973.2388916291445
1772937247.313034,-1636.7470998997521
1772937247.3130417,1570.5521687362716
1772937247.3130493,4248.785783624202
1772937247.3130572,2618.4525140775627
1772937247.313065,-1158.5524167352132
1772937247.313073,-1835.9356790890852
1772937247.3130808,1645.6357832702893
1772937247.3130884,4530.002830952829
1772937247.313096,2728.0412127438817
1772937247.3131037,-1404.9081900339274
1772937247.3131113,-2131.6493668072017
1772937247.3131187,1726.6088777159825
1772937247.3131263,4929.933516142883
1772937247.313134,2912.280189071858
1772937247.3131416,-1742.991737280592
1772937247.3131492,-2581.915547990148
1772937247.313157,1812.3725703734779
1772937247.3131647,5524.483257553911
1772937247.313172,3227.010917264169
1772937247.3131797,-2235.624529722713
1772937247.3131876,-3309.9609530929306
1772937247.3131952,1898.8374252529936
1772937247.3132029,6484.755011218523
1772937247.3132105,3808.576296566901
1772937247.313218,-3025.7690661370366
1772937247.3132255,-4626.570187616608
1772937247.3132331,1959.1457449504037
1772937247.3132412,8267.835654386128
1772937247.313249,5063.731343574107
1772937247.3132567,-4531.005008123671
1772937247.3132644,-7570.0058898043835
1772937247.313272,1845.8373092033635
1772937247.3132796,12681.81969821778
1772937247.3132875,8955.023716552385
1772937247.313295,-8727.956333478622
1772937247.3133028,-18905.071214425694
1772937247.3133104,-868.4180807985222
1772937247.3133183,40277.41669499123
1772937247.313326,74158.58155329198
1772937247.7926977,-66.61821490467702
1772937247.7927434,-108.28969929212187
1772937247.7927744,0.6263776015336625
1772937247.7928004,109.78819968398835
1772937247.7928271,68.50491801799626
1772937247.7928593,-65.9727397174486
1772937247.7928858,-107.19677478252616
1772937247.7929122,2.8467617597741337
1772937247.7929387,112.85040934556089
1772937247.7929652,70.63461084264343
1772937247.7929924,-66.07221665163094
1772937247.79301,-108.21912965448091
1772937247.793018,3.586033990708158
1772937247.793026,115.79204048911355
1772937247.793034,72.99986127521197
1772937247.7930417,-66.58530784803006
1772937247.7930496,-109.85274997535348
1772937247.7930577,4.66008907652041
1772937247.7930655,120.01251286925375
1772937247.7930734,76.14783286716137
1772937247.7930818,-67.95999646364322
1772937247.7930896,-113.41581604789366
1772937247.7930975,4.253948744978087
1772937247.7931056,123.79261733500985
1772937247.7931137,79.21168453019739
1772937247.793121,-69.4419156707104
1772937247.7931292,-116.09311251183085
1772937247.7931373,6.915787929656499
1772937247.7931447,132.15239402634955
1772937247.7931523,85.92384598792027
1772937247.7931604,-69.98434898821759
1772937247.793168,-119.92598498483821
1772937247.793176,8.043317744340568
1772937247.793184,138.86315546575014
1772937247.793192,89.46124881887474
1772937247.7931998,-75.72870145656725
1772937247.7932076,-128.74834220199347
1772937247.7932155,7.5903071208656865
1772937247.7932236,148.10529618471332
1772937247.7932315,97.15291913471845
1772937247.793239,-78.37818866565672
1772937247.7932472,-135.68126172728813
1772937247.793255,9.128628463021188
1772937247.7932632,159.14163757279243
1772937247.793271,104.23536622581959
1772937247.7932787,-84.87409598834084
1772937247.7932863,-146.97396591624053
1772937247.7932944,9.415457418187781
1772937247.793302,172.02705170132725
1772937247.7933097,112.51038668326191
1772937247.7933176,-93.23492346739212
1772937247.7933252,-160.50540138688183
1772937247.7933328,11.706674363203037
1772937247.7933407,191.27256402514024
1772937247.7933483,126.03813029352834
1772937247.7933562,-102.13628730467543
1772937247.793364,-178.56051234954558
1772937247.793372,11.107393675274594
1772937247.7933795,210.9966715944544
1772937247.7933874,139.1784033424349
1772937247.7933953,-115.75344569923729
1772937247.793403,-202.11772103443957
1772937247.7934105,11.00759153190448
1772937247.7934184,237.77886369760347
1772937247.7934268,158.3784337310517
1772937247.793435,-130.41527355189837
1772937247.7934427,-229.93810760659912
1772937247.7934504,12.251978128882358
1772937247.7934585,272.41500981432944
1772937247.793466,182.28364789746794
1772937247.7934735,-150.80000215292085
1772937247.7934816,-267.31613822784493
1772937247.7934892,13.167700446415017
1772937247.7934968,317.11891641035004
1772937247.7935045,212.09875950275944
1772937247.7935123,-180.88818307606354
1772937247.79352,-320.9585273585623
1772937247.7935278,10.951466705203009
1772937247.7935357,375.20537144185573
1772937247.793543,251.8679553318359
1772937247.793551,-221.26516876005064
1772937247.7935588,-392.77451742262986
1772937247.7935665,10.801382586603205
1772937247.7935743,459.6083870740919
1772937247.7935824,310.72977143785516
1772937247.79359,-276.9478846628476
1772937247.7935984,-495.8875116727774
1772937247.7936063,8.480794897950876
1772937247.7936141,580.1009084810689
1772937247.793622,396.0940306092447
1772937247.79363,-359.3861774509606
1772937247.7936375,-650.3030475584793
1772937247.7936456,4.241044829809483
1772937247.7936532,763.9410157340964
1772937247.793661,528.5729062635639
1772937247.793669,-488.5980205855515
1772937247.793677,-897.0091372748436
1772937247.7936847,-3.7354954708087473
1772937247.7936928,1066.662744300409
1772937247.7937007,752.4993341255405
1772937247.7937083,-708.5275858059698
1772937247.7937164,-1331.9209183086427
1772937247.7937243,-27.714823962270827
1772937247.793732,1612.0706762162924
1772937247.7937396,1172.6973908240686
1772937247.7937472,-1130.9157225054716
1772937247.7937548,-2206.1457407418407
1772937247.7937627,-91.39394760945132
1772937247.7937703,2785.9121356186633
1772937247.793778,2147.574278421564
1772937247.7937856,-2104.1624219915966
1772937247.7937937,-4434.1831532879205
1772937247.7938013,-342.7087407535607
1772937247.7938087,6221.164480016543
1772937247.7938166,5503.139513547828
1772937247.7938244,-5461.732241159588
1772937247.7938323,-14474.165350626676
1772937247.7938397,-3188.5760651983437
1772937247.793847,32009.467564965904
1772937247.7938552,69512.1715527462
1772937247.8923833,21.760511075154646
1772937247.8924196,20.962084517924794
1772937247.8924353,20.94224188677112
1772937247.892446,21.447965282438805
1772937247.892456,21.128949806229823
1772937247.892465,19.710343506454926
1772937247.892474,18.788810881720938
1772937247.8924828,19.835019504588622
1772937247.8924923,21.970127842000355
1772937247.8925009,22.79712727287334
1772937247.8925095,21.57577168466087
1772937247.8925178,20.502471358953052
1772937247.892526,21.939796489582587
1772937247.8925343,24.93894162263292
1772937247.8925426,25.97322882768389
1772937247.8925507,23.626574054402642
1772937247.8925586,21.27212030427146
1772937247.8925667,23.384105199101462
1772937247.8925753,29.02848205074215
1772937247.8925834,30.639526481803024
1772937247.8925917,20.919580567906362
1772937247.8925996,1.0563920741262054
1772937248.0158455,19.081976535308975
1772937248.0158894,18.781742302564787
1772937248.015904,19.367428396399802
1772937248.015915,20.38529926073698
1772937248.0159264,20.761346927855193
1772937248.0159352,20.237931379396944
1772937248.015944,19.776311522525642
1772937248.0159523,20.262660147634975
1772937248.0159607,21.21367763931139
1772937248.0159695,21.33999713811398
1772937248.0159771,20.34941259936319
1772937248.0159853,19.53559973049774
1772937248.015993,20.177857657314846
1772937248.0160007,21.785872677908092
1772937248.0160089,22.635848611750276
1772937248.0160167,22.035982241062637
1772937248.016025,21.278011815176615
1772937248.0160327,21.842466424273677
1772937248.0160403,23.219645803460597
1772937248.016049,23.486531592773762
1772937248.0160584,22.110794272696403
1772937248.01607,21.106949119899145
1772937248.0160813,22.517440584628748
1772937248.0160928,25.283014368296154
1772937248.016104,26.044394892821693
1772937248.0161173,23.57399148753901
1772937248.0161269,21.195473072079004
1772937248.0161345,23.14140283644284
1772937248.0161424,28.342495508054796
1772937248.0161507,29.420190983053025
1772937248.0161588,19.474949211301087
1772937248.1232429,26607.701846437067
1772937248.1232667,84461.5914111637
1772937248.2809262,94907.88978281259
1772937248.2809668,46956.520162984576
1772937248.2809834,-10224.6175859911
1772937248.2809956,-28859.16666893077
1772937248.2810075,-7632.206043273197
1772937248.281021,16125.130592971582
1772937248.281033,13951.099457093163
1772937248.2810454,-4984.645062270067
1772937248.2810578,-13334.463001767332
1772937248.2810705,-2460.50671891577
1772937248.281082,10217.155774944433
1772937248.2810946,7693.074841827728
1772937248.2811065,-4602.7663046007265
1772937248.281118,-8880.449677961285
1772937248.2811303,-166.68310979343457
1772937248.281143,8306.558476056187
1772937248.2811549,4795.510447259305
1772937248.2811673,-4919.448492824021
1772937248.281178,-6751.441106623622
1772937248.281186,1512.3819843475276
1772937248.2811944,7640.125519221866
1772937248.2812023,2837.7204551925875
1772937248.2812102,-5743.221792733042
1772937248.281218,-5498.257934487058
1772937248.281226,3322.404914432954
1772937248.281234,7779.553038357103
1772937248.281242,951.0275683052812
1772937248.28125,-7484.764375780861
1772937248.281258,-4667.020638566976
1772937248.281266,6272.268083727501
1772937248.2812738,9195.069062955807
1772937248.2812817,-2035.7091320067059
1772937248.2812893,-12261.971629777423
1772937248.2812974,-4071.4436281241574
1772937248.2813053,15416.223123920736
1772937248.2813132,17035.838273719244
1772937248.2813208,-16544.94067906416
1772937248.281329,-65196.26357215538
1772937248.2813365,-87598.643672093
1772937248.6898477,-66033.06197850352
1772937248.6898923,-27666.848830103456
1772937248.689921,41833.89033787238
1772937248.6899471,99310.59986883284
1772937248.6899743,104445.80891262664
1772937248.690001,52909.671496704694
1772937248.690028,-20780.798014468433
1772937248.6900542,-71920.95878069538
1772937248.690081,-78545.37139214567
1772937248.6901073,-51576.35787624566
1772937248.6901338,-19380.559235190656
1772937248.6901605,-4701.145631003995
1772937248.6901686,-11830.181007834844
1772937248.6901767,-28596.348418302983
1772937248.6901846,-37806.85581619619
1772937248.6901925,-30655.96201988824
1772937248.6902003,-14300.107955495962
1772937248.6902084,-6513.528142508028
1772937248.690216,-18450.186634814592
1772937248.6902237,-40143.96404234338
1772937248.6902316,-46346.41554522591
1772937248.6902397,-21874.402654544192
1772937248.6902473,18499.34013048966
1772937248.690255,40366.305893838035
1772937248.6902628,23881.11097207891
1772937248.690271,-13967.680635921102
1772937248.6902783,-35627.1333652924
1772937248.6902862,-22247.297723311567
1772937248.6902938,7180.713637776717
1772937248.6903017,18513.069066718224
1772937248.6903093,984.8884182080217
1772937248.690317,-22487.497777385266
1772937248.6903248,-23795.77322362155
1772937248.6903327,-2156.469360085118
1772937248.6903403,17193.23562645959
1772937248.690348,14257.678403287618
1772937248.690356,-3365.178445755023
1772937248.6903636,-12552.05587841047
1772937248.6903715,-3659.5819169301103
1772937248.6903791,9814.419745741136
1772937248.6903868,10563.727339659352
1772937248.6903944,-763.8490095612898
1772937248.6904023,-8426.107665660771
1772937248.69041,-3036.5163452818256
1772937248.690418,7153.259780755144
1772937248.6904256,8503.745214760313
1772937248.690433,50.994046020663696
1772937248.690441,-6328.075563484298
1772937248.6904485,-2427.8802259454037
1772937248.6904564,5832.226686617795
1772937248.6904643,7219.571887267597
1772937248.690472,368.61211018400826
1772937248.6904795,-5070.847367114135
1772937248.6904874,-1937.2782606252135
1772937248.6904953,5067.990845085129
1772937248.690503,6343.067681433969
1772937248.6905105,493.5256531860214
1772937248.690518,-4241.274463588528
1772937248.6905258,-1543.1110245763884
1772937248.6905334,4586.080023278233
1772937248.6905413,5707.028277068191
1772937248.690549,530.7131359782405
1772937248.6905568,-3657.4677253466434
1772937248.6905644,-1219.474299780581
1772937248.690572,4266.677788774652
1772937248.69058,5226.244998132255
1772937248.6905875,525.8822664023052
1772937248.6905951,-3225.2854491084204
1772937248.6906025,-946.4778962392024
1772937248.6906104,4047.6371811760255
1772937248.690618,4847.472436671025
1772937248.6906257,493.44892191094533
1772937248.6906333,-2900.212035561287
1772937248.6906407,-717.0851644180277
1772937248.6906488,3891.0071912578437
1772937248.6906564,4539.517919753126
1772937248.690664,446.07923906551673
1772937248.6906717,-2646.3979072411303
1772937248.6906793,-515.6085629881363
1772937248.6906867,3782.765892599967
1772937248.6906948,4287.617792189062
1772937248.6907027,392.03024387103903
1772937248.6907103,-2443.5757395528944
1772937248.690718,-336.4394258843912
1772937248.6907256,3707.6041914645393
1772937248.6907334,4074.892357887825
1772937248.6907415,330.3625965435319
1772937248.6907492,-2281.8487207762596
1772937248.6907568,-175.80896959672194
1772937248.6907644,3658.0911813896946
1772937248.690772,3894.18466417944
1772937248.69078,264.6308593575917
1772937248.6907876,-2151.687359379042
1772937248.6907952,-30.92204598218645
1772937248.6908028,3626.5090093763265
1772937248.6908107,3736.4332445758546
1772937248.6908183,194.15346567692188
1772937248.690826,-2046.4108338792873
1772937248.6908336,104.02170416470757
1772937248.6908412,3613.8577148299564
1772937248.6908488,3602.002047695471
1772937248.6908565,123.32988401126582
1772937248.6908643,-1959.7800690131178
1772937248.690872,230.6844958926607
1772937248.6908796,3614.8974698698894
1772937248.6908872,3483.2209291306604
1772937248.6908953,47.50862052384578
1772937248.6909027,-1893.1190453338475
1772937248.6909108,347.45062437702717
1772937248.6909182,3626.1381393784973
1772937248.6909256,3377.590684421569
1772937248.6909335,-31.470019878402354
1772937248.690941,-1841.0866718932205
1772937248.6909487,458.92128453825904
1772937248.6909564,3648.9000552315024
1772937248.6909637,3285.2059242837317
1772937248.6909716,-111.18466252967715
1772937248.6909792,-1799.9399525870904
1772937248.6909869,561.7594052619569
1772937248.6909945,3660.633037586302
1772937249.1513207,2212.9917281724793
1772937249.1513731,-293.50311457238826
1772937249.1514056,31.960446948327473
1772937249.151434,2710.935087728611
1772937249.1514628,3980.960271178267
1772937249.1514916,2078.4497396138113
1772937249.1515205,-312.8042741295259
1772937249.151549,154.44772260843544
1772937249.1515775,2807.493901039247
1772937249.1516063,3921.537319473392
1772937249.1516156,1947.8528454279833
1772937249.151625,-333.5413676467051
1772937249.151634,272.3060641807822
1772937249.1516423,2902.9805880867757
1772937249.151651,3866.1396370028015
1772937249.1516593,1820.6741127150235
1772937249.151668,-356.35689836319835
1772937249.1516764,385.0586459099881
1772937249.1516852,2996.420652976757
1772937249.1516936,3813.2280307360757
1772937249.151702,1696.0334339942806
1772937249.1517105,-380.37582238207756
1772937249.1517189,494.6400247264826
1772937249.1517272,3088.8504637082656
1772937249.1517355,3762.011665720132
1772937249.151744,1572.5753606549576
1772937249.1517522,-405.5982510422551
1772937249.1517603,602.6203976584994
1772937249.1517687,3181.6816774007966
1772937249.151777,3712.2378477009192
1772937249.1517851,1448.985705541438
1772937249.1517937,-432.3068979952331
1772937249.151802,711.1149840952901
1772937249.1518102,3278.889257731484
1772937249.1518185,3668.1455844152115
1772937249.1518269,1328.4274977672073
1772937249.1518352,-459.3419127409773
1772937249.1518433,818.3041866346023
1772937249.1518517,3375.1623125612145
1772937249.1518598,3622.290796845136
1772937249.151868,1204.7688873452144
1772937249.1518779,-488.2069705376655
1772937249.1518908,927.6315882072881
1772937249.1519039,3475.8015645943087
1772937249.1519125,3578.0380520184035
1772937249.151921,1077.9728316621085
1772937249.1519291,-521.1454203677332
1772937249.1519396,1036.3928174993507
1772937249.1519532,3578.3004876591717
1772937249.1519637,3533.218135469113
1772937249.1519718,947.0913337720276
1772937249.15198,-556.6793462210949
1772937249.1519883,1148.1349998794074
1772937249.1519964,3685.6999272375137
1772937249.1520047,3487.60189476154
1772937249.1520133,808.3967292834046
1772937249.1520216,-599.4209896720674
1772937249.15203,1260.4202344451915
1772937249.152038,3798.9725592386812
1772937249.1520464,3445.0726892611733
1772937249.1520543,667.7901235126301
1772937249.152063,-642.5815065719282
1772937249.1520708,1378.548091588935
1772937249.152079,3918.6988871964554
1772937249.1520872,3400.264399104437
1772937249.1520956,517.1225494675226
1772937249.152104,-691.2843941688608
1772937249.1521125,1503.7981484908023
1772937249.1521208,4050.3799127163875
1772937249.152129,3357.619611125651
1772937249.1521373,356.7444964036066
1772937249.1521454,-747.8355816786643
1772937249.1521535,1634.2320872058128
1772937249.1521618,4193.3333922267
1772937249.15217,3316.581769291148
1772937249.1521783,185.99586757808132
1772937249.1521864,-811.5306571656517
1772937249.152195,1772.238685063222
1772937249.152207,4348.714531022405
1772937249.1522205,3273.6708801953114
1772937249.152233,-2.2681692381086758
1772937249.152245,-887.5977165722064
1772937249.1522584,1918.8851212893985
1772937249.1522703,4522.03297783589
1772937249.1522784,3233.1839588660237
1772937249.152287,-207.31258036638144
1772937249.152295,-975.4299101889608
1772937249.1523037,2078.2017754167864
1772937249.1523118,4718.258847298438
1772937249.1523209,3194.8602475123544
1772937249.152332,-435.9747691186233
1772937249.1523442,-1081.8385894056223
1772937249.1523564,2250.364256837457
1772937249.1523645,4942.788562276829
1772937249.1523728,3160.683710750108
1772937249.1523812,-693.8249523368264
1772937249.1523895,-1213.5262444713144
1772937249.152398,2436.4393746033484
1772937249.1524062,5203.559905300608
1772937249.1524143,3135.023812437965
1772937249.152423,-986.3392661001319
1772937249.1524312,-1378.441910518819
1772937249.1524396,2638.7352168050174
1772937249.152448,5514.628967682971
1772937249.1524563,3130.5548036059913
1772937249.1524649,-1314.6215660216837
1772937249.1524732,-1587.7824101689994
1772937249.1524816,2851.444252072392
1772937249.15249,5883.5342867517265
1772937249.1524985,3157.5226562857583
1772937249.1525066,-1684.0508438422262
1772937249.1525152,-1866.7890488966661
1772937249.1525235,3049.2658313335687
1772937249.1525316,6313.914299029909
1772937249.15254,3253.2997781862728
1772937249.578807,948.8002532513389
1772937249.5788434,-526.6376564872972
1772937249.5788696,121.1403288683109
1772937249.5788963,1831.909417760618
1772937249.5789227,2220.797888930604
1772937249.5789495,931.2203573616184
1772937249.578976,-118.71364863135666
1772937249.5790024,391.80075360987337
1772937249.579029,1512.6446440997609
1772937249.579056,1697.0789957880145
1772937249.5790832,990.7612821492646
1772937249.5791097,563.3066478704512
1772937249.5791273,758.8764508290408
1772937249.5791347,897.9888426916078
1772937249.5791428,823.923630148814
1772937249.579151,1191.1516931803314
1772937249.5791583,1833.0858098988795
1772937249.5791662,1373.558957284512
1772937249.5791743,-367.1113872052846
1772937249.579182,-913.5681036358309
1772937249.57919,1690.2748546584974
1772937249.579198,4681.893860027057
1772937249.579206,2806.9309358271266
1772937249.5792136,-3579.117481051825
1772937249.5792215,-5789.560146451042
1772937249.579229,2990.149652842295
1772937249.5792367,14752.001731470855
1772937249.5792449,9970.277444920936
1772937249.5792525,-20597.072999368513
1772937249.5792603,-59145.55527790006
1772937249.5792685,-73102.34728720067
1772937249.579276,-48426.71581644677
1772937249.5792837,-7352.670318026781
1772937249.5792916,12877.180343754944
1772937249.5792994,-703.533550273344
1772937249.5793073,-23931.677039044884
1772937249.579315,-24664.929312078646
1772937249.5793228,-159.6159115758026
1772937249.5793307,21309.297669794116
1772937249.5793383,15759.00730074117
1772937249.579346,-7567.800148440274
1772937249.579354,-18577.050135606358
1772937249.5793617,-3910.666560083274
1772937249.5793695,17021.0460759704
1772937249.5793772,17008.274293717634
1772937249.5793853,-4478.557668549763
1772937249.579393,-20195.380676383116
1772937249.5794008,-8797.511961814535
1772937249.5794086,17909.79173934483
1772937249.5794165,27146.465244782612
1772937249.579424,2232.914722255165
1772937249.5794315,-38647.140434093264
1772937249.5794394,-62294.984098447814
1772937249.5794473,-54690.12543816624
1772937249.579455,-31702.27709850149
1772937249.5794625,-18070.171907642645
1772937249.5794704,-21182.507970761395
1772937249.579478,-27507.208098513784
1772937249.579486,-21252.98276774518
1772937249.5794933,-2143.145526259101
1772937249.5795012,15519.859749499836
1772937249.5795088,18383.12213848062
1772937249.5795164,6827.466388750343
1772937249.5795243,-6543.345328591828
1772937249.579532,-9450.759831716754
1772937249.57954,-1059.8005015845677
1772937249.5795476,8350.954254597593
1772937249.5795555,8474.235789968225
1772937249.5795631,-164.37047707270318
1772937249.579571,-7027.214985153912
1772937249.579579,-3804.704125293632
1772937249.5795865,5477.224218982736
1772937249.5795944,9022.718074150238
1772937249.579602,2024.9840732676503
1772937249.5796096,-6610.234099032441
1772937249.5796173,-5265.7537977387165
1772937249.579625,4787.956880334804
1772937249.5796323,10118.269432428207
1772937249.57964,2854.7239180374095
1772937249.579648,-7663.43367780637
1772937249.579656,-6516.888639473092
1772937249.579664,5818.5874415773105
1772937249.5796716,12308.807795430786
1772937249.5796793,2363.455915256004
1772937249.579687,-11301.654525974895
1772937249.5796952,-7915.044656784197
1772937249.5797029,11034.292256498407
1772937249.5797107,18747.354883228076
1772937249.5797188,-2485.4551832631328
1772937249.5797265,-32074.851025207226
1772937249.579734,-30758.75796701712
1772937249.579742,8528.137649681617
1772937249.57975,43583.06664850472
1772937249.5797577,29613.481629248516
1772937249.5797656,-22526.490378021725
1772937249.5797732,-52445.874155904676
1772937249.5797808,-21487.720455436738
1772937249.5797887,35972.12031589943
1772937249.5797963,50021.44623534089
1772937249.579804,1964.7584768092977
1772937249.5798116,-46856.33311497269
1772937249.5798194,-26375.539908344424
1772937249.5798275,53261.649049951775
1772937249.5798352,106215.25225806782
1772937249.5798433,69488.02700857482
1772937249.579851,-21244.61414535053
1772937249.5798588,-71673.85628834294
1772937249.5798666,-37905.83310604245
1772937249.5798745,26966.009608277505
1772937249.5798824,43190.85828078292
1772937249.57989,2003.3175844198558
1772937249.5798979,-30597.037834300798
1772937249.5799055,-5242.359688877801
1772937249.5799139,43082.3675370541
1772937249.5799215,39022.60756003424
1772937249.579929,-32056.182012200854
1772937249.5799367,-94894.8049545161
1772937249.5799444,-68310.27401142291
1772937249.5799522,37020.71084253651
1772937249.57996,125063.55392313426
1772937249.8440619,44147.261921611665
1772937249.8441007,955.0177984940344
1772937249.8441272,-24131.212085866577
1772937249.8441496,-9804.808963352045
1772937249.8441725,16046.81966236465
1772937249.8441951,18985.925006595786
1772937249.844204,128.8924009604184
1772937249.8442132,-12375.08719358197
1772937249.844221,-3474.9135744728515
1772937249.8442292,11879.419813988363
1772937249.844238,12619.64624672699
1772937249.8442512,-232.380070494039
1772937249.8442676,-7907.909006746366
1772937249.8442805,-835.9767070301546
1772937249.8442912,9837.49355480435
1772937249.8443034,9437.67569910044
1772937249.8443148,-314.1158873871025
1772937249.844323,-5348.891841350291
1772937249.8443315,641.593119215202
1772937249.8443396,8509.167278487665
1772937249.844348,7447.412943452895
1772937249.8443556,-285.25871114272906
1772937249.8443637,-3610.942967212908
1772937249.8443716,1592.1297468781213
1772937249.8443797,7514.624384502041
1772937249.8443873,6041.859961451993
1772937249.844395,-192.5620265890453
1772937249.8444026,-2291.5644942929744
1772937249.8444102,2261.923008373055
1772937249.8444183,6695.1984693386985
1772937249.844426,4958.98462770848
1772937249.8444335,-55.24725955074001
1772937249.8444412,-1203.9707304493365
1772937249.8444493,2761.3148975069785
1772937249.844457,5959.812744691239
1772937249.8444648,4060.6700210055396
1772937249.8444726,126.80775553410314
1772937249.84448,-233.23713426366075
1772937249.844488,3153.083486061364
1772937249.8444955,5245.456705115331
1772937249.8445034,3260.2699843296846
1772937249.8445115,364.92141336555045
1772937249.8445194,705.865862021164
1772937249.8445272,3469.897918314151
1772937249.844535,4482.989667762833
1772937249.8445427,2483.553531580123
1772937249.8445506,688.4389565481861
1772937249.8445585,1711.7336352429177
1772937249.844566,3740.4332293780362
1772937249.8445737,3580.769743819098
1772937249.8445811,1643.1623056215103
1772937249.8445892,1155.1324708041534
1772937249.844597,2930.9963508801648
1772937249.8446047,3986.1273806974805
1772937249.8446124,2357.1739482953967
1772937249.84462,581.5585998762457
1772937249.8446276,1905.442068398269
1772937249.8446355,4692.541828783797
1772937249.8446436,4246.526927410887
1772937249.8446512,343.679278429281
1772937249.844659,-1131.455563503176
1772937249.8446665,3347.691697846707
1772937249.8446743,8046.8929959535135
1772937249.8446822,4684.123322060866
1772937249.8446903,-4269.5051409018315
1772937249.8446984,-5472.837979591503
1772937249.844706,7452.50286030145
1772937249.844714,19772.78075846799
1772937249.8447216,7749.669686344912
1772937249.8447294,-32017.058544119165
1772937249.8600795,-71114.79465139899
1772937250.1180637,-1295.3510230871066
1772937250.118096,-79.80188091994077
1772937250.1181192,4680.328822246541
1772937250.1181424,6263.904017480777
1772937250.1181624,2471.798548734411
1772937250.1181746,-1320.7112888212819
1772937250.1181884,222.5925848718304
1772937250.1182048,4895.481556589382
1772937250.118216,6100.735720670927
1772937250.1182246,2159.440175580184
1772937250.1182332,-1350.2401969499942
1772937250.1182415,518.1885717990342
1772937250.1182501,5111.7604757237805
1772937250.1182587,5941.202180153314
1772937250.1182673,1842.4906088648327
1772937250.1182756,-1389.0302367771937
1772937250.118284,813.6906815765864
1772937250.1182923,5338.461334114483
1772937250.118301,5786.435310877647
1772937250.1183093,1514.881738608771
1772937250.118318,-1439.6261631469392
1772937250.1183264,1115.728136377538
1772937250.118335,5583.855972171316
1772937250.118343,5635.640503321402
1772937250.1183517,1168.0756569364119
1772937250.11836,-1505.8174669889938
1772937250.1183684,1431.4480868563764
1772937250.1183772,5855.299163110925
1772937250.1183853,5481.983249036484
1772937250.1183937,784.8746039320426
1772937250.1184018,-1593.525966228971
1772937250.11841,1778.552495317874
1772937250.1184187,6177.251017595502
1772937250.1184304,5328.39582846152
1772937250.1184435,344.4865334194237
1772937250.1184573,-1716.5363135768227
1772937250.1184654,2174.092866411404
1772937250.118474,6577.18572003706
1772937250.1184824,5169.401687254644
1772937250.1184907,-196.4941246738492
1772937250.1184993,-1904.529305079515
1772937250.1185076,2646.616386755238
1772937250.1185157,7108.983375784195
1772937250.1185243,5003.432997152653
1772937250.1185431,-910.9643745482228
1772937250.1185517,-2206.7307052279907
1772937250.1185603,3261.9897753900627
1772937250.118569,7892.493740852594
1772937250.1185772,4831.126731029842
1772937250.1185856,-1966.1526647379771
1772937250.1185937,-2751.10553753931
1772937250.1186025,4165.243797752418
1772937250.1186106,9230.472207799334
1772937250.118619,4671.731759577742
1772937250.1186273,-3814.872257593054
1772937250.118636,-3933.6511836208806
1772937250.118644,5773.581210025441
1772937250.1186528,12145.390261297242
1772937250.1186607,4662.2645848011225
1772937250.1186693,-8249.50313156607
1772937250.1186776,-7687.890039678001
1772937250.118686,10067.438116283543
1772937250.1186943,23368.109369064667
1772937250.1187024,7202.708676338438
1772937250.1187108,-35784.3099219373
1772937250.118719,-72599.14177476842
1772937250.182426,-71591.5315338611
1772937250.357067,-34214.48719418183
1772937250.3571188,10263.17905405411
1772937250.3571496,21319.02588955307
1772937250.3571615,3490.960804364858
1772937250.357171,-11841.673767348942
1772937250.357182,-6382.9544151742775
1772937250.3571923,7728.51460270473
1772937250.357202,9841.583615701604
1772937250.3572104,-1040.7943631109
1772937250.3572187,-8054.500582226299
1772937250.3572311,-1655.890992848016
1772937250.3572433,7983.560836317812
1772937250.3572564,6810.794706580464
1772937250.3572686,-3051.6124502819825
1772937250.357281,-7079.898757086732
1772937250.357289,517.4144965339192
1772937250.3572972,8670.08526390601
1772937250.3573053,5494.553475144435
1772937250.3573132,-4589.654823496525
1772937250.3573208,-7049.741495671266
1772937250.357329,1971.7176921022638
1772937250.3573365,9785.233568921314
1772937250.3573444,4924.426275930852
1772937250.357352,-6214.943732374628
1772937250.35736,-7754.70038704043
1772937250.357368,3215.9069063355596
1772937250.357376,11616.356011093514
1772937250.3573835,4952.16925430533
1772937250.357391,-8399.859665832351
1772937250.3574028,-9554.630398429297
1772937250.3574147,4514.698848761092
1772937250.3574271,14978.87796987492
1772937250.3574395,5969.755747368107
1772937250.3574474,-12082.672548064642
1772937250.3574553,-13968.332849751474
1772937250.3574631,6078.7699507583875
1772937250.3574708,22787.659405643553
1772937250.3574784,10348.17298074295
1772937250.3574862,-20828.82285557761
1772937250.357494,-30042.57632375571
1772937250.357502,6425.715903066086
1772937250.35751,61625.11670527387
1772937250.3575175,81240.80527986836
1772937250.8278213,810.757440662444
1772937250.8278587,-1930.8558389622954
1772937250.8278873,-1935.0665458923809
1772937250.8279228,736.9859134615258
1772937250.8279495,2332.4592342909723
1772937250.827976,671.6951619281526
1772937250.8280032,-1877.892799711548
1772937250.8280294,-1770.3755996438665
1772937250.828056,793.2374726423133
1772937250.8280828,2217.224211611312
1772937250.8281095,550.4256389049234
1772937250.8281271,-1842.9890194359941
1772937250.828135,-1632.7560807568493
1772937250.828143,847.5658354808714
1772937250.8281505,2121.6152394193787
1772937250.8281584,438.80228464508605
1772937250.8281665,-1822.3497689399883
1772937250.828174,-1512.5606203530451
1772937250.828182,905.5078994193254
1772937250.82819,2045.0832497554263
1772937250.828198,335.9329395555172
1772937250.828206,-1813.2804071137095
1772937250.8282137,-1406.4727842867703
1772937250.8282216,966.1298356101204
1772937250.8282292,1982.6138658557359
1772937250.8282373,237.54104264027475
1772937250.8282452,-1816.0633136892575
1772937250.8282533,-1312.369147354104
1772937250.8282611,1030.8612193517133
1772937250.828269,1934.8870845457093
1772937250.8282769,146.05994389166835
1772937250.8282847,-1825.8224731330727
1772937250.8282924,-1226.034607395381
1772937250.8283005,1099.5115406927264
1772937250.828308,1897.1331247912697
1772937250.828316,55.60991226045415
1772937250.8283236,-1846.2940558209973
1772937250.8283315,-1148.9698840722056
1772937250.8283393,1170.9017628418744
1772937250.828347,1867.8093126121878
1772937250.8283548,-34.048949793146576
1772937250.8283625,-1874.5528032551981
1772937250.82837,-1075.6061723048697
1772937250.828378,1250.4441174770377
1772937250.8283854,1849.6351221554357
1772937250.828393,-123.1821966835392
1772937250.8284009,-1912.5609283528174
1772937250.8284085,-1008.8745039214026
1772937250.8284168,1333.6549033445065
1772937250.8284245,1836.3717685029771
1772937250.8284323,-217.64047245407255
1772937250.82844,-1961.9886226714777
1772937250.8284476,-944.1696444811754
1772937250.8284557,1429.2764705195996
1772937250.8284633,1835.9327404906041
1772937250.8284712,-313.90839809746853
1772937250.8284788,-2023.3198380567394
1772937250.8284867,-883.3043078221074
1772937250.8284948,1535.650370252688
1772937250.8285024,1846.3508028615379
1772937250.8285103,-414.2238892285966
1772937250.828518,-2097.0979142981532
1772937250.8285263,-823.7860630433557
1772937250.828534,1655.6814248844746
1772937250.8285425,1865.8371258205916
1772937250.8285503,-526.6119689975028
1772937250.8285582,-2192.3333624277416
1772937250.828566,-768.4649216981761
1772937250.828574,1793.6606226077424
1772937250.828582,1899.636623682755
1772937250.8285897,-650.1671900448164
1772937250.8285973,-2309.950240991695
1772937250.8286047,-713.6889224200077
1772937250.8286123,1958.0761610410814
1772937250.82862,1953.1428432817654
1772937250.828628,-788.5028481553866
1772937250.8286357,-2457.355071878929
1772937250.8286433,-660.2754394059242
1772937250.8286512,2155.4236927730108
1772937250.828659,2028.2704278592053
1772937250.8286667,-952.9591949837259
1772937250.8286748,-2649.940045821751
1772937250.8286824,-609.4675599921078
1772937250.8286903,2401.5666308642412
1772937250.828698,2138.7721119235352
1772937250.8287055,-1149.379029565219
1772937250.8287132,-2903.6342972360503
1772937250.8287213,-561.3067217962933
1772937250.8287292,2717.555310799446
1772937250.8287373,2298.428246125812
1772937250.8287446,-1396.562416547114
1772937250.8287525,-3250.967455725791
1772937250.8287604,-516.0808204930432
1772937250.828768,3144.398262512992
1772937250.8287756,2537.2582247489486
1772937250.8287835,-1725.0219652133594
1772937250.8287911,-3751.479492890639
1772937250.8287988,-474.8579645160465
1772937250.828807,3762.56783754423
1772937250.8288145,2918.7143440814916
1772937250.8288221,-2192.6303408760164
1772937250.8288298,-4530.535850919673
1772937250.8288374,-449.42460781113806
1772937250.828845,4735.3806828039715
1772937250.828853,3574.2260383648722
1772937250.8288603,-2946.467643113509
1772937250.8288682,-5904.413089236573
1772937250.828876,-470.2141762708798
1772937250.828884,6524.414281168331
1772937250.8288915,4923.355806276224
1772937250.8288996,-4391.808243966496
1772937250.8289073,-8909.02681096991
1772937250.8289149,-691.7849090554007
1772937250.8289225,10930.742562972937
1772937250.8289301,8928.47652687599
1772937250.828938,-8501.853719069491
1772937250.8289456,-20309.51108330428
1772937250.8289533,-3548.9941067012956
1772937250.8289611,38486.69993189487
1772937250.8289688,74224.2183252933
1772937251.3086836,1.7392831044569803
1772937251.308726,2.352819213163063
1772937251.3087523,2.8753565559177723
1772937251.3087785,2.7120733531196777
1772937251.308805,2.0208410020756427
1772937251.308832,1.600988076063326
1772937251.3088586,1.970747391500676
1772937251.308885,2.7674868969363833
1772937251.3089116,3.195700152602403
1772937251.3089385,2.948077244788611
1772937251.3089652,2.4956646656099637
1772937251.3089917,2.488947625243128
1772937251.309,3.0698724076325887
1772937251.309008,3.850512453166246
1772937251.309016,4.391400454185174
1772937251.309024,4.5098166865101845
1772937251.309032,4.2058718008449745
1772937251.3090403,3.5774025059867562
1772937251.3090484,2.9355571051567257
1772937251.3090563,2.7965250722804287
1772937251.3090641,3.475568512148713
1772937251.309072,4.671221531742767
1772937251.30908,5.668033717242425
1772937251.309088,6.066789581162835
1772937251.309096,6.172040708056222
1772937251.3091037,6.49830618991257
1772937251.3091116,7.003745260442365
1772937251.3091197,7.095542608165029
1772937251.3091276,6.476804404933975
1772937251.3091352,5.735562896460611
1772937251.3091433,5.8102463858546605
1772937251.3091507,6.897386580853586
1772937251.3091588,8.151647187845446
1772937251.3091664,8.594697931111819
1772937251.3091743,8.161012786302374
1772937251.309182,7.66484803857738
1772937251.3091898,7.8229105322210435
1772937251.309198,8.552924394378138
1772937251.3092055,9.270700013791648
1772937251.3092134,9.620248340326151
1772937251.3092213,9.703420817060476
1772937251.309229,9.737270251140538
1772937251.3092365,9.808786186070835
1772937251.3092444,10.026895983067352
1772937251.3092523,10.614479979191687
1772937251.30926,11.585259000505113
1772937251.309268,12.459706530281874
1772937251.3092763,12.648031677913147
1772937251.3092844,12.204785465824974
1772937251.309292,11.92035048701581
1772937251.3092997,12.411694785288116
1772937251.309307,13.265334955797941
1772937251.309315,13.43167442569965
1772937251.3093228,12.53782863215787
1772937251.3093305,11.489456334464856
1772937251.309338,11.49511879378092
1772937251.3093455,12.639691279299559
1772937251.3093536,13.78321332854399
1772937251.3093612,13.932028267509187
1772937251.309369,13.37110406953713
1772937251.3093767,13.172569747357759
1772937251.3093843,13.784886209219719
1772937251.3093925,14.53304650625107
1772937251.3094,14.592082909366315
1772937251.309408,14.069750615327658
1772937251.309416,13.791311493288628
1772937251.3094237,14.178015789694767
1772937251.3094318,14.770829288146045
1772937251.3094397,14.96462551962873
1772937251.3094473,14.840498272774983
1772937251.309455,14.936615124416637
1772937251.3094628,15.35934403020861
1772937251.3094704,15.557614652721357
1772937251.3094783,15.090938990852479
1772937251.3094862,14.278817830407606
1772937251.309494,13.8010743782086
1772937251.3095016,13.843038621571718
1772937251.309511,14.025023829379453
1772937251.309528,14.173230577150768
1772937251.309541,14.706489470975969
1772937251.309554,15.958350630795856
1772937251.309566,17.402374785114436
1772937251.3095765,18.060494425092685
1772937251.309584,17.73082756399121
1772937251.3095925,17.34757608937242
1772937251.3096,17.815388900251484
1772937251.309608,18.795193039090833
1772937251.3096168,19.150303144673014
1772937251.309625,18.55538242233992
1772937251.3096323,18.070256165805418
1772937251.30964,18.768717731357516
1772937251.309648,20.205935329201417
1772937251.3096557,20.887655780947338
1772937251.3096633,20.24732359479153
1772937251.3096716,19.47395881518568
1772937251.3096793,19.95760921643457
1772937251.309687,21.377195974946737
1772937251.3096948,22.083460234350834
1772937251.3097024,21.367052302781495
1772937251.3097105,20.520766944379393
1772937251.3097184,21.114000857430366
1772937251.309726,22.747402019575325
1772937251.3097336,23.457379604710848
1772937251.3097415,22.397921534284418
1772937251.3097491,21.137789457937647
1772937251.3097568,21.58594592872863
1772937251.3097646,23.236915042566125
1772937251.3097725,23.688591908132665
1772937251.3097804,22.067940668140125
1772937251.3097885,20.696766431894392
1772937251.309796,22.237737355881617
1772937251.3098035,25.747672807030447
1772937251.309811,27.25390334363524
1772937251.3098187,24.933720981446584
1772937251.3098264,22.34419169089694
1772937251.3098342,24.540418449272714
1772937251.3098419,30.736335669851957
1772937251.3098495,32.65367702806935
1772937251.3098576,22.09133082888646
1772937251.3098652,0.2640179612025472
1772937251.4804924,18.113301401407174
1772937251.4805322,18.014091725296268
1772937251.4805589,18.413228968759977
1772937251.4805827,18.767192783933016
1772937251.4805915,18.42190996856356
1772937251.4806008,17.638865201697357
1772937251.4806094,17.458482996578265
1772937251.480618,18.414003309745
1772937251.4806263,19.751146070940752
1772937251.4806347,20.288330107939014
1772937251.4806428,19.88777327727905
1772937251.480651,19.588413794269567
1772937251.4806588,20.167178771385252
1772937251.4806666,21.051913723334962
1772937251.4806745,21.123817011013927
1772937251.480682,20.37725104262415
1772937251.4806898,20.105823462040604
1772937251.4806976,21.188871064124235
1772937251.4807055,22.731950247827907
1772937251.4807131,23.04656479223831
1772937251.4807212,21.85550386758865
1772937251.4807289,20.787570970772574
1772937251.4807367,21.341424831739815
1772937251.4807446,22.925471099537717
1772937251.4807525,23.650991237948535
1772937251.48076,22.917167962256844
1772937251.480768,22.27499593211705
1772937251.4807756,23.24394604692431
1772937251.4807837,24.987188218761855
1772937251.480791,25.227821770778245
1772937251.4807987,23.469525136648905
1772937251.4808064,22.106808211661004
1772937251.4808142,23.436625680503326
1772937251.4808218,26.222711255565148
1772937251.4808297,26.746960091046837
1772937251.480837,23.741439327279426
1772937251.4808447,20.932468974860285
1772937251.4808526,22.972887521479223
1772937251.4808605,28.7412796538066
1772937251.4808683,30.335879563925154
1772937251.480876,20.34405756080588
1772937251.9102652,-198.73425146094948
1772937251.9103055,1165.75040955023
1772937251.9103372,911.1432924935516
1772937251.910364,-625.2321934840835
1772937251.9103906,-1288.8495309373159
1772937251.9104176,-127.03838940475696
1772937251.9104445,1245.5861792195158
1772937251.9104705,890.3826067374142
1772937251.9104812,-718.170546494903
1772937251.9104908,-1323.647594838046
1772937251.9105008,-50.30915049320291
1772937251.9105103,1333.1299153413029
1772937251.9105198,869.6201984637373
1772937251.9105291,-818.8160849890854
1772937251.910539,-1363.1541926847647
1772937251.9105487,30.92450652263168
1772937251.9105585,1426.27996497344
1772937251.9105678,843.639203474705
1772937251.9105775,-933.6050964035802
1772937251.910587,-1410.2602096369844
1772937251.9105964,120.23129054924235
1772937251.910606,1532.8542320224435
1772937251.9106152,819.7120281769201
1772937251.9106247,-1057.8965130964568
1772937251.9106345,-1461.1889670534515
1772937251.910644,221.72653592497065
1772937251.9106536,1654.439085461083
1772937251.910663,793.0375376214549
1772937251.910672,-1201.6204889147446
1772937251.9106815,-1524.2423207591564
1772937251.9106913,333.86788566628996
1772937251.9107003,1793.9532742764816
1772937251.9107099,764.9166517465274
1772937251.9107192,-1366.227735311239
1772937251.9107292,-1598.1283725818898
1772937251.9107387,464.230832074479
1772937251.9107482,1959.5917111014282
1772937251.910758,734.823322810174
1772937251.9107673,-1561.367743594802
1772937251.9107766,-1690.6820690730735
1772937251.910786,615.8607450572716
1772937251.9107952,2160.05101301529
1772937251.9108045,703.8317759023798
1772937251.9108143,-1796.4018538623593
1772937251.9108238,-1808.5052599513494
1772937251.9108331,796.5570633661729
1772937251.910843,2409.243355893211
1772937251.9108522,671.951130669714
1772937251.9108615,-2089.3537104883094
1772937251.910871,-1966.3946881093025
1772937251.9108803,1014.9050437532932
1772937251.9108903,2728.014793700721
1772937251.9109027,640.623934662924
1772937251.910915,-2466.0091235078544
1772937251.9109235,-2182.937492835553
1772937251.9109316,1294.256660574145
1772937251.9109397,3162.9410035621263
1772937251.910947,620.5239196972419
1772937251.9109552,-2973.2560113836025
1772937251.9109628,-2504.4423497554603
1772937251.9109707,1659.9329506665308
1772937251.9109786,3789.9973101518212
1772937251.9109864,631.3184868690362
1772937251.910994,-3699.771023158024
1772937251.9110017,-3024.293594961927
1772937251.9110096,2163.8802924196543
1772937251.9110172,4780.184635312618
1772937251.9110248,731.399799515636
1772937251.9110327,-4850.031989373336
1772937251.9110403,-3997.860420640478
1772937251.9110484,2900.330302699219
1772937251.9110565,6602.194724441395
1772937251.911064,1168.46523103522
1772937251.9110718,-6972.031233219158
1772937251.9110796,-6325.167876654066
1772937251.9110873,4023.8478027087654
1772937251.911095,11087.639672499996
1772937251.9111023,3451.385554200818
1772937251.9111102,-12445.14010657336
1772937251.9111183,-16353.223108918297
1772937251.911126,4140.2496069693925
1772937251.9111335,38914.737264135
1772937251.9111412,64394.56910656515
1772937251.9111493,65373.83048674855
1772937251.911157,45085.38323190957
1772937251.9111643,15577.639539716776
1772937251.9111724,-15527.803247665233
1772937251.91118,-45028.426125477075
1772937251.9111881,-65314.04879016511
1772937251.9111962,-64346.29657283212
1772937252.0347364,-43014.47464706584
1772937252.0347655,-13534.497755674329
1772937252.0347788,12903.86633506439
1772937252.0347955,18809.926360091
1772937252.0348115,2442.6397967661137
1772937252.0348277,-16888.30086709872
1772937252.034844,-16996.331664662906
1772937252.0348551,2572.7101957535747
1772937252.0348656,18354.218375068365
1772937252.034877,9227.511264962219
1772937252.0348904,-16904.758930838772
1772937252.0349052,-28124.775533493765
1772937252.0349152,-2712.7636748318896
1772937252.034924,44747.342468453826
1772937252.0349329,75725.28048592861
1772937252.0349417,66086.4921767568
1772937252.0350144,28572.967063714466
1772937252.035023,-3766.262091709652
1772937252.0350313,-11984.877763585713
1772937252.0350397,-4651.485394877519
1772937252.035048,321.60440835331553
1772937252.0350564,-1510.1991703555361
1772937252.0350647,-1647.9868080580084
1772937252.0350733,3126.831775466669
1772937252.0350816,3492.1425131014958
1772937252.0350897,-7188.4362810652665
1772937252.0350983,-16985.358181527794
1772937252.035107,-4607.924272386283
1772937252.0351152,33206.08244275181
1772937252.035123,70218.7743583276
1772937252.5059788,52.067996270889765
1772937252.506019,973.47246314822
1772937252.5060465,-1396.4579688592005
1772937252.5060732,-3505.9152701558814
1772937252.5060997,-2660.943907867305
1772937252.506126,-375.09315003375906
1772937252.5061524,167.24961163872214
1772937252.5061796,-1518.969558934731
1772937252.5062056,-2926.972292604317
1772937252.5062325,-2224.8783950689444
1772937252.5062587,-597.2136876755533
1772937252.5062766,-324.29461543161005
1772937252.5062845,-1619.4974752765484
1772937252.506292,-2568.3115708594855
1772937252.5063,-1925.6345137044611
1772937252.5063076,-726.6733624597821
1772937252.5063152,-658.2180586033913
1772937252.506323,-1703.296353130688
1772937252.5063317,-2324.1571739943656
1772937252.50634,-1705.7053943815295
1772937252.506348,-811.6953221820928
1772937252.5063558,-904.1497883820208
1772937252.5063643,-1772.1442503904823
1772937252.5063725,-2141.498116219256
1772937252.5063803,-1532.342573188878
1772937252.506388,-873.0527008345714
1772937252.506396,-1098.407028741276
1772937252.506404,-1830.7853015504024
1772937252.506412,-1995.8069033709608
1772937252.5064201,-1389.3552497821347
1772937252.5064282,-922.0926778804622
1772937252.5064363,-1260.7950213583802
1772937252.506444,-1881.237382590676
1772937252.506452,-1871.8231299269387
1772937252.50646,-1266.0663530724198
1772937252.5064707,-965.1521342429817
1772937252.5064828,-1403.9652271118985
1772937252.5064948,-1925.8785861085842
1772937252.506508,-1760.6935953821214
1772937252.5065165,-1155.4739769435664
1772937252.506524,-1005.3229486998955
1772937252.506532,-1534.757481980314
1772937252.5065396,-1964.6685672941535
1772937252.5065472,-1655.018056586064
1772937252.5065553,-1052.0662420545495
1772937252.5065627,-1045.006488250763
1772937252.5065708,-1658.829345832617
1772937252.5065787,-1998.2378108679104
1772937252.5065863,-1549.590738902
1772937252.506594,-951.9763678313524
1772937252.5066018,-1087.0138488260372
1772937252.5066097,-1782.4853158362625
1772937252.5066173,-2029.4327556003313
1772937252.506625,-1442.1981096587347
1772937252.5066326,-852.9887287607561
1772937252.5066404,-1133.241386866097
1772937252.506648,-1909.1137202013517
1772937252.5066557,-2057.610870225223
1772937252.506663,-1327.777309633471
1772937252.506671,-751.5165807463741
1772937252.5066824,-1186.2788333110636
1772937252.5066924,-2044.847755646694
1772937252.5067034,-2085.9924622129947
1772937252.506714,-1204.8452724367278
1772937252.5067248,-646.1983823105255
1772937252.5067348,-1249.0031181681281
1772937252.5067449,-2193.7391992147127
1772937252.506755,-2113.327074124382
1772937252.5067658,-1066.309911647353
1772937252.506776,-531.329837316348
1772937252.506786,-1322.879022800834
1772937252.5067968,-2360.538426345259
1772937252.506872,-2138.8372393906225
1772937252.50688,-904.459451926549
1772937252.5068877,-401.2621067883059
1772937252.5068953,-1411.9144789778443
1772937252.5069027,-2553.8470297219574
1772937252.5069103,-2163.8593842252167
1772937252.506918,-711.4340891244556
1772937252.5069256,-251.33250726519037
1772937252.5069332,-1524.8663407105225
1772937252.506941,-2787.555338223459
1772937252.5069487,-2188.913646626486
1772937252.5069563,-470.8177613714524
1772937252.506964,-67.36939915110916
1772937252.5069716,-1667.49700473224
1772937252.5069797,-3077.5114796176426
1772937252.5069876,-2213.284954874046
1772937252.5069952,-160.26108648832468
1772937252.5070033,164.85598005854058
1772937252.5070107,-1860.4500765501466
1772937252.5070186,-3460.193728845912
1772937252.5070262,-2241.4092126602113
1772937252.5070338,258.7096845526295
1772937252.5070415,474.39810345345086
1772937252.5070488,-2135.299196822932
1772937252.5070565,-3997.7141729380437
1772937252.507064,-2278.2443846390606
1772937252.5070715,862.6670921428888
1772937252.5070794,921.8325482883774
1772937252.5070868,-2551.4633090655725
1772937252.5070944,-4815.255915485114
1772937252.5071023,-2332.5815071200086
1772937252.5071099,1821.6430428661588
1772937252.507121,1648.1787299381433
1772937252.5071332,-3246.51895475367
1772937252.5071454,-6223.14488216169
1772937252.507157,-2434.1840082387366
1772937252.507166,3593.5402067893774
1772937252.5071743,3067.6339899662844
1772937252.507182,-4630.151719659121
1772937252.50719,-9259.325643620408
1772937252.507198,-2737.2903411691823
1772937252.5072064,7981.096090922654
1772937252.5072143,7144.448245182187
1772937252.5072222,-8674.20156886407
1772937252.50723,-20689.11865922499
1772937252.507238,-5681.609994142585
1772937252.507246,35501.50396922799
1772937252.507254,72483.68785341819
1772937252.9868116,0.9484826964816885
1772937252.98686,1.2892102021499496
1772937252.9868877,1.1894509753987514
1772937252.9869168,0.8967733802469448
1772937252.986944,0.6990587254536694
1772937252.986972,0.7191105223087525
1772937252.9869998,0.841029692404064
1772937252.9870224,0.8377341044173018
1772937252.9870448,0.6256571187240761
1772937252.9870677,0.40861040956426226
1772937252.9870875,0.524674004582008
1772937252.9871187,1.1143659119465747
1772937252.9871411,1.953065966532271
1772937252.987154,2.6283996205393514
1772937252.98716,2.863557795932429
1772937252.9871683,2.657696235187141
1772937252.987178,2.1774656692963417
1772937252.9871883,1.613771957845971
1772937252.987196,1.1545101162171632
1772937252.9872017,0.9761668263920238
1772937252.9872081,1.1396097716324316
1772937252.987214,1.5113436748118465
1772937252.98722,1.9021465229623769
1772937252.987226,2.3211079502326064
1772937252.9872315,2.989852692121346
1772937252.9872372,4.008341082052082
1772937252.9872432,5.073203026106195
1772937252.987249,5.697674681225115
1772937252.9872549,5.772690989985558
1772937252.9872603,5.783484747831728
1772937252.9872658,6.32183176254442
1772937252.9872715,7.404548858787108
1772937252.9872773,8.421312629162149
1772937252.987283,8.814946554706781
1772937252.9872885,8.700599322846472
1772937252.9872944,8.694722660612298
1772937252.9873,9.185868479881469
1772937252.9873054,9.927094804129943
1772937252.987311,10.374752834771469
1772937252.987317,10.27937341954191
1772937252.9873228,9.83285609421855
1772937252.9873283,9.351921425739432
1772937252.9873335,9.0367442989503
1772937252.9873395,9.062785563712179
1772937252.9873452,9.662721455464915
1772937252.987351,10.87962884158299
1772937252.9873567,12.288399394535599
1772937252.9873624,13.214785129374363
1772937252.9873683,13.364271166327192
1772937252.987374,13.118760746160078
1772937252.9873796,13.065319846614125
1772937252.9873853,13.296183446924788
1772937252.9873908,13.36362601976573
1772937252.9873962,12.949247368174674
1772937252.9874017,12.36319711206526
1772937252.9874072,12.201899415333338
1772937252.9874127,12.6116349625378
1772937252.9874184,13.134132472921138
1772937252.987424,13.325635433264743
1772937252.9874294,13.302196833143903
1772937252.9874349,13.487649413421224
1772937252.9874403,13.953731533200134
1772937252.9874458,14.303058858028072
1772937252.9874513,14.269571760231905
1772937252.987457,14.17391490373085
1772937252.9874625,14.536776226745468
1772937252.9874682,15.326803125986256
1772937252.9874735,15.879722506287997
1772937252.9874794,15.659513828530537
1772937252.9874847,14.895686814301065
1772937252.9874904,14.282091321906217
1772937252.987496,14.169124276075696
1772937252.9875016,14.322469738381184
1772937252.987507,14.49178495722117
1772937252.9875128,14.901599092361392
1772937252.9875183,15.922710905612192
1772937252.9875236,17.387739485799646
1772937252.9875293,18.567037757433916
1772937252.9875343,18.922841212059648
1772937252.98754,18.665484651521496
1772937252.9875455,18.395016801337793
1772937252.9875512,18.366399810777718
1772937252.9875567,18.38854733226668
1772937252.9875624,18.390566608760647
1772937252.987568,18.690507720459124
1772937252.9875731,19.470232520329823
1772937252.9875789,20.244865726130133
1772937252.9875844,20.28328339112328
1772937252.98759,19.589114452346053
1772937252.9875956,19.07119245534642
1772937252.9876013,19.48111690210007
1772937252.9876068,20.434856089000633
1772937252.987614,20.900154829786832
1772937252.987622,20.609728313887828
1772937252.9876304,20.492785517394008
1772937252.9876387,21.424756984842286
1772937252.9876468,22.91475057174842
1772937252.9876552,23.590670186624763
1772937252.9876635,22.973010459749613
1772937252.9876716,22.17307607178768
1772937252.98768,22.470613803794016
1772937252.987688,23.61125956094398
1772937252.9876964,24.16749489820046
1772937252.9877045,23.542246715462873
1772937252.9877129,22.840743124282138
1772937252.9877212,23.283156527365282
1772937252.9877295,24.31820347041438
1772937252.9877377,24.263166800777576
1772937252.9877458,22.85443814098228
1772937252.987754,22.086964383974003
1772937252.9877625,23.657240069426493
1772937252.9877706,26.14901507068565
1772937252.987779,26.222542940849113
1772937252.987787,23.130218726455535
1772937252.987795,20.792961152532968
1772937252.9878037,23.633859703780285
1772937252.987812,30.089135142903274
1772937252.9878204,31.84532697096738
1772937252.9878287,21.28743790110724
1772937252.9878368,-0.02328103888295209
1772937253.466876,1.3308627185852064
1772937253.466924,1.5412385673598583
1772937253.4669569,1.7826160329825025
1772937253.4669845,1.5492328988436022
1772937253.4670131,1.01709450189752
1772937253.4670417,0.9005883395071069
1772937253.4670796,1.56328729336992
1772937253.4671142,2.520558026754253
1772937253.4671412,3.001617056807777
1772937253.46717,2.874389927813666
1772937253.4671988,2.755585854748141
1772937253.467218,3.177425104943928
1772937253.4672265,3.8983406477953815
1772937253.467235,4.238705702865786
1772937253.4672492,3.976891751593794
1772937253.4672632,3.6290572526038143
1772937253.4672782,3.7712577339586906
1772937253.467292,4.312517431906832
1772937253.4673033,4.651307877550944
1772937253.4673116,4.465908080778301
1772937253.46732,4.0958123328617395
1772937253.46733,4.072991257866044
1772937253.4673393,4.481950894625116
1772937253.4673479,4.967347621233136
1772937253.4673564,5.269507800314057
1772937253.4673648,5.49508048746481
1772937253.4673731,5.80449158935328
1772937253.4673812,6.067837167344305
1772937253.4673896,6.049207115039601
1772937253.4673977,5.848199851602816
1772937253.467406,5.89218660048845
1772937253.4674144,6.397442177737641
1772937253.4674227,7.027209770287512
1772937253.4674313,7.282262604550008
1772937253.46744,7.1642153092554
1772937253.467448,7.217311293279386
1772937253.4674563,7.832528899148675
1772937253.4674647,8.6885921436666
1772937253.467473,9.075658793844447
1772937253.4674811,8.73506778741555
1772937253.4674895,8.190908764152052
1772937253.4674978,8.183278023892031
1772937253.4675064,8.898685741717976
1772937253.4675145,9.864826953626824
1772937253.4675264,10.514863449540583
1772937253.4675395,10.696194356305224
1772937253.4675543,10.641114403438646
1772937253.4675677,10.636605512764636
1772937253.4675815,10.844297756839579
1772937253.4675925,11.318534988664451
1772937253.467601,11.988448809981353
1772937253.46761,12.59647810729823
1772937253.4676185,12.829904751983097
1772937253.4676266,12.63928505228898
1772937253.467635,12.350945224519206
1772937253.4676433,12.335146158361743
1772937253.4676542,12.591595027804217
1772937253.467667,12.80078137216646
1772937253.4676816,12.794033066188819
1772937253.4676907,12.79508858677527
1772937253.4676993,13.073503883355126
1772937253.4677079,13.495489967346103
1772937253.4677165,13.66174235186192
1772937253.4677243,13.509994939198194
1772937253.467733,13.529074115863281
1772937253.4677413,14.182290236485404
1772937253.467749,15.250864272662625
1772937253.4677575,16.028939521029233
1772937253.4677656,16.200813665019957
1772937253.467774,16.243770078389936
1772937253.4677825,16.74915721872581
1772937253.4677906,17.51636524112494
1772937253.4677987,17.678058441012446
1772937253.4678068,16.803725237532053
1772937253.467815,15.579653258290238
1772937253.4678233,15.12355613123788
1772937253.4678314,15.74318304744008
1772937253.4678397,16.69371975082555
1772937253.4678483,17.203964729821383
1772937253.4678564,17.402402388875277
1772937253.4678645,17.95611888381935
1772937253.4678729,18.98499340268548
1772937253.467881,19.773030558021116
1772937253.4678895,19.686591096198622
1772937253.467898,19.053609275635537
1772937253.4679062,18.80894267661993
1772937253.4679146,19.37582952158888
1772937253.4679232,20.24842832091781
1772937253.4679315,20.741444671245404
1772937253.4679396,20.809678895648585
1772937253.4679482,20.86625769278034
1772937253.4679563,21.018392475344037
1772937253.467965,20.923156675938255
1772937253.467973,20.448454767428807
1772937253.4679859,20.052511770678375
1772937253.4679987,20.198449879162617
1772937253.4680123,20.643981371592744
1772937253.468021,20.775091639739106
1772937253.4680295,20.629825895176662
1772937253.4680376,21.053105393781006
1772937253.4680457,22.50244908634289
1772937253.468054,24.087450961075955
1772937253.4680622,24.431973588381876
1772937253.4680705,23.49514416733667
1772937253.4680789,22.84460851813163
1772937253.4680872,23.668053593441865
1772937253.4680953,25.001296994205276
1772937253.4681036,24.79150707599293
1772937253.468112,22.761192717657924
1772937253.4681203,21.235753400539863
1772937253.4681287,22.335999235530387
1772937253.4681368,24.88261613124906
1772937253.4681451,25.433300241401906
1772937253.4681723,22.85668921572947
1772937253.468181,20.671598450307574
1772937253.4681892,23.199644804882237
1772937253.468197,29.190389908345033
1772937253.4682057,30.812708265159408
1772937253.4682136,20.66771820069197
1772937253.468222,0.04809175216780023
1772937253.947703,1.4816666140421622
1772937253.947749,1.7407190259307255
1772937253.9477804,1.9977058985591702
1772937253.9478123,2.251954339405892
1772937253.9478433,2.5945865063565305
1772937253.9478707,3.1253707635964565
1772937253.9479048,3.792180416779848
1772937253.947935,4.3791710180932375
1772937253.9479663,4.693163052258556
1772937253.9479988,4.729498159568717
1772937253.9480164,4.6230268838545205
1772937253.9480295,4.4842597409249105
1772937253.9480412,4.3628824981479974
1772937253.9480534,4.356560100253357
1772937253.9480655,4.6250836044530095
1772937253.9480777,5.194101713333099
1772937253.9480896,5.79925822162792
1772937253.948102,6.075853860882567
1772937253.9481144,5.968486627256396
1772937253.9481263,5.862014027177079
1772937253.9481387,6.1882597017388425
1772937253.9481509,6.908866742641349
1772937253.9481633,7.493600661086543
1772937253.9481754,7.4641299589681
1772937253.9481876,6.899604827470022
1772937253.9482,6.341625336526921
1772937253.9482121,6.242931302032581
1772937253.948224,6.59710135190371
1772937253.9482362,7.092079072888249
1772937253.9482484,7.48846136753077
1772937253.9482605,7.754649610978078
1772937253.9482727,7.916572401091997
1772937253.9482844,7.94704559041662
1772937253.9482963,7.8577199139789595
1772937253.948308,7.789414613207223
1772937253.9483256,7.89914972872369
1772937253.9483385,8.183590199112476
1772937253.9483488,8.50491313694357
1772937253.9483593,8.783084358507866
1772937253.94837,9.054261819244793
1772937253.9483805,9.30436187495897
1772937253.9483907,9.37441694559874
1772937253.9484024,9.174439607950914
1772937253.9484136,8.947726483303374
1772937253.9484248,9.127645816871444
1772937253.9484372,9.828458935723603
1772937253.94845,10.594107368513523
1772937253.9484615,10.822897867986281
1772937253.9484737,10.436218702742757
1772937253.948486,9.971689626963881
1772937253.9484992,9.955899208442789
1772937253.9485104,10.331559890350531
1772937253.948521,10.651497863751322
1772937253.948532,10.743796764805575
1772937253.9485438,10.930341937807365
1772937253.9485552,11.503065571081505
1772937253.9485664,12.204540039520321
1772937253.948578,12.485857581366389
1772937253.948589,12.247037391885337
1772937253.9486008,12.050533695188236
1772937253.9486127,12.457279236927905
1772937253.9486237,13.320712980137138
1772937253.9486344,13.97251134710471
1772937253.9486449,14.068389382043415
1772937253.9486558,13.986361615254214
1772937253.948666,14.273970522629602
1772937253.948676,14.912224991932865
1772937253.9486864,15.377317676211288
1772937253.9486964,15.364710196107731
1772937253.9487062,15.151344645562022
1772937253.9487169,15.133241008940198
1772937253.9487276,15.265172863208536
1772937253.9487376,15.237129848643182
1772937253.9487479,15.091016662489661
1772937253.9487586,15.269506965515623
1772937253.94877,15.90749191981491
1772937253.9487813,16.404144245594114
1772937253.948792,16.094356868907415
1772937253.948803,15.287789076980062
1772937253.9488137,15.198417663442033
1772937253.948825,16.589814820120473
1772937253.9488351,18.739016673802375
1772937253.9488463,20.123303823142066
1772937253.9488585,20.108501945348088
1772937253.9488735,19.578469140918532
1772937253.9488888,19.73707915587204
1772937253.948901,20.63519238051194
1772937253.9489133,21.2834459166626
1772937253.9489253,21.085916146650483
1772937253.9489377,20.60720114141181
1772937253.9489555,20.675430121593408
1772937253.9489784,21.152900744567454
1772937253.9489925,21.154824438797586
1772937253.9490054,20.42517191001608
1772937253.9490175,19.873698137708548
1772937253.9490306,20.392865265632434
1772937253.9490435,21.53838460542601
1772937253.9490554,21.99479566031108
1772937253.9490676,21.328023975342592
1772937253.9490795,20.635424258986234
1772937253.9490917,21.093751894050538
1772937253.9491048,22.327027206459253
1772937253.949116,22.900527757838578
1772937253.9491265,22.353971748461124
1772937253.9491365,21.919661141404585
1772937253.9491467,22.75705243777373
1772937253.9491568,24.093297437165596
1772937253.9491675,24.08912485995819
1772937253.949178,22.549436917614127
1772937253.949188,21.66218429030249
1772937253.949198,23.2130647447394
1772937253.9492085,25.70532236252373
1772937253.9492185,25.709632781054477
1772937253.9492288,22.52861720086656
1772937253.9492388,20.20833938857556
1772937253.9492488,23.209825360103853
1772937253.9492593,29.915770056336978
1772937253.9492695,32.02100928132669
1772937253.94928,22.009962632207113
1772937253.9492905,1.404371287669435
1772937254.3870888,-4769.072464102031
1772937254.387143,593.2649876446088
1772937254.3871758,6268.480808805443
1772937254.3872044,4254.840355016044
1772937254.3872328,-2773.837748662105
1772937254.3872614,-5007.234806991767
1772937254.3872902,821.0449039401208
1772937254.3873184,6672.554669768288
1772937254.387347,4280.42416299762
1772937254.3873756,-3184.7842700056917
1772937254.3874044,-5302.628318499043
1772937254.387413,1067.0928319966142
1772937254.3874216,7151.353248660065
1772937254.3874304,4332.283879787579
1772937254.3874395,-3665.050239343971
1772937254.3874476,-5675.792308145087
1772937254.3874562,1338.338853243567
1772937254.387465,7734.807612303767
1772937254.3874736,4427.008333191231
1772937254.387482,-4232.532567777909
1772937254.3874905,-6152.9895177700555
1772937254.3874989,1641.1514141714722
1772937254.387508,8458.322606782116
1772937254.3875163,4578.204963240761
1772937254.3875248,-4924.9950807956175
1772937254.387533,-6781.311074444916
1772937254.3875413,1985.4705390930358
1772937254.38755,9385.36334059859
1772937254.3875582,4819.895260370808
1772937254.3875663,-5792.916541187092
1772937254.3875747,-7634.405274720046
1772937254.3875828,2384.7083946411826
1772937254.3875911,10618.733598736837
1772937254.3875997,5208.854544963773
1772937254.3876078,-6925.964529868276
1772937254.387616,-8850.665794758857
1772937254.3876245,2850.19448858724
1772937254.3876328,12340.352308195066
1772937254.3876412,5858.027861526045
1772937254.3876495,-8484.380381069728
1772937254.387658,-10700.820454308066
1772937254.387666,3396.3455506653236
1772937254.3876748,14934.822325258952
1772937254.3876832,7048.599807362626
1772937254.3876915,-10783.201620564234
1772937254.3877,-13828.15420145674
1772937254.387708,3974.447331883025
1772937254.3877165,19328.553832607096
1772937254.387725,9628.743656473083
1772937254.3877332,-14575.83920046727
1772937254.3877416,-20326.25700625592
1772937254.38775,3928.300070934864
1772937254.3877585,28762.857349690854
1772937254.3877668,18431.489202426776
1772937254.3877752,-21459.06973884526
1772937254.3877833,-46345.614307972595
1772937254.3877916,-26926.469239655526
1772937254.3878,12080.961070599045
1772937254.3878083,21046.153740818463
1772937254.3878164,-10640.644568459038
1772937254.3878248,-37239.9158128705
1772937254.387833,-12659.011585252378
1772937254.3878415,46971.52415135283
1772937254.3878496,74735.63713730004
1772937254.387858,30724.55765198569
1772937254.3878665,-45428.87877819893
1772937254.3878748,-73202.8731603977
1772937254.3878832,-19564.073657225556
1772937254.3878913,64316.49697732827
1772937254.3878996,99411.18642372533
1772937254.387908,62184.107525171625
1772937254.3879163,1569.7405591459444
1772937254.387925,-22637.19455482532
1772937254.3879333,-3285.7071828687535
1772937254.3879414,18728.868866348348
1772937254.3879497,11262.440528950565
1772937254.387958,-13319.529591670924
1772937254.3879664,-21630.37032930024
1772937254.3879745,-4717.1329438774455
1772937254.3879828,13164.40536555093
1772937254.3879912,8844.42762382062
1772937254.3879993,-10180.010531262906
1772937254.3880076,-17960.608353468313
1772937254.388016,-5084.597635561728
1772937254.3880243,10082.776821314548
1772937254.388033,6965.220129986997
1772937254.388041,-9801.368137992962
1772937254.3880494,-16955.163986775333
1772937254.3880627,-3985.9525159284517
1772937254.3880713,11961.149686237037
1772937254.3880787,7582.409780118985
1772937254.3880863,-15515.609099543175
1772937254.3880942,-29975.324115925596
1772937254.388102,-14840.853466764782
1772937254.3881097,17732.946744114914
1772937254.3881173,34270.0030976542
1772937254.3881247,17490.327070308467
1772937254.3881328,-14364.581402759717
1772937254.3881407,-29183.452663233325
1772937254.3881483,-17833.01791237849
1772937254.3881562,-2256.5433820923904
1772937254.3881636,-5335.283893231964
1772937254.3881717,-19733.803221465456
1772937254.3881793,-15690.470564661397
1772937254.3881867,18859.110136177642
1772937254.3881948,54248.57583510628
1772937254.3882024,44997.089940628306
1772937254.3882105,-18332.23477189968
1772937254.3882184,-90125.75885567238
1772937254.3882263,-110189.83546873416
1772937254.388234,-63873.301612722054
1772937254.388242,3128.136831504347
1772937254.3882499,32433.380706699067
1772937254.3882575,11469.751683128303
1772937254.3882656,-20276.7348294296
1772937254.3882732,-20772.42206539082
1772937254.3882809,7878.2955193611915
1772937254.3882885,27515.504082249456
1772937254.3882964,12932.315239674961
1772937254.388304,-18387.66792598694
1772937254.3883116,-29467.07098616419
1772937254.7807932,-7408.968638822135
1772937254.780832,19084.03311172043
1772937254.7808578,17254.544955946083
1772937254.7808845,-5820.034531363977
1772937254.7809112,-18672.704713839743
1772937254.7809377,-6818.945465067014
1772937254.7809644,11414.834402785145
1772937254.780991,11865.573734414951
1772937254.7810175,-3991.042413121205
1772937254.7810442,-13659.516985693072
1772937254.7810671,-5013.419160623633
1772937254.7810917,8746.155914721383
1772937254.7811072,8779.965276551378
1772937254.7811153,-3827.710878018496
1772937254.7811232,-11060.204064035726
1772937254.7811432,-3479.112913032707
1772937254.7811508,7567.185054344179
1772937254.7811587,6712.188934479257
1772937254.7811668,-4168.785229587621
1772937254.781175,-9479.58889275952
1772937254.7811823,-2122.4668906895267
1772937254.7811904,7060.1694818082715
1772937254.7811985,5133.89583867766
1772937254.7812061,-4776.866292915502
1772937254.781214,-8418.338083909532
1772937254.781222,-809.4639086398445
1772937254.78123,6953.259837649327
1772937254.7812378,3777.9205822312592
1772937254.7812457,-5623.688427966783
1772937254.7812536,-7654.420221365055
1772937254.7812614,594.8017953123306
1772937254.7812693,7166.088693033427
1772937254.7812772,2465.162552644102
1772937254.7812848,-6785.31791183789
1772937254.7812924,-7079.258592507504
1772937254.7813003,2267.824939921413
1772937254.7813082,7738.435462077738
1772937254.781316,1020.2151799339578
1772937254.7813237,-8469.419158422113
1772937254.7813315,-6649.410579240918
1772937254.7813396,4523.069348804776
1772937254.7813473,8874.8600310909
1772937254.781355,-826.947320355962
1772937254.7813628,-11193.00501570265
1772937254.781371,-6392.181018911988
1772937254.7813785,8120.878945958983
1772937254.7813864,11254.592196348867
1772937254.7813945,-3711.377803666237
1772937254.781402,-16610.37207841293
1772937254.7814095,-6655.247783880884
1772937254.7814174,15716.08037884319
1772937254.7814252,17979.01016202193
1772937254.7814329,-10078.0829867962
1772937254.7814407,-34255.21033448336
1772937254.7814484,-11993.183451924775
1772937254.7814567,51953.825717159794
1772937254.7814643,100657.78868575266
1772937254.7814722,83908.50443973854
1772937254.78148,14589.836007125394
1772937254.781488,-44403.471798837185
1772937254.7814956,-47810.03970417001
1772937254.7815034,-11319.879961581057
1772937254.7815113,15991.024124244052
1772937254.7815192,10511.302161902435
1772937254.7815273,-7560.906549923399
1772937254.781535,-10777.311367458351
1772937254.7815423,-1481.7954815964504
1772937254.7815504,-1802.9545101236106
1772937254.7815578,-16279.410575998552
1772937254.7815657,-22244.002926686317
1772937254.7815733,-1897.5704585051476
1772937254.7815807,28951.235634011005
1772937254.7815886,36860.23930184603
1772937254.7815964,12383.291765898548
1772937254.781604,-17020.95156292858
1772937254.781612,-20185.017649170808
1772937254.78162,852.0819794799462
1772937254.7816277,16453.15248672989
1772937254.7816355,8108.924316687592
1772937254.7816436,-10315.582204443815
1772937254.7816515,-13865.785802193213
1772937254.78166,444.57300949260036
1772937254.7816725,12036.970499442567
1772937254.7816832,5836.965259843625
1772937254.781694,-8415.052410001774
1772937254.7817051,-11074.09613101347
1772937254.7817168,574.5284719871348
1772937254.781728,9923.113920590273
1772937254.781741,4547.291170986388
1772937254.7817533,-7424.12688435698
1772937254.7817612,-9471.269349605822
1772937254.7817695,633.6417241249829
1772937254.7817771,8623.471443564265
1772937254.7817848,3811.237273497913
1772937254.7817926,-6708.83163297813
1772937254.7818005,-8483.63866456471
1772937254.781808,508.04834688621014
1772937254.7818158,7713.995582037043
1772937254.7818236,3511.9086037696006
1772937254.7818315,-6027.311249692057
1772937254.781839,-7934.346481640251
1772937254.7818465,74.26973356006481
1772937254.7818542,7013.028129939034
1772937254.7818623,3716.819611742234
1772937254.78187,-5171.775472516936
1772937254.7818775,-7848.745630201944
1772937254.7818854,-966.1109006565958
1772937254.7818933,6412.014202978597
1772937254.7819011,4831.452326655759
1772937254.7819088,-3694.5277428345385
1772937254.7819164,-8575.374769131955
1772937254.7819245,-3644.1037942145495
1772937254.781932,5708.343562450784
1772937254.7819397,8621.839089864083
1772937254.7819474,386.73737817936484
1772937254.7819552,-12040.507840435539
1772937254.781963,-14704.9873189988
1772937254.7819707,2441.4956186201994
1772937254.7819784,35569.21125356707
1772937254.7819865,65647.55321361066
1772937254.921213,-6190.862063289969
1772937254.9212592,4566.657791589088
1772937254.921276,8213.070055526385
1772937254.9212868,-411.75689029790465
1772937254.9212968,-9337.694581273445
1772937254.9213057,-6065.401743554751
1772937254.9213145,4963.7472396136045
1772937254.9213228,8402.101204172557
1772937254.9213307,-676.6267716150619
1772937254.9213393,-9756.59500925095
1772937254.9213476,-6119.347640103484
1772937254.921356,5389.817225337311
1772937254.9213643,8822.889165906907
1772937254.9213731,-816.4355432188008
1772937254.9213812,-10371.282223599454
1772937254.9213896,-6468.084392228112
1772937254.9213982,5849.0842179467345
1772937254.9214065,9642.882063777051
1772937254.9214149,-707.5935143441111
1772937254.9214227,-11330.472519777108
1772937254.9214308,-7411.7606054842145
1772937254.9214387,6330.858710982778
1772937254.9214463,11321.542853458375
1772937254.9214544,42.29224638519622
1772937254.921462,-13063.41355431667
1772937254.9214697,-9980.0219983823
1772937254.921478,6706.6838978960295
1772937254.921486,15668.460795049525
1772937254.9214935,3372.3917262707687
1772937254.9215014,-17564.4500828559
1772937254.9215093,-20918.24904580366
1772937254.921517,4583.214752393927
1772937254.9215252,43206.62623952848
1772937254.921533,67814.89284428433
1772937255.4026303,70022.14944419038
1772937255.4026797,35458.10536693332
1772937255.4027076,-1994.2614136887078
1772937255.402736,-17206.457461427897
1772937255.4027646,-9025.482341311988
1772937255.4027927,4745.5665334461055
1772937255.4028215,8208.901104160434
1772937255.4028502,1084.1736711514357
1772937255.402879,-5949.4461069599765
1772937255.4029076,-5218.111821184728
1772937255.4029377,697.4485241676673
1772937255.4029684,4081.040919663878
1772937255.4029827,1525.0772734735906
1772937255.4029942,-3084.4503480966214
1772937255.4030032,-4075.5061257099005
1772937255.4030118,-693.8833990135491
1772937255.4030204,2575.73742392122
1772937255.4030318,1767.5102809365903
1772937255.4030447,-1858.7672918395494
1772937255.4030588,-3637.6724945060796
1772937255.403072,-1394.8081406886402
1772937255.4030812,1895.8413311123056
1772937255.4030898,1969.6654616685507
1772937255.403098,-1236.806639858848
1772937255.4031067,-3497.2250218663858
1772937255.403115,-1812.6905886791178
1772937255.4031231,1597.9331891453546
1772937255.4031315,2171.1920706831693
1772937255.40314,-910.9678930451488
1772937255.403149,-3524.6446411202005
1772937255.4031572,-2088.475629561481
1772937255.4031653,1521.0243528295873
1772937255.4031737,2384.6292215007525
1772937255.403182,-767.0463258505362
1772937255.4031904,-3674.6523883977898
1772937255.4031992,-2280.4281490252465
1772937255.4032073,1606.4246773786597
1772937255.403216,2622.968025077167
1772937255.4032247,-762.1809885252179
1772937255.4032328,-3942.990517499925
1772937255.4032414,-2416.66344808322
1772937255.40325,1848.0352241888793
1772937255.4032583,2911.7787527887235
1772937255.403267,-884.9502380301348
1772937255.4032753,-4351.921595541159
1772937255.4032836,-2507.688536059973
1772937255.403292,2282.9023163512497
1772937255.4033,3286.3509056175294
1772937255.4033084,-1177.214309770733
1772937255.4033167,-4990.612874421426
1772937255.403325,-2557.2946306512877
1772937255.4033337,3042.341094129246
1772937255.403342,3852.3500546113546
1772937255.4033506,-1756.5764308116175
1772937255.4033587,-6112.077182925364
1772937255.4033673,-2578.2867452732075
1772937255.4033754,4527.907509769821
1772937255.4033837,4964.603931367115
1772937255.4033923,-3024.7443056443394
1772937255.4034004,-8737.456248386528
1772937255.4034088,-2759.5715689948306
1772937255.403417,8703.000875124999
1772937255.4034257,9260.673164577624
1772937255.4034336,-6885.686362251534
1772937255.4034424,-24831.589791013255
1772937255.4034512,-24302.316426679656
1772937255.4034595,-3444.878670764456
1772937255.403468,17907.51446316068
1772937255.403476,20182.304155168138
1772937255.4034846,5162.79732117717
1772937255.4034927,-8364.554684134828
1772937255.4035013,-7500.189832365342
1772937255.4035094,1803.3764479856948
1772937255.403518,5596.503526593659
1772937255.403526,241.23038692544773
1772937255.4035344,-5236.373066572622
1772937255.4035428,-3218.9521413660173
1772937255.403551,2479.998608042546
1772937255.4035597,3311.109995244031
1772937255.403568,-1557.3984061941867
1772937255.4035764,-4689.065439203208
1772937255.403585,-1549.5948874897276
1772937255.4035933,3084.4211376509165
1772937255.4036016,2351.989442927733
1772937255.4036098,-2660.749325001278
1772937255.403618,-4576.67029802055
1772937255.4036264,-513.6934109299779
1772937255.4036348,3659.107254539828
1772937255.403643,1784.4318554946342
1772937255.4036515,-3570.205028013592
1772937255.4036596,-4642.127244509861
1772937255.403668,321.60140135084976
1772937255.403676,4285.5631099802085
1772937255.4036844,1375.2583602423929
1772937255.4036925,-4480.987068867572
1772937255.4037008,-4842.229871015695
1772937255.4037087,1131.650582337157
1772937255.403736,5052.326167153927
1772937255.4037442,1041.412050834855
1772937255.4037523,-5535.883143935292
1772937255.403761,-5206.018018751358
1772937255.4037695,2047.1091610269398
1772937255.403783,6102.585940098693
1772937255.4037964,745.5757205026615
1772937255.403808,-6947.754118685678
1772937255.4038165,-5863.162861802354
1772937255.4038248,3247.5334021306635
1772937255.4038332,7761.530100445707
1772937255.4038415,488.8278198558628
1772937255.4038498,-9205.799778312414
1772937255.403858,-7219.483238729464
1772937255.4038663,5180.877971883303
1772937255.4038744,11088.129684088912
1772937255.4038827,406.0089157331544
1772937255.403891,-14142.913436915998
1772937255.4038992,-11238.377830920239
1772937255.4039075,9847.133352058989
1772937255.403916,22857.70571446317
1772937255.403924,2906.9344600299705
1772937255.4039323,-42304.14989287345
1772937255.4039407,-76496.56563641761
1772937255.6802363,-1614.1116515866504
1772937255.6802733,-1325.0850824874801
1772937255.6802995,-156.58816820241114
1772937255.680322,271.96816980603177
1772937255.6803448,-621.5130025686867
1772937255.6803675,-1591.2341633831884
1772937255.6803758,-1298.5434357264696
1772937255.6803844,-158.61705433994462
1772937255.6803923,247.60437142669574
1772937255.6804,-634.7506672230581
1772937255.680408,-1575.7584048011945
1772937255.680416,-1272.8030058300058
1772937255.680424,-152.42995608574526
1772937255.6804323,229.4298127001375
1772937255.6804402,-652.9357502734226
1772937255.680448,-1571.2082880887133
1772937255.680456,-1251.6144062795656
1772937255.680464,-141.0383999365871
1772937255.6804717,217.1466634914463
1772937255.6804795,-673.1174731451566
1772937255.6804876,-1573.383995205272
1772937255.6804955,-1232.1413770554332
1772937255.6805036,-123.57421166387014
1772937255.6805117,211.26866616904968
1772937255.6805196,-693.4912030610601
1772937255.6805274,-1579.3413721689992
1772937255.6805353,-1211.8649914858106
1772937255.6805427,-99.31366132054478
1772937255.6805503,210.3647561879903
1772937255.6805584,-717.4069310806543
1772937255.680566,-1593.9807464684845
1772937255.6805737,-1196.448147019961
1772937255.6805816,-73.07627139393799
1772937255.6805892,212.41421725302376
1772937255.6805973,-743.008735353318
1772937255.6806047,-1612.2682876007307
1772937255.6806123,-1179.9068668989398
1772937255.6806204,-40.46689029087965
1772937255.6806283,218.74689871732704
1772937255.6806357,-771.711013084485
1772937255.6806436,-1636.5738218355152
1772937255.6806514,-1163.5580485656128
1772937255.6806593,-0.866242345512379
1772937255.6806672,231.27178388603522
1772937255.6806748,-801.6837518998021
1772937255.680683,-1666.1105899839122
1772937255.6806903,-1147.8778159513367
1772937255.6806982,44.05128412511991
1772937255.680706,247.18629428819196
1772937255.680714,-836.3801681059904
1772937255.6807218,-1703.7982318946601
1772937255.6807296,-1134.064140217749
1772937255.6807373,94.84374961098703
1772937255.680745,267.59887115223125
1772937255.6807525,-875.2424250845436
1772937255.68076,-1749.458302195729
1772937255.6807675,-1121.4474581019483
1772937255.6807756,152.6686792002409
1772937255.6807833,292.93983112897
1772937255.6807911,-919.4346723770035
1772937255.6807988,-1804.899941760136
1772937255.6808069,-1110.3455753563153
1772937255.6808145,219.9988450545182
1772937255.6808224,327.7318853731628
1772937255.6808302,-965.219203244553
1772937255.6808383,-1872.6863153558215
1772937255.6808465,-1118.626405295304
1772937255.858044,72700.20851173661
1772937255.8580973,38244.6619801147
1772937255.85812,-3101.132853821646
1772937255.8581347,-20840.545345210925
1772937255.8581483,-10390.824163248999
1772937255.8581572,7301.2530329910405
1772937255.8581662,10992.315840521173
1772937255.858175,133.9932247555203
1772937255.8581836,-9501.794492689403
1772937255.858192,-6741.882930968778
1772937255.8582,3056.85789180015
1772937255.858208,6949.766528502026
1772937255.8582163,875.3245988489292
1772937255.8582242,-6561.82428816315
1772937255.858232,-5937.3565677891565
1772937255.8582401,1352.9504292376348
1772937255.8582485,5676.211645784716
1772937255.8582563,1672.579826474038
1772937255.8582647,-5270.4605119280295
1772937255.8582726,-6184.413406040088
1772937255.8582802,94.39910048841593
1772937255.858288,5520.296805155809
1772937255.858296,2993.5951496359744
1772937255.858304,-4562.549532360353
1772937255.858312,-7524.1309132151055
1772937255.8583193,-1528.1764852374642
1772937255.858327,6446.786770079361
1772937255.8583348,5898.541432439493
1772937255.858343,-3989.241387743526
1772937255.8583505,-11619.56070797648
1772937255.8583584,-5598.537869372306
1772937255.858366,10266.0110804683
1772937255.8583739,17133.339008362986
1772937255.8583815,-1021.8254723620755
1772937255.8583891,-38915.37242584275
1772937255.8583965,-70713.17956861557
1772937256.346723,762.1361818905089
1772937256.3467689,-574.4430296847729
1772937256.3467996,-1015.8676683572967
1772937256.346826,-43.16322189046946
1772937256.3468525,908.2279206043894
1772937256.3468788,555.4756244842284
1772937256.3469052,-511.12247353741816
1772937256.346932,-786.8394649121325
1772937256.3469589,33.36077070632807
1772937256.3469872,744.4751429792688
1772937256.3470118,392.7596663007441
1772937256.3470256,-453.401112039813
1772937256.3470368,-604.8656261354005
1772937256.347048,82.03106869153679
1772937256.3470602,601.5858601272525
1772937256.3470733,264.44767630052564
1772937256.3470895,-394.4114612153692
1772937256.3471036,-451.6862903563129
1772937256.347118,114.6917208515359
1772937256.347126,478.1857121906523
1772937256.3471367,166.38119497054072
1772937256.3471532,-330.18172730505125
1772937256.3471675,-318.73089105375715
1772937256.347178,132.47876618314604
1772937256.3471885,363.9919059845938
1772937256.3471992,85.62331406287989
1772937256.34721,-266.3473274098635
1772937256.3472219,-204.31032931148354
1772937256.3472328,137.39360219834222
1772937256.3472445,257.93027399199946
1772937256.3472576,21.66512659271923
1772937256.3472712,-199.09442041723076
1772937256.3472812,-102.57013622880145
1772937256.3472896,132.1105172071997
1772937256.3472977,158.48217901376634
1772937256.347306,-27.145434644244727
1772937256.347314,-127.27094890702004
1772937256.347322,-11.883264407446841
1772937256.3473303,114.79477029037731
1772937256.3473387,60.898297814946275
1772937256.347347,-63.518112847063925
1772937256.3473558,-48.389658945778734
1772937256.3473644,72.72559580149466
1772937256.3473725,87.49462124201843
1772937256.3473809,-37.909593191212046
1772937256.3473887,-93.37462294171547
1772937256.347397,31.859034013068246
1772937256.3474054,146.8082390671979
1772937256.3474135,47.45611810760986
1772937256.3474216,-136.92590671657823
1772937256.34743,-109.88778243432498
1772937256.347438,124.39648563875352
1772937256.3474464,219.8266513457827
1772937256.3474543,-1.9616760668371862
1772937256.3474622,-238.6576244351049
1772937256.3474705,-117.92800287162007
1772937256.3474789,224.2386500974031
1772937256.3474867,286.570438363701
1772937256.3474948,-65.50815577354146
1772937256.3475032,-344.2436276254512
1772937256.3475115,-112.90616266282625
1772937256.34752,338.7090212156874
1772937256.3475285,351.0750443819603
1772937256.3475363,-144.6184559825808
1772937256.347545,-456.18650856764896
1772937256.3475533,-93.19260160295666
1772937256.3475616,472.41000383290486
1772937256.3475697,414.71455659298323
1772937256.347578,-243.87954434317257
1772937256.347586,-580.210680500893
1772937256.3475945,-59.787584627990846
1772937256.347603,627.5176025326404
1772937256.3476117,475.79474489363713
1772937256.34762,-370.9230104636282
1772937256.347628,-722.6905711264778
1772937256.3476367,-10.555026238689432
1772937256.3476443,811.361603989199
1772937256.347653,536.8089878271309
1772937256.3476613,-530.2461280504272
1772937256.3476694,-884.9047387196421
1772937256.347678,64.44421977797523
1772937256.3476863,1036.176364747959
1772937256.3476942,594.8865145141401
1772937256.3477025,-741.3210930075895
1772937256.3477108,-1081.5961597877274
1772937256.3477192,174.1420925204165
1772937256.3477273,1324.0324114867358
1772937256.347736,655.7440638994696
1772937256.347744,-1023.297237904436
1772937256.3477523,-1328.4974983398427
1772937256.3477607,334.7354326904349
1772937256.3477688,1707.5163260511576
1772937256.347777,722.7238416249236
1772937256.3477857,-1413.6091999909647
1772937256.3477936,-1653.9802300780962
1772937256.3478017,576.2352155194292
1772937256.34781,2244.9652922714936
1772937256.347818,796.1290588593097
1772937256.347826,-1993.07995307241
1772937256.347834,-2121.82024677244
1772937256.3478427,956.2036534530744
1772937256.347851,3061.27180969638
1772937256.347859,885.9893889902444
1772937256.347867,-2929.489239023744
1772937256.347875,-2870.501679831648
1772937256.3478832,1614.645730113212
1772937256.3478918,4469.275347766307
1772937256.3479,1025.1573546571406
1772937256.3479085,-4676.720077930495
1772937256.3479164,-4309.232933811715
1772937256.3479247,2966.942136152627
1772937256.3479328,7512.586174231398
1772937256.3479407,1371.795417940125
1772937256.3479629,-9038.30960558732
1772937256.3479707,-8410.953831602708
1772937256.3479788,6968.225374565383
1772937256.3479867,18938.627514609067
1772937256.3479946,4360.481826850541
1772937256.348003,-36510.9248721927
1772937256.3480108,-73738.01955653903
1772937256.8233244,-418.45206608522926
1772937256.823367,-696.2547502091292
1772937256.8233943,27.1204472380057
1772937256.8234217,729.9930641423188
1772937256.8234496,401.46697330691563
1772937256.8234773,-505.5147376739668
1772937256.8235052,-697.0238380503082
1772937256.8235328,117.75174001914077
1772937256.8235607,787.1290691993619
1772937256.8235881,343.39797511790835
1772937256.823616,-599.6395704966835
1772937256.8236437,-694.203018372327
1772937256.8236525,216.80628781756806
1772937256.823661,843.9134018500056
1772937256.8236692,274.0315141886491
1772937256.8236773,-701.9509620522784
1772937256.8236854,-684.4830610092906
1772937256.8236938,330.27273339545775
1772937256.8237023,904.3249302208932
1772937256.8237104,193.77658053041995
1772937256.8237183,-811.9325777037691
1772937256.8237264,-663.6922031825378
1772937256.8237345,463.4277925043353
1772937256.823743,968.2143421258969
1772937256.8237514,94.93199080342241
1772937256.8237596,-938.9489666630235
1772937256.8237677,-635.6591738602835
1772937256.8237758,617.9402273356989
1772937256.823784,1036.7803603478374
1772937256.8237925,-24.18565014216397
1772937256.8238003,-1082.6422727942597
1772937256.823809,-594.2675114616452
1772937256.8238168,799.1868266442074
1772937256.8238251,1103.611676218799
1772937256.8238332,-181.60103404477147
1772937256.823841,-1257.000182440574
1772937256.8238494,-535.1335618848417
1772937256.8238575,1024.6149056384984
1772937256.823866,1179.962709413214
1772937256.823874,-380.4490414360658
1772937256.823882,-1465.6283543374786
1772937256.82389,-446.94390900856035
1772937256.823898,1311.5958498572838
1772937256.8239062,1264.2220527710745
1772937256.8239143,-646.11793368848
1772937256.8239224,-1728.0101334772341
1772937256.8239305,-315.0772874481579
1772937256.8239381,1692.3480297874985
1772937256.8239465,1359.4808776930013
1772937256.8239543,-1016.7866548256171
1772937256.8239625,-2072.9883745709317
1772937256.8239703,-107.71453427621886
1772937256.823979,2230.4516159298305
1772937256.8239868,1472.79121435379
1772937256.8239949,-1569.3282472239505
1772937256.8240032,-2566.0876600957467
1772937256.824011,226.66663941856055
1772937256.8240192,3044.676120601565
1772937256.8240275,1610.738039793567
1772937256.8240356,-2472.8236326519304
1772937256.8240435,-3346.2965875337163
1772937256.8240516,829.0077713277531
1772937256.82406,4451.542673682567
1772937256.824068,1810.8446858408513
1772937256.824076,-4180.354211064024
1772937256.8240843,-4828.563494265415
1772937256.8240924,2106.2546579354603
1772937256.8241007,7490.830606715608
1772937256.8241088,2235.0905851174466
1772937256.8241172,-8488.135310550131
1772937256.8241253,-8980.786464511348
1772937256.8241332,6015.443191053134
1772937256.8241472,18911.956708076068
1772937256.8241572,5322.164075440807
1772937256.82417,-35885.244822659435
1772937256.8241827,-74346.3895811008
1772937256.824195,-75945.76390454514
1772937256.8242078,-38386.48761972727
1772937256.824219,5518.790684747398
1772937256.8242269,21540.783100738663
1772937256.8242345,7303.085638207227
1772937256.824242,-10910.300021788817
1772937256.82425,-10885.076234094242
1772937256.824258,2840.4062042935125
1772937256.8242657,10282.151473851496
1772937256.824273,3078.593205380928
1772937256.8242807,-7133.935216800721
1772937256.8242884,-6493.03187472458
1772937256.8242965,2870.970467170567
1772937256.824304,7457.803578864001
1772937256.8243115,1461.2354115010053
1772937256.8243194,-6105.476829056915
1772937256.8243268,-4714.79803412044
1772937256.8243349,3219.1087355499203
1772937256.8243425,6346.137896447803
1772937256.82435,453.9886960247024
1772937256.8243577,-5925.046832999273
1772937256.8243654,-3758.0357285466725
1772937256.8243732,3802.6337626856957
1772937256.824381,5966.810380152928
1772937256.8243887,-414.85266489629095
1772937256.8243964,-6306.9599065870325
1772937256.8244042,-3178.099881533406
1772937256.824412,4756.600724296013
1772937256.8244197,6145.867566081319
1772937256.8244276,-1422.7548262600926
1772937256.8244352,-7419.645958066805
1772937256.824443,-2831.8267312146054
1772937256.8244517,6532.447634456823
1772937256.8244593,7172.115963934231
1772937256.8244667,-3041.568718902141
1772937256.8244743,-10244.587337019519
1772937256.824482,-2801.563989124382
1772937256.82449,10923.420379807148
1772937256.8244977,10946.007100898702
1772937256.824505,-7269.001334117524
1772937256.8245127,-21504.28883748505
1772937256.8245206,-5477.846777988423
1772937256.8245285,38427.09555657582
1772937256.824536,75975.86769778538
1772937257.3027914,806.650090338995
1772937257.3028333,-1929.9606018821978
1772937257.302856,-1934.6308163361653
1772937257.3028843,732.1723451861429
1772937257.3029108,2324.900778135352
1772937257.302941,667.672917746095
1772937257.3029604,-1877.032437486523
1772937257.302982,-1770.0782255036593
1772937257.3030028,788.2100807767184
1772937257.3030171,2209.2336532498293
1772937257.303026,545.5663558290198
1772937257.3030345,-1843.2874581204862
1772937257.3030431,-1633.534604406718
1772937257.3030515,841.9317784721973
1772937257.3030598,2113.5303408031878
1772937257.3030684,434.1509670445585
1772937257.303077,-1822.2610374500496
1772937257.3030856,-1512.730350365493
1772937257.303094,900.5990178027707
1772937257.3031025,2037.3652612908297
1772937257.3031106,330.77709943513526
1772937257.3031187,-1814.4882289999189
1772937257.3031273,-1407.882697785121
1772937257.303136,961.0445382183378
1772937257.3031445,1976.1252912843227
1772937257.3031528,234.51247898917367
1772937257.3031611,-1815.0141098250942
1772937257.30317,-1311.788074043447
1772937257.3031783,1027.4516525206543
1772937257.303187,1929.542599796753
1772937257.3031955,143.05038996485132
1772937257.3032038,-1826.359164322403
1772937257.3032126,-1228.3368263866178
1772937257.303221,1093.0546075661355
1772937257.303229,1889.8040588293318
1772937257.303238,52.20380505832157
1772937257.303246,-1845.9456103284722
1772937257.3032544,-1149.7473613084921
1772937257.3032627,1166.1045360079927
1772937257.3032713,1861.9238437690046
1772937257.3032796,-36.6397406308814
1772937257.3032875,-1874.4593209025868
1772937257.303296,-1077.8352817457733
1772937257.3033047,1243.4435517540799
1772937257.303313,1841.6448966940193
1772937257.3033211,-126.97030299733854
1772937257.3033297,-1912.3299027764126
1772937257.303338,-1009.6643374167446
1772937257.303346,1328.9308006084473
1772937257.3033545,1830.641665333035
1772937257.3033624,-220.20534315138474
1772937257.3033707,-1962.236048821423
1772937257.3033793,-946.9291049055392
1772937257.3033876,1422.1452176317714
1772937257.303396,1828.525789730642
1772937257.3034043,-316.9938773669433
1772937257.303413,-2023.4614738204973
1772937257.3034215,-886.2315240417817
1772937257.30343,1527.5839711644292
1772937257.3034384,1837.4329566674885
1772937257.303447,-418.80314895979336
1772937257.3034554,-2098.1109154875335
1772937257.3034637,-826.515012217568
1772937257.303472,1649.087717604702
1772937257.3034806,1859.4354667917444
1772937257.3034894,-528.405199813392
1772937257.3034976,-2191.260605855065
1772937257.303506,-770.2743371523018
1772937257.3035145,1787.2415107238548
1772937257.3035228,1893.53351729149
1772937257.3035312,-651.1135514595383
1772937257.3035395,-2307.9146152220046
1772937257.303548,-715.2122798733542
1772937257.303556,1950.92768681304
1772937257.3035643,1945.6579027408613
1772937257.3035724,-790.8562890972622
1772937257.303581,-2456.289404780181
1772937257.303589,-661.9659559030066
1772937257.3035977,2149.35705863705
1772937257.3036056,2023.2950024947174
1772937257.303614,-952.1262604538394
1772937257.3036225,-2646.6640472841877
1772937257.303631,-611.3057126529361
1772937257.3036394,2393.209490440578
1772937257.3036475,2131.1474353026965
1772937257.303656,-1149.7674992534105
1772937257.3036644,-2899.8980576189915
1772937257.3036726,-562.1713093125445
1772937257.303681,2709.6298123759107
1772937257.3036892,2290.92584655804
1772937257.3036976,-1396.0257566634548
1772937257.3037057,-3244.8116909071355
1772937257.3037138,-513.3963649294933
1772937257.3037221,3140.207767356257
1772937257.3037305,2532.7809337733815
1772937257.3037388,-1723.0154057021543
1772937257.3037517,-3746.285800685229
1772937257.303765,-475.8198131389008
1772937257.3037775,3753.2834941146907
1772937257.3037856,2910.0175649644057
1772937257.303794,-2192.4104387274942
1772937257.3038025,-4525.205791019177
1772937257.3038104,-449.8434056993537
1772937257.3038187,4726.816991290904
1772937257.3038273,3567.836415358035
1772937257.3038352,-2941.8761547555478
1772937257.3038435,-5895.292413941607
1772937257.303852,-471.21991836071015
1772937257.3038604,6510.730243291864
1772937257.3038688,4912.275792197637
1772937257.303877,-4386.603014291477
1772937257.3038855,-8895.822004933303
1772937257.3038936,-692.6609777461505
1772937257.303902,10910.167071656624
1772937257.3039105,8912.113063011673
1772937257.3039188,-8487.747402449198
1772937257.303927,-20276.123556885646
1772937257.3039353,-3547.0405019647947
1772937257.3039436,38414.11115869071
1772937257.303952,74090.75641346235
1772937257.5236804,1376.0593912625784
1772937257.5237243,185.04036357740966
1772937257.5237556,794.529379829621
1772937257.5237823,2399.4080738791276
1772937257.5238252,2764.5838083411977
1772937257.5238345,1333.9243459933798
1772937257.5238433,69.27597072609919
1772937257.523852,764.8594141177223
1772937257.5238595,2508.060268190983
1772937257.5238678,2872.3091556243326
1772937257.5238757,1289.7224891839735
1772937257.523884,-76.02820712719314
1772937257.523892,718.6548000733596
1772937257.5239,2640.0839714542994
1772937257.523908,3014.722023916623
1772937257.5239158,1241.0155175513416
1772937257.5239236,-266.1550184403688
1772937257.5239315,645.4235115450048
1772937257.5239396,2804.0897245322894
1772937257.5239477,3208.5857217607086
1772937257.523955,1188.0363746690919
1772937257.5239627,-520.961831603338
1772937257.5239708,533.174330758083
1772937257.5239787,3019.6650352488778
1772937257.523986,3486.151045504841
1772937257.523994,1131.5628801078067
1772937257.5240016,-879.3513803925722
1772937257.5240097,353.5664011757033
1772937257.5240176,3316.2387515478026
1772937257.5240257,3904.6236811677068
1772937257.5240333,1073.8623228091315
1772937257.5240412,-1414.9095008950578
1772937257.5240488,51.28774163542351
1772937257.524057,3754.0927958138245
1772937257.5240653,4584.308767872485
1772937257.524073,1019.1226395604642
1772937257.5240808,-2296.777494576064
1772937257.5240884,-511.50198529232443
1772937257.524096,4468.84524497422
1772937257.524104,5828.248783372658
1772937257.5241115,994.1632840014107
1772937257.5241196,-3973.83493122943
1772937257.5241272,-1733.8892423979994
1772937257.5241356,5877.917139861321
1772937257.524144,8671.298413438171
1772937257.5241525,1151.1092241498163
1772937257.52416,-8240.089713787705
1772937257.5241683,-5570.492706132365
1772937257.524176,9943.325631463213
1772937257.5241835,19849.41772237849
1772937257.5241911,3913.6294851574153
1772937257.5241988,-35579.41147514325
1772937257.5242064,-70549.63202054494
1772937258.0017796,0.30201316275433326
1772937258.0018115,0.24318095306826853
1772937258.00183,0.7892737968822239
1772937258.0018463,1.6458532587630517
1772937258.0018628,1.9132296891858114
1772937258.0018795,1.4229418258513034
1772937258.001896,1.0678468568218995
1772937258.0019128,1.620549014226237
1772937258.0019293,2.630228320113154
1772937258.0019457,2.9397845197303405
1772937258.0019622,2.1979561596893937
1772937258.0019672,1.3675746957197863
1772937258.0019724,1.528144381922587
1772937258.0019777,2.527297068697064
1772937258.0019827,3.237304601181435
1772937258.0019877,3.0510834330938086
1772937258.0019927,2.6377843172119966
1772937258.0019977,2.9991060033039796
1772937258.0020027,4.123253105372832
1772937258.0020075,5.0172277348155205
1772937258.0020125,5.023732507601523
1772937258.0020173,4.645518527808383
1772937258.0020225,4.819789553442977
1772937258.0020273,5.664605057708503
1772937258.002032,6.361949648266029
1772937258.0020373,6.271317986937004
1772937258.002042,5.760680080519792
1772937258.0020473,5.7050365311417
1772937258.0020533,6.394674470292179
1772937258.0020578,7.279889558344659
1772937258.0020628,7.758780374674554
1772937258.0020673,7.864562454437145
1772937258.0020723,8.012469928991406
1772937258.002077,8.331928264543981
1772937258.002082,8.57570221920994
1772937258.0020869,8.628292485912207
1772937258.0020916,8.746094014524486
1772937258.002097,9.136781834925975
1772937258.0021017,9.551127295731959
1772937258.0021064,9.586663220844923
1772937258.0021112,9.321406172219293
1772937258.002116,9.315699037838652
1772937258.0021207,9.870302821662756
1772937258.0021255,10.544504297126235
1772937258.0021305,10.676393367568764
1772937258.0021353,10.27418625975366
1772937258.0021403,10.06127209328166
1772937258.0021453,10.54859479891998
1772937258.00215,11.340151037263295
1772937258.0021553,11.61275291354357
1772937258.00216,11.160679815719938
1772937258.0021648,10.642128061519525
1772937258.00217,10.728062277293944
1772937258.0021749,11.295580619302582
1772937258.0021799,11.695911299466324
1772937258.0021849,11.661814872545467
1772937258.0021896,11.612047288366677
1772937258.0021944,12.006991763358101
1772937258.0021992,12.706936997958204
1772937258.002204,13.202633154027593
1772937258.0022087,13.32545344404221
1772937258.0022137,13.414964402707813
1772937258.0022185,13.763819483006763
1772937258.0022233,14.204418451341315
1772937258.002228,14.44289075214849
1772937258.0022328,14.59984288306203
1772937258.0022376,15.088549105845505
1772937258.0022423,15.95349816785103
1772937258.002247,16.65652097456204
1772937258.002252,16.721572927381022
1772937258.002257,16.396922602876664
1772937258.0022616,16.372974365996114
1772937258.002267,16.86397716746953
1772937258.0022714,17.283061826445465
1772937258.0022764,16.987001883448954
1772937258.0022807,16.130248957962863
1772937258.0022857,15.517549744168576
1772937258.0022905,15.684965816597133
1772937258.0022955,16.417637750715283
1772937258.0023003,17.217600190154595
1772937258.0023048,17.918660908238802
1772937258.0023096,18.5848647016644
1772937258.0023143,19.027003913215623
1772937258.0023193,18.883072641813907
1772937258.002324,18.27747825594864
1772937258.0023289,18.002522404031286
1772937258.0023336,18.687165348466433
1772937258.0023386,19.93876821982497
1772937258.0023432,20.721805398424333
1772937258.002348,20.6387605248116
1772937258.0023527,20.432729060343185
1772937258.0023575,20.960352207805563
1772937258.0023623,21.98619691357629
1772937258.002367,22.494747837953145
1772937258.0023718,22.150316322093815
1772937258.0023766,21.846289806666288
1772937258.0023813,22.457489187618297
1772937258.002386,23.483640946640758
1772937258.002391,23.611145072254413
1772937258.002396,22.60215446558773
1772937258.002401,21.870753796664605
1772937258.002406,22.694288907011327
1772937258.002411,24.337367245719733
1772937258.0024157,24.798832582707266
1772937258.0024204,23.45796796908517
1772937258.002425,22.087590486702418
1772937258.0024297,22.616722295521203
1772937258.0024347,24.462702557482253
1772937258.0024395,25.170816979043888
1772937258.0024445,23.797367723500653
1772937258.0024495,22.477777589245793
1772937258.0024543,23.662284933627006
1772937258.002459,26.425567350731935
1772937258.0024636,27.138088354713283
1772937258.0024686,24.3673869845058
1772937258.0024734,21.71159426450808
1772937258.0024781,23.88502975848374
1772937258.002483,29.812204803755705
1772937258.002488,31.389675562505786
1772937258.0024924,20.909581296136196
1772937258.481341,1.0649487136584939
1772937258.4813795,1.5114231032225363
1772937258.4814055,2.5627487681872574
1772937258.481428,3.8731074856555083
1772937258.4814508,4.694619939928047
1772937258.4814737,4.719698494792417
1772937258.4814963,4.389607386287124
1772937258.4815192,4.305361902369768
1772937258.4815419,4.549559943097288
1772937258.4815643,4.767731136655327
1772937258.4815867,4.769159415829328
1772937258.481602,4.74314842500788
1772937258.4816098,4.84617496427971
1772937258.4816177,4.889180409253448
1772937258.4816253,4.692615937771196
1772937258.4816334,4.597987783440272
1772937258.4816458,5.242020445277784
1772937258.4816563,6.694680353581413
1772937258.4816673,8.098751437639327
1772937258.481678,8.470360793749677
1772937258.4816892,7.806565682662571
1772937258.481701,7.114407553165051
1772937258.4817128,7.258223117250246
1772937258.481726,8.022570156553035
1772937258.4817355,8.528061956504025
1772937258.4817433,8.415364365235913
1772937258.4817512,8.264126924202674
1772937258.4817593,8.759799749810842
1772937258.4817667,9.752997873329381
1772937258.4817743,10.430425620468862
1772937258.4817824,10.306219922308758
1772937258.4817903,9.708802349721093
1772937258.481798,9.214438965091476
1772937258.481806,8.917016695512121
1772937258.4818137,8.543611115074844
1772937258.4818215,8.139366719018948
1772937258.4818292,8.214329461956966
1772937258.481837,9.04668534440858
1772937258.481845,10.122709541196953
1772937258.481853,10.60751859299504
1772937258.4818609,10.335591592470493
1772937258.4818685,10.017412249858873
1772937258.4818764,10.32965033304007
1772937258.4818845,11.037280445685738
1772937258.4818923,11.293776606116088
1772937258.4819,10.747961239158096
1772937258.4819078,10.042955945023508
1772937258.4819157,10.079981137294853
1772937258.4819236,10.981207903452276
1772937258.4819348,12.004364449039908
1772937258.481943,12.416675446736983
1772937258.4819503,12.210525053246622
1772937258.4819582,11.909553261420061
1772937258.481966,11.908328161117874
1772937258.4819741,12.199922759872008
1772937258.4819818,12.621790890666878
1772937258.4819896,13.075843001216283
1772937258.4819973,13.447256911591293
1772937258.482005,13.558924410887368
1772937258.4820125,13.419541433863559
1772937258.4820204,13.400852675198676
1772937258.4820278,13.892690785354654
1772937258.4820356,14.728092267001367
1772937258.4820433,15.18387721289448
1772937258.4820511,14.746693747579677
1772937258.4820588,13.78732235347254
1772937258.4820664,13.262188287380221
1772937258.4820743,13.725280400245994
1772937258.4820817,14.806614544976162
1772937258.4820893,15.730712567427842
1772937258.482097,16.16701128608179
1772937258.4821043,16.39398253876985
1772937258.482112,16.745841132681083
1772937258.482124,17.19178031310359
1772937258.4821367,17.53216641593675
1772937258.482149,17.747586231835633
1772937258.4821594,17.917234129840473
1772937258.482167,17.92094861661762
1772937258.4821749,17.54718540182961
1772937258.4821825,16.959142774559748
1772937258.48219,16.752771447247035
1772937258.4821975,17.30025526989495
1772937258.4822052,18.18333792728478
1772937258.4822133,18.60623087908252
1772937258.482221,18.391503944905782
1772937258.4822285,18.23014753528482
1772937258.4822364,18.741660547896565
1772937258.4822443,19.55723024574343
1772937258.482252,19.74297300038751
1772937258.4822595,19.09536208432649
1772937258.4822671,18.539781688570613
1772937258.4822752,18.967965455035454
1772937258.4822829,20.009519301347442
1772937258.4822905,20.45726525500851
1772937258.4822984,19.87092572022823
1772937258.4823065,19.196184872861497
1772937258.482314,19.490242211792065
1772937258.482322,20.465323694375954
1772937258.4823296,20.907851825759515
1772937258.4823375,20.45156938240604
1772937258.482345,20.18166501204145
1772937258.4823527,21.07174433955988
1772937258.4823604,22.390649332108545
1772937258.4823685,22.51575665829692
1772937258.482376,21.29304671515639
1772937258.4823847,20.617323589180565
1772937258.4823928,22.022606955811476
1772937258.4824004,24.310902059297412
1772937258.4824083,24.716954217839348
1772937258.482416,22.556847475691924
1772937258.4824235,20.547681814688193
1772937258.4824312,21.526759659915246
1772937258.482439,24.479094557740286
1772937258.482447,25.40622815395344
1772937258.4824543,22.64944768692798
1772937258.482462,19.906682500360315
1772937258.4824698,22.104090228515687
1772937258.4824777,28.184965204585495
1772937258.4824853,29.867410198487924
1772937258.4824927,19.357872610307925
1772937258.9621792,1.1588349499558972
1772937258.9622197,1.1390361454083842
1772937258.9622548,0.8333386472592184
1772937258.9622812,0.5563086427313801
1772937258.962308,0.48414757748734427
1772937258.96233,0.6137936298358881
1772937258.9623563,0.8581822816974963
1772937258.9623833,1.111777340684983
1772937258.9624097,1.2618383981305497
1772937258.9624364,1.2220454266652132
1772937258.9624631,0.9974601646378315
1772937258.9624896,0.7015345638501185
1772937258.962498,0.48628756558494296
1772937258.962506,0.44738429820089554
1772937258.962514,0.5812624694803781
1772937258.9625218,0.8063867230403757
1772937258.96253,1.0245413948455235
1772937258.962538,1.2046176332663363
1772937258.9625456,1.442313257221359
1772937258.9625535,1.906097241104044
1772937258.962562,2.655232014955952
1772937258.96257,3.5004414568956475
1772937258.9625783,4.121760457168561
1772937258.9625862,4.395660058236031
1772937258.9625947,4.571557199126422
1772937258.9626024,5.021868445872145
1772937258.9626105,5.781386565301335
1772937258.9626184,6.4184243062269735
1772937258.9626267,6.461098103889374
1772937258.9626343,5.941234191318692
1772937258.9626424,5.42327076320174
1772937258.9626503,5.453101877990482
1772937258.962658,6.035148607788729
1772937258.9626784,6.701184788404768
1772937258.962686,7.03216109317361
1772937258.9626937,7.010331504804076
1772937258.9627013,6.877353362383513
1772937258.9627092,6.802990456004381
1772937258.9627168,6.805547568700688
1772937258.9627244,6.9145557826682325
1772937258.9627323,7.224225698020073
1772937258.96274,7.721688785440646
1772937258.9627476,8.184492093915132
1772937258.962756,8.378846549376957
1772937258.9627635,8.331461265392447
1772937258.9627712,8.291956098487207
1772937258.962779,8.424326461996227
1772937258.962787,8.664922347311556
1772937258.9627943,8.943352424667072
1772937258.9628026,9.397687321259266
1772937258.9628108,10.180819106666995
1772937258.9628189,11.079874824280513
1772937258.9628265,11.564519733420111
1772937258.9628344,11.367060433709437
1772937258.962842,10.891490267697867
1772937258.9628499,10.823806828613412
1772937258.9628572,11.328507637371942
1772937258.962865,11.85081226648436
1772937258.9628725,11.839598134772631
1772937258.9628804,11.4870444831652
1772937258.962888,11.492269938113838
1772937258.9628956,12.123195558540132
1772937258.9629033,12.82769281191094
1772937258.962911,12.95798046774713
1772937258.9629188,12.66104320638008
1772937258.9629264,12.699475490609482
1772937258.962934,13.384953912335252
1772937258.9629416,14.066261205959922
1772937258.962949,13.944371146637845
1772937258.9629564,13.187895331475763
1772937258.9629643,12.82139078542954
1772937258.962972,13.442221552728439
1772937258.9629796,14.435308241855559
1772937258.9629872,14.775422032756197
1772937258.9629948,14.402860480130581
1772937258.9630032,14.332206502228988
1772937258.9630108,15.297881801222669
1772937258.9630187,16.72056040217673
1772937258.9630263,17.40767216236758
1772937258.963034,17.095107534815348
1772937258.9630415,16.77055925319177
1772937258.9630494,17.318914314865218
1772937258.9630573,18.299579931420933
1772937258.963065,18.52751120187822
1772937258.9630725,17.706292533538885
1772937258.9630802,16.903957612575503
1772937258.963088,17.188495421932693
1772937258.9630954,18.2358509610561
1772937258.9631033,18.796016725925302
1772937258.9631107,18.400983362831422
1772937258.9631183,17.998620040109873
1772937258.963126,18.64403524168911
1772937258.9631338,20.035539517100162
1772937258.9631417,20.904263810504123
1772937258.963149,20.712781385644107
1772937258.9631567,20.29819892323454
1772937258.963164,20.571025867297585
1772937258.9631715,21.14577632175387
1772937258.9631793,20.931430677068807
1772937258.9631872,19.913880840418937
1772937258.9631948,19.50663245478453
1772937258.9632025,20.715586764095338
1772937258.96321,22.552024569028838
1772937258.9632177,23.095923527629036
1772937258.9632256,22.05043993857028
1772937258.9632332,21.30558258997085
1772937258.9632409,22.447027296499595
1772937258.9632487,24.394416825448705
1772937258.9632564,24.57500749618651
1772937258.963264,22.429196953249214
1772937258.9632716,20.554331310693815
1772937258.9632792,21.50515919251038
1772937258.9632869,24.163216114956864
1772937258.9632947,24.80206936545006
1772937258.9633024,22.149411904495675
1772937258.9633105,19.952627100544124
1772937258.963318,22.78141890068799
1772937258.9633265,29.24836071031519
1772937258.963334,31.148860574265463
1772937258.9633417,20.99474243553224
1772937259.4433968,2.2016136216449325
1772937259.4434376,2.5487133360763563
1772937259.4434636,3.4084229662464733
1772937259.4434903,4.1591855807696465
1772937259.4435167,4.185267139822832
1772937259.4435432,3.7271975045753227
1772937259.44357,3.5874248550658185
1772937259.4435964,4.049886500785238
1772937259.443623,4.471420447853461
1772937259.4436495,4.144357743282897
1772937259.44368,3.3166330272963016
1772937259.4437118,2.9876144704809358
1772937259.44372,3.683234000746732
1772937259.443728,4.77812809652207
1772937259.4437358,5.256410114449888
1772937259.4437435,4.951594428448095
1772937259.443751,4.696953385716231
1772937259.4437592,5.231183858937097
1772937259.4437673,6.280608341047648
1772937259.4437752,6.953480941925693
1772937259.4437835,6.875900058069413
1772937259.4437914,6.613088531412185
1772937259.4437995,6.920243253332971
1772937259.4438074,7.846306654827304
1772937259.4438155,8.771488986356738
1772937259.4438236,9.17903040812228
1772937259.4438312,9.1183890978324
1772937259.4438393,8.910655357603035
1772937259.4438472,8.690084448555245
1772937259.4438548,8.430740970130431
1772937259.4438627,8.265250445423257
1772937259.4438703,8.480325695212018
1772937259.443878,9.142160942974323
1772937259.443886,9.933655718497347
1772937259.443894,10.498391319028695
1772937259.4439015,10.819031530897446
1772937259.4439096,11.086641157298981
1772937259.4439175,11.280221334391522
1772937259.4439251,11.133054249054855
1772937259.4439332,10.585616413932629
1772937259.4439409,10.035802895882961
1772937259.4439485,9.915410790343968
1772937259.4439564,10.124660315222066
1772937259.4439642,10.181156303350255
1772937259.443972,9.983613551508773
1772937259.44398,10.125066376036319
1772937259.4439876,11.173449704838577
1772937259.4439957,12.768008144409523
1772937259.444003,13.800621699326141
1772937259.444011,13.623025743332816
1772937259.4440188,12.810978957075458
1772937259.4440265,12.471227736528514
1772937259.4440343,12.926303373107114
1772937259.444042,13.44406639927874
1772937259.4440503,13.331081883825117
1772937259.444058,12.914906724067654
1772937259.444066,13.09219939632565
1772937259.4440737,14.049020175882134
1772937259.4440813,14.897470366674437
1772937259.4440887,14.76907026328455
1772937259.4440966,13.944498338426413
1772937259.4441044,13.512755983424316
1772937259.444112,13.9842909050247
1772937259.4441197,14.668204749283852
1772937259.4441276,14.615552688050345
1772937259.4441357,13.872404149665174
1772937259.4441433,13.408044653508162
1772937259.4441507,13.853574360372571
1772937259.4441586,14.723239703792775
1772937259.4441662,15.087305156981165
1772937259.444174,14.73810144548326
1772937259.4441817,14.327503617861899
1772937259.4441893,14.41262039749833
1772937259.4441967,14.769842195255478
1772937259.4442046,14.841397522228203
1772937259.4442122,14.574278799489283
1772937259.4442196,14.455632745966705
1772937259.4442272,14.78086894922256
1772937259.444235,15.277940653603217
1772937259.4442427,15.618028050143982
1772937259.44425,15.992354333481762
1772937259.444258,16.82756755171151
1772937259.4442656,18.01892339256646
1772937259.4442735,18.86103841368015
1772937259.444281,18.913525526610044
1772937259.4442887,18.644473422264724
1772937259.4442966,18.88485855172854
1772937259.4443045,19.743829291174745
1772937259.444312,20.441681813679214
1772937259.44432,20.319602014356533
1772937259.444328,19.685945074799836
1772937259.4443357,19.3822743633165
1772937259.444343,19.70942709527111
1772937259.444351,20.193190715501448
1772937259.4443588,20.418293938608205
1772937259.4443667,20.621083625395972
1772937259.4443743,21.14301256872365
1772937259.4443827,21.629801649303793
1772937259.4443903,21.360079511991156
1772937259.444398,20.420735326071565
1772937259.444406,19.974302613922585
1772937259.4444137,20.92203737938356
1772937259.4444215,22.616126576585874
1772937259.4444292,23.528556764592047
1772937259.4444373,23.218954010336464
1772937259.444445,22.945177026277317
1772937259.4444525,23.868647766923946
1772937259.4444606,25.185803149678943
1772937259.4444685,24.970318367649114
1772937259.444476,22.934849295198006
1772937259.4444835,21.32341422250308
1772937259.4444911,22.201888172858265
1772937259.4444993,24.393473871985723
1772937259.4445066,24.513652073545458
1772937259.4445143,21.557235972991307
1772937259.444522,19.216543034551275
1772937259.4445295,21.91925919112313
1772937259.4445372,28.327682882451263
1772937259.4445448,30.365282964840073
1772937259.4445524,20.4486856503587
1772937259.44456,-0.0733028962760036
1772937259.9237113,1.594245946020278
1772937259.9237545,0.6527283067744447
1772937259.923781,-0.14615426519464017
1772937259.9238076,-0.13429375434404212
1772937259.923834,0.5426042011367941
1772937259.9238613,1.2683682599125519
1772937259.9238884,1.6549926346144899
1772937259.9239151,1.7595227160084392
1772937259.923942,1.746504802075683
1772937259.9239688,1.6187852431811849
1772937259.9239955,1.3785023433274763
1772937259.9240227,1.2556321148301568
1772937259.9240308,1.5311514496553082
1772937259.924039,2.120758438492728
1772937259.9240472,2.5262491113709196
1772937259.924055,2.3395027558232897
1772937259.9240632,1.743545186094204
1772937259.9240716,1.3941322451633342
1772937259.9240804,1.7824303257902274
1772937259.9240892,2.768646771142743
1772937259.9240973,3.740501364125169
1772937259.9241056,4.153840817980632
1772937259.924114,3.905829170133137
1772937259.9241223,3.3070356195765362
1772937259.9241304,2.8267961518721796
1772937259.9241388,2.832004513678926
1772937259.9241476,3.3865984940906024
1772937259.924156,4.1760036191166074
1772937259.924164,4.693825167519029
1772937259.9241717,4.6606672732372045
1772937259.9241824,4.31424998212147
1772937259.9241948,4.206930699216266
1772937259.924207,4.645872544067167
1772937259.924219,5.368912997259347
1772937259.9242315,5.839717348559311
1772937259.9242435,5.841804655816835
1772937259.9242513,5.695576642101783
1772937259.9242592,5.867953655903595
1772937259.9242685,6.449837229718349
1772937259.924276,7.088934732319726
1772937259.924284,7.394118578618338
1772937259.9242923,7.310707786806692
1772937259.9243004,7.091793418371088
1772937259.9243083,7.000859587343405
1772937259.9243164,7.114564745839869
1772937259.9243243,7.363308078115258
1772937259.924332,7.659064601624928
1772937259.9243395,7.960771879369774
1772937259.9243472,8.280093539787075
1772937259.9243553,8.65748189133184
1772937259.924363,9.082603351449697
1772937259.9243708,9.402991236330772
1772937259.9243784,9.385618333718838
1772937259.924386,8.978000543895174
1772937259.924394,8.495293107924434
1772937259.9244015,8.406928529498202
1772937259.9244092,8.84654499253646
1772937259.9244168,9.41810434984569
1772937259.924425,9.633521514342629
1772937259.9244325,9.539461998187097
1772937259.92444,9.747652861283001
1772937259.9244475,10.736823740671873
1772937259.9244552,12.219279324652472
1772937259.9244633,13.361965334260848
1772937259.9244711,13.635344855799115
1772937259.9244792,13.287350671418212
1772937259.9244869,12.915187792340625
1772937259.9244945,12.741364599758647
1772937259.9245026,12.52437723226847
1772937259.9245105,12.139649254653538
1772937259.9245183,11.960077077787938
1772937259.9245265,12.461863887118522
1772937259.9245343,13.565468345547961
1772937259.924543,14.613080730376451
1772937259.9245508,15.050615301560887
1772937259.9245584,14.95906477765182
1772937259.924566,14.808724214582332
1772937259.924574,14.84427385574552
1772937259.9245815,14.923351793295621
1772937259.9245892,14.908956655489968
1772937259.9245975,14.93546205907033
1772937259.9246054,15.139068105810399
1772937259.9246132,15.32096066945402
1772937259.9246209,15.157452157390745
1772937259.9246285,14.729252367887465
1772937259.924636,14.561227020642272
1772937259.924644,14.99091868111026
1772937259.9246516,15.694924484622677
1772937259.9246595,16.09164862421215
1772937259.9246674,16.131569176874418
1772937259.9246752,16.3619716215053
1772937259.9246829,17.110335765000897
1772937259.9246907,17.924443558471804
1772937259.9246984,18.15331086907803
1772937259.924706,17.94553365885943
1772937259.924714,18.200644209758163
1772937259.9247217,19.345916452760044
1772937259.9247296,20.535142461108506
1772937259.9247375,20.510429586646044
1772937259.924745,19.1764663238494
1772937259.9247527,17.819191761812714
1772937259.9247603,17.56014382160679
1772937259.9247682,18.02089020233116
1772937259.924776,18.00734968373094
1772937259.9247837,17.32607128224766
1772937259.924791,17.192345494766684
1772937259.9248009,18.502107340305702
1772937259.9248133,20.261836000276137
1772937259.9248254,20.528195174875815
1772937259.9248376,18.91112177157527
1772937259.9248457,17.344738167729826
1772937259.9248533,17.838841179060093
1772937259.9248612,19.94416037208888
1772937259.9248693,21.314530047245967
1772937259.9248772,20.804596276284443
1772937259.9248853,20.02554010091723
1772937259.924893,21.095341842045503
1772937259.9249005,23.4560094179896
1772937259.9249084,24.27434351808828
1772937259.924916,22.396993211231848
1772937259.9543512,20.665262726738504
1772937259.9543834,22.724522816925536
1772937259.9543962,27.429747189002185
1772937259.9544065,27.960103203292654
1772937259.954417,18.0449674050674
1772937260.451432,-74592.24147875031
1772937260.4514675,-38350.56386660066
1772937260.451496,4152.555163075396
1772937260.4515245,20641.59237855673
1772937260.451553,8153.2145562623855
1772937260.4515817,-9446.391604616463
1772937260.451615,-10870.658745150049
1772937260.4516437,1288.7477649630512
1772937260.4516723,9266.117561921126
1772937260.4517012,4062.07486750409
1772937260.4517295,-5442.504962160951
1772937260.4517384,-6475.1643021757045
1772937260.451747,1062.9392145800116
1772937260.4517558,6266.675219282858
1772937260.4517643,2620.989981972016
1772937260.4517782,-4097.232212334532
1772937260.4517913,-4692.476821358994
1772937260.4518049,1042.452868658383
1772937260.4518151,4898.586839942366
1772937260.451824,1869.0927347964948
1772937260.4518328,-3446.5440853896666
1772937260.4518414,-3723.142134411433
1772937260.4518497,1071.915890228084
1772937260.451858,4124.518071128707
1772937260.4518664,1397.4257752551548
1772937260.4518747,-3075.064796814455
1772937260.4518833,-3106.899067373779
1772937260.4518917,1123.4970570913797
1772937260.4519,3632.40660422989
1772937260.4519083,1061.8080606063481
1772937260.4519172,-2850.383400965214
1772937260.4519258,-2679.7963723603343
1772937260.451939,1186.856408968042
1772937260.451952,3298.27521039965
1772937260.4519644,803.9890589272469
1772937260.4519732,-2711.5055593962347
1772937260.4519815,-2364.4316149954593
1772937260.45199,1258.7210617212563
1772937260.4519985,3061.229723092043
1772937260.4520068,592.058543974356
1772937260.4520154,-2629.998434540945
1772937260.4520235,-2120.647643300423
1772937260.452032,1339.41095361695
1772937260.4520407,2890.4607098315305
1772937260.452049,409.3770825285106
1772937260.4520574,-2589.507491514278
1772937260.4520657,-1924.4055482115
1772937260.452074,1430.9458961487908
1772937260.452083,2768.9652554711106
1772937260.4520915,245.44679068882763
1772937260.4520996,-2581.70888873823
1772937260.4521077,-1762.3262571300008
1772937260.452145,1533.2217002218292
1772937260.4521585,2683.223856483227
1772937260.4521725,89.07654786190437
1772937260.4521852,-2604.81198166651
1772937260.4521935,-1624.9234368872
1772937260.452202,1651.6737733933578
1772937260.4522104,2630.973665287895
1772937260.4522185,-63.20398151682061
1772937260.4522269,-2656.7807535037928
1772937260.4522352,-1505.8260048615602
1772937260.4522436,1790.298646051581
1772937260.452252,2609.888415217027
1772937260.4522605,-216.90118773665117
1772937260.4522688,-2739.982292630512
1772937260.4522772,-1402.3451773723473
1772937260.4522855,1951.4164048612242
1772937260.452294,2614.8475589019718
1772937260.452302,-384.13669675471294
1772937260.4523106,-2863.585671167896
1772937260.452319,-1310.8890502338581
1772937260.4523273,2149.20370761764
1772937260.4523358,2657.4193680480143
1772937260.452344,-565.0318126628517
1772937260.4523523,-3032.960676509782
1772937260.4523606,-1228.8804523926717
1772937260.4523687,2394.313883867915
1772937260.452377,2739.8528329520955
1772937260.4523857,-776.9404182416948
1772937260.452394,-3270.88101162782
1772937260.4524028,-1158.09467416297
1772937260.4524157,2709.2898833385125
1772937260.452428,2879.408761131707
1772937260.4524403,-1033.4504447656686
1772937260.4524543,-3603.910468126948
1772937260.4524636,-1094.322814028505
1772937260.452472,3136.4038143581383
1772937260.4524846,3104.4308035929357
1772937260.452498,-1368.0182656745026
1772937260.452511,-4094.7456883081636
1772937260.4525197,-1042.2741325413676
1772937260.4525278,3751.6353800829584
1772937260.452536,3473.801406418272
1772937260.4525445,-1841.6739195533057
1772937260.4525523,-4869.568033461383
1772937260.4525652,-1012.0778459697885
1772937260.4525828,4722.68472524253
1772937260.4525952,4126.644915516434
1772937260.4526088,-2591.1071979384174
1772937260.4526207,-6234.915128726329
1772937260.4526343,-1029.9996894709989
1772937260.4526467,6507.014986050363
1772937260.4526584,5472.399277943833
1772937260.4526713,-4032.1847095454214
1772937260.4526837,-9233.973053606256
1772937260.4526927,-1255.2627801412434
1772937260.4527016,10901.940474029694
1772937260.4527104,9474.0744292656
1772937260.4527187,-8125.2489786605465
1772937260.4527273,-20607.841771774525
1772937260.4527357,-4113.634056481134
1772937260.452744,38384.726778645185
1772937260.452752,74608.61735775883
1772937260.9074771,42515.28287922636
1772937260.9075315,5025.312953947327
1772937260.907565,-27948.717321151304
1772937260.9075973,-30638.288408248758
1772937260.907627,-12761.132206543107
1772937260.907654,-3699.437884491824
1772937260.9076805,-15229.800961970084
1772937260.9077077,-28775.98543980467
1772937260.9077337,-21111.3039435999
1772937260.9077616,5193.503661992556
1772937260.9077756,24359.51472766081
1772937260.9077852,18392.195415898368
1772937260.9077935,-2539.964946145537
1772937260.907806,-14038.02180579703
1772937260.9078188,-6399.2970402146675
1772937260.907832,6961.953896189732
1772937260.9078436,8974.86416462902
1772937260.9078567,-489.89895045709335
1772937260.9078674,-7568.090379716931
1772937260.9078755,-3790.8330703726497
1772937260.9078834,4273.2623962183
1772937260.9078915,5627.661241591433
1772937260.9078991,-504.13261345447717
1772937260.9079072,-5115.248283773814
1772937260.907915,-2373.906056818638
1772937260.9079232,3192.7678176154654
1772937260.9079309,3896.0585697725965
1772937260.9079387,-630.1330576330507
1772937260.9079468,-3780.449930635924
1772937260.9079547,-1502.3353725400507
1772937260.9079628,2585.5183901726064
1772937260.907971,2815.963308211488
1772937260.9079788,-736.4491794450211
1772937260.9079866,-2917.8543368738137
1772937260.9079945,-912.8170367537025
1772937260.9080024,2177.9585617011267
1772937260.9080105,2067.1283470141925
1772937260.9080184,-808.1890138472203
1772937260.9080265,-2293.6013666662416
1772937260.908034,-484.63090445015393
1772937260.9080431,1869.6629814412781
1772937260.9080513,1504.5655755326907
1772937260.908059,-855.1896553541263
1772937260.908067,-1809.1714455379858
1772937260.908075,-158.8898818550436
1772937260.9080827,1617.1538859090601
1772937260.9080904,1060.1772138882875
1772937260.9080982,-878.1854571369616
1772937260.908106,-1407.6571621446424
1772937260.9081137,99.38112971655652
1772937260.9081213,1394.6933304829113
1772937260.9081295,688.9245429093763
1772937260.908137,-885.7793455304243
1772937260.9081447,-1061.6916163445153
1772937260.9081523,309.02752774862296
1772937260.9081604,1188.6716416941533
1772937260.908168,368.57326604450776
1772937260.908176,-875.4185873752385
1772937260.9081836,-745.9994332167506
1772937260.9081914,486.9505005270862
1772937260.9081993,990.3467813365087
1772937260.908207,81.345366800664
1772937260.9082143,-848.8432066757516
1772937260.9082224,-445.7096137823239
1772937260.9082303,643.0743538550726
1772937260.9082382,791.4637733142548
1772937260.908246,-187.96565355290474
1772937260.908254,-810.0323769547765
1772937260.9082613,-153.22159409122915
1772937260.9082692,780.5754784333548
1772937260.9082773,582.199230789931
1772937260.908285,-450.86366733865253
1772937260.9082925,-756.6553009307897
1772937260.9083004,145.43670231324924
1772937260.9083083,907.2995968453719
1772937260.908316,354.59575574216876
1772937260.9083238,-719.4429160747055
1772937260.9083316,-687.4546091725891
1772937260.9083393,464.35907447957413
1772937260.908347,1031.997117079993
1772937260.9083548,101.14646777989296
1772937260.9083624,-1005.272196768278
1772937260.9083707,-598.9707948065223
1772937260.9083784,820.4081227761689
1772937260.9083865,1162.4182694598426
1772937260.908394,-192.13311249929527
1772937260.9084017,-1326.0645102081498
1772937260.9084096,-485.58619882662174
1772937260.9084175,1239.4190257179528
1772937260.9084253,1309.4439637220294
1772937260.9084332,-550.8306379775023
1772937260.908441,-1716.3896942361243
1772937260.9084487,-344.06422168640376
1772937260.9084568,1763.566239219775
1772937260.9084644,1498.094794560221
1772937260.9084723,-1008.9140506949639
1772937260.9084804,-2229.612184577165
1772937260.9084883,-166.15113046821557
1772937260.908496,2470.0395219317725
1772937260.9085035,1773.4426447622786
1772937260.9085112,-1638.5403868425851
1772937260.9085193,-2982.93536266945
1772937260.908527,58.02750135629391
1772937260.9085343,3529.8294353928504
1772937260.9085424,2252.562722915907
1772937260.90855,-2596.3958613263867
1772937260.908558,-4271.68619597942
1772937260.9085658,331.2473822263712
1772937260.9085736,5402.917019171974
1772937260.9085813,3308.231662666766
1772937260.908589,-4326.468563527612
1772937260.9085968,-7109.948465660249
1772937260.9086044,551.8965316579009
1772937260.908612,9887.929052246986
1772937260.9086196,6825.6462374640805
1772937260.9086275,-8848.487138578561
1772937260.9086351,-18176.02064211368
1772937260.908643,-1575.6985409610397
1772937260.9086506,37474.81174801614
1772937260.9086585,71110.57425382739
1772937261.3854053,1427.378423773613
1772937261.3854477,167.28795060587885
1772937261.385476,-1297.5347913198405
1772937261.3855116,-910.8335433699347
1772937261.3855405,780.3970116333387
1772937261.3855684,1399.2701823054308
1772937261.3855972,78.45185692646355
1772937261.385626,-1324.7137171871339
1772937261.385661,-839.2144252168416
1772937261.3856897,851.9758840112534
1772937261.385718,1372.794766559286
1772937261.3857553,-8.01010162285366
1772937261.3857691,-1349.818776042956
1772937261.385783,-766.1576380776983
1772937261.385796,924.3202828119136
1772937261.3858047,1346.1982295800397
1772937261.3858135,-95.23399855521997
1772937261.3858218,-1375.09202973442
1772937261.3858304,-691.5985399327252
1772937261.385839,999.0804054414347
1772937261.3858476,1320.741272419222
1772937261.385856,-183.75074537649448
1772937261.3858674,-1402.8531689130064
1772937261.385878,-618.756131219184
1772937261.3858871,1073.2215749315615
1772937261.385896,1294.7125696217668
1772937261.385908,-272.9674663649957
1772937261.3859165,-1430.266419977444
1772937261.3859248,-544.3310609979586
1772937261.3859336,1147.9581766604838
1772937261.3859422,1266.189802794714
1772937261.3859503,-366.22705673130565
1772937261.3859584,-1459.0428596555007
1772937261.3859675,-466.8994256849461
1772937261.385976,1226.5139931017493
1772937261.385985,1237.652626642446
1772937261.3859937,-462.95723640758126
1772937261.3860023,-1489.571558679996
1772937261.386011,-386.24952546748443
1772937261.386019,1310.3235071563777
1772937261.386028,1211.461167518998
1772937261.3860364,-560.3083583058328
1772937261.3860447,-1519.1713353938183
1772937261.3860538,-301.4500572143339
1772937261.3860624,1396.5483282146183
1772937261.386071,1180.616416630407
1772937261.3860793,-666.8263255690039
1772937261.386088,-1553.8493218906451
1772937261.3860967,-213.72190349126183
1772937261.386105,1487.6596545241164
1772937261.3861132,1148.7677259378527
1772937261.3861215,-778.8212226069593
1772937261.38613,-1589.4608881463803
1772937261.3861384,-118.7691832707706
1772937261.3861468,1585.9748492527667
1772937261.3861551,1114.3803624586797
1772937261.3861632,-900.603134516876
1772937261.3861718,-1629.6227433725878
1772937261.38618,-17.20184009277227
1772937261.3861887,1692.8912761736783
1772937261.3861973,1078.4734147954853
1772937261.386206,-1032.0612095303245
1772937261.3862145,-1673.76226036778
1772937261.3862228,92.26109017110372
1772937261.3862317,1808.2291319999285
1772937261.3862405,1037.8438685135195
1772937261.3862484,-1176.9799624517054
1772937261.3862572,-1721.5041083278638
1772937261.3862655,215.4684418481664
1772937261.3862736,1938.7306468924742
1772937261.3862822,994.4233877426208
1772937261.3862903,-1338.5444424158386
1772937261.3862991,-1776.224903134474
1772937261.3863077,352.17846907279363
1772937261.3863194,2084.6795633571614
1772937261.386332,944.771275853917
1772937261.3863468,-1522.7077461564425
1772937261.3863568,-1840.2217708988585
1772937261.3863657,506.50740693189766
1772937261.386374,2251.1797696550534
1772937261.3863828,887.917111687369
1772937261.3863912,-1735.2938132690203
1772937261.3863995,-1915.4678830605021
1772937261.386408,684.6669843223231
1772937261.3864167,2445.5835996576575
1772937261.3864248,822.8447183148786
1772937261.386434,-1983.6410622199182
1772937261.386443,-2002.9904093190576
1772937261.3864515,898.0669105117205
1772937261.3864596,2680.68531321981
1772937261.3864684,748.0921883737751
1772937261.3864765,-2282.43751996026
1772937261.3864849,-2112.696219107994
1772937261.386493,1152.4364548044018
1772937261.3865013,2964.987624789181
1772937261.3865097,655.258861614562
1772937261.3865182,-2652.9451956711914
1772937261.3865263,-2250.8870153106013
1772937261.3865376,1471.0209790032034
1772937261.386551,3326.894858776245
1772937261.3865647,541.7718304267091
1772937261.3865733,-3125.7245814196067
1772937261.3865817,-2431.0063305791396
1772937261.38659,1884.666767112989
1772937261.386598,3804.5384169154086
1772937261.3866065,393.2427198111162
1772937261.3866153,-3763.1420017310816
1772937261.3866234,-2683.8085638913017
1772937261.3866324,2446.5205912808447
1772937261.3866408,4471.863724871397
1772937261.3866491,192.45527502286387
1772937261.3866577,-4672.071304590603
1772937261.3866658,-3058.0871950525056
1772937261.3866742,3269.965718373762
1772937261.3866825,5478.932925996902
1772937261.3866909,-111.93921628650092
1772937261.3866992,-6109.262527768253
1772937261.3867073,-3678.8832690877316
1772937261.386716,4629.505379568635
1772937261.3867242,7207.797334442245
1772937261.8664498,2.1249596743725943
1772937261.8664916,2.8349150144665263
1772937261.8665223,2.960019784013134
1772937261.8665552,2.7557125348268836
1772937261.866582,2.707037861210116
1772937261.8666134,3.052140509739015
1772937261.8666403,3.533614924695023
1772937261.866667,3.666524995640248
1772937261.8666933,3.272839310267572
1772937261.8667207,2.706804357747061
1772937261.8667476,2.5070822713587697
1772937261.8667629,2.8562005294147332
1772937261.866779,3.453022400515519
1772937261.8667977,3.914757244604106
1772937261.8668163,4.200244533894114
1772937261.8668272,4.553432104828166
1772937261.8668356,5.088503863132797
1772937261.866844,5.579816410124275
1772937261.8668532,5.72525057158279
1772937261.8668623,5.52514292003218
1772937261.866871,5.285169070588214
1772937261.8668797,5.263661888773786
1772937261.8668883,5.437398547387305
1772937261.8668969,5.656981013546558
1772937261.8669052,5.914470088757173
1772937261.8669136,6.321552176999999
1772937261.8669221,6.851393156834156
1772937261.8669305,7.2649633239211155
1772937261.866939,7.382454296154526
1772937261.8669472,7.334862180447659
1772937261.8669589,7.408037304465923
1772937261.8669724,7.649358319071098
1772937261.866986,7.781022699004269
1772937261.866998,7.59312776482994
1772937261.8670113,7.330519588860656
1772937261.8670244,7.53488604156656
1772937261.8670392,8.473167492593419
1772937261.8670528,9.819343827185563
1772937261.8670614,10.959203681189658
1772937261.8670754,11.544063477120362
1772937261.8670893,11.679263082081889
1772937261.867102,11.649040613408427
1772937261.8671143,11.619242629961267
1772937261.867123,11.642829452585357
1772937261.8671312,11.789542792368511
1772937261.86714,12.09150214522699
1772937261.867148,12.383385463360666
1772937261.8671565,12.374579360779029
1772937261.8671649,11.977620357702781
1772937261.867173,11.47777003143569
1772937261.8671813,11.259301980461883
1772937261.8671896,11.395880579317888
1772937261.8671978,11.636677917985194
1772937261.8672063,11.804478566030497
1772937261.8672144,12.04706391026311
1772937261.8672228,12.573531712755713
1772937261.867231,13.241673946894622
1772937261.867239,13.615642887019916
1772937261.867247,13.480191921686448
1772937261.8672554,13.125155527219114
1772937261.8672636,12.972148472246914
1772937261.867272,13.014402760941138
1772937261.86728,12.849536406553096
1772937261.8672884,12.314504271598315
1772937261.8673,11.87922359733842
1772937261.8673131,12.20493550591783
1772937261.867328,13.35916074589306
1772937261.867341,14.672923721866226
1772937261.8673549,15.439561443578864
1772937261.8673685,15.597550507100514
1772937261.867381,15.594945286580684
1772937261.8673897,15.707701143602234
1772937261.867398,15.743069734229717
1772937261.8674061,15.461700573662883
1772937261.8674145,15.059424664465098
1772937261.8674228,15.01191112198505
1772937261.867431,15.499806455874106
1772937261.86744,16.201980342601733
1772937261.867448,16.70853412403317
1772937261.8674564,16.962721457093057
1772937261.8674648,17.172261032219712
1772937261.8674731,17.425499385610582
1772937261.8674812,17.619847882827845
1772937261.8674896,17.749702199730773
1772937261.8674977,18.007545474036476
1772937261.8675063,18.465076216592816
1772937261.8675146,18.84924354949503
1772937261.8675227,18.892370468537514
1772937261.8675313,18.83722897282865
1772937261.8675396,19.257821525308955
1772937261.867548,20.2360499625319
1772937261.867556,21.0021481075466
1772937261.867565,20.747178750534353
1772937261.8675733,19.7240373133846
1772937261.8675816,19.122063817049224
1772937261.8675957,19.658879599629117
1772937261.8676095,20.6330128539286
1772937261.8676217,20.79052099974483
1772937261.86763,20.01204978058608
1772937261.8676383,19.576890812841153
1772937261.8676467,20.499931827436566
1772937261.8676553,22.070649055897704
1772937261.8676634,22.65721398732496
1772937261.8676715,21.875258769510662
1772937261.86768,21.210612795574434
1772937261.8676882,22.056225177143002
1772937261.8676965,23.666561459173607
1772937261.8677049,23.942424933435703
1772937261.8677132,22.29182609564676
1772937261.8677216,20.75042829109878
1772937261.8677297,21.49033510429812
1772937261.8677378,23.72461782474788
1772937261.867746,24.36461097796737
1772937261.8677545,22.18183349735562
1772937261.8677623,20.167745528795482
1772937261.867771,22.21133479219761
1772937261.8677793,27.26030961739242
1772937261.8677874,28.25650324256627
1772937261.8677964,18.459204693834355
1772937261.8678048,-0.9672128959525447
1772937262.3465848,-0.8754784116195188
1772937262.3466291,-0.9213396922924695
1772937262.3466609,-1.3850912548956904
1772937262.3466923,-1.8416613047920982
1772937262.346724,-1.6217665797740974
1772937262.3467512,-0.565869123612928
1772937262.346778,0.6570408684102841
1772937262.346814,1.164540025273178
1772937262.3468468,0.8133694983339547
1772937262.3468754,0.3927820408351836
1772937262.3469038,0.7739399428943889
1772937262.346923,1.9564303055259826
1772937262.3469355,3.0991839481006065
1772937262.3469477,3.4739320330658394
1772937262.3469594,3.219342467489197
1772937262.3469715,3.076999560234456
1772937262.3469832,3.530817532790178
1772937262.346995,4.396954163468465
1772937262.3470068,5.224824317122848
1772937262.3470187,5.851026902977669
1772937262.3470306,6.3988096590950665
1772937262.3470423,6.874102183655821
1772937262.3470542,7.0415960454431445
1772937262.3470664,6.784488481277505
1772937262.347078,6.4026566415978685
1772937262.34709,6.361747142035734
1772937262.347102,6.7766250775828425
1772937262.347114,7.301020720329993
1772937262.3471255,7.556526482928961
1772937262.3471377,7.5260761238151135
1772937262.3471491,7.43678980678763
1772937262.3471608,7.389444090615697
1772937262.3471727,7.301163492613036
1772937262.347185,7.1943639060979585
1772937262.3471973,7.302253619541278
1772937262.3472087,7.732239624085718
1772937262.3472207,8.163182291791939
1772937262.347232,8.135035113390012
1772937262.347244,7.68391764835617
1772937262.347256,7.470516219824927
1772937262.3472676,8.087844064647562
1772937262.3472793,9.317150591760209
1772937262.3472908,10.281152072750206
1772937262.3473024,10.380938530046672
1772937262.3473141,9.918009912882393
1772937262.347326,9.682659206368742
1772937262.347338,10.0629262513584
1772937262.3473496,10.758666651407959
1772937262.3473616,11.329760580491943
1772937262.3473732,11.74632471890451
1772937262.3473852,12.233845256171707
1772937262.3473969,12.75947768441042
1772937262.3474085,12.98921590248065
1772937262.3474202,12.808831990130825
1772937262.347432,12.623267983896227
1772937262.3474438,12.90777120577317
1772937262.3474555,13.55039430635476
1772937262.3474674,13.900067943119662
1772937262.347479,13.537885677520753
1772937262.3474913,12.805905135420158
1772937262.3475032,12.406826993543458
1772937262.347515,12.585674496361735
1772937262.3475275,12.931261491663983
1772937262.347539,13.004786986724309
1772937262.3475504,12.943659549316628
1772937262.347562,13.288070982590481
1772937262.347574,14.323925001516015
1772937262.347586,15.78869113041764
1772937262.3475976,17.189848125334844
1772937262.3476093,18.187108886435148
1772937262.3476207,18.597395355496015
1772937262.3476324,18.288297176660446
1772937262.3476443,17.36232634105639
1772937262.347656,16.3857460206759
1772937262.347668,16.078700169787613
1772937262.3476796,16.574739671581927
1772937262.3476915,17.17119264523449
1772937262.3477037,17.08981531772026
1772937262.3477151,16.44385725815517
1772937262.3477268,16.1501077788737
1772937262.3477387,16.773544101308943
1772937262.347751,17.74269859166193
1772937262.3477645,18.018933176893004
1772937262.347776,17.434547202135203
1772937262.347788,16.96100667224317
1772937262.3477995,17.501523109583548
1772937262.3478115,18.750300468500143
1772937262.3478231,19.61017552905672
1772937262.3478353,19.602068690087403
1772937262.3478475,19.374559891502106
1772937262.3478591,19.66251497196019
1772937262.347871,20.197314802453505
1772937262.3478827,20.154169733555683
1772937262.3478947,19.538954516261274
1772937262.347906,19.474953744023427
1772937262.3479183,20.778362456951108
1772937262.34793,22.676026011347815
1772937262.347942,23.552990972756277
1772937262.347954,22.938247583865657
1772937262.347972,22.10832306307729
1772937262.3479865,22.38301460640068
1772937262.3479977,23.32819912254339
1772937262.3480084,23.37026313954675
1772937262.3480191,22.11520329542351
1772937262.34803,21.176352991221613
1772937262.3480406,22.129723991234144
1772937262.3480513,24.183940766929336
1772937262.3480623,24.880672264587734
1772937262.3480732,23.252165509030615
1772937262.348084,21.31632032762436
1772937262.3480947,21.605432599451984
1772937262.3481057,23.695977227701203
1772937262.3481164,24.5009732963387
1772937262.3481271,22.464835499138754
1772937262.348138,20.305616834373797
1772937262.348149,22.017096335639124
1772937262.34816,26.969481398572984
1772937262.3481705,28.464577305033792
1772937262.3481815,19.718775434722264
1772937262.3481925,1.4520481279812132
1772937262.536673,-3402.185850444894
1772937262.5367117,-21136.94077946917
1772937262.536734,-11299.345604432223
1772937262.5367453,21274.844557417346
1772937262.5367548,40619.59145310539
1772937262.536764,18520.920070840926
1772937262.5367732,-32408.304099739125
1772937262.5367823,-70762.519206421
1772937262.536791,-69491.85747921118
1772937262.5368307,-40302.1801208461
1772937262.5368392,-14224.436348476824
1772937262.5368478,-6027.304762085574
1772937262.5368564,-5295.758946317958
1772937262.5368648,861.1921456857655
1772937262.5368736,7986.3480530525385
1772937262.5368824,3335.321624939505
1772937262.5368907,-11651.052430252392
1772937262.536899,-18835.79781253818
1772937262.536908,-5957.121323799066
1772937262.5369165,15678.18915022583
1772937262.5369248,23010.230294889978
1772937262.5369332,8722.90537369952
1772937262.5369415,-10117.214982491188
1772937262.5369503,-12918.82633339268
1772937262.5369587,470.9390627351499
1772937262.5369673,11808.35445280883
1772937262.5369756,8033.223457567961
1772937262.5369835,-3983.805619523453
1772937262.536992,-8399.665098503954
1772937262.5370004,-851.8882023004978
1772937262.5370088,7707.3079368763365
1772937262.537017,6510.154149163758
1772937262.5370257,-1706.8659352049356
1772937262.537034,-5820.179340778994
1772937262.5370433,-1215.6115185557226
1772937262.5370517,5312.884288749287
1772937262.53706,5459.90726317843
1772937262.5370681,-156.5426689962703
1772937262.5370765,-3984.4643608350475
1772937262.5370848,-1673.058886811208
1772937262.5370927,3247.623420052939
1772937262.5371015,4790.773000418367
1772937262.5371099,1705.2463173774113
1772937262.537118,-2149.2295589146893
1772937262.5371263,-2829.662952009456
1772937262.537135,149.78553979630954
1772937262.5371432,4309.081796987921
1772937262.537151,6040.757528358326
1772937262.5371597,2266.1007519365244
1772937262.537168,-6876.82937063103
1772937262.5371761,-15571.529237056016
1772937262.5371845,-14992.770232083922
1772937262.552762,-1932.3584677490092
1772937263.0235224,-58301.39714718098
1772937263.0235665,-15848.069977225125
1772937263.0235934,15917.293081754811
1772937263.02362,16294.050875193798
1772937263.023646,-1844.7961463663728
1772937263.023673,-11620.97929372891
1772937263.0237,-3485.6856647103514
1772937263.0237267,8435.299077172695
1772937263.0237534,8281.490752883778
1772937263.02378,-1713.3874146488993
1772937263.0238066,-7053.51700766142
1772937263.0238335,-1346.9704502273685
1772937263.0238428,6508.676531816605
1772937263.0238512,5824.573291487935
1772937263.0238593,-1605.4329761191393
1772937263.023868,-5173.443696264487
1772937263.0238764,-424.2744911137399
1772937263.0238848,5543.015654652945
1772937263.0238929,4567.757658584144
1772937263.023901,-1513.2432949269228
1772937263.023909,-4091.777287899959
1772937263.0239172,99.76586854040856
1772937263.023926,4927.000471369129
1772937263.0239348,3777.9884281629884
1772937263.0239427,-1429.8639173842669
1772937263.0239508,-3362.0730112093456
1772937263.0239587,441.8089696668449
1772937263.0239668,4483.278213463612
1772937263.023975,3224.1203063764488
1772937263.0239832,-1352.858331708221
1772937263.023991,-2823.835887736224
1772937263.0239987,683.4182131837365
1772937263.0240068,4140.551269847332
1772937263.0240147,2810.699621812413
1772937263.0240223,-1279.3143794637513
1772937263.0240304,-2404.093871723648
1772937263.0240383,861.2555390928686
1772937263.024046,3862.787007275647
1772937263.0240552,2490.2017806635768
1772937263.0240655,-1206.9776717653958
1772937263.0240788,-2065.197274881319
1772937263.0240912,992.0636714475681
1772937263.0241039,3626.304494435449
1772937263.0241172,2233.4169064163743
1772937263.024126,-1134.4209743971535
1772937263.024134,-1782.3280725673876
1772937263.024142,1090.5553851673742
1772937263.02415,3421.782914942719
1772937263.024158,2024.9503958131447
1772937263.024166,-1062.8950251375436
1772937263.024174,-1546.0397753821276
1772937263.0241818,1159.7604098432362
1772937263.0241897,3241.175090558994
1772937263.0241976,1858.3610411784323
1772937263.0242057,-987.0011568161175
1772937263.0242136,-1345.8393447257038
1772937263.0242212,1201.4488064519307
1772937263.0242293,3075.344090293372
1772937263.024237,1724.9996938032853
1772937263.0242443,-905.3657692588754
1772937263.0242522,-1173.4781253417386
1772937263.02426,1221.5712483072107
1772937263.0242689,2925.113040088678
1772937263.0242765,1625.041404324961
1772937263.0242848,-815.8142703842567
1772937263.0242927,-1028.123151885905
1772937263.0243003,1216.7044818098518
1772937263.0243077,2786.201008824562
1772937263.0243156,1558.5718617626467
1772937263.0243251,-715.0522725465037
1772937263.0243375,-909.7478838050235
1772937263.0243497,1181.374879460358
1772937263.0243616,2653.534591247733
1772937263.0243692,1526.6529615064767
1772937263.0243819,-598.9820722595707
1772937263.0243943,-818.7839221210783
1772937263.0244064,1110.3917391289967
1772937263.024418,2525.673352041116
1772937263.0244308,1536.2475828816096
1772937263.0244412,-459.93602735731076
1772937263.0244496,-756.9101160512571
1772937263.0244575,996.1598743118547
1772937263.024465,2403.304698681531
1772937263.0244727,1600.346782131061
1772937263.0244803,-288.48700816846383
1772937263.0244877,-734.2187256400944
1772937263.0244956,818.2339774577395
1772937263.0245032,2282.2434735537954
1772937263.0245109,1738.4447830109075
1772937263.0245185,-69.00627031020913
1772937263.0245261,-766.9026894007753
1772937263.024534,543.8968367604641
1772937263.0245416,2159.2010000231553
1772937263.0245492,1989.693723504141
1772937263.024557,231.08671752585053
1772937263.0245645,-880.1335088426164
1772937263.0245724,116.6437636086531
1772937263.02458,2030.7390450128935
1772937263.0245876,2428.616818372656
1772937263.0245953,669.8359981801389
1772937263.0246031,-1134.6006576716845
1772937263.0246108,-589.7997173673772
1772937263.0246189,1885.7421415773183
1772937263.0246265,3222.7092039901877
1772937263.024634,1388.1256075936258
1772937263.0246415,-1664.862268428743
1772937263.0246494,-1882.3006988648065
1772937263.0246572,1694.6246505778608
1772937263.024665,4825.762174916411
1772937263.0246727,2794.0629774950194
1772937263.0246804,-2886.2604670117707
1772937263.024688,-4804.629215812714
1772937263.0246956,1294.8334560863846
1772937263.0247035,9031.07267793775
1772937263.024711,6849.955660762841
1772937263.0247185,-6754.628780176111
1772937263.0247264,-16091.236909699157
1772937263.0247343,-1738.7563554025778
1772937263.024742,36300.06282334699
1772937263.0247495,71993.85846808055
1772937263.3018012,2164.921081649145
1772937263.3018432,5514.1633479796665
1772937263.3018658,2169.5459754702897
1772937263.3018887,-3254.6585749913156
1772937263.3019085,-3063.8432681417744
1772937263.301918,2614.3121659800245
1772937263.3019269,5808.984775543194
1772937263.301936,1880.7064912596495
1772937263.3019447,-3753.184932391047
1772937263.301954,-3072.0472564096463
1772937263.3019629,3147.706588013433
1772937263.3019712,6163.684801684173
1772937263.3019795,1533.2935464876452
1772937263.3019881,-4363.080927205829
1772937263.3019967,-3087.9607382827785
1772937263.3020053,3806.6578359413643
1772937263.3020139,6611.576179429363
1772937263.3020222,1097.5875871965798
1772937263.3020306,-5146.028241274297
1772937263.3020413,-3113.8022916796795
1772937263.3020608,4672.955094264973
1772937263.3020768,7216.058558420014
1772937263.3020904,511.0908961615415
1772937263.3021038,-6232.62484744018
1772937263.3021173,-3159.2690541685192
1772937263.3021295,5921.067502829844
1772937263.3021436,8120.735024618683
1772937263.3021555,-369.06743865060247
1772937263.3021672,-7942.571687191051
1772937263.3021817,-3258.2544929237292
1772937263.3021924,8012.470659790129
1772937263.3022068,9743.0915181647
1772937263.302216,-1957.07172134941
1772937263.3022244,-11322.560046943216
1772937263.3022332,-3568.5364108809085
1772937263.302242,12753.435948353072
1772937263.3022504,14051.329773390657
1772937263.3022597,-6221.775315822943
1772937263.3022683,-23128.819333343476
1772937263.3022768,-6523.315634785373
1772937263.3022852,40616.93410168022
1772937263.3022935,79494.42659618956
1772937263.302302,3425.0494478998808
1772937263.3023107,-4730.235551024752
1772937263.3023188,-5438.410391290247
1772937263.3023276,2715.067196828519
1772937263.3023357,8557.934614349373
1772937263.302344,3585.4905439480726
1772937263.3023524,-5744.144842286411
1772937263.3023612,-6333.553561666181
1772937263.302369,3262.8813305194158
1772937263.3023782,10000.636488882714
1772937263.3023868,3974.700022537853
1772937263.302395,-7190.491139793718
1772937263.3024037,-7865.751699742202
1772937263.302412,3910.9497417547204
1772937263.3024209,12411.633327728387
1772937263.3024292,4988.066304635061
1772937263.3024373,-9559.220497640945
1772937263.302446,-11106.93481909581
1772937263.3024545,4580.749526869881
1772937263.3024633,17687.378530326045
1772937263.302472,8555.008888253007
1772937263.3024805,-14970.114234565432
1772937263.3024888,-22878.09850259988
1772937263.3024974,2992.0923429062736
1772937263.302506,46507.33408242353
1772937263.3025143,73074.63350707597
1772937263.472503,74534.02444183214
1772937263.4725404,37822.307006190094
1772937263.4725575,-4402.532434575293
1772937263.472572,-20250.869961862292
1772937263.4725845,-7566.054547531203
1772937263.4725935,9590.72639725409
1772937263.4726028,10512.655932054495
1772937263.4726114,-1623.4684404890597
1772937263.47262,-9114.63924210196
1772937263.472628,-3518.3235003737486
1772937263.4726367,5856.75357006787
1772937263.4726453,6348.730098155538
1772937263.4726532,-1584.5679033126382
1772937263.4726615,-6532.8176537872805
1772937263.4726698,-2114.2487657910237
1772937263.4726777,5033.51331706092
1772937263.472686,4975.545499200259
1772937263.472694,-1977.6110889559725
1772937263.472702,-6014.89311922062
1772937263.47271,-1400.054232903178
1772937263.4727175,5561.679078646673
1772937263.4727256,4948.501762557316
1772937263.4727335,-3045.9284237687334
1772937263.4727414,-7541.034774434277
1772937263.4727492,-1160.334775661153
1772937263.472757,8980.408053708643
1772937263.4727657,8451.958238326106
1772937263.4727733,-6636.817003795743
1772937263.4727812,-22750.834206967378
1772937263.4727893,-22515.911703733407
1772937263.4727972,-4020.896987766105
1772937263.4728053,16273.389693846635
1772937263.472813,20622.84859360125
1772937263.5367844,-138728.10653822377
1772937264.0113773,-43082.31303139587
1772937264.0114229,-1011.6583937914148
1772937264.0114543,21901.555626741356
1772937264.011486,12961.137784612003
1772937264.0115178,-7137.51554250725
1772937264.0115447,-12199.736003931192
1772937264.011571,18.115729950047797
1772937264.011598,10666.734469598738
1772937264.0116243,6637.776819359168
1772937264.0116508,-4358.953034499372
1772937264.011678,-6956.387199410527
1772937264.011691,1064.8164551303614
1772937264.0117033,7718.524419404648
1772937264.0117147,4299.026796287526
1772937264.0117269,-3511.6773919391044
1772937264.0117388,-4747.771847461981
1772937264.011752,1649.7030354393273
1772937264.0117643,6330.651140256119
1772937264.0117755,3058.0911883047866
1772937264.0117881,-3093.8752440471167
1772937264.0118,-3494.9516912351755
1772937264.0118089,2022.9865615953636
1772937264.0118167,5501.356005503697
1772937264.011825,2268.174930148492
1772937264.0118327,-2843.2437373670978
1772937264.0118413,-2672.1386890545673
1772937264.0118492,2282.9557131817523
1772937264.0118573,4934.145765754869
1772937264.011865,1707.2125644825069
1772937264.0118732,-2671.2318478628017
1772937264.011881,-2070.937208671861
1772937264.011889,2486.437198669825
1772937264.0118968,4516.601607485048
1772937264.0119047,1276.8233947339677
1772937264.0119128,-2547.863437070124
1772937264.0119207,-1603.5402819398764
1772937264.0119288,2656.086737620837
1772937264.0119367,4192.117433002994
1772937264.0119448,927.471765141949
1772937264.0119543,-2456.8462668011844
1772937264.011962,-1222.9139828965529
1772937264.0119698,2803.123724704099
1772937264.0119777,3926.4080664993367
1772937264.0119855,627.9216463291095
1772937264.0119934,-2389.846057277009
1772937264.0120013,-899.0815112127627
1772937264.0120091,2938.8395965861
1772937264.0120168,3702.9059993935043
1772937264.0120244,361.2760849270858
1772937264.0120325,-2340.532677827284
1772937264.0120404,-611.6740957917683
1772937264.0120485,3072.2324777521962
1772937264.012056,3511.407041161591
1772937264.0120637,114.36346637240146
1772937264.0120718,-2309.058975785119
1772937264.0120797,-351.96269659863134
1772937264.012087,3205.466756449365
1772937264.0120947,3343.0077281586528
1772937264.0121024,-120.80352808471024
1772937264.01211,-2290.615813722641
1772937264.0121176,-106.21563717965176
1772937264.0121253,3346.531550937456
1772937264.012133,3192.396460431718
1772937264.0121405,-355.2751939411375
1772937264.0121484,-2289.861796967772
1772937264.0121565,129.42118654211424
1772937264.0121677,3499.227554691702
1772937264.0121787,3056.598555086314
1772937264.0121908,-594.826166703769
1772937264.0122025,-2306.6573520557026
1772937264.0122147,361.94673264624413
1772937264.0122223,3668.2595309579256
1772937264.0122304,2930.333575570613
1772937264.012238,-850.0670332688024
1772937264.0122457,-2344.5344651553037
1772937264.0122535,599.527360363899
1772937264.0122612,3863.546846900031
1772937264.0122688,2812.944277217028
1772937264.0122766,-1130.077043301201
1772937264.0122845,-2405.4010693977793
1772937264.012292,856.3367522859814
1772937264.0123005,4103.455852932368
1772937264.012308,2706.760127732301
1772937264.0123155,-1451.4611557421617
1772937264.0123231,-2505.3828076855502
1772937264.0123308,1133.01189162346
1772937264.0123386,4395.059373337679
1772937264.0123463,2601.722177830428
1772937264.012354,-1841.3723483995104
1772937264.0123615,-2656.2923821479744
1772937264.0123694,1457.8621940303572
1772937264.012377,4783.488912053627
1772937264.0123847,2509.0321127767334
1772937264.0123923,-2334.125550769863
1772937264.0124,-2886.1239282315264
1772937264.0124075,1859.2452367163753
1772937264.0124152,5323.239068492441
1772937264.0124233,2424.252042338361
1772937264.012431,-3013.465935962935
1772937264.0124383,-3258.292641884515
1772937264.012446,2397.0841537578926
1772937264.0124538,6141.464097798229
1772937264.0124617,2359.3088136192246
1772937264.0124695,-4044.48267818977
1772937264.0124772,-3908.0337395907877
1772937264.0124848,3212.6472337622486
1772937264.012493,7548.176201996621
1772937264.0125008,2341.2462572421896
1772937264.0125086,-5886.846340651922
1772937264.0125165,-5249.284731466748
1772937264.0125246,4715.99713552465
1772937264.0125327,10580.89977508219
1772937264.0125406,2525.8175200628284
1772937264.0125484,-10337.948762097143
1772937264.012556,-9243.312363448422
1772937264.012564,8867.93141066483
1772937264.012572,21980.572826416545
1772937264.01258,5346.169216738205
1772937264.0125875,-37850.335782272625
1772937264.0125952,-74328.9209917607
1772937264.4920957,491.46414721714234
1772937264.4921603,1644.9476133649382
1772937264.4921958,1576.8066981504965
1772937264.4922216,383.51211578260535
1772937264.4922547,-257.9028465836984
1772937264.492286,554.3589266255851
1772937264.4923139,1679.8913892444596
1772937264.49234,1537.451188660248
1772937264.492372,326.60813153508644
1772937264.4923897,-250.9255001792081
1772937264.4924014,618.6108853023193
1772937264.4924145,1715.3890935453662
1772937264.492427,1497.1611535283998
1772937264.4924395,267.56417939251827
1772937264.492452,-245.93465278935818
1772937264.4924643,682.0776736949266
1772937264.4924731,1750.9567213258524
1772937264.4924812,1456.8669092956181
1772937264.492489,208.42954940807925
1772937264.4924972,-240.41178654702293
1772937264.4925053,746.4148000909619
1772937264.4925134,1786.0460341868352
1772937264.4925215,1413.7946144140958
1772937264.4925292,145.93592012166908
1772937264.4925373,-235.88398792229083
1772937264.4925451,812.7893181214123
1772937264.4925537,1823.6770427045376
1772937264.4925616,1371.2771889275768
1772937264.49257,82.75420709499612
1772937264.492578,-230.61567165838375
1772937264.492586,881.8229686480106
1772937264.492594,1863.1657085997242
1772937264.4926016,1327.6936751913154
1772937264.4926095,17.38834307958017
1772937264.4926174,-225.17520393625747
1772937264.4926255,953.4476855322542
1772937264.4926333,1903.771830491414
1772937264.4926412,1281.3434447844572
1772937264.4926488,-51.49319303000585
1772937264.4926567,-218.92139981811084
1772937264.4926643,1030.1776597930452
1772937264.4926734,1947.9128080883045
1772937264.4926813,1232.6646971316975
1772937264.4926891,-125.47216862541082
1772937264.4926968,-214.1233549216351
1772937264.4927049,1109.9548211422755
1772937264.4927125,1993.5826481411377
1772937264.49272,1179.738131983094
1772937264.4927275,-205.11632940428507
1772937264.4927356,-208.55928936275313
1772937264.4927433,1197.413262633388
1772937264.492751,2045.510425744074
1772937264.4927588,1125.3600608546017
1772937264.4927664,-289.49798151118483
1772937264.492774,-202.02233946642517
1772937264.4927816,1291.9094486584027
1772937264.4927895,2100.596758099817
1772937264.492797,1063.4876408924827
1772937264.4928048,-385.1091088132592
1772937264.4928124,-197.87381703542013
1772937264.49282,1394.1725287373704
1772937264.4928277,2161.2637587421186
1772937264.4928353,995.8677737119274
1772937264.492843,-490.1509556756197
1772937264.4928503,-191.9689967248324
1772937264.4928582,1510.3906699488646
1772937264.492866,2231.9655692020124
1772937264.4928737,922.1062746465941
1772937264.492881,-608.5236223143003
1772937264.4928887,-187.86241283115484
1772937264.4928963,1638.4284233061692
1772937264.492904,2309.1613829067974
1772937264.4929116,835.6963703547411
1772937264.4929192,-745.6864149371512
1772937264.492927,-183.97480923491028
1772937264.4929347,1786.9823168809125
1772937264.492942,2401.3700341489634
1772937264.4929495,738.5406247617857
1772937264.492957,-904.1120421318219
1772937264.492965,-179.65497755358226
1772937264.4929726,1961.7874529189894
1772937264.4929805,2512.4881517675744
1772937264.492988,626.6567689376141
1772937264.4929965,-1090.9433642603547
1772937264.4930043,-174.80891960065748
1772937264.4930124,2171.2072301519634
1772937264.49302,2646.7786341455094
1772937264.4930277,489.82778982938487
1772937264.4930353,-1323.450926809742
1772937264.4930432,-175.5876330569559
1772937264.493051,2425.301662922579
1772937264.4930587,2813.8167902791483
1772937264.4930663,320.42223124215053
1772937264.493074,-1617.878480192672
1772937264.493082,-181.16314095602579
1772937264.4930897,2748.747880196399
1772937264.4930973,3034.7812507022036
1772937264.4931052,107.65008825118339
1772937264.4931128,-2004.5233151762336
1772937264.4931204,-198.24128871276017
1772937264.4931283,3173.2507073416923
1772937264.493136,3336.9606072601973
1772937264.4931436,-173.72728899506166
1772937264.4931512,-2539.751317294268
1772937264.4931588,-235.48217566429292
1772937264.4931664,3768.8493001604656
1772937264.493174,3788.5726297148244
1772937264.4931824,-560.5535559492765
1772937264.49319,-3339.2658758645684
1772937264.493198,-330.4222530885385
1772937264.4932055,4662.740583689459
1772937264.4932132,4536.039974642966
1772937264.4932208,-1121.0930560162772
1772937264.4932284,-4668.55607414166
1772937264.4932363,-595.4271137376536
1772937264.493244,6165.220437256461
1772937264.4932516,6021.543213343123
1772937264.4932592,-1956.0639874641176
1772937264.4932668,-7346.537697274575
1772937264.4932745,-1650.4125650225471
1772937264.973442,1.7974770679270569
1772937264.9734845,1.5791494044031233
1772937264.973516,1.7283228549412397
1772937264.9735427,2.358888960264423
1772937264.9735692,3.1991009960795984
1772937264.973596,3.9522665860710777
1772937264.9736223,4.546066254554186
1772937264.9736488,4.991624432200245
1772937264.9736753,5.1845290952284815
1772937264.973702,5.02166185039052
1772937264.973729,4.651346285528111
1772937264.97375,4.400787267696633
1772937264.9737582,4.393141180088347
1772937264.9737663,4.394860560413181
1772937264.9737744,4.179867824514942
1772937264.9737856,3.9430835649136906
1772937264.9738014,4.13123203003051
1772937264.9738166,4.821258839009694
1772937264.973827,5.466988315408172
1772937264.9738348,5.44186945921138
1772937264.9738426,4.76545431081314
1772937264.9738505,4.100815631547407
1772937264.9738584,4.011862394755445
1772937264.9738665,4.414484977372016
1772937264.973874,4.880475213025193
1772937264.973882,5.312575384563248
1772937264.97389,6.0329353987858125
1772937264.9738977,7.161947017365547
1772937264.9739056,8.179541176805124
1772937264.973914,8.364527146593602
1772937264.9739213,7.6355699550638825
1772937264.973929,6.732634411459537
1772937264.9739368,6.473430907665874
1772937264.973945,6.959948898124188
1772937264.9739528,7.6254529226324355
1772937264.973961,7.940649223404838
1772937264.9739687,7.869332956648581
1772937264.9739766,7.6511089995742525
1772937264.9739845,7.406415771452623
1772937264.9739923,7.146395097394888
1772937264.9740002,7.032508837581398
1772937264.974008,7.327739014018737
1772937264.9740162,8.00616371879064
1772937264.9740243,8.622244855048805
1772937264.9740324,8.773303144617774
1772937264.9740405,8.628087760040517
1772937264.974048,8.785002998554493
1772937264.9740558,9.561554716982897
1772937264.9740636,10.605526105735649
1772937264.9740713,11.343070413517085
1772937264.974079,11.686313859465015
1772937264.9740868,12.075061940568256
1772937264.9740944,12.814558936134798
1772937264.974102,13.612512449463047
1772937264.97411,13.944477302404254
1772937264.9741175,13.756541719456298
1772937264.9741251,13.559919953297024
1772937264.9741333,13.788879253710547
1772937264.974141,14.271571248533252
1772937264.9741485,14.49654285814007
1772937264.9741561,14.298850517490871
1772937264.9741635,14.06647953605468
1772937264.9741712,14.236739039077078
1772937264.9741788,14.766331159559897
1772937264.974187,15.218875715040879
1772937264.9741948,15.27213563963804
1772937264.9742024,14.98522406898459
1772937264.9742105,14.614964464001853
1772937264.974218,14.37177313122284
1772937264.974226,14.413548791918194
1772937264.9742339,14.870817278062201
1772937264.9742417,15.657029713895575
1772937264.9742494,16.31730073481027
1772937264.974257,16.33751228874483
1772937264.9742649,15.735217333342861
1772937264.974273,15.186616543507185
1772937264.9742806,15.365520719472702
1772937264.9742887,16.190640281847386
1772937264.9742966,16.91871805417078
1772937264.9743042,17.019209072472542
1772937264.9743118,16.763705170294596
1772937264.9743197,16.81538641216675
1772937264.974327,17.390074725188498
1772937264.9743347,18.074533574031232
1772937264.9743423,18.450742004208873
1772937264.9743505,18.593806047564083
1772937264.9743586,18.778761952366384
1772937264.9743667,18.928960359671827
1772937264.9743745,18.715603980271332
1772937264.9743829,18.202000401462545
1772937264.9743905,18.004273234284376
1772937264.9743981,18.55260983942737
1772937264.9744062,19.408531576895367
1772937264.974414,19.70317434124944
1772937264.9744215,19.25949645412038
1772937264.9744291,18.8814393106613
1772937264.9744368,19.297239677338933
1772937264.9744446,20.121127913294245
1772937264.9744525,20.316571788099516
1772937264.97446,19.638866393317176
1772937264.9744678,19.077809301974405
1772937264.9744754,19.569684439696097
1772937264.9744833,20.67293693414279
1772937264.9744906,21.120057596101386
1772937264.9744985,20.624994542665434
1772937264.9745064,20.420406366374305
1772937264.974514,21.566271440873003
1772937264.974522,23.24497718050957
1772937264.9745295,23.60597338319393
1772937264.9745376,22.342488109619094
1772937264.9745457,21.466674444982427
1772937264.974553,22.771662689488178
1772937264.9745607,25.074811923131005
1772937264.9745684,25.299773355415425
1772937264.974576,22.715711421455097
1772937264.9745836,20.883531617199846
1772937264.9745913,23.77211880661188
1772937264.974599,29.759803661602717
1772937264.9746065,31.022692803638353
1772937264.9746141,20.532139526376014
1772937264.974622,-0.10876179125364228
1772937265.4529192,-0.6343599284809752
1772937265.4529624,-0.013541757630343909
1772937265.4529877,0.038573575047816125
1772937265.4530108,-0.421616199815719
1772937265.4530315,-0.8172635574326697
1772937265.453055,-0.8178877102586802
1772937265.4530745,-0.6549276263517172
1772937265.453094,-0.661650456266188
1772937265.4531136,-0.7725317240015839
1772937265.453133,-0.678072945241911
1772937265.4531436,-0.3398653177842757
1772937265.453152,-0.06855967375032833
1772937265.4531603,-0.03926199868286858
1772937265.4531693,0.031816862507486804
1772937265.453178,0.5311854368792811
1772937265.453186,1.3726146471600031
1772937265.4531946,2.018764765425658
1772937265.4532032,2.116566995215255
1772937265.4532113,1.9067254443783532
1772937265.45322,1.8605324630377118
1772937265.4532285,2.053265891267403
1772937265.453237,2.138872921703691
1772937265.4532456,1.9392767993634867
1772937265.453254,1.783087698236176
1772937265.4532626,2.0662595632755356
1772937265.4532712,2.6215862519973308
1772937265.4532795,2.8202700692301934
1772937265.453288,2.363511062851817
1772937265.4532964,1.736697928692218
1772937265.4533048,1.6689011701359178
1772937265.4533136,2.236522666993682
1772937265.453322,2.7585921069083215
1772937265.4533303,2.641316485694162
1772937265.4533386,2.113081298214415
1772937265.453347,1.9356375167487032
1772937265.4533553,2.486888804247783
1772937265.4533648,3.375667488774161
1772937265.4533732,4.007874325276757
1772937265.4533815,4.297748539168259
1772937265.45339,4.611273062168746
1772937265.4533985,5.1097207048635465
1772937265.4534068,5.444442540938213
1772937265.4534152,5.224532905147779
1772937265.4534235,4.608238591118336
1772937265.453432,4.208652147863549
1772937265.4534404,4.429857442363142
1772937265.4534488,5.086789551573639
1772937265.453457,5.746363972148207
1772937265.4534657,6.269924487714017
1772937265.4534738,6.833102571907338
1772937265.453482,7.470477712636475
1772937265.45349,7.847562254496432
1772937265.4534984,7.622392480730541
1772937265.4535067,6.924149452778797
1772937265.4535148,6.29457130707142
1772937265.4535232,6.1401881441725665
1772937265.4535353,6.373590586535959
1772937265.453549,6.656385961724651
1772937265.4535627,6.880877218254761
1772937265.4535725,7.2653470284627435
1772937265.4535809,7.9839077187995375
1772937265.4535887,8.84874195399997
1772937265.4535973,9.457074783093063
1772937265.4536052,9.610004510372802
1772937265.4536135,9.502095671609219
1772937265.4536219,9.496895646258832
1772937265.45363,9.774582019385846
1772937265.4536383,10.205988426264403
1772937265.453647,10.505219025506241
1772937265.453655,10.470172775129617
1772937265.453663,10.138312984899608
1772937265.4536712,9.793696131790002
1772937265.4536796,9.808664421765954
1772937265.453688,10.370780712223576
1772937265.4536965,11.286522858998735
1772937265.4537046,12.081527758878366
1772937265.4537127,12.37197448778893
1772937265.4537246,12.17491218292642
1772937265.453738,11.850296201879381
1772937265.453751,11.751290007171674
1772937265.4537592,11.957345256135035
1772937265.4537673,12.32214096839574
1772937265.453776,12.693982202363296
1772937265.453784,13.037203559263682
1772937265.4537923,13.39582231675051
1772937265.453801,13.831225748456296
1772937265.4538093,14.38832790789558
1772937265.4538176,15.019582414446461
1772937265.4538257,15.500524333783895
1772937265.453834,15.530656049237436
1772937265.4538424,15.053745151056836
1772937265.4538505,14.454818484544171
1772937265.4538589,14.279324058482937
1772937265.4538672,14.676089423646676
1772937265.4538755,15.226400067691099
1772937265.453884,15.451517052600003
1772937265.453892,15.41457162491615
1772937265.4539003,15.608329507684386
1772937265.4539087,16.2003101186747
1772937265.453917,16.63246284853347
1772937265.4539254,16.233914180634002
1772937265.4539337,15.178367775449718
1772937265.453942,14.515229420240667
1772937265.4539504,15.064455931804794
1772937265.4539587,16.446595572820964
1772937265.4539669,17.46725936471976
1772937265.453978,17.43067264474352
1772937265.4539912,16.79262213071597
1772937265.4540052,16.42190290681721
1772937265.4540167,16.524715404143386
1772937265.454025,16.638141691216696
1772937265.4540331,16.558508556417404
1772937265.4540415,16.76226626237039
1772937265.4540498,17.639623595627015
1772937265.454058,18.656880612587948
1772937265.4540665,18.816899281985688
1772937265.4540749,17.98947537526136
1772937265.4540832,17.28397022917199
1772937265.4540915,17.750887461274345
1772937265.4541004,19.008944434505697
1772937265.5366976,19.70009132021698
1772937265.5367243,19.30462866909559
1772937265.5367365,18.889490671845568
1772937265.5367467,19.64776500688756
1772937265.5367558,21.12804081174962
1772937265.5367649,21.69587780161031
1772937265.5367737,20.823136814931814
1772937265.5367825,20.067436284618946
1772937265.536791,21.05932442434659
1772937265.5368,22.96156473663237
1772937265.5368087,23.128913239288053
1772937265.5368173,20.75608932593669
1772937265.536826,18.84349549621525
1772937265.5368347,21.047132157585782
1772937265.5368433,26.300975352885594
1772937265.5368516,27.874252595080144
1772937265.53686,19.29511644354038
1772937265.5368686,1.5036546033726235
1772937266.0420325,73376.87064788479
1772937266.0420775,37739.897172425284
1772937266.0421095,-3362.56157993563
1772937266.04214,-19580.215833244794
1772937266.0421665,-8304.617273917269
1772937266.0421932,8308.421710539222
1772937266.04222,10356.685321360197
1772937266.0422528,-445.4699550725604
1772937266.0422833,-8239.380365767665
1772937266.042311,-4285.468977106656
1772937266.0423326,4291.294059584333
1772937266.042346,6026.7722431661905
1772937266.042356,-159.66354791353754
1772937266.0423644,-5263.387348065503
1772937266.0423725,-2917.5479123499586
1772937266.04238,2924.0103850668324
1772937266.042388,4304.707472235082
1772937266.0423963,-77.17072681329132
1772937266.042405,-3915.232968288704
1772937266.0424123,-2238.2556482012683
1772937266.0424209,2250.6875002006395
1772937266.0424292,3397.596136741724
1772937266.0424373,-41.77698911255774
1772937266.0424457,-3160.690811432158
1772937266.0424533,-1841.2309110198794
1772937266.0424614,1856.8111139481518
1772937266.0424693,2848.8768248034867
1772937266.0424771,-22.282616627472052
1772937266.0424852,-2687.529429281446
1772937266.0424936,-1585.661188596259
1772937266.0425017,1605.0435711058265
1772937266.04251,2490.297164199735
1772937266.0425177,-11.280515719140553
1772937266.0425255,-2373.675021984557
1772937266.0425353,-1414.2554064446977
1772937266.0425432,1434.7785112356194
1772937266.042551,2245.9915935400923
1772937266.042559,-4.107887959745902
1772937266.0425665,-2158.082148621769
1772937266.0425744,-1295.5566733630906
1772937266.0425825,1318.2345314027928
1772937266.0425904,2077.8997552398964
1772937266.0425985,0.385404962170287
1772937266.0426064,-2011.373251847441
1772937266.042614,-1216.6886834141408
1772937266.0426216,1236.3172121697846
1772937266.0426295,1962.9976304364914
1772937266.042637,4.443437769223237
1772937266.042645,-1911.4247018841952
1772937266.0426528,-1162.2882847553865
1772937266.0426605,1185.8510806752072
1772937266.042668,1892.6209906331264
1772937266.042676,9.038395712960744
1772937266.0426836,-1850.4547634540666
1772937266.0426912,-1131.0856098685736
1772937266.042699,1157.6722291797375
1772937266.0427065,1856.859689995275
1772937266.0427144,12.551138817251834
1772937266.042722,-1824.586857732999
1772937266.0427296,-1122.6318683813317
1772937266.0427372,1146.0644020718714
1772937266.0427449,1849.518432216308
1772937266.0427525,14.083142704448896
1772937266.0427604,-1829.6011721154139
1772937266.0427687,-1130.9268128275653
1772937266.0427763,1157.2114584083035
1772937266.0427842,1876.7613484809106
1772937266.0427918,18.12785384822183
1772937266.0427997,-1864.7477362972488
1772937266.0428076,-1157.947116555281
1772937266.0428152,1189.8229551490326
1772937266.0428228,1938.7616332194345
1772937266.0428307,22.975116616013192
1772937266.0428383,-1935.6303207987082
1772937266.0428464,-1209.4139763148169
1772937266.042854,1243.047543501543
1772937266.0428624,2037.7285198708344
1772937266.0428703,26.675410544343418
1772937266.042878,-2049.967105416874
1772937266.042886,-1289.9815832286058
1772937266.0428936,1323.3964841703698
1772937266.0429015,2185.234973974663
1772937266.0429091,30.856479934117544
1772937266.0429173,-2219.2450444203914
1772937266.042925,-1407.9241919457097
1772937266.0429327,1441.0716197506454
1772937266.0429404,2400.406458108637
1772937266.0429482,38.212314451504476
1772937266.0429559,-2462.6862767465054
1772937266.0429635,-1576.4528178190676
1772937266.0429711,1615.0740475749149
1772937266.0429788,2717.1859100257107
1772937266.0429866,51.530302745291564
1772937266.0429945,-2820.347905263301
1772937266.0430021,-1828.8116672469346
1772937266.04301,1869.1405111284676
1772937266.0430176,3188.7870580954554
1772937266.0430253,70.03885039102612
1772937266.0430331,-3369.2128030898343
1772937266.0430408,-2221.9891065105116
1772937266.0430508,2267.467712158355
1772937266.0430627,3944.6290721451046
1772937266.0430753,105.85274412406906
1772937266.0430837,-4277.393010677384
1772937266.043092,-2897.6109896090907
1772937266.0431,2944.3100367064503
1772937266.0431087,5291.22751085524
1772937266.0431173,187.8192396047795
1772937266.0431254,-5999.663096730998
1772937266.0431337,-4265.370529896442
1772937266.043142,4311.708768699361
1772937266.0431504,8267.18785664963
1772937266.0431585,473.81066321885686
1772937266.0431669,-10330.362199664041
1772937266.0431752,-8284.836212859365
1772937266.043183,8328.511163510935
1772937266.0431917,19608.387973104956
1772937266.0432,3394.200809761392
1772937266.0432088,-37712.82297288028
1772937266.043217,-73364.99930937473
1772937266.5224226,68.7426355668408
1772937266.5224664,-1008.0658917978755
1772937266.5224931,-2726.981348123923
1772937266.5225196,-2672.843768508411
1772937266.5225463,-920.116013445933
1772937266.5225732,69.92157481438288
1772937266.5226,-1095.1613166402585
1772937266.522627,-2780.7274563998776
1772937266.522654,-2617.3734750412964
1772937266.522681,-830.1677278844651
1772937266.5227077,71.64803288613831
1772937266.522734,-1183.0487747395227
1772937266.522742,-2835.818528510529
1772937266.52275,-2562.0053035999526
1772937266.522758,-739.112425033828
1772937266.5227659,73.58293647222244
1772937266.5227735,-1272.6657398057127
1772937266.5227816,-2892.4990284778655
1772937266.5227897,-2505.3961292274107
1772937266.5227976,-644.6758885135353
1772937266.5228057,77.248702485024
1772937266.522813,-1364.4389465139943
1772937266.5228217,-2953.1468768774453
1772937266.52283,-2451.229882529629
1772937266.5228376,-551.0652166335194
1772937266.5228455,79.26625611846488
1772937266.5228531,-1458.6733549291287
1772937266.522861,-3013.128938745699
1772937266.5228689,-2390.6799880023686
1772937266.5228765,-449.14126361380113
1772937266.5228841,84.6070988285168
1772937266.522892,-1556.1924631180461
1772937266.5228996,-3077.008265913154
1772937266.5229073,-2328.833436213984
1772937266.5229151,-342.99358116369285
1772937266.5229228,89.88464446489522
1772937266.5229304,-1659.7774072379577
1772937266.5229383,-3145.899782844436
1772937266.522946,-2264.389206037965
1772937266.5229545,-230.12200074730035
1772937266.522962,96.42931635147967
1772937266.52297,-1770.2671861423376
1772937266.5229776,-3221.4883749292826
1772937266.5229855,-2198.108583636643
1772937266.522996,-110.25354768956942
1772937266.5230067,104.553150149204
1772937266.5230167,-1887.1934491983832
1772937266.5230272,-3301.627614363435
1772937266.5230377,-2125.801174129978
1772937266.523048,20.20809430083877
1772937266.5230582,113.79512092106738
1772937266.5230684,-2015.209129630739
1772937266.523079,-3391.2325910797354
1772937266.5230887,-2048.856804608211
1772937266.5230992,162.91897885041345
1772937266.5231092,125.39662424496568
1772937266.523119,-2154.922092785703
1772937266.5231297,-3490.3082584427875
1772937266.5231397,-1964.3889209135996
1772937266.5231495,321.42022745401823
1772937266.52316,138.76628107679926
1772937266.5231695,-2311.956862943846
1772937266.5231795,-3604.3402956478453
1772937266.52319,-1872.3484138027645
1772937266.5232005,500.21818063129325
1772937266.5232108,156.9211347504214
1772937266.5232213,-2487.3896759540853
1772937266.5232313,-3734.126219066386
1772937266.5232418,-1768.3982331421994
1772937266.5232527,706.1988475837484
1772937266.5232637,181.70104716496076
1772937266.523274,-2686.3886825678746
1772937266.5232847,-3884.1478808423262
1772937266.5232952,-1648.9052260888548
1772937266.5233054,946.720784055114
1772937266.5233157,211.7579254489467
1772937266.523326,-2923.0355785399183
1772937266.523337,-4069.388200281299
1772937266.5233476,-1515.7678778294687
1772937266.5233588,1230.7477817353295
1772937266.5233696,251.08473891610117
1772937266.523382,-3205.315696238642
1772937266.5233936,-4295.969622151302
1772937266.5234048,-1356.494533643472
1772937266.5234149,1582.8828611058784
1772937266.5234253,310.1546490149609
1772937266.523436,-3548.9914160867747
1772937266.5234473,-4584.099544500431
1772937266.5234592,-1166.4883487666712
1772937266.5234697,2027.0549524351782
1772937266.52348,394.14940313371716
1772937266.523491,-3985.9391949136057
1772937266.5235014,-4967.109541846535
1772937266.5235133,-931.4995047629541
1772937266.523524,2615.8638252059654
1772937266.5235357,524.9942875290824
1772937266.5235472,-4564.555176610414
1772937266.5235603,-5505.874226185163
1772937266.5235713,-631.9170491112948
1772937266.523579,3443.762563071501
1772937266.5235865,747.1471799712367
1772937266.5235944,-5376.483046627531
1772937266.523602,-6327.664512053615
1772937266.5236099,-238.6238650451347
1772937266.5236175,4707.2409738613205
1772937266.5236256,1167.9315970076068
1772937266.5236332,-6621.149614370111
1772937266.523641,-7745.977981520262
1772937266.5236487,295.4075479162307
1772937266.5236564,6921.394624334071
1772937266.523664,2136.6871762067703
1772937266.5236719,-8837.576377773708
1772937266.5236795,-10809.946048147955
1772937266.5236871,981.6686548842155
1772937266.523695,12022.09024188726
1772937266.5237029,5476.579205709022
1772937266.5237105,-14293.136805388425
1772937266.523718,-22282.34468215121
1772937266.5237255,-150.07132846341375
1772937266.5237334,40860.36826093277
1772937266.523741,69155.38158931833
1772937267.0033035,0.4787668751080801
1772937267.0033536,1.1802356361525381
1772937267.0033877,2.0212036398086277
1772937267.0034223,2.3719445634966085
1772937267.0034568,2.092560738240879
1772937267.00349,1.6862536808972408
1772937267.003519,1.7244453155885104
1772937267.0035484,2.257664551352853
1772937267.003577,2.885515074295743
1772937267.0036054,3.287417875920969
1772937267.0036345,3.4931644157406465
1772937267.0036464,3.641894989032053
1772937267.0036588,3.708311311544025
1772937267.0036707,3.632813298964873
1772937267.003683,3.5983466098319603
1772937267.003696,3.9168523079206863
1772937267.003708,4.57352492760484
1772937267.0037198,5.082632119736383
1772937267.0037315,4.988868895597336
1772937267.0037453,4.456100373961587
1772937267.0037572,4.158540814719919
1772937267.0037694,4.53112375784048
1772937267.0037832,5.279539850636609
1772937267.0037987,5.757194587445711
1772937267.003811,5.733270377409026
1772937267.0038228,5.606392889766411
1772937267.0038352,5.85501589236914
1772937267.0038471,6.465601321679461
1772937267.0038593,7.019778727954236
1772937267.0038712,7.2185751449855635
1772937267.0038831,7.126904463125886
1772937267.0038953,6.928054982695263
1772937267.0039072,6.6741706962125065
1772937267.0039196,6.413589576055756
1772937267.0039313,6.403812073900534
1772937267.003944,6.9381216348920285
1772937267.0039558,7.923222801384578
1772937267.0039678,8.828549121422418
1772937267.0039823,9.199442359519908
1772937267.003994,9.131100054192231
1772937267.0040052,9.087854872069093
1772937267.004016,9.310548813412046
1772937267.0040271,9.606874543596241
1772937267.0040388,9.764441029919563
1772937267.0040512,9.925767595542046
1772937267.004063,10.32091415352564
1772937267.0040734,10.73712802620901
1772937267.0040853,10.604426538048445
1772937267.004099,9.768643003795331
1772937267.0041115,8.946572661530555
1772937267.0041237,9.083055325387448
1772937267.0041351,10.237024461636302
1772937267.0041473,11.385739751124428
1772937267.0041592,11.517287598303536
1772937267.0041716,10.77072717009264
1772937267.0041833,10.254916254634452
1772937267.0041957,10.766471797590036
1772937267.0042078,11.95125536516219
1772937267.0042193,12.852658061376891
1772937267.0042453,13.068941578998835
1772937267.0042584,13.09114191479584
1772937267.0042791,13.541108200482968
1772937267.0042913,14.391646095013407
1772937267.0043054,15.108381587749468
1772937267.0043206,15.366189668253613
1772937267.004332,15.346970314167681
1772937267.0043426,15.360236605410364
1772937267.004355,15.467972066037062
1772937267.0043666,15.632351250613857
1772937267.0043786,16.01403214159791
1772937267.0043902,16.82005468111025
1772937267.004402,17.863673219315604
1772937267.0044136,18.56344633707027
1772937267.0044255,18.55295813039153
1772937267.0044372,18.148532958207294
1772937267.0044491,18.006870062060408
1772937267.0044613,18.37307740893949
1772937267.0044732,18.896042422215604
1772937267.004485,19.222526157497654
1772937267.0044968,19.5115647519103
1772937267.0045085,20.14290481370928
1772937267.00452,21.05558991707464
1772937267.004532,21.696380951616735
1772937267.004544,21.690771412006193
1772937267.004556,21.3017088534992
1772937267.004568,21.03366770412855
1772937267.00458,20.97464520552374
1772937267.0045917,20.846861085687483
1772937267.0046031,20.66154148852053
1772937267.0046153,20.904102579511783
1772937267.0046265,21.823050757029367
1772937267.004638,22.821648801485647
1772937267.0046499,23.015384534675714
1772937267.004661,22.399708301793265
1772937267.0046728,21.99499482704847
1772937267.0046844,22.54367011248538
1772937267.004696,23.39907413465966
1772937267.004708,23.242177247646666
1772937267.00472,21.87824771615552
1772937267.004732,20.713113305138883
1772937267.0047433,21.06000222737697
1772937267.0047553,22.377850507903787
1772937267.0047667,22.876746614671664
1772937267.0047784,21.878258378566112
1772937267.0047903,20.81100107084618
1772937267.0048025,21.332704449744213
1772937267.004814,22.95778868479667
1772937267.0048268,23.503789839693585
1772937267.0048385,22.028369472425016
1772937267.0048504,20.349792326407698
1772937267.0048623,20.78800622466189
1772937267.0048738,22.865467431488728
1772937267.0048852,23.607313272572757
1772937267.004897,21.64410525652494
1772937267.004909,19.846737174573377
1772937267.0049205,22.206136916591518
1772937267.0049322,27.824087519072012
1772937267.004944,29.521341995374616
1772937267.0049553,20.138976427819834
1772937267.0049672,0.5146911901535809
1772937267.4841979,-0.6303252087554074
1772937267.484269,-0.6202696101804613
1772937267.4843006,-0.06079061869931775
1772937267.484329,0.2908163352379834
1772937267.4843576,0.10886624674649466
1772937267.484386,-0.025980426960014485
1772937267.4844143,0.5991782409436528
1772937267.4844432,1.7936474694163098
1772937267.4844716,2.545020485834848
1772937267.484502,2.1874893945252314
1772937267.4845314,1.2258965196619647
1772937267.4845407,0.7967935528302096
1772937267.4845495,1.4269183616475893
1772937267.4845583,2.559030038700328
1772937267.4845676,3.3012688007555244
1772937267.4845767,3.3918148458519446
1772937267.4845855,3.274690726284929
1772937267.484594,3.4054792403598713
1772937267.4846025,3.7742677877529385
1772937267.4846108,4.13709502473201
1772937267.4846191,4.4429546728026965
1772937267.4846277,4.814968174805701
1772937267.4846363,5.2201492207456175
1772937267.484645,5.434981874357736
1772937267.4846532,5.422470833548274
1772937267.4846616,5.550542621726245
1772937267.48467,6.235331924970579
1772937267.4846785,7.396600425135332
1772937267.4846866,8.435213994482599
1772937267.4846947,8.808721281654252
1772937267.4847033,8.528674914787533
1772937267.4847116,8.023311185385676
1772937267.4847198,7.6123551248110575
1772937267.484728,7.263535903528045
1772937267.4847364,6.852341076250725
1772937267.4847445,6.495109748989145
1772937267.484753,6.511899063908668
1772937267.4847612,7.110158887352571
1772937267.484769,8.194158422022
1772937267.4847777,9.458714381928093
1772937267.4847863,10.573625938928547
1772937267.4847944,11.285308581314883
1772937267.4848027,11.48728528394069
1772937267.4848113,11.30906079442523
1772937267.4848192,11.082251235515509
1772937267.4848275,11.085103210020755
1772937267.4848359,11.29168219235343
1772937267.484844,11.458422883823319
1772937267.4848528,11.48246655626861
1772937267.4848611,11.553214821562142
1772937267.4848695,11.83991008917768
1772937267.4848776,12.117084298436065
1772937267.484886,11.916255631103658
1772937267.4848945,11.135608291035677
1772937267.4849024,10.350583209717357
1772937267.4849107,10.330207700127874
1772937267.4849193,11.243997185324835
1772937267.4849274,12.48868697648461
1772937267.4849355,13.343061230052495
1772937267.484944,13.663360790398901
1772937267.4849524,13.834217672993143
1772937267.4849606,14.15744744622731
1772937267.484969,14.508850158272079
1772937267.4849772,14.622313870551086
1772937267.4849856,14.49816029900281
1772937267.484994,14.365810963995221
1772937267.4850025,14.35460769294737
1772937267.485011,14.426555491155224
1772937267.4850192,14.633712230310405
1772937267.4850273,15.181968752743003
1772937267.4850357,16.063945362052447
1772937267.4850438,16.791009435444963
1772937267.485052,16.79064430926878
1772937267.4850602,16.11902734517887
1772937267.4850683,15.534163897852109
1772937267.485077,15.687918309548346
1772937267.485085,16.395036577367478
1772937267.485093,16.942696982079084
1772937267.4851072,17.05782721279699
1772937267.4851193,17.227173971790005
1772937267.4851317,17.91271492187231
1772937267.48514,18.759777677110506
1772937267.4851484,18.989838671871897
1772937267.4851568,18.54117874561723
1772937267.4851649,18.355489790832042
1772937267.4851732,19.23457959126185
1772937267.485182,20.670280999287534
1772937267.4851904,21.273430019147956
1772937267.4851987,20.412100360170434
1772937267.4852068,19.01382685196926
1772937267.4852152,18.47750446955149
1772937267.4852235,19.071906282059143
1772937267.485232,19.846666031460124
1772937267.4852402,20.04487716129051
1772937267.4852486,20.020848914714044
1772937267.4852583,20.445112429374326
1772937267.4852724,21.049253020243444
1772937267.4852855,20.855154465764716
1772937267.485294,19.690545387150202
1772937267.4853024,18.78767758401901
1772937267.4853106,19.358426009691087
1772937267.485319,20.916140133233785
1772937267.4853272,21.737832847340453
1772937267.4853356,21.075920677187344
1772937267.485344,20.192031165384723
1772937267.485352,20.664903043609915
1772937267.4853604,22.147091572216546
1772937267.4853687,22.730021387892265
1772937267.4853773,21.634359283861304
1772937267.4853857,20.53297858867728
1772937267.4853938,21.349208826153205
1772937267.485402,23.268344051664783
1772937267.4854105,23.347958063535096
1772937267.4854186,20.624039831652663
1772937267.485427,18.398321545275216
1772937267.4854355,20.741028320697616
1772937267.4854436,26.47029852478157
1772937267.485452,28.142497286794416
1772937267.4854627,18.70606214969649
1772937267.4854765,-0.6273165891946025
1772937267.9426224,-6.538986911678919
1772937267.9426606,-488.5694640475875
1772937267.9426873,-900.6467745720199
1772937267.942714,-640.1006850604397
1772937267.9427423,-60.13217264668923
1772937267.942774,7.1542840749801835
1772937267.9428048,-556.9715210810928
1772937267.9428313,-956.4758219282483
1772937267.942858,-602.0427205859378
1772937267.9428847,22.669159564108124
1772937267.9429114,20.184157565481495
1772937267.9429383,-632.1307101876342
1772937267.9429464,-1011.8626598109906
1772937267.9429543,-553.3955850126429
1772937267.9429624,113.00450535247033
1772937267.9429705,25.601737060371555
1772937267.9429786,-723.2502917266255
1772937267.9429865,-1072.9933562451233
1772937267.9429944,-494.2168825028481
1772937267.9430025,215.0912895397013
1772937267.9430106,28.136211418753724
1772937267.9430187,-826.1569696252471
1772937267.9430268,-1134.9415940632675
1772937267.9430346,-419.6655081104882
1772937267.9430425,329.37151631590194
1772937267.94305,21.28865921012685
1772937267.9430585,-949.9088499929237
1772937267.9430661,-1201.2512447792456
1772937267.943074,-325.1287285688857
1772937267.943082,462.43991646869694
1772937267.9430895,6.297455193930771
1772937267.9430976,-1097.9976490589427
1772937267.9431157,-1273.4643088310493
1772937267.9431252,-208.15612186503108
1772937267.9431329,614.0255086342944
1772937267.9431407,-25.60585251455661
1772937267.9431484,-1281.891414071514
1772937267.9431565,-1353.394916884467
1772937267.943164,-58.38690555733163
1772937267.9431715,794.018251661292
1772937267.9431794,-77.04560316177364
1772937267.9431872,-1510.9105800386392
1772937267.9431949,-1439.836075368719
1772937267.9432025,140.17622057912197
1772937267.9432104,1015.701447706515
1772937267.943218,-154.12548880100437
1772937267.9432259,-1801.058160513294
1772937267.9432335,-1533.0419264979882
1772937267.9432411,407.90015814611877
1772937267.9432487,1291.5153582581152
1772937267.9432566,-277.82809149658004
1772937267.9432645,-2188.580311758819
1772937267.9432724,-1639.2891073509916
1772937267.9432805,779.2021977537443
1772937267.943288,1649.7739910240518
1772937267.943296,-470.92582075976594
1772937267.943304,-2720.814720778487
1772937267.9433117,-1757.275547745068
1772937267.9433193,1319.8583504115284
1772937267.9433274,2137.7847962550954
1772937267.943335,-783.2138732083016
1772937267.9433427,-3492.7764767293165
1772937267.9433506,-1887.8487681260729
1772937267.9433584,2154.3660950441604
1772937267.9433663,2842.411996736178
1772937267.9433746,-1325.5903895622234
1772937267.9433825,-4708.421597794772
1772937267.94339,-2028.9513888935862
1772937267.9433975,3570.4818984421845
1772937267.9434056,3975.7457921319
1772937267.9434133,-2354.3648729658903
1772937267.9434211,-6872.652942229108
1772937267.9434297,-2175.4763068912266
1772937267.9434373,6363.104985623564
1772937267.943445,6167.033350938474
1772937267.9434526,-4679.873782232632
1772937267.9434605,-11776.550484964433
1772937267.943468,-2443.122408382781
1772937267.9434757,13920.618911947871
1772937267.9434836,13129.589232248718
1772937267.9434915,-12119.874638670173
1772937267.9434988,-35572.345956027755
1772937267.9435065,-23380.496807477477
1772937267.943514,22413.930043153898
1772937267.9435225,57201.97423388048
1772937267.94353,40078.0462346308
1772937267.9435377,-16720.72832982407
1772937267.9435456,-56389.761255542246
1772937267.9435532,-40102.214675061135
1772937267.9435608,8021.34306840947
1772937267.9435687,29445.045391346695
1772937267.943576,2485.8504735230235
1772937267.9435835,-29281.5387638797
1772937267.943591,-9257.800460860637
1772937267.943599,59201.312322824735
1772937267.9436069,108296.27157567108
1772937267.9436145,80174.70837800247
1772937267.943622,-4756.933426578243
1772937267.9436295,-66847.60179156174
1772937267.9436371,-53579.72627182952
1772937267.9436452,5708.1824461487195
1772937267.9436529,38296.04558843681
1772937267.9436607,12254.85672573827
1772937267.9436686,-31977.40052721483
1772937267.9436762,-35326.47485051257
1772937267.9436839,8757.043586254635
1772937267.9436915,49473.74504863627
1772937267.9436991,41039.067177387056
1772937267.9437068,-5221.772821743327
1772937267.9437144,-38415.112225932244
1772937267.943722,-28497.270786019333
1772937267.94373,4409.359407893889
1772937267.943738,21629.002261549987
1772937267.9437456,13424.332247633465
1772937267.9437532,3884.9340019188908
1772937267.943761,12975.607622127709
1772937267.9437687,28171.8752367526
1772937267.9437764,21446.943084832707
1772937267.943784,-12330.812816390977
1772937267.9437916,-45368.221899474236
1772937268.3710098,-2093.359828255293
1772937268.3710492,509.2042622279858
1772937268.371072,-12151.279269228977
1772937268.371096,-33503.74334792354
1772937268.3711164,-41524.16091569166
1772937268.371136,-25207.93919651341
1772937268.3711565,954.8329684480992
1772937268.3711765,13128.88752599751
1772937268.3711967,4824.993272059947
1772937268.3712173,-8307.881808064141
1772937268.3712263,-9466.657811708417
1772937268.3712351,108.38608998184326
1772937268.3712442,6256.970034591434
1772937268.3712528,1684.3732755210851
1772937268.3712611,-5984.003206757495
1772937268.37127,-6225.50337746899
1772937268.3712785,314.6036548905717
1772937268.371287,4090.5609243496892
1772937268.3712952,334.53676958309813
1772937268.371304,-5111.156792943681
1772937268.3713124,-4701.393635278635
1772937268.3713205,486.63820804894345
1772937268.3713293,2972.6401565169226
1772937268.371338,-438.8924876916586
1772937268.3713462,-4636.3074572865
1772937268.3713543,-3789.141615031302
1772937268.3713632,614.3285171754286
1772937268.3713715,2278.68065950399
1772937268.37138,-946.2602240476795
1772937268.3713884,-4334.271351529111
1772937268.3713968,-3174.5762043847926
1772937268.3714051,712.1113067345768
1772937268.3714137,1800.5439393974907
1772937268.3714232,-1312.3496689737458
1772937268.3714364,-4127.594812714255
1772937268.3714495,-2726.1892706711155
1772937268.371461,796.5891173984782
1772937268.3714724,1451.3923613887207
1772937268.3714845,-1597.214018357752
1772937268.371497,-3984.480961049812
1772937268.3715103,-2381.26078353576
1772937268.3715236,877.690190609087
1772937268.3715348,1187.9142562999893
1772937268.3715477,-1832.50592305741
1772937268.37156,-3887.514072963067
1772937268.371586,-2103.5241261052497
1772937268.3716004,962.6285395652559
1772937268.3716133,984.3440033595078
1772937268.3716233,-2040.1295814789985
1772937268.3716311,-3828.893009445237
1772937268.3716428,-1869.7261892050124
1772937268.3716543,1059.8380383367964
1772937268.3716657,826.8349653099599
1772937268.3716764,-2235.884605282171
1772937268.3716867,-3806.8883556345254
1772937268.3716977,-1664.8288612391204
1772937268.371708,1178.2516402318893
1772937268.3717184,708.6096012484078
1772937268.3717299,-2431.7502444398383
1772937268.3717413,-3822.39701495662
1772937268.371755,-1476.6635822745106
1772937268.3717687,1328.3759221562664
1772937268.3717866,624.558542665802
1772937268.3717992,-2644.4505055012223
1772937268.371811,-3885.333813356391
1772937268.3718226,-1297.25329610029
1772937268.371834,1524.8788429127997
1772937268.3718452,574.7653276838986
1772937268.3718562,-2892.0156512239096
1772937268.3718672,-4009.332969270555
1772937268.371878,-1114.4443693596647
1772937268.3718896,1794.201047829744
1772937268.3719003,564.6475520944474
1772937268.3719113,-3202.029163274245
1772937268.3719227,-4219.068241111794
1772937268.3719351,-908.1119399590567
1772937268.3719473,2185.4638646479843
1772937268.371961,605.3774044064579
1772937268.3719707,-3630.3941113755322
1772937268.3719845,-4569.87553394979
1772937268.3719969,-643.0272698542523
1772937268.37201,2799.94894859387
1772937268.3720222,721.7867705797162
1772937268.3720343,-4302.138890988432
1772937268.3720448,-5189.603413255424
1772937268.3720565,-229.91294463765564
1772937268.3720684,3897.581785667509
1772937268.3720794,972.1592650124663
1772937268.3720913,-5592.103143983933
1772937268.3721025,-6478.8650292824095
1772937268.3721132,648.8488824710646
1772937268.3721254,6480.959181371935
1772937268.3721378,1642.0716589467213
1772937268.3721516,-9330.509279512757
1772937268.3721647,-11033.916912425853
1772937268.3721764,3755.2151923263345
1772937268.372188,22000.957140846072
1772937268.3721993,22516.61572667097
1772937268.372212,492.70466182162755
1772937268.3722255,-24459.98650697562
1772937268.3722377,-28106.35959171125
1772937268.3722506,-7733.086550919609
1772937268.372264,15384.743140854167
1772937268.3722732,20068.63850039105
1772937268.3722823,7734.712774365034
1772937268.3722908,-2535.714516783272
1772937268.3722997,782.6347467469517
1772937268.3723085,7382.969428440741
1772937268.3723168,-624.5681611683359
1772937268.3723257,-23322.215305449157
1772937268.372334,-38173.53647885415
1772937268.3723423,-23850.831912924812
1772937268.3723507,13364.34651068251
1772937268.3723595,41456.7738126467
1772937268.372368,33244.4888969293
1772937268.3723762,-5530.344551531609
1772937268.3723876,-39804.41095583546
1772937268.3724008,-37112.75766070044
1772937268.37241,3508.3427637264504
1772937268.3724186,52213.31111072645
1772937268.3724267,75331.78010191998
1772937268.8148177,-12036.917748661026
1772937268.8148572,-7052.337476020491
1772937268.8148837,6191.797764449483
1772937268.8149118,9324.045493881953
1772937268.8149428,-188.55893491462805
1772937268.81497,-8123.182185385358
1772937268.8150003,-4181.854909469313
1772937268.81503,5015.184689843321
1772937268.8150568,6588.536865117254
1772937268.8150835,-830.8713079215689
1772937268.8151107,-6393.006374764303
1772937268.8151374,-2706.638656244432
1772937268.8151455,4481.114495942559
1772937268.815154,5098.153856306022
1772937268.8151624,-1250.0033663860168
1772937268.8151712,-5404.623811634314
1772937268.815179,-1781.9002668932192
1772937268.8151867,4190.464201736589
1772937268.815195,4142.646955892353
1772937268.815203,-1565.8197928959412
1772937268.8152108,-4768.507772429068
1772937268.8152184,-1127.6809499897422
1772937268.8152263,4028.1398272729375
1772937268.8152342,3471.233597615909
1772937268.8152418,-1826.5946902452088
1772937268.8152497,-4326.237406991067
1772937268.8152573,-618.6950885257386
1772937268.8152647,3948.1701383875047
1772937268.8152723,2964.0287154967564
1772937268.8152804,-2068.8960764369685
1772937268.8152883,-4013.9197139930366
1772937268.8152957,-198.19091600699724
1772937268.8153036,3926.975415969452
1772937268.8153112,2558.959205362744
1772937268.815319,-2311.2874252427277
1772937268.8153267,-3790.7585942616042
1772937268.8153343,178.4970466767978
1772937268.8153422,3965.8937969797653
1772937268.8153498,2227.520342244964
1772937268.8153577,-2567.9374325665535
1772937268.8153653,-3640.9944019392397
1772937268.8153732,530.8752045906353
1772937268.8153808,4059.1181850770377
1772937268.8153884,1942.8059219854586
1772937268.8153963,-2856.8045199710123
1772937268.815404,-3553.7981025268473
1772937268.8154116,886.7925967107667
1772937268.815419,4222.565020246016
1772937268.8154266,1694.5784201253653
1772937268.8154345,-3198.996780157982
1772937268.815442,-3534.6076090513907
1772937268.8154497,1262.126149355466
1772937268.8154573,4469.068070792152
1772937268.815465,1467.2383804223157
1772937268.8154726,-3628.607317883976
1772937268.81548,-3595.166669769607
1772937268.8154879,1689.5389116377603
1772937268.8154955,4842.630479515765
1772937268.8155031,1261.1205686114388
1772937268.8155107,-4192.35601225025
1772937268.8155184,-3764.0792706801244
1772937268.815526,2211.715935999588
1772937268.8155336,5413.5809276153595
1772937268.8155415,1071.9289205578864
1772937268.8155491,-4989.735518304905
1772937268.8155568,-4115.856049992103
1772937268.8155646,2900.096214314202
1772937268.8155725,6331.794702263988
1772937268.81558,910.9498863329814
1772937268.8155878,-6224.7342237942285
1772937268.8155956,-4825.102189201018
1772937268.8156033,3917.3030246857797
1772937268.815611,7993.248607944436
1772937268.8156185,859.8541570785833
1772937268.8156264,-8445.6015957598
1772937268.815634,-6491.369373301576
1772937268.815642,5657.889609015104
1772937268.81565,11816.562255715338
1772937268.8156576,1539.4380456330944
1772937268.8156652,-13883.321665990241
1772937268.8156729,-12983.729838826292
1772937268.8156807,8952.278967344444
1772937268.8156884,31431.00201532663
1772937268.8156962,31239.105150524036
1772937268.815704,9291.166687671639
1772937268.8157115,-11400.9325046147
1772937268.8157194,-14133.36719359684
1772937268.8157272,-7423.6491762433125
1772937268.815735,-10661.476445827737
1772937268.8157427,-25612.06675815782
1772937268.8157504,-31663.27711864864
1772937268.815758,-12451.180870718925
1772937268.815766,19767.30766489816
1772937268.8157735,34644.31695392695
1772937268.8157814,18440.763262802167
1772937268.8157895,-9290.95358583611
1772937268.815797,-18312.9893719469
1772937268.815805,-2726.179271958251
1772937268.8158128,13971.478357031714
1772937268.8158205,9425.674523122787
1772937268.815828,-9460.478663779333
1772937268.815836,-15521.582327667022
1772937268.8158438,3863.7969961274734
1772937268.8158514,29263.28785712967
1772937268.815859,30904.20435271153
1772937268.8158672,3773.284542573505
1772937268.815875,-25819.91336695837
1772937268.8158827,-29763.287188331575
1772937268.8158908,-8745.747564249028
1772937268.8158984,11063.565596767121
1772937268.815906,9401.339014789173
1772937268.8159137,-6407.341378276177
1772937268.8159213,-13419.706803794868
1772937268.8159287,-1996.3562037239394
1772937268.8159363,13405.800181680333
1772937268.815944,12882.447182039485
1772937268.8159516,-4717.804140829486
1772937268.8159597,-20712.006291988455
1772937268.815967,-18351.06943620167
1772937268.8159747,-792.1916957423542
1772937269.2174256,-5457.085177286718
1772937269.2174735,-7983.008168923468
1772937269.2174997,1025.351596264337
1772937269.2175229,8596.98516996985
1772937269.2175465,3758.1659135949726
1772937269.217574,-6633.113221198925
1772937269.2176015,-7578.3511895552265
1772937269.2176268,2504.108678551085
1772937269.2176445,9207.669770060538
1772937269.2176538,2633.2137811620823
1772937269.2176638,-8081.360817172081
1772937269.2176785,-7389.886866026167
1772937269.217693,4235.516198901545
1772937269.2177043,10240.975464399622
1772937269.217713,1404.6317912287004
1772937269.217722,-10167.339235105097
1772937269.2177305,-7445.173073064815
1772937269.2177389,6717.348013407237
1772937269.2177472,12121.424822689749
1772937269.2177556,-356.94668484959567
1772937269.217764,-13912.4291556954
1772937269.2177725,-7866.440776708557
1772937269.2177813,11622.652529360601
1772937269.21779,16504.139321822528
1772937269.217799,-4492.588622657061
1772937269.2178075,-24685.356090566227
1772937269.217816,-9769.621435155936
1772937269.2178245,33905.19874468699
1772937269.2178328,57066.62367790942
1772937269.2178411,22676.039432555343
1772937269.2178495,-44375.45857439288
1772937269.2178588,-76777.6658921766
1772937269.217868,-37434.06430316323
1772937269.2178764,36555.98322976384
1772937269.2178857,70659.18109191004
1772937269.2178943,30926.639166533078
1772937269.217908,-41984.605075150306
1772937269.2179215,-76604.53440208326
1772937269.217936,-40931.16663113721
1772937269.2179472,33784.859191188705
1772937269.2179568,90799.98387454123
1772937269.2179656,98857.95795325375
1772937269.2179744,67312.76425652209
1772937269.2179835,24666.982629661943
1772937269.2179923,-6597.409495860298
1772937269.218002,-17762.005346695893
1772937269.2180119,-10683.540202885795
1772937269.218022,4480.88015965288
1772937269.2180312,12652.815919584968
1772937269.2180405,4293.340591439104
1772937269.2180495,-14320.5092658314
1772937269.2180588,-25293.870770108002
1772937269.2180676,-17209.39966685233
1772937269.218078,2213.4638843400558
1772937269.2180865,14035.96947746607
1772937269.2180953,7859.858898348739
1772937269.218104,-8693.797256701915
1772937269.2181125,-19471.72466637384
1772937269.2181215,-15255.546251127626
1772937269.21813,779.2559255662559
1772937269.2181394,18285.898885471954
1772937269.218148,25969.94036114475
1772937269.2181568,15158.30840992206
1772937269.2181652,-14981.887096895663
1772937269.2181735,-51501.93099588722
1772937269.2181823,-71305.80689381047
1772937269.218191,-58645.63465396161
1772937269.2181997,-21851.384100733754
1772937269.2182083,11156.41293419064
1772937269.218217,18148.04258963646
1772937269.2182255,2995.2235466052175
1772937269.218234,-11331.505836859926
1772937269.2182426,-8935.72461741422
1772937269.2182512,3740.801840672819
1772937269.21826,9525.047458098992
1772937269.2182684,2514.7481856693366
1772937269.2182767,-6597.406410960797
1772937269.2183015,-6065.463979237278
1772937269.21831,2142.359179689209
1772937269.2183185,6578.406261896936
1772937269.2183268,2006.1136277897908
1772937269.2183352,-4632.868782321243
1772937269.2183435,-4517.815743452206
1772937269.2183516,1460.1659073527912
1772937269.21836,4901.372110188678
1772937269.2183683,1600.371181395227
1772937269.2183769,-3430.5781824640553
1772937269.2183852,-3460.0037501153724
1772937269.2183936,1016.1088115687403
1772937269.218402,3697.6560603537605
1772937269.2184105,1308.1812146150285
1772937269.2184188,-2491.9621958772195
1772937269.2184272,-2649.6027859442515
1772937269.2184355,593.302967051554
1772937269.2184439,2680.825795177778
1772937269.218452,1137.6589411176924
1772937269.2184606,-1591.9144015829797
1772937269.218469,-1969.0446554151038
1772937269.2184775,72.38925978100114
1772937269.2184858,1689.407245711328
1772937269.2184944,1116.9219862219793
1772937269.2185028,-551.6519573399191
1772937269.218511,-1341.776236434903
1772937269.2185197,-696.4264933218202
1772937269.218528,540.5003475386715
1772937269.2185364,1305.6398250012555
1772937269.2185445,895.0738329775575
1772937269.218553,-666.210295022292
1772937269.2185616,-2007.8274832024401
1772937269.21857,-1131.8527599139595
1772937269.218578,1852.8419649963957
1772937269.2185886,3419.733678215897
1772937269.2185967,364.8573003717773
1772937269.21861,-4720.569202593238
1772937269.2186239,-4630.371249327463
1772937269.2186365,3125.298467594582
1772937269.2186449,9982.314863264639
1772937269.2186549,4225.015768320752
1772937269.2186673,-12977.152325609039
1772937269.2186785,-23775.15529165439
1772937269.6984305,735.1471146537943
1772937269.6984708,-3915.4925844314253
1772937269.6984923,-4065.7691485327446
1772937269.6985223,431.45044825241075
1772937269.6985476,3263.1520756046493
1772937269.6985765,513.7658743038455
1772937269.6986032,-3922.7140271355233
1772937269.6986299,-3852.921482550501
1772937269.6986563,574.405523839288
1772937269.6986828,3147.3349010245993
1772937269.6987095,302.4197812263018
1772937269.6987364,-3941.8821789484696
1772937269.698758,-3657.2261486283383
1772937269.6987655,717.8348949339781
1772937269.698774,3046.8466883683923
1772937269.698782,98.22804068460688
1772937269.6987896,-3972.767952834638
1772937269.6987972,-3476.462127591567
1772937269.6988049,862.7760355648212
1772937269.6988127,2961.5185847498697
1772937269.6988206,-97.21945735628064
1772937269.6988282,-4010.9131363329684
1772937269.698836,-3306.462221789037
1772937269.6988437,1009.2223163397555
1772937269.698851,2887.4582636004475
1772937269.6988592,-287.39305981768877
1772937269.6988668,-4056.0703618267726
1772937269.6988747,-3144.599169036788
1772937269.6988823,1158.2916841829342
1772937269.6988897,2822.741740009323
1772937269.698898,-474.7919003823421
1772937269.6989057,-4108.18724716121
1772937269.6989133,-2988.416827458615
1772937269.698933,1311.6528729792337
1772937269.6989405,2765.851631550088
1772937269.698948,-663.0406449971509
1772937269.698956,-4169.879064642946
1772937269.6989636,-2837.8354221733875
1772937269.6989713,1470.9807555604534
1772937269.6989791,2718.026631702084
1772937269.6989868,-852.051345553441
1772937269.6989944,-4241.698974302414
1772937269.699002,-2693.9503667712984
1772937269.6990097,1634.0313615081889
1772937269.6990173,2676.336878622874
1772937269.6990252,-1042.771885210653
1772937269.6990328,-4319.7653877936655
1772937269.699041,-2548.6417721503008
1772937269.6990485,1808.34382197654
1772937269.699056,2642.554073829644
1772937269.6990635,-1239.9339373901819
1772937269.6990712,-4411.155822989844
1772937269.6990788,-2406.750800301687
1772937269.6990864,1992.148739516757
1772937269.6990943,2615.9016797308736
1772937269.6991017,-1444.1625993071345
1772937269.6991096,-4514.384960723682
1772937269.6991177,-2263.2430901311536
1772937269.6991253,2191.3977723565527
1772937269.6991332,2598.317629768792
1772937269.6991408,-1659.0957190166546
1772937269.6991484,-4634.5571843945345
1772937269.699156,-2119.5538623066627
1772937269.699164,2408.4527537908116
1772937269.6991713,2591.5978578080153
1772937269.6991796,-1885.804138419088
1772937269.6991873,-4772.291433504882
1772937269.6991951,-1971.8474632412365
1772937269.6992033,2649.275870388348
1772937269.699211,2596.571245996687
1772937269.6992185,-2131.307159680724
1772937269.6992264,-4935.5623152360995
1772937269.699234,-1820.2765394730866
1772937269.6992416,2920.417469275102
1772937269.6992495,2615.7694497486236
1772937269.6992576,-2403.523772793054
1772937269.6992652,-5135.003588069627
1772937269.6992729,-1664.9499597649026
1772937269.6992805,3233.570518174949
1772937269.6992881,2659.2861080804832
1772937269.6992958,-2704.4600585084354
1772937269.6993034,-5377.41978691924
1772937269.6993113,-1502.324917171482
1772937269.6993186,3602.126800637138
1772937269.6993263,2730.7808595145952
1772937269.699334,-3052.6513533648485
1772937269.6993418,-5686.611671341946
1772937269.6993496,-1331.9439225615133
1772937269.6993573,4052.9175700719597
1772937269.699365,2849.385682559644
1772937269.6993725,-3464.3290663448506
1772937269.6993804,-6093.454413703522
1772937269.699388,-1151.735823105028
1772937269.6993957,4628.339773228347
1772937269.6994033,3043.2845232111813
1772937269.699411,-3973.687293440387
1772937269.6994188,-6659.131787608754
1772937269.6994283,-961.6095286836587
1772937269.6994402,5408.497783852354
1772937269.6994529,3370.2402402207517
1772937269.6994612,-4646.600064938211
1772937269.6994696,-7511.7815161359495
1772937269.699478,-767.737460813474
1772937269.6994865,6565.619789315887
1772937269.6994948,3967.3751101484677
1772937269.699503,-5627.414343186628
1772937269.6995113,-8963.280558074995
1772937269.6995196,-595.3818244739846
1772937269.6995277,8558.930630888115
1772937269.6995363,5240.217866560772
1772937269.699545,-7337.738590678908
1772937269.6995533,-12054.422817479584
1772937269.6995616,-592.8597015829706
1772937269.6995697,13192.160961756606
1772937269.699578,9145.478878828353
1772937269.6995862,-11744.155463789304
1772937269.6995945,-23514.692294136683
1772937269.699603,-3172.0487487348764
1772937269.6996117,40899.46390974413
1772937269.6996212,74007.24218455207
1772937270.1751,1.9728160749783692
1772937270.1751387,2.3884126881872634
1772937270.1751657,2.4843148169396447
1772937270.175192,2.7679069495406012
1772937270.1752188,3.4623451964154737
1772937270.1752453,4.188792292531513
1772937270.175272,4.460519820709323
1772937270.1753016,4.3300751332247165
1772937270.1753285,4.29068986334189
1772937270.1753547,4.548126185640694
1772937270.1753814,4.688008920267867
1772937270.1754074,4.268712083177208
1772937270.1754155,3.5735015728243145
1772937270.1754236,3.4339740082467163
1772937270.1754315,4.226016490593829
1772937270.1754394,5.308718179427787
1772937270.1754477,5.713930708651553
1772937270.1754556,5.306120080216564
1772937270.1754637,4.965563300433699
1772937270.1754715,5.519177550299761
1772937270.17548,6.698923890713941
1772937270.175488,7.383254986874411
1772937270.1754963,6.821493627850165
1772937270.175504,5.4122204552647455
1772937270.1755123,4.2359629977656095
1772937270.17552,4.018016457430107
1772937270.1755278,4.680644655276172
1772937270.1755357,5.733518937229222
1772937270.1755433,6.790764462357032
1772937270.1755512,7.647006166053121
1772937270.1755593,8.12868076017215
1772937270.175567,8.161539378432828
1772937270.1755748,7.9683885141558255
1772937270.1755824,7.971857917550617
1772937270.1755905,8.392576864663916
1772937270.175598,9.05297712858725
1772937270.1756055,9.671237100449202
1772937270.1756132,10.232411047744824
1772937270.1756208,10.890613570716802
1772937270.1756284,11.543916712465172
1772937270.175636,11.76023058089202
1772937270.1756437,11.286268147770423
1772937270.1756513,10.504645237982535
1772937270.1756597,10.154270072126689
1772937270.1756673,10.558217990057628
1772937270.175675,11.289193577006602
1772937270.1756828,11.687514893152548
1772937270.1756904,11.581666343993241
1772937270.175698,11.350069028173635
1772937270.175706,11.353614081411036
1772937270.1757135,11.537202787134781
1772937270.1757212,11.650551912426355
1772937270.1757288,11.649929567781758
1772937270.1757364,11.682214037757083
1772937270.1757443,11.7697211464792
1772937270.175752,11.779401800423999
1772937270.1757596,11.762642880067395
1772937270.1757677,12.069846374261445
1772937270.1757753,12.893744903401283
1772937270.175783,13.80971697091275
1772937270.1757905,14.085000094106997
1772937270.175798,13.545336260139022
1772937270.1758058,12.898931381042795
1772937270.1758137,12.971004866458976
1772937270.1758215,13.720763848443218
1772937270.1758296,14.301035217228172
1772937270.1758392,14.134693369514562
1772937270.1758509,13.647418198816428
1772937270.175864,13.71343277229843
1772937270.1758723,14.542972927770753
1772937270.1758807,15.45574026817159
1772937270.1758888,15.783751771576219
1772937270.1758971,15.654693053174736
1772937270.1759057,15.641143141805674
1772937270.1759136,15.866199130452825
1772937270.175922,15.885546639450164
1772937270.1759305,15.502159985943143
1772937270.1759388,15.267849221620963
1772937270.1759467,15.81698364424898
1772937270.1759553,16.877247366388552
1772937270.1759634,17.40429028559389
1772937270.1759715,16.827710058597123
1772937270.17598,15.814054236191895
1772937270.1759882,15.487492348611589
1772937270.1759963,16.080108733205687
1772937270.1760044,16.76365169138257
1772937270.176013,16.829735244785457
1772937270.1760216,16.57438580211784
1772937270.1760297,16.706887034602456
1772937270.176038,17.209321399393268
1772937270.1760464,17.358862722250326
1772937270.1760545,16.92795864310668
1772937270.1760628,16.76988391640189
1772937270.176071,17.7407810477095
1772937270.1760793,19.31952821835095
1772937270.1760876,19.96449706527642
1772937270.176096,19.006130388462168
1772937270.1761043,17.643477865800833
1772937270.1761127,17.583040613620856
1772937270.1761208,18.958283998322216
1772937270.1761289,20.239978118479517
1772937270.1761372,20.270619429008246
1772937270.1761453,19.693722595435247
1772937270.1761537,19.854249403633645
1772937270.1761618,20.755709546954392
1772937270.17617,21.04653576484865
1772937270.1761785,20.165229231156395
1772937270.1761868,19.51361488668887
1772937270.1761951,20.61062649417766
1772937270.1762035,22.5339332977779
1772937270.176212,22.569723463773315
1772937270.1762202,19.979212718457042
1772937270.1762285,18.000466206345493
1772937270.1762369,20.448363676825284
1772937270.176245,26.0284234130004
1772937270.1762533,27.48171754026578
1772937270.1762617,18.031532791416822
1772937270.6631403,-73284.64959808436
1772937270.663178,-37691.43921591337
1772937270.6632044,3360.6629073885506
1772937270.663231,19558.89630612514
1772937270.6632571,8297.685574392946
1772937270.6632843,-8294.625652027906
1772937270.6633108,-10340.016180876126
1772937270.663337,449.62640447205695
1772937270.6633632,8234.975358017336
1772937270.66339,4286.610568315507
1772937270.6634164,-4279.570075193842
1772937270.663438,-6013.189312909682
1772937270.663446,165.59760250153067
1772937270.663454,5263.356834550078
1772937270.663462,2920.771588935244
1772937270.6634705,-2913.3260521245675
1772937270.6634784,-4291.875181960488
1772937270.6634865,85.52475510806968
1772937270.663494,3920.080617429637
1772937270.6635022,2246.229465059601
1772937270.66351,-2236.46527850317
1772937270.6635184,-3381.313300723975
1772937270.663526,54.64920298953453
1772937270.663534,3170.5279867324466
1772937270.6635416,1853.0997614122439
1772937270.6635494,-1840.3311290319073
1772937270.6635573,-2830.9000008621642
1772937270.663565,37.6602404182235
1772937270.6635728,2700.9627334201655
1772937270.6635807,1601.4790676117195
1772937270.6635883,-1584.9392702019313
1772937270.663596,-2469.0496183085857
1772937270.6636035,29.810174101951294
1772937270.6636112,2390.1219903954866
1772937270.6636193,1432.7741570472745
1772937270.6636267,-1412.2153257605223
1772937270.663634,-2222.2374811847944
1772937270.663642,25.24558168425379
1772937270.6636496,2176.8582235196577
1772937270.6636577,1315.7022880039938
1772937270.6636653,-1294.7416592514423
1772937270.663673,-2053.556997756462
1772937270.6636806,21.20540342377947
1772937270.6636884,2030.2811685859542
1772937270.663696,1236.3930735293102
1772937270.663704,-1213.7190946647925
1772937270.6637118,-1939.5215442504064
1772937270.6637194,16.76372557283775
1772937270.6637273,1930.6133758665287
1772937270.663735,1182.963623575963
1772937270.6637425,-1161.5618019171955
1772937270.6637504,-1866.810932730481
1772937270.663758,14.777058807441033
1772937270.6637657,1872.0253851023447
1772937270.6637733,1153.7447461068175
1772937270.663781,-1131.4268080793474
1772937270.6637888,-1828.5972301054298
1772937270.6637964,14.269777282826894
1772937270.663804,1849.1608702279618
1772937270.663812,1147.650452301857
1772937270.6638196,-1118.2000835891636
1772937270.6638272,-1819.8570666380404
1772937270.663835,14.530326076838524
1772937270.6638427,1856.5122789602801
1772937270.6638505,1158.4345793091777
1772937270.663859,-1127.263741080035
1772937270.6638665,-1845.6964045125117
1772937270.6638741,11.40697458092525
1772937270.6638818,1892.615781151921
1772937270.6638896,1186.9138901838885
1772937270.6638975,-1157.8522051809248
1772937270.6639051,-1905.5051610074975
1772937270.6639128,8.426779051291025
1772937270.6639206,1964.9510493721523
1772937270.6639285,1239.8683130331701
1772937270.663936,-1209.0022485957934
1772937270.663944,-2001.7604660276756
1772937270.663952,7.481545371237156
1772937270.6639595,2081.3173030240837
1772937270.6639676,1321.367837308602
1772937270.6639752,-1289.354923321441
1772937270.663983,-2149.7757123803776
1772937270.6639907,2.7464671814944532
1772937270.6639988,2250.4339113704955
1772937270.6640065,1439.839210072602
1772937270.664014,-1405.9395470147176
1772937270.6640215,-2363.876242328832
1772937270.6640296,-3.983497156050267
1772937270.6640375,2494.558571917261
1772937270.664045,1610.4412741181825
1772937270.6640532,-1575.5471116077956
1772937270.6640608,-2674.591819919567
1772937270.6640687,-11.503003535166624
1772937270.6640768,2856.1975664741153
1772937270.6640844,1865.0378532499265
1772937270.6640923,-1827.8901607412763
1772937270.6641002,-3144.105854951326
1772937270.664108,-27.609987007026504
1772937270.6641154,3407.6872143155997
1772937270.6641233,2261.7338697887885
1772937270.664131,-2221.109277986596
1772937270.6641388,-3893.931112703975
1772937270.664147,-58.394334420680416
1772937270.6641548,4318.868327475302
1772937270.6641624,2939.5607789498567
1772937270.6641705,-2894.546707831582
1772937270.664178,-5236.091155791309
1772937270.6641855,-137.55379084476073
1772937270.6641936,6040.553955668686
1772937270.6642015,4305.471666760893
1772937270.6642091,-4261.190449773475
1772937270.6642168,-8208.71509940037
1772937270.6642244,-423.09127679489194
1772937270.6642325,10364.638206061809
1772937270.6642404,8316.62907899088
1772937270.664248,-8275.428057577188
1772937270.6642556,-19532.518269784894
1772937270.6642632,-3330.927702131546
1772937270.664271,37716.62576271319
1772937270.6642787,73294.77423359248
1772937271.1431327,-65.80662135561029
1772937271.143172,-107.35066273488256
1772937271.143195,1.2980296770579116
1772937271.143218,110.27900633071165
1772937271.1432412,69.1665289338119
1772937271.1432657,-65.29890219412864
1772937271.1432865,-107.2577004045326
1772937271.143306,1.6873408062714972
1772937271.1433256,111.37622978871977
1772937271.1433454,70.1422424860964
1772937271.1433592,-65.15419273049731
1772937271.143368,-106.69809855610964
1772937271.1433764,4.783666539631697
1772937271.143385,116.68320279780497
1772937271.1433935,74.09182027173898
1772937271.1434019,-65.55721919110894
1772937271.1434104,-110.02819246359053
1772937271.1434188,2.7539310845611618
1772937271.1434271,117.6158108846508
1772937271.1434357,75.30841508866008
1772937271.1434443,-66.55279950746396
1772937271.1434526,-111.16611636368816
1772937271.1434612,5.518222237207583
1772937271.1434696,123.8490615920341
1772937271.143478,79.35353529323915
1772937271.1434865,-68.34790208801974
1772937271.1434948,-114.80732254239545
1772937271.1435032,7.02710766779211
1772937271.1435113,130.8626403452672
1772937271.1435196,84.27995703916815
1772937271.143528,-71.1532721482232
1772937271.1435363,-120.93383251695138
1772937271.143545,6.636582119617086
1772937271.143553,137.53479168354767
1772937271.1435616,89.34912192333468
1772937271.14357,-74.52020449229953
1772937271.1435783,-127.7677399047664
1772937271.1435869,6.719444603098508
1772937271.1435952,145.5953677397953
1772937271.1436033,94.82516352066389
1772937271.1436117,-79.20694085193662
1772937271.14362,-135.50617938675492
1772937271.143628,9.047448354179881
1772937271.1436367,158.56630637045822
1772937271.1436448,104.0005581237985
1772937271.1436532,-84.45054761347618
1772937271.1436615,-146.8569444410503
1772937271.1436696,8.294976704043783
1772937271.143678,170.3269289611033
1772937271.1436865,111.88125825292487
1772937271.1436949,-92.31437071797808
1772937271.1437032,-159.4814738622715
1772937271.1437113,11.38051615819989
1772937271.1437194,190.2726038898012
1772937271.1437275,126.5218562181427
1772937271.143736,-99.31668578258284
1772937271.143744,-175.10283395524417
1772937271.1437523,13.052770692402769
1772937271.1437607,211.57146076222378
1772937271.1437688,140.48478956236184
1772937271.1437771,-112.72678756640255
1772937271.1437855,-199.17268897118063
1772937271.1437936,11.425162817022706
1772937271.143802,235.8367915498838
1772937271.1438105,156.85496093427082
1772937271.143819,-129.52626665567385
1772937271.1438274,-227.784245414607
1772937271.1438358,13.159295552319614
1772937271.143844,271.6608470089901
1772937271.1438527,181.97870119490008
1772937271.1438608,-149.14454511303606
1772937271.1438692,-265.03384719926504
1772937271.1438775,13.785842665987667
1772937271.143886,316.2560819667622
1772937271.1438944,212.41423004829895
1772937271.1439028,-177.9968623599931
1772937271.1439111,-317.6915530854418
1772937271.1439197,11.450019779594255
1772937271.143928,373.1995815272386
1772937271.1439364,251.01351319555536
1772937271.1439447,-218.71750453389984
1772937271.143953,-389.21478383264923
1772937271.1439617,11.355956357629273
1772937271.1439698,457.0438894246667
1772937271.143978,309.31356438294716
1772937271.1439867,-274.1720191807871
1772937271.1439953,-491.31748756062547
1772937271.1440036,10.227635889123363
1772937271.1440115,578.7710983673569
1772937271.14402,396.50259769367347
1772937271.144028,-354.13176422909055
1772937271.1440368,-643.9536933675788
1772937271.144045,5.340032380019511
1772937271.1440532,759.5559790690462
1772937271.144061,525.6457629852672
1772937271.1440697,-485.1172987683434
1772937271.1440775,-891.661833567581
1772937271.1440861,-5.258778865856963
1772937271.1440945,1057.5863525195462
1772937271.1441028,745.6810052640047
1772937271.1441112,-705.1993679899504
1772937271.1441195,-1324.024366896255
1772937271.144128,-28.030070284190845
1772937271.1441364,1601.4162579486697
1772937271.1441448,1165.4688872376537
1772937271.144153,-1122.5242034843525
1772937271.1441612,-2190.308621092294
1772937271.14417,-89.0829976816418
1772937271.144178,2769.5779954146956
1772937271.1441865,2135.2495999013427
1772937271.1441948,-2089.2172717997114
1772937271.1442032,-4404.437171952941
1772937271.1442113,-339.5478709345073
1772937271.1442208,6181.823210023854
1772937271.1442335,5467.998385158705
1772937271.1442413,-5426.99847073693
1772937271.1442492,-14381.914154239556
1772937271.1442568,-3168.2834316259678
1772937271.1442645,31805.365157885335
1772937271.144272,69068.98775495062
1772937271.6234343,1.45687707977654
1772937271.623479,2.4069559392837454
1772937271.6235049,3.250755748377548
1772937271.6235316,3.4648016986683
1772937271.6235583,3.129835391307608
1772937271.6235852,2.873610928203105
1772937271.6236117,3.141010094628522
1772937271.6236384,3.7019283627664152
1772937271.6236649,4.011338760270663
1772937271.6236916,3.9430726192517143
1772937271.6237183,3.949591990097022
1772937271.6237447,4.457749219960828
1772937271.6237528,5.29345247106915
1772937271.6237607,5.863333662301398
1772937271.6237688,5.833217055236346
1772937271.623777,5.444624408277792
1772937271.6237848,5.1415215773802485
1772937271.6237926,5.069480296386475
1772937271.6238005,5.076634297174327
1772937271.623808,5.0854521973257345
1772937271.6238158,5.219429791107577
1772937271.6238236,5.507983806910477
1772937271.6238313,5.677652970457988
1772937271.6238396,5.45382312734348
1772937271.6238475,5.036309332614028
1772937271.6238556,5.055314907700063
1772937271.6238637,5.923989018898683
1772937271.623872,7.313694416370438
1772937271.6238801,8.403774464788636
1772937271.6238883,8.655211253908748
1772937271.623896,8.257849027583397
1772937271.623904,7.826645405892532
1772937271.6239283,7.785882743270799
1772937271.6239364,8.115069606465093
1772937271.6239443,8.569319168453383
1772937271.623952,8.955719080932212
1772937271.62396,9.173075996692791
1772937271.623968,9.161262729158327
1772937271.6239777,8.969893073504663
1772937271.6239903,8.828646428553387
1772937271.6240027,8.983799959258604
1772937271.6240156,9.40660868559873
1772937271.6240284,9.768749109960982
1772937271.6240392,9.809133931884197
1772937271.624047,9.68348723063745
1772937271.624055,9.837757653651249
1772937271.6240625,10.513890366833838
1772937271.6240704,11.463391052349229
1772937271.624078,12.193249346998368
1772937271.624086,12.426911014901012
1772937271.6240935,12.25836742067567
1772937271.6241012,11.92563215685353
1772937271.6241093,11.584737059849777
1772937271.6241171,11.343592191998502
1772937271.6241248,11.373725873723775
1772937271.6241329,11.82279628191365
1772937271.6241405,12.606841462130264
1772937271.6241484,13.402250841704852
1772937271.6241565,13.90878849497429
1772937271.6241643,14.081707961132848
1772937271.624172,14.080043622054346
1772937271.6241798,14.063616036947945
1772937271.6241877,14.1182288877728
1772937271.624195,14.310813489728073
1772937271.6242032,14.653446170543504
1772937271.624211,14.970230039928389
1772937271.624219,14.959210812422764
1772937271.6242268,14.549780762993828
1772937271.6242344,14.14328791290639
1772937271.6242423,14.290254513038569
1772937271.62425,15.045997525550975
1772937271.6242576,15.79917219900238
1772937271.6242652,15.90735388415349
1772937271.6242733,15.44210263626846
1772937271.624281,15.10373764792964
1772937271.6242888,15.36634794026277
1772937271.6242967,15.924130368447647
1772937271.6243043,16.152426214844482
1772937271.6243124,15.964340512548443
1772937271.6243205,15.904991657860664
1772937271.6243281,16.357711835632017
1772937271.6243355,16.972919132786636
1772937271.6243436,17.144861653835374
1772937271.6243515,16.884000763976633
1772937271.6243591,16.813357416429344
1772937271.624367,17.214707263415985
1772937271.6243749,17.471528466361455
1772937271.6243827,16.83786436049913
1772937271.6243904,15.612029158536073
1772937271.6243982,15.0416457683631
1772937271.624406,15.859842705251255
1772937271.6244137,17.281631796357946
1772937271.6244216,17.88212891342611
1772937271.6244297,17.355231692498432
1772937271.6244376,16.880981635209604
1772937271.6244452,17.556381760021765
1772937271.624453,18.91922329977652
1772937271.6244607,19.550766927637937
1772937271.6244686,18.992696120916023
1772937271.6244764,18.387214669128067
1772937271.6244843,18.910214168276877
1772937271.6244922,20.09947250346901
1772937271.6244998,20.437558061873453
1772937271.6245077,19.502379271352332
1772937271.6245153,18.713161942059916
1772937271.624523,19.465378519146768
1772937271.6245308,21.09421994821439
1772937271.624539,21.610637389567444
1772937271.6245468,20.478848494814564
1772937271.6245544,19.644809467217737
1772937271.6245625,21.03511120478728
1772937271.6245704,23.611737637670494
1772937271.624578,24.244736963312658
1772937271.6245859,21.919544759600832
1772937271.6245935,19.87654307994318
1772937271.6246016,22.026462836124896
1772937271.6246092,27.125035418844913
1772937271.624617,28.001085097450723
1772937271.6246247,18.087364211702308
1772937271.6246324,-1.1663019058547157
1772937272.0526853,27.69401938432002
1772937272.0527368,29.303121469076963
1772937272.0527744,18.983602610164336
1772937272.052813,4292.801393367653
1772937272.0528538,932.1688310307488
1772937272.0528877,-3048.334421557815
1772937272.0529215,-1691.894584079464
1772937272.0529554,3609.0789130491157
1772937272.052984,5280.223117527222
1772937272.0529976,193.81362819135703
1772937272.053011,-4895.499099521975
1772937272.0530255,-2031.6224486607002
1772937272.0530384,5961.856028002964
1772937272.0530517,7633.333456948456
1772937272.0530653,-1444.1800531462413
1772937272.053079,-10152.958635720317
1772937272.0530927,-4336.3873608830845
1772937272.0531063,13532.205600816864
1772937272.05312,23767.946681021556
1772937272.053134,11785.70438471729
1772937272.053147,-13395.98917280708
1772937272.0531604,-28759.273414693944
1772937272.053175,-24020.815569485203
1772937272.0531886,-11418.001175459662
1772937272.0532029,-5913.985558767542
1772937272.0532167,-3159.4816866229567
1772937272.0532303,12779.092725467292
1772937272.0532448,40328.55450206564
1772937272.0532584,51603.246327600566
1772937272.0532722,23323.91955869626
1772937272.053286,-27420.611717106163
1772937272.0532997,-52419.05914518939
1772937272.0533133,-24796.344150623085
1772937272.053327,25465.8978461433
1772937272.0533404,40948.5739658947
1772937272.0533543,2874.2244160846712
1772937272.0534215,-43830.77070556228
1772937272.053434,-40741.08757454003
1772937272.053446,14286.419521050577
1772937272.0534587,61164.67088406265
1772937272.053471,45971.63770641783
1772937272.053484,-15139.889124155141
1772937272.0534964,-52814.89389764543
1772937272.0535083,-24130.01970403861
1772937272.0535197,37617.29296602167
1772937272.0535314,60991.46756517283
1772937272.0535686,17628.06374760604
1772937272.05358,-47160.63123549879
1772937272.0535908,-67054.32915765638
1772937272.0536015,-27151.176837038245
1772937272.0536125,25564.393451865806
1772937272.053624,39346.715469770075
1772937272.0536351,12054.774181577066
1772937272.0536468,-16344.217475653228
1772937272.0536578,-15349.032266792927
1772937272.0536692,5084.500545692473
1772937272.053681,15262.497188815569
1772937272.0536926,4819.784051678484
1772937272.0537047,-8934.175768953479
1772937272.0537174,-7736.259447174182
1772937272.0537298,4483.821827613941
1772937272.053742,10135.518504361642
1772937272.0537548,2632.080434604233
1772937272.0537672,-6496.988518834777
1772937272.053809,-4918.013126578842
1772937272.0538204,4162.254103946171
1772937272.053832,7857.735948169084
1772937272.0538433,1672.3161959977
1772937272.0538547,-5249.186277075944
1772937272.053866,-3499.3396476091443
1772937272.053877,3940.698567638376
1772937272.053888,6606.554507152534
1772937272.0538993,1168.8714441776058
1772937272.0539105,-4512.62063089167
1772937272.0539212,-2682.992134558475
1772937272.053933,3794.859201535738
1772937272.0539448,5861.917015868317
1772937272.0539572,874.8683583845184
1772937272.053969,-4067.7541268273526
1772937272.0539815,-2191.2793541303813
1772937272.0539932,3715.168180208396
1772937272.054005,5424.700928382523
1772937272.0540173,692.7944141764488
1772937272.0540297,-3825.116692045187
1772937272.054042,-1908.081278367187
1772937272.054054,3698.4883211072247
1772937272.0540667,5207.62008615734
1772937272.0540793,571.9449055275963
1772937272.0540915,-3758.160547470761
1772937272.0541036,-1787.407886002197
1772937272.0541155,3755.6510826316107
1772937272.0541284,5193.379263253223
1772937272.0541415,498.28473765778824
1772937272.0541544,-3866.84579265903
1772937272.054168,-1816.9405160365218
1772937272.0541775,3912.4060206058575
1772937272.0541863,5405.886697413567
1772937272.0541947,455.77567931108365
1772937272.0542035,-4214.186718337196
1772937272.054212,-2038.1191724182902
1772937272.054221,4224.009761054157
1772937272.0542293,5951.59309362066
1772937272.0542376,448.7215712513621
1772937272.0542464,-4952.789481901658
1772937272.0542548,-2574.406542125992
1772937272.054263,4825.463676652005
1772937272.0542717,7124.947042272075
1772937272.0542803,499.80403986044405
1772937272.0542889,-6531.292202567475
1772937272.0542977,-3829.2810352532724
1772937272.054306,6123.327792414958
1772937272.0543146,9952.759005896636
1772937272.054323,764.207425408977
1772937272.0543315,-10732.368879551259
1772937272.05434,-7748.6982825355435
1772937272.0543487,10075.847579293768
1772937272.0543675,21155.978166232624
1772937272.054376,3665.50306350187
1772937272.0543847,-37964.975809522155
1772937272.0543933,-72645.78363341054
1772937272.533078,1777.8215861628028
1772937272.5331223,473.391427637382
1772937272.53315,-2451.2620428748564
1772937272.5331793,-2887.531963423816
1772937272.5332081,-255.9891603723073
1772937272.5332427,1727.247726756212
1772937272.5332756,295.26702353040616
1772937272.5333045,-2511.9937463230926
1772937272.5333343,-2752.1202307383564
1772937272.5333629,-113.85260586954723
1772937272.533399,1683.2336774458588
1772937272.5334167,130.91648159270642
1772937272.5334296,-2568.4843617340243
1772937272.5334435,-2624.862444382497
1772937272.5334563,20.94093163678702
1772937272.53347,1643.0913686505794
1772937272.5334828,-23.863296290419065
1772937272.5334954,-2621.9844879466013
1772937272.5335042,-2503.4408456743736
1772937272.5335128,150.18582221796225
1772937272.5335212,1604.1840796952922
1772937272.5335298,-175.29045219099382
1772937272.5335383,-2677.853321529951
1772937272.5335467,-2389.330145113656
1772937272.533555,275.335631021793
1772937272.5335636,1568.374525943974
1772937272.5335722,-321.6018957434167
1772937272.5335803,-2732.8374012987483
1772937272.5335891,-2277.041735903209
1772937272.5335977,402.3148486244543
1772937272.533606,1539.3305284364023
1772937272.5336144,-462.4956237295955
1772937272.5336227,-2789.4459004518408
1772937272.5336325,-2171.4475205602475
1772937272.5336466,523.8041790807866
1772937272.5336585,1508.546839594464
1772937272.53367,-603.807143414991
1772937272.5336814,-2846.604347372371
1772937272.5336938,-2064.0203888803057
1772937272.5337052,651.266765925425
1772937272.5337172,1484.1844981287534
1772937272.533734,-743.8993156725434
1772937272.533746,-2908.020636091001
1772937272.5337577,-1960.8523878806639
1772937272.5337691,778.147361726714
1772937272.533781,1460.2322025084811
1772937272.5337932,-886.4106271578884
1772937272.5338051,-2972.4946102707286
1772937272.5338192,-1855.4432874475629
1772937272.5338311,913.068258177603
1772937272.5338397,1442.7860336955646
1772937272.533848,-1029.9140789855696
1772937272.5338564,-3041.743702775059
1772937272.5338647,-1750.4009306385376
1772937272.533873,1052.411333660485
1772937272.5338812,1425.5978791541015
1772937272.5338895,-1182.771806080505
1772937272.533898,-3122.3669006412492
1772937272.5339062,-1646.73344843779
1772937272.5339146,1200.5225662065695
1772937272.5339231,1414.6485798782735
1772937272.5339315,-1340.0961739504403
1772937272.5339398,-3209.9332632429146
1772937272.533948,-1539.3903432279303
1772937272.5339568,1360.756045168588
1772937272.5339692,1407.4556802184688
1772937272.5339825,-1510.1761925018234
1772937272.533996,-3312.0321847955597
1772937272.5340097,-1428.2701556520724
1772937272.5340235,1540.3829724136801
1772937272.5340326,1410.6462262423156
1772937272.5340436,-1693.1310803577603
1772937272.534057,-3433.1948612167575
1772937272.5340717,-1315.856640471071
1772937272.5340843,1740.0118054848388
1772937272.5340996,1422.240950477861
1772937272.5341127,-1896.4482341805958
1772937272.5341263,-3579.6388102699707
1772937272.534135,-1197.8486099891513
1772937272.5341434,1972.6884171591626
1772937272.534152,1450.6651260571218
1772937272.5341601,-2125.034330587413
1772937272.5341685,-3760.9335285436387
1772937272.5341768,-1072.492876741346
1772937272.5341852,2252.4055532190687
1772937272.5341933,1503.911830312319
1772937272.5342016,-2390.5442021555277
1772937272.53421,-3995.7061913276398
1772937272.5342183,-939.6176672874941
1772937272.5342267,2601.159290191666
1772937272.5342348,1596.53872252534
1772937272.534243,-2710.337984238512
1772937272.5342515,-4314.502915201051
1772937272.5342596,-799.2077555431058
1772937272.5342696,3057.2791343064
1772937272.5342832,1755.6055513689878
1772937272.5342972,-3113.917915198598
1772937272.5343108,-4772.255115203938
1772937272.534324,-650.6035563100348
1772937272.5343363,3694.3952393123855
1772937272.534345,2031.8355354941118
1772937272.5343535,-3668.631900001123
1772937272.534362,-5494.877481061861
1772937272.5343702,-500.32604796925375
1772937272.5343783,4681.35934021165
1772937272.5343869,2563.229765165328
1772937272.5343947,-4509.331698236207
1772937272.5344038,-6783.574743252199
1772937272.5344124,-373.63332590649463
1772937272.5344207,6466.813153230262
1772937272.5344288,3748.939885500462
1772937272.5344372,-6048.216075427374
1772937272.5344453,-9662.474542556021
1772937272.5344536,-415.03119950705207
1772937272.5344615,10839.934866478347
1772937272.53447,7531.342775175129
1772937272.5344784,-10246.719065659221
1772937272.5344868,-20844.96148618064
1772937272.534495,-3040.249381701005
1772937272.5345037,38193.94251018861
1772937272.534512,72174.45946611908
1772937273.0130713,1.3151587641709968
1772937273.0131104,1.3890796781889458
1772937273.0131369,1.6496646658247964
1772937273.013163,1.8899470032075352
1772937273.0131896,1.8280375297805114
1772937273.0132167,1.6097001620660676
1772937273.0132434,1.6580703010696698
1772937273.0132697,2.0744791097095296
1772937273.0132964,2.4449266625231787
1772937273.0133233,2.355004824545701
1772937273.0133495,1.9454253920718148
1772937273.0133765,1.781144263170917
1772937273.013389,2.213192057434857
1772937273.013397,3.043100420946397
1772937273.0134048,3.8460982381382367
1772937273.013413,4.4471583726899615
1772937273.013421,4.9353902225851405
1772937273.0134287,5.31061388110532
1772937273.0134363,5.3489074783033335
1772937273.013444,4.902804358234357
1772937273.013452,4.200979854459684
1772937273.0134597,3.7062752255287776
1772937273.0134678,3.699774617365818
1772937273.013476,4.106021715744854
1772937273.0134835,4.706795917825563
1772937273.0134912,5.375286194792109
1772937273.013499,6.023904240764371
1772937273.0135067,6.451025264175279
1772937273.0135145,6.439133934293027
1772937273.0135224,6.052304296172359
1772937273.01353,5.711679011668912
1772937273.0135376,5.859492010860997
1772937273.0135455,6.5582631089064
1772937273.0135531,7.475083907582368
1772937273.0135608,8.232569519637472
1772937273.0135689,8.701178582124868
1772937273.0135763,8.967236459325186
1772937273.013584,9.146975991982476
1772937273.0135915,9.321178319906384
1772937273.0135992,9.580493288193201
1772937273.013607,9.99493668272434
1772937273.0136147,10.507699567237648
1772937273.0136223,10.95147673014933
1772937273.0136302,11.228701685168232
1772937273.0136378,11.41336694616695
1772937273.0136456,11.604170296394807
1772937273.0136533,11.737246472426898
1772937273.0136611,11.675037137071403
1772937273.0136688,11.491429866672592
1772937273.0136764,11.518944176410235
1772937273.0136843,11.992508462352609
1772937273.013692,12.71745064725958
1772937273.0136995,13.250055856648368
1772937273.0137074,13.420832045870217
1772937273.013715,13.517931255937173
1772937273.013723,13.850567111675133
1772937273.0137308,14.259175332657833
1772937273.0137384,14.265484886697038
1772937273.013746,13.71359964757508
1772937273.0137534,13.050696114440845
1772937273.0137613,12.830601059484325
1772937273.013769,13.06255616968908
1772937273.0137765,13.26133849280991
1772937273.013785,13.12684883833609
1772937273.0137928,12.93466308353516
1772937273.0138006,13.12151063985104
1772937273.0138085,13.659913079475817
1772937273.013816,14.097634200570468
1772937273.013824,14.193477317507718
1772937273.0138316,14.237214864681734
1772937273.0138392,14.600422187940673
1772937273.0138469,15.18365212684031
1772937273.0138545,15.588213914072652
1772937273.0138624,15.771452391502413
1772937273.01387,16.17393466351404
1772937273.0138776,17.022928514773113
1772937273.0138853,17.778512236574446
1772937273.013893,17.645860928930315
1772937273.0139005,16.626972365289742
1772937273.0139084,15.69716521964979
1772937273.0139165,15.732469462585186
1772937273.013924,16.503482440479708
1772937273.0139315,17.059059300812194
1772937273.0139391,17.00571405436274
1772937273.013947,16.962384107063386
1772937273.0139549,17.57643604211622
1772937273.0139625,18.49022671373493
1772937273.0139704,18.768232333851866
1772937273.013978,18.26006903466165
1772937273.0139856,17.961357659581854
1772937273.0139933,18.71720274300722
1772937273.0140011,19.96106988403434
1772937273.0140088,20.314627035597436
1772937273.0140166,19.407898700680867
1772937273.0140245,18.492631127730537
1772937273.0140321,18.893389226379707
1772937273.01404,20.26021372082729
1772937273.0140476,20.985069546886866
1772937273.0140555,20.307358972741323
1772937273.0140631,19.308074792775408
1772937273.0140712,19.426295330655964
1772937273.0140786,20.511969768246647
1772937273.0140867,21.127911180010916
1772937273.0140948,20.718855168682765
1772937273.0141025,20.555791258826336
1772937273.01411,21.940748314803418
1772937273.0141182,24.078086390652622
1772937273.014126,24.80406885100399
1772937273.014134,23.535980720998563
1772937273.0141418,22.393952607077157
1772937273.0141494,23.494123927661846
1772937273.0141573,25.72077084048543
1772937273.0141647,25.67040545928345
1772937273.0141723,22.291445914024873
1772937273.0141797,19.27307144573159
1772937273.0141873,21.106042584988472
1772937273.014195,26.632474208760843
1772937273.0142028,28.142830932091154
1772937273.0142102,18.4986354190356
1772937273.014218,-0.8102542174680202
1772937273.4939673,-0.283918968960631
1772937273.4940112,-0.21111135497620945
1772937273.4940393,0.1841490372452108
1772937273.4940677,0.6710751454691545
1772937273.494096,1.0691003790584346
1772937273.4941244,1.4460451363289104
1772937273.4941528,1.9252634323613529
1772937273.4941812,2.450860731580585
1772937273.4942093,2.8484864796525655
1772937273.4942377,3.031871632213816
1772937273.494266,3.0181527434198325
1772937273.4942944,2.7877473139174382
1772937273.494308,2.322871884408497
1772937273.4943163,1.853174577483871
1772937273.4943252,1.8742030981746993
1772937273.4943337,2.687086346133955
1772937273.494342,3.9251585295444276
1772937273.494351,4.761486207186725
1772937273.4943595,4.730322216833536
1772937273.4943678,4.240277277703402
1772937273.4943764,4.11091906911609
1772937273.4943848,4.642980881491343
1772937273.494393,5.345968322157227
1772937273.4944017,5.6359898579779655
1772937273.4944098,5.581771736197279
1772937273.494418,5.735796964135782
1772937273.4944263,6.315260320696695
1772937273.4944348,6.868144284703983
1772937273.4944432,6.89604497108718
1772937273.4944513,6.586336596694024
1772937273.4944599,6.621182558174347
1772937273.4944685,7.2651994250455445
1772937273.4944763,7.94357629314184
1772937273.494485,7.923781663603022
1772937273.4944932,7.263692973344768
1772937273.4945016,6.805668877477192
1772937273.4945097,7.20402099265158
1772937273.494518,8.196709030037326
1772937273.4945266,8.987899415497166
1772937273.494535,9.187695606715325
1772937273.4945433,9.124894906012505
1772937273.4945517,9.257762882411644
1772937273.49456,9.566711499454525
1772937273.4945686,9.703990348517683
1772937273.494577,9.569152003537077
1772937273.4945853,9.446451059788126
1772937273.4945936,9.548865492196546
1772937273.4946017,9.680844249627754
1772937273.49461,9.527311423705294
1772937273.4946184,9.144977490176922
1772937273.4946268,8.937991578595364
1772937273.494635,9.151548692292142
1772937273.4946437,9.60666391627089
1772937273.494652,10.027640943459842
1772937273.4946604,10.438380551411095
1772937273.4946687,11.02112299467087
1772937273.494677,11.67243336666092
1772937273.4946852,12.001054927284345
1772937273.4946935,11.878899735065843
1772937273.494702,11.761334246257281
1772937273.4947104,12.199865260376509
1772937273.4947183,13.10684275472868
1772937273.494727,13.800573757646475
1772937273.4947352,13.874395243206342
1772937273.4947436,13.761337412066657
1772937273.494752,14.178675238242283
1772937273.4947603,15.133489061118093
1772937273.4947684,15.838714427197287
1772937273.4947767,15.72512823513519
1772937273.4947853,15.231320143323321
1772937273.4947934,15.275003183661447
1772937273.4948015,16.049651261448624
1772937273.49481,16.738687615213887
1772937273.4948184,16.565479837101282
1772937273.4948268,15.819066535859719
1772937273.494835,15.500466144910233
1772937273.4948435,16.050893202174283
1772937273.4948518,16.832945448102894
1772937273.4948604,17.017644963894863
1772937273.4948685,16.660467759297397
1772937273.4948769,16.54373729030492
1772937273.4948852,17.064342158490724
1772937273.4948933,17.71454241224042
1772937273.494902,17.831393783543174
1772937273.4949102,17.5266108843947
1772937273.4949183,17.50163481833529
1772937273.4949267,18.050322747431867
1772937273.4949355,18.683632124028044
1772937273.4949436,18.888582130295436
1772937273.494952,18.88909745960673
1772937273.4949603,19.275570215081228
1772937273.494969,20.036166874789945
1772937273.4949772,20.455687312533506
1772937273.4949853,20.134790312173923
1772937273.4949937,19.699358897671992
1772937273.495002,20.08406390060828
1772937273.4950104,21.276987669832923
1772937273.4950187,22.28928931734363
1772937273.4950275,22.48541205800879
1772937273.495036,22.449701698610326
1772937273.4950442,23.10477313610846
1772937273.4950523,24.253133515803082
1772937273.4950607,24.6634853883312
1772937273.4950693,23.745275193081696
1772937273.495083,22.509251938318645
1772937273.495092,22.31194718346355
1772937273.4950995,22.983999030731976
1772937273.4951072,23.040363277896002
1772937273.4951153,21.90629981883785
1772937273.495123,21.053286130184922
1772937273.4951303,22.090991524974307
1772937273.4951384,24.14748173892253
1772937273.495146,24.462032478641675
1772937273.495154,22.152876316302148
1772937273.4951615,20.31004823966667
1772937273.4951696,22.69405475798512
1772937273.4951775,28.045015794927938
1772937273.4951851,29.148968139501026
1772937273.4951932,19.277181705920988
1772937273.4952009,-0.16514284332940407
1772937273.9734976,1.722174617858064
1772937273.9735355,2.3694102626283997
1772937273.9735618,2.7556200458593962
1772937273.973588,2.797109462281756
1772937273.9736152,2.6970380023878344
1772937273.9736414,2.7762341261675494
1772937273.9736683,3.103365287297641
1772937273.9736943,3.387117765958318
1772937273.973721,3.3440547127326994
1772937273.9737487,3.11946541909555
1772937273.9737847,3.179799971280854
1772937273.973811,3.739512621821837
1772937273.9738188,4.442105976855727
1772937273.973827,4.760721130315468
1772937273.9738348,4.660522880990438
1772937273.9738429,4.670022218418768
1772937273.9738505,5.22236829276509
1772937273.9738584,6.073468367085926
1772937273.9738665,6.543660017366449
1772937273.973874,6.3053453335345315
1772937273.973882,5.755316864782389
1772937273.97389,5.539701152537817
1772937273.9738977,5.845710306831127
1772937273.973906,6.303605619815413
1772937273.9739137,6.522751467707043
1772937273.9739213,6.52892638993155
1772937273.9739292,6.612894339162611
1772937273.973937,6.911078467064687
1772937273.973945,7.305232472191834
1772937273.9739525,7.685231790134786
1772937273.9739602,8.115166070842104
1772937273.973968,8.668977923776698
1772937273.973976,9.244614032881286
1772937273.9739835,9.68430141187718
1772937273.9739916,10.012586197113455
1772937273.9739993,10.371846603911147
1772937273.974007,10.691834593096935
1772937273.974015,10.615760814549777
1772937273.9740229,9.93277038749845
1772937273.9740307,9.022413274554783
1772937273.9740384,8.653702592220627
1772937273.974046,9.240936118588621
1772937273.9740536,10.395540239917121
1772937273.9740615,11.31826320274987
1772937273.9740694,11.573152714687359
1772937273.974077,11.355298116907198
1772937273.9740846,11.048771275303611
1772937273.9740925,10.746516085686547
1772937273.9741004,10.333041710490646
1772937273.974108,9.884308058627324
1772937273.974116,9.71693442363851
1772937273.9741237,9.978533987250321
1772937273.974131,10.381380288759255
1772937273.9741392,10.515241483970053
1772937273.9741466,10.357463419545995
1772937273.9741542,10.288052669476045
1772937273.9741619,10.573684346482889
1772937273.9741695,11.010984409630561
1772937273.9741771,11.207701944954096
1772937273.9741852,11.116085099225714
1772937273.974193,11.100973515929406
1772937273.9742012,11.46820551865916
1772937273.9742088,12.097253232423093
1772937273.9742165,12.639473091948435
1772937273.9742243,12.954003070200825
1772937273.974232,13.17367144654214
1772937273.97424,13.379979089159567
1772937273.9742477,13.440111930347252
1772937273.9742556,13.287146629799455
1772937273.9742632,13.216495279222045
1772937273.9742708,13.681197565192043
1772937273.9742785,14.764274172520237
1772937273.9742863,16.00752030559433
1772937273.974294,16.848424689525515
1772937273.9743016,17.133481964041668
1772937273.9743092,17.114812452078752
1772937273.974317,17.05191148008393
1772937273.9743247,17.00282914701324
1772937273.9743328,16.984104149669744
1772937273.974341,17.082993459555148
1772937273.9743512,17.252587173735098
1772937273.9743633,17.167554121734717
1772937273.974376,16.577458119650917
1772937273.974388,15.821763005102014
1772937273.9743958,15.694147895322327
1772937273.9744036,16.569847998276607
1772937273.9744115,17.816455661320347
1772937273.9744196,18.38129453691351
1772937273.9744277,17.997441858909013
1772937273.9744356,17.519456349364372
1772937273.9744434,17.880993366994602
1772937273.9744513,18.940093495916713
1772937273.9744587,19.69614024131876
1772937273.9744668,19.60976799531444
1772937273.9744744,19.291827342533026
1772937273.9744823,19.649748348576825
1772937273.97449,20.652140516573194
1772937273.9744978,21.395627242800394
1772937273.9745057,21.370033801674985
1772937273.9745135,21.146801190404513
1772937273.9745212,21.51321331439214
1772937273.974529,22.29187356051784
1772937273.974537,22.58983998312747
1772937273.9745448,22.17979499436378
1772937273.9745524,21.958722113830593
1772937273.9745605,22.618166479887673
1772937273.974568,23.34638922885385
1772937273.974576,22.68923088912858
1772937273.974584,20.76195813867599
1772937273.9745915,19.69544833190208
1772937273.9745991,21.124613923272353
1772937273.9746091,23.68352587756807
1772937273.9746215,24.20499445243338
1772937273.974634,21.841858812211438
1772937273.9746456,19.936230705026205
1772937273.9746535,22.34285175467021
1772937273.9746618,27.73313964289347
1772937273.9746745,28.93490360616214
1772937273.974687,19.407769317786535
1772937273.9746995,0.5464812823479488
1772937274.079584,19.472809212000513
1772937274.0796242,20.242707873991336
1772937274.079635,21.155906510162506
1772937274.079645,21.25338567006311
1772937274.0796547,20.57554691164673
1772937274.0796628,20.382494752956394
1772937274.0796711,21.55336115913238
1772937274.0796797,23.200056993701995
1772937274.079688,23.575392028701742
1772937274.0796962,22.35119213175167
1772937274.0797043,21.22403345299585
1772937274.0797122,21.770588363665887
1772937274.07972,23.25450969936076
1772937274.0797284,23.501342769612993
1772937274.0797365,21.964104058533795
1772937274.0797443,20.822573107834238
1772937274.0797524,22.189469736438053
1772937274.07976,24.848836163326226
1772937274.0797677,25.25808374267026
1772937274.079776,22.287375696891175
1772937274.0797837,19.66115176964163
1772937274.0797913,21.957837660480497
1772937274.0797992,28.008615913817668
1772937274.079807,29.891719478954876
1772937274.079815,20.15002808261647
1772937274.5703115,652.5040764657266
1772937274.5703504,784.9200455851665
1772937274.5703776,254.38480072323838
1772937274.5704002,-191.97553412268218
1772937274.5704231,81.19476950987149
1772937274.5704465,693.7449149019598
1772937274.5704694,779.0766130755106
1772937274.570489,210.18200714392822
1772937274.5705087,-211.16847292958386
1772937274.5705235,116.92490934554208
1772937274.5705392,737.9564109795897
1772937274.570551,772.3532229974954
1772937274.5705595,162.93116187463656
1772937274.5705688,-232.24009164784238
1772937274.5705776,152.4234513636739
1772937274.5705867,781.0347209115462
1772937274.5705955,762.6928125106965
1772937274.570604,114.47668090245733
1772937274.570613,-248.71898431476998
1772937274.5706215,196.78126898851082
1772937274.570631,830.3708437046495
1772937274.5706391,751.9123477316446
1772937274.570648,60.31746854153625
1772937274.5706568,-268.9461924547616
1772937274.570665,241.30179768536945
1772937274.5706744,879.4405437253495
1772937274.5706828,737.0738747919013
1772937274.570691,1.9318254644071566
1772937274.5706997,-287.2468773258153
1772937274.570708,293.64240583592505
1772937274.5707164,934.2956476992736
1772937274.5707247,720.1253158889317
1772937274.5707335,-62.48153624743212
1772937274.5707421,-307.08548655295573
1772937274.5707507,349.90769246297094
1772937274.570759,990.4046171351357
1772937274.5707805,696.4140294517205
1772937274.570789,-134.94828780346825
1772937274.570798,-325.0250605147206
1772937274.5708065,418.10662238236694
1772937274.5708144,1055.2657603303282
1772937274.5708227,667.9302310713531
1772937274.5708313,-219.53374025140715
1772937274.57084,-347.8442680395266
1772937274.5708485,491.73005954584096
1772937274.5708568,1123.1682617713718
1772937274.5708652,630.2364429633319
1772937274.5708735,-316.62936475909663
1772937274.570882,-369.3166990467503
1772937274.57089,581.2921001854397
1772937274.5708983,1202.084041691128
1772937274.5709066,584.2961449144099
1772937274.5709147,-429.19253787276847
1772937274.570923,-389.6246084497748
1772937274.5709317,690.8754060076279
1772937274.57094,1294.6535016214727
1772937274.5709484,526.5545420162315
1772937274.5709567,-563.4044877401493
1772937274.5709653,-410.1143543088231
1772937274.5709736,824.2824275383698
1772937274.570982,1401.3406012799067
1772937274.57099,448.93692735694117
1772937274.5709984,-727.9708480806914
1772937274.5710068,-427.4179944345822
1772937274.5710154,996.4958461352908
1772937274.5710237,1532.4892947426258
1772937274.571032,344.99486432330286
1772937274.5710404,-936.7350659434362
1772937274.5710487,-442.96458775791575
1772937274.571057,1220.5515029717435
1772937274.5710652,1693.9974844980616
1772937274.5710735,197.95603761249646
1772937274.571086,-1211.523808210062
1772937274.571104,-451.2159097191276
1772937274.5711167,1529.951423020179
1772937274.5711277,1906.18498338853
1772937274.5711389,-16.344054872887675
1772937274.57115,-1592.7792642254626
1772937274.5711613,-450.22425539186594
1772937274.5711725,1974.7759423837615
1772937274.5711837,2197.205957712046
1772937274.5711963,-347.3418731221365
1772937274.5712106,-2154.430792073288
1772937274.5712194,-426.1928400477284
1772937274.571228,2666.5537519900518
1772937274.5712364,2630.855319877594
1772937274.5712469,-901.555249189594
1772937274.5712645,-3064.229803174193
1772937274.5712793,-352.8779169006499
1772937274.571293,3867.9062813116157
1772937274.5713067,3372.0083393075347
1772937274.5713203,-1938.445336461186
1772937274.571329,-4771.374404703014
1772937274.5713377,-181.332607426041
1772937274.5713463,6335.387168221959
1772937274.5713549,4963.7417898413105
1772937274.5713632,-4291.702306450987
1772937274.5713747,-8985.287644704804
1772937274.5713868,65.08879137069965
1772937274.5713987,13447.762396925342
1772937274.5714104,11021.819635189113
1772937274.5714233,-11877.804719047643
1772937274.571435,-31987.098042750844
1772937274.5714464,-20499.62587095657
1772937274.5714576,20600.789968576548
1772937274.5714698,52101.07746322666
1772937274.5714855,35511.092540565965
1772937274.5714955,-22577.885385779362
1772937274.571507,-71019.37921717239
1772937274.5715177,-64070.437189522956
1772937274.5715275,-8921.933153193968
1772937274.5715382,41320.284215581996
1772937274.5715487,42371.01371628563
1772937274.5715592,2169.5303766419656
1772937274.57157,-32391.86585805271
1772937274.5715857,-27561.40260313792
1772937274.571595,4666.361769102175
1772937274.5716045,25761.97341073953
1772937274.5716147,15027.780116402682
1772937274.5716257,-11489.643920793616
1772937275.0189638,-27327.138201812406
1772937275.0189967,-16605.540195110945
1772937275.0190198,5842.911767134638
1772937275.01904,14461.803108593682
1772937275.0190601,3461.6739488406797
1772937275.0190802,-9791.091211265017
1772937275.0191004,-8509.165769948857
1772937275.0191207,3542.3878148070253
1772937275.019154,9363.50655899568
1772937275.0191734,1735.1373637263432
1772937275.019182,-8181.01556714084
1772937275.0191908,-6689.972262481113
1772937275.0191991,3942.9904500760736
1772937275.0192077,8849.441547666527
1772937275.019216,974.8148895215415
1772937275.019225,-8986.410581875902
1772937275.0192332,-6880.913117542729
1772937275.0192416,5182.14646416341
1772937275.01925,10658.399290667665
1772937275.0192587,795.2093293018658
1772937275.019267,-12067.913702437738
1772937275.019276,-9479.227823284133
1772937275.0192842,7702.607172704189
1772937275.0192924,17381.89617671137
1772937275.0193007,3312.99913097442
1772937275.0193093,-21840.88012303898
1772937275.0193174,-28717.552544859438
1772937275.019326,-6808.996448517112
1772937275.0193343,19977.59593773113
1772937275.0193427,19276.289280830828
1772937275.0193508,-11340.851549238736
1772937275.019359,-39650.96167950249
1772937275.0193677,-34681.008349240634
1772937275.019376,-1518.0265216125176
1772937275.0193875,25435.083804374302
1772937275.0194006,21691.293834482396
1772937275.0194147,-2106.9891506419685
1772937275.0194235,-16479.26565141544
1772937275.019432,-8261.76053774772
1772937275.0194545,7697.500166855887
1772937275.019463,10690.165422021346
1772937275.0194714,-465.8948406001031
1772937275.0194795,-9386.19917826138
1772937275.019488,-5125.948972507371
1772937275.0194964,4930.070961499682
1772937275.0195048,6982.3993957002485
1772937275.0195131,-648.4662672808528
1772937275.0195217,-6805.344554231088
1772937275.0195298,-3503.515534866435
1772937275.0195384,3906.746327471651
1772937275.0195465,5132.083719347891
1772937275.019555,-919.7192151745222
1772937275.0195637,-5483.061817459128
1772937275.0195715,-2504.9418739925122
1772937275.01958,3412.03503880226
1772937275.0195885,4009.33838636358
1772937275.0195968,-1175.4245916652778
1772937275.0196052,-4686.545698614123
1772937275.0196135,-1806.9100533501069
1772937275.0196242,3149.041438031644
1772937275.0196376,3244.6801371120573
1772937275.0196512,-1410.764555983617
1772937275.0196638,-4155.17701201229
1772937275.0196772,-1268.4740624509793
1772937275.0196905,3009.091452794333
1772937275.0196989,2673.5097708622206
1772937275.0197072,-1641.5341378727692
1772937275.0197155,-3779.829364066887
1772937275.019724,-819.9225358548696
1772937275.0197325,2946.612711517902
1772937275.0197408,2216.118638170863
1772937275.019749,-1876.0684836866526
1772937275.0197575,-3498.6959842123397
1772937275.0197656,-413.444099271928
1772937275.0197742,2944.7350633461383
1772937275.0197833,1826.1846693737357
1772937275.0197911,-2128.1824575689957
1772937275.0197997,-3282.88979575858
1772937275.019808,-21.37484928250243
1772937275.0198164,2993.6529546133293
1772937275.0198245,1470.2732415530395
1772937275.019833,-2413.87329955482
1772937275.0198412,-3114.4925876075254
1772937275.0198495,382.6495647815708
1772937275.019858,3094.071092834322
1772937275.0198665,1122.414809788296
1772937275.0198746,-2752.2568214541084
1772937275.0198832,-2978.1543561095446
1772937275.0198913,834.4417342299205
1772937275.0198998,3259.774819206586
1772937275.019908,754.6972238792976
1772937275.0199163,-3180.6737447525784
1772937275.0199246,-2871.904283109688
1772937275.019933,1375.9607336241995
1772937275.019941,3515.407546777599
1772937275.0199497,330.85097870137076
1772937275.019958,-3756.7511709503865
1772937275.0199664,-2788.758761493115
1772937275.0199747,2092.3207778087067
1772937275.0199833,3920.0250237444875
1772937275.0199916,-215.89663635090878
1772937275.02,-4611.049232073339
1772937275.020008,-2739.3976438543427
1772937275.0200164,3151.018709300435
1772937275.0200248,4610.152079627316
1772937275.0200331,-1025.063141909445
1772937275.0200417,-6049.955026814005
1772937275.0200503,-2748.195640857951
1772937275.0200586,5008.97292216452
1772937275.0200667,5991.757891353358
1772937275.020075,-2514.0191830800977
1772937275.0200837,-9112.938287344814
1772937275.0200918,-2970.077631874273
1772937275.0201,9461.352064442015
1772937275.0201085,10022.806284759252
1772937275.0201166,-6635.640071855917
1772937275.020125,-20515.988104674107
1772937275.0201333,-5822.456223756324
1772937275.0201416,36903.93944262267
1772937275.02015,74950.08671221996
1772937275.4997244,-607.0348242978949
1772937275.49977,-2327.986905266757
1772937275.4997928,-1261.8691789798215
1772937275.4998157,1076.4178305884577
1772937275.4998357,1394.0839603482118
1772937275.4998555,-743.9309930973337
1772937275.4998748,-2319.6329197232862
1772937275.4998946,-1120.3639031331668
1772937275.499916,1155.5577499490917
1772937275.499942,1303.2729822525532
1772937275.4999545,-876.9935755278906
1772937275.4999676,-2310.040559803303
1772937275.4999807,-981.2949881950985
1772937275.4999936,1232.5077334937596
1772937275.5000062,1213.4348179469243
1772937275.5000196,-1007.6903941830476
1772937275.500033,-2300.237156984384
1772937275.5000455,-844.7701095563956
1772937275.5000584,1306.9137603677223
1772937275.500071,1123.631587531386
1772937275.500085,-1135.918397596302
1772937275.5000942,-2287.5601213138466
1772937275.5001028,-706.7438496020225
1772937275.5001125,1380.876420437629
1772937275.5001264,1031.8918829589322
1772937275.5001404,-1266.4685975198315
1772937275.5001543,-2276.4798803589365
1772937275.5001633,-569.4313996289291
1772937275.5001717,1454.1807049182185
1772937275.50018,939.211138332815
1772937275.5001884,-1397.0764520350024
1772937275.500197,-2263.431585678479
1772937275.5002053,-429.3876702480959
1772937275.5002136,1528.0580675949884
1772937275.500222,844.3370994464628
1772937275.5002303,-1529.1252829316197
1772937275.500239,-2247.4917815111708
1772937275.5002472,-283.91562052358535
1772937275.5002556,1603.8209785412778
1772937275.5002637,745.01161181892
1772937275.500272,-1667.0750626923095
1772937275.5002804,-2231.8448420493846
1772937275.5002885,-132.81869161836022
1772937275.5003,1684.4638032119278
1772937275.5003133,645.4856785811394
1772937275.500327,-1806.318394211106
1772937275.5003405,-2212.6544740403283
1772937275.5003536,24.29945981897635
1772937275.5003674,1764.2909144922774
1772937275.5003805,534.9303266747976
1772937275.5003936,-1957.3883081722304
1772937275.5004025,-2194.4485095853856
1772937275.5004256,189.7903041839134
1772937275.5004356,1848.5258624235867
1772937275.5004494,417.64214429073377
1772937275.5004635,-2116.658049580176
1772937275.5004733,-2172.043553648619
1772937275.5004818,369.8351212623168
1772937275.50049,1940.5149995376016
1772937275.5004985,291.8649002734126
1772937275.5005069,-2288.142689974434
1772937275.5005155,-2146.8703808123178
1772937275.5005236,566.3489749939567
1772937275.5005324,2041.3839696302598
1772937275.5005407,154.7495691196588
1772937275.5005493,-2476.388493966205
1772937275.500558,-2120.8929918241743
1772937275.5005665,779.3390392890117
1772937275.5005746,2147.5484548388226
1772937275.5005832,-3.1770499386768787
1772937275.5005915,-2690.17203078481
1772937275.5006,-2092.7841789366453
1772937275.5006082,1021.0473777864911
1772937275.5006163,2272.6057538578175
1772937275.500625,-175.5191629750873
1772937275.5006332,-2927.7669408256347
1772937275.5006416,-2057.1048281092803
1772937275.50065,1300.7204710328156
1772937275.500664,2418.464307429355
1772937275.5006776,-375.56006755970697
1772937275.5006926,-3208.924027180758
1772937275.5007064,-2022.8827961645272
1772937275.5007205,1624.0080055279202
1772937275.5007305,2589.9486858750056
1772937275.5007389,-613.5045928147817
1772937275.5007472,-3549.8994619823866
1772937275.500756,-1989.1827585487408
1772937275.5007646,2014.395047899581
1772937275.500773,2808.3240165081584
1772937275.5007832,-895.4690135696081
1772937275.5007966,-3973.5245654429013
1772937275.5008113,-1958.6544380738599
1772937275.5008218,2501.701323386888
1772937275.5008304,3098.400474076649
1772937275.5008388,-1244.2953510912316
1772937275.500847,-4533.3099170408605
1772937275.5008557,-1946.3600334492
1772937275.5008638,3141.9886526771693
1772937275.5008724,3523.999208527129
1772937275.5008807,-1680.569368553197
1772937275.5008893,-5324.344567795098
1772937275.5008976,-1992.9963937991126
1772937275.500906,4037.2433022592722
1772937275.5009153,4223.910866229294
1772937275.5009243,-2238.981644904976
1772937275.5009327,-6580.221542475658
1772937275.5009415,-2247.3670086130646
1772937275.5009506,5410.405672385566
1772937275.50096,5621.869637198974
1772937275.5009692,-2896.8237511262123
1772937275.500982,-8975.730193010279
1772937275.500996,-3377.8244371949213
1772937275.5010095,7824.769546484222
1772937275.5010245,9550.005228096548
1772937275.5010362,-2851.4923128721566
1772937275.5010448,-15626.1304437992
1772937275.501054,-11182.520949991267
1772937275.5010629,12058.675668700847
1772937275.5010717,38195.6808612236
1772937275.50108,50993.537018996045
1772937275.9799888,1.2901311263441444
1772937275.9800303,1.7286365335822176
1772937275.9800568,2.2173489247995413
1772937275.9800863,2.3410152590802182
1772937275.9801145,2.1630149013439524
1772937275.9801412,2.1663879673436512
1772937275.980168,2.6334924452339075
1772937275.980195,3.3274681960685495
1772937275.980222,3.8881159513932246
1772937275.9802485,4.33565353046604
1772937275.9802752,4.939852161477902
1772937275.980302,5.65434776722447
1772937275.9803104,5.98816859408615
1772937275.980318,5.598426573290215
1772937275.980326,4.8337778965728635
1772937275.9803336,4.436812171555042
1772937275.9803412,4.717958889684886
1772937275.980349,5.24837587935994
1772937275.9803567,5.452662300070486
1772937275.9803648,5.300090255806957
1772937275.980373,5.204417373046098
1772937275.9803805,5.356329992753575
1772937275.9803884,5.476295288644071
1772937275.9803965,5.329538248594921
1772937275.980404,5.211457300382554
1772937275.9804115,5.6178635646318495
1772937275.9804196,6.493456334275882
1772937275.9804275,7.145192851291881
1772937275.9804351,7.066034211179765
1772937275.980443,6.628956720916297
1772937275.9804506,6.677911517352653
1772937275.9804585,7.470469388314568
1772937275.9804661,8.330674462261882
1772937275.980474,8.490999128338888
1772937275.9804816,8.056958061732603
1772937275.9804893,7.862095166097594
1772937275.980497,8.425313999164315
1772937275.9805045,9.366410218783054
1772937275.9805126,9.982207170558294
1772937275.9805205,10.145582133258193
1772937275.9805284,10.328090260442211
1772937275.980536,10.797908646776092
1772937275.9805436,11.167170785281709
1772937275.9805512,10.938407527117851
1772937275.9805589,10.283593408247308
1772937275.9805665,9.93943586940832
1772937275.980574,10.296783104255308
1772937275.9805815,10.869824830218779
1772937275.9805894,10.854773529495926
1772937275.980597,10.079552796925494
1772937275.980605,9.178085618831995
1772937275.9806125,8.854328911662355
1772937275.9806204,9.204441891576666
1772937275.980628,9.834420049469871
1772937275.9806356,10.411886619890906
1772937275.9806435,10.869796042417422
1772937275.9806516,11.173384167696902
1772937275.9806592,11.216422645302245
1772937275.9806669,11.070111331834214
1772937275.9806745,11.093681379493704
1772937275.9806824,11.533369395282708
1772937275.98069,12.088759228407897
1772937275.980698,12.181926138996827
1772937275.9807055,11.754642366307426
1772937275.9807136,11.539316164425237
1772937275.9807217,12.269369277425449
1772937275.980729,13.704446872640364
1772937275.980737,14.752910401551413
1772937275.980745,14.671581571079827
1772937275.9807527,13.914731405619765
1772937275.9807606,13.573549920793695
1772937275.9807684,14.096657455451469
1772937275.980776,14.865003928075154
1772937275.9807837,15.068871851425069
1772937275.9807916,14.692298675129193
1772937275.9807997,14.38655775565777
1772937275.9808073,14.549712908324334
1772937275.9808147,14.91411120556771
1772937275.9808228,15.113024305388517
1772937275.9808307,15.300038774211028
1772937275.9808385,15.888646007327061
1772937275.9808462,16.809404398922037
1772937275.9808536,17.416418214942038
1772937275.9808617,17.26128801308755
1772937275.9808693,16.69708175771462
1772937275.9808772,16.473183532002885
1772937275.980885,16.862721594151953
1772937275.980893,17.475374844669194
1772937275.9809003,17.902655820715125
1772937275.980908,18.188856584986215
1772937275.980916,18.482508256232936
1772937275.9809237,18.53389767187448
1772937275.9809313,17.971109593126524
1772937275.9809391,17.040616601559528
1772937275.980947,16.596812535010088
1772937275.9809546,17.080157665632754
1772937275.9809625,17.81766484375009
1772937275.9809701,17.802006787866897
1772937275.980978,17.09847558677768
1772937275.9809859,16.923759545191437
1772937275.9809935,18.053685196592486
1772937275.9810011,19.60321284944021
1772937275.981009,20.002968016779327
1772937275.9810169,19.10541679539637
1772937275.9810245,18.582140337705184
1772937275.9810324,19.8135011383853
1772937275.98104,21.91710523003019
1772937275.9810479,22.701343391977826
1772937275.9810555,21.553188888596804
1772937275.9810631,20.422358909754227
1772937275.9810712,21.279139497010434
1772937275.9810789,23.22564301505132
1772937275.9810865,23.40292660093382
1772937275.981098,21.05312722247325
1772937275.9811077,19.408628623104843
1772937275.981119,22.038603198505264
1772937275.9811296,27.295534034766142
1772937275.98114,27.93441418785945
1772937275.98115,17.743141304157763
1772937275.9811602,-1.3729525879924878
1772937276.460477,-1.4068199709328801
1772937276.460516,-1.3051166461793329
1772937276.4605424,-0.8562275344894787
1772937276.460569,0.19940605204937675
1772937276.4605951,1.5044630765526537
1772937276.460622,2.3295827777885023
1772937276.460649,2.353965655254093
1772937276.4606757,1.9752806735887098
1772937276.4607024,1.7626757507433586
1772937276.460729,1.810438483608341
1772937276.4607556,1.8378009567102036
1772937276.4607823,1.8050662689064374
1772937276.460795,2.091829863410073
1772937276.4608033,2.9328844529162272
1772937276.460811,3.9225982683018867
1772937276.4608188,4.385799793208837
1772937276.4608269,4.225077812942121
1772937276.4608345,4.109881414910575
1772937276.4608421,4.657296086451175
1772937276.4608502,5.591733670883215
1772937276.4608579,5.9806746786793745
1772937276.4608653,5.3215831344483515
1772937276.4608731,4.178172961441755
1772937276.4608812,3.6060670125735825
1772937276.460889,4.066833159623543
1772937276.4608967,5.077920134935899
1772937276.4609046,5.883035224244935
1772937276.4609125,6.245221729306752
1772937276.46092,6.487036131977273
1772937276.460928,6.921801757978694
1772937276.4609356,7.465234780159066
1772937276.4609437,7.807074269041661
1772937276.460951,7.784971944204888
1772937276.4609587,7.499533554883156
1772937276.4609668,7.176319280572945
1772937276.4609745,7.04525283973731
1772937276.4609823,7.292266079899085
1772937276.4609902,7.941909161919681
1772937276.460998,8.722631888526752
1772937276.4610057,9.182798374135226
1772937276.4610133,9.086727847227781
1772937276.4610212,8.678728829541337
1772937276.4610288,8.446225665080975
1772937276.4610367,8.607210777494256
1772937276.4610443,8.924781586053111
1772937276.4610522,9.056967431161631
1772937276.46106,8.975114795568295
1772937276.4610677,8.933294126527406
1772937276.4610755,9.099837513365593
1772937276.4610834,9.388396668059192
1772937276.461091,9.67704786069814
1772937276.461099,10.02445691656219
1772937276.4611063,10.538597673546166
1772937276.461114,11.132578053943693
1772937276.4611216,11.606400202115983
1772937276.4611294,11.971572430295096
1772937276.4611373,12.475611517180523
1772937276.4611447,13.168665809544883
1772937276.4611523,13.611542009720438
1772937276.4611602,13.29006991789035
1772937276.461168,12.343431275160997
1772937276.461176,11.61673727960815
1772937276.4611835,11.791748483851002
1772937276.4611917,12.595302403480142
1772937276.4611993,13.13108507223752
1772937276.4612072,12.998728187003774
1772937276.4612148,12.798431250075499
1772937276.4612231,13.345312066005834
1772937276.4612308,14.579431561219797
1772937276.4612386,15.579535955589378
1772937276.4612465,15.667177483190262
1772937276.461254,15.17461350873571
1772937276.4612617,14.920248592003764
1772937276.4612696,15.15347104173023
1772937276.4612772,15.382119844624393
1772937276.461285,15.225135434769587
1772937276.4612927,15.016250182840956
1772937276.4613004,15.286451584217644
1772937276.4613082,15.896593742023445
1772937276.461316,16.140264197653458
1772937276.4613235,15.765372410090077
1772937276.4613314,15.476185160858536
1772937276.4613392,16.093859905090717
1772937276.4613469,17.420597556575345
1772937276.4613547,18.377982072589443
1772937276.4613624,18.33293224639279
1772937276.46137,17.882726785781504
1772937276.461378,18.037397336385425
1772937276.4613855,18.886937699959034
1772937276.461393,19.54917410355824
1772937276.4614007,19.44492672828585
1772937276.4614089,19.114360239582076
1772937276.4614165,19.42550183730804
1772937276.461424,20.291614382199363
1772937276.4614315,20.74737214982816
1772937276.4614391,20.338955275457415
1772937276.4614468,19.865540704583307
1772937276.4614546,20.328626843938014
1772937276.461462,21.479736181773177
1772937276.46147,22.056551465133758
1772937276.4614775,21.520385956225503
1772937276.4615033,20.91540772636147
1772937276.461511,21.528069359428947
1772937276.4615188,23.07480021217527
1772937276.4615264,23.973223548047525
1772937276.4615343,23.485884100578726
1772937276.461542,22.82314009136548
1772937276.4615495,23.528951198849622
1772937276.4615571,25.230171389540786
1772937276.461565,25.953376569102964
1772937276.4615726,24.829005305975404
1772937276.4615805,23.506232326602223
1772937276.461588,24.02295634508515
1772937276.4615955,25.7696493406296
1772937276.4616032,25.94835013955279
1772937276.461611,23.547794342339323
1772937276.4616184,21.639365841624638
1772937276.461626,24.03658304402257
1772937276.4616337,29.465581816601816
1772937276.4616413,30.630404160727224
1772937276.461649,20.75722066369163
1772937276.9184299,-1695.7852631642843
1772937276.9184752,-1518.0620217206842
1772937276.9184988,-198.72851547558747
1772937276.9185238,408.9035861741439
1772937276.918549,-568.4238015910811
1772937276.9185743,-1769.1127029583233
1772937276.918595,-1491.685423108077
1772937276.91862,-103.85275483051687
1772937276.9186456,443.31657004112213
1772937276.9186554,-642.8075287502513
1772937276.9186676,-1849.5336212237482
1772937276.9186811,-1464.0368298113133
1772937276.9186957,-2.8387159271901474
1772937276.9187095,478.04132307284766
1772937276.9187186,-726.0230685456581
1772937276.9187276,-1938.4796123663903
1772937276.9187365,-1434.5223567127055
1772937276.9187453,107.2638909540493
1772937276.918754,516.5050363149732
1772937276.9187624,-815.4631337386882
1772937276.9187715,-2033.2241291683495
1772937276.91878,-1399.218736940101
1772937276.918789,229.92255896471383
1772937276.9187975,558.342195234961
1772937276.9188056,-916.1017848573716
1772937276.9188144,-2139.614745631446
1772937276.9188232,-1360.3419789067066
1772937276.918832,366.7768671960015
1772937276.9188406,605.2862885072827
1772937276.9188492,-1028.4298721173095
1772937276.9188583,-2258.0864695942482
1772937276.9188669,-1315.1440774869077
1772937276.9188757,522.1934416080751
1772937276.9188845,658.1268809708073
1772937276.9188933,-1156.8285061220122
1772937276.9189162,-2392.6871294735356
1772937276.9189248,-1261.1004316194148
1772937276.918934,703.4192626047869
1772937276.9189427,719.9277802436957
1772937276.9189668,-1307.340684017199
1772937276.918975,-2552.544823344968
1772937276.9189837,-1200.756843765334
1772937276.918992,914.9501179710612
1772937276.9190004,792.6061896760444
1772937276.919014,-1486.8480339338819
1772937276.9190273,-2746.345885599922
1772937276.91904,-1133.0729352079125
1772937276.9190483,1166.8929590099797
1772937276.919057,881.6168143859836
1772937276.9190652,-1702.3392503972905
1772937276.9190736,-2981.7510401728036
1772937276.9190822,-1048.7027437093993
1772937276.9190905,1482.989802895674
1772937276.919099,1000.0834032845241
1772937276.9191077,-1968.2885110855982
1772937276.919116,-3284.5967608278825
1772937276.9191248,-953.0794879070355
1772937276.9191332,1882.7661693000887
1772937276.9191415,1159.906519740893
1772937276.91915,-2306.571319142448
1772937276.9191585,-3687.684941099159
1772937276.9191666,-841.0882495683469
1772937276.919175,2414.8829610003786
1772937276.9191835,1394.008708497175
1772937276.919192,-2752.764421187373
1772937276.9192007,-4259.623738004271
1772937276.919209,-719.2828861565823
1772937276.9192173,3162.6607007173934
1772937276.9192257,1774.0459718236007
1772937276.9192595,-3362.0693289474316
1772937276.919273,-5138.401598560711
1772937276.9192867,-619.2807950120635
1772937276.9192986,4292.70320730179
1772937276.9193115,2478.7568658949763
1772937276.9193256,-4227.048088310102
1772937276.9193351,-6663.271276046579
1772937276.9193437,-695.1010624444681
1772937276.919352,6182.378660352439
1772937276.9193604,4078.5333617993897
1772937276.9193714,-5439.007898554796
1772937276.919385,-9876.75909179337
1772937276.9193993,-1814.3607595639664
1772937276.91941,9859.036231039792
1772937276.9194183,9444.581486079607
1772937276.919427,-5673.0576590057735
1772937276.9194353,-19864.168653488243
1772937276.9194436,-16717.554639098937
1772937276.919452,1488.0800180076744
1772937276.9194603,16203.74045045444
1772937276.9194689,13952.48292671862
1772937276.9194772,510.6687303954129
1772937276.919485,-8294.577957745236
1772937276.9194937,-5851.457039897161
1772937276.9195025,255.19351734324104
1772937276.9195108,1358.4999618236338
1772937276.919519,-878.0521319441184
1772937276.9195275,62.28867455779086
1772937276.919536,3074.560068571379
1772937276.9195447,-133.6639933863221
1772937276.919553,-11071.402997095109
1772937276.9195614,-17747.474758733068
1772937276.9195697,-8095.768869371022
1772937276.9195783,12055.196864433752
1772937276.9195871,21917.037291016455
1772937276.9195955,9696.09704559778
1772937276.9196043,-11457.19484466249
1772937276.9196124,-17553.1263016554
1772937276.9196208,-2575.960426025364
1772937276.9196289,13820.266624175583
1772937276.9196374,10658.767110894973
1772937276.9196455,-7726.741686888755
1772937276.9196544,-16872.284063889158
1772937276.9196632,-3748.600376007624
1772937276.9196715,15098.846582852033
1772937276.91968,13349.7857866191
1772937276.9196885,-10357.764981979606
1772937276.9196968,-26329.542966458404
1772937276.9197056,-6543.334143142272
1772937276.9197145,41034.30703183174
1772937276.9197228,77276.07290728224
1772937277.343011,1798.9125287434365
1772937277.343052,-3545.60115485714
1772937277.3430789,-4033.4671026377864
1772937277.3431103,840.0315278922059
1772937277.3431368,4680.311013467658
1772937277.343164,2514.81581376319
1772937277.3431904,-2796.871182877794
1772937277.343217,-4293.3188618496915
1772937277.3432436,20.76929724969901
1772937277.3432703,4508.002065538643
1772937277.3432965,3207.769373419052
1772937277.3433237,-2276.594482540041
1772937277.3433325,-4709.355922096766
1772937277.3433409,-715.4888300468773
1772937277.3433492,4546.643479416907
1772937277.3433578,3989.232563361194
1772937277.343366,-1896.1760598339793
1772937277.343374,-5329.418382895499
1772937277.3433821,-1466.0985105919774
1772937277.34339,4798.125201706537
1772937277.3433976,4957.691431510809
1772937277.3434067,-1608.5219947873484
1772937277.3434196,-6237.136542796732
1772937277.3434324,-2332.839203144366
1772937277.3434446,5297.270323490683
1772937277.3434553,6252.968592618303
1772937277.3434632,-1367.550735680732
1772937277.343471,-7572.353024073334
1772937277.343479,-3464.3541263200045
1772937277.3434863,6119.840198692629
1772937277.3434942,8116.681639692282
1772937277.343502,-1103.472289252854
1772937277.34351,-9607.393976869269
1772937277.3435175,-5157.6209526062685
1772937277.3435256,7416.010601838717
1772937277.3435333,11085.345406252816
1772937277.343541,-596.2770875117016
1772937277.3435488,-12937.119372051988
1772937277.3435564,-8238.485057329724
1772937277.3435643,9375.855334636943
1772937277.343572,16625.753859356904
1772937277.3435795,1210.4179483656912
1772937277.3435874,-19040.948845685936
1772937277.3435955,-16198.461724478844
1772937277.3436031,10867.335522921454
1772937277.3436108,30946.463337387595
1772937277.3436189,17669.4113499569
1772937277.3436265,-15558.520022814
1772937277.343634,-29471.001605890626
1772937277.343642,-7768.555592915199
1772937277.3436496,20466.453978464284
1772937277.3436573,16136.981161529742
1772937277.3436651,-19024.84521613033
1772937277.3436728,-41660.963975623534
1772937277.3436804,-20272.8785638532
1772937277.3436885,23398.45420206459
1772937277.3436964,39409.93641276154
1772937277.343704,11868.919187775553
1772937277.343712,-20391.672436360026
1772937277.3437197,-13017.980757172676
1772937277.3437274,25753.500398723656
1772937277.3437357,42917.32869121107
1772937277.343743,7130.522523126241
1772937277.3437512,-48950.882636042355
1772937277.3437593,-64879.32061361341
1772937277.3437667,-23747.17260687847
1772937277.3437743,28834.465957465276
1772937277.3437824,40098.76371132803
1772937277.34379,10088.602627443526
1772937277.3437977,-15950.897309344848
1772937277.3438056,-7776.309204319375
1772937277.3438132,15716.308179082971
1772937277.343821,18106.698793259588
1772937277.343829,-4098.517277322281
1772937277.3438363,-19553.65180142031
1772937277.3438442,-7452.291592123496
1772937277.343852,14100.09749513912
1772937277.3438597,14831.250719032496
1772937277.3438673,-4816.348357325383
1772937277.3438752,-15346.83322190774
1772937277.3438828,-1993.7482979204963
1772937277.3438907,12178.131490697555
1772937277.3438983,-700.4900456536068
1772937277.3439062,-28487.52374910729
1772937277.343914,-28447.124295497222
1772937277.343922,14602.166612373825
1772937277.3439295,58257.028937155155
1772937277.3439376,48254.41257521816
1772937277.3439455,-11436.520919216984
1772937277.3439531,-55261.71930146009
1772937277.3439608,-31766.620719858798
1772937277.3439689,31648.985292497993
1772937277.3439765,57889.29325246172
1772937277.3439844,12175.601272394024
1772937277.343992,-54448.07807463347
1772937277.3439996,-64829.36104060532
1772937277.3440075,-7312.045916813161
1772937277.3440151,51386.656072745296
1772937277.3440228,46247.501174049496
1772937277.3440304,-11161.381150778687
1772937277.3440382,-51533.278265637
1772937277.3440487,-32739.29223012289
1772937277.3440616,14185.314945707705
1772937277.3440745,29434.6827516343
1772937277.3440847,-1350.1245108812186
1772937277.3440928,-34430.35347244401
1772937277.3441007,-26320.828622073364
1772937277.3441086,13828.781351827327
1772937277.3441162,40150.25818950707
1772937277.344124,27750.261527122024
1772937277.3441317,-1860.7298931762837
1772937277.3441396,-13764.942902197608
1772937277.3441474,-2820.696455606264
1772937277.344155,7228.390248348637
1772937277.3441627,695.3361420906475
1772937277.3441706,-9775.160493926582
1772937277.3441784,-4435.493953399844
1772937277.344186,13379.611339499928
1772937277.3441937,20306.551198682704
1772937277.3442013,4410.792194582993
1772937277.736097,54776.31063725363
1772937277.736148,37160.39981146853
1772937277.7361808,-21024.48329921996
1772937277.7362092,-71393.36370692041
1772937277.7362378,-67728.06312997904
1772937277.7362661,-15094.941659418248
1772937277.7362945,35601.0619774925
1772937277.736323,42169.51077909765
1772937277.7363517,12261.789009024948
1772937277.7363803,-13635.540373898015
1772937277.7364087,-11772.1118334044
1772937277.736432,3647.286303886763
1772937277.7364407,7654.569222249387
1772937277.7364495,-1097.3631712253728
1772937277.736458,-3460.4905989153012
1772937277.7364666,8768.695343819325
1772937277.7364752,19246.093203615124
1772937277.7364836,10009.371607703959
1772937277.736492,-11810.26353340334
1772937277.7365005,-21179.71206864035
1772937277.7365088,-7202.424728557058
1772937277.7365172,12826.173514825836
1772937277.7365255,15741.142369789053
1772937277.736534,1239.1659352952136
1772937277.7365427,-10092.097707977184
1772937277.7365515,-4719.921916778397
1772937277.73656,7837.504032614643
1772937277.7365682,10278.119498002172
1772937277.7365763,952.7321280551217
1772937277.736585,-6053.581003272909
1772937277.736595,-1686.0663743855655
1772937277.7366085,6533.148279948158
1772937277.7366223,6786.839347107423
1772937277.736637,-225.5884202107694
1772937277.7366505,-3672.7094498502724
1772937277.7366629,978.0951935608052
1772937277.7366712,6036.909536300991
1772937277.73668,3893.385784309569
1772937277.7366881,-1633.4086499693003
1772937277.7367003,-1691.4227061921954
1772937277.736714,3725.3450500903123
1772937277.7367284,5784.614263584542
1772937277.7367373,795.971428762773
1772937277.736746,-3435.6244499876098
1772937277.7367544,537.6223875939902
1772937277.7367628,7306.242164736658
1772937277.736771,5667.821706409292
1772937277.7367797,-3580.6374425176523
1772937277.736788,-6434.414261937406
1772937277.7367969,3927.7377695041596
1772937277.7368052,13857.186971272737
1772937277.7368135,6098.6244808684405
1772937277.736822,-12842.10668414447
1772937277.7368302,-15206.148463542662
1772937277.7368383,11647.009569896542
1772937277.7368464,40576.42591424393
1772937277.7368548,30096.354814697934
1772937277.7368631,-24497.175503601615
1772937277.7368712,-77740.24734202315
1772937277.7368798,-80836.39079070653
1772937277.736888,-36416.89952324032
1772937277.7368965,4711.239059229537
1772937277.7369049,2117.294645459
1772937277.7369132,-30077.06924343138
1772937277.7369215,-44535.61586483175
1772937277.7369304,-18395.776130452174
1772937277.7369385,23141.088683849524
1772937277.7369468,41196.57999385582
1772937277.736955,27976.205020898273
1772937277.7369635,7899.784793484046
1772937277.7369716,1505.1711206792072
1772937277.73698,3199.3560041041587
1772937277.7369883,-1931.8212875422137
1772937277.7369967,-12048.880576915903
1772937277.7370048,-11571.183654970884
1772937277.737013,3312.887536702065
1772937277.7370217,15705.204872288676
1772937277.73703,9952.66892662171
1772937277.7370381,-6238.987156916216
1772937277.7370467,-11373.198755822283
1772937277.7370548,974.7099759065713
1772937277.7370632,13659.672022604796
1772937277.7370718,9572.539798544483
1772937277.73708,-5160.616349451475
1772937277.7370884,-10098.168897088903
1772937277.7370968,1222.648725350421
1772937277.7371058,12768.7842459906
1772937277.7371144,8596.849544051729
1772937277.7371228,-5148.776694690036
1772937277.7371314,-9179.680463693503
1772937277.7371397,1941.6197037439422
1772937277.737148,12456.697584637799
1772937277.7371562,7658.964486476049
1772937277.7371645,-5574.009593567148
1772937277.7371783,-8586.529572145053
1772937277.7371864,2823.7299486568236
1772937277.737194,12542.515299684761
1772937277.7372017,6824.809479043808
1772937277.7372096,-6312.921679548603
1772937277.7372172,-8284.762649174854
1772937277.7372253,3858.7563640122767
1772937277.7372327,13042.416271167025
1772937277.7372406,6080.391164132423
1772937277.737248,-7475.817415005986
1772937277.7372556,-8367.061586870088
1772937277.7372634,5161.854180019737
1772937277.7372708,14207.783492015686
1772937277.7372787,5432.110092671679
1772937277.7372863,-9486.121958365973
1772937277.737294,-9200.54567561712
1772937277.737302,7150.768257195743
1772937277.7373095,17048.264601851584
1772937277.737317,5017.674828931758
1772937277.7373247,-14121.005744586671
1772937277.7373323,-12711.582946010514
1772937277.73734,11788.082027340262
1772937277.7373476,28262.08584353625
1772937277.7373555,7239.048383950725
1772937277.7373629,-41761.01435593015
1772937277.7373705,-77110.36401640621
1772937278.1833808,-189.54534051446828
1772937278.1834288,5983.7312277022975
1772937278.1834595,4876.724181396159
1772937278.1834917,-1877.399793815374
1772937278.183534,-4808.699545267628
1772937278.18356,120.31166377691459
1772937278.1835868,5958.425100502811
1772937278.1836135,4563.954843580574
1772937278.1836386,-2045.4987343879416
1772937278.183658,-4606.604916398485
1772937278.1836767,412.9123579260649
1772937278.1836836,5944.707392580185
1772937278.1836903,4267.248222787293
1772937278.183696,-2221.4552909204244
1772937278.1837022,-4429.086108870898
1772937278.183708,695.441868034706
1772937278.1837137,5947.2165375496825
1772937278.1837194,3990.9181510122244
1772937278.183725,-2397.0157276472532
1772937278.183731,-4265.184909645441
1772937278.1837368,975.3106053934433
1772937278.1837423,5965.864541207602
1772937278.1837485,3729.998942893807
1772937278.183754,-2576.7659270153204
1772937278.18376,-4117.654118985608
1772937278.1837656,1248.6383907781026
1772937278.1837714,5993.637796992654
1772937278.183777,3477.078215511992
1772937278.1837828,-2763.8614408258527
1772937278.1837883,-3984.4488345401305
1772937278.1837943,1518.7548061588016
1772937278.1838,6031.102028208662
1772937278.1838057,3230.396483884158
1772937278.183818,-2958.504024574455
1772937278.183824,-3861.9319307434052
1772937278.1838295,1791.1322069017879
1772937278.1838355,6081.936583578976
1772937278.1838412,2990.821023991704
1772937278.1838467,-3160.586817552755
1772937278.1838524,-3749.0985189236867
1772937278.183858,2066.442054861053
1772937278.1838636,6144.224224586413
1772937278.1838694,2754.2695492139965
1772937278.183875,-3372.8471555168517
1772937278.1838808,-3644.602321146342
1772937278.1838863,2348.652622695905
1772937278.183892,6220.390697308619
1772937278.1838975,2519.598752555024
1772937278.1839032,-3597.6353676521157
1772937278.1839087,-3548.4226119808304
1772937278.1839142,2640.3852136293826
1772937278.18392,6312.461389403829
1772937278.1839256,2286.0954162014573
1772937278.183931,-3836.5057578213086
1772937278.183937,-3459.7995568530805
1772937278.1839428,2944.0907234058427
1772937278.1839485,6419.9846333378155
1772937278.183954,2047.5929871735266
1772937278.1839595,-4097.847229293049
1772937278.1839654,-3382.746376563549
1772937278.183971,3262.157801862845
1772937278.1839767,6546.737746491289
1772937278.1839821,1803.6061494678859
1772937278.1839879,-4385.314767158239
1772937278.1839936,-3317.643830839799
1772937278.1839993,3600.547693124996
1772937278.1840048,6700.144796898565
1772937278.1840105,1556.280746395135
1772937278.184016,-4701.740859343567
1772937278.1840217,-3265.567457035699
1772937278.1840274,3963.2090182164407
1772937278.1840332,6883.410651694483
1772937278.1840389,1300.8937168874131
1772937278.1840444,-5056.971688448536
1772937278.18405,-3229.9691414883314
1772937278.1840556,4358.782288775406
1772937278.1840613,7107.997834765343
1772937278.1840668,1037.7032885208935
1772937278.1840725,-5462.578446101692
1772937278.184078,-3219.6793287005657
1772937278.1840837,4791.856798811139
1772937278.1840897,7383.188494487636
1772937278.1840951,763.2769540001601
1772937278.1841009,-5935.577612585602
1772937278.1841063,-3244.3484027333484
1772937278.184112,5277.08178420844
1772937278.184118,7735.7179410135595
1772937278.1841235,486.8049921370819
1772937278.1841295,-6493.348663452238
1772937278.1841352,-3321.851878278166
1772937278.1841407,5823.92652002465
1772937278.1841464,8191.154988650663
1772937278.184152,209.32062707726612
1772937278.1841578,-7173.883687683804
1772937278.1841636,-3488.5814799967447
1772937278.1841693,6447.319292782238
1772937278.184175,8804.205778493451
1772937278.1841807,-44.93313038466871
1772937278.1841865,-8023.702315090701
1772937278.184192,-3806.29687432287
1772937278.1841977,7163.129807599418
1772937278.184203,9670.035334491477
1772937278.1842086,-219.57407106953232
1772937278.1842144,-9122.12953142828
1772937278.18422,-4414.064463857591
1772937278.1842256,7963.5317632372235
1772937278.1842313,10969.620742855053
1772937278.184237,-155.52239500609505
1772937278.1842427,-10592.112204939678
1772937278.1842482,-5647.405577008154
1772937278.1842537,8736.72159517277
1772937278.1842592,13112.505648793698
1772937278.184265,699.9475580241876
1772937278.1842709,-12568.601245381267
1772937278.1842766,-8562.827559020538
1772937278.1842823,8640.113330304335
1772937278.184288,17143.625892958236
1772937278.1842937,5202.911775887011
1772937278.1842995,-13739.77835699967
1772937278.184305,-18242.53284736575
1772937278.184311,-5127.414369575449
1772937278.6677315,100.88683714797848
1772937278.6677847,1014.9712158554751
1772937278.66782,502.9164805478194
1772937278.6678464,-717.9767470805681
1772937278.667873,-929.6937886770546
1772937278.6678994,170.19950803649553
1772937278.6679263,1037.4437251515185
1772937278.6679585,449.2693549628371
1772937278.6679847,-771.5202552845979
1772937278.6680114,-906.8278531532544
1772937278.668038,239.59721021606657
1772937278.6680467,1057.716122034753
1772937278.6680548,391.2798118136949
1772937278.6680632,-829.0429398567977
1772937278.668072,-885.2896636347548
1772937278.66808,309.7247629840225
1772937278.6680877,1078.411981161194
1772937278.6680968,332.98452804875376
1772937278.66811,-885.0435106589817
1772937278.6681228,-858.5651564662234
1772937278.668135,386.1530703111695
1772937278.6681428,1101.546405012288
1772937278.668151,271.7229796855117
1772937278.6681588,-945.344177347728
1772937278.6681666,-832.6173579994512
1772937278.6681745,465.192251053957
1772937278.668182,1126.5076602487327
1772937278.6681895,209.62801780135564
1772937278.6681972,-1005.9786815753712
1772937278.668205,-803.2894020376035
1772937278.668224,548.8988231404703
1772937278.6682315,1151.6331430339774
1772937278.6682396,141.9286459501958
1772937278.6682472,-1072.276933866078
1772937278.6682549,-774.3058873272535
1772937278.6682627,635.1122094890052
1772937278.6682703,1175.0107682425826
1772937278.6682782,66.89639894135186
1772937278.668286,-1143.8446332764818
1772937278.668294,-741.4382939782299
1772937278.6683016,730.901941028776
1772937278.6683097,1203.3789958856491
1772937278.6683173,-11.451283291654137
1772937278.6683252,-1219.3021153510679
1772937278.6683333,-704.8413694931535
1772937278.6683407,834.588014179432
1772937278.6683483,1232.9465739082577
1772937278.6683564,-97.85812799671467
1772937278.668364,-1301.2125821656691
1772937278.668372,-663.0055762693354
1772937278.6683795,949.6330136465472
1772937278.6683874,1264.8676395694595
1772937278.6683953,-195.05351228377444
1772937278.6684031,-1393.3840373600144
1772937278.6684108,-617.5309370400062
1772937278.6684184,1075.9607506659959
1772937278.668426,1297.102120493391
1772937278.6684337,-307.85653032993093
1772937278.6684413,-1499.3678181731918
1772937278.66845,-566.4626608999707
1772937278.6684616,1219.9122979457954
1772937278.668475,1335.2838394545008
1772937278.6684835,-433.61321881991114
1772937278.6684916,-1616.31316158208
1772937278.6685002,-503.9949282097947
1772937278.6685088,1386.3129140840247
1772937278.668517,1376.0334544348511
1772937278.6685255,-584.2673402826227
1772937278.6685336,-1755.2171134253913
1772937278.668542,-430.996841575481
1772937278.66855,1581.9897614146128
1772937278.6685584,1423.0664644339713
1772937278.6685705,-763.6581278242949
1772937278.6685836,-1919.1608959319774
1772937278.6685972,-340.75305683664544
1772937278.6686056,1818.5621789402376
1772937278.668614,1478.7072277281993
1772937278.6686225,-982.2019007764832
1772937278.6686308,-2116.5735600952003
1772937278.6686392,-226.02746017720236
1772937278.6686475,2109.7909254481297
1772937278.668656,1540.0386191510229
1772937278.6686645,-1264.0424943439532
1772937278.6686728,-2366.7125377835105
1772937278.6686811,-76.1693003300716
1772937278.6686895,2483.029547226687
1772937278.6686983,1612.3124062757092
1772937278.6687064,-1636.2396761741377
1772937278.6687148,-2688.3799878267137
1772937278.6687248,137.96975609473802
1772937278.6687384,2990.4870230349898
1772937278.668753,1701.7691519570963
1772937278.668762,-2156.2451073709212
1772937278.6687703,-3127.318124128892
1772937278.6687787,457.92544917465176
1772937278.6687872,3715.8566815205104
1772937278.6687953,1803.4106870002784
1772937278.6688068,-2948.682127450126
1772937278.6688182,-3770.3713830649976
1772937278.6688297,992.3530988095256
1772937278.668841,4858.388023472294
1772937278.668852,1904.3779675629357
1772937278.6688633,-4314.067008030621
1772937278.668874,-4816.81251231732
1772937278.6688857,2055.5670666980745
1772937278.6688967,6965.767067290314
1772937278.6689079,1905.3911917361245
1772937278.6689196,-7254.329917856945
1772937278.6689312,-6874.197896869823
1772937278.6689432,5029.795636725799
1772937278.6689565,12403.334171920464
1772937278.6689703,891.0382291998906
1772937278.6689832,-18322.370153525866
1772937278.6689951,-14149.22781133769
1772937278.6690073,28335.44951315739
1772937278.6690185,81318.29752955274
1772937278.669031,93545.87665402365
1772937278.6690428,41545.18406527101
1772937278.6690536,-41495.185742028654
1772937278.6690645,-93517.26249778086
1772937278.8325648,-10843.319273141407
1772937278.8326178,6574.626684946269
1772937278.832642,9923.960254479214
1772937278.832652,-938.2899615059137
1772937278.832661,-10187.446395930918
1772937278.8326695,-7090.584362356973
1772937278.8326778,2529.439540181584
1772937278.8326862,5865.629611817211
1772937278.8326943,-441.5601756295737
1772937278.8327029,-7376.9493461909815
1772937278.8327105,-6069.547104898682
1772937278.8327184,1123.357775434001
1772937278.8327265,4516.202312037007
1772937278.8327346,-68.682916568049
1772937278.8327425,-6269.897825332597
1772937278.83275,-5890.413117300166
1772937278.832758,398.50357013948474
1772937278.832766,4163.870114121513
1772937278.8327737,398.88197660230185
1772937278.8327813,-5889.104032414142
1772937278.8327892,-6267.241732489753
1772937278.8327968,-65.03151850453531
1772937278.832805,4519.916341037337
1772937278.8328125,1126.5459014925282
1772937278.8328204,-6066.473248406018
1772937278.832828,-7373.068270426556
1772937278.8328357,-436.638780053976
1772937278.8328433,5870.710026607636
1772937278.832851,2533.747030449404
1772937278.832862,-7086.722666253656
1772937278.8328793,-10182.767753256112
1772937278.8328922,-932.4490763907248
1772937278.8329043,9929.497397687397
1772937278.8329172,6578.464635012122
1772937278.8329296,-10839.725746696598
1772937278.832943,-21373.885501997906
1772937278.8329563,-3996.117495148222
1772937278.83297,37033.108900946616
1772937278.8329833,71451.66908114856
1772937279.0634506,-3139.146440880917
1772937279.063493,-88.1372871363759
1772937279.063521,3097.8141790576933
1772937279.0635488,1948.3824975107711
1772937279.0635564,-1915.7619835980247
1772937279.063563,-3064.852051585304
1772937279.0635695,122.00572123676166
1772937279.0635765,3174.0801508233826
1772937279.063583,1791.1077514953647
1772937279.063589,-2107.202003365638
1772937279.0635953,-3040.720042852307
1772937279.0636015,340.6237046849518
1772937279.0636077,3309.646479418743
1772937279.0636132,1658.9566081179148
1772937279.0636191,-2348.1347468971985
1772937279.0636253,-3073.2968272495364
1772937279.0636315,578.7946861002189
1772937279.0636375,3517.4511897926477
1772937279.0636435,1545.883458870974
1772937279.0636497,-2660.8672501962706
1772937279.0636551,-3172.0959790889797
1772937279.0636613,859.8920626201666
1772937279.0636675,3832.2142133171046
1772937279.0636735,1454.61237087327
1772937279.0636792,-3081.613602203849
1772937279.063685,-3363.2972303013726
1772937279.0636907,1212.192913684093
1772937279.0636964,4305.525682550324
1772937279.0637023,1379.230198493825
1772937279.0637083,-3690.9342016322344
1772937279.063714,-3704.5304583356374
1772937279.06372,1699.424243821587
1772937279.0637257,5064.584021512192
1772937279.063732,1329.7899411117023
1772937279.0637376,-4656.0874267705
1772937279.0637434,-4334.419648683131
1772937279.0637493,2457.4320701481583
1772937279.0637553,6414.828134510405
1772937279.0637605,1334.7419177858726
1772937279.0637667,-6427.891022433278
1772937279.0637724,-5655.953091383896
1772937279.0637784,3901.872025761416
1772937279.063784,9392.81063019659
1772937279.06379,1549.183313891562
1772937279.063796,-10798.269106729691
1772937279.0638015,-9625.418669514234
1772937279.0638075,7981.681475737048
1772937279.0638132,20707.838547688134
1772937279.0638187,4392.213644184929
1772937279.0638244,-38141.01962169683
1772937279.0638301,-74448.79516735289
1772937279.1879103,-1227.896229874078
1772937279.1879451,-1111.2340739726023
1772937279.1879566,668.8367260864237
1772937279.187967,1695.100061034736
1772937279.187978,381.99595728318116
1772937279.1879897,-1611.6912373753357
1772937279.1879992,-1438.3945667804871
1772937279.188014,904.0789853763999
1772937279.1880236,2230.7999761999886
1772937279.1880317,460.9508140902547
1772937279.1880405,-2184.5597658402453
1772937279.1880488,-1905.8406467944014
1772937279.1880572,1278.1137911499084
1772937279.188066,3041.429163324092
1772937279.188074,551.2064766379256
1772937279.1880815,-3115.906292769063
1772937279.1880896,-2652.344567908103
1772937279.188098,1930.4450101298971
1772937279.188106,4439.296074434618
1772937279.188114,687.0460658096199
1772937279.1881225,-4855.737500242085
1772937279.1881301,-4084.4676765010136
1772937279.1881387,3273.2587691915624
1772937279.1881464,7460.995134235923
1772937279.188154,1026.4140662623001
1772937279.188162,-9193.065779034112
1772937279.188171,-8156.460085231139
1772937279.1881783,7258.09746010075
1772937279.1881862,18819.967331061074
1772937279.1881936,3992.5631025733865
1772937279.1882012,-36499.955208960055
1772937279.188209,-73075.61938791227
1772937279.673369,-75708.65334556851
1772937279.6734097,-37636.06737889092
1772937279.673438,5948.060897644643
1772937279.6734667,21092.126689099743
1772937279.6734946,6605.019110832623
1772937279.673523,-10862.313080876465
1772937279.6735516,-10170.806140198767
1772937279.6735811,3141.8708897233437
1772937279.6736147,9672.042809754037
1772937279.6736429,2424.790395831145
1772937279.6736715,-6845.3859165729655
1772937279.6736903,-5667.294830268817
1772937279.6736991,2962.0293415546566
1772937279.673708,6580.4959738782445
1772937279.6737163,876.727687326578
1772937279.673725,-5468.767060200241
1772937279.6737337,-3751.843086083469
1772937279.673742,2992.6920886952216
1772937279.6737506,5107.565483163108
1772937279.673759,8.734604101499542
1772937279.6737676,-4777.775013558253
1772937279.673776,-2631.855413004292
1772937279.6737845,3079.292236983828
1772937279.6737928,4216.184914340885
1772937279.6738012,-594.0903213074163
1772937279.6738095,-4365.819746995112
1772937279.673818,-1853.051978187275
1772937279.6738262,3191.6610378877053
1772937279.6738346,3593.3497158404625
1772937279.673843,-1075.4960373611395
1772937279.6738513,-4096.722348010542
1772937279.6738596,-1245.3842851350278
1772937279.673868,3323.0687775858596
1772937279.6738763,3113.6165201816384
1772937279.6738849,-1496.1130933843247
1772937279.6738932,-3906.579158007883
1772937279.6739018,-723.7834263867792
1772937279.67391,3474.867822576603
1772937279.6739185,2712.4590507720977
1772937279.6739268,-1894.8725776269553
1772937279.6739352,-3768.3479252753164
1772937279.6739435,-243.17625110069056
1772937279.673952,3649.1101438817664
1772937279.6739604,2350.7564832992994
1772937279.6739688,-2300.343123908547
1772937279.6739771,-3668.8180459690625
1772937279.6739855,227.54430345514044
1772937279.6739936,3852.5390787725773
1772937279.674002,2004.6687265644111
1772937279.6740103,-2732.4479595016837
1772937279.6740184,-3594.9057144739254
1772937279.6740267,720.8395683512128
1772937279.6740353,4097.810222764962
1772937279.6740432,1652.136418172771
1772937279.6740515,-3218.2594271799603
1772937279.67406,-3540.9068048433664
1772937279.6740685,1270.9947686162172
1772937279.6740768,4402.814250661316
1772937279.6740851,1265.914037314811
1772937279.6740935,-3799.886955965827
1772937279.674102,-3507.652074568089
1772937279.6741104,1924.6596178808525
1772937279.6741185,4799.692314354164
1772937279.6741269,811.3865218522153
1772937279.6741354,-4539.988728384562
1772937279.6741438,-3492.115422299258
1772937279.6741524,2769.384586769458
1772937279.6741605,5352.0772669136495
1772937279.6741688,221.51503055420145
1772937279.674178,-5573.069998021161
1772937279.6741922,-3504.4553790753534
1772937279.674206,3980.4493595972544
1772937279.674219,6203.0549040427095
1772937279.6742313,-647.4135862938631
1772937279.6742399,-7217.719016939464
1772937279.6742482,-3576.7181738174
1772937279.6742563,6017.724285356275
1772937279.674265,7763.9173510295
1772937279.6742735,-2215.498106565837
1772937279.6742816,-10521.124238338552
1772937279.67429,-3863.985180791436
1772937279.6742983,10686.52332515328
1772937279.6743069,11999.860837133307
1772937279.6743147,-6441.714913730312
1772937279.6743233,-22209.513258140752
1772937279.6743317,-6784.569325158212
1772937279.67434,38377.26765658374
1772937279.6743484,77110.36178102855
1772937279.6743567,74615.64619290542
1772937279.6743653,34318.98316114308
1772937279.6743736,-6814.255669313671
1772937279.6743817,-18125.848514598227
1772937279.6743903,-3841.670022562261
1772937279.6743984,9479.835974595533
1772937279.6744065,6438.256571838589
1772937279.674415,-3957.112072648218
1772937279.6744232,-6189.337774180697
1772937279.6744313,635.0615602142345
1772937279.6744428,5061.491240137495
1772937279.6744564,1306.0950957502052
1772937279.6744704,-3735.34787865208
1772937279.674481,-2313.982286898694
1772937279.6744928,2677.678316463204
1772937279.6745062,3072.1010759628534
1772937279.6745193,-1644.6557658897075
1772937279.6745331,-3717.818751930243
1772937279.6745467,510.2929275467959
1772937279.6745589,4436.674625745421
1772937279.6745677,1243.974646445986
1772937279.674576,-4751.211399821079
1772937279.6745844,-3649.8735594566115
1772937279.6745927,4317.986357813865
1772937279.6746013,6927.015340475116
1772937279.6746094,-2216.5207516924456
1772937279.6746178,-10832.662127101856
1772937279.674626,-2582.86647809132
1772937279.6746347,15977.122021921336
1772937279.6746428,14501.220769944997
1772937279.6746511,-25861.730822722267
1772937279.67466,-80204.80752342538
1772937279.8455749,-1674.8857018567044
1772937279.8456166,-1943.1720557444128
1772937279.8456428,529.1237457859127
1772937279.8456564,2173.137506705222
1772937279.8456652,741.0458338386966
1772937279.8456736,-1634.7171302989805
1772937279.8456817,-1602.2894772159839
1772937279.8456903,693.8321930247429
1772937279.8456984,1959.1531315483728
1772937279.845707,466.0447151726878
1772937279.8457155,-1596.9443254933497
1772937279.8457232,-1324.3122099551651
1772937279.8457315,822.7635876642323
1772937279.845739,1776.1109717230256
1772937279.8457472,237.5220112475073
1772937279.845755,-1560.3012873044377
1772937279.8457627,-1087.7387671208312
1772937279.8457713,928.4191003592722
1772937279.8457797,1615.3185797590818
1772937279.8457875,42.133515936964194
1772937279.8457956,-1523.4482328351578
1772937279.8458035,-879.1480877019368
1772937279.8458116,1018.84298205634
1772937279.8458195,1471.6650180053223
1772937279.845828,-128.37036694647745
1772937279.8458357,-1485.894899916281
1772937279.8458438,-691.4449226614908
1772937279.845852,1096.184671078596
1772937279.84586,1337.734914152369
1772937279.8458683,-283.14421400634944
1772937279.8458762,-1449.2707028515563
1772937279.8458843,-519.3972028975896
1772937279.8458922,1164.6001451740558
1772937279.8459,1212.5751481598672
1772937279.8459077,-424.1854624270154
1772937279.8459156,-1411.396630324576
1772937279.8459237,-357.5016560433442
1772937279.8459342,1227.7338962870044
1772937279.845942,1094.5447397313155
1772937279.8459496,-559.8529888655557
1772937280.3579319,-74700.7957171824
1772937280.357974,-38170.59158054952
1772937280.358005,4607.8229487063245
1772937280.3580413,20815.998018163
1772937280.3580682,7799.615483520963
1772937280.3580947,-9843.472830282511
1772937280.3581276,-10753.951965700038
1772937280.3581545,1752.60216188325
1772937280.3581805,9416.797080547802
1772937280.3582067,3687.068051176428
1772937280.3582337,-5805.03408112425
1772937280.3582466,-6309.0874440360085
1772937280.358255,1512.6867897584098
1772937280.3582625,6349.213288641401
1772937280.358271,2215.880365148022
1772937280.3582785,-4408.907658103844
1772937280.3582864,-4465.859934911476
1772937280.3582954,1476.599514988439
1772937280.3583035,4912.20585872097
1772937280.358312,1442.4276851503512
1772937280.3583195,-3697.1373301246435
1772937280.3583276,-3435.3099444962354
1772937280.3583355,1481.914857984193
1772937280.3583477,4061.2113854272925
1772937280.3583553,947.323662504602
1772937280.3583632,-3264.5768426191034
1772937280.3583708,-2761.554218497693
1772937280.3583784,1504.3516395943548
1772937280.358386,3493.207132514193
1772937280.358394,596.6400722686863
1772937280.358402,-2971.171004629112
1772937280.35841,-2278.049298032975
1772937280.3584328,1530.8086341816802
1772937280.358441,3078.4025844179027
1772937280.358449,326.9501098868614
1772937280.3584569,-2757.9188734330864
1772937280.3584647,-1906.190899511711
1772937280.3584726,1560.955532448206
1772937280.35848,2759.456106389811
1772937280.3584878,109.91471341475285
1772937280.3584957,-2593.8127862249203
1772937280.3585036,-1605.5946147005666
1772937280.3585114,1592.8078432908487
1772937280.3585193,2502.3074187127017
1772937280.3585274,-73.66974713405874
1772937280.3585353,-2464.620983389762
1772937280.3585432,-1355.2117440515644
1772937280.3585508,1624.9056370397745
1772937280.3585584,2288.6913161708267
1772937280.3585663,-231.39093672716618
1772937280.3585744,-2356.774595401615
1772937280.358582,-1138.263216091685
1772937280.35859,1656.800955227997
1772937280.358598,2103.205883402636
1772937280.358606,-375.10058969124316
1772937280.358614,-2268.6481824632956
1772937280.358622,-947.7316703984133
1772937280.3586297,1689.5015210818667
1772937280.3586373,1941.9869746358536
1772937280.3586452,-503.4604549742963
1772937280.3586528,-2190.1870377836713
1772937280.3586607,-773.2896069156811
1772937280.3586683,1724.113173537861
1772937280.3586764,1797.962307330119
1772937280.358684,-622.7100228551861
1772937280.3586922,-2121.7653544514715
1772937280.3587,-613.6698417983167
1772937280.3587077,1757.159987570341
1772937280.3587153,1663.321717353571
1772937280.3587244,-738.4461755816967
1772937280.358737,-2062.2762737604553
1772937280.3587492,-463.2145818216214
1772937280.3587625,1794.0281656066059
1772937280.3587701,1541.6465734334743
1772937280.3587782,-847.1700929215178
1772937280.358786,-2008.1270561506674
1772937280.358794,-321.48792231284085
1772937280.3588018,1829.4115890230387
1772937280.3588104,1424.429160353139
1772937280.3588183,-954.4900070333556
1772937280.358826,-1958.486331416402
1772937280.3588336,-183.56384968400002
1772937280.3588412,1867.3239528467177
1772937280.3588488,1312.5743136879355
1772937280.358857,-1060.7426268689585
1772937280.3588645,-1912.572353625298
1772937280.3588724,-47.84185507636238
1772937280.3588803,1908.3288395462694
1772937280.358888,1205.3413277743368
1772937280.358896,-1166.1337249896649
1772937280.3589036,-1868.8809052805614
1772937280.3589113,87.34686343068769
1772937280.358919,1951.6799342191016
1772937280.3589265,1099.2772501579716
1772937280.3589346,-1274.2810897426857
1772937280.3589423,-1828.8576149178377
1772937280.3589497,222.14983269162548
1772937280.3589573,1996.7263951627024
1772937280.358965,992.1292015168005
1772937280.3589728,-1387.0724219459257
1772937280.358981,-1791.8749148224351
1772937280.3589933,359.1511575859785
1772937280.3590057,2045.44788019273
1772937280.3590174,884.1253726040057
1772937280.3590252,-1504.2333244558974
1772937280.3590353,-1755.4306817079514
1772937280.3590474,502.2669030300604
1772937280.3590598,2099.752145678063
1772937280.3590724,773.0698089867316
1772937280.3590848,-1630.2972189566945
1772937280.3590963,-1722.9018127568984
1772937280.3591044,650.5045709716818
1772937280.359112,2159.41094998314
1772937280.35912,658.535506526601
1772937280.3591275,-1763.6155896789423
1772937280.3591356,-1687.5087233843321
1772937280.3591433,814.5276744290015
1772937280.359151,2231.693021430726
1772937280.3591585,534.6843435086315
1772937280.3591661,-1930.2778178520553
1772937280.8395696,1047.6818337855032
1772937280.8396137,2610.8569480324536
1772937280.8396404,2557.155790228053
1772937280.839667,961.3215788141907
1772937280.8396943,68.63617014925599
1772937280.839721,1137.5373217249728
1772937280.8397477,2666.9116378329395
1772937280.8397741,2504.4742260532225
1772937280.8398013,875.8382689870538
1772937280.8398275,72.50249161568745
1772937280.839854,1229.9118225871994
1772937280.8398755,2724.2532743548823
1772937280.8398836,2450.780545874169
1772937280.8398912,787.9225833135899
1772937280.8398993,74.12252357081783
1772937280.8399072,1320.3061251960075
1772937280.8399153,2778.5131003787037
1772937280.8399234,2392.7951968365887
1772937280.839932,697.0777583984388
1772937280.8399396,76.77829070644268
1772937280.8399484,1414.6483233542162
1772937280.8399563,2835.6031078883548
1772937280.839965,2334.485554014163
1772937280.8399732,605.4769329607749
1772937280.8399813,81.954487458575
1772937280.8399887,1513.762627577175
1772937280.8399973,2894.3908159678836
1772937280.840006,2271.988251766749
1772937280.8400145,507.73046016764
1772937280.8400223,85.0259362935818
1772937280.840031,1615.0771980978964
1772937280.8400388,2954.013615629786
1772937280.8400466,2205.548131696741
1772937280.8400548,405.52180206496723
1772937280.840063,89.63581087743373
1772937280.8400748,1723.4332284347342
1772937280.8400877,3018.6514695439278
1772937280.8401,2137.551197632337
1772937280.8401089,299.8994520858838
1772937280.8401165,96.02981083593932
1772937280.8401244,1837.1767787875763
1772937280.8401325,3083.0772641328463
1772937280.8401403,2060.0204296568936
1772937280.8401482,184.3986835371761
1772937280.8401563,103.64153531049492
1772937280.840164,1961.9106472983858
1772937280.8401759,3155.1030902838147
1772937280.840186,1979.0106741157258
1772937280.840194,62.719695422370336
1772937280.840202,115.17622182150473
1772937280.840211,2098.9898950777474
1772937280.8402185,3232.266683994838
1772937280.8402264,1887.3505954464906
1772937280.8402345,-73.83056889581249
1772937280.840242,124.96110492900355
1772937280.84025,2246.916575483769
1772937280.840258,3314.6586747531555
1772937280.8402658,1784.9562331073141
1772937280.8402736,-223.58511443759247
1772937280.8402815,138.6107066138823
1772937280.840289,2412.6308201007796
1772937280.8402967,3404.4091167592037
1772937280.8403044,1666.9352754240542
1772937280.840312,-392.8732556415731
1772937280.84032,155.70914716304787
1772937280.8403277,2601.6736605982755
1772937280.8403356,3505.7726775503506
1772937280.8403435,1531.5652273600083
1772937280.840351,-584.9321953316452
1772937280.8403594,178.82829910833576
1772937280.8403673,2821.470040988047
1772937280.8403747,3621.818107013291
1772937280.8403823,1372.703936242315
1772937280.8403902,-807.6179109734353
1772937280.840398,208.8211654458397
1772937280.840406,3079.47153119085
1772937280.8404138,3752.851505443653
1772937280.8404217,1177.060338272913
1772937280.8404293,-1075.1226744437488
1772937280.840437,248.18584803152248
1772937280.8404448,3393.3927601782652
1772937280.8404524,3911.133137364516
1772937280.84046,939.0729082942358
1772937280.8404677,-1396.3424185174745
1772937280.8404756,306.4316636961392
1772937280.8404832,3785.7671068437626
1772937280.8404913,4100.940863396242
1772937280.8404987,630.3746117549406
1772937280.8405066,-1802.2881714927526
1772937280.8405144,390.1640195757256
1772937280.8405223,4293.17302268306
1772937280.84053,4334.573327994211
1772937280.8405373,211.25018746922655
1772937280.8405452,-2335.9294324562834
1772937280.8405528,522.0578015169206
1772937280.8405604,4989.933217181539
1772937280.840568,4639.362333758305
1772937280.840576,-390.4936135418115
1772937280.8405836,-3079.047627574345
1772937280.8405912,742.5414440240953
1772937280.8405993,6012.360102871414
1772937280.8406067,5050.6810883085
1772937280.8406148,-1346.5711536513127
1772937280.8406224,-4213.000074128293
1772937280.84063,1160.1255482839426
1772937280.8406384,7703.1969415861695
1772937280.8406465,5664.337535362397
1772937280.8406544,-3101.5497024626584
1772937280.8406625,-6220.1553880089095
1772937280.84067,2125.1571011095493
1772937280.8406777,11154.313911283785
1772937280.8406856,6759.628699836088
1772937280.8406932,-7434.370998013215
1772937280.840701,-11218.258707821198
1772937280.8407085,5453.049987508336
1772937280.8407164,23213.265339188398
1772937280.8407242,11063.662203984646
1772937280.8407319,-34676.663555691186
1772937280.8407397,-77824.50418502024
1772937280.8556347,-77195.97118728
1772937281.2512035,-36062.03068516946
1772937281.2512393,6741.1023425445655
1772937281.2512667,22066.76548238072
1772937281.251295,8447.812686580215
1772937281.2513251,-8696.5017452071
1772937281.2513578,-8671.147981081594
1772937281.2513864,3940.125264072515
1772937281.2514148,10721.59948080044
1772937281.2514434,4309.761391596643
1772937281.2514584,-4725.830076808126
1772937281.2514672,-4233.749636750822
1772937281.251476,3771.017215989381
1772937281.2514844,7705.273372398376
1772937281.2514935,2796.1532098835214
1772937281.2515054,-3404.372523820305
1772937281.2515192,-2384.463482298635
1772937281.2515335,3819.4029429029306
1772937281.2515435,6307.732727091518
1772937281.2515523,1948.7282904445794
1772937281.2515607,-2784.3846745621254
1772937281.2515693,-1330.6765377286179
1772937281.2515776,3938.6272930252267
1772937281.2515864,5501.197177681793
1772937281.2515948,1357.6495014373954
1772937281.2516031,-2456.79753397785
1772937281.251612,-613.6597228392213
1772937281.2516203,4103.683872307646
1772937281.2516289,4971.661129848589
1772937281.2516372,869.9614678419271
1772937281.2516453,-2294.0505317851116
1772937281.251654,-61.237790429489685
1772937281.2516623,4317.913704813463
1772937281.251671,4597.469158719526
1772937281.2516792,415.5635982429121
1772937281.2516878,-2243.2386985786975
1772937281.251696,415.20665086217224
1772937281.2517045,4597.620928317061
1772937281.2517157,4319.3523770515185
1772937281.2517238,-58.561796300475955
1772937281.251732,-2290.7490762197176
1772937281.2517405,873.4418808956649
1772937281.2517488,4975.233968749067
1772937281.251757,4107.2469003072965
1772937281.2517655,-610.3266175887566
1772937281.2517738,-2453.5300586687094
1772937281.2517822,1361.7120053727738
1772937281.2517908,5506.968830004642
1772937281.251799,3946.0405906837545
1772937281.2518077,-1322.7557079470828
1772937281.251816,-2776.9945776478426
1772937281.2518241,1955.716097498551
1772937281.2518325,6315.250705939028
1772937281.2518408,3827.839271055295
1772937281.2518492,-2375.858397323627
1772937281.2518575,-3396.541675354392
1772937281.2518716,2803.324236550231
1772937281.2518847,7712.856302262716
1772937281.251897,3779.6920074682257
1772937281.2519054,-4224.539221811421
1772937281.2519138,-4717.100557113719
1772937281.2519221,4317.9340455980555
1772937281.2519307,10730.28263669064
1772937281.2519393,3950.255612028176
1772937281.2519476,-8659.869481980113
1772937281.251956,-8685.069784924384
1772937281.2519643,8459.313671548773
1772937281.251973,22079.875221077116
1772937281.2519813,6757.810707275626
1772937281.2519896,-36041.233339318205
1772937281.2519977,-73456.0592553682
1772937281.2520063,-72688.91836610282
1772937281.2520144,-34840.111429351426
1772937281.2520258,6668.434649438315
1772937281.2520382,20824.527845235167
1772937281.252051,7838.545804640878
1772937281.2520647,-7773.716245068552
1772937281.2520747,-7516.564358205865
1772937281.2520833,3682.8586380251586
1772937281.2520916,9427.876948792262
1772937281.2521,3851.7140999547246
1772937281.25211,-3660.9033070795854
1772937281.2521236,-3147.6326958621416
1772937281.2521377,3325.51226181861
1772937281.2521515,6364.495457473328
1772937281.2521653,2500.428337528752
1772937281.2521763,-2192.1948925115385
1772937281.2521849,-1374.3517568494733
1772937281.2521932,3176.4244933845166
1772937281.2522016,4925.052728661137
1772937281.25221,1833.2416707610093
1772937281.2522233,-1414.9418431021545
1772937281.2522366,-407.8912752875774
1772937281.2522504,3079.4815958513936
1772937281.2522593,4075.4083351846602
1772937281.2522671,1439.836698625804
1772937281.2522757,-920.8775665926436
1772937281.252284,204.74243006520743
1772937281.2522922,3004.4154871927385
1772937281.2523005,3503.3061951399286
1772937281.2523088,1167.0908552289243
1772937281.3425605,-9390.803959982271
1772937281.3425806,-7224.187765654072
1772937281.3425913,5942.845998762742
1772937281.3426013,12073.838433722069
1772937281.3426108,1016.1584762951506
1772937281.3426208,-13536.136993482109
1772937281.34263,-10214.8897024757
1772937281.3426387,9963.246391245057
1772937281.3426473,20157.463594216708
1772937281.342656,889.096968435783
1772937281.3426647,-28700.396098293037
1772937281.3426733,-24222.305736844755
1772937281.342682,34326.01111487225
1772937281.3426905,112054.60713400731
1772937281.3747437,146856.43229118356
1772937281.4791112,32756.52514826022
1772937281.47915,-5300.33172146974
1772937281.4791608,-15601.030421908137
1772937281.47917,-3844.7544926812952
1772937281.4791791,6860.309692152317
1772937281.4791884,4787.351941686422
1772937281.4792032,-2263.7764975007935
1772937281.4792116,-3341.366318376951
1772937281.47922,717.4600402953215
1772937281.4792275,2061.1787174356214
1772937281.479236,-834.7632825375111
1772937281.4792435,-1922.4343551259483
1772937281.4792519,1396.0856900808906
1772937281.47926,3348.4658011461424
1772937281.4792683,-776.0219414996202
1772937281.4792757,-5496.242681062216
1772937281.479284,-2006.4846497566605
1772937281.479292,7108.440441881043
1772937281.4793003,7947.869394137818
1772937281.4793084,-5554.41213412267
1772937281.4793165,-17685.961232657843
1772937281.479324,-4769.35552652819
1772937281.4793324,35190.0870384257
1772937281.4793403,73070.57756178419
1772937281.6859477,2311.0871485975217
1772937281.6859813,2957.974473396103
1772937281.686004,-417.4528046702258
1772937281.6860147,-3091.2684164964157
1772937281.686024,-1444.1515266768943
1772937281.6860344,2162.8590787937114
1772937281.6860433,2752.6751641889223
1772937281.6860516,-426.670758576164
1772937281.6860604,-2950.284084707614
1772937281.686069,-1350.1922787913234
1772937281.6860778,2133.960683299631
1772937281.686087,2676.0060721509158
1772937281.6860964,-472.908391952388
1772937281.686112,-2949.341867592983
1772937281.6861207,-1302.876337104835
1772937281.6861296,2209.3032541614484
1772937281.6861384,2703.7676446980104
1772937281.6861467,-559.399070300963
1772937281.6861556,-3074.5839866270476
1772937281.6861641,-1289.9469003148868
1772937281.6861725,2391.371615883399
1772937281.6861813,2829.4282666924205
1772937281.6861897,-699.5587194279633
1772937281.686198,-3335.85655920071
1772937281.6862063,-1299.5362257124968
1772937281.6862164,2712.784220298778
1772937281.686231,3069.9380611896636
1772937281.6862447,-925.3618260812704
1772937281.6862557,-3786.5640889478
1772937281.6862683,-1333.9725014884668
1772937281.6862817,3241.541581565325
1772937281.6862943,3476.85869415339
1772937281.6863031,-1294.8333208033898
1772937281.686312,-4543.003196599046
1772937281.6863203,-1396.778474449297
1772937281.686329,4145.153109175837
1772937281.6863427,4187.6792466526185
1772937281.6863563,-1943.192468448922
1772937281.68637,-5910.2065970923895
1772937281.6863782,-1518.3065130209563
1772937281.6863866,5872.494044386336
1772937281.6863947,5607.093818194476
1772937281.6864033,-3281.3582607462536
1772937281.6864116,-8922.10854627641
1772937281.68642,-1857.339179726765
1772937281.6864283,10206.511548226881
1772937281.686437,9682.299439105578
1772937281.6864457,-7261.823252157674
1772937281.686454,-20283.608030962063
1772937281.6864624,-4826.310760446204
1772937281.6864707,37511.127067180794
1772937281.686479,74564.77341822485
1772937282.167929,-1798.6178013321332
1772937282.1679852,1165.2266562405737
1772937282.1680157,2510.887966592895
1772937282.1680436,302.74148345822283
1772937282.1680684,-2353.992700729928
1772937282.1680927,-1676.5419687058334
1772937282.1681051,1413.878087965949
1772937282.1681173,2542.79314330488
1772937282.1681292,70.97949596175785
1772937282.1681406,-2528.0995652377214
1772937282.168152,-1545.2405857544709
1772937282.1681643,1675.400831116301
1772937282.1681752,2570.699941616372
1772937282.168187,-181.6821970695043
1772937282.1681983,-2715.218752109684
1772937282.1682105,-1400.8419158866034
1772937282.1682224,1960.5510507026574
1772937282.1682355,2601.0321147709637
1772937282.1682472,-457.2912083473229
1772937282.1682596,-2917.6868324361503
1772937282.1682708,-1237.6973744774052
1772937282.1682825,2278.284724520225
1772937282.1682937,2633.798554125976
1772937282.1683052,-766.7602643458675
1772937282.1683183,-3144.0151694753204
1772937282.1683304,-1050.829950135311
1772937282.168402,2638.565108209985
1772937282.1684144,2665.1141718364515
1772937282.1684287,-1129.9506145467547
1772937282.1684413,-3407.916060735252
1772937282.1684544,-828.7228878551098
1772937282.168467,3065.6861404076694
1772937282.1684797,2700.43785353855
1772937282.1684911,-1568.215090806488
1772937282.168503,-3726.3933072641353
1772937282.168541,-553.9804029806836
1772937282.1685536,3593.705452041983
1772937282.1685653,2741.3610263678243
1772937282.1685767,-2124.13156440409
1772937282.168588,-4132.3216904493565
1772937282.1686,-196.59431926715305
1772937282.1686118,4284.75814381248
1772937282.1686234,2791.613195897503
1772937282.1686356,-2877.958546740121
1772937282.168648,-4689.9373561243665
1772937282.16866,302.6577460373866
1772937282.1686728,5267.627203316533
1772937282.1686869,2864.5776680800404
1772937282.1686995,-3996.300421428207
1772937282.1687129,-5537.401364705538
1772937282.168726,1084.6275090235986
1772937282.168784,6854.957701015223
1772937282.168797,2989.307469018368
1772937282.1688104,-5939.684599977653
1772937282.1688237,-7089.2991596330485
1772937282.1688368,2563.487313969284
1772937282.1688497,10093.14113725852
1772937282.168862,3331.101406854411
1772937282.168875,-10498.846208118215
1772937282.1688876,-11307.205364165033
1772937282.1689005,6684.000392801475
1772937282.168914,21688.835041917053
1772937282.168927,6305.513950829758
1772937282.1689394,-38038.53760526925
1772937282.1689515,-76343.44523138365
1772937282.168964,-74442.5021173644
1772937282.1689813,-34916.22416539772
1772937282.1689932,6401.056737943334
1772937282.169004,18606.600194934173
1772937282.1690145,4606.598209148033
1772937282.1690254,-9517.419566205346
1772937282.169036,-7224.762734493334
1772937282.1690474,3628.3978843770324
1772937282.169058,6937.969481385663
1772937282.169114,212.52761286601051
1772937282.1691253,-5360.570755144504
1772937282.169136,-2369.504482217198
1772937282.169147,3539.5767673681044
1772937282.1691573,3501.975951268048
1772937282.1691687,-1687.965172824706
1772937282.1691804,-3827.8310400994933
1772937282.169192,80.65198229976139
1772937282.169204,3771.984111967579
1772937282.169216,1530.532215204075
1772937282.169227,-3164.632032900016
1772937282.1692376,-2969.0987222110093
1772937282.16925,2079.0891606141786
1772937282.1692624,4293.432408577452
1772937282.1692755,-161.52976065513772
1772937282.169288,-4935.106407307904
1772937282.169301,-2394.13168024386
1772937282.1693137,4537.66635635192
1772937282.1693265,5475.645228680075
1772937282.16934,-2296.912401838717
1772937282.169351,-8156.949450589093
1772937282.1693623,-2098.7900061465107
1772937282.1693733,9414.32044361694
1772937282.1693847,9237.367745744028
1772937282.169396,-6970.762137256525
1772937282.1694076,-19581.959495534866
1772937282.1694188,-4408.390596644173
1772937282.169459,37142.57022634563
1772937282.16949,73671.41522256625
1772937282.3124695,-72433.98845181247
1772937282.3938048,-3777.1138495244727
1772937282.3938327,-448.67708677659954
1772937282.3938437,4035.6101014001374
1772937282.3938527,2878.621602398582
1772937282.3938613,-2878.6961213806103
1772937282.3938696,-4969.912110075143
1772937282.3938785,410.6113345594362
1772937282.393887,6141.398212519323
1772937282.3938956,3374.5143654803196
1772937282.3939035,-5233.544672668176
1772937282.3939116,-7496.52631531775
1772937282.3939197,1630.617466077894
1772937282.393928,10869.239534482957
1772937282.393936,5709.2220901294695
1772937282.3939445,-10895.320272325996
1772937282.3939524,-17662.631665833997
1772937282.3939605,1838.0687752458994
1772937282.3939683,38747.85502365318
1772937282.3939762,66236.18571907668
1772937282.5112474,76332.48253413229
1772937282.5112672,32776.51651033773
1772937282.511278,-11821.077777969453
1772937282.5112877,-21687.394872579887
1772937282.5112965,-2664.243797677944
1772937282.5113056,12015.751947589788
1772937282.5113144,4506.551716525417
1772937282.5113227,-10247.830610613191
1772937282.511331,-10122.325314907355
1772937282.5113392,3271.553171020769
1772937282.5113475,9149.950868363796
1772937282.511356,-1539.6470662600184
1772937282.5113645,-12926.241522687335
1772937282.5113723,-7051.512714997938
1772937282.511381,9196.420006320677
1772937282.5113888,11535.188013901325
1772937282.511397,-7686.151284443354
1772937282.5114045,-24144.038879005577
1772937282.5114124,-8161.676513931619
1772937282.5114205,37431.39737730203
1772937282.5114284,75342.34360370344
1772937282.5564063,72137.56246389514
1772937282.556434,32830.81195513867
1772937282.556445,-6849.458810176859
1772937282.556454,-18743.88895539017
1772937282.5564625,-6665.779955570175
1772937282.5564713,6148.582327896061
1772937282.55648,5568.3633237990925
1772937282.5564885,-2736.817197967536
1772937282.5564964,-6705.451132018552
1772937282.6820033,65168.144899564075
1772937282.6820657,39257.95016507729
1772937282.6820767,3736.794062789824
1772937282.6820867,-17053.383162232916
1772937282.6820974,-15474.449467284181
1772937282.6821065,-2903.7183955885657
1772937282.6821146,6771.421629931258
1772937282.682123,9380.09189542368
1772937282.6821313,5631.636242766882
1772937282.6821399,-7786.618962365851
1772937282.682148,-33799.06601228167
1772937282.682156,-62427.61704565647
1772937282.6821642,-71760.58280385131
1772937282.6821728,-48639.64642122951
1772937282.682181,-6847.184284577019
1772937282.6821887,21868.278816631482
1772937282.6821964,18122.97561710196
1772937282.6822047,-6047.093667535415
1772937282.6822126,-21069.187792016244
1772937282.6822205,-11423.35872400611
1772937282.682228,9660.304828429309
1772937282.682236,17003.1397686344
1772937282.682244,1667.9581207278497
1772937282.6822517,-19708.90108863963
1772937282.6822598,-22149.4213606487
1772937282.6822677,3381.4629439087353
1772937282.6822755,41934.12920366331
1772937282.6822832,67606.62372898226
1772937283.1481965,-11107.284507754863
1772937283.1482382,-1397.816006829475
1772937283.1482644,5606.351425238603
1772937283.148291,499.4318177057528
1772937283.1483176,-8945.11173204157
1772937283.1483443,-9473.852956068473
1772937283.1483715,-855.5188810826019
1772937283.1483986,4518.439250398749
1772937283.1484256,-629.6480667011468
1772937283.1484523,-8664.184338274803
1772937283.1484792,-8296.352276994572
1772937283.1484976,-392.0763708382095
1772937283.1485057,3737.712358187445
1772937283.1485138,-1524.5087471202035
1772937283.148522,-8495.417442022124
1772937283.14853,-7372.378864032319
1772937283.148538,14.976044237966184
1772937283.1485465,3130.309426835536
1772937283.1485543,-2271.73231615397
1772937283.1485622,-8380.497565375412
1772937283.14857,-6597.75413987444
1772937283.148578,382.1311286125742
1772937283.148586,2622.7843024655804
1772937283.148594,-2931.591479714878
1772937283.1486015,-8302.665453280108
1772937283.1486096,-5920.685885470107
1772937283.1486173,722.3022944544014
1772937283.148625,2180.2251096262
1772937283.1486328,-3532.471227981528
1772937283.1486409,-8245.526306694812
1772937283.1486485,-5303.617088732301
1772937283.1486564,1047.3358981578183
1772937283.1486645,1780.3830027905499
1772937283.148672,-4095.8307048360857
1772937283.14868,-8201.474236444183
1772937283.1486878,-4723.027331950467
1772937283.1486957,1363.9681021343745
1772937283.1487033,1405.2181627179032
1772937283.1487112,-4639.432731986238
1772937283.1487188,-8164.499110418959
1772937283.1487267,-4157.231141474153
1772937283.1487343,1681.8431904275437
1772937283.1487424,1040.6948754206328
1772937283.14875,-5183.511192239638
1772937283.1487584,-8138.444500129586
1772937283.148766,-3594.0502345471086
1772937283.1487737,2009.3159203492585
1772937283.1487815,680.1791594199241
1772937283.1487894,-5737.517235868191
1772937283.1487973,-8117.90364016858
1772937283.148805,-3015.9410568033786
1772937283.1488123,2354.324445340653
1772937283.14882,309.35506101633143
1772937283.1488278,-6323.416847937687
1772937283.1488354,-8107.670806490104
1772937283.148843,-2407.094008556441
1772937283.1488507,2730.593826082524
1772937283.1488583,-79.00792907011277
1772937283.148866,-6958.522650332568
1772937283.1488736,-8108.498085146015
1772937283.1488814,-1746.7100917804623
1772937283.148889,3153.7528367140626
1772937283.1488967,-498.02306727418306
1772937283.1489043,-7669.729653384885
1772937283.148912,-8122.885221744711
1772937283.1489198,-1003.2738936404824
1772937283.1489277,3651.2343962224754
1772937283.1489356,-963.5239757699154
1772937283.1489432,-8500.34872395758
1772937283.1489508,-8164.886381586966
1772937283.1489584,-139.57196295047737
1772937283.148966,4261.178008616326
1772937283.1489737,-1496.5556831642791
1772937283.1489816,-9511.233911919668
1772937283.1489892,-8248.192519929908
1772937283.148997,915.1606082540698
1772937283.1490047,5056.187162647925
1772937283.149012,-2130.9307383052965
1772937283.1490197,-10818.910230697575
1772937283.1490276,-8417.265227572383
1772937283.1490352,2274.517382296971
1772937283.149043,6175.092084902542
1772937283.1490507,-2912.6117161030706
1772937283.1490583,-12639.61884760918
1772937283.1490662,-8771.45517694175
1772937283.149074,4156.143341697218
1772937283.149082,7918.627451021377
1772937283.14909,-3916.9099653196495
1772937283.1490977,-15465.210629581634
1772937283.1491053,-9599.192712498452
1772937283.149113,7051.736535445638
1772937283.1491213,11137.541441810832
1772937283.1491292,-5174.524546566277
1772937283.1491368,-20685.139054982865
1772937283.1491446,-12124.572915569886
1772937283.1491528,12210.242313912466
1772937283.149161,19395.088092444606
1772937283.1491687,-5161.188104813669
1772937283.1491766,-34312.15498713632
1772937283.1491847,-30171.569449405397
1772937283.1491926,6417.984673046142
1772937283.1492004,32663.675501207505
1772937283.1492083,15787.536051350417
1772937283.1492162,-23373.97947654497
1772937283.149224,-32994.32035941889
1772937283.1492317,4794.000184487765
1772937283.1492393,46839.75614179348
1772937283.1492472,37272.5451256205
1772937283.1492548,-23428.458772060636
1772937283.1492624,-71427.18166563674
1772937283.14927,-46064.0452244621
1772937283.1492777,43964.675638082124
1772937283.1492853,127407.174062298
1772937283.149293,140183.05508766984
1772937283.1493008,82549.07904592344
1772937283.1493084,9958.605199793446
1772937283.1493163,-22526.66176306168
1772937283.149324,-2907.0484952113125
1772937283.1493318,40278.19078353467
1772937283.1493397,69295.93138684628
1772937283.6023464,-12927.26746255835
1772937283.6023912,-7501.546876718585
1772937283.6024196,5869.355525358871
1772937283.602448,8352.694302325699
1772937283.6024773,-2570.6547002158873
1772937283.602518,-11076.011463977276
1772937283.6025507,-5881.660965508998
1772937283.6025789,4930.748005814268
1772937283.602609,6339.760709779166
1772937283.6026413,-2854.0296734306526
1772937283.60267,-9452.130740402328
1772937283.6026793,-4707.86846196949
1772937283.6026878,4177.59070430023
1772937283.6026964,4878.546256543839
1772937283.6027093,-3033.4588163456474
1772937283.6027176,-8268.839648539011
1772937283.6027267,-3862.5683961815557
1772937283.6027353,3622.9880788166133
1772937283.6027436,3806.493983349592
1772937283.602752,-3164.426718659337
1772937283.6027603,-7387.267330228017
1772937283.6027691,-3228.255400539605
1772937283.6027777,3203.334888165915
1772937283.6027865,2988.2240800323293
1772937283.602795,-3266.616020180856
1772937283.602804,-6705.141295575308
1772937283.6028123,-2731.429535112789
1772937283.6028209,2877.157979005228
1772937283.602829,2343.524344362054
1772937283.602837,-3347.0429718594237
1772937283.6028457,-6157.677126225116
1772937283.6028545,-2329.166029140603
1772937283.6028628,2613.6225069774723
1772937283.602872,1815.9402995428127
1772937283.60288,-3416.950167937294
1772937283.6028883,-5709.491808837062
1772937283.6028967,-1996.089414182365
1772937283.6029048,2395.974497083787
1772937283.6029131,1376.169667725889
1772937283.602922,-3474.957719764024
1772937283.6029303,-5330.247730815627
1772937283.602939,-1712.1615089876316
1772937283.6029472,2211.706219771579
1772937283.6029556,999.5423886071444
1772937283.602964,-3526.5065241692587
1772937283.6029725,-5004.345252731565
1772937283.6029809,-1465.5643663595702
1772937283.6029892,2053.4578232679696
1772937283.6029975,671.8140196819492
1772937283.603006,-3572.9820843698885
1772937283.603014,-4720.190507854851
1772937283.6030223,-1249.0038421091704
1772937283.6030307,1914.478398394909
1772937283.6030393,382.29382687648757
1772937283.6030476,-3614.113404241529
1772937283.6030557,-4466.746365307448
1772937283.603064,-1054.3599390727584
1772937283.6030724,1791.546435732131
1772937283.603081,123.1560515287104
1772937283.6030893,-3651.02584934011
1772937283.603098,-4237.617450322805
1772937283.6031063,-877.0286871365568
1772937283.603115,1681.400623498611
1772937283.6031237,-112.13473383116862
1772937283.603132,-3685.8075913643006
1772937283.6031408,-4030.4765592509616
1772937283.6031492,-717.3999823659193
1772937283.6031573,1577.156673050521
1772937283.6031656,-331.69840528288296
1772937283.603174,-3719.827053817159
1772937283.603182,-3838.628831301034
1772937283.6031904,-566.5639365053613
1772937283.6031988,1484.7635269482
1772937283.603207,-531.9225479343487
1772937283.6032155,-3748.9543574642994
1772937283.603224,-3658.3566392382318
1772937283.603232,-425.5093475366833
1772937283.6032403,1397.0088606727957
1772937283.6032484,-721.8125333964895
1772937283.6032567,-3777.9120845543016
1772937283.6032648,-3488.646046398478
1772937283.6032732,-291.135137567556
1772937283.6032815,1315.48555415206
1772937283.6032896,-901.1509325132133
1772937283.6032977,-3806.034481873748
1772937283.6033063,-3328.809883496652
1772937283.6033149,-165.32529135890306
1772937283.603325,1234.932537813654
1772937283.6033387,-1075.442665454166
1772937283.603353,-3834.8332070942233
1772937283.6033628,-3175.3187484037617
1772937283.6033711,-42.104300766507166
1772937283.6033795,1160.9702211960405
1772937283.6033876,-1239.945829260869
1772937283.6033957,-3860.1023591917306
1772937283.603404,-3025.8676702727953
1772937283.6034124,76.40381362892292
1772937283.6034207,1086.7425106052274
1772937283.6034293,-1402.6478674943276
1772937283.6034374,-3886.1797202109688
1772937283.6034458,-2879.458946986716
1772937283.603454,194.10470317042294
1772937283.6034625,1015.5543572702015
1772937283.6034703,-1562.2053392473529
1772937283.603479,-3912.853566580465
1772937283.6034873,-2736.1362095321006
1772937283.6034956,310.60143131354175
1772937283.603504,946.6452411281898
1772937283.603512,-1718.7576186544504
1772937283.6035204,-3938.6896526566316
1772937283.6035292,-2593.57146296173
1772937283.6035376,427.10961049961344
1772937283.603551,878.9206536077762
1772937283.6035645,-1874.7956838237988
1772937283.603578,-3965.688501270691
1772937283.6035864,-2452.458958350745
1772937283.6035948,543.3263103594081
1772937283.6036031,810.3141957343661
1772937283.6036117,-2037.8239603621923
1772937283.60362,-4012.7210427345217
1772937284.0818229,-1801.4566220345532
1772937284.0818627,-2335.9882093295464
1772937284.0818892,-2638.5777628130877
1772937284.0819154,-2283.220572038535
1772937284.081942,-1768.2200155554278
1772937284.0819688,-1817.339907041939
1772937284.0819955,-2362.880917158896
1772937284.0820224,-2638.9985149850263
1772937284.0820491,-2256.6430646644762
1772937284.082076,-1751.7083113065667
1772937284.0821044,-1834.2206138284014
1772937284.0821311,-2390.066671300548
1772937284.0821457,-2638.3179787861445
1772937284.082155,-2227.428807418204
1772937284.082163,-1732.1332266635548
1772937284.082173,-1849.0285918469622
1772937284.082183,-2416.376035275112
1772937284.0821924,-2636.877878652907
1772937284.0822008,-2196.7472474347705
1772937284.082209,-1710.920278617443
1772937284.082223,-1863.1335333538586
1772937284.0822308,-2443.0925814840284
1772937284.082239,-2636.1684842396457
1772937284.0822468,-2166.786930199675
1772937284.0822544,-1691.1594908710117
1772937284.0822625,-1879.9232479748032
1772937284.0822701,-2472.628455761483
1772937284.082278,-2636.635670872775
1772937284.0822856,-2136.2682230655205
1772937284.0822935,-1671.233659380368
1772937284.0823016,-1898.8316199188096
1772937284.0823095,-2505.750195366927
1772937284.0823174,-2639.5018514742796
1772937284.0823255,-2105.670275910757
1772937284.082333,-1650.0862318561408
1772937284.0823407,-1916.9822194114636
1772937284.0823488,-2537.9065122779652
1772937284.082357,-2639.3545625087363
1772937284.0823648,-2070.371501337095
1772937284.082373,-1625.7021434945868
1772937284.0823812,-1935.6119763994009
1772937284.0823889,-2572.417081918845
1772937284.0823967,-2639.616690952153
1772937284.0824044,-2032.9082850117215
1772937284.0824125,-1600.4006596364845
1772937284.0824203,-1957.937283887264
1772937284.082428,-2613.2579295441647
1772937284.0824356,-2643.3793761205243
1772937284.0824437,-1993.7044943077187
1772937284.082451,-1571.396438063671
1772937284.082459,-1978.7569824042914
1772937284.0824668,-2654.2197590798187
1772937284.0824745,-2645.070823325595
1772937284.082482,-1949.6745903940032
1772937284.0824897,-1539.4489321681876
1772937284.0824974,-2002.190293946543
1772937284.0825052,-2700.125750466167
1772937284.082513,-2647.3198570518844
1772937284.0825207,-1900.7901223116303
1772937284.0825284,-1504.2249019847995
1772937284.0825365,-2030.0500698337219
1772937284.082544,-2754.6176747440722
1772937284.0825517,-2652.8733673345873
1772937284.082559,-1846.8867244174273
1772937284.082567,-1463.3268743002143
1772937284.0825748,-2059.6312892317737
1772937284.0825825,-2815.2837674450734
1772937284.0825906,-2658.921659927316
1772937284.0825984,-1785.2328284055125
1772937284.082606,-1416.568562734989
1772937284.0826137,-2094.8468143849486
1772937284.082621,-2887.694394850266
1772937284.0826287,-2667.8517031240767
1772937284.0826364,-1713.0796706889023
1772937284.082646,-1359.3793195680207
1772937284.0826535,-2133.694766502197
1772937284.0826628,-2972.1723764428953
1772937284.0826705,-2678.041767505931
1772937284.0826783,-1625.2792785938327
1772937284.082686,-1287.8849713369805
1772937284.082694,-2179.360803314833
1772937284.0827017,-3077.592616787677
1772937284.0827096,-2696.103174171458
1772937284.0827172,-1521.5297569344996
1772937284.0827253,-1199.7582115794455
1772937284.082733,-2234.8247064702305
1772937284.0827408,-3210.169784060601
1772937284.0827484,-2720.7808119008387
1772937284.0827563,-1388.873449639272
1772937284.082764,-1082.0604587723408
1772937284.082772,-2302.433853045899
1772937284.0827796,-3385.050291430383
1772937284.0827873,-2759.395394953943
1772937284.082795,-1214.439709254011
1772937284.0828028,-917.9156155590482
1772937284.0828104,-2388.2051149463878
1772937284.082818,-3630.005067403547
1772937284.082826,-2826.104697497125
1772937284.0828335,-974.1937263762492
1772937284.0828412,-673.1328727702163
1772937284.082849,-2501.057450521253
1772937284.0828607,-3998.9369083174915
1772937284.0828712,-2947.741770245327
1772937284.0828824,-609.1022228958121
1772937284.0828948,-258.66748698296215
1772937284.0829067,-2652.419524134683
1772937284.082919,-4630.2365527899265
1772937284.0829315,-3218.6985691310306
1772937284.0829437,14.619452487193515
1772937284.0829556,579.6389691979833
1772937284.0829687,-2857.943660837664
1772937284.0829792,-5981.588019655062
1772937284.082987,-4019.317336527857
1772937284.0829947,1419.4539950355647
1772937284.083003,3108.5860646425876
1772937284.083011,-3020.0340553619594
1772937284.0830183,-11078.605231545122
1772937284.0830264,-9064.121759649342
1772937284.083034,10060.956133567457
1772937284.0830417,41735.422494736486
1772937284.5679135,1668.5927153718574
1772937284.567946,1828.358348799749
1772937284.5679688,1463.9188186282124
1772937284.567989,1091.0108401066448
1772937284.5680094,1240.6480296154
1772937284.5680292,1703.7687926079436
1772937284.5680516,1823.2020797457808
1772937284.5680742,1425.646504082254
1772937284.5680974,1072.7766296592004
1772937284.5681067,1268.1588685762065
1772937284.5681157,1739.38422859368
1772937284.5681243,1818.2733392802456
1772937284.5681329,1388.7554133946333
1772937284.5681417,1058.2095212717188
1772937284.5681503,1299.7108873341167
1772937284.5681593,1775.919945330432
1772937284.5681696,1810.5055903353136
1772937284.5681784,1348.8905475363438
1772937284.5681868,1044.2070939578782
1772937284.568195,1334.33885669614
1772937284.568204,1813.5309664380618
1772937284.5682125,1799.86675713202
1772937284.5682213,1305.7243324882133
1772937284.56823,1030.9016696690285
1772937284.5682385,1372.8015131793857
1772937284.5682468,1852.7235847899126
1772937284.568255,1785.871212015478
1772937284.5682635,1258.307459692654
1772937284.568272,1018.0790418879121
1772937284.5682802,1415.9095242256392
1772937284.5682888,1894.334840115071
1772937284.5682971,1768.466080352761
1772937284.568306,1206.0479518579323
1772937284.5683143,1005.520571888013
1772937284.568323,1463.7423656151086
1772937284.5683317,1937.676994645392
1772937284.56834,1745.872724843837
1772937284.5683484,1147.4032076376466
1772937284.568359,993.3124321585664
1772937284.5683672,1517.3998337888122
1772937284.5683753,1982.8981424397336
1772937284.5683892,1717.0063206994837
1772937284.568403,1082.728658020129
1772937284.5684135,985.9506079329025
1772937284.5684223,1584.3632575002534
1772937284.5684311,2035.8526830944095
1772937284.5684395,1682.781023249556
1772937284.568448,1009.2421540175291
1772937284.5684562,980.2904136955423
1772937284.568465,1661.7967058902743
1772937284.5684733,2091.7607757662104
1772937284.568482,1636.0664740206716
1772937284.5684905,921.5959399525877
1772937284.5684988,977.1160067731896
1772937284.5685072,1754.982272850459
1772937284.5685155,2153.813550240358
1772937284.568524,1574.6122442932408
1772937284.568532,816.5775332813245
1772937284.5685403,978.368059897491
1772937284.5685487,1869.5135895645285
1772937284.5685568,2223.35475807095
1772937284.5685651,1492.7886024885017
1772937284.5685737,689.9820111319201
1772937284.568582,990.557046813614
1772937284.5685904,2018.532538211953
1772937284.5685987,2305.3610166347075
1772937284.568607,1381.2086683766977
1772937284.5686157,530.8301212131302
1772937284.568624,1016.8521270156573
1772937284.5686324,2214.60563855787
1772937284.5686407,2399.936362908376
1772937284.5686488,1219.5300113637893
1772937284.5686572,321.2514183949549
1772937284.5686655,1068.761385133154
1772937284.5686738,2489.191205472734
1772937284.5686822,2518.022808714035
1772937284.5686903,981.2454630312502
1772937284.568699,35.888419406364676
1772937284.5687072,1169.4434938556155
1772937284.5687156,2895.851809946438
1772937284.568724,2667.776906496009
1772937284.5687325,598.7545583873293
1772937284.5687408,-388.6736580680632
1772937284.568755,1359.3845886047025
1772937284.5687687,3543.350360063106
1772937284.5687802,2862.5565539955637
1772937284.5687945,-81.40949032617931
1772937284.5688076,-1092.6071136540768
1772937284.5688162,1753.9711212960253
1772937284.5688248,4726.496398720585
1772937284.568833,3153.468186504095
1772937284.5688417,-1475.1352873741264
1772937284.5688496,-2478.0491925116166
1772937284.568858,2727.964480861347
1772937284.5688665,7453.458523096841
1772937284.5688748,3731.0097742441
1772937284.5688834,-5306.383165787082
1772937284.568892,-6491.751488940833
1772937284.5689185,6151.069498678468
1772937284.5689266,18360.493688589326
1772937284.568935,7064.314295220545
1772937284.5689435,-31797.052152622462
1772937284.5689516,-71233.20190123054
1772937284.56896,-75983.46151218376
1772937284.5689683,-39218.010368707764
1772937284.5689764,7774.196013769912
1772937284.5689847,26471.28012918894
1772937284.568993,10020.396829153713
1772937284.5690014,-12976.781338334607
1772937284.5690095,-13310.232170078043
1772937284.569018,6271.667546149455
1772937284.5690262,18154.031451437666
1772937284.5690343,6275.269941177136
1772937284.5690448,-13307.957137390018
1772937284.569053,-12978.268449978621
1772937284.5690613,10019.64224450379
1772937284.5690694,26477.04640276633
1772937284.5690775,7783.921100899976
1772937284.5690863,-39216.63131847459
1772937284.5690944,-76002.4219913312
1772937284.6375759,74710.55508085946
1772937284.6376107,77643.2795113941
1772937284.637627,38551.70123638332
1772937284.6376507,-7020.882084092287
1772937284.63766,-22447.134737524702
1772937284.6376688,-6492.847800569527
1772937284.6376777,12060.101153639223
1772937284.6376855,10822.191350867753
1772937284.637694,-3685.64158169241
1772937284.6377025,-10498.330986794466
1772937284.6377103,-2477.6771297081186
1772937284.6377187,7497.393161483538
1772937284.6377268,6169.152041544473
1772937284.637735,-3106.4992838023063
1772937284.6377428,-7062.012602728149
1772937284.6377509,-1112.4499132774552
1772937284.9589298,78270.04265254739
1772937284.9589667,41020.868407463866
1772937284.9589934,-8201.244042656119
1772937284.9590197,-27420.970846020795
1772937284.959046,-10235.366601692505
1772937284.9590726,12586.596253183348
1772937284.9590993,12647.601962055653
1772937284.9591117,-5158.504500160872
1772937284.9591205,-15120.993382253893
1772937284.9591289,-5776.4385401999625
1772937284.9591367,7993.624523241406
1772937284.959145,7605.764138857618
1772937284.9591532,-4786.179761355149
1772937284.9591613,-11475.720785728843
1772937284.9591691,-4092.0890767251517
1772937284.9591773,6227.521039395575
1772937284.9591851,5371.070049416125
1772937284.9591932,-4658.036521486275
1772937284.9592018,-9651.913131436391
1772937284.9592097,-3172.941467538704
1772937284.9592175,5274.956511102976
1772937284.9592254,4083.3251106455978
1772937284.9592333,-4604.617545535346
1772937284.9592412,-8549.523208604176
1772937284.959249,-2581.913900180742
1772937284.959257,4689.4510818356475
1772937284.9592645,3243.8821099101297
1772937284.9592729,-4595.838781941686
1772937284.9592807,-7827.546697845085
1772937284.9592893,-2163.6101559231997
1772937284.9592967,4319.357260991521
1772937284.959305,2667.4168127485914
1772937284.959313,-4618.701356914905
1772937284.9593208,-7342.221935308929
1772937284.9593287,-1847.2124258024069
1772937284.9593363,4098.536838891143
1772937284.9593444,2262.951375643984
1772937284.9593525,-4680.1044254183425
1772937284.9593604,-7036.412639246985
1772937284.959368,-1599.8601680692977
1772937284.9593773,4002.4934573358987
1772937284.9593852,1993.2907248371898
1772937284.9593928,-4783.089028207465
1772937284.9594004,-6884.368270268139
1772937284.9594085,-1400.814721392796
1772937284.9594164,4031.0249312800784
1772937284.9594245,1845.896339337905
1772937284.9594324,-4940.162648117825
1772937284.95944,-6890.034136876548
1772937284.959448,-1237.7902975303634
1772937284.9594557,4207.944910568059
1772937284.9594634,1828.30428447994
1772937284.9594712,-5183.365182381623
1772937284.9594789,-7098.569114372362
1772937284.9594865,-1106.3637778846505
1772937284.959494,4600.675693043825
1772937284.959502,1988.4573790515628
1772937284.9595096,-5570.435833637318
1772937284.9595172,-7622.387504869923
1772937284.9595249,-1009.1470239025085
1772937284.9595325,5371.63469554826
1772937284.9595404,2458.0982637036777
1772937284.959548,-6235.954971753105
1772937284.9595559,-8759.948297257599
1772937284.9595635,-971.3919549911642
1772937284.9595716,6968.412439434516
1772937284.9595792,3637.7493940872646
1772937284.959587,-7591.216217354956
1772937284.9595947,-11541.15021148663
1772937284.9596026,-1149.804607973586
1772937284.9596102,11169.619939925064
1772937284.959618,7468.4901999097765
1772937284.9596255,-11587.52748379155
1772937284.959633,-22661.22059779894
1772937284.9596407,-3951.6872679916914
1772937284.9596484,38320.2744662022
1772937284.959656,72049.09556791486
1772937285.456783,-3407.135222765074
1772937285.4568212,-3160.855346254152
1772937285.4568527,-543.0533129927488
1772937285.4568791,766.9594424143464
1772937285.456906,-1039.1585835338649
1772937285.4569328,-3403.649460217545
1772937285.4569595,-3022.409755262019
1772937285.456986,-459.5051751738538
1772937285.457013,685.2896303596667
1772937285.457039,-1169.1632803171365
1772937285.4570656,-3402.839258472328
1772937285.4570787,-2894.363151239156
1772937285.4570873,-380.80769186601117
1772937285.457096,609.4638745366004
1772937285.4571044,-1292.2523360205769
1772937285.4571123,-3404.7181929918584
1772937285.4571207,-2775.883057430568
1772937285.4571288,-306.6836994535066
1772937285.4571376,538.9146546307564
1772937285.457146,-1408.1206181895323
1772937285.457154,-3406.532564537407
1772937285.4571624,-2662.619287034655
1772937285.45717,-233.7790356644215
1772937285.457178,474.4513384015113
1772937285.457186,-1517.6738924143772
1772937285.4571943,-3409.2652890901286
1772937285.4572024,-2555.3126389470967
1772937285.4572103,-163.48887228178933
1772937285.4572182,413.80172943047717
1772937285.457226,-1622.7608083340401
1772937285.457234,-3412.990478215851
1772937285.457242,-2452.7330264587613
1772937285.4572499,-95.33672909085267
1772937285.4572575,355.22355079255186
1772937285.4572656,-1726.606431188813
1772937285.4572732,-3420.1402025737775
1772937285.457281,-2354.6577848515158
1772937285.4572887,-26.131962747545217
1772937285.457297,304.0014570961957
1772937285.4573047,-1823.1327311262169
1772937285.4573128,-3425.412581806881
1772937285.4573207,-2258.456060857003
1772937285.4573302,42.50936117751629
1772937285.457338,254.23256856660382
1772937285.457346,-1920.4764220451611
1772937285.4573536,-3435.990147964274
1772937285.4573615,-2167.891761533211
1772937285.4573712,110.71153620326793
1772937285.4573839,208.59982032247143
1772937285.4573963,-2015.3065600530467
1772937285.4574087,-3449.285353328486
1772937285.4574163,-2081.715181109986
1772937285.4574242,178.2820704023363
1772937285.4574318,165.6726733454072
1772937285.45744,-2109.5518329577135
1772937285.4574475,-3466.341760672483
1772937285.4574552,-1998.760018423017
1772937285.4574628,248.60317075266806
1772937285.4574707,129.2611224805953
1772937285.4574783,-2201.2465395785853
1772937285.4574862,-3487.6274338257635
1772937285.457494,-1920.152535952017
1772937285.457502,322.14371100651385
1772937285.4575095,101.60971438123053
1772937285.4575171,-2288.4686002462295
1772937285.4575248,-3513.4367386053436
1772937285.4575324,-1848.024919994234
1772937285.4575415,396.54483962533715
1772937285.4575543,80.35305536091933
1772937285.4575665,-2374.9764396533183
1772937285.4575784,-3548.9561630226976
1772937285.4575863,-1785.8196461089271
1772937285.4575987,473.5474709816277
1772937285.457611,71.34051928194613
1772937285.4576235,-2456.1997739654335
1772937285.4576356,-3594.243960986441
1772937285.4576485,-1734.8610776786506
1772937285.4576576,556.353352205108
1772937285.4576652,81.67274926390593
1772937285.4576733,-2529.305751151422
1772937285.4576807,-3656.2226680498575
1772937285.4576883,-1705.6693805061252
1772937285.4576964,642.6270255794311
1772937285.4577043,119.07422949810885
1772937285.457712,-2588.6112959084103
1772937285.45772,-3741.390330520705
1772937285.457728,-1708.8634945982737
1772937285.4577355,735.5847287374861
1772937285.4577434,202.2388866842501
1772937285.4577518,-2622.7391221843995
1772937285.4577596,-3865.1691895890726
1772937285.4577672,-1771.9584588339026
1772937285.4577749,831.6877858714946
1772937285.4577825,359.81727600525903
1772937285.45779,-2610.3715842315173
1772937285.457798,-4051.8321283454
1772937285.4578056,-1939.8687057641876
1772937285.4578133,934.6274929589366
1772937285.457821,660.9240721274205
1772937285.4578283,-2499.8715708641103
1772937285.4578364,-4354.047853198707
1772937285.4578445,-2321.4978029111635
1772937285.457852,1037.4067018670253
1772937285.4578595,1254.7272416150402
1772937285.4578674,-2170.0752832121616
1772937285.4578753,-4902.079871068394
1772937285.4578831,-3203.263498133806
1772937285.457891,1111.870639223801
1772937285.4578989,2564.80693931662
1772937285.4579067,-1238.0564816160838
1772937285.4579144,-6089.043353406569
1772937285.457922,-5575.955014344207
1772937285.4579298,1011.6654607490199
1772937285.4579377,6334.1338925973905
1772937285.457945,2206.7268867250277
1772937285.457953,-9834.344848358662
1772937285.4579608,-16068.10649003207
1772937285.4579687,-1665.956701234427
1772937285.4579763,32815.42481328275
1772937285.4579842,66177.42606955914
1772937285.925166,1969.4479874945735
1772937285.9252093,1351.6947652139177
1772937285.9252431,-138.35279544786596
1772937285.92527,-404.0927323926494
1772937285.9252968,950.9824846872564
1772937285.9253235,2034.551578418561
1772937285.9253504,1306.7355771332807
1772937285.925377,-233.02420643269713
1772937285.925404,-416.80740908644214
1772937285.9254313,1041.5652706282744
1772937285.925458,2105.966383987763
1772937285.925485,1259.435220344457
1772937285.9254932,-335.1837670567301
1772937285.925501,-430.2116032476556
1772937285.925509,1141.4338624945422
1772937285.925517,2185.1405622432353
1772937285.9255252,1207.265432223442
1772937285.925533,-449.3705903427843
1772937285.9255412,-446.8854747397332
1772937285.9255488,1251.3427435996662
1772937285.925557,2273.3176785008195
1772937285.925565,1148.7989107764777
1772937285.925573,-578.6785218930277
1772937285.9255807,-467.64054490987587
1772937285.9255884,1374.0210975926575
1772937285.925596,2373.111880205904
1772937285.9256036,1082.8946942185564
1772937285.9256115,-725.8879912127396
1772937285.9256196,-490.94729756690657
1772937285.9256277,1517.0547284431716
1772937285.9256356,2492.3081177701997
1772937285.9256432,1010.8993831420784
1772937285.925651,-894.8987679815972
1772937285.9256592,-518.6677618658841
1772937285.925667,1683.2475819373196
1772937285.9256752,2631.3423564892537
1772937285.9256828,923.3883228946685
1772937285.9256907,-1100.8124044527506
1772937285.9256985,-558.2521110520458
1772937285.9257061,1878.9990247665266
1772937285.925714,2800.6722291931515
1772937285.925722,821.4357369622244
1772937285.9257298,-1350.3597877511886
1772937285.9257379,-608.9533183072828
1772937285.9257457,2119.24530321636
1772937285.9257536,3014.3539979750285
1772937285.9257615,699.1115228318738
1772937285.9257698,-1664.3338020563424
1772937285.9257777,-678.785827571945
1772937285.9257853,2423.0884482651263
1772937285.925793,3295.70721879031
1772937285.9258008,549.993255354984
1772937285.9258084,-2075.716160186463
1772937285.925816,-783.7806917606808
1772937285.9258237,2818.582551993901
1772937285.9258313,3682.3030415356193
1772937285.9258392,362.05248544360035
1772937285.9258473,-2645.5045058788287
1772937285.9258547,-957.3579345507426
1772937285.9258623,3357.349577381736
1772937285.92587,4255.766240990374
1772937285.9258776,129.68537576661748
1772937285.9258852,-3484.9356469813856
1772937285.9258928,-1274.1110813937357
1772937285.9259007,4140.547330353149
1772937285.9259083,5210.71109223333
1772937285.925916,-124.43221190617467
1772937285.9259238,-4858.528171520703
1772937285.9259315,-2005.7679948784914
1772937285.925939,5323.044751053756
1772937285.9259467,7133.132341475336
1772937285.9259543,-55.989402715116974
1772937285.925962,-7436.4303774603095
1772937285.9259696,-4661.02605931695
1772937285.9259772,6242.692679247717
1772937285.9259849,12858.079882985134
1772937285.9259925,8894.385347817533
1772937285.926,3221.5813708677047
1772937285.9260082,7405.596070097313
1772937285.9260156,16493.014905554606
1772937285.9260235,9933.936654170333
1772937285.926031,-23826.010260216826
1772937285.9260392,-67340.82606493834
1772937285.926047,-85937.21183085516
1772937285.9260547,-62186.995573100896
1772937285.9260626,-15274.528587584935
1772937285.9260705,17509.37880217177
1772937285.926078,17313.75830231567
1772937285.926086,-1459.2107156244933
1772937285.9260936,-11876.281532829546
1772937285.9261012,-4369.920365585987
1772937285.9261093,7679.067250446908
1772937285.9261172,8622.113221318292
1772937285.9261248,-521.2731454641203
1772937285.9261324,-6478.170617767615
1772937285.92614,-2209.4861556534397
1772937285.9261477,5281.115556163521
1772937285.9261556,5877.793338306959
1772937285.9261632,-298.3881633581975
1772937285.9261708,-4354.087366315226
1772937285.9261785,-1206.630600089797
1772937285.9261863,4216.8158647146165
1772937285.926194,4504.802942583793
1772937285.9262018,-228.16778435396492
1772937285.9262097,-3213.6045076512687
1772937285.9262173,-615.3315654443833
1772937285.926225,3619.278436289937
1772937285.9262328,3673.853505464542
1772937285.9262407,-204.77080313454783
1772937285.9262483,-2498.654109638109
1772937285.9262562,-221.30764977253426
1772937285.926264,3236.90359072511
1772937285.926272,3113.945264761637
1772937285.9262798,-197.65044668586356
1772937285.9262877,-2004.6605531563462
1772937285.9262953,64.04153035488527
1772937285.926303,2973.3602720902836
1772937285.9263108,2710.962511324307
1772937285.9263184,-201.58117247080833
1772937285.926326,-1661.1040751347762
1772937285.9868724,279.5255421566566
1772937285.9869068,2769.655418831973
1772937285.986925,2391.9060521885176
1772937285.986938,-205.11630505660887
1772937285.986948,-1360.0377094900794
1772937285.9869573,451.04548874152334
1772937285.9869668,2616.049993924585
1772937285.9869757,2144.0415154389098
1772937285.9869845,-211.2276582741947
1772937285.9869933,-1134.210429029697
1772937285.9870064,594.1898636432039
1772937285.9870148,2495.120204673894
1772937285.987023,1936.1841838371354
1772937285.987032,-238.10383409456722
1772937286.5220425,-1716.2695403864077
1772937286.522088,-17061.68138938862
1772937286.5221145,-16880.262777339285
1772937286.5221367,-4900.857776381927
1772937286.5221596,5944.644172047218
1772937286.5221825,7451.310421642995
1772937286.5222046,2316.7876142098075
1772937286.5222273,-1740.5907373254495
1772937286.52225,-961.3390860196021
1772937286.5222723,2171.7787466322525
1772937286.5222876,3591.3744878221023
1772937286.5222962,2339.577552879606
1772937286.5223043,529.422800123459
1772937286.5223124,201.7951841221283
1772937286.5223205,1296.6565233668084
1772937286.5223284,2351.126924513212
1772937286.522336,2306.564084055762
1772937286.522344,1401.16634230416
1772937286.5223522,681.6483325077863
1772937286.52236,899.7137920438898
1772937286.522368,1783.6502349466473
1772937286.5223763,2316.7379095239926
1772937286.5223844,1845.9747037479035
1772937286.5223925,902.4474348268202
1772937286.5224004,661.3972949512782
1772937286.5224082,1487.3954956463258
1772937286.522416,2361.049290502376
1772937286.5224237,2111.6873152465187
1772937286.5224316,1001.3536235631034
1772937286.5224395,492.91803158379975
1772937286.5224473,1323.9746265659794
1772937286.5224557,2425.0607245717893
1772937286.5224636,2283.519837070818
1772937286.5224714,1030.4980283519826
1772937286.5224793,358.12995050983574
1772937286.522488,1233.6044847373432
1772937286.522496,2500.833671012694
1772937286.5225053,2399.776299883537
1772937286.5225132,1015.9641823296076
1772937286.5225208,243.37357744485502
1772937286.5225286,1191.8376178491749
1772937286.5225365,2589.3785681163445
1772937286.522544,2483.7542694476842
1772937286.5225515,972.9556920774439
1772937286.5225594,141.3499217445136
1772937286.5225673,1184.6914684976405
1772937286.522575,2689.7516341637074
1772937286.5225828,2545.3884994709865
1772937286.5225904,905.3427736356109
1772937286.5225985,42.94435218692198
1772937286.5226061,1200.8842841049182
1772937286.5226138,2800.783058775029
1772937286.5226216,2591.9545489108973
1772937286.5226295,818.1489159210702
1772937286.5226371,-53.53554295658041
1772937286.5226448,1237.8076390173753
1772937286.5226524,2924.6524544609124
1772937286.52266,2627.7743986464843
1772937286.522668,711.7716516215406
1772937286.5226755,-151.70589974877808
1772937286.5226848,1293.531092422505
1772937286.5226963,3063.768147977353
1772937286.5227091,2655.158762723531
1772937286.5227177,583.5009564506988
1772937286.5227258,-257.3662167480363
1772937286.522734,1365.2009959692643
1772937286.5227425,3219.610463323995
1772937286.5227504,2674.874262903855
1772937286.5227587,429.8536787666427
1772937286.5227668,-374.3546273178766
1772937286.5227752,1454.626732826633
1772937286.5227835,3398.5557256328298
1772937286.5227919,2690.5657088291755
1772937286.5228002,248.92581890606556
1772937286.5228083,-503.4289059582791
1772937286.522817,1568.985628377505
1772937286.522825,3611.103905330777
1772937286.522833,2704.1259563503713
1772937286.5228412,31.137000708051374
1772937286.5228498,-653.4591951948616
1772937286.5228586,1711.9669050239693
1772937286.522867,3867.571156231256
1772937286.5228753,2715.0331807889625
1772937286.5228837,-239.22886272721516
1772937286.522892,-837.3825672638129
1772937286.5229,1890.861117157959
1772937286.5229084,4186.0793607979695
1772937286.5229168,2725.4323946428676
1772937286.522925,-582.3820410131514
1772937286.5229332,-1069.569148855813
1772937286.5229416,2123.3503180597427
1772937286.5229497,4598.142375494338
1772937286.522958,2734.22841678486
1772937286.5229664,-1041.7572404390667
1772937286.5229747,-1382.907641443978
1772937286.5229828,2438.643219377713
1772937286.5229912,5165.4807346043235
1772937286.5229993,2748.4157797286603
1772937286.5230076,-1689.7452698106133
1772937286.523016,-1832.965326237701
1772937286.523024,2900.4448556302937
1772937286.5230324,6016.361235139137
1772937286.5230408,2779.3732063607836
1772937286.5230489,-2694.060828243431
1772937286.5230572,-2560.419872789881
1772937286.523065,3642.4772881048693
1772937286.5230737,7453.8323472520615
1772937286.523082,2850.8682858147267
1772937286.5230904,-4513.16934987957
1772937286.5230985,-3976.3326347898583
1772937286.5231068,5075.663922113981
1772937286.523115,10515.13251672496
1772937286.5231233,3123.968406863625
1772937286.5231311,-8929.541731617404
1772937286.5231397,-8028.5155193823075
1772937286.5231476,9149.613857447272
1772937286.523156,21900.774370355353
1772937286.523164,6015.355298422691
1772937286.5231724,-36278.086056617794
1772937286.5231805,-72812.2745730809
1772937286.7709646,1559.2900010889953
1772937286.771004,3507.6939246771285
1772937286.771027,2640.993055475206
1772937286.77105,110.59246229093173
1772937286.771067,-528.8678761026753
1772937286.7710767,1691.9786919059177
1772937286.7710855,3697.534347164668
1772937286.7710953,2621.664309485757
1772937286.7711043,-101.74413639656827
1772937286.7711213,-641.9268117162353
1772937286.77113,1847.3039984838329
1772937286.7711384,3918.874080727305
1772937286.7711463,2600.05841953276
1772937286.7711544,-348.45858150250046
1772937286.7711625,-773.1835604181695
1772937286.7711704,2030.3505508055773
1772937286.7711785,4179.270665665655
1772937286.771187,2572.4437308554566
1772937286.7711947,-644.7591069174945
1772937286.7712028,-932.807633850606
1772937286.771211,2248.115252837687
1772937286.7712188,4492.448561183788
1772937286.7712271,2538.4151028330625
1772937286.7712352,-1006.8632848420013
1772937286.7712433,-1129.4135487405933
1772937286.7712517,2517.0884503316747
1772937286.7712595,4883.161584021219
1772937286.771268,2497.3737132819015
1772937286.7712762,-1464.3342493147775
1772937286.771284,-1383.1899984018523
1772937286.771292,2858.5710676179433
1772937286.7712996,5391.208187999282
1772937286.7713077,2453.1481690813034
1772937286.7713156,-2058.956849193576
1772937286.7713232,-1721.3910236503525
1772937286.771331,3312.7934079898546
1772937286.7713392,6083.730305210564
1772937286.7713468,2401.166000056037
1772937286.7713547,-2886.826214621849
1772937286.7713623,-2217.0080534555045
1772937286.77137,3942.107671092447
1772937286.7713776,7091.798784618743
1772937286.7713854,2342.8960010872747
1772937286.7713933,-4133.0539779059245
1772937286.771401,-3009.7944936586077
1772937286.771409,4911.475573988729
1772937286.771417,8755.05791341523
1772937286.7714243,2307.706529349929
1772937286.7714317,-6281.418540915228
1772937286.7714396,-4525.774795718711
1772937286.7714474,6655.305620058255
1772937286.771455,12142.373500376645
1772937286.7714632,2441.7814578250927
1772937286.7714708,-11173.861262255248
1772937286.7714787,-8742.393388760265
1772937286.7714863,11177.940833077486
1772937286.771494,24036.68000888707
1772937286.7715015,5154.129863842681
1772937286.7715092,-39261.650508946856
1772937286.771517,-73836.69637377726
1772937286.8743577,-2049.726786699925
1772937286.8744,1003.9200773068246
1772937286.8744109,3930.180727003236
1772937286.8744204,2414.9820263251927
1772937286.8744297,-1682.1006236539404
1772937286.8744383,-2538.342817799207
1772937286.8744473,1417.2589007346648
1772937286.8744555,4790.938165277655
1772937286.8744636,2502.4963371890917
1772937286.874472,-2662.6006024676954
1772937286.8744795,-3311.828399839929
1772937286.8744872,2104.737680906684
1772937286.8744948,6243.252852513659
1772937286.874503,2641.7373152702407
1772937286.8745108,-4454.463062439665
1772937286.8745184,-4782.002692411565
1772937286.874526,3476.0773808377385
1772937286.874534,9325.255645988218
1772937286.8745418,2995.562303900931
1772937286.8745496,-8840.84070406969
1772937286.874558,-8900.655615025978
1772937286.8745687,7476.7633490856015
1772937286.8745773,20736.245312681967
1772937286.874585,5981.427522780379
1772937286.8745928,-36156.55890095358
1772937286.8746004,-73762.80536996109
1772937287.0671432,-72698.75111808289
1772937287.067174,-37263.946701847024
1772937287.067196,4384.4698107580825
1772937287.0672064,21018.680632512154
1772937287.0672157,9337.417363651017
1772937287.0672245,-8012.674978696364
1772937287.0672336,-10107.644013982444
1772937287.0672429,1457.5308652325268
1772937287.0672517,9810.75197115516
1772937287.0672605,5418.238771777678
1772937287.067269,-4045.464015405624
1772937287.0672777,-5907.535319516605
1772937287.0672865,1137.0666028924202
1772937287.067295,6949.989460279329
1772937287.0673037,4163.892723549021
1772937287.0673125,-2732.1534968402416
1772937287.0673213,-4350.409396613636
1772937287.06733,1006.0314390513403
1772937287.0673382,5760.083080421822
1772937287.0673509,3649.461081223036
1772937287.0673597,-2128.0389668420203
1772937287.0673685,-3677.2667466607963
1772937287.0673769,900.5005509679032
1772937287.0673852,5241.343257490101
1772937287.0673935,3501.9690380321504
1772937287.067402,-1841.0138636886636
1772937287.067412,-3496.707373489402
1772937287.0674272,764.3867416812157
1772937287.0674412,5145.216578087553
1772937287.0674548,3658.0714049188423
1772937287.067468,-1767.777413157994
1772937287.0674767,-3779.8317195708933
1772937287.067485,529.9364551881803
1772937287.067494,5508.460374658556
1772937287.0675023,4279.067553741557
1772937287.0675108,-1917.5118970107148
1772937287.0675192,-4859.7191023197665
1772937287.0675275,-39.7025509531427
1772937287.067536,6773.457006811656
1772937287.0675447,6213.928408939248
1772937287.0675533,-2386.6639688010678
1772937287.0675616,-8645.957896276095
1772937287.06757,-2842.1760923977668
1772937287.0675788,11553.09288491322
1772937287.0675871,19821.295423150234
1772937287.0675955,11360.056849936112
1772937287.0832293,-8353.354439951963
1772937287.0832627,-22649.53270916008
1772937287.5129197,-16249.818937122274
1772937287.512957,-9841.154703090137
1772937287.5129836,-1050.752341090953
1772937287.51301,6449.553114614263
1772937287.5130372,7444.262985819083
1772937287.5130641,492.44603876722374
1772937287.5130904,-7369.663126314681
1772937287.5131204,-6576.7886019364805
1772937287.5131476,2799.422864536911
1772937287.5131743,9220.134099809793
1772937287.513201,3660.0827859921856
1772937287.5132225,-7501.929980141742
1772937287.5132308,-9334.526737496064
1772937287.513239,1765.2646497777891
1772937287.5132473,11581.637319759759
1772937287.5132556,5991.88312010834
1772937287.5132637,-8964.023659515657
1772937287.5132723,-13047.46658291523
1772937287.5132806,1243.5376170552136
1772937287.5132885,16108.548931639363
1772937287.5132968,9969.141826292569
1772937287.5133047,-12357.389769393161
1772937287.5133123,-21752.381258528843
1772937287.5133204,-1083.6073995833508
1772937287.5133283,28804.647289764947
1772937287.5133364,29840.44765688538
1772937287.5133443,-6756.212168604585
1772937287.513352,-45018.809471492554
1772937287.5133598,-42606.774848245295
1772937287.513368,-256.68671957316576
1772937287.5133758,36660.93930571565
1772937287.5133839,28119.82375726762
1772937287.5133917,-16411.300834295598
1772937287.5134,-49987.04711433831
1772937287.513408,-40692.18804609202
1772937287.513416,-3621.315681745746
1772937287.5134237,21137.14786276675
1772937287.5134315,14253.068886438346
1772937287.5134404,-6757.893554612477
1772937287.513448,-14235.848965395096
1772937287.5134556,-2906.2930482039474
1772937287.5134635,9394.092572769307
1772937287.5134716,7597.207234533499
1772937287.5134797,-3252.4223739982717
1772937287.513487,-8044.463685609343
1772937287.5134952,-1935.7123610649212
1772937287.513503,5537.918711316036
1772937287.5135107,4781.873826936111
1772937287.5135183,-1895.7817088070983
1772937287.5135257,-5133.63461502132
1772937287.5135336,-1395.7711400442981
1772937287.5135412,3516.254109662408
1772937287.5135489,3231.9817084987
1772937287.5135565,-1089.890416961704
1772937287.5135643,-3400.2295357667613
1772937287.513572,-1116.6119815801005
1772937287.5135796,2198.872753911294
1772937287.5135872,2269.32447342862
1772937287.5135949,-476.0496291387547
1772937287.5136025,-2220.481628660046
1772937287.51361,-1010.4332827616588
1772937287.5136175,1208.5591477831379
1772937287.5136256,1633.966568652723
1772937287.5136335,73.69927129021438
1772937287.5136416,-1340.957310402585
1772937287.5136497,-1035.4608631312997
1772937287.5136576,383.9160990895135
1772937287.5136652,1215.1299250550476
1772937287.5136728,627.2893417727636
1772937287.5136807,-642.3608258771226
1772937287.5136883,-1187.560744386638
1772937287.513696,-371.03217591038344
1772937287.5137038,959.0361206755773
1772937287.5137115,1232.8157178254962
1772937287.513719,-63.05514633966005
1772937287.5137267,-1482.9448046210107
1772937287.5137348,-1114.6406312427
1772937287.5137424,861.9006475862302
1772937287.51375,1946.5652789826654
1772937287.5137577,420.7645483756373
1772937287.5137656,-1970.1988837959366
1772937287.5137734,-1880.705798464993
1772937287.5137813,981.5663190592213
1772937287.5137887,2832.204044257896
1772937287.5137968,735.8948840122223
1772937287.5138044,-2793.2832585900146
1772937287.513812,-2617.8456148406535
1772937287.51382,1606.0669838236493
1772937287.5138276,3957.814236361237
1772937287.5138352,326.2997169048763
1772937287.513843,-4503.588981384312
1772937287.5138507,-2388.1445226504816
1772937287.5138583,5172.877500299777
1772937287.513866,5076.705501683415
1772937287.5138736,-11135.442016471738
1772937287.5138812,-31081.034906740995
1772937287.513889,-29266.130048165734
1772937287.5138967,4470.596148383654
1772937287.513904,48094.99335865665
1772937287.5139117,66009.94625266055
1772937287.5139194,45937.868726066394
1772937287.513927,12011.680778986089
1772937287.5139349,-2561.701907777749
1772937287.5139425,7981.022718348478
1772937287.51395,19111.615874873
1772937287.5139575,8923.967969564625
1772937287.5139656,-14586.649566519241
1772937287.5139737,-25077.93806033059
1772937287.5139816,-11946.08240944863
1772937287.5139897,7123.7849380572325
1772937287.5139973,10107.385158372317
1772937287.514005,-1539.653101508609
1772937287.5140128,-7732.353013642445
1772937287.5140207,628.7154559562472
1772937287.5140283,8695.480701325043
1772937287.5140357,195.71476099687257
1772937287.5140436,-14973.540138879222
1772937287.5140517,-8152.222910488898
1772937287.5140593,30785.478468828336
1772937287.5140672,73383.01282071591
1772937287.6224296,7922.756608146256
1772937287.6224737,2575.3228212462577
1772937287.6224864,-6136.651889200301
1772937287.6224968,-5889.72920601147
1772937287.6225069,2697.6160522143814
1772937287.6225162,7277.545823156111
1772937287.6225257,1370.0554958605273
1772937287.6225345,-6517.746998114949
1772937287.6225436,-5018.0645077084155
1772937287.622552,3843.558411029369
1772937287.6225605,7323.597233684107
1772937287.622569,105.32054976045853
1772937287.622578,-7672.67740529409
1772937287.6225865,-4463.979706491276
1772937287.6226027,5786.336608848154
1772937287.622612,8259.381879083932
1772937287.6226203,-1721.7724883162227
1772937287.6226287,-10533.472206098004
1772937287.6226373,-4257.385164943222
1772937287.6226456,10309.127747699418
1772937287.6226537,11937.266317975429
1772937287.622662,-6115.80100470303
1772937287.622671,-21760.422959238327
1772937287.6226795,-6752.400573347465
1772937287.622688,37740.8979324587
1772937287.6226969,76368.89797137049
1772937287.743924,416.74609850134885
1772937287.7439606,-4607.1698957583685
1772937287.7439716,-3092.140138173162
1772937287.7439811,2892.9679123908786
1772937287.74399,4827.953683749372
1772937287.743999,-170.1119338990273
1772937287.7440076,-5070.712716013844
1772937287.744016,-2776.3359525139845
1772937287.7440248,3642.8670500273297
1772937287.7440329,5019.020965666535
1772937287.7440407,-885.6154609073023
1772937287.7440488,-5813.551860120119
1772937287.7440567,-2483.3152454953893
1772937287.7440648,4740.163664746141
1772937287.744073,5479.460636469092
1772937287.7440805,-1882.313375005949
1772937287.7440884,-7131.899422118785
1772937287.7441013,-2218.372811538306
1772937287.744109,6644.810871282896
1772937287.7441168,6600.5436118002835
1772937287.744125,-3585.397960222422
1772937287.7441328,-10050.151776387536
1772937287.7441409,-2118.1467353576854
1772937287.7441487,11140.774344151529
1772937287.7441568,10303.595624798923
1772937287.7441645,-7961.240673156399
1772937287.7441723,-21243.04281752719
1772937287.74418,-4555.021850528298
1772937287.744188,38561.120294061286
1772937287.744196,74603.99546816587
1772937287.855374,1443.0176883053616
1772937287.8554015,-2284.0365477228315
1772937287.8554127,-2824.5429251539817
1772937287.8554225,577.1197984250796
1772937287.8554327,3168.6299099941216
1772937287.855442,1325.7352277588118
1772937287.8554509,-2381.865255045658
1772937287.8554595,-2772.1287280155457
1772937287.8554676,710.1072378437593
1772937287.855476,3204.5155792703376
1772937287.8554835,1216.2994540775196
1772937287.8554916,-2489.523044915589
1772937287.8554995,-2731.061446891375
1772937287.8555076,849.0604317968879
1772937287.8555157,3258.0432116081806
1772937287.8555236,1112.9747249348704
1772937287.8555317,-2611.2337107900516
1772937287.8555436,-2705.3555714555873
1772937287.8555515,992.5542294204236
1772937287.855559,3330.2703900372117
1772937287.8555675,1017.1404085273124
1772937287.855575,-2746.69841368261
1772937287.8555832,-2694.674056764088
1772937287.855591,1142.7828175387322
1772937287.8555987,3424.327725807203
1772937287.8556068,928.351079792751
1772937287.855615,-2905.4558135636903
1772937287.8556225,-2721.600649601974
1772937288.3366535,73358.10387218746
1772937288.3367074,36704.222391036696
1772937288.336737,-5852.463500017323
1772937288.3367622,-21752.983442137174
1772937288.3367853,-8721.468110893067
1772937288.3368068,8648.613182921656
1772937288.3368833,9371.102951281857
1772937288.336893,-2996.900659402842
1772937288.3369024,-10395.74706118502
1772937288.3369117,-4631.0062990120705
1772937288.3369207,4630.368020398546
1772937288.3369296,4956.755797327695
1772937288.336939,-2755.320013732419
1772937288.336948,-7353.167152894842
1772937288.3369563,-3176.3450922626157
1772937288.3369677,3245.99422341588
1772937288.3369813,3135.3547590560734
1772937288.336996,-2714.5685535021285
1772937288.3370059,-5928.021012978978
1772937288.3370144,-2407.6193844718814
1772937288.3370228,2547.5393666713157
1772937288.3370316,2119.2581969968446
1772937288.337041,-2724.0831375856696
1772937288.3370492,-5094.6448476998585
1772937288.337058,-1921.1537296960798
1772937288.3370693,2124.122647711592
1772937288.3370779,1457.5456104742657
1772937288.3370864,-2747.217472776718
1772937288.3370953,-4534.559239003025
1772937288.3371036,-1568.4624816200742
1772937288.337112,1845.748856800388
1772937288.3371208,986.4712322982513
1772937288.3371294,-2776.109844182186
1772937288.337138,-4129.358673616391
1772937288.3371463,-1299.8583264392564
1772937288.337155,1641.3282685866398
1772937288.3371637,619.8962557188463
1772937288.3371737,-2812.008098330682
1772937288.3371878,-3817.391350635265
1772937288.3372016,-1078.3553376609486
1772937288.3372145,1490.0157940390015
1772937288.3372228,325.92709745906245
1772937288.3372316,-2848.349600364972
1772937288.3372405,-3564.4138140545638
1772937288.3372493,-887.8939624176286
1772937288.3372576,1372.9056767045865
1772937288.337266,79.12327782351524
1772937288.3372743,-2886.3789536660697
1772937288.337283,-3352.570764985953
1772937288.3372912,-719.5378932251483
1772937288.3372996,1278.0127297624574
1772937288.337308,-137.12374927286058
1772937288.3373165,-2927.656742440462
1772937288.337325,-3170.191307230586
1772937288.3373334,-565.6753294821615
1772937288.3373415,1200.2690844694757
1772937288.33735,-331.4284028943945
1772937288.3373587,-2972.3221549613913
1772937288.3373668,-3010.1651811574134
1772937288.3373752,-422.9876815355136
1772937288.3373835,1134.260888307871
1772937288.337392,-510.51265459985285
1772937288.3374007,-3019.0716306163804
1772937288.3374093,-2864.0009277846016
1772937288.337418,-285.0296271979343
1772937288.3374264,1078.7092927854892
1772937288.3374348,-679.2935048827981
1772937288.3374438,-3068.9626223511286
1772937288.3374524,-2727.336374445271
1772937288.3374605,-146.8819312858423
1772937288.3374689,1035.2382523684819
1772937288.3374777,-837.7437083776659
1772937288.337486,-3120.2567736354413
1772937288.3374944,-2597.9087131594047
1772937288.3375027,-10.854980904483003
1772937288.3375113,994.667589947925
1772937288.3375196,-997.448994985146
1772937288.337528,-3179.858200670258
1772937288.3375363,-2475.4578558765547
1772937288.337545,126.74773985422938
1772937288.3375533,959.5870818270148
1772937288.3375616,-1157.1401549946056
1772937288.33757,-3245.088884593378
1772937288.3375783,-2355.567278637276
1772937288.337587,268.3740463706588
1772937288.3375957,927.3158223287438
1772937288.337604,-1322.4354340041805
1772937288.3376126,-3318.6048137104185
1772937288.3376207,-2234.8468039791446
1772937288.3376296,420.401258687801
1772937288.337638,902.086895796443
1772937288.3376467,-1492.288765860999
1772937288.3376555,-3399.285448981448
1772937288.3376644,-2110.3466580611494
1772937288.3376727,584.2758923224327
1772937288.337681,879.6213086733891
1772937288.3376894,-1675.0740829387316
1772937288.3376975,-3492.459281390008
1772937288.337706,-1979.8883148256382
1772937288.3377142,765.7292681034654
1772937288.3377228,861.6772931940426
1772937288.3377311,-1874.4151025545261
1772937288.3377397,-3600.889529620325
1772937288.3377483,-1840.6869656289202
1772937288.3377569,968.8899130727036
1772937288.337765,846.346389865822
1772937288.3377736,-2096.987677173107
1772937288.337782,-3725.5278724014906
1772937288.3377903,-1682.2822239900324
1772937288.3377993,1206.192929220799
1772937288.3378077,833.3293388723858
1772937288.337816,-2356.244648847072
1772937288.3378243,-3876.773529286303
1772937288.3378327,-1500.3954791212147
1772937288.3378408,1486.4293441409422
1772937288.3378494,817.1616632783771
1772937288.337858,-2670.515052430585
1772937288.3378663,-4061.4737662367384
1772937288.3378744,-1276.1891908303305
1772937288.3378828,1833.1820137048635
1772937288.365348,794.7653892302633
1772937288.3653743,-3064.2168740926486
1772937288.3653853,-4284.450821009784
1772937288.3653944,-980.63688910816
1772937288.3654032,2257.2136707408913
1772937288.6153805,72913.6326098278
1772937288.6154177,35420.538547010525
1772937288.6154444,-6599.15707199621
1772937288.6154711,-21337.923678103827
1772937288.615498,-8141.078834297778
1772937288.6155071,8172.106127348011
1772937288.6155155,8095.690822976922
1772937288.6155233,-3698.2978273557037
1772937288.6155314,-9956.022493198485
1772937288.6155396,-4079.2985837466513
1772937288.615548,4109.829644812874
1772937288.615556,3680.0612410911417
1772937288.615564,-3415.250645955315
1772937288.6155717,-6886.7803902506175
1772937288.6155796,-2649.4614380099124
1772937288.6155877,2682.952437254129
1772937288.6155956,1856.268367750823
1772937288.6156037,-3334.110218861471
1772937288.6156113,-5434.73330889923
1772937288.6156194,-1905.6276819016823
1772937288.6156273,1940.4374010138008
1772937288.6156352,836.9775856520627
1772937288.6156437,-3299.9519996408885
1772937288.615652,-4567.560312436789
1772937288.6156628,-1438.3084648256302
1772937288.6156712,1473.7237729691938
1772937288.6156793,169.19910512355344
1772937288.6156871,-3281.7757442704988
1772937288.6156952,-3974.310922407577
1772937288.6157043,-1106.5539235567628
1772937288.6157124,1147.0412658756497
1772937288.61572,-313.40142822096266
1772937288.615728,-3270.4270453427216
1772937288.615736,-3531.7014166870567
1772937288.6157439,-853.3465522532442
1772937288.6157515,897.441175907756
1772937288.6157594,-690.0568084622531
1772937288.6157672,-3263.881157419475
1772937288.6157749,-3180.517377863424
1772937288.6157827,-650.2161913512225
1772937288.6157904,691.7940059895496
1772937288.615798,-1004.50051870781
1772937288.615806,-3263.174256516238
1772937288.615814,-2888.4347232826585
1772937288.6158218,-478.1463347606075
1772937288.6158297,517.6459425016218
1772937288.615837,-1273.1118487293177
1772937288.6158447,-3258.9486784814394
1772937288.6158526,-2627.8632866463136
1772937288.6158605,-322.6167553402698
1772937288.615868,362.5512882236419
1772937288.6158757,-1517.646809328861
1772937288.615883,-3258.68089817749
1772937288.615891,-2390.3462162120745
1772937288.6158986,-176.65627460868564
1772937288.6159065,218.35795504462405
1772937288.615914,-1760.7218266774892
1772937289.09908,-1673.115261776516
1772937289.0991805,-3036.6232042768643
1772937289.099215,-2198.0474951924452
1772937289.099255,-353.167521747007
1772937289.0992928,-64.63552009059116
1772937289.099327,-1704.8321368008205
1772937289.099362,-2977.8180880811346
1772937289.099396,-2129.7511827121857
1772937289.0994103,-362.4896478697604
1772937289.099424,-131.4773807296769
1772937289.0994372,-1735.7095034069432
1772937289.0994518,-2932.282470243901
1772937289.0994656,-2069.3489460310175
1772937289.0994792,-364.3375929862163
1772937289.0994923,-187.2474543667394
1772937289.0995057,-1767.4463493233875
1772937289.0995183,-2897.2916531902956
1772937289.0995307,-2013.5528380448272
1772937289.0995436,-358.5329303684328
1772937289.0995572,-234.96761132961697
1772937289.0995705,-1804.149696502119
1772937289.0995846,-2876.6611785996597
1772937289.0995986,-1965.6189049175414
1772937289.099612,-346.8563023483319
1772937289.0996249,-272.99208918104785
1772937289.0996375,-1839.8649975130984
1772937289.0996535,-2862.1438735883517
1772937289.0996673,-1918.8053296562493
1772937289.09968,-326.6241051972294
1772937289.0996935,-302.36612000687563
1772937289.099707,-1877.3312209169737
1772937289.0997207,-2856.6048301607107
1772937289.0997343,-1875.7649228200914
1772937289.0997472,-300.32192850161783
1772937289.0997598,-325.02756882124385
1772937289.0997715,-1917.4363857405674
1772937289.099784,-2860.035522794295
1772937289.0997968,-1836.4462349663827
1772937289.0998096,-268.52664313233464
1772937289.0998228,-341.8175526808007
1772937289.099836,-1960.070974372334
1772937289.099849,-2870.568259326218
1772937289.0998623,-1798.09775083185
1772937289.0998743,-230.0887525390815
1772937289.0998876,-355.45977190937055
1772937289.0999,-2011.607929897397
1772937289.099912,-2894.9614596629826
1772937289.0999243,-1763.6610065682826
1772937289.0999365,-182.05170305057675
1772937289.0999477,-358.35166547190215
1772937289.0999599,-2062.860990319464
1772937289.0999794,-2925.0551735877407
1772937289.0999916,-1727.482179514221
1772937289.1000028,-122.28726641709244
1772937289.1000144,-352.40402133754947
1772937289.1000268,-2118.579544785579
1772937289.1000388,-2965.4090368654115
1772937289.100052,-1691.6202490209823
1772937289.1000648,-51.57782158462447
1772937289.1000776,-340.9230920247885
1772937289.1000903,-2186.292650402841
1772937289.1001031,-3024.3420181874585
1772937289.1001165,-1659.5717921060636
1772937289.1001296,33.19689140417101
1772937289.1001427,-317.92251199052066
1772937289.1001573,-2261.6335019321536
1772937289.1001709,-3099.287205500964
1772937289.1001832,-1627.9347884783263
1772937289.1001964,136.03176459071784
1772937289.1002097,-283.0673537634406
1772937289.1002228,-2350.028885889697
1772937289.100236,-3196.3366804513093
1772937289.10025,-1595.8067228268017
1772937289.1002636,265.2065675623245
1772937289.1002772,-229.22621286396125
1772937289.1002913,-2452.38577090316
1772937289.100305,-3320.2058896780354
1772937289.1003187,-1561.9298785774308
1772937289.1003325,428.5243428922696
1772937289.1003497,-154.03237557217014
1772937289.1003633,-2580.8581451307214
1772937289.1003764,-3488.900193212507
1772937289.1003892,-1531.8938005131859
1772937289.1004024,636.8790167753557
1772937289.1004155,-47.65922257028148
1772937289.1004288,-2743.0234882928803
1772937289.1004422,-3717.868643973537
1772937289.1004553,-1503.7201629307215
1772937289.1004684,914.3593452794767
1772937289.1004813,107.59738306643628
1772937289.1004937,-2953.18404548227
1772937289.1005063,-4035.5155232792536
1772937289.1005182,-1475.089689715557
1772937289.1005301,1302.5921530790852
1772937289.1005428,340.74167893051356
1772937289.100556,-3244.1411397225324
1772937289.1005692,-4505.191007827265
1772937289.1005833,-1452.5828199423697
1772937289.1005976,1875.937403411213
1772937289.1006107,710.7339609164475
1772937289.1006222,-3675.2652052222174
1772937289.1006324,-5251.714850821105
1772937289.1006427,-1447.233296512181
1772937289.100653,2799.1580279212976
1772937289.1006644,1354.5469301156518
1772937289.1006749,-4381.940640865773
1772937289.100685,-6577.726515595643
1772937289.1006951,-1482.8217943844306
1772937289.1007056,4528.658534272214
1772937289.1007156,2680.6458698803317
1772937289.100726,-5775.494996733968
1772937289.100736,-9518.583515370638
1772937289.100746,-1719.5157752615112
1772937289.1007564,8844.119299179347
1772937289.1007667,6632.500351518593
1772937289.100777,-9805.30908025235
1772937289.100787,-20766.76950572001
1772937289.1037097,-4565.786865410902
1772937289.1037333,36068.284865369336
1772937289.1037483,71247.71416560966
1772937289.5798185,-0.8557325934957835
1772937289.579867,0.026225805161167955
1772937289.5798986,1.3450944060138126
1772937289.5799305,2.3964006340334816
1772937289.5799625,2.9729817040477253
1772937289.5799942,3.3498186837709527
1772937289.580026,3.7290334954154645
1772937289.580058,3.938640619724779
1772937289.5800896,3.758990247446455
1772937289.5801167,3.373507088497056
1772937289.58013,3.2704800712839552
1772937289.5801423,3.67117729015154
1772937289.5801544,4.224293091343312
1772937289.5801668,4.400455985861381
1772937289.5801792,4.131865548370653
1772937289.5801916,3.9174496242194174
1772937289.580204,4.265110720841093
1772937289.5802162,5.137198522003909
1772937289.5802283,6.0243309664588285
1772937289.5802405,6.502293710152245
1772937289.5802524,6.609144193771659
1772937289.580264,6.687181614481519
1772937289.5802755,6.979875477802003
1772937289.5802877,7.450906270598918
1772937289.5802999,7.909946927364566
1772937289.5803115,8.187627684888495
1772937289.5803237,8.193490857458398
1772937289.5803356,7.939146013703143
1772937289.5803478,7.595498803853859
1772937289.5803597,7.460305952582225
1772937289.5803719,7.73849050917537
1772937289.5803835,8.320789506712238
1772937289.5803957,8.85676065452004
1772937289.5804074,9.105285069500326
1772937289.5804207,9.175729770428312
1772937289.580433,9.365613277210898
1772937289.580444,9.78550318814913
1772937289.580459,10.224852730809525
1772937289.5804803,10.409609520531168
1772937289.5804932,10.32565319760336
1772937289.580506,10.232077273842247
1772937289.5805202,10.385974897623061
1772937289.5805335,10.809222535642055
1772937289.5805464,11.303669232260006
1772937289.5805595,11.618595945259845
1772937289.580572,11.59787635764929
1772937289.5805843,11.266019772114992
1772937289.5805972,10.851164426781926
1772937289.58061,10.6591598797878
1772937289.5806227,10.788321060343973
1772937289.5806355,10.947328724184278
1772937289.580648,10.687759964188007
1772937289.5806603,9.921897259971225
1772937289.5806732,9.133515281871922
1772937289.5806856,8.918691155014894
1772937289.5806985,9.309901665030267
1772937289.5807114,9.724105570402614
1772937289.5807245,9.687707777750969
1772937289.5807366,9.476856288864306
1772937289.5807493,9.814358190522364
1772937289.580762,10.928553554266843
1772937289.5807743,12.168485507802602
1772937289.5807867,12.745621750807459
1772937289.5807993,12.72016978272077
1772937289.5808125,12.945531849272633
1772937289.5808249,13.959945206276306
1772937289.5808375,15.200423515784587
1772937289.5808504,15.584400930055113
1772937289.5808632,14.796873154845695
1772937289.580876,13.700786071473479
1772937289.5808887,13.364528444136479
1772937289.5809028,13.91235802731257
1772937289.580916,14.565659339701224
1772937289.5809288,14.694262898132289
1772937289.5809417,14.485652997240797
1772937289.5809546,14.490988922781451
1772937289.5809674,14.835002508525816
1772937289.5809803,15.19685378294515
1772937289.580994,15.449737181281176
1772937289.5810277,15.895347138241974
1772937289.5810409,16.704304507748013
1772937289.5810537,17.455361476098908
1772937289.5810668,17.615424108649968
1772937289.5810795,17.390865788973205
1772937289.5810921,17.649460957657084
1772937289.581104,18.7895957786682
1772937289.5811167,20.017665093614625
1772937289.5811293,20.17755601233225
1772937289.5811408,19.238863232236778
1772937289.5811522,18.4880148361033
1772937289.581164,19.003902190855463
1772937289.5811753,20.27992286140284
1772937289.5811872,20.811220500124378
1772937289.5811996,19.975968225409652
1772937289.581211,18.80959908566567
1772937289.5812273,18.662913666947077
1772937289.581238,19.501809170432058
1772937289.5812483,20.07704535636249
1772937289.5812588,19.686380601191058
1772937289.5812688,19.108883699041602
1772937289.5812795,19.438067413354037
1772937289.5819302,20.458088245977223
1772937289.581942,20.882165313404627
1772937289.5819511,20.183271215365547
1772937289.5819595,19.42543490015719
1772937289.5819676,19.790952579291208
1772937289.5819757,20.792840058947203
1772937289.5819838,20.84489310779045
1772937289.5819917,19.662709956201724
1772937289.5819995,19.11482881618473
1772937289.5820076,20.87682902649491
1772937289.5820155,23.726913677000308
1772937289.5820234,24.477473345509296
1772937289.5820312,22.097795222455918
1772937289.582039,19.845352788381692
1772937289.5820467,21.781249249753003
1772937289.5820546,26.926890304250758
1772937289.5820625,28.228594054081416
1772937289.5820732,18.837134889782508
1772937289.5820842,-0.32906348549081166
1772937290.0599067,0.41752670267477154
1772937290.0599487,0.6418932195355065
1772937290.0599751,0.063170776165618
1772937290.0600054,-0.7938865950705358
1772937290.060032,-0.8807626622847183
1772937290.060059,0.1988209596520319
1772937290.0600855,1.7382955383639191
1772937290.0601125,2.767712096811477
1772937290.0601437,3.1117813280961726
1772937290.0601704,3.3681320222199504
1772937290.0601964,3.9587378623017084
1772937290.0602233,4.574385803728316
1772937290.0602312,4.690750903765571
1772937290.0602393,4.337689980635551
1772937290.0602472,4.020165446830874
1772937290.0602553,3.952579967159694
1772937290.0602636,3.760548362600409
1772937290.0602715,3.121219526240637
1772937290.0602794,2.4275007176646706
1772937290.0602872,2.4547963572667832
1772937290.060295,3.3826632513716968
1772937290.0603032,4.481216730188496
1772937290.0603113,4.9414251248196095
1772937290.0603197,4.798319684429859
1772937290.0603273,4.7548958910828905
1772937290.0603354,5.178173688898067
1772937290.0603435,5.6304476831159445
1772937290.0603511,5.542556464984094
1772937290.0603588,5.074303111508056
1772937290.0603669,4.968273688740551
1772937290.0603747,5.591576159689089
1772937290.0603826,6.461524553450463
1772937290.0603907,6.874762025458592
1772937290.0603983,6.763904329258229
1772937290.0604064,6.644948220075262
1772937290.0604143,6.808340461499538
1772937290.0604224,6.929932129288254
1772937290.0604303,6.632341340201983
1772937290.060438,6.154063394254428
1772937290.060446,6.122481469736868
1772937290.060454,6.700771330566178
1772937290.0604615,7.295973042417852
1772937290.0604696,7.2804586163303595
1772937290.0604775,6.797159290456472
1772937290.0604851,6.592994845554232
1772937290.0604928,7.118036486015527
1772937290.0605006,8.062906779950877
1772937290.0605085,8.846495123874362
1772937290.060516,9.291501567939012
1772937290.060524,9.601955416563777
1772937290.0605316,9.855844609912307
1772937290.0605392,9.897314095182802
1772937290.060547,9.798056262666039
1772937290.060555,10.068896971927497
1772937290.0605628,11.08528838566644
1772937290.0605705,12.416888033649833
1772937290.060578,13.107262235264686
1772937290.060586,12.751329864176885
1772937290.0605936,12.03494273608703
1772937290.0606012,11.955779223380844
1772937290.0606089,12.636397390511956
1772937290.0606165,13.222831993127967
1772937290.0606241,12.98775487919486
1772937290.060632,12.211483945328014
1772937290.0606399,11.74983042801949
1772937290.0606475,11.946149801944227
1772937290.0606554,12.345481882603675
1772937290.0606844,12.48790611925251
1772937290.060692,12.577787448799404
1772937290.0606997,13.08682014538693
1772937290.0607076,13.925787095233234
1772937290.0607152,14.450756784500658
1772937290.0607228,14.354075378206108
1772937290.0607307,14.166516369320357
1772937290.0607383,14.584253874099433
1772937290.0607462,15.492351482301018
1772937290.0607543,16.044474014008376
1772937290.060762,15.737501684855928
1772937290.0607696,15.045135292721772
1772937290.0607774,14.77880331417752
1772937290.060785,15.094817178512875
1772937290.0607927,15.504640308794949
1772937290.0608003,15.762486713099705
1772937290.0608077,16.24057623341278
1772937290.0608156,17.20515114338965
1772937290.0608232,18.128450128112245
1772937290.0608313,18.241262578117496
1772937290.0608387,17.698083093742593
1772937290.0608463,17.61160964995179
1772937290.060854,18.63085884520683
1772937290.0608616,19.896902259624774
1772937290.0608692,19.980750230318886
1772937290.0608768,18.786583413391394
1772937290.0608845,17.877917397657573
1772937290.060892,18.573969428506974
1772937290.0609,20.1779714025379
1772937290.060908,20.737575117704008
1772937290.0609157,19.49143396033585
1772937290.060923,17.84336315907693
1772937290.060931,17.543778342639364
1772937290.0609388,18.456567208096963
1772937290.0609467,18.89084687832912
1772937290.0609543,18.042633413166527
1772937290.0609622,17.1858344248167
1772937290.06097,17.899449295379934
1772937290.0609777,19.714908705643364
1772937290.060985,20.514001238379393
1772937290.0609932,19.320923326675544
1772937290.0610008,17.725251358340568
1772937290.0610173,17.84805550841514
1772937290.0610254,19.4882804327492
1772937290.0610335,20.41224911479325
1772937290.061041,19.56076442912438
1772937290.0610487,18.747680872991957
1772937290.0610564,20.185127644536113
1772937290.061064,22.969784019230612
1772937290.0610716,23.656097061638626
1772937290.0610793,20.889860447587658
1772937290.061087,18.110759526246035
1772937290.0610948,19.848393700471213
1772937290.0832045,25.193092426490985
1772937290.0832467,26.65166427053857
1772937290.0832624,17.142673782157566
1772937290.595091,-72900.63691204575
1772937290.5951328,-37492.59784054663
1772937290.5951643,3345.3602712975844
1772937290.5951965,19458.573153777175
1772937290.5952284,8255.223476397441
1772937290.5952597,-8251.420934327925
1772937290.5952864,-10286.718917014838
1772937290.595318,446.41657979043305
1772937290.5953443,8191.115708681923
1772937290.5953712,4263.347433827656
1772937290.5953932,-4258.1500456629865
1772937290.595405,-5982.776038061397
1772937290.5954173,163.59625846370247
1772937290.5954294,5234.504442540309
1772937290.5954418,2904.103169009468
1772937290.5954537,-2899.11708889512
1772937290.595466,-4269.742082842257
1772937290.5954776,85.257707973035
1772937290.5954897,3899.5678798818103
1772937290.5955021,2233.841077262143
1772937290.5955143,-2225.726164631143
1772937290.5955265,-3364.174942893163
1772937290.5955386,54.58527729816096
1772937290.59555,3154.6361521876493
1772937290.595562,1844.1219039656419
1772937290.5955734,-1830.0023412673459
1772937290.595585,-2815.1921375392985
1772937290.5955963,38.395855081121766
1772937290.5956087,2687.137630459713
1772937290.5956202,1592.3000214602696
1772937290.595632,-1578.2017807676098
1772937290.595644,-2457.5672976964615
1772937290.595656,28.73817028453288
1772937290.5956683,2376.669123903071
1772937290.5956812,1423.445242598375
1772937290.5957031,-1407.7027196996653
1772937290.5957174,-2213.845110907503
1772937290.59573,22.241467639572278
1772937290.5957427,2162.995286642152
1772937290.5957556,1306.2789745329985
1772937290.5957687,-1290.8477158582587
1772937290.5957813,-2045.869656655523
1772937290.595794,18.085914279688733
1772937290.5958068,2016.7043627758655
1772937290.5958197,1227.1072080117524
1772937290.5958323,-1209.5326856174256
1772937290.5958452,-1930.2775515654107
1772937290.595858,16.91425553782331
1772937290.5958705,1920.846682338249
1772937290.595883,1176.156794267118
1772937290.595896,-1156.9642910648586
1772937290.5959089,-1858.146232119374
1772937290.5959218,15.14860507490579
1772937290.5959349,1864.2229777383525
1772937290.595949,1150.2062961681477
1772937290.595962,-1123.4925305726306
1772937290.595975,-1817.7509057136708
1772937290.595988,14.9094076353696
1772937290.5960014,1839.6119862112948
1772937290.596014,1140.952477366253
1772937290.596027,-1113.8175858297027
1772937290.59604,-1812.1092121898453
1772937290.596053,12.799665222358366
1772937290.5960658,1845.2430382362
1772937290.5960796,1150.7397975203119
1772937290.5960925,-1122.8330703894856
1772937290.5961056,-1836.714805278339
1772937290.5961185,11.725994735726562
1772937290.5961308,1883.5716490088814
1772937290.5961435,1181.182319901673
1772937290.5961564,-1151.8482015767843
1772937290.5961692,-1895.4073730007876
1772937290.5961816,9.309212481991198
1772937290.5961952,1955.9823092783904
1772937290.5962086,1233.9335902269665
1772937290.5962217,-1203.5358665804906
1772937290.596235,-1993.014568233656
1772937290.5962484,5.960367662685407
1772937290.5962596,2069.728600914506
1772937290.5962737,1314.1781315336245
1772937290.5962884,-1282.9934648564974
1772937290.5963025,-2138.993999362686
1772937290.5963151,2.6306967436460846
1772937290.5963275,2239.1466305336867
1772937290.5963402,1433.1888016565085
1772937290.5963528,-1397.4774338640002
1772937290.596366,-2350.028510250313
1772937290.5963788,-2.00963892006879
1772937290.5963917,2483.4490841880306
1772937290.5964043,1603.069573102225
1772937290.5964172,-1567.5313571790375
1772937290.5964303,-2661.4951418243195
1772937290.5964434,-11.95082420953962
1772937290.596456,2841.569502195771
1772937290.5964692,1855.8755691069189
1772937290.5964825,-1818.2411932489322
1772937290.596496,-3128.210961523346
1772937290.5965092,-28.09479666121834
1772937290.5965219,3389.65758185516
1772937290.5965347,2250.0073280787515
1772937290.596548,-2209.548413759276
1772937290.5965612,-3873.9558795353837
1772937290.596574,-58.50241940575477
1772937290.596587,4296.20362854592
1772937290.5966003,2924.3817256680445
1772937290.5966132,-2879.375985814144
1772937290.5966268,-5209.1789369664375
1772937290.5966399,-137.7293769389349
1772937290.5966525,6008.0752543621675
1772937290.5966659,4282.552829386003
1772937290.5966785,-4238.547520508426
1772937290.5966916,-8164.720498534333
1772937290.5967045,-419.48910081725825
1772937290.5967171,10311.616366540731
1772937290.59673,8273.786809124209
1772937290.5967429,-8231.879643172144
1772937290.596756,-19429.998624891792
1772937290.5967689,-3312.708539851575
1772937290.5967817,37520.45531905522
1772937290.596821,72912.37714730803
1772937290.7548583,923.995736532051
1772937290.754914,2381.4649521975452
1772937290.7549293,1700.8881005846206
1772937290.7549396,-240.74418040277507
1772937290.7549496,-667.4850666444855
1772937290.7549589,1145.8618930495647
1772937290.7549684,2681.530082632597
1772937290.7549772,1654.0727680655846
1772937290.7549868,-616.9823944181866
1772937290.7549949,-873.0450957988032
1772937290.7550032,1444.7587029920846
1772937290.755012,3138.9656035166718
1772937290.7550237,1624.8708133547075
1772937290.7550323,-1192.9854845027141
1772937290.75504,-1258.8952893679732
1772937290.755048,1881.8262714025745
1772937290.7550561,3966.19633472561
1772937290.7550645,1693.4243191516316
1772937290.7550726,-2250.0420620765763
1772937290.7550805,-2210.8796475791028
1772937290.7550893,2605.6493831945822
1772937290.7550972,6022.917358326206
1772937290.7551055,2405.004813063991
1772937290.7551131,-5075.097069106577
1772937290.7551212,-6469.936862400919
1772937290.7551289,3738.661713468834
1772937290.7551365,19054.488557147273
1772937290.7551441,26110.74073548595
1772937290.7551525,17045.923168612775
1772937290.7551603,-4022.729185102813
1772937290.755168,-25728.262271954787
1772937290.755176,-38312.31771144241
1772937290.7551844,-37716.45047969353
1772937290.7551925,-24568.307542963015
1772937290.7552001,-3385.8433870595504
1772937290.7552078,16925.51745575512
1772937290.8693304,-50723.689012618335
1772937290.8693483,-18684.445993180016
1772937290.8693664,11225.818066156724
1772937290.8693817,15850.847859635438
1772937290.8693964,520.7524843149541
1772937290.8694088,-10619.231111924008
1772937290.869418,-4410.85166495833
1772937290.8694267,8164.585036357143
1772937290.8694355,9424.855298258773
1772937290.8694444,-1415.052657821424
1772937290.8694532,-8634.512063498634
1772937290.8694615,-2127.2087596177366
1772937290.8694704,8894.326984489247
1772937290.869479,8675.856730047863
1772937290.8694897,-3161.472737702945
1772937290.869498,-10248.535046293011
1772937290.8695064,-1410.8978317596268
1772937290.8695147,12693.871465598933
1772937290.869523,11609.058834137835
1772937290.8695316,-7325.926618741356
1772937290.921562,-20745.69351791546
1772937290.921584,-3737.3916750535714
1772937290.9215949,39578.1223855245
1772937290.9216042,75588.81792424443
1772937290.921614,73636.22633581227
1772937291.1665764,88801.47911334789
1772937291.166597,-22044.553982565158
1772937291.166608,-82394.87660676456
1772937291.1666207,-53006.46045055775
1772937291.1666348,18716.91392647448
1772937291.2238047,-12407.695147801865
1772937291.2238312,1585.1725687102783
1772937291.2238474,-7913.547655789943
1772937291.274013,-13095.46327135441
1772937291.2740476,164.76014275999856
1772937291.2740607,18982.691813257465
1772937291.2740707,22227.516299365896
1772937291.2740805,5503.3668535798715
1772937291.290052,-15527.16028533888
1772937291.4024956,43668.68824913058
1772937291.4898846,33233.392822442634
1772937291.4899108,6762.493097261857
1772937291.4899218,-10900.395411338484
1772937291.4899316,-5659.876054107386
1772937291.4899411,8782.879374220021
1772937291.48995,9800.220811270248
1772937291.489958,-3796.792293476481
1772937291.4899664,-11009.511600259335
1772937291.4899747,544.926677377322
1772937291.4899836,14553.12439463067
1772937291.4899924,7190.450800652529
1772937291.4900007,-15749.811416608889
1772937291.4900088,-17659.261071559442
1772937291.4900167,24696.824850621677
1772937291.4900253,83287.14409968925
1772937291.4900331,98894.21864644445
1772937291.4900413,43530.88385345295
1772937291.4900491,-44660.00912138878
1772937291.4900572,-96323.7018252604
1772937292.3310187,-80089.90432478854
1772937292.3310568,-22520.65113983139
1772937292.3310835,21424.91949724545
1772937292.3311098,21658.158059840807
1772937292.3311365,-2019.2317354722727
1772937292.3311665,-12470.250869126974
1772937292.3311927,605.7841197682499
1772937292.3312197,15490.596352026347
1772937292.3312461,11605.453133679084
1772937292.3312728,-4141.613416975094
1772937292.3312995,-9167.043780351283
1772937292.3313265,3586.501937585372
1772937292.3313396,16489.406113551155
1772937292.3313477,11062.771506175042
1772937292.3313556,-6836.979231579853
1772937292.3313637,-13297.412029124314
1772937292.3313715,3284.2203770030255
1772937292.3313797,25630.9319202064
1772937292.331389,26127.427816068797
1772937292.331397,-779.9236569327954
1772937292.3314056,-30460.437196508927
1772937292.3314133,-34209.44001083001
1772937292.3314214,-10396.867786230092
1772937292.3314312,13668.014435886067
1772937292.3314433,10644.445067305245
1772937292.3314543,-18283.931424714403
1772937292.331465,-44232.44324319113
1772937292.331476,-38642.52759479398
1772937292.3314877,-487.04297663354316
1772937292.3314996,41879.46251022901
1772937292.3315127,53835.02013939913
1772937292.3315232,21457.093810643175
1772937292.331531,-39000.48038204582
1772937292.331539,-94278.30454465699
1772937292.3315463,-117737.70024852616
1772937292.331554,-105184.9330867784
1772937292.3315618,-72567.3015137095
1772937292.3315697,-40228.29613201649
1772937292.3315775,-18490.549937750646
1772937292.3315852,-5962.564815223813
1772937292.3315933,1565.200145772768
1772937292.3316014,3787.774272776451
1772937292.3316092,-1714.1376293663327
1772937292.331617,-12170.080728341549
1772937292.3316252,-18584.099168928584
1772937292.331633,-13984.032703227253
1772937292.3316407,-1446.526553518221
1772937292.3316483,8462.397881529578
1772937292.3316565,8694.676091270187
1772937292.331664,2592.9380692834034
1772937292.331672,-1103.0187086327448
1772937292.33168,1401.4396995317284
1772937292.3316877,5697.526665878251
1772937292.3316956,5979.710061507943
1772937292.3317032,2483.200884225653
1772937292.3317108,331.0137441257704
1772937292.3317184,2267.193824681824
1772937292.3317263,5282.1241831619
1772937292.331734,5168.50036826974
1772937292.3317418,2299.808028261692
1772937292.3317497,805.5592299488834
1772937292.3317575,2690.341808640433
1772937292.3317652,5182.448563571404
1772937292.3317728,4777.343178132513
1772937292.331781,2130.19643204456
1772937292.3317888,1013.126310800625
1772937292.3317964,2967.1261671066472
1772937292.3318045,5192.477406639348
1772937292.3318124,4547.31496008254
1772937292.33182,1965.6642503186333
1772937292.331828,1107.0251501992084
1772937292.3318355,3185.242539386806
1772937292.3318434,5260.89912254819
1772937292.3318512,4389.155595179683
1772937292.331859,1784.2850674306806
1772937292.3318665,1129.4090134848827
1772937292.3318744,3381.4976424315014
1772937292.331882,5381.068795996185
1772937292.3318899,4276.138111257654
1772937292.3318975,1578.5787415876794
1772937292.3319051,1099.8534223904717
1772937292.3319128,3578.8359098404235
1772937292.3319204,5555.7470953269085
1772937292.3319283,4190.507554299958
1772937292.331936,1329.9333552085777
1772937292.3319435,1018.1394240574595
1772937292.3319514,3795.3182972506193
1772937292.3319595,5800.664271964726
1772937292.331967,4125.714693968158
1772937292.3319747,1015.3472295905203
1772937292.3319824,874.2359936142936
1772937292.3319902,4051.2718355570323
1772937292.3319976,6142.9711484005065
1772937292.3320055,4074.2108085573764
1772937292.3320148,590.4401987854279
1772937292.3320267,640.090621148969
1772937292.3320389,4380.058848818401
1772937292.3320508,6643.5079083330365
1772937292.3320599,4039.5513841121087
1772937292.3320675,-18.585724097330125
1772937292.3320756,260.8186976353815
1772937292.3320832,4844.0245541617105
1772937292.332091,7424.90199187637
1772937292.3320987,4026.1624000082384
1772937292.3321066,-982.9820503308513
1772937292.3321164,-402.971555524451
1772937292.332128,5580.844191996458
1772937292.3321412,8795.0335079639
1772937292.33215,4064.1195513679295
1772937292.3321583,-2753.0408847284334
1772937292.3321671,-1755.0968306849893
1772937292.3321755,7003.486649958059
1772937292.332184,11787.176364530602
1772937292.3321924,4308.738370725602
1772937292.3322008,-7114.456588737406
1772937292.3322089,-5745.768250401617
1772937292.3322177,11053.570039753147
1772937292.3322256,23087.39930278544
1772937292.332234,7170.166673000925
1772937292.3322425,-34375.19277827105
1772937292.3322508,-70394.25674207616
1772937292.80937,3858.1529620943793
1772937292.8094087,3476.3832624041297
1772937292.809435,1926.7248818666972
1772937292.8094616,1396.6165021748063
1772937292.8094883,2636.9624434631996
1772937292.8095148,3899.358284432697
1772937292.8095417,3400.2080959946134
1772937292.8095684,1840.1499534358659
1772937292.8095949,1421.4246989287853
1772937292.8096216,2740.9788700859185
1772937292.8096485,3940.856479410078
1772937292.809675,3324.2409501705806
1772937292.809683,1754.7606638532498
1772937292.8096912,1447.675296182804
1772937292.8096993,2844.3733016731267
1772937292.8097072,3978.426487053369
1772937292.8097155,3243.022661958387
1772937292.8097236,1666.4957872379343
1772937292.8097315,1474.8176946170884
1772937292.8097396,2949.8653160958393
1772937292.8097477,4016.0962250079815
1772937292.8097556,3160.456919016798
1772937292.8097644,1579.1904825847503
1772937292.809772,1506.77995578691
1772937292.80978,3060.265320830595
1772937292.8097878,4053.8098490213697
1772937292.8097956,3073.5896546696517
1772937292.8098032,1489.235484938871
1772937292.809811,1541.6238703009908
1772937292.8098187,3175.412275208184
1772937292.8098264,4091.5508629298297
1772937292.8098345,2981.6684398421426
1772937292.809842,1396.0806687966742
1772937292.8098605,1580.0124563152738
1772937292.8098686,3296.3113397982856
1772937292.8098764,4128.725396656718
1772937292.8098843,2882.1378874491875
1772937292.809892,1297.2016842754242
1772937292.8098996,1621.400188869445
1772937292.8099072,3423.8772791797282
1772937292.809915,4165.670604310566
1772937292.8099227,2774.2946729683035
1772937292.8099303,1192.8272428433038
1772937292.809938,1668.5510946775407
1772937292.8099458,3562.0007085196667
1772937292.8099535,4204.453113359472
1772937292.8099613,2657.7817185582226
1772937292.8099692,1082.8176354041232
1772937292.8099773,1723.67895290906
1772937292.809985,3713.4349620486546
1772937292.8099928,4244.503342142174
1772937292.8100004,2527.9277880264476
1772937292.810008,962.1177225629297
1772937292.810016,1784.9699854108017
1772937292.8100235,3878.611258104599
1772937292.8100312,4284.81297371589
1772937292.810039,2381.8233282998885
1772937292.810047,830.0070308690423
1772937292.8100543,1856.6474760236995
1772937292.810062,4062.9375796407694
1772937292.8100696,4325.33476207991
1772937292.8100772,2213.1582016924467
1772937292.810085,680.9426377007932
1772937292.8100927,1940.3227194740434
1772937292.8101008,4272.690581940266
1772937292.810109,4369.190292920854
1772937292.8101163,2019.8828122930709
1772937292.8101242,514.6689020737964
1772937292.8101318,2043.1965611189153
1772937292.8101397,4516.997603315727
1772937292.8101475,4416.419937121438
1772937292.810155,1791.8426832281166
1772937292.8101625,323.2620893391809
1772937292.8101704,2169.9127623054965
1772937292.810178,4806.246679481361
1772937292.810186,4466.787796195667
1772937292.8101933,1514.7573335140366
1772937292.810201,94.46602779474668
1772937292.8102088,2324.5458398286805
1772937292.8102164,5151.959927397154
1772937292.810224,4517.79913836743
1772937292.810232,1170.0147529906174
1772937292.8102396,-180.9353029690874
1772937292.8102472,2527.3114450733347
1772937292.8102548,5585.712788690765
1772937292.8102624,4573.930739949857
1772937292.8102703,728.3657418767023
1772937292.8102784,-525.3541101823887
1772937292.810286,2798.103149959452
1772937292.8102937,6145.1047616757305
1772937292.8103013,4631.287130366983
1772937292.8103092,135.66858340445998
1772937292.8103168,-973.8124206131226
1772937292.8103244,3181.55258799194
1772937292.8103323,6909.399473656051
1772937292.81034,4693.887525869411
1772937292.8103478,-701.581428399337
1772937292.8103557,-1593.5098516882542
1772937292.8103633,3753.077213280429
1772937292.8103712,8017.367786222742
1772937292.810379,4752.6313084155345
1772937292.810387,-1986.377454234721
1772937292.8103948,-2524.931618413774
1772937292.8104024,4692.02993622474
1772937292.8104103,9803.256000093439
1772937292.810418,4800.34748315931
1772937292.810426,-4217.905037494468
1772937292.8104336,-4142.714215006456
1772937292.8104415,6481.359995158669
1772937292.8104491,13258.56454370694
1772937292.8104568,4852.181901916162
1772937292.8104649,-9106.882186928802
1772937292.8104725,-7981.52174690318
1772937292.81048,11083.34535897997
1772937292.8104875,23708.120388421157
1772937292.8104951,6020.858991438316
1772937292.8105028,-31624.74890464798
1772937292.8105104,-50181.24370673582
1772937292.8105185,-26250.43106559887
1772937292.8105261,17104.526284795847
1772937293.204712,26243.534538952597
1772937293.2047572,2207.693123194691
1772937293.2047837,-21564.7980297947
1772937293.2048104,-22535.9161829916
1772937293.2048368,-4324.4293664271645
1772937293.204864,9167.48427727035
1772937293.2048914,-830.919677854022
1772937293.2049184,-28160.154999948667
1772937293.2049456,-46076.46358257529
1772937293.2049725,-32620.65239613435
1772937293.2050002,5677.01912777659
1772937293.2050223,35995.32819008401
1772937293.2050304,29575.895052354263
1772937293.2050383,-7442.805197049482
1772937293.2050464,-36886.486484981375
1772937293.2050543,-27278.15133057104
1772937293.2050629,11201.510209545304
1772937293.2050705,36768.18708080161
1772937293.2050788,23183.573973041723
1772937293.2050867,-10261.637425490559
1772937293.2050948,-23639.286255019193
1772937293.2051027,-7231.384305636315
1772937293.2051115,6284.568157887111
1772937293.2051196,-13036.493811608507
1772937293.2051275,-46821.17645998293
1772937293.2051356,-46028.221710219725
1772937293.2051437,3599.8810547853504
1772937293.205151,51909.43078546667
1772937293.205159,37636.55554091032
1772937293.2051668,-33339.493124554494
1772937293.2051747,-84207.06257902177
1772937293.2051823,-52859.987820948525
1772937293.20519,31257.697257309144
1772937293.205198,75499.18370312762
1772937293.2052057,30085.177709013205
1772937293.2052133,-52895.45473346859
1772937293.2052212,-79703.28712462477
1772937293.2052288,-23723.36811529176
1772937293.2052364,46555.099268750266
1772937293.2052443,51376.609192046104
1772937293.205252,-8064.090206926565
1772937293.2052596,-58342.49916596314
1772937293.2052672,-46342.07877770659
1772937293.2052755,1152.2895518570747
1772937293.2052836,19770.218400532158
1772937293.2052915,-8405.831550240498
1772937293.2052991,-36277.42835256557
1772937293.205307,-17291.725873090127
1772937293.2053146,32516.56603768515
1772937293.2053225,54394.81269348707
1772937293.20533,20593.943417104096
1772937293.2053375,-31574.275813657212
1772937293.2053456,-44954.333486748204
1772937293.2053535,-8148.083877209736
1772937293.2053614,36689.332879743844
1772937293.2053692,46175.767587364215
1772937293.205377,20803.438885473206
1772937293.2053847,-5785.496971021155
1772937293.2053926,-9879.22770238385
1772937293.2054007,1736.6669072432985
1772937293.2054088,9867.536077157542
1772937293.2054167,7611.2785127279485
1772937293.2054243,1900.426905954795
1772937293.2054322,-685.7905895919954
1772937293.2054398,-219.7673105320297
1772937293.2054474,1965.3217961011455
1772937293.2054553,5906.743657022979
1772937293.2054632,8572.722408292662
1772937293.205471,4460.4718351789115
1772937293.205479,-4641.977361913157
1772937293.2054868,-6627.527018107642
1772937293.2054944,5879.859010682745
1772937293.2055025,19977.332479941906
1772937293.2055101,13287.455562023506
1772937293.205518,-15180.43587805168
1772937293.2055259,-34769.12523835009
1772937293.205534,-15810.368827016828
1772937293.2055418,29300.443663054863
1772937293.2055497,51440.0180570069
1772937293.2055573,18979.571245742758
1772937293.2055652,-41322.40075715617
1772937293.205573,-69856.58265843356
1772937293.2055807,-40029.50437809603
1772937293.2055883,13389.68844336671
1772937293.2055964,37098.47584944073
1772937293.205604,19677.495175998134
1772937293.205612,-3948.551989685281
1772937293.2056196,-4698.812557807051
1772937293.2056274,2739.250533763771
1772937293.2056353,-14675.505644397352
1772937293.205643,-55907.547106361315
1772937293.2056508,-78977.79976653913
1772937293.205659,-51807.71441299308
1772937293.2056668,4378.905310821255
1772937293.205675,36550.177163475615
1772937293.2056828,20824.078844009036
1772937293.2056909,-12748.788473398357
1772937293.2056985,-20461.124861093478
1772937293.2057061,2615.9347509088266
1772937293.205714,22668.464828900556
1772937293.2057219,14407.410320422976
1772937293.2057295,-8030.329594568839
1772937293.2057376,-13724.933674357124
1772937293.2057452,3153.2929350426357
1772937293.205753,18136.072550743746
1772937293.205761,11419.256464617161
1772937293.2057688,-6273.089139683583
1772937293.2057767,-10358.374673096765
1772937293.2057843,3707.4083671979915
1772937293.2057924,15717.685005188452
1772937293.2058,9541.389358506145
1772937293.2058077,-5352.921163398294
1772937293.2058156,-8221.166819487
1772937293.2058234,4190.197205148639
1772937293.2058313,14161.228741748408
1772937293.205839,8193.088358753552
1772937293.2058468,-4795.39742775216
1772937293.2058544,-6698.4052280055785
1772937293.2058628,4608.280779012665
1772937293.2058709,13049.449583653786
1772937293.4356005,5741.946542036248
1772937293.4356492,9279.634652560186
1772937293.4356775,22440.993918987937
1772937293.435701,32120.18534951758
1772937293.435714,18578.903056425264
1772937293.4357276,-18149.258859114514
1772937293.435742,-52028.77550952735
1772937293.4357555,-56383.19056763394
1772937293.4357667,-31855.534232384085
1772937293.4357755,-3731.313612266222
1772937293.435784,6837.757470495343
1772937293.4357927,2398.3013875250667
1772937293.435801,-1130.745365025863
1772937293.43581,3010.861104207157
1772937293.4358184,7165.457629065458
1772937293.4358268,4075.057079380322
1772937293.4358351,-1760.4119763954486
1772937293.435844,-1452.8385932041294
1772937293.4358528,4734.7372358547245
1772937293.4358616,7816.039028203909
1772937293.43587,3294.107346501789
1772937293.4358785,-2343.2835130942176
1772937293.435887,-1044.3160647046254
1772937293.4358962,5284.6596172150075
1772937293.435905,7623.721820187227
1772937293.435913,2731.9359297623496
1772937293.435922,-2372.5072743901574
1772937293.43593,-505.2941385938339
1772937293.4359384,5563.516846530497
1772937293.4359465,7221.207376317508
1772937293.4359548,2249.4558308823334
1772937293.4359636,-2213.0411154011267
1772937293.4359717,74.06584085384011
1772937293.43598,5717.552115439736
1772937293.4359884,6712.846510882326
1772937293.4359968,1808.007461012668
1772937293.4360049,-1934.8448637196966
1772937293.4360132,692.183820222741
1772937293.4360213,5783.052468789183
1772937293.4360297,6105.385699507257
1772937293.436038,1390.2272084136976
1772937293.4360464,-1533.244149730839
1772937293.4360547,1370.0319710700494
1772937293.4360633,5746.53516795356
1772937293.4360716,5350.662871048983
1772937293.43608,987.0261961624827
1772937293.4360883,-938.8720002354235
1772937293.436097,2174.1641882650033
1772937293.4361053,5562.373667726103
1772937293.4361134,4327.945067698415
1772937293.436122,579.2627636124287
1772937293.43613,4.752410604344215
1772937293.4361384,3241.6484897839
1772937293.4361465,5098.3268354606125
1772937293.4361553,2731.2931939575637
1772937293.4361637,133.78049875990675
1772937293.436172,1747.9176825911022
1772937293.4361804,4983.539553062647
1772937293.4361885,3949.291805161171
1772937293.4361966,-472.90942721599527
1772937293.436205,-513.0872825312242
1772937293.4362133,6068.345508552611
1772937293.4362216,9348.750565487635
1772937293.43623,177.8385713312328
1772937293.4362385,-11965.338346105613
1772937293.436247,-3768.7723716946543
1772937293.4362552,33264.077816799996
1772937293.4362636,74310.66550619504
1772937293.566125,5693.2781016981935
1772937293.5661669,6560.107478736482
1772937293.5661812,1854.3805849095259
1772937293.5661943,-1860.0159036064967
1772937293.5662067,503.4750082593672
1772937293.5662172,5593.82618923079
1772937293.566228,6389.590050719583
1772937293.5662389,1891.446936472567
1772937293.5662487,-1653.8915269267372
1772937293.5662572,549.1398322296907
1772937293.5662704,5368.915547447887
1772937293.5662832,6229.698726009876
1772937293.566298,2098.220158667859
1772937293.5663111,-1336.8315001366195
1772937293.566324,457.09706543654204
1772937293.5663369,4899.025091144725
1772937293.5663502,6071.188628271625
1772937293.566363,2631.3074665861204
1772937293.5663762,-782.1511463945862
1772937293.5663896,92.24320378171839
1772937293.5663984,3891.3207109769332
1772937293.5664067,5893.327164967453
1772937293.5664148,3933.609413534733
1772937293.566429,402.6851852836963
1772937293.5664408,-951.4798809007912
1772937293.5664515,1337.1746700398312
1772937293.5664625,5554.046552179042
1772937293.5664735,7769.828935893496
1772937293.5664847,4131.150693642391
1772937293.5664973,-4624.403096131488
1772937293.5665088,-9417.686285805747
1772937293.5665195,2670.392867531824
1772937293.5665305,34413.75182924444
1772937293.5665417,68324.24606011507
1772937293.630372,-68913.90378103447
1772937293.8392103,7710.368224623706
1772937293.8392465,6363.840712613284
1772937293.8392727,777.9507125996389
1772937293.8392823,-1261.8198011178645
1772937293.839291,3111.62561689312
1772937293.8392997,7825.705513698522
1772937293.8393083,6305.455146634981
1772937293.8393168,638.8267596400492
1772937293.8393252,-1300.2687456923054
1772937293.8393335,3206.7399867456966
1772937293.8393416,7924.50232847744
1772937293.83935,6300.244725547312
1772937293.839358,557.5778428472541
1772937293.8393664,-1364.9342361693082
1772937293.839374,3209.754489684835
1772937293.839384,7991.3549355806845
1772937293.8393917,6390.432254860936
1772937293.8393996,584.7536801566519
1772937293.8394074,-1477.8773941487595
1772937293.8394153,3034.9208920737765
1772937293.8394232,7994.91136316478
1772937293.8394313,6673.942711911706
1772937293.8394392,837.4939149430394
1772937293.8394468,-1692.2484396580653
1772937293.8394544,2472.2504714461484
1772937293.8394625,7854.024037019703
1772937293.8394701,7400.917748806058
1772937293.839478,1629.3913894439554
1772937293.8394856,-2151.8612268417623
1772937293.8394935,916.9670071809962
1772937293.8395011,7329.396618234669
1772937293.8395088,9395.13476288094
1772937293.8395164,4046.6981055293795
1772937293.8395243,-3446.796138302948
1772937293.8395317,-4205.437807577285
1772937293.8395393,5374.119498891468
1772937293.839547,17468.68106877656
1772937293.8395543,15417.918030369783
1772937293.839562,-12987.625056904872
1772937293.83957,-59251.03394182422
1772937293.9255977,8936.6364890542
1772937293.9256177,-543.3443099446315
1772937293.9256282,-6514.221081488581
1772937293.9256372,125.00004630999081
1772937293.9256454,10003.405887715984
1772937293.9256542,8208.869612838824
1772937293.9256628,-3312.176565471275
1772937293.9256716,-7169.168469324365
1772937293.925682,3794.150369967569
1772937293.9256904,13430.285571245
1772937293.9256988,4532.657169094313
1772937293.925707,-12199.914816885788
1772937293.9257152,-7321.389559481122
1772937293.9257233,24634.192945405062
1772937293.9257314,46161.63225900785
1772937294.2046316,75372.94456335643
1772937294.2047083,36317.15649543403
1772937294.204741,-7078.19713446603
1772937294.20477,-20978.739784994013
1772937294.2047844,-5808.923283567589
1772937294.2047994,10833.409312408283
1772937294.2048087,8890.589449876428
1772937294.2048192,-4384.851305748219
1772937294.2048287,-9589.165360451032
1772937294.2048383,-1519.5508530985303
1772937294.2048473,6898.937122302968
1772937294.2048562,4308.52228911465
1772937294.2048652,-4341.983754533099
1772937294.2048736,-6490.44798588341
1772937294.2048824,187.04500172289997
1772937294.2048907,5613.404362884143
1772937294.2048995,2274.135552424706
1772937294.2049081,-4547.159506638712
1772937294.2049167,-4991.620673832393
1772937294.204925,1270.8006050716067
1772937294.2049332,5034.697987380851
1772937294.2049415,987.2174036085114
1772937294.2049506,-4862.831981227738
1772937294.204959,-4053.359618214521
1772937294.2049675,2170.0811178609692
1772937294.204976,4768.751547841136
1772937294.2049847,-27.208399668634403
1772937294.2049928,-5289.456588402097
1772937294.205001,-3362.0853872173557
1772937294.2050097,3059.287381803725
1772937294.205018,4690.015214102635
1772937294.2050261,-979.3694031111337
1772937294.2050345,-5867.898023571556
1772937294.2050428,-2776.6982738746356
1772937294.2050512,4073.829251248896
1772937294.2050593,4775.484077533
1772937294.2050676,-2010.4042055570983
1772937294.2050765,-6681.755245982562
1772937294.2050846,-2212.1970408932543
1772937294.2050931,5374.572401121552
1772937294.2051015,5051.339624469493
1772937294.2051096,-3301.0524585288595
1772937294.205118,-7913.66412280914
1772937294.2051263,-1580.664005691895
1772937294.2051346,7278.212023123603
1772937294.2051427,5655.648833597164
1772937294.205151,-5175.061099958449
1772937294.2051592,-10008.912584203234
1772937294.2051675,-758.3356862672921
1772937294.205176,10550.663051319963
1772937294.2051842,7012.333823151141
1772937294.2051923,-8508.129566075982
1772937294.205201,-14402.264379359685
1772937294.2052095,525.5200895710149
1772937294.2052176,18015.908525186303
1772937294.205226,11216.018922092173
1772937294.205234,-17040.596408930447
1772937294.2052429,-29728.369364948125
1772937294.205251,1812.1641891111522
1772937294.2052596,56653.010386351256
1772937294.205268,78623.04684566901
1772937294.3636208,139.93021569256356
1772937294.3636477,-1188.581902970293
1772937294.36366,-1249.4744101657104
1772937294.3636703,-1.6588884781891247
1772937294.3636804,764.8372029126301
1772937294.3636897,-5.3033631810897495
1772937294.3636982,-1176.8106323140494
1772937294.3637073,-1089.13650244134
1772937294.363716,89.10452841601632
1772937294.3637247,655.5577344498286
1772937294.3637333,-169.0462703391387
1772937294.3637476,-1161.8652261484028
1772937294.363756,-899.6429461344811
1772937294.363764,196.64565444838186
1772937294.363772,515.4590318125778
1772937294.3637807,-380.02790736103105
1772937294.3637884,-1134.501491478953
1772937294.3637967,-627.5527637648032
1772937294.3638043,347.2119089879376
1772937294.713688,-83416.26330212384
1772937294.7137232,-61090.46464339328
1772937294.713752,2232.127495285184
1772937294.7137802,48099.66852199829
1772937294.7138088,30629.73802494515
1772937294.7138374,-25491.46016566204
1772937294.7138658,-47667.11870553593
1772937294.7138941,-1188.425784422001
1772937294.7139227,63280.61374001045
1772937294.7139468,64193.909352713956
1772937294.7139556,-13548.810471336737
1772937294.7139642,-95236.28011425919
1772937294.7139733,-99053.40811748778
1772937294.7139816,-29053.23415495091
1772937294.7139904,31371.568579855815
1772937294.7139993,16439.28396153495
1772937294.7140079,-50236.54231358528
1772937294.7140164,-90061.5853857031
1772937294.7140248,-62150.34395855567
1772937294.7140336,-2752.138750537402
1772937294.714042,26617.863569845544
1772937294.7140508,9501.690209514538
1772937294.7140594,-20442.570380071007
1772937294.714068,-32042.04535774704
1772937294.7140765,-30477.205000703572
1772937294.7140849,-33557.73556901919
1772937294.7140937,-34817.893175983685
1772937294.7141025,-11828.265533270467
1772937294.7141109,31548.28609988577
1772937294.7141194,53503.54097037694
1772937294.7141278,19303.511601168328
1772937294.7141373,-50144.81871827951
1772937294.7141502,-91552.21495162263
1772937294.714158,-65175.3689543706
1772937294.7141657,2459.2274876874476
1772937294.7141736,48582.06232456061
1772937294.7141814,40527.16228868492
1772937294.7141893,2792.0221699472795
1772937294.7141967,-19415.407472306553
1772937294.7142043,-10897.1920077209
1772937294.714212,5494.313831226529
1772937294.7142196,2942.4150754976577
1772937294.7142277,-19465.6177761542
1772937294.7142353,-41509.61377733706
1772937294.7142432,-46042.52122400165
1772937294.7142508,-31889.497028253085
1772937294.7142587,-8426.68698853841
1772937294.7142663,13105.620464042797
1772937294.714274,22661.699907474806
1772937294.7142816,14835.401961307198
1772937294.7142892,-4659.621870865574
1772937294.7142973,-19927.54581446757
1772937294.7143047,-19359.442801794034
1772937294.7143123,-9175.62185427188
1772937294.7143202,-6579.98892979122
1772937294.714328,-17442.333114144276
1772937294.7143357,-26664.10665474547
1772937294.7143433,-16391.78468805458
1772937294.7143507,9232.162886467097
1772937294.7143586,25622.016097949043
1772937294.714366,16299.215246195787
1772937294.714374,-6616.349054273881
1772937294.7143817,-16525.109974912168
1772937294.7143896,-4051.3338291244463
1772937294.7143977,13145.362718194336
1772937294.7144055,13827.143642629453
1772937294.7144132,-789.6705666454602
1772937294.7144208,-10821.668193736337
1772937294.7144284,-4292.238724354312
1772937294.7144363,8719.259881873488
1772937294.714444,11067.36573029615
1772937294.714452,969.9585452933759
1772937294.7144597,-7368.031361293237
1772937294.7144673,-3562.77041504143
1772937294.714475,6150.711706780652
1772937294.7144828,8774.062547647774
1772937294.7144904,1885.010934452759
1772937294.714498,-4635.845200398298
1772937294.714506,-2737.55980054122
1772937294.7145135,3981.180435659863
1772937294.7145212,6607.4171464186375
1772937294.7145288,2777.740458020862
1772937294.7145367,-1810.488812932458
1772937294.714544,-1957.7618195733353
1772937294.7145517,1343.8608202138832
1772937294.7145596,4084.3505807821584
1772937294.7145672,4280.375407337478
1772937294.7145748,2192.378550290339
1772937294.7145827,-1245.687332290947
1772937294.7145903,-3377.5574438006392
1772937294.714598,-69.23970758800209
1772937294.7146056,8100.787095455956
1772937294.7146134,11214.095323558406
1772937294.7146208,-597.6749268547451
1772937294.7146285,-18901.40214891632
1772937294.714636,-15005.099898969334
1772937294.7146437,32154.026271560142
1772937294.714651,103566.89703506259
1772937294.7618756,145561.26884278798
1772937294.9426358,35377.912517391174
1772937294.9426737,7961.418393131696
1772937294.9427,-5452.4574904533965
1772937294.9427264,-7306.930449091204
1772937294.942737,-3438.5908761738233
1772937294.942746,4275.433922671542
1772937294.9427545,12565.613695237416
1772937294.9427626,12470.883933582712
1772937294.9427707,-844.9380340430828
1772937294.9427788,-15505.505842160805
1772937294.9427867,-10534.759336557958
1772937294.9427948,17444.54103304777
1772937294.9428031,41163.970743018035
1772937294.942811,28140.70308162063
1772937294.9428203,-17853.650682698255
1772937294.9428287,-50705.26742898646
1772937294.9428365,-28310.996777515866
1772937294.9428446,36269.55301362955
1772937294.9428525,81348.20102621538
1772937294.9428606,60828.05004606106
1772937294.9428685,-4437.388704337085
1772937294.9428763,-49224.27549653619
1772937294.9428844,-36587.21404241288
1772937294.942892,3816.5895860147534
1772937294.9429,16271.39822992296
1772937294.942908,-11947.883280349655
1772937294.9429157,-37682.754627343325
1772937294.9429233,-19967.78754071078
1772937294.9429312,24594.628732197667
1772937294.942939,39695.158488149886
1772937294.942947,-667.1260709566782
1772937294.9429545,-57015.38104340484
1772937294.9429624,-68635.92788745093
1772937294.94297,-23875.196353301846
1772937294.9429777,28267.540511009716
1772937294.9429853,37012.50681081972
1772937294.9429927,5913.879216819489
1772937294.9430003,-19280.655848311384
1772937294.943009,-9925.600338968992
1772937294.9430163,14889.822081158509
1772937294.9430242,19832.012763848245
1772937294.943032,554.4049511518605
1772937294.9430397,-14487.856211518985
1772937294.9430475,-5079.332222995718
1772937294.9430552,14353.459680544482
1772937294.9430628,16610.344369726572
1772937294.943071,-641.0195387967136
1772937294.9430785,-12903.106718058729
1772937294.9430861,-3425.5358376769873
1772937295.1644812,86621.24873780699
1772937295.1645172,49149.37549894975
1772937295.1645403,-4254.166584901378
1772937295.1645632,-25588.208622709077
1772937295.164581,-5392.840558931009
1772937295.1645908,21291.672860123632
1772937295.1646008,20599.78832815729
1772937295.16461,-1467.8036448475038
1772937295.164622,-13155.999248580847
1772937295.1646316,-616.2449694093168
1772937295.1646411,16693.427512242622
1772937295.16465,15215.195539493176
1772937295.1646597,-1265.9377336795517
1772937295.1646688,-9236.32664607802
1772937295.164678,1403.146473553285
1772937295.164687,14827.945492643688
1772937295.1646955,12569.022856571793
1772937295.1647043,-1272.3459523462207
1772937295.1647131,-7054.136528186776
1772937295.1647222,2681.742865384854
1772937295.164731,13713.366405283545
1772937295.1647398,10801.437713753328
1772937295.164749,-1339.5412449894045
1772937295.1647604,-5514.2440645073775
1772937295.1647737,3671.2547272970232
1772937295.1647851,12906.17021477911
1772937295.164797,9397.455869974357
1772937295.1648088,-1442.6178907974252
1772937295.1648211,-4252.709440555573
1772937295.1648335,4546.506604894336
1772937295.1648476,12233.69551753382
1772937295.1648614,8130.886273631327
1772937295.164874,-1569.1916411388806
1772937295.1648824,-3074.2633932101207
1772937295.1648908,5413.351653494627
1772937295.164899,11587.745044879739
1772937295.1649077,6838.037288375434
1772937295.164916,-1720.0341192829162
1772937295.1649244,-1820.2834160109423
1772937295.1649327,6371.262453306703
1772937295.164979,10860.585094450653
1772937295.164987,5335.838595162354
1772937295.1649957,-1891.6288531596226
1772937295.165004,-264.1589517804603
1772937295.1650124,7578.109787127687
1772937295.1650207,9876.122845949085
1772937295.1650288,3291.116403922267
1772937295.1650372,-2084.6997752510906
1772937295.1650455,2061.6898838746706
1772937295.1650536,9382.780655895423
1772937295.165062,8198.090849612345
1772937295.1650703,-174.54984624843394
1772937295.1650784,-2296.7813653304074
1772937295.1650865,6615.99697383196
1772937295.1650949,12986.519216578095
1772937295.1651037,4196.664719381932
1772937295.1651115,-8802.305350752917
1772937295.16512,-2538.0458041500747
1772937295.165128,22026.00265780703
1772937295.1651363,27482.966191824682
1772937295.1651444,-20009.24386478055
1772937295.1651525,-100835.2801795154
1772937295.1966245,-148371.65470461143
1772937295.4124825,-44225.02434709218
1772937295.412523,5719.180627376226
1772937295.4125495,30979.85056893022
1772937295.412576,16185.618379699425
1772937295.4125984,-11759.72991311585
1772937295.4126077,-17194.306871287594
1772937295.4126167,3011.3497324369105
1772937295.4126265,20025.5958712766
1772937295.412635,12218.93710500078
1772937295.4126432,-8087.8223026871465
1772937295.4126513,-13154.653693287943
1772937295.4126594,2890.111770919688
1772937295.4126675,17482.357909795403
1772937295.412676,10983.12333969454
1772937295.4126844,-7098.791929335616
1772937295.4126925,-11844.55248638706
1772937295.4127007,2939.6433589920193
1772937295.4127083,16692.920440486094
1772937295.412716,10556.0960746653
1772937295.412724,-6872.445203125497
1772937295.4127316,-11535.910849466332
1772937295.4127393,2989.355936422433
1772937295.4127476,16679.31442360591
1772937295.4127555,10586.681705980542
1772937295.4127634,-7019.301619540872
1772937295.4127712,-11852.701362194983
1772937295.4127789,2985.271228158368
1772937295.4127865,17216.68941944417
1772937295.412794,11029.027231876726
1772937295.412802,-7441.107765087522
1772937295.4128096,-12775.268511733786
1772937295.4128177,2859.681765831941
1772937295.4128256,18326.285624038363
1772937295.4128335,12003.887332436412
1772937295.412841,-8139.605339629164
1772937295.4128487,-14513.166113739946
1772937295.4128566,2480.646951098241
1772937295.4128644,20246.181281894787
1772937295.4128723,13888.824715250756
1772937295.4128797,-9192.235152480856
1772937295.412888,-17697.54172783698
1772937295.4128957,1476.3244175999016
1772937295.4129033,23662.525535884655
1772937295.4129114,17829.000035617464
1772937295.412919,-10779.847651136153
1772937295.412927,-24452.65939419187
1772937295.4129343,-1744.1735254851678
1772937295.4129424,31145.800248872885
1772937295.41295,29790.747150184015
1772937295.412958,-12249.674010769073
1772937295.4129655,-51495.87745493553
1772937295.4637127,4221.115990754515
1772937295.4637327,18337.745912723007
1772937295.463744,10193.607597928682
1772937295.4637542,-10652.083168813468
1772937295.4637644,-17256.615934485093
1772937295.4637735,-50.67380563750863
1772937295.4637835,20574.369147043966
1772937295.9296253,916.0977924769014
1772937295.929662,-2488.468218919087
1772937295.9296885,-1210.9834241534038
1772937295.929715,2926.3790234095845
1772937295.929742,4118.169906025469
1772937295.9297683,718.3437464125326
1772937295.9297953,-2486.985111234711
1772937295.9298215,-1012.7036521274479
1772937295.9298484,3053.5365994468516
1772937295.9298756,4006.8455477189796
1772937295.9299,526.2298269537604
1772937295.9299085,-2495.116360068364
1772937295.9299164,-824.9988809215831
1772937295.9299245,3182.595261136192
1772937295.929932,3904.1798736049127
1772937295.9299405,334.6589630688522
1772937295.9299483,-2512.761203968534
1772937295.9299557,-643.657696615881
1772937295.9299636,3317.1283612633524
1772937295.929972,3810.5064689942087
1772937295.92998,142.5033403344527
1772937295.929988,-2539.7819157756603
1772937295.9299955,-467.49277959836996
1772937295.930004,3457.0082447355658
1772937295.9300115,3723.8332263240627
1772937295.9300191,-51.43046833758359
1772937295.9300272,-2574.018097569949
1772937295.9300349,-292.27210121768246
1772937295.9300425,3604.4006121655457
1772937295.9300504,3642.0997377006256
1772937295.930058,-250.90460890620156
1772937295.9300656,-2616.719324723438
1772937295.9300733,-115.99270602689404
1772937295.9300814,3760.9015338313366
1772937295.9300892,3563.0189090591984
1772937295.930097,-460.8963285331787
1772937295.9301047,-2670.8538067349696
1772937295.9301124,63.25213572464837
1772937295.93012,3931.4340942708286
1772937295.9301276,3490.8179744280733
1772937295.9301353,-678.9792733465302
1772937295.9301429,-2734.2353433775147
1772937295.9301505,247.62545057395286
1772937295.9301581,4115.203199941312
1772937295.9301662,3419.4413147648256
1772937295.930174,-913.6177302878496
1772937295.9301815,-2811.4672864664976
1772937295.9301896,439.0332919331022
1772937295.9301972,4316.2158875036985
1772937295.930205,3349.041779438411
1772937295.9302132,-1167.9464338198895
1772937295.930221,-2902.0883657922427
1772937295.9302285,645.5346440073006
1772937295.9302363,4544.73276333907
1772937295.930244,3282.7920902746614
1772937295.9302516,-1447.7296150954912
1772937295.9302597,-3012.8058174133344
1772937295.9302676,867.0297503993127
1772937295.9302752,4804.762708995242
1772937295.9302833,3220.5652544760296
1772937295.9302907,-1758.5580113296853
1772937295.930298,-3146.0836847543774
1772937295.930306,1110.4200699087876
1772937295.9303136,5105.397097547567
1772937295.9303215,3160.351678772258
1772937295.9303293,-2114.792194954881
1772937295.930337,-3313.723156008213
1772937295.9303448,1379.278456809082
1772937295.9303527,5458.724304862053
1772937295.9303603,3104.836961534716
1772937295.9303684,-2526.409974838516
1772937295.930376,-3519.8797702238126
1772937295.930384,1690.1331029228304
1772937295.9303916,5887.783878143551
1772937295.9303997,3053.6308280748904
1772937295.9304073,-3022.5698182540705
1772937295.930415,-3790.131215940603
1772937295.9304223,2051.9594370263653
1772937295.9304304,6421.740206953944
1772937295.930438,3011.103290060327
1772937295.930446,-3636.8255464040913
1772937295.9304538,-4150.9095886978575
1772937295.9304614,2491.9994895900386
1772937295.930469,7117.754408428113
1772937295.9304767,2988.876495460602
1772937295.9304843,-4428.206375015975
1772937295.930492,-4656.232062780969
1772937295.9304996,3046.7524089404865
1772937295.9305072,8068.667180682284
1772937295.9305148,3002.797475826539
1772937295.9305224,-5509.845704654776
1772937295.93053,-5411.743143243626
1772937295.930538,3787.704919704691
1772937295.9305456,9467.742632760068
1772937295.9305532,3097.6146145517437
1772937295.930561,-7115.12312996435
1772937295.9305687,-6654.189933010775
1772937295.9305763,4870.280226174209
1772937295.930584,11780.864324124615
1772937295.9305916,3407.907516150152
1772937295.9305997,-9841.04239547677
1772937295.9306073,-9066.864602682032
1772937295.9306147,6696.835478948484
1772937295.9306223,16472.38199205502
1772937295.9306302,4475.786650824318
1772937295.930638,-15878.637502468624
1772937295.9306457,-15690.097516615999
1772937295.9306536,10925.875628383212
1772937295.9306612,32234.386003545216
1772937295.9306688,11681.774675862294
1772937295.9306767,-47081.356922579645
1772937295.9306846,-97193.4426374254
1772937296.1384628,-71167.33728173784
1772937296.1384966,-34709.52458453836
1772937296.1385157,5398.213889497812
1772937296.138532,19976.732109774286
1772937296.138553,8576.881101106137
1772937296.138566,-6500.683186029373
1772937296.1385808,-7488.27740756244
1772937296.1385975,2421.4821605252596
1772937296.1386116,8618.82596909863
1772937296.138624,4610.137036850014
1772937296.1386378,-2390.1962409181483
1772937296.138651,-3133.04816910822
1772937296.1386638,2050.085695903351
1772937296.1386771,5555.482321043747
1772937296.1386907,3280.017790255405
1772937296.138704,-898.377059526333
1772937296.138717,-1365.9904020292568
1772937296.13873,1866.17235605217
1772937296.1387424,4095.9052004806426
1772937296.138755,2639.33418675158
1772937296.1387675,-78.76724678652617
1772937296.1387792,-401.702869901544
1772937296.1387913,1718.296236382658
1772937296.1388042,3215.6443715192936
1772937296.1388168,2286.76712399903
1772937296.1388292,479.9626082461012
1772937296.138842,207.110615950017
1772937296.1388547,1565.1229147701563
1772937296.1388667,2597.3633655550034
1772937296.1388795,2083.837986342385
1772937296.138892,920.9134881672219
1772937296.1389046,631.5473700922647
1772937296.1389167,1398.4935132689884
1772937296.13893,2119.781035889366
1772937296.1389427,1975.1237665520543
1772937296.1865954,-75593.6648598567
1772937296.251928,-31258.310953832643
1772937296.2519493,15202.354141642545
1772937296.251962,24121.87843675007
1772937296.2519736,979.9261468637195
1772937296.2519844,-14647.182983018363
1772937296.2519944,225.98930461648246
1772937296.252004,23369.355080316538
1772937296.2520127,15330.097963641523
1772937296.2520216,-30228.502455307247
1772937296.2520308,-74816.79823947835
1772937296.7228744,-5069.670149642614
1772937296.7229166,3435.8382153024313
1772937296.7229435,8267.177497144834
1772937296.7229705,3493.575328486969
1772937296.7229967,-3484.5136965372526
1772937296.7230244,-3140.9661243142227
1772937296.7230532,3355.1727840519534
1772937296.72308,6724.673363954352
1772937296.7231061,2699.2425051203745
1772937296.7231328,-2688.202605522892
1772937296.7231593,-2043.2583200189836
1772937296.723186,3319.9848054884947
1772937296.7231944,5787.434530813342
1772937296.7232027,2191.6331728453333
1772937296.7232113,-2183.5601449134306
1772937296.7232192,-1318.2456183622571
1772937296.7232273,3302.224634770827
1772937296.7232354,5146.352995011088
1772937296.7232432,1835.5139833171747
1772937296.723251,-1824.8527169762583
1772937296.7232592,-791.6658667120931
1772937296.7232673,3292.709944621433
1772937296.7232752,4671.267055544034
1772937296.723283,1566.3800945334078
1772937296.7232907,-1553.0061568422313
1772937296.7232983,-385.6491954865858
1772937296.723306,3287.4740813353806
1772937296.7233136,4299.607983111583
1772937296.723322,1352.239723653296
1772937296.7233298,-1338.1280074193314
1772937296.723338,-60.33670406993386
1772937296.7233455,3283.2011827983256
1772937296.7233534,3996.9519285015913
1772937296.7233613,1177.463946826321
1772937296.723369,-1158.3736924590055
1772937296.7233765,213.21500634875335
1772937296.7233844,3282.2181970400584
1772937296.723392,3743.2073743603287
1772937296.7233996,1028.6182516049519
1772937296.7234073,-1007.5847987360805
1772937296.7234151,444.7018189262152
1772937296.7234228,3279.0538254516086
1772937296.7234309,3521.888904460903
1772937296.7234387,897.5009426764059
1772937296.7234466,-877.4175611755094
1772937296.7234545,647.4981584412335
1772937296.723462,3278.0136895234764
1772937296.7234695,3329.108249861721
1772937296.7234776,783.553436885463
1772937296.7234852,-760.3302195163695
1772937296.723493,829.0656215055259
1772937296.723501,3277.0260689715315
1772937296.7235086,3154.981443497339
1772937296.7235167,679.2156688374887
1772937296.723524,-655.6554502421916
1772937296.7235315,994.4358990769498
1772937296.723539,3278.9655263481436
1772937296.723547,2999.514002384386
1772937296.7235544,585.4219490666846
1772937296.723562,-560.7813110984224
1772937296.7235696,1143.3982974252267
1772937296.7235773,3277.361756659961
1772937296.723585,2853.4217089212902
1772937296.7235923,497.47739115838476
1772937296.7236004,-472.5395724785703
1772937296.723608,1283.077534087288
1772937296.723616,3277.5056009799405
1772937296.7236235,2718.8888909693646
1772937296.7236311,417.4651094302887
1772937296.723639,-387.0983274371529
1772937296.7236464,1416.8229259070877
1772937296.7236543,3278.984437602607
1772937296.723662,2591.753548620775
1772937296.7236695,340.6377146816079
1772937296.7236772,-307.39390511460243
1772937296.7236848,1542.9663148240325
1772937296.723693,3280.0363661057913
1772937296.7237003,2470.8668077863094
1772937296.723708,268.5777228951579
1772937296.7237155,-228.93033171044803
1772937296.7237232,1665.790026098424
1772937296.723731,3280.981803017503
1772937296.723739,2351.801066732778
1772937296.7237463,194.65104864238063
1772937296.7237542,-157.41475968908892
1772937296.7237616,1782.0499103936158
1772937296.7237697,3281.4321570753946
1772937296.7237773,2237.5407879534296
1772937296.7237847,125.38294705394004
1772937296.7237928,-84.56883958499228
1772937296.7238004,1898.1722474113833
1772937296.723808,3283.240247499324
1772937296.7238157,2125.971921425963
1772937296.7238233,57.83974891019892
1772937296.7238312,-11.684428905955516
1772937296.723839,2014.2657755782427
1772937296.7238464,3286.120115442817
1772937296.723854,2015.4229227939313
1772937296.7238617,-10.664045728904195
1772937296.723869,57.89833529892005
1772937296.7238767,2125.9130387034807
1772937296.7238843,3284.601400107857
1772937296.7238925,1901.2614176665993
1772937296.7239,-81.03583001930267
1772937296.7239077,128.18405136925728
1772937296.723915,2240.089148129374
1772937296.7239227,3285.1849669423495
1772937296.7239306,1787.3988753347062
1772937296.7239385,-151.79637400662526
1772937296.723946,199.23074653561181
1772937296.7239535,2355.906185765356
1772937296.7239614,3286.340792678703
1772937296.7239692,1672.690906502842
1772937296.7239769,-222.57196005395846
1772937296.7239845,272.5616200635978
1772937296.7240143,2474.2041943164945
1772937296.7240224,3287.2582095705225
1772937296.7240298,1555.9856067489156
1772937296.7240374,-294.01145289924426
1772937296.724045,343.4721926800271
1772937296.724053,2575.618878508439
1772937297.1611469,2107.8618976279777
1772937297.1611884,1455.295029275165
1772937297.1612167,-930.2381326940425
1772937297.161245,-1687.276943308738
1772937297.1612737,303.09022710611856
1772937297.1613023,2269.457555539586
1772937297.161331,1405.6649465821665
1772937297.1613595,-1128.5388232339062
1772937297.161388,-1758.890799963221
1772937297.1614163,467.72502320138364
1772937297.161445,2450.715254606224
1772937297.1614735,1348.4207849278935
1772937297.161487,-1355.1217285314817
1772937297.161496,-1840.9946219382584
1772937297.1615045,657.2200584438965
1772937297.1615136,2659.7644746161923
1772937297.1615222,1280.0035118244825
1772937297.1615305,-1622.8095806188248
1772937297.16154,-1939.3368033390605
1772937297.1615484,883.3451634850688
1772937297.1615567,2915.2827111209767
1772937297.1615653,1205.7760330530825
1772937297.161574,-1943.550075953565
1772937297.1615825,-2064.992787288674
1772937297.1615908,1151.5983889826891
1772937297.1615992,3229.029571824845
1772937297.1616075,1119.8374857872534
1772937297.161616,-2342.606059406293
1772937297.1616247,-2232.631824730197
1772937297.1616445,1482.1113257987238
1772937297.1616528,3635.58437185655
1772937297.1616611,1024.2419013112237
1772937297.1616695,-2861.8189629981343
1772937297.161678,-2478.2687238915455
1772937297.1616864,1897.7652424020562
1772937297.1616948,4196.413062609518
1772937297.161703,937.2367773982338
1772937297.1617117,-3564.1718429762095
1772937297.1617203,-2871.743009985079
1772937297.161729,2430.468297187727
1772937297.1617377,5036.852349938244
1772937297.161746,926.8899389673239
1772937297.1617544,-4558.865941784952
1772937297.1617627,-3605.0181040847633
1772937297.1617713,3056.118478147248
1772937297.1617796,6416.78785287742
1772937297.161788,1310.6920160943387
1772937297.1617963,-5892.101782872821
1772937297.1618047,-5293.988455014333
1772937297.161813,2939.914834738698
1772937297.1618214,8296.391691305704
1772937297.1618297,4433.8393662201415
1772937297.1618383,-1180.0023557977097
1772937297.1618469,2572.297414672248
1772937297.1618583,12371.493827983855
1772937297.1618695,9880.270197513924
1772937297.161882,-16209.757226566295
1772937297.1619003,-50937.90260263716
1772937297.1619167,-62979.38567038024
1772937297.1619296,-36817.083132389824
1772937297.161944,7840.112087053257
1772937297.1619618,32477.589414059203
1772937297.1619785,16078.594153668491
1772937297.1619906,-25667.452107211553
1772937297.1620033,-55729.71960228377
1772937297.1620216,-47929.995632349965
1772937297.1620371,-5992.741836228632
1772937297.162052,42591.03897265439
1772937297.1620643,67486.298548765
1772937297.162077,55274.15018975014
1772937297.1620955,18497.800679591113
1772937297.162109,-10848.963497401946
1772937297.1621225,-3805.5511947097584
1772937297.1621368,39279.390183809315
1772937297.162147,82834.96319302898
1772937297.162156,83986.14771800718
1772937297.1621647,33879.03984558832
1772937297.1621735,-29697.467274657232
1772937297.162182,-56895.93091040535
1772937297.1621904,-34987.93483596255
1772937297.1621988,935.2120299667085
1772937297.1622093,8706.764949103686
1772937297.1622176,-14468.557742610425
1772937297.1622512,-33206.55296044978
1772937297.1622598,-20311.068421087988
1772937297.162268,8241.451486658701
1772937297.1622772,12640.874424549957
1772937297.1622853,-20348.617586811266
1772937297.1622937,-57708.601266536294
1772937297.162302,-56363.59171153331
1772937297.1623104,-12874.62564173088
1772937297.1623187,32035.010167872086
1772937297.1623268,38700.92921736373
1772937297.1623352,10008.826610688628
1772937297.1623435,-17125.941188164914
1772937297.1623516,-15943.492654357377
1772937297.16236,3823.485922448377
1772937297.1623683,14395.190900261912
1772937297.1623766,5223.092458168007
1772937297.1623847,-8313.909925879992
1772937297.162393,-8477.985708956427
1772937297.1624017,2606.8565912284257
1772937297.1624105,8936.315339848876
1772937297.1624184,3042.6654432967944
1772937297.1624267,-5695.744291683963
1772937297.1624353,-5454.197210099491
1772937297.1624432,2348.418168012995
1772937297.1624515,6503.601788562399
1772937297.16246,1880.8751426682734
1772937297.1624684,-4440.49376721659
1772937297.1624768,-3823.0322176435125
1772937297.162485,2258.677866170331
1772937297.1624932,5124.285684188338
1772937297.1625016,1173.0985567942212
1772937297.16251,-3695.2571858236447
1772937297.1625183,-2803.429742317171
1772937297.1625264,2212.680242160598
1772937297.1625347,4230.610845633809
1772937297.162543,696.8799477539761
1772937297.1625512,-3210.944327869729
1772937297.3080745,-2107.686150930207
1772937297.3081183,2168.186331457403
1772937297.3081484,3583.9562846255153
1772937297.3081636,356.8528596298452
1772937297.3081756,-2828.068422893958
1772937297.3081868,-1592.5833673786894
1772937297.3081968,2140.473524801931
1772937297.308206,3107.2742942525892
1772937297.3082137,105.51010913854931
1772937297.3082228,-2542.31619384634
1772937297.308231,-1196.139609880946
1772937297.3082392,2113.278082913861
1772937297.308247,2729.2463924313283
1772937297.3082557,-92.3249536129199
1772937297.3082633,-2312.219324860199
1772937297.3082712,-878.5824446600667
1772937297.3082795,2088.7354748548273
1772937297.3082883,2421.9213588691064
1772937297.3082972,-250.2504880860094
1772937297.3083048,-2119.4205605888565
1772937297.3083136,-617.2411336987091
1772937297.3083217,2063.1899478475557
1772937297.3083298,2161.4018781773916
1772937297.3083382,-381.9738493159574
1772937297.3083467,-1953.5198171683214
1772937297.3083544,-394.17418833596867
1772937297.308362,2040.881893191127
1772937297.3083699,1939.0938180487758
1772937297.3083775,-491.78426278933443
1772937297.3083856,-1806.628025424739
1772937297.3083932,-200.124016569749
1772937297.308401,2019.513760307774
1772937297.3084087,1743.8247272695648
1772937297.3084188,-585.6997442603887
1772937297.3084311,-1672.8987416016996
1772937297.3084435,-26.676406301967333
1772937297.308452,1994.6329006582987
1772937297.3502226,-62993.4984494665
1772937297.3502438,-45191.12709384537
1772937297.3502555,-16926.015699699074
1772937297.3502665,15493.155942393169
1772937297.3502755,46502.9505769066
1772937297.3502903,65973.30853804405
1772937297.7588985,1135.3135515517938
1772937297.7589364,2819.465913915408
1772937297.7589655,7717.577279858287
1772937297.758992,11179.797835553598
1772937297.759019,10226.149145360856
1772937297.7590456,5786.277090820272
1772937297.7590723,2483.635203480579
1772937297.7590992,4269.113147117229
1772937297.759126,9493.982738084791
1772937297.7591522,11965.334342386677
1772937297.759179,8227.470587352995
1772937297.7592003,2482.4856696022266
1772937297.7592084,2037.5043291856982
1772937297.7592165,8016.431889982007
1772937297.7592247,13194.533429317553
1772937297.7592323,10649.234491768912
1772937297.7592418,2895.9627365329266
1772937297.7592497,-429.99326233325155
1772937297.7592576,5623.910635097116
1772937297.7592657,14383.555788389467
1772937297.7592733,14734.698594295998
1772937297.7592816,4718.669320253326
1772937297.7592895,-4659.96910056085
1772937297.7592976,-1024.1315443059584
1772937297.7593057,14579.98519063885
1772937297.759313,26593.54306227655
1772937297.7593212,20293.195565631166
1772937297.7593288,-1905.2889059816766
1772937297.7593367,-21221.783853027428
1772937297.7593443,-21278.52871306751
1772937297.759352,-5709.5284084417135
1772937297.75936,5577.904739903496
1772937297.759368,-532.7900696836375
1772937297.759376,-13673.472836348003
1772937297.7593837,-12040.838394286873
1772937297.7593915,6915.425475273768
1772937297.7593992,14582.622349600446
1772937297.7594073,-19485.644065252298
1772937297.759415,-83707.7562575051
1772937297.7594223,-120546.90294232372
1772937297.75943,-80753.0450845183
1772937297.7594376,15708.651601474845
1772937297.7594452,84887.5354710153
1772937297.759453,58041.59672667268
1772937297.7594607,-44376.54127313396
1772937297.7594683,-128210.30485991357
1772937297.7594764,-120249.4234727144
1772937297.759484,-40579.549250787604
1772937297.7594917,26788.715359855443
1772937297.7594993,28835.557653628035
1772937297.7595067,-6356.57056739724
1772937297.7595143,-17501.96963315084
1772937297.759522,10076.675293735236
1772937297.7595296,33207.23857421386
1772937297.7595372,16552.891783189454
1772937297.7595448,-16244.789592904106
1772937297.7595525,-15703.785470165096
1772937297.7595603,21357.73094204698
1772937297.7595685,41787.79018343008
1772937297.759576,7934.863879218146
1772937297.7595837,-43220.714349543305
1772937297.7595916,-40321.045443901734
1772937297.7595992,25383.02494986605
1772937297.7596066,73448.18271921168
1772937297.7596145,25473.189613422546
1772937297.759622,-90820.93664206359
1772937297.7596297,-158676.5294041852
1772937297.7596376,-101739.24939217148
1772937297.7596452,25351.578695020868
1772937297.7596529,96522.10289334119
1772937297.7596605,55455.31942036443
1772937297.759668,-28998.330923921316
1772937297.7596755,-54897.629848730445
1772937297.7596834,-9242.939315946713
1772937297.7596912,28170.89669366042
1772937297.759699,-4838.190042812925
1772937297.7597065,-72534.2844363417
1772937297.7597144,-90087.25128935516
1772937297.759722,-33670.00853588629
1772937297.75973,30020.011988123406
1772937297.7597375,28811.339881251806
1772937297.7597451,-26837.309348631232
1772937297.7597532,-62186.17334879383
1772937297.7597609,-33403.51242895702
1772937297.7597685,22991.639874903034
1772937297.759804,41962.60549383181
1772937297.759812,8143.9188004386615
1772937297.7598195,-37988.26517809248
1772937297.7598271,-60753.4224062984
1772937297.7598348,-66972.31720686935
1772937297.7598424,-75091.40679614851
1772937297.75985,-72426.92953927022
1772937297.7598577,-31766.190516681036
1772937297.7598655,33424.560764399335
1772937297.7598732,61691.12674057983
1772937297.759881,11495.007437499737
1772937297.7598886,-76943.62040410323
1772937297.7598963,-113892.81160308758
1772937297.759904,-59314.453876074316
1772937297.7599115,29099.428319783576
1772937297.7599196,61073.3678595091
1772937297.7599273,16120.524266454644
1772937297.759935,-38898.78009539151
1772937297.7599423,-34368.904745152046
1772937297.75995,21444.59182577837
1772937297.7599576,60732.68724615251
1772937297.7599652,42500.24735207423
1772937297.7599728,-3120.975976022454
1772937297.759981,-20757.0716086612
1772937297.7599883,1023.4257418893445
1772937297.759996,24674.909103610604
1772937297.7600036,19571.400113449414
1772937297.7600112,-712.9903689386621
1772937297.7600188,-5087.684619934826
1772937297.7600267,8781.692695742171
1772937297.7600343,14985.57194947834
1772937297.760042,2818.66505833083
1772937297.7600496,-2179.2675997317674
1772937297.7600572,27006.485186945552
1772937297.7600653,74740.38283149603
1772937298.2344632,22419.741268851325
1772937298.2345138,17382.89631807475
1772937298.2345405,-1874.258455947118
1772937298.2345636,-8266.486593201953
1772937298.2345867,6134.883636035319
1772937298.23461,20492.12974264993
1772937298.2346332,15204.80420070006
1772937298.2346568,-1459.3179910288136
1772937298.2346673,-6117.714106431819
1772937298.2346776,7024.710799687073
1772937298.234687,19111.51907481134
1772937298.2346961,13603.325267607996
1772937298.2347052,-1166.1304635854076
1772937298.2347262,-4504.07259609689
1772937298.2347374,7717.856512793353
1772937298.2347512,18064.646609851632
1772937298.2347615,12353.927433952033
1772937298.2347713,-953.795352597373
1772937298.234785,-3232.822080615625
1772937298.2347963,8285.594094088987
1772937298.2348135,17238.753906924765
1772937298.234829,11338.891524914052
1772937298.2348452,-796.215038082486
1772937298.2348614,-2194.219359420208
1772937298.234874,8767.144450042912
1772937298.2348847,16563.717499900835
1772937298.2348952,10482.570222076904
1772937298.2349055,-682.6850938990787
1772937298.234915,-1322.9390303853193
1772937298.2349255,9189.320985417287
1772937298.2349508,16001.092972816661
1772937298.2349596,9743.08869345474
1772937298.2349684,-601.5162419808992
1772937298.2349775,-573.7528749394492
1772937298.2350295,9570.92712124024
1772937298.235038,15525.828238297421
1772937298.2350473,9092.698855648727
1772937298.235056,-544.7639535204605
1772937298.2350645,83.03082521968149
1772937298.235073,9921.345789829535
1772937298.235082,15114.418564791466
1772937298.235091,8505.042083308947
1772937298.2350993,-511.66680555000295
1772937298.235108,667.7605639042529
1772937298.235117,10250.013626220214
1772937298.2351258,14753.485527669642
1772937298.2351344,7963.247016837712
1772937298.2351427,-500.4998420086764
1772937298.2351513,1197.4891660553244
1772937298.2351599,10568.50467942556
1772937298.2351685,14439.794040629253
1772937298.2351768,7461.571552124567
1772937298.2351851,-505.2683469356839
1772937298.235194,1685.5862743824655
1772937298.2352023,10880.569815304912
1772937298.235211,14160.821833993048
1772937298.2352197,6983.893818646543
1772937298.235228,-529.6109258671161
1772937298.2352364,2141.062822225265
1772937298.2352448,11193.60023277753
1772937298.235253,13912.310594952034
1772937298.2352617,6519.87610736341
1772937298.2352703,-577.826059197274
1772937298.235279,2568.3681473142583
1772937298.2352877,11512.070678098708
1772937298.2352965,13691.874701026723
1772937298.2353048,6065.269692085205
1772937298.2353132,-645.8988869123538
1772937298.2353218,2980.309870782182
1772937298.2353303,11845.455043932974
1772937298.2353387,13494.537375854972
1772937298.2353475,5604.386844203644
1772937298.2353563,-745.2778568204343
1772937298.2353654,3378.5299675552733
1772937298.235374,12201.671088158699
1772937298.2353828,13322.412206945986
1772937298.2353911,5133.180777784147
1772937298.2353995,-874.105433269646
1772937298.235408,3777.431985430095
1772937298.2354164,12596.054434750287
1772937298.235427,13173.70519185634
1772937298.2354407,4632.115322783541
1772937298.2354548,-1048.7974357189225
1772937298.2354665,4181.118066238746
1772937298.2354753,13043.83038174874
1772937298.235484,13050.093050917078
1772937298.2354927,4084.239986034888
1772937298.2355013,-1279.617086193679
1772937298.2355096,4607.9749991769195
1772937298.2355185,13574.428487428811
1772937298.2355268,12951.005173630789
1772937298.2355354,3450.9974893072585
1772937298.235544,-1597.29874099884
1772937298.2355533,5079.303979900744
1772937298.2355616,14237.521550631001
1772937298.23557,12883.837341289312
1772937298.2355788,2677.710750066757
1772937298.2355871,-2043.881306641668
1772937298.2355957,5641.665322834855
1772937298.23561,15122.857621218116
1772937298.2356236,12848.731265916706
1772937298.235636,1641.7514996645768
1772937298.2356443,-2707.3929160853477
1772937298.2356532,6402.006752399
1772937298.2356615,16430.05493331633
1772937298.23567,12834.711897451582
1772937298.235679,42.874950021535156
1772937298.2356873,-3789.98293124485
1772937298.235696,7671.332808141107
1772937298.2357044,18707.19154339809
1772937298.235713,12746.513996548329
1772937298.2357216,-3119.063266998723
1772937298.2357302,-5905.688251172978
1772937298.2357397,10819.108191706782
1772937298.235748,24313.41509490479
1772937298.2357569,11684.54599861541
1772937298.2357657,-14361.441508391748
1772937298.2357748,-13250.187743738614
1772937298.2357833,34162.51965905307
1772937298.2357917,93092.40747794653
1772937298.71591,3.337221924100879
1772937298.7159584,2.8005469057842682
1772937298.7159915,2.3319465076882873
1772937298.7160258,2.140335619679335
1772937298.7160604,2.1952526576488918
1772937298.7160995,2.45998631729792
1772937298.7161283,2.8849156121938075
1772937298.716157,3.2778751547442777
1772937298.7161856,3.400465111270893
1772937298.716215,3.23159391728079
1772937298.7162275,2.9923049003105064
1772937298.7162397,2.8412617350053115
1772937298.716252,2.675278535992188
1772937298.71627,2.3663676039629555
1772937298.7162805,2.11234438762045
1772937298.7162912,2.3283022577556367
1772937298.7163036,3.110160904433141
1772937298.7163155,3.966372324297945
1772937298.7163277,4.262970395554838
1772937298.7163396,3.910878416318401
1772937298.7163515,3.4578696920702137
1772937298.7163634,3.462257575455722
1772937298.716375,3.907718645673057
1772937298.7163873,4.324554997161517
1772937298.7163987,4.374558844783648
1772937298.7164109,4.150420924084346
1772937298.7164226,3.9359381001551066
1772937298.7164345,3.892122307740074
1772937298.7164462,4.084204928929173
1772937298.716458,4.632806000645464
1772937298.7164705,5.577647268497147
1772937298.716482,6.590634122358621
1772937298.716494,7.089985428473314
1772937298.716506,6.839754703149878
1772937298.7165177,6.342169895951578
1772937298.71653,6.409962945762623
1772937298.716542,7.3015746307094735
1772937298.7165544,8.435407201227667
1772937298.7165673,9.051406056430748
1772937298.7165797,9.026459321299393
1772937298.7165911,8.877977603509278
1772937298.7166033,9.03592882058494
1772937298.716615,9.35321623523127
1772937298.716627,9.420619075800206
1772937298.7166388,9.164771828106117
1772937298.7166507,8.913857566991519
1772937298.716663,8.93379073248112
1772937298.7166748,9.153873824854529
1772937298.7166867,9.427113714715574
1772937298.716699,9.824897094905024
1772937298.7167108,10.433263941274307
1772937298.7167227,10.955440985372105
1772937298.716735,10.853371054176467
1772937298.7167466,10.037913481227406
1772937298.716758,9.209021633803827
1772937298.71677,9.229954539910063
1772937298.716782,10.168425606046439
1772937298.7167943,11.189609678974929
1772937298.7168057,11.494006423013136
1772937298.7168176,11.182307223792572
1772937298.7168295,11.023610969460597
1772937298.7168407,11.494016539267639
1772937298.716863,12.314473425754674
1772937298.7168744,12.96055277261809
1772937298.7168863,13.333882924026705
1772937298.716899,13.706534365263243
1772937298.7169108,14.170834503364135
1772937298.7169223,14.494323918895889
1772937298.716934,14.575670443077646
1772937298.716946,14.72712989873738
1772937298.7169576,15.256628763255838
1772937298.7169695,15.945240670505541
1772937298.7169812,16.297514632753263
1772937298.716993,16.330886941310602
1772937298.7170048,16.73000369027908
1772937298.7170167,17.931605011727665
1772937298.7170289,19.273926599081417
1772937298.7170408,19.508123448135006
1772937298.7170525,18.254514796819176
1772937298.7170644,16.592527920819236
1772937298.7170763,15.911452236715377
1772937298.7170877,16.367371137628286
1772937298.7170992,16.872424465024682
1772937298.717111,16.604161531131865
1772937298.7171228,16.05550569198834
1772937298.7171352,16.275384893173662
1772937298.717147,17.369613551970854
1772937298.717159,18.303397655536173
1772937298.717171,18.25747994425709
1772937298.7171829,17.672156860102735
1772937298.7171948,17.562859802707283
1772937298.7172065,18.089520216101935
1772937298.717218,18.390635307065736
1772937298.7172298,17.907079526363713
1772937298.7172415,17.298127918261198
1772937298.7172534,17.592614952921064
1772937298.717265,18.722402659236252
1772937298.717277,19.53548749133586
1772937298.7172885,19.353829457537532
1772937298.7172997,18.913796625549207
1772937298.717311,19.308735087727634
1772937298.717322,20.380183750920253
1772937298.7173345,20.895803371401833
1772937298.717346,20.374926601792794
1772937298.7173584,19.95046289709244
1772937298.7173703,20.836395820783487
1772937298.717382,22.423744554817386
1772937298.7173939,22.87835407164166
1772937298.7174058,21.758817066336025
1772937298.7174225,21.015969552829162
1772937298.717434,22.504198717911223
1772937298.7174456,25.025809752731025
1772937298.7174573,25.286658582763543
1772937298.7174687,22.324427439855423
1772937298.7174852,19.751387537436823
1772937298.7174969,21.879606414929658
1772937298.7175088,27.40571376659802
1772937298.7175207,28.543853177704943
1772937298.7175448,18.130477789944038
1772937298.7175567,-2.24988294605549
1772937298.8583157,18.314606283030532
1772937298.85836,18.956588510315758
1772937298.8583827,18.382964856628234
1772937298.8583975,17.332365752008904
1772937298.8584108,16.953908648552854
1772937298.858424,17.39908836881422
1772937298.8584332,17.792988772444076
1772937298.8584414,17.586950443083204
1772937298.8584497,17.39322611295325
1772937298.8584585,18.102657265994647
1772937298.8584669,19.494692845411766
1772937298.8584752,20.338245727114934
1772937298.8584833,19.961976528140315
1772937298.8584917,19.17023001711666
1772937298.8584993,19.180913104504647
1772937298.8585083,19.989385652924998
1772937298.8585165,20.442475083960122
1772937298.858524,19.970503916596364
1772937298.8585322,19.521673321085938
1772937298.8585403,20.241942500662198
1772937298.858548,21.668729259371947
1772937298.8585563,22.141161058616994
1772937298.8585644,21.144336858281452
1772937298.8585725,20.327022754682517
1772937298.85858,21.37585153400569
1772937298.858588,23.343775863657775
1772937298.8585958,23.40379009755597
1772937298.8586037,20.763389132476192
1772937298.858611,18.703216910324652
1772937298.858619,21.11636471800417
1772937298.8586268,26.76774343101343
1772937298.8586345,28.434537625214368
1772937298.858642,19.358362980028193
1772937298.85865,0.784194591466493
1772937299.0339558,63057.44601523961
1772937299.0339854,47291.12534081141
1772937299.0339968,13619.408379246526
1772937299.0340073,-10944.803623219788
1772937299.0340161,-12332.781262494676
1772937299.034025,21.401828699089457
1772937299.0340343,7523.235267351751
1772937299.0340433,3083.2000670989128
1772937299.0340521,-4792.137051466618
1772937299.0340612,-5692.332443400394
1772937299.034073,22.447039347411003
1772937299.0340889,3896.724425376863
1772937299.0341012,1320.1677003114187
1772937299.03411,-3367.086887829211
1772937299.034119,-3786.554027615883
1772937299.034128,22.94606595922986
1772937299.034137,2529.7135058815165
1772937299.0341456,591.0042686456665
1772937299.0341544,-2727.4082961202944
1772937299.0341637,-2874.452457053815
1772937299.034172,26.49085290130998
1772937299.0341804,1810.9229210111841
1772937299.0341892,192.24727144263173
1772937299.0341973,-2361.1317710929484
1772937299.0342057,-2337.0332635158443
1772937299.034214,27.464607236777468
1772937299.0342224,1361.0413238203507
1772937299.0342307,-66.04901867383498
1772937299.0342393,-2127.8379240465797
1772937299.034248,-1983.7978102891632
1772937299.0342565,28.579818746314064
1772937299.0342648,1054.7415524253147
1772937299.034273,-248.5668023309529
1772937299.0342813,-1980.6180322392806
1772937299.2680051,77495.36974312521
1772937299.268059,36154.501639855545
1772937299.2680924,-6189.960082689075
1772937299.2681043,-14759.651949217707
1772937299.2681155,4909.42734681499
1772937299.2681265,16199.665000235786
1772937299.2681365,-4796.814228230426
1772937299.2681465,-42156.91747719302
1772937299.2681568,-60059.45893307326
1772937299.2681663,-44262.34143164904
1772937299.2681756,-16086.580173174321
1772937299.2681844,-5224.801140298231
1772937299.2681935,-16617.87394012654
1772937299.2682045,-29998.888428796326
1772937299.268214,-28118.446534756415
1772937299.2682228,-16350.361597404353
1772937299.268232,-11669.608749845345
1772937299.2682414,-19190.326936802514
1772937299.2682505,-27345.382060796204
1772937299.268259,-25272.63064659445
1772937299.2682674,-17119.223487941937
1772937299.2682765,-14826.684595727194
1772937299.2682855,-21170.474886234428
1772937299.268294,-26719.33333694635
1772937299.268303,-23727.83070710109
1772937299.2683113,-16796.13685655887
1772937299.2683196,-15816.047682747521
1772937299.268328,-21872.166345129317
1772937299.2683368,-26038.17413943931
1772937299.268345,-22323.236295206716
1772937299.2683537,-16173.083465847027
1772937299.2683623,-16542.214479639155
1772937299.2683709,-22933.660970171735
1772937299.2683797,-25984.99070360621
1772937299.2683885,-21008.192940264373
1772937299.2683969,-15205.634127122496
1772937299.2684057,-17652.511065870818
1772937299.2684307,-25585.290223241245
1772937299.2684393,-26974.391296294856
1772937299.2684476,-17566.697924139946
1772937299.2684584,-9461.782780939759
1772937299.2684712,-17514.471135884716
1772937299.2684846,-39027.127897243736
1772937299.2684963,-53075.175948776574
1772937299.3974516,28044.146466317194
1772937299.3974745,20330.67024768597
1772937299.3974862,6858.60421961805
1772937299.3974955,-2462.8292639882975
1772937299.3975046,-3558.117573437647
1772937299.3975136,1080.8034469869658
1772937299.397522,6111.618783676759
1772937299.3975313,7316.044416591956
1772937299.3975396,3939.4604696815286
1772937299.3975475,-823.4252957163935
1772937299.3975556,-1997.4838389621145
1772937299.3975637,2455.962786108234
1772937299.397572,8299.166619175294
1772937299.3975804,8222.974116989199
1772937299.3975887,464.6793106033821
1772937299.3975968,-6683.389840030635
1772937299.3976057,-2497.2503751924655
1772937299.3976135,12022.714376464626
1772937299.3976219,20068.867028734774
1772937299.3976295,3917.1865264284447
1772937299.3976371,-33986.04129223737
1772937299.3976455,-67563.26352374774
1772937299.5480187,4338.891114428684
1772937299.5480568,1139.6518749820757
1772937299.548089,-1814.6831914256331
1772937299.5481017,-593.9149192549359
1772937299.5481138,3175.768996991918
1772937299.5481288,4462.538366077132
1772937299.5481417,1516.806010733105
1772937299.5481539,-1755.9621678218325
1772937299.548162,-946.9738531480376
1772937299.5481703,2942.531457075228
1772937299.548179,4724.308567211019
1772937299.5481865,1910.3000627898311
1772937299.5481944,-1834.0457729586317
1772937299.5482025,-1432.05066949132
1772937299.5482104,2762.8497535945426
1772937299.5482185,5190.483539382457
1772937299.5482264,2402.0402484447645
1772937299.5482345,-2091.9736155907917
1772937299.548242,-2185.272727258689
1772937299.5482495,2605.322506843202
1772937299.5482576,6023.5234097415
1772937299.5482657,3144.465155069055
1772937299.5482736,-2655.2337195995246
1772937299.548282,-3519.1820143127024
1772937299.5482895,2427.3365936773343
1772937299.5482974,7671.610101324925
1772937299.5483053,4553.345183303464
1772937299.548313,-3923.7932114748955
1772937299.548321,-6464.937154485799
1772937299.5483286,2066.3502983721755
1772937299.5483365,11913.640346900651
1772937299.548344,8579.581311236729
1772937299.5483515,-7829.59875116159
1772937299.5483594,-17693.3780535843
1772937299.5483673,-882.9661546506677
1772937299.5483754,39013.61274651663
1772937299.5483835,73100.8359733705
1772937299.7860444,1065.322520662521
1772937299.7861319,2045.6375505018384
1772937299.7861648,1929.7633802850348
1772937299.7861795,933.7192872572334
1772937299.7861931,513.5913736835705
1772937299.7862065,1240.8293284916144
1772937299.7862163,2023.115610393715
1772937299.7862267,1736.1808152550784
1772937299.786236,841.3358893109444
1772937299.7862468,660.2640346448459
1772937299.7862556,1428.283607937181
1772937299.786264,1986.7992988405376
1772937299.786273,1521.1873319091947
1772937299.7862816,752.28733669376
1772937299.786291,836.533703548789
1772937299.7862997,1633.9835724843108
1772937299.7863083,1928.7052967726463
1772937299.7863169,1268.427154012223
1772937299.7863257,659.8660583534341
1772937299.786335,1050.506786794777
1772937299.786344,1864.273515129975
1772937299.7863524,1838.1476647554553
1772937299.7863607,961.5790281846276
1772937299.7863696,569.1233071126766
1772937299.786378,1332.6803928901288
1772937299.7863867,2143.0550318468854
1772937299.7863953,1702.7201871146337
1772937299.7864037,568.5623534916493
1772937299.7864125,475.6310097448325
1772937299.786421,1718.8075842816597
1772937299.7864296,2496.6207822363303
1772937299.786438,1489.7537477157907
1772937299.7864463,27.517306281985018
1772937299.786455,374.6939684582553
1772937299.7864633,2285.3317596417305
1772937299.7864716,2986.0417418292704
1772937299.78648,1141.5817996169487
1772937299.7864885,-785.2955188538447
1772937299.786497,255.96644933695254
1772937299.786506,3197.313346119133
1772937299.7865405,3747.2232255007875
1772937299.7865496,518.9548146171617
1772937299.7865589,-2179.2966447571175
1772937299.7865674,88.52304536033981
1772937299.7865758,4908.092556623045
1772937299.7866032,5193.056838128131
1772937299.786612,-778.3260485458002
1772937299.7866201,-5177.766679403082
1772937299.7866287,-282.18654599536023
1772937299.7866373,9193.80662807962
1772937299.7866457,9260.875471649555
1772937299.786718,-4696.574892937725
1772937299.7867267,-16458.796806684157
1772937299.7867353,-3262.8599573935803
1772937299.7867436,36317.81766580217
1772937299.7867522,73827.42310368727
1772937300.0309703,8822.734420097497
1772937300.0310073,-27838.260382395933
1772937300.0310335,-44730.7602075652
1772937300.03106,-27514.03902679359
1772937300.0310872,5439.910521081463
1772937300.031109,22971.229423652203
1772937300.031118,13973.105142966395
1772937300.0311265,-3894.6019158220533
1772937300.031135,-7745.459503112896
1772937300.031143,4283.999836574322
1772937300.0311513,14564.773967785311
1772937300.0311596,10307.329199191094
1772937300.0311692,-1194.0742309827153
1772937300.0311775,-4157.462556625663
1772937300.0311856,4511.187093962208
1772937300.0311935,12337.856510438725
1772937300.0312011,8924.182129206498
1772937300.0312097,-415.9058213356044
1772937300.031218,-2726.6310807443456
1772937300.0312257,4777.785715897379
1772937300.0312335,11446.516361150118
1772937300.0312417,8195.902493649624
1772937300.0312495,-190.69175649079588
1772937300.0312576,-2037.4401613883674
1772937300.0312655,5045.638501190012
1772937300.0312736,11096.198088064377
1772937300.0312817,7752.969805539875
1772937300.0312896,-230.36889939894715
1772937300.0312972,-1715.650336742577
1772937300.0313053,5330.313271443639
1772937300.0313132,11060.372371371039
1772937300.0313213,7467.615022369545
1772937300.031329,-457.4218456215207
1772937300.0313365,-1638.2391783963383
1772937300.0313444,5649.885174850661
1772937300.0313518,11272.527433250194
1772937300.0313597,7288.199760298405
1772937300.0313673,-869.164342172293
1772937300.0313752,-1774.9591568714827
1772937300.031383,6036.45767440562
1772937300.031391,11754.208130467416
1772937300.0314033,7200.697365713855
1772937300.0314136,-1524.1857860392734
1772937300.0314243,-2169.274488201666
1772937300.0314348,6541.442656355092
1772937300.0314455,12617.961482021567
1772937300.0314565,7220.112597781327
1772937300.0314665,-2580.1816560506422
1772937300.0314777,-2966.7849359492493
1772937300.03149,7291.79889309688
1772937300.0315027,14185.754422331647
1772937300.031514,7400.5617969562545
1772937300.031522,-4499.689339538905
1772937300.03153,-4612.789967744854
1772937300.0315375,8700.347495026659
1772937300.0315456,17531.915076842233
1772937300.0315533,7840.984572800169
1772937300.031561,-9235.95913962737
1772937300.0315685,-8876.77736800458
1772937300.0315762,13705.33088029269
1772937300.031584,29727.143472104348
1772937300.0315917,5147.3437671416905
1772937300.0315993,-58396.42485747376
1772937300.047017,-117842.76534611557
1772937300.079162,-127688.92389924146
1772937300.3384604,-87798.32171170408
1772937300.3385053,-21917.473994731597
1772937300.3385367,20567.081229130465
1772937300.3385608,21905.92769439636
1772937300.338574,1787.7575497933826
1772937300.3385863,-9776.828308557226
1772937300.3386,-2880.7423707968987
1772937300.3386135,9129.751281938916
1772937300.3386269,10833.375197467365
1772937300.3386393,2548.6270432063097
1772937300.3386514,-3652.4320965508027
1772937300.3386629,-567.0860706920785
1772937300.3386755,6442.880293569378
1772937300.338688,8061.987714452212
1772937300.338699,3010.5339619671436
1772937300.338712,-1507.156458772526
1772937300.3387246,167.43416950319894
1772937300.3387356,5256.080473840027
1772937300.3387475,6930.464019824259
1772937300.3387604,3333.138778688211
1772937300.3387723,-491.32664688583327
1772937300.3387835,426.80371761384583
1772937300.3387952,4608.737286137218
1772937300.3388057,6421.794633877833
1772937300.3388157,3593.4033623135574
1772937300.3388257,21.532825948900545
1772937300.3388364,453.2827984423847
1772937300.3388476,4224.092897818553
1772937300.33886,6251.123846148103
1772937300.3388717,3835.2306759115213
1772937300.3388813,237.95366291686543
1772937300.3388891,314.9508456632127
1772937300.3388972,4000.641837048418
1772937300.338905,6333.7659323907965
1772937300.3389137,4089.666649784228
1772937300.3389213,217.08482058956452
1772937300.3389294,4.2987696610938295
1772937300.3389373,3903.680692282835
1772937300.338945,6686.304823806252
1772937300.3389525,4392.7598824368115
1772937300.3389604,-76.63304979160289
1772937300.3389685,-558.1855990239152
1772937300.3389764,3957.069971512499
1772937300.338984,7466.2540306294895
1772937300.338992,4819.85921685732
1772937300.339,-845.6015074929861
1772937300.339008,-1649.6006416971186
1772937300.3390157,4283.57252179041
1772937300.3390234,9240.602216008683
1772937300.3390312,5602.836798755939
1772937300.3390388,-2967.835835126072
1772937300.3390465,-4515.926238896544
1772937300.3390546,5610.941472930478
1772937300.3390622,15747.036584229632
1772937300.33907,8944.78922064777
1772937300.3390777,-16828.118023046027
1772937300.3390856,-43440.77758694702
1772937300.555055,835.3938407018711
1772937300.555091,3898.511938554109
1772937300.555117,5210.431638913165
1772937300.5551314,2702.381011387479
1772937300.55514,-401.56469206425527
1772937300.5551488,331.80404914114763
1772937300.5551572,4270.744318310308
1772937300.5551662,6054.005893791069
1772937300.5551748,2811.4183548509163
1772937300.5551832,-1351.4287125251833
1772937300.5551913,-436.80655903712824
1772937300.5551996,4933.865339531965
1772937300.5552075,7481.079600654735
1772937300.5552154,2954.6847547580282
1772937300.5552237,-3110.3526080583056
1772937300.5552318,-1880.4017103059596
1772937300.5552402,6290.315317548953
1772937300.555248,10517.112769142454
1772937300.555256,3286.4921354389303
1772937300.555264,-7458.870319571479
1772937300.5552716,-5942.793675245007
1772937300.5552795,10281.998582522892
1772937300.5552871,21840.260649515472
1772937300.555295,6217.958721000977
1772937300.5553029,-34652.82462307168
1772937300.5553105,-70494.13178728253
1772937300.5553184,-70574.68455906805
1772937300.555326,-34768.450686433156
1772937300.5553336,6251.402609892309
1772937300.5553415,21978.836031373277
1772937300.555349,10315.092150706429
1772937300.5553567,-6069.279320608718
1772937300.5553648,-7549.343778270602
1772937300.5553725,3385.3221533881406
1772937300.5553806,10672.25213685966
1772937300.5553885,6268.426495153558
1772937300.555396,-2056.9083435377534
1772937300.555404,-3176.2639067037526
1772937300.5554116,3117.626175379705
1772937300.5554192,7648.6501303540235
1772937300.5554273,4853.878863346765
1772937300.555435,-660.96397244782
1772937300.5554428,-1390.1268053913209
1772937300.5554504,3025.2497825535443
1772937300.7207594,79624.90163714597
1772937300.7208033,41558.20195529116
1772937300.720815,-6038.161588982144
1772937300.720826,-23639.184136167183
1772937300.7208383,-6798.885814641491
1772937300.7208476,14595.190684446825
1772937300.7208574,14134.701919733754
1772937300.720867,-2910.3459999892916
1772937300.720876,-12087.708102404815
1772937300.7208853,-2812.981240941494
1772937300.7208948,10440.407245040795
1772937300.720904,9774.648467765346
1772937300.720913,-2601.3555558841626
1772937300.7209218,-9161.523822443169
1772937300.720931,-1460.209876202635
1772937300.72094,9244.807496046395
1772937300.7209487,8221.58001592511
1772937300.7209575,-2703.1109725348
1772937300.720966,-8234.340608685274
1772937300.7209747,-814.333733720724
1772937300.7209833,9170.59274074428
1772937300.7209918,7803.786852298404
1772937300.721001,-3165.301745397051
1772937300.7210095,-8542.390919859237
1772937300.721018,-497.80999744443085
1772937300.7210264,10230.204240184128
1772937300.721035,8461.039036433534
1772937300.7210436,-4349.624951052552
1772937300.721052,-10788.482667835877
1772937300.721061,-536.7671395729091
1772937300.7210693,14040.596226380183
1772937300.721078,11958.73951732681
1772937300.7210867,-8173.911245160949
1772937300.721095,-21505.098691209507
1772937300.721104,-3277.252695948496
1772937300.7211125,40789.40863298124
1772937300.7369072,76081.54410566276
1772937301.1926413,10000.707034118263
1772937301.1926804,6747.893214711456
1772937301.1927066,-10245.159054700402
1772937301.192733,-24978.89265892391
1772937301.1927598,-18777.10094801719
1772937301.1927867,5991.713837132462
1772937301.1928132,24033.434227125457
1772937301.1928396,14135.293432166534
1772937301.1928663,-14732.554490994668
1772937301.1928923,-31323.38891362288
1772937301.1929193,-17660.85418996738
1772937301.192946,9692.53608643831
1772937301.1929586,19514.98706022632
1772937301.1929667,3529.97223474593
1772937301.1929755,-14712.303567061235
1772937301.1929836,-10828.628349426974
1772937301.1929913,8985.36665360304
1772937301.1929991,16676.54842582577
1772937301.1930072,296.225064898289
1772937301.193015,-18390.435208150462
1772937301.1930232,-11248.5836774768
1772937301.1930313,17639.029805486443
1772937301.193039,32641.421446618562
1772937301.193047,8834.820936901853
1772937301.193055,-35191.89026176484
1772937301.193063,-55539.1189580319
1772937301.193071,-31971.681492401654
1772937301.1930788,10126.732336709929
1772937301.1930866,29701.387606900775
1772937301.1930945,14894.902529262989
1772937301.1931026,-9131.682765057842
1772937301.1931105,-14059.7252566037
1772937301.193118,36.870448289804685
1772937301.193126,11164.58972702192
1772937301.1931336,6045.803773256709
1772937301.1931412,-5552.330320558567
1772937301.193149,-7371.632854460348
1772937301.1931567,1464.3753752183122
1772937301.1931643,7675.106545400042
1772937301.1931725,3247.444156926791
1772937301.19318,-4600.782317134276
1772937301.193188,-4841.776878392558
1772937301.1931956,2115.1524273435425
1772937301.1932037,6100.67486922568
1772937301.1932113,1888.6902222080362
1772937301.1932192,-4093.278167920055
1772937301.1932273,-3468.8067635653174
1772937301.193235,2456.982854211076
1772937301.1932425,5152.776033914065
1772937301.1932504,1073.9128638900713
1772937301.193258,-3746.9420547716854
1772937301.193266,-2577.291766920781
1772937301.1932735,2662.903291569802
1772937301.1932812,4496.59536845786
1772937301.193289,522.378679287577
1772937301.1932964,-3481.835022236191
1772937301.1933043,-1935.3826176178363
1772937301.1933117,2795.342023634987
1772937301.1933196,3996.773984255815
1772937301.1933274,113.91296501031518
1772937301.1933353,-3265.125313413842
1772937301.193343,-1436.1301366311004
1772937301.1933508,2890.3280864676444
1772937301.1933587,3596.4326998547645
1772937301.1933665,-205.64463733368274
1772937301.1933744,-3080.1260356425223
1772937301.1933823,-1028.4273481401308
1772937301.19339,2960.690971853042
1772937301.193398,3259.1067618658385
1772937301.1934056,-470.0436465953738
1772937301.1934133,-2919.636872312665
1772937301.1934211,-684.1401447938797
1772937301.1934288,3013.7346830787033
1772937301.1934366,2964.4516263870214
1772937301.1934445,-696.6093550328729
1772937301.1934521,-2774.8306715753574
1772937301.19346,-380.6239485303071
1772937301.193468,3059.2698795804595
1772937301.193476,2703.849909949712
1772937301.1934836,-894.0798327668565
1772937301.1934915,-2640.1199943295846
1772937301.193499,-105.58486048366456
1772937301.1935067,3099.567470000038
1772937301.1935148,2466.4551812867953
1772937301.1935225,-1073.9296755972473
1772937301.19353,-2517.7938742610454
1772937301.193538,143.07203917289524
1772937301.1935458,3130.810525244676
1772937301.1935537,2242.359723610878
1772937301.1935613,-1241.5259895522454
1772937301.1935687,-2401.1519791350215
1772937301.1935768,379.23321148598194
1772937301.1935844,3163.403344088
1772937301.193592,2034.4140009591579
1772937301.1935997,-1396.9903527601286
1772937301.1936073,-2289.0372196323874
1772937301.1936152,602.8474328555278
1772937301.1936228,3191.4656622515286
1772937301.1936307,1832.383317772057
1772937301.1936383,-1547.4212902126453
1772937301.193646,-2180.403581517671
1772937301.1936538,819.9421381530494
1772937301.1936617,3218.947296896511
1772937301.193669,1635.4467808020088
1772937301.1936767,-1694.9721902858066
1772937301.1936843,-2075.1108087255793
1772937301.1936922,1031.8289871488753
1772937301.1937,3244.9163274896855
1772937301.1937077,1440.449208086007
1772937301.1937153,-1840.8773459026172
1772937301.1937234,-1969.5910786491213
1772937301.193731,1244.3910240978487
1772937301.1937387,3272.4870892858135
1772937301.1937466,1246.129224787563
1772937301.193755,-1987.2892571205684
1772937301.1937625,-1862.9595568736372
1772937301.1937704,1460.8998960018214
1772937301.193778,3302.024825048855
1772937301.193786,1043.3249204143156
1772937301.1937935,-2158.7021563383378
1772937301.3823798,-1765.341469542997
1772937301.3824325,1663.783815624565
1772937301.3824592,3313.4148350596934
1772937301.382486,834.5229538233127
1772937301.3824964,-2297.4423620295042
1772937301.3825047,-1651.6200960632498
1772937301.3825133,1894.608043662869
1772937301.382522,3347.1331381592017
1772937301.382532,626.2800168085699
1772937301.3825405,-2456.745940439665
1772937301.3825493,-1534.8185625864623
1772937301.3825572,2132.5260619695414
1772937301.3825655,3376.876121781235
1772937301.3825736,400.43787668706364
1772937301.3825817,-2629.575250101886
1772937301.382589,-1411.2284570649933
1772937301.3825974,2388.9064499574256
1772937301.3826053,3412.501574568727
1772937301.3826132,160.82060647930578
1772937301.3826208,-2814.4172469851023
1772937301.3826284,-1277.1323434466317
1772937301.3826363,2666.9753073295296
1772937301.3826447,3450.081693548819
1772937301.3826523,-103.53010029981122
1772937301.38266,-3019.4875456233394
1772937301.3826685,-1129.4933316537133
1772937301.382676,2977.0510368946425
1772937301.3826838,3495.072133858033
1772937301.3826916,-396.841587996264
1772937301.3826993,-3250.1923495082374
1772937301.3827069,-965.7358958094782
1772937301.3827145,3325.084521428225
1772937301.3827224,3543.6774009255496
1772937301.38273,-734.4222188383844
1772937301.3827376,-3517.1570741594414
1772937301.3827455,-777.0486561845532
1772937301.3827536,3731.136024851814
1772937301.3827612,3603.808985913353
1772937301.382769,-1128.4908471694403
1772937301.3827767,-3832.7632086848207
1772937301.3827848,-554.5697562593706
1772937301.3827946,4215.921072784258
1772937301.3828073,3676.9859504406527
1772937301.3828185,-1606.2735470594214
1772937301.3828266,-4224.503328052764
1772937301.5450344,-74988.68287250226
1772937301.5450535,-29439.645946347588
1772937301.545064,13353.009818620094
1772937301.5450735,19801.86716290483
1772937301.5450823,427.75172600309367
1772937301.545092,-10838.693636308562
1772937301.5451007,-757.2956682748012
1772937301.5451095,11971.89359799969
1772937301.5451176,7770.638881520286
1772937301.5451255,-6026.650081552018
1772937301.545135,-7713.592202434428
1772937301.545143,6096.633662357171
1772937301.5451508,14855.126570774057
1772937301.5451589,3835.631002790481
1772937301.545167,-12774.759053376243
1772937301.545175,-9557.07572626985
1772937301.545183,13653.61122269609
1772937301.5451913,26321.85838176764
1772937301.545199,3264.2262584264818
1772937301.5452065,-42454.80801658939
1772937301.5452144,-71896.47575494587
1772937301.8824515,82609.25488164312
1772937301.999935,1153.6368643360377
1772937301.9999716,4961.57497343175
1772937301.9999857,2484.5397306223954
1772937301.9999986,-2790.953110021633
1772937302.000009,-3645.569730505458
1772937302.0000193,1070.8006596124042
1772937302.000029,4918.862853556526
1772937302.0000408,2599.457883139895
1772937302.0000508,-2820.9321355757193
1772937302.0000598,-3939.909153246443
1772937302.0000696,968.0659077567309
1772937302.000079,5369.377851153433
1772937302.0000877,3074.4078079954515
1772937302.0001502,-3187.2693075643847
1772937302.0001583,-4914.942126271729
1772937302.000167,814.9980329571827
1772937302.000176,6701.5257917240915
1772937302.0001843,4283.755842132265
1772937302.0001934,-4269.111824773446
1772937302.000203,-7563.597956147345
1772937302.0002112,446.1487058658215
1772937302.00022,10654.652558215459
1772937302.000229,8153.195718891812
1772937302.000238,-7984.29185036083
1772937302.0002463,-18532.668901492838
1772937302.0002549,-2549.814721394337
1772937302.0002632,37454.89102919181
1772937302.0002716,72518.98050698871
1772937302.3913908,716.2135469833613
1772937302.3914328,1523.0785580905433
1772937302.3914652,2208.501589134272
1772937302.391496,1805.9724706068598
1772937302.3915234,943.9760332277683
1772937302.3915572,874.8835612663655
1772937302.3915892,1660.890649514054
1772937302.3916037,2137.9194947420797
1772937302.3916137,1634.0394192307708
1772937302.3916223,914.2489329930311
1772937302.3916304,1026.3582837643992
1772937302.3916385,1780.2030087573478
1772937302.3916466,2062.149158013069
1772937302.3916545,1475.681813903538
1772937302.3916621,898.5613006793808
1772937302.39167,1175.322879851809
1772937302.3916776,1885.224211451133
1772937302.3916855,1978.5461375375246
1772937302.3916934,1324.0623710194882
1772937302.3917012,893.4176611213413
1772937302.391709,1323.9097917396618
1772937302.3917167,1978.6034764162966
1772937302.3917248,1885.6886452122128
1772937302.3917325,1176.008036674109
1772937302.39174,899.3642151856421
1772937302.391748,1477.0189440174065
1772937302.3917558,2064.5972087297464
1772937302.3917637,1783.7416696309315
1772937302.3917713,1030.3008160188579
1772937302.3917792,918.0632451175072
1772937302.3917868,1637.987252974167
1772937302.3917944,2142.629564770188
1772937302.3918023,1666.4560676515996
1772937302.3918104,880.7593827640378
1772937302.3918178,949.8122547044601
1772937302.3918254,1812.1340914273196
1772937302.3918333,2215.4331049861566
1772937302.3918407,1530.3867508303706
1772937302.3918483,722.9115688007223
1772937302.3918562,995.3967284184797
1772937302.391864,2003.4858525858108
1772937302.3918717,2282.6115939116153
1772937302.3918824,1369.3531323182372
1772937302.3918948,553.8695902179827
1772937302.3919067,1063.3763633539231
1772937302.3919196,2226.834257150743
1772937302.3919325,2351.2918236810583
1772937302.3919444,1177.7594691611841
1772937302.391956,365.8260728085376
1772937302.3919673,1154.8581956104172
1772937302.3919797,2486.956099996155
1772937302.3919878,2414.7217853186876
1772937302.391996,936.0458303776268
1772937302.392004,146.66854680934736
1772937302.3920116,1282.7207007210934
1772937302.3920217,2810.1007934130157
1772937302.392033,2482.376387847062
1772937302.3920445,627.7720870365322
1772937302.3920577,-118.77355180307175
1772937302.3920665,1460.1740977149457
1772937302.3920748,3221.6942690398664
1772937302.3920832,2547.5492059697276
1772937302.3920918,205.70888616525568
1772937302.3921006,-464.85965910212803
1772937302.3921149,1717.3126207629634
1772937302.3921285,3786.394874817338
1772937302.3921428,2621.2709210387966
1772937302.392156,-399.17846114289205
1772937302.3921697,-946.4018451082032
1772937302.392182,2115.215290934863
1772937302.392194,4627.47364775265
1772937302.3922043,2709.56288406511
1772937302.3922148,-1358.7751045183268
1772937302.3922253,-1706.447010977882
1772937302.3922353,2787.6383302207887
1772937302.3922455,6051.681243631205
1772937302.3922555,2844.1486683949724
1772937302.3922656,-3121.8958464380225
1772937302.3922768,-3150.518273330892
1772937302.3922868,4142.2702609520065
1772937302.3922973,9086.440710232753
1772937302.3923073,3178.7717165388954
1772937302.3923175,-7468.725672157754
1772937302.3923275,-7219.738831403867
1772937302.392338,8124.618669710958
1772937302.392348,20413.598893921127
1772937302.3923583,6129.915870221936
1772937302.3923686,-34647.984392010956
1772937302.392379,-71782.89864086657
1772937302.5982366,-1719.093300043276
1772937302.5982776,600.3225364073834
1772937302.5983043,2167.574757475438
1772937302.5983164,692.1835062398177
1772937302.5983257,-1807.9331241209168
1772937302.5983343,-1755.6184603290997
1772937302.5983424,878.3410807239926
1772937302.5983505,2386.614557710517
1772937302.598359,531.0099982684138
1772937302.5983677,-2149.548131222278
1772937302.5983787,-1798.3504750859588
1772937302.5983868,1225.6078945080637
1772937302.598395,2656.7624378305936
1772937302.5984032,320.9325982675878
1772937302.598411,-2584.8479919223564
1772937302.5984192,-1844.6202811403703
1772937302.5984268,1685.2496238043364
1772937302.5984347,3009.8157343529697
1772937302.5984423,32.29156050639856
1772937302.59845,-3174.3975904244116
1772937302.5984578,-1898.6151148346821
1772937302.5984657,2333.318346775965
1772937302.5984735,3504.687562916075
1772937302.5984817,-396.5927769991772
1772937302.5984898,-4046.2219703844285
1772937302.5984976,-1973.0397845250327
1772937302.5985053,3335.354626268264
1772937302.5985131,4279.7243092754
1772937302.5985208,-1101.9224854739812
1772937302.5985289,-5506.790316896676
1772937302.5985365,-2096.6136337071716
1772937302.5985441,5144.576985259874
1772937302.598552,5743.830890410911
1772937302.5985596,-2490.8263363497413
1772937302.5985675,-8585.477490045405
1772937302.598575,-2425.675087209347
1772937302.598583,9539.5678913283
1772937302.5985909,9838.558513945747
1772937302.5985987,-6504.354293434162
1772937302.598606,-19952.814214424787
1772937302.598614,-5360.308246803526
1772937302.5986216,36776.24982153276
1772937302.5986295,74403.13178124103
1772937302.7729185,74291.27014125927
1772937302.7729633,36556.72305083538
1772937302.7729852,-5434.962132917084
1772937302.7729976,-19791.104934595965
1772937302.7730095,-6299.180721536821
1772937302.7730217,9815.0056663237
1772937302.773034,9278.396432425103
1772937302.7730527,-2613.374408490494
1772937302.7730665,-8439.656370353103
1772937302.77308,-2174.400129101775
1772937302.7730985,5802.070568681778
1772937302.773112,4816.276642015044
1772937302.773124,-2406.5658839123553
1772937302.773136,-5360.161572574939
1772937302.773147,-655.6750046614565
1772937302.77316,4414.481578394776
1772937302.7731724,2917.247363751414
1772937302.773184,-2414.329685306157
1772937302.773196,-3879.710982980494
1772937302.7732077,203.55451912980183
1772937302.7732203,3713.097045367997
1772937302.7732322,1798.3713438740099
1772937302.7732449,-2485.945162656286
1772937302.7732568,-2968.594670811897
1772937302.7732685,814.4778916120175
1772937302.7732804,3287.674316638559
1772937302.7732923,998.1538917824635
1772937302.7733045,-2596.501455581914
1772937302.773316,-2309.868069531841
1772937302.7733283,1330.042327993448
1772937302.7733405,3003.9103828002253
1772937302.7733524,337.2586794168963
1772937302.773364,-2746.867291366101
1772937302.7733762,-1770.5005103041856
1772937302.7733877,1827.1053788801612
1772937302.7733996,2801.510007040243
1772937302.7734115,-285.3673054563641
1772937302.7734237,-2952.892954240447
1772937302.7734356,-1275.7724081098318
1772937302.7734475,2369.419711954579
1772937302.7734592,2655.8711191450384
1772937302.7734692,-951.8257424400383
1772937302.928562,43.023875398280246
1772937302.9285824,-3839.678142640361
1772937302.9285939,-2431.3218308245664
1772937302.928603,2475.5117529993213
1772937302.9286122,4129.011778475296
1772937302.9286208,63.68016269061895
1772937302.9286287,-4264.750757770225
1772937302.9286368,-2754.3283008624708
1772937302.928645,2800.950542906693
1772937302.9286528,4775.894769202731
1772937302.928661,101.03100606084813
1772937302.9286692,-5070.695286387212
1772937302.9286816,-3368.1662347916404
1772937302.9286938,3422.244196924101
1772937302.9287066,6033.7263493159635
1772937302.9287176,184.03512028798968
1772937302.9287255,-6706.496460730142
1772937302.9287336,-4685.221870712781
1772937302.928742,4731.844373767661
1772937302.9287496,8917.134674283065
1772937302.9287577,467.4198457098835
1772937302.9287653,-10938.751118204129
1772937302.9287734,-8632.40563590973
1772937302.9287815,8680.330183934513
1772937302.9287891,20104.815246219085
1772937302.928797,3364.031663359755
1772937302.9288049,-38014.54598031736
1772937302.9288125,-73071.26900232032
1772937303.4166183,473.66808195633797
1772937303.4166553,753.6495933697132
1772937303.4166834,3.5530417571430735
1772937303.416715,-731.1670589045498
1772937303.416746,-444.30127177839074
1772937303.4167728,454.75713111405213
1772937303.416802,724.0430674006345
1772937303.416843,2.8452334154822676
1772937303.4168694,-706.3221592381342
1772937303.416892,-430.12569547647485
1772937303.4169059,441.1813920302355
1772937303.4169364,705.2040127923412
1772937303.4169476,6.389713832507303
1772937303.4169564,-684.8598986192213
1772937303.4169655,-417.96602473420467
1772937303.4169743,431.874778490301
1772937303.416983,690.3839696889036
1772937303.4169917,5.146501566475956
1772937303.4170003,-674.7990223678379
1772937303.4170086,-412.60555514629
1772937303.4170172,426.5289500236868
1772937303.4170256,683.8182162735742
1772937303.417034,6.225310345810343
1772937303.4170427,-669.139141779084
1772937303.4170513,-409.64404758576234
1772937303.4170616,426.536683503609
1772937303.4170754,685.262762502814
1772937303.4170885,9.116685713285289
1772937303.417102,-668.5399839675566
1772937303.4171164,-410.636923423226
1772937303.4171257,429.0547062015254
1772937303.4171343,691.1369447983541
1772937303.4171426,10.60121998108906
1772937303.4171512,-674.9181210961519
1772937303.4171593,-415.8734551552455
1772937303.4171681,434.96254494920584
1772937303.4171765,702.4478412136098
1772937303.417185,10.928772615745846
1772937303.4171937,-688.6349288136167
1772937303.417202,-425.15540391671703
1772937303.4172103,445.96111881085824
1772937303.4172187,721.807049293539
1772937303.4172273,11.734138333919834
1772937303.4172356,-710.4917544715305
1772937303.4172442,-441.4106672168125
1772937303.4172523,458.64749271776424
1772937303.417261,746.9556149840006
1772937303.4172692,12.906669262864703
1772937303.4173248,-737.7101225343916
1772937303.4173331,-458.6995826721754
1772937303.4173417,480.68938517594563
1772937303.41735,783.7430737159365
1772937303.4173582,14.948505404518714
1772937303.4173665,-775.5023217992408
1772937303.417375,-484.584742361994
1772937303.4173834,506.236713668535
1772937303.4173915,829.5561875299818
1772937303.4174,17.71257226699312
1772937303.4174085,-821.9057573379058
1772937303.4174168,-514.1948568361903
1772937303.4174252,542.3466536428539
1772937303.4174335,889.4662906836455
1772937303.417442,19.63981941207468
1772937303.4174511,-884.8872518369675
1772937303.41746,-556.0962516449853
1772937303.4174688,585.3388521603847
1772937303.4174776,964.1543169553746
1772937303.417486,21.160546298623785
1772937303.4174953,-965.8190977946846
1772937303.4175045,-609.4356476924848
1772937303.4175131,641.7777039332287
1772937303.4175224,1062.3463617985676
1772937303.4175308,25.60164323358872
1772937303.4175391,-1068.752663778481
1772937303.417548,-679.1030412933585
1772937303.4175568,711.9919393034112
1772937303.417565,1186.0505666542315
1772937303.417574,28.189088666140336
1772937303.4175832,-1204.9051904047617
1772937303.4175923,-770.4977076355964
1772937303.4176009,805.5646604043618
1772937303.41761,1351.3217219839655
1772937303.4176188,33.22645013428852
1772937303.4176276,-1386.0430178789777
1772937303.4176364,-894.1582688790667
1772937303.4176452,929.7319080342576
1772937303.4176536,1574.2709042087458
1772937303.417662,40.84014523334734
1772937303.4176705,-1632.9347068341249
1772937303.417679,-1063.9188796558687
1772937303.4176877,1102.6358926198423
1772937303.4176962,1886.610424216471
1772937303.4177046,50.51979724533799
1772937303.4177127,-1988.3869540642434
1772937303.4177215,-1313.8437636796937
1772937303.41773,1349.2739885364822
1772937303.4177384,2344.3177205834363
1772937303.4177465,65.20223359830757
1772937303.4177551,-2525.4909900498487
1772937303.4177637,-1698.1012911113824
1772937303.4177723,1734.9237937309956
1772937303.4177809,3077.5297684215557
1772937303.4177892,99.90282698540422
1772937303.4177978,-3406.8581232971346
1772937303.4178064,-2353.57158132874
1772937303.4178145,2394.034893618002
1772937303.4178233,4389.330657463238
1772937303.4178317,181.8270569186733
1772937303.41784,-5084.413196993487
1772937303.4178483,-3688.125471577594
1772937303.417857,3731.5322207517934
1772937303.4178653,7305.1208693384
1772937303.4178736,465.7663138992991
1772937303.417882,-9334.960246480194
1772937303.4178905,-7642.447914330009
1772937303.417899,7685.164862246812
1772937303.4179077,18492.097360977798
1772937303.4179163,3356.0849554543947
1772937303.417925,-36404.596061799166
1772937303.4179337,-72060.60839280955
1772937303.8937466,248.89619620739845
1772937303.8937843,1426.7681751819568
1772937303.8938105,608.0733523015463
1772937303.8938372,-1070.2691080874654
1772937303.8938649,-1254.825785839561
1772937303.893896,326.54495409288745
1772937303.8939223,1465.7055341595287
1772937303.8939493,557.2234394932325
1772937303.8939755,-1139.574171270265
1772937303.894002,-1245.109520448475
1772937303.8940284,405.0407955055684
1772937303.8940551,1507.1040689498896
1772937303.8940632,504.290061026381
1772937303.894071,-1215.0989672243916
1772937303.8940792,-1238.4659062041753
1772937303.8940873,487.58278287726074
1772937303.894096,1553.890976362625
1772937303.8941035,449.89991299814665
1772937303.8941116,-1297.775332506154
1772937303.89412,-1234.8269321316145
1772937303.8941276,576.4200369415535
1772937303.8941352,1608.8157033167665
1772937303.894143,394.9683133013931
1772937303.8941507,-1388.423404686375
1772937303.8941584,-1234.415771784675
1772937303.8941662,673.1000223854883
1772937303.894174,1673.179851129583
1772937303.8941815,337.700956180139
1772937303.8941891,-1491.7527646437031
1772937303.8941972,-1241.5284272068645
1772937303.894205,776.1683495191472
1772937303.8942127,1747.1043647582082
1772937303.8942208,277.30989662762715
1772937303.8942287,-1608.763880536376
1772937303.8942368,-1253.7853150228382
1772937303.8942444,892.4493220416559
1772937303.894252,1837.1584536926991
1772937303.8942597,214.08162867875677
1772937303.8942676,-1745.4810336195208
1772937303.8942752,-1277.1053935658344
1772937303.8942828,1021.1295114759785
1772937303.8942907,1945.1875136150127
1772937303.8942983,147.04739295763267
1772937303.894306,-1904.9053390344484
1772937303.8943143,-1308.9107501643007
1772937303.894322,1174.051048651633
1772937303.89433,2084.089631147297
1772937303.8943377,77.72535875680158
1772937303.8943455,-2098.0282671402106
1772937303.8943532,-1359.912097866499
1772937303.894361,1351.4523567975252
1772937303.894369,2259.161044848467
1772937303.8943765,2.1995372193051734
1772937303.8943844,-2338.774692888422
1772937303.894392,-1436.671750009853
1772937303.8944,1566.5380656501954
1772937303.8944075,2489.359174819842
1772937303.894415,-81.4817081475117
1772937303.8944228,-2652.6088626951546
1772937303.8944309,-1557.0245132973778
1772937303.8944385,1835.6726687600021
1772937303.8944464,2807.2520975067027
1772937303.894454,-169.07027743782675
1772937303.8944619,-3072.3863426246426
1772937303.8944695,-1741.865523102183
1772937303.8944776,2194.3083930469006
1772937303.8944852,3271.1287851069346
1772937303.894493,-263.35043602573757
1772937303.8945007,-3680.1040833593497
1772937303.8945084,-2053.813686954629
1772937303.894516,2698.827253596578
1772937303.8945236,4000.184999282893
1772937303.8945315,-359.1092682594608
1772937303.894539,-4640.577974027915
1772937303.894547,-2622.4444114329335
1772937303.8945549,3494.125288177933
1772937303.8945625,5303.037167575939
1772937303.89457,-429.073656556902
1772937303.8945775,-6404.778482943811
1772937303.8945856,-3850.6238061778226
1772937303.8945932,4988.711997063239
1772937303.894601,8201.176034637701
1772937303.8946087,-325.51055589132886
1772937303.8946164,-10748.018179547793
1772937303.8946242,-7665.9244738251755
1772937303.894632,9132.029735882632
1772937303.89464,19357.635652629033
1772937303.8946476,2341.1404693767927
1772937303.8946555,-37917.64513238425
1772937303.894663,-71881.8431338746
1772937303.8946707,-71479.9139069607
1772937303.8946784,-37395.3373359091
1772937303.894686,2057.304389662982
1772937303.8946936,18667.279313404015
1772937303.8947015,9202.554652765066
1772937303.894709,-6811.510761554719
1772937303.8947167,-10439.9330187498
1772937303.8947244,-1206.6221819202876
1772937303.894732,7376.009998397869
1772937303.8947399,5612.999616102854
1772937303.8947475,-2506.9254916968757
1772937303.8947556,-6385.5526751387715
1772937303.894763,-2017.1846016809648
1772937303.8947706,4356.872935785203
1772937303.8947785,4830.359909950882
1772937303.894786,-688.7065136014168
1772937303.8947933,-5050.344835016429
1772937303.8948011,-2899.3756963242936
1772937303.8948088,2937.8807616128274
1772937303.8948164,5087.961794753478
1772937303.8948243,725.117012751733
1772937303.894832,-4794.753125994476
1772937303.8948572,-4321.381808255179
1772937303.8948684,2052.875892702832
1772937303.8948796,6421.234918823311
1772937303.8948872,2542.463758918394
1772937303.8948948,-5577.103980614498
1772937303.8949025,-7339.094528754505
1772937303.89491,1244.1926537303696
1772937303.8949175,10476.574934316004
1772937303.9234877,6846.178610520558
1772937303.9235165,-9168.367170282896
1772937303.9235284,-18630.296468750174
1772937303.923541,-2016.4689827422449
1772937303.923555,37435.3329688707
1772937303.9235663,71510.07075921977
1772937304.1806428,-2784.639987000975
1772937304.1806805,22.622549656506045
1772937304.1807065,2770.0976949316578
1772937304.1807327,1699.8208956749077
1772937304.1807492,-1669.9666812439548
1772937304.1807578,-2690.655933495963
1772937304.1807663,19.17177247278948
1772937304.180775,2709.366936293692
1772937304.1807835,1677.131500130476
1772937304.1807916,-1647.1625549540054
1772937304.1807995,-2677.822479332065
1772937304.1808083,13.804514627805824
1772937304.1808162,2723.5344681156503
1772937304.1808245,1701.6583708270314
1772937304.1808324,-1669.0106973882691
1772937304.1808405,-2739.442743014607
1772937304.1808484,7.671427066908567
1772937304.1808565,2813.666294388298
1772937304.1808643,1774.2156102469269
1772937304.1808722,-1741.6392517759768
1772937304.18088,-2885.675522182204
1772937304.180888,2.629150958669723
1772937304.180896,2999.9920833377023
1772937304.180904,1913.0611056313337
1772937304.1809118,-1873.367594968129
1772937304.1809196,-3142.300823904535
1772937304.1809275,-6.751598347370458
1772937304.1809351,3310.478018224589
1772937304.1809433,2138.770634266946
1772937304.1809509,-2094.853772942925
1772937304.1809585,-3564.9781039798177
1772937304.1809664,-21.750901024478836
1772937304.180974,3820.2339662999607
1772937304.1809816,2509.8979058760133
1772937304.1809893,-2464.6026481375225
1772937304.180997,-4278.071317910707
1772937304.181005,-55.6669442322423
1772937304.1810126,4690.110746488609
1772937304.1810205,3160.998396862084
1772937304.181028,-3118.134021487681
1772937304.1810355,-5584.72033474089
1772937304.1810434,-135.2515085542248
1772937304.1810515,6373.41506504763
1772937304.1810591,4502.634691164885
1772937304.1810672,-4457.138996215075
1772937304.1810749,-8507.951080662722
1772937304.1810825,-414.74696964315484
1772937304.1810904,10645.241625571456
1772937304.181098,8471.58565289148
1772937304.1811216,-8423.921079283316
1772937304.1811297,-19717.175557339207
1772937304.1811373,-3298.376378947595
1772937304.1811452,37744.44540533134
1772937304.1811528,72877.28663560376
1772937304.5640411,72370.27312226835
1772937304.5640845,36920.69656329602
1772937304.5641155,-3317.17406503984
1772937304.564142,-18924.914803298278
1772937304.5641687,-7935.179464884943
1772937304.5641952,7961.233850714907
1772937304.5642192,9821.876713387845
1772937304.5642276,-427.9175880388312
1772937304.5642357,-7703.23679495333
1772937304.564244,-3959.0423236818006
1772937304.564252,3987.835792431865
1772937304.5642602,5539.251195506453
1772937304.5642684,-145.61905464813037
1772937304.5642767,-4759.639365654134
1772937304.5642846,-2604.3388485808828
1772937304.564293,2637.7435712543656
1772937304.5643005,3837.0864375092137
1772937304.564309,-63.710819275978764
1772937304.5643167,-3425.7764576881673
1772937304.5643249,-1933.676527940429
1772937304.5643327,1966.63504548594
1772937304.5643413,2933.416479921115
1772937304.5643492,-30.01416248681833
1772937304.5643573,-2674.019541300071
1772937304.5643651,-1536.2187008640578
1772937304.5643733,1573.4373968294597
1772937304.5643811,2381.81599634884
1772937304.5643888,-14.288466456275765
1772937304.5643969,-2201.4188703538016
1772937304.5644045,-1280.8441967583374
1772937304.5644124,1316.1266672986394
1772937304.5644205,2015.074657966302
1772937304.564428,-4.03448819427102
1772937304.564436,-1878.8644754089528
1772937304.564444,-1103.729152129118
1772937304.5644517,1137.5736446596727
1772937304.5644593,1756.623426792031
1772937304.5644677,1.9377496247176678
1772937304.5644753,-1648.693442144409
1772937304.5644827,-974.6909191934211
1772937304.5644908,1010.9877772938986
1772937304.5644987,1570.8645422868105
1772937304.5645063,8.09117929122095
1772937304.5645149,-1477.9184307888152
1772937304.5645227,-878.0485309456119
1772937304.5645304,917.9078785938287
1772937304.5645387,1432.6112472599275
1772937304.5645463,12.136553625631612
1772937304.5645545,-1350.5605747746117
1772937304.5645623,-805.5174899566201
1772937304.5645704,848.3876453195094
1772937304.5645783,1328.9209185113134
1772937304.5645864,14.994898570583784
1772937304.5645945,-1255.4191474409597
1772937304.5646021,-751.9804930151557
1772937304.56461,795.2650565241855
1772937304.564618,1251.0897421298623
1772937304.5646255,18.5102377089567
1772937304.5646331,-1181.7432810002417
1772937304.564641,-709.1450422599986
1772937304.5646489,758.1597407422886
1772937304.5646567,1194.4780825333596
1772937304.5646644,20.082907736883733
1772937304.5646725,-1130.8052105478607
1772937304.5646803,-681.9410126466677
1772937304.5646884,728.186372345536
1772937304.5646968,1152.7229659921722
1772937304.5647821,21.75930414287164
1772937304.5647902,-1093.6040203412547
1772937304.564798,-661.0996759535875
1772937304.5648055,710.1729397844994
1772937304.5648134,1126.6031729208576
1772937304.5648212,22.58823670015982
1772937304.5648289,-1071.9656551128776
1772937304.5648365,-649.0165697310064
1772937304.5648444,702.9023614218419
1772937304.5648525,1116.994289790626
1772937304.56486,20.40253460491525
1772937304.7246673,-146277.48358971096
1772937304.8039503,-41546.56137036379
1772937304.8039758,3952.0099989081386
1772937304.8039875,24431.29833422129
1772937304.8039975,10944.97530681123
1772937304.8040075,-11965.186117353682
1772937304.8040168,-15776.53535160481
1772937304.804026,990.3009464203783
1772937304.8040364,14924.209062283011
1772937304.8040452,8322.418703608693
1772937304.804054,-9357.981381265108
1772937304.8040664,-14447.468687693172
1772937304.8040752,438.307401012482
1772937304.804084,16289.54439958303
1772937304.804093,10947.304332740016
1772937304.8041017,-12007.663396913034
1772937304.80411,-23982.571846231174
1772937304.8041186,-2503.869473661482
1772937304.804127,42101.13557459432
1772937304.804135,74679.29020919724
1772937305.2825022,-3344.806127162312
1772937305.2825415,-2222.7442750030073
1772937305.2825685,1853.2749229853894
1772937305.282595,3081.758827366636
1772937305.2826276,-1.4955188695981634
1772937305.2826552,-2857.816642678677
1772937305.282682,-1581.0998029243342
1772937305.2827039,1799.663823512429
1772937305.2827308,2495.287111450765
1772937305.2827587,-290.9026408995703
1772937305.2827857,-2508.9326827233526
1772937305.2827983,-1122.7961054287246
1772937305.2828062,1757.7547923041427
1772937305.2828138,2065.5859290103353
1772937305.2828214,-499.688668979535
1772937305.2828293,-2241.1830743296714
1772937305.2828372,-776.3770348490648
1772937305.2828453,1718.0836854123677
1772937305.282853,1727.476461794996
1772937305.2828617,-661.1138885327038
1772937305.282873,-2025.5135267396872
1772937305.2828863,-500.68876007748304
1772937305.2828948,1682.264148246941
1772937305.2829044,1453.1157438408434
1772937305.2829185,-786.9577579308078
1772937305.2829304,-1841.4154247638128
1772937305.282943,-271.5263226584308
1772937305.2829568,1648.30283505955
1772937305.2829692,1220.6778121108077
1772937305.282983,-890.2943820985183
1772937305.2830126,-1681.5006712722704
1772937305.283028,-77.3590546328351
1772937305.2830417,1613.344723095426
1772937305.2830544,1016.3645798734576
1772937305.283068,-978.0267970977877
1772937305.283079,-1538.2510136042108
1772937305.283088,92.92362054776586
1772937305.2830963,1579.0302666221166
1772937305.283105,833.2622754474162
1772937305.2831135,-1054.7889813456075
1772937305.2831216,-1409.0516790181198
1772937305.2831302,242.97852339084818
1772937305.2831385,1543.212556358187
1772937305.283147,666.216946088064
1772937305.283156,-1120.1864305305235
1772937305.2831645,-1285.4719158737007
1772937305.2831728,382.066328893414
1772937305.2831812,1507.7968927137729
1772937305.28319,509.7191348158275
1772937305.2831984,-1180.656990829999
1772937305.2832067,-1170.435823765678
1772937305.2832153,509.37328838702524
1772937305.2832236,1471.5561254066158
1772937305.283232,363.68688129012196
1772937305.2832427,-1231.494360261126
1772937305.283256,-1054.8292931893895
1772937305.2832677,632.6980258915561
1772937305.2832797,1435.6277722587422
1772937305.2832916,223.15913185330692
1772937305.2833028,-1278.7473395192865
1772937305.2833147,-942.3846480806286
1772937305.2833257,749.5945624903776
1772937305.283337,1396.5823744830561
1772937305.2833512,84.20408435958275
1772937305.2833636,-1324.3406330988212
1772937305.2833753,-832.3365150458312
1772937305.283387,861.2767117747
1772937305.283399,1354.2727622388018
1772937305.2834108,-53.06271764930373
1772937305.2834232,-1364.688047557639
1772937305.283436,-717.3486476114628
1772937305.283449,975.0121938468036
1772937305.2834618,1311.8622063356115
1772937305.2834756,-189.81492512388994
1772937305.283487,-1402.5196056942193
1772937305.2834957,-599.99803734948
1772937305.2835042,1087.3256468203435
1772937305.2835152,1263.9019499685826
1772937305.2835286,-331.6667309466135
1772937305.283543,-1440.312099591096
1772937305.283554,-478.83380921957365
1772937305.2835624,1200.832679727927
1772937305.283571,1211.4540288871838
1772937305.2835796,-478.3538065587258
1772937305.2835884,-1475.8908979602477
1772937305.2835968,-349.56692461526
1772937305.2836056,1318.5611265350185
1772937305.2836144,1153.5108010160873
1772937305.2836227,-633.1824696483187
1772937305.2836313,-1510.5595594815377
1772937305.28364,-210.15547283987468
1772937305.2836487,1442.6394623425056
1772937305.2836576,1089.090283243598
1772937305.2836661,-798.7791465641047
1772937305.2836747,-1544.5659069710832
1772937305.2836833,-58.05091782373411
1772937305.2836921,1573.90279065802
1772937305.283701,1014.099561501976
1772937305.2837095,-980.5419217950307
1772937305.2837195,-1577.7530986946365
1772937305.2837336,113.49905471663008
1772937305.2837477,1718.5482874779989
1772937305.283762,927.3583683399975
1772937305.2837756,-1184.8257003165936
1772937305.2837882,-1613.5717150975058
1772937305.2837968,306.61099687671407
1772937305.2838063,1877.7823933088894
1772937305.2838151,823.5519258891924
1772937305.2838259,-1418.076726569857
1772937305.28384,-1648.7289782336284
1772937305.2838538,534.8887454565889
1772937305.2838671,2061.784375818023
1772937305.2838829,697.7189749391665
1772937305.2838967,-1693.5284890126463
1772937305.2839117,-1686.5587549281854
1772937305.2839217,809.9503536195616
1772937305.2839303,2280.1211712145523
1772937305.2839391,539.4266304513492
1772937305.2839477,-2037.2699872862995
1772937305.2839563,-1751.890173538243
1772937305.7626507,0.35561559981473695
1772937305.762689,-0.15535233190164854
1772937305.7627156,-0.29364050237014727
1772937305.762742,-0.09339906202306066
1772937305.7627685,0.24846395816063524
1772937305.7627952,0.6915473750592964
1772937305.762822,1.293382933397851
1772937305.7628486,1.9547186867431237
1772937305.7628753,2.4229400111073955
1772937305.762902,2.5726069475317708
1772937305.76294,2.544681646536494
1772937305.7629688,2.5422346384330488
1772937305.7629812,2.5991748950468248
1772937305.7629933,2.6632842926611637
1772937305.7630053,2.828319918496264
1772937305.763018,3.2915530044470187
1772937305.7630296,4.026563701630183
1772937305.7630422,4.650403490824617
1772937305.7630548,4.767037566594119
1772937305.7630668,4.405718857801436
1772937305.7630796,3.987250908455384
1772937305.763092,3.8559478956382955
1772937305.763104,3.9908601267313504
1772937305.763116,4.237733873725456
1772937305.763128,4.655502157166955
1772937305.7631397,5.420885107625493
1772937305.7631516,6.419045548328749
1772937305.7631638,7.178927049663234
1772937305.763176,7.365491206271907
1772937305.763188,7.196499355520735
1772937305.7632003,7.147651712803567
1772937305.7632127,7.267234619366706
1772937305.763225,7.04785494083015
1772937305.7632377,6.135784103299407
1772937305.763249,4.994444336944296
1772937305.7632613,4.571579051005267
1772937305.7632732,5.262854820121893
1772937305.7632847,6.434655719630618
1772937305.7632968,7.135017449556716
1772937305.7633083,7.135573619684948
1772937305.76332,7.030799277145602
1772937305.763332,7.336413241228954
1772937305.7633436,7.800345362734551
1772937305.7633562,7.812563669289633
1772937305.763368,7.3261222340738
1772937305.7633808,7.033415255281465
1772937305.7633927,7.541626257479116
1772937305.7634048,8.613427473896463
1772937305.7634172,9.445293513005605
1772937305.7634292,9.609415340796492
1772937305.763442,9.473431498491195
1772937305.7634535,9.646228847822277
1772937305.763466,10.236320471938972
1772937305.7634788,10.836997798976267
1772937305.7634912,11.121499739670258
1772937305.7635045,11.194366936653307
1772937305.763517,11.31551306670369
1772937305.7635298,11.50997905022337
1772937305.7635424,11.636481524934636
1772937305.7635553,11.731768611377396
1772937305.7635677,12.036782965083614
1772937305.7635808,12.62435222825197
1772937305.7635937,13.187857194092311
1772937305.7636068,13.352410906600431
1772937305.7636194,13.117740135748017
1772937305.763632,12.83654615836711
1772937305.7636452,12.778121841883886
1772937305.7636583,12.88916141578334
1772937305.7636712,13.034623631942528
1772937305.763684,13.28208614044706
1772937305.7636967,13.756061766812364
1772937305.7637093,14.290739369449714
1772937305.7637217,14.485047006878537
1772937305.763735,14.197553762081672
1772937305.763748,13.807625834434301
1772937305.763762,13.805071032902484
1772937305.7637749,14.2031718208973
1772937305.7637844,14.572678114199427
1772937305.763793,14.66180967641161
1772937305.7638013,14.733798955230963
1772937305.76381,15.137990999809814
1772937305.7638185,15.742320521320158
1772937305.7638268,16.095297965006534
1772937305.7638352,16.1323743098392
1772937305.7638433,16.36960705393127
1772937305.763852,17.17689962165612
1772937305.7638638,18.08902974359602
1772937305.7638783,18.22703982019612
1772937305.7638905,17.42948038439057
1772937305.763899,16.598935172587915
1772937305.7639077,16.68808365982205
1772937305.7639165,17.576642681366874
1772937305.7639248,18.317178499152966
1772937305.7639332,18.41632583322323
1772937305.7639415,18.39344738430088
1772937305.7639499,18.858904871934588
1772937305.7639585,19.48142122525204
1772937305.7639668,19.452633306534825
1772937305.7639751,18.901064460289668
1772937305.7639835,19.12437819575997
1772937305.7639918,20.94696414317039
1772937305.7640002,23.254057536193816
1772937305.7640083,23.930741838216893
1772937305.7640169,22.379779362207326
1772937305.764025,20.4226608784594
1772937305.7640336,20.169596085419382
1772937305.7640417,21.41133445962403
1772937305.76405,21.97345170650492
1772937305.7640584,20.72332904828433
1772937305.7640667,19.252892460151894
1772937305.7640805,19.769131117905577
1772937305.7640882,21.839052739024645
1772937305.7640958,22.598215398951297
1772937305.7641034,20.700813047283454
1772937305.7641113,18.895721555871727
1772937305.764119,21.043612178979437
1772937305.7641263,26.347585501278264
1772937305.764134,28.0416478123857
1772937305.7641418,19.434329251972247
1772937305.7641494,1.4432513362466806
1772937306.243353,2.50426082034873
1772937306.2433956,2.130337596870905
1772937306.2434235,2.018168569184174
1772937306.2434504,2.285132510463483
1772937306.2434745,2.7431836122425524
1772937306.243502,3.1747117509247538
1772937306.2435255,3.481048703757954
1772937306.2435496,3.6205316530416565
1772937306.2435732,3.556884641417389
1772937306.2435863,3.3358260516520986
1772937306.2435997,3.133972607500031
1772937306.2436128,3.132069560784075
1772937306.243626,3.33813752791325
1772937306.2436385,3.5960169107929434
1772937306.2436516,3.778466926249789
1772937306.2436645,3.915570192258728
1772937306.2436807,4.103539096885677
1772937306.2436934,4.337852925645473
1772937306.2437067,4.498356796680325
1772937306.243719,4.4869382909885145
1772937306.243732,4.322829552884265
1772937306.243744,4.099487167264102
1772937306.2437568,3.9157446305919583
1772937306.2437692,3.8885879606489513
1772937306.243782,4.16953665863382
1772937306.243795,4.845265478965297
1772937306.2438076,5.799034542602524
1772937306.2438207,6.73775154256309
1772937306.243833,7.410108590243854
1772937306.2438457,7.779238428306806
1772937306.2438583,7.958639737838515
1772937306.2438707,8.03608516622456
1772937306.2438836,8.045543187103934
1772937306.2438967,8.090119927257597
1772937306.243909,8.347071073422505
1772937306.24392,8.841356186831673
1772937306.243932,9.27864230912663
1772937306.243944,9.269795610534416
1772937306.24396,8.792094438301778
1772937306.2439704,8.331403485524108
1772937306.243981,8.441238793714174
1772937306.2439916,9.157040333846023
1772937306.2440035,9.931468212227545
1772937306.2440157,10.176551458714764
1772937306.2440276,9.810126696723867
1772937306.2440395,9.247787857010822
1772937306.2440517,8.953119619172165
1772937306.2440636,9.088034645556776
1772937306.2440753,9.531683510519441
1772937306.2440934,10.056621609467662
1772937306.2441044,10.423883226093388
1772937306.244115,10.4687602469183
1772937306.244126,10.28157900993569
1772937306.2441375,10.260818557029346
1772937306.2441509,10.759449901898215
1772937306.2441618,11.575922719691983
1772937306.2441728,11.97732917242264
1772937306.2441835,11.46804301802811
1772937306.2441947,10.512381475736627
1772937306.244206,10.225987225542127
1772937306.2442172,11.182764311028508
1772937306.244228,12.672914168279862
1772937306.244239,13.388083951287356
1772937306.2442503,12.841127594755413
1772937306.2442613,11.870593596698505
1772937306.2442725,11.626604713361553
1772937306.2442832,12.269879826356359
1772937306.244294,12.94135176975172
1772937306.244305,12.944856444770256
1772937306.244316,12.585988129389458
1772937306.2443273,12.63726622217274
1772937306.2443388,13.225684265864603
1772937306.24435,13.655554941867916
1772937306.2443607,13.379192022128198
1772937306.2443717,12.784441429226804
1772937306.2443824,12.740790630158438
1772937306.2443936,13.524371230390877
1772937306.2444043,14.541475632494105
1772937306.2444153,15.147019446659597
1772937306.2444263,15.393663804089549
1772937306.2444372,15.742668833874658
1772937306.2444482,16.274212136725673
1772937306.244459,16.595660858389884
1772937306.2444696,16.54648147984301
1772937306.2444804,16.562815983982162
1772937306.244491,17.038171246062298
1772937306.2445023,17.57196624129062
1772937306.2445128,17.340229073942737
1772937306.2445233,16.284116696794804
1772937306.2445333,15.482035836050013
1772937306.2445436,15.972949492408075
1772937306.2445536,17.411802060362607
1772937306.2445636,18.367797784346344
1772937306.2445738,18.025470291842534
1772937306.244584,17.14417103580755
1772937306.2445943,17.012461379194075
1772937306.2446043,17.76454549778184
1772937306.2446144,18.296904662027824
1772937306.2446244,17.873713805752942
1772937306.2446349,17.190962572654083
1772937306.2446449,17.386980962006902
1772937306.2446551,18.353091604886693
1772937306.2446651,18.77013558669398
1772937306.2446752,17.956038508378594
1772937306.2446856,16.9822452948423
1772937306.2446957,17.34989180200592
1772937306.2447057,18.895448284695895
1772937306.244716,19.882528366030797
1772937306.244726,19.373648443880178
1772937306.2447364,18.66356452303608
1772937306.2447467,19.535543593040536
1772937306.2447567,21.48718649823838
1772937306.2447667,21.96393276068027
1772937306.2447767,19.910089203906495
1772937306.2447872,18.049689147921086
1772937306.244797,20.048958723363512
1772937306.2448068,25.09327759538657
1772937306.2448168,26.66297611959577
1772937306.2448268,18.31235656949319
1772937306.2448368,0.9327232385718217
1772937306.7228546,2.8691251709921683
1772937306.7228997,2.9093414001752245
1772937306.722926,2.645698479163488
1772937306.7229533,2.450041652759801
1772937306.7229805,2.5214797420796904
1772937306.7230077,2.7622801374562043
1772937306.7230346,2.8896788537886513
1772937306.7230616,2.7113319416464554
1772937306.7230887,2.3426906789056265
1772937306.723116,2.1341661187467325
1772937306.723143,2.333426753979189
1772937306.723165,2.828218543478136
1772937306.7231731,3.2811060917940815
1772937306.7231812,3.521089442789684
1772937306.7231896,3.7135273401600872
1772937306.7231975,4.07578568635285
1772937306.7232056,4.494463012254389
1772937306.7232137,4.572945516279831
1772937306.7232215,4.112547020259444
1772937306.7232296,3.446051975635036
1772937306.7232375,3.1752022169706815
1772937306.7232459,3.585025486807634
1772937306.7232537,4.40586450630698
1772937306.7232618,5.158144109042742
1772937306.7232697,5.616775029785685
1772937306.7232776,5.865728147436623
1772937306.7232857,6.008395480390599
1772937306.7232935,6.015644005103409
1772937306.7233012,5.893321649049631
1772937306.7233093,5.823378660560196
1772937306.723317,5.969386879408388
1772937306.7233248,6.188228435598347
1772937306.723333,6.125407836055036
1772937306.7233405,5.680988878380739
1772937306.7233484,5.262580764470597
1772937306.7233562,5.425972606758269
1772937306.723364,6.271956147586665
1772937306.723372,7.314034822904656
1772937306.7233799,7.971505386285542
1772937306.7233877,8.093577496955113
1772937306.7233956,7.946208573381445
1772937306.7234035,7.809610829930904
1772937306.723411,7.757632629662562
1772937306.7234187,7.807462079976285
1772937306.7234273,8.06684935341192
1772937306.7234352,8.586855795227796
1772937306.7234433,9.17689085623817
1772937306.7234511,9.570846963331231
1772937306.7234592,9.795450340797457
1772937306.723467,10.189353723445098
1772937306.7234752,10.944181822535958
1772937306.723483,11.76386942253309
1772937306.7234912,12.183098976816499
1772937306.7234993,12.194313881192006
1772937306.7235074,12.30939823874609
1772937306.7235155,12.864045590952566
1772937306.7235234,13.444617884787412
1772937306.7235312,13.286317575610926
1772937306.723539,12.254511123973455
1772937306.723552,11.165860522087515
1772937306.723565,10.952172375873184
1772937306.723578,11.64371276080742
1772937306.7235894,12.424827794497727
1772937306.7235973,12.670664683459261
1772937306.7236056,12.633127032434045
1772937306.7236135,12.937067489513774
1772937306.7236218,13.62487307307651
1772937306.7236297,14.055577613512678
1772937306.7236376,13.779989833687297
1772937306.7236452,13.18460271118358
1772937306.7236533,13.016352784613217
1772937306.7236612,13.421913283852453
1772937306.7236693,13.789288366287463
1772937306.7236772,13.590046713025204
1772937306.7236848,13.08450534955558
1772937306.723693,12.975174828538922
1772937306.7237008,13.52682531332464
1772937306.7237089,14.33249990352078
1772937306.7237167,14.936815832304115
1772937306.7237248,15.351716620222449
1772937306.7237327,15.770140794918825
1772937306.7237403,16.0426570245336
1772937306.7237484,15.842675267864273
1772937306.7237563,15.34298700474291
1772937306.7237642,15.297916825271775
1772937306.723772,16.16355739573172
1772937306.7237804,17.3651423661773
1772937306.7237885,17.855026959049106
1772937306.7237964,17.41181418725239
1772937306.723804,16.97059862547447
1772937306.723812,17.41608632301492
1772937306.72382,18.357480174911622
1772937306.7238283,18.574357377134174
1772937306.7238362,17.649379656023072
1772937306.723844,16.62496059962136
1772937306.723852,16.71649041868081
1772937306.7238598,17.72873953550231
1772937306.7238677,18.319897154602742
1772937306.7238755,17.819669248234238
1772937306.7238836,17.150842122020396
1772937306.7238917,17.545493036825995
1772937306.7238996,18.776515455950744
1772937306.7239075,19.400719051227203
1772937306.7239153,18.796192181299492
1772937306.7239237,18.179719134858395
1772937306.7239313,19.016698113874945
1772937306.7239392,20.859116726401528
1772937306.7239473,21.702680763382794
1772937306.723955,20.668189241448637
1772937306.7239628,19.421213631315265
1772937306.723971,20.094912073691226
1772937306.7239788,22.23021317936415
1772937306.7239866,23.05736365268757
1772937306.7239945,21.31043720033079
1772937306.7240024,19.650945090674973
1772937306.7240105,21.727570558345178
1772937306.7240183,26.61469194060313
1772937306.7240267,27.647756858141243
1772937306.7240343,18.401770878549236
1772937306.7240424,0.02878184975850536
1772937306.9273105,13.502126639341347
1772937306.9273465,14.01239075227833
1772937306.9273727,14.516759814354673
1772937306.9273996,14.448478530654363
1772937306.9274251,13.957641778172006
1772937306.9274344,13.743770957169888
1772937306.9274428,14.22272209638183
1772937306.9274771,15.084060144232971
1772937306.9274857,15.729521629281964
1772937306.927494,15.940958489714768
1772937306.927502,15.943797577708516
1772937306.9275095,15.946936652830042
1772937306.9275177,15.899642898053223
1772937306.9275253,15.741761930621571
1772937306.9275331,15.63370749762245
1772937306.9275413,15.744018132696697
1772937306.9275486,15.953473202579382
1772937306.9275565,16.032538078160954
1772937306.9275644,16.08313180064301
1772937306.9275718,16.48658268253672
1772937306.92758,17.256687230451536
1772937306.9275875,17.719168193453008
1772937306.9275954,17.21009468180159
1772937306.9276032,16.060520994166737
1772937306.927611,15.47125676129112
1772937306.9276185,16.172094801713552
1772937306.9276264,17.47837129837747
1772937306.9276342,18.07237427561124
1772937306.927642,17.639832624890175
1772937306.9276495,17.233500913961326
1772937306.9276574,17.800740621321165
1772937306.9276652,18.81073092996684
1772937306.927673,18.93373916802355
1772937306.9276807,17.987018183492992
1772937306.9276884,17.461462662013936
1772937306.927696,18.66616078944329
1772937306.9277036,20.828280197621133
1772937306.9277112,21.85443901076968
1772937306.927719,21.0232613892682
1772937306.9277267,20.04398197801491
1772937306.9277349,20.775113943074263
1772937306.9277425,22.435903774950827
1772937306.9277503,22.309982079768677
1772937306.927758,19.5860091607561
1772937306.927766,17.358276141592764
1772937306.9277737,19.326406450905136
1772937306.9277816,24.35260908661004
1772937306.9277892,25.686993817181808
1772937306.927797,17.066224170724066
1772937306.9433317,-0.25717984968865176
1772937307.4009223,0.45013688076912695
1772937307.4009976,1.6291159711782393
1772937307.4010398,2.7758387959585136
1772937307.4010844,2.9085980093083563
1772937307.4011147,1.9133599722893404
1772937307.401155,0.7910883991785304
1772937307.4011645,0.6226204550079619
1772937307.4011776,1.4229549232140453
1772937307.4011917,2.202498296779343
1772937307.4012046,2.1133936759639935
1772937307.4012136,1.3238875454236576
1772937307.4012222,0.6990441705908989
1772937307.401231,0.8178627756529886
1772937307.4012396,1.5047238830774659
1772937307.401254,2.24619696204532
1772937307.4012675,2.789471825638233
1772937307.401281,3.2062365274129645
1772937307.4012904,3.5566902369006677
1772937307.4012988,3.7555160922044144
1772937307.4013076,3.7941596239414532
1772937307.4013157,3.888401545677417
1772937307.4013245,4.253432570095627
1772937307.401333,4.803054918366291
1772937307.4013417,5.22094700112797
1772937307.40135,5.3414254931134115
1772937307.4013584,5.344285745041942
1772937307.4013667,5.517342900565262
1772937307.4013753,5.903675402786117
1772937307.4013834,6.260947533714837
1772937307.401392,6.329748689246861
1772937307.4014,6.069513742928022
1772937307.4014084,5.670993720808838
1772937307.4014168,5.4530079242235585
1772937307.4014251,5.746239384729031
1772937307.4014337,6.701310480663872
1772937307.401442,8.055540778605724
1772937307.4014504,9.158902970643561
1772937307.4014657,9.446492209676697
1772937307.401474,8.980895810088388
1772937307.401482,8.41319660269326
1772937307.4014907,8.29195428062385
1772937307.4014988,8.491349966709484
1772937307.4015071,8.483790775688465
1772937307.4015155,8.142074531649856
1772937307.4015243,8.014167082653836
1772937307.4015326,8.635157493434795
1772937307.401541,9.725709043077668
1772937307.401549,10.377019614559504
1772937307.4015577,10.097560543802544
1772937307.401566,9.43447548747467
1772937307.4015744,9.35048698530385
1772937307.4015827,10.103791341676573
1772937307.4015913,11.017676735674108
1772937307.4015996,11.3799805673105
1772937307.4016075,11.273065665925285
1772937307.401616,11.293002113673964
1772937307.4016244,11.633158320470377
1772937307.4016328,11.830749431544655
1772937307.4016411,11.510949841705347
1772937307.4016497,11.055564625931417
1772937307.401658,11.213728916170142
1772937307.401666,12.13762056938306
1772937307.4016747,13.144150556495962
1772937307.4016829,13.53641717374064
1772937307.4016912,13.391106468131953
1772937307.4016995,13.294728810372911
1772937307.401708,13.475212138997287
1772937307.4017165,13.582116569985377
1772937307.4017558,13.394386958692847
1772937307.401764,13.361909442386944
1772937307.4017723,14.086584932912592
1772937307.4017804,15.388520982457099
1772937307.4017887,16.310604828991956
1772937307.4017973,16.20626548388151
1772937307.4018054,15.532784600020328
1772937307.4018135,15.275276971353744
1772937307.4018216,15.730881968849838
1772937307.40183,16.24955329078593
1772937307.4018416,16.23357003107794
1772937307.4018533,15.982898225561343
1772937307.4018664,16.20488432921402
1772937307.40188,16.894125613825423
1772937307.4018898,17.217045873299558
1772937307.401898,16.662066165211115
1772937307.4019065,15.894768951981135
1772937307.4019153,16.048618410431846
1772937307.4019234,17.28502024702344
1772937307.401932,18.521122869284913
1772937307.40194,18.730468990378363
1772937307.4019482,18.13587296548425
1772937307.4019568,17.7652578867464
1772937307.401965,18.041767356263605
1772937307.4019732,18.336276460810332
1772937307.4019814,18.01914844844078
1772937307.4019897,17.454828850133424
1772937307.401998,17.502256093479126
1772937307.4020064,18.237134430029457
1772937307.4020145,18.750721057499952
1772937307.402023,18.361633386864032
1772937307.4020312,17.53461846923477
1772937307.4020395,17.181343117586334
1772937307.4020476,17.354527379823082
1772937307.4020562,17.28338556796831
1772937307.4020648,16.75431607321195
1772937307.4020731,16.724957366085004
1772937307.4020815,17.989987937162834
1772937307.4020896,19.65702133373527
1772937307.402098,19.90780211185164
1772937307.4021063,18.512122326348262
1772937307.4021149,17.704090693486936
1772937307.402123,19.65706231410001
1772937307.4021313,23.395090546985028
1772937307.4021397,25.43351800066655
1772937307.402148,24.05006529016693
1772937307.4021564,21.953799662652777
1772937307.4021645,23.24793264770973
1772937307.4021728,27.530140479613387
1772937307.4021811,28.390829488605647
1772937307.4021893,19.272648030815734
1772937307.4021976,0.9642498045279267
1772937307.88012,1.8875202507856508
1772937307.8801532,1.8300608493985129
1772937307.880176,2.158501814563792
1772937307.8801992,2.7351286735931137
1772937307.8802192,3.1825533493346714
1772937307.880242,3.274651504302845
1772937307.8802614,3.052891373867011
1772937307.8802807,2.6545973845152395
1772937307.8803003,2.1770110155270888
1772937307.88032,1.719108415907046
1772937307.8803396,1.4295584445552103
1772937307.8803494,1.4217869676523123
1772937307.880358,1.6686460172996977
1772937307.8803663,2.0240160913088774
1772937307.880375,2.3123085402877805
1772937307.8803833,2.3606942535633646
1772937307.8803916,2.03556843620922
1772937307.8803997,1.4116488154514673
1772937307.8804083,0.9293820970767147
1772937307.8804166,1.1926471705936774
1772937307.8804257,2.4019754069628267
1772937307.8804338,4.001914313711135
1772937307.8804424,5.089448515630629
1772937307.880451,5.2933243688167035
1772937307.8804593,5.157115677902943
1772937307.8804677,5.51455726490505
1772937307.8804762,6.523926518788289
1772937307.8804846,7.4846317685945705
1772937307.8804927,7.648556091563
1772937307.8805013,7.047377039407571
1772937307.8805094,6.375793760427146
1772937307.880518,6.161106016327656
1772937307.8805268,6.278356688889628
1772937307.8805354,6.3164527929944985
1772937307.8805437,6.175668252070167
1772937307.880552,6.08765170013119
1772937307.8805604,6.1593026878678865
1772937307.880569,6.2108947937758385
1772937307.8805773,6.170461666864125
1772937307.8805857,6.3788221830801275
1772937307.880594,7.2200739037099915
1772937307.880602,8.494835136162369
1772937307.8806105,9.456606403165805
1772937307.8806188,9.614065460370767
1772937307.8806274,9.31319723662498
1772937307.8806355,9.298385148359591
1772937307.880644,9.772757793964672
1772937307.880652,10.184361981575123
1772937307.8806603,10.041666656932257
1772937307.8806686,9.683389526903118
1772937307.8806772,9.945921134388412
1772937307.8806856,11.111682093542015
1772937307.8806937,12.490603592225717
1772937307.880702,13.187585277561649
1772937307.8807104,13.089241682648531
1772937307.8807187,12.860860944540844
1772937307.8807275,13.05832505612378
1772937307.8807356,13.552381193599322
1772937307.880744,13.922931949291558
1772937307.880752,14.133642037413516
1772937307.8807604,14.502822334872747
1772937307.8807685,15.076689426839792
1772937307.880777,15.394255486515272
1772937307.8807852,15.06131160493612
1772937307.8807936,14.356574372601397
1772937307.880802,13.989100138017365
1772937307.8808105,14.28139310534804
1772937307.8808188,14.851888660297949
1772937307.8808272,15.18895978426072
1772937307.8808355,15.297570116129002
1772937307.880844,15.54847531774269
1772937307.8808522,16.017348805941623
1772937307.8808603,16.313894845743047
1772937307.8808687,16.16122809604827
1772937307.8808768,15.866943056237128
1772937307.8808851,15.955079112056659
1772937307.8808932,16.442772508217708
1772937307.8809013,16.79884140843009
1772937307.8809097,16.677114995285045
1772937307.8809178,16.396727295031734
1772937307.8809261,16.47571980477185
1772937307.8809352,16.884096374260082
1772937307.880948,17.115788926170552
1772937307.8809557,16.999307945014845
1772937307.880963,17.033239612207563
1772937307.8809707,17.648295407506172
1772937307.8809788,18.392895836777516
1772937307.8809865,18.314362823489738
1772937307.880994,17.19992142927245
1772937307.8810017,16.014907228967775
1772937307.8810093,15.807421822992634
1772937307.8810167,16.43357399703422
1772937307.8810248,16.823279239684737
1772937307.8810325,16.486433623261963
1772937307.88104,16.223789061856614
1772937307.8810475,17.019660667025637
1772937307.881055,18.599974896037615
1772937307.8810627,19.68935933498241
1772937307.8810706,19.696326821795957
1772937307.8810782,19.496415590284457
1772937307.881086,20.129988457669416
1772937307.881094,21.170955592479423
1772937307.8811016,21.159180587541005
1772937307.8811095,19.69909402030523
1772937307.881117,18.325422072632797
1772937307.881125,18.68162765622261
1772937307.8811324,20.288342193370692
1772937307.8811405,21.065075947906802
1772937307.881148,20.19208669422755
1772937307.8811555,19.460102122335
1772937307.8811631,20.916399805714637
1772937307.8811707,23.681585183798646
1772937307.8811784,24.51064603823171
1772937307.881186,22.06555466200997
1772937307.8811936,19.47497036359626
1772937307.8812077,21.013326835984888
1772937307.8812156,26.015439344989137
1772937307.8812232,27.571729160736826
1772937307.881231,18.826617138383977
1772937307.8812387,0.6749604084168109
1772937308.3606417,2.266263503790358
1772937308.3606827,2.5324182058011977
1772937308.3607094,2.609787463745988
1772937308.360736,2.2607519920948556
1772937308.3607624,1.607379938031319
1772937308.3607883,1.1951339669289947
1772937308.3608177,1.4771434007812023
1772937308.3608425,2.3272515671604546
1772937308.3608708,3.181893756790558
1772937308.3608985,3.6222767404154066
1772937308.360925,3.6959068416432803
1772937308.360952,3.6803307115446664
1772937308.3609643,3.70791287719899
1772937308.360972,3.7409763320299634
1772937308.36098,3.808804667134945
1772937308.360988,4.062942332267895
1772937308.3609958,4.546544512086989
1772937308.3610036,5.050193794593004
1772937308.3610113,5.317095383790939
1772937308.3610191,5.335300933041301
1772937308.361027,5.306410551476705
1772937308.361035,5.343490806757193
1772937308.3610427,5.346254784967866
1772937308.3610508,5.231866958249922
1772937308.3610585,5.148480275055583
1772937308.3610668,5.296027352401131
1772937308.3610744,5.574768394532055
1772937308.361082,5.614684633763153
1772937308.36109,5.256124458271321
1772937308.3610976,4.869548296519921
1772937308.3611057,5.009277776018451
1772937308.3611135,5.748573496986655
1772937308.361132,6.527567929902992
1772937308.3611395,6.758712493104533
1772937308.3611474,6.486010468287748
1772937308.3611555,6.312862615856177
1772937308.3611631,6.715905310471355
1772937308.3611712,7.587643246185934
1772937308.3611789,8.493901504974227
1772937308.3611867,9.215302689654411
1772937308.3611946,9.868740391462664
1772937308.3612025,10.55225558422904
1772937308.36121,11.083321604629715
1772937308.3612182,11.189521883027792
1772937308.361226,10.845741367332007
1772937308.3612337,10.288150819287077
1772937308.3612416,9.739220309395439
1772937308.3612494,9.266845295589501
1772937308.361257,8.928148072400182
1772937308.3612647,8.87834673578425
1772937308.3612723,9.19465386535329
1772937308.36128,9.664782162020625
1772937308.3612876,9.92718861861931
1772937308.3612952,9.860253650611225
1772937308.3613029,9.707184875089762
1772937308.3613105,9.744929033927615
1772937308.3613183,9.94403135989531
1772937308.361326,10.086534510107521
1772937308.3613336,10.137907698455685
1772937308.3613417,10.279419478057138
1772937308.361349,10.523151852711495
1772937308.3613572,10.535158294229916
1772937308.3613648,10.08106159458743
1772937308.3613727,9.555388281968687
1772937308.3613803,9.730834148395253
1772937308.3613887,10.820146096932582
1772937308.3613963,12.006457285384608
1772937308.3614044,12.214049595678636
1772937308.3614123,11.343006765658162
1772937308.36142,10.456521671938567
1772937308.3614275,10.594697727731747
1772937308.361435,11.60329045700071
1772937308.3614428,12.396882226848575
1772937308.3614504,12.307217496307953
1772937308.3614583,11.835879316709264
1772937308.361466,11.940210702428775
1772937308.3614736,12.852968226736536
1772937308.3614812,13.93079357093012
1772937308.3614888,14.578116225037416
1772937308.3614967,14.911154562267436
1772937308.3615043,15.334444167912283
1772937308.361512,15.785619696558824
1772937308.3615196,15.813185885779468
1772937308.3615272,15.359598823264372
1772937308.3615348,15.032652460872812
1772937308.3615427,15.366971584385814
1772937308.3615506,16.089232883114736
1772937308.361558,16.485566538485948
1772937308.3615658,16.41243958957336
1772937308.3615735,16.50117354108962
1772937308.361581,17.200704103104727
1772937308.3615892,18.02145931460956
1772937308.3615968,18.173648997361422
1772937308.3616047,17.801381790202324
1772937308.3616123,17.98418780705617
1772937308.36162,19.26890246526759
1772937308.361628,20.675739055768705
1772937308.3616357,20.745550133546622
1772937308.3616436,19.4697256955377
1772937308.3616512,18.51341041288153
1772937308.361659,19.215866482665827
1772937308.361667,20.882850426172663
1772937308.3616745,21.701318632375916
1772937308.3616824,21.158766032878987
1772937308.3616903,20.684906962999566
1772937308.361698,21.513334178716097
1772937308.3617058,22.665029160604856
1772937308.361714,22.0837096686144
1772937308.3617215,19.704763927995074
1772937308.3617296,18.184771388079593
1772937308.3617375,19.716261891777258
1772937308.361745,22.77970831146754
1772937308.3617532,23.52409803047947
1772937308.361761,20.78314796194035
1772937308.3617687,18.39230290385466
1772937308.3617768,20.901652805554498
1772937308.3617847,26.965727783600407
1772937308.3617923,28.651095899613548
1772937308.3618004,18.868679451331097
1772937308.3618128,-0.5245778680785661
1772937308.8413732,0.8025754916359229
1772937308.841419,1.0857610387457044
1772937308.8414507,1.8766750958104967
1772937308.8414829,2.653417753206423
1772937308.8415213,3.123105258874326
1772937308.8415532,3.289665285650559
1772937308.8415847,3.2009539232630795
1772937308.841612,2.8767714427033826
1772937308.8416443,2.47822375322485
1772937308.841676,2.312014943344493
1772937308.841694,2.5132096783093676
1772937308.8417068,2.8253932533717205
1772937308.841719,2.8735131548335504
1772937308.8417313,2.6498967342479283
1772937308.8417432,2.5662917722936256
1772937308.8417559,2.957979685472601
1772937308.841768,3.6726096959936076
1772937308.8417807,4.2844503396037075
1772937308.8417926,4.631797938441518
1772937308.841805,4.941836749281663
1772937308.8418171,5.401123612537645
1772937308.8418293,5.822519871005254
1772937308.8418417,5.915873312786818
1772937308.841854,5.774615641362942
1772937308.841866,5.832808169415889
1772937308.8418782,6.290914702926999
1772937308.84189,6.822110867413961
1772937308.8419025,7.03875558488493
1772937308.8419137,7.102340070437084
1772937308.8419263,7.55601200860712
1772937308.8419375,8.497638381028603
1772937308.8419497,9.227885966201525
1772937308.8419619,9.006739313923289
1772937308.8419745,8.055464261671135
1772937308.8419867,7.455002216767053
1772937308.8419983,7.917817425812594
1772937308.8420105,8.912687617363973
1772937308.8420231,9.28188096140516
1772937308.8420434,8.632719354639066
1772937308.8420558,7.780541114546334
1772937308.8420677,7.707087664711383
1772937308.8420796,8.374431349547505
1772937308.842092,8.879166082235498
1772937308.8421044,8.67892899583629
1772937308.8421166,8.274554383232191
1772937308.8421285,8.512514641698804
1772937308.842141,9.48720974329834
1772937308.8421528,10.469466247709843
1772937308.8421652,10.860810689554423
1772937308.8421779,10.851896212923048
1772937308.84219,10.976988610684955
1772937308.842202,11.29317661489775
1772937308.842214,11.340788489262097
1772937308.842226,10.861021421965743
1772937308.842238,10.191424206879857
1772937308.8422503,9.796478278587685
1772937308.8422625,9.676874128011368
1772937308.8422744,9.54817089568366
1772937308.8422863,9.48476895920117
1772937308.8422985,9.968713320169028
1772937308.842311,11.142579718603658
1772937308.8423233,12.341670735780522
1772937308.8423352,12.747131372852781
1772937308.8423471,12.42854221827999
1772937308.8423593,12.327912125249782
1772937308.8423717,13.048203053749349
1772937308.8423839,13.986844138742617
1772937308.842396,14.040467383915846
1772937308.8424082,13.055049562088678
1772937308.8424208,12.12121213122131
1772937308.8424327,12.265964381633273
1772937308.842445,13.222809845341915
1772937308.8424573,13.896300767712365
1772937308.84247,13.883016591577041
1772937308.842482,13.972887741744685
1772937308.8424942,14.924146712891748
1772937308.842506,16.190225183770192
1772937308.8425183,16.429709529131635
1772937308.8425303,15.252137492117336
1772937308.8425424,13.90217151957686
1772937308.8425543,13.876404521889937
1772937308.8425665,15.163296770821145
1772937308.8425782,16.326309106204768
1772937308.8425903,16.28412366165907
1772937308.8426025,15.49793516049699
1772937308.842615,15.155671645777655
1772937308.8426273,15.596959327276291
1772937308.842639,16.085322947068324
1772937308.8426511,16.054606196313404
1772937308.8426633,15.94766357950154
1772937308.8426752,16.472470432617268
1772937308.8426876,17.432008214591182
1772937308.8426998,17.89928376889004
1772937308.8427117,17.535350492668584
1772937308.8427236,17.125805476868805
1772937308.842736,17.47369431761306
1772937308.842748,18.19363841796975
1772937308.8427603,18.22200497531062
1772937308.8427725,17.43889149817849
1772937308.842785,17.056349538389323
1772937308.8427968,18.00831689676931
1772937308.8428087,19.47908723814752
1772937308.842821,19.792897723773084
1772937308.8428328,18.708617785114313
1772937308.8428452,17.97597440007802
1772937308.8428576,19.1064108726368
1772937308.8428695,21.183704449914288
1772937308.842882,21.84651247853804
1772937308.8428943,20.450261654442695
1772937308.8429067,19.18741646366936
1772937308.842919,20.297217572878665
1772937308.842931,22.806967486621666
1772937308.842943,23.421036872164077
1772937308.8429549,20.998589574127617
1772937308.8429668,18.849392460347836
1772937308.842979,21.02831323877098
1772937308.8429909,26.3384787025319
1772937308.8430033,27.59595266858137
1772937308.8430152,18.315763189072918
1772937308.8430274,0.09856525018014145
1772937309.3216836,0.1565107084135525
1772937309.3217275,-0.01378953623522375
1772937309.321754,0.6338477999170027
1772937309.3217807,1.9684244458492408
1772937309.3218071,3.0841264020724752
1772937309.321834,3.122642737982658
1772937309.3218608,2.1859974591816527
1772937309.3218875,1.2928355285393236
1772937309.321914,1.3732433859650692
1772937309.321941,2.4030628459682775
1772937309.3219671,3.592778588749253
1772937309.3219948,4.298956655739017
1772937309.322008,4.559189915947903
1772937309.3220212,4.752352210171728
1772937309.3220477,4.994734488189297
1772937309.3220584,5.077878015045036
1772937309.3220663,4.905620668304421
1772937309.322074,4.723744308140866
1772937309.322082,4.817922573664049
1772937309.32209,5.155728159973544
1772937309.3220975,5.506868156788448
1772937309.3221056,5.843636273449164
1772937309.3221135,6.390539963868898
1772937309.3221211,7.205217282983838
1772937309.3221288,7.900408812509451
1772937309.3221369,7.985302928686397
1772937309.3221445,7.445754936036813
1772937309.3221524,6.7922951337220345
1772937309.32216,6.474432808903664
1772937309.3221679,6.4102535312988564
1772937309.3221755,6.240458892064635
1772937309.3221831,5.94609441020776
1772937309.3221908,5.973549012062409
1772937309.3221989,6.667053770125148
1772937309.3222065,7.739778022270344
1772937309.322214,8.476096161395725
1772937309.3222218,8.419547275509599
1772937309.3222294,7.7226922266802
1772937309.3222373,6.839884023373658
1772937309.3222451,6.079466055041119
1772937309.3222528,5.569511043882001
1772937309.3222604,5.483790280793826
1772937309.322268,6.004866886840263
1772937309.322276,6.993318777502349
1772937309.322284,7.910513465528768
1772937309.3222916,8.283178336810074
1772937309.3222992,8.208692594996506
1772937309.3223069,8.225345607958982
1772937309.3223145,8.651397982302624
1772937309.3223224,9.212676647675409
1772937309.3223298,9.431043330726373
1772937309.3223376,9.264102990929551
1772937309.3223453,9.176162567415304
1772937309.322353,9.583391511741102
1772937309.3223605,10.406624360433955
1772937309.322368,11.242899664012604
1772937309.3223755,11.813393749804632
1772937309.3223836,12.073366754736075
1772937309.3223913,11.988927299804724
1772937309.322399,11.50358435294659
1772937309.3224068,10.834050438582002
1772937309.3224144,10.552236335477355
1772937309.3224223,11.063257947068644
1772937309.32243,12.004043791645483
1772937309.3224375,12.44272875278338
1772937309.3224459,11.854251552201516
1772937309.3224535,10.7635318676515
1772937309.3224611,10.207402414528499
1772937309.322469,10.594620829172785
1772937309.322477,11.329881659810933
1772937309.3224845,11.631759820067176
1772937309.3224924,11.481417953731158
1772937309.3225002,11.524244103066144
1772937309.322508,12.143496706896
1772937309.3225155,12.972274782521069
1772937309.322523,13.445462546368221
1772937309.3225307,13.57025999423296
1772937309.3225389,13.852421625544263
1772937309.3225465,14.531714856926431
1772937309.322554,15.231162484443146
1772937309.3225617,15.503118049516143
1772937309.3225696,15.471513122644657
1772937309.3225772,15.643777116835395
1772937309.322585,16.1610852402595
1772937309.3225927,16.562071771556127
1772937309.3226001,16.404541786812175
1772937309.3226082,15.870039773416957
1772937309.322616,15.514644279573146
1772937309.322624,15.561998055267038
1772937309.3226314,15.765943374116027
1772937309.322639,15.97475367301826
1772937309.3226466,16.437924310212914
1772937309.3226545,17.285318059982732
1772937309.3226624,17.972446005659616
1772937309.32267,17.743768312975757
1772937309.3226776,16.71987307760559
1772937309.3226855,16.06221112737199
1772937309.322693,16.686603347211054
1772937309.3227007,18.048547994906347
1772937309.3227088,18.717546359219195
1772937309.3227165,18.195293741539217
1772937309.322724,17.618684732381254
1772937309.3227317,18.277737964769354
1772937309.3227396,19.8157976319664
1772937309.32275,20.596255589595383
1772937309.3227625,19.90551698288382
1772937309.3227751,19.044338873524897
1772937309.3227873,19.656415310243254
1772937309.3227992,21.40750382803296
1772937309.3228068,22.27112707441718
1772937309.3228147,21.29462597563308
1772937309.3228223,20.129143548938103
1772937309.3228302,20.916334458232953
1772937309.3228378,23.088014323047844
1772937309.3228457,23.64733393734842
1772937309.322853,21.235659218538533
1772937309.3228607,18.807437721927954
1772937309.3228688,20.568107321029203
1772937309.3228767,25.92289034689498
1772937309.3228843,27.936100770692008
1772937309.322892,19.492830204191364
1772937309.802585,2.887545039046082
1772937309.8026304,3.039190355132655
1772937309.8026583,3.3985266038002075
1772937309.8026872,3.551764049323407
1772937309.8027155,3.1037348778605036
1772937309.802744,2.3459741039667694
1772937309.8027742,2.035123668455804
1772937309.802807,2.487579239983292
1772937309.8028357,3.155950467370284
1772937309.802864,3.272814546762541
1772937309.8028927,2.767081666540892
1772937309.8029015,2.3075142680454848
1772937309.8029103,2.466770152487902
1772937309.802919,3.1057579703426126
1772937309.8029273,3.706658777994583
1772937309.8029356,4.092933647352617
1772937309.8029442,4.525770033473913
1772937309.802953,5.116015507868614
1772937309.802962,5.477015456548938
1772937309.8029747,5.1946404495368075
1772937309.8029883,4.505337093585408
1772937309.803002,4.208542180719636
1772937309.8030152,4.821589878057402
1772937309.8030238,5.994903663699997
1772937309.8030322,6.891592552903647
1772937309.8030407,7.035094751795335
1772937309.803049,6.627514750624591
1772937309.8030577,6.119433162581987
1772937309.8030665,5.737540366832767
1772937309.8030744,5.537527802932571
1772937309.8030827,5.686025232339695
1772937309.8030913,6.382183470438986
1772937309.8030996,7.4781746273660445
1772937309.803108,8.42200235949574
1772937309.8031163,8.74580654339784
1772937309.803125,8.521446482882068
1772937309.8031332,8.188917335424446
1772937309.8031416,8.001175861869267
1772937309.80315,7.839317607449695
1772937309.8031583,7.5952319674683855
1772937309.8031666,7.488814261126545
1772937309.803175,7.79436609742336
1772937309.8031836,8.362363884279592
1772937309.803192,8.70326517323291
1772937309.8032007,8.627572795419477
1772937309.803209,8.569888253188267
1772937309.8032176,9.05887134724707
1772937309.8032258,9.970787757890786
1772937309.803234,10.595628134998364
1772937309.8032424,10.509856581312402
1772937309.8032508,10.129518181747542
1772937309.8032591,10.17545110682911
1772937309.8032677,10.719699680371429
1772937309.8032758,11.080472868202543
1772937309.803284,10.735499138972333
1772937309.8032925,10.058244753610873
1772937309.8033009,9.885379057333777
1772937309.8033087,10.456547331196003
1772937309.8033173,11.099878081747134
1772937309.8033257,11.064869968828026
1772937309.803334,10.425786407548426
1772937309.8033423,9.936149602864102
1772937309.8033507,10.103561834719738
1772937309.8033593,10.694737693280375
1772937309.8033679,11.192848573951139
1772937309.8033762,11.457287125517375
1772937309.8033843,11.70904033687793
1772937309.803393,12.02081183448006
1772937309.8034012,12.152857534345761
1772937309.8034093,11.954726696071285
1772937309.8034177,11.65836408190569
1772937309.8034263,11.571684554889936
1772937309.8034344,11.639155667310636
1772937309.8034427,11.58037965323875
1772937309.8034513,11.427908323299997
1772937309.8034594,11.5976017869668
1772937309.8034678,12.267750072265786
1772937309.803476,12.95753627178769
1772937309.8034844,13.065234207018772
1772937309.8034925,12.749126920881045
1772937309.803501,12.853671579307562
1772937309.8035092,13.778840577746395
1772937309.8035178,14.771106314611924
1772937309.8035262,14.773451553625252
1772937309.8035345,13.897583229762033
1772937309.8035429,13.525703319979014
1772937309.8035512,14.672717306780356
1772937309.8035598,16.599301146525995
1772937309.8035686,17.55899404393336
1772937309.803577,16.885163134738548
1772937309.8035853,15.798233957956391
1772937309.8035936,15.859062562222999
1772937309.803602,17.024390907975043
1772937309.80361,17.797168937679945
1772937309.8036187,17.227879121620038
1772937309.8036268,16.103190063275687
1772937309.8036351,15.790782663313987
1772937309.8036432,16.382557782249854
1772937309.8036516,16.69379558298169
1772937309.80366,16.07151018036505
1772937309.8036685,15.414993129013878
1772937309.8036768,15.889303429999407
1772937309.803685,17.10503288999555
1772937309.8036933,17.442848948049715
1772937309.8037016,16.280555104974912
1772937309.80371,15.070089198235447
1772937309.8037183,15.565062863235912
1772937309.803727,17.429230706887378
1772937309.8037355,18.565607779870618
1772937309.8037436,17.94687141398622
1772937309.8037517,17.127365511160527
1772937309.8037603,18.10766779091239
1772937309.8037686,20.231363034902124
1772937309.803777,20.586094909721485
1772937309.8037853,17.984102192322695
1772937309.8037937,15.380395425497317
1772937309.8038018,16.76471482671863
1772937309.80381,21.487792031732294
1772937309.803819,23.111561705095752
1772937309.8038275,15.326641012607833
1772937310.28202,-0.20864056834686653
1772937310.2820687,0.26717895485862575
1772937310.2820995,0.9684108147698826
1772937310.2821317,1.4624602803862363
1772937310.2821589,1.1803921188053745
1772937310.2821865,0.2405500232603772
1772937310.2822137,-0.5486137812035704
1772937310.282241,-0.6014850356836987
1772937310.2822678,-0.2214173131775933
1772937310.2822945,-0.13309182353605775
1772937310.282322,-0.4807138154102904
1772937310.28234,-0.6140832643100548
1772937310.2823517,0.04052726853888089
1772937310.2823627,1.1593133960376145
1772937310.2823741,1.8343427119227644
1772937310.282385,1.6428729999742355
1772937310.282396,1.1326428838359162
1772937310.2824068,1.1468378372278338
1772937310.2824173,1.8651018335369427
1772937310.282428,2.712449137944543
1772937310.282439,3.1282067233655524
1772937310.2824495,3.1646059834684084
1772937310.2824605,3.2512390929320527
1772937310.2824712,3.582712058727559
1772937310.2824817,3.952013583986272
1772937310.2824922,4.120590446728581
1772937310.282503,4.114293415667605
1772937310.2825136,4.080849082741732
1772937310.282524,4.041716857679709
1772937310.2825348,3.9614699739496664
1772937310.2825456,3.9779913276829353
1772937310.282556,4.331259741010967
1772937310.2825663,4.994727698813711
1772937310.2825773,5.549927280276678
1772937310.2825878,5.594609492249847
1772937310.2825985,5.224241486427793
1772937310.2826087,4.94765347005171
1772937310.2826197,5.108688953597959
1772937310.2826307,5.5432641927109945
1772937310.282642,5.890374004592002
1772937310.2826529,6.103988439009333
1772937310.2826636,6.468235617755468
1772937310.2826743,7.1248620828167555
1772937310.282686,7.793044464623831
1772937310.282697,8.077918976553384
1772937310.2827077,7.945216480322842
1772937310.2827184,7.732507789633526
1772937310.282729,7.732146776518555
1772937310.2827394,7.9500823474753455
1772937310.28275,8.322916408773878
1772937310.282886,8.968470094003129
1772937310.2828972,10.009010806275104
1772937310.282908,11.20157376636345
1772937310.2829485,11.994666788551541
1772937310.2829592,12.07632823424072
1772937310.2829697,11.733163807580649
1772937310.2829804,11.505465403457416
1772937310.2829914,11.551708084393027
1772937310.283002,11.555286020243061
1772937310.2830129,11.287046184996882
1772937310.2832,11.031170193535356
1772937310.283212,11.252289233004904
1772937310.2832232,11.931280532798766
1772937310.283234,12.489665732885351
1772937310.2832448,12.453782555715058
1772937310.2832842,12.010067040917756
1772937310.283295,11.739746267233143
1772937310.2833056,11.910822497603862
1772937310.2833166,12.258791248891658
1772937310.28372,12.471283339902497
1772937310.2837331,12.632362294932449
1772937310.2837448,13.011751899854634
1772937310.2837565,13.571175931167003
1772937310.2837684,13.963066882366657
1772937310.2837799,14.040197840476711
1772937310.2837913,14.100712570497308
1772937310.2838025,14.45743429624795
1772937310.2838144,14.943773721732109
1772937310.2838259,15.129984865434484
1772937310.2838373,15.003474575527497
1772937310.2838492,15.111322735425963
1772937310.2838607,15.851363925442115
1772937310.2838724,16.849727216184128
1772937310.283884,17.360268793463185
1772937310.2838955,17.225509243237333
1772937310.2839067,17.063205161904214
1772937310.2839186,17.337772906911876
1772937310.28393,17.5848817728168
1772937310.2839413,16.987090724161543
1772937310.283953,15.654826114935357
1772937310.2839646,14.824398148636073
1772937310.2839768,15.481608556955354
1772937310.2839885,17.086969932779486
1772937310.2840004,18.143686707208662
1772937310.284012,18.0069948600038
1772937310.2840238,17.614378965485816
1772937310.2840352,18.135539207394622
1772937310.284047,19.299352383882958
1772937310.284058,19.670332123146594
1772937310.2840695,18.593420988724734
1772937310.284081,17.233277622749625
1772937310.284094,17.241064030290204
1772937310.284108,18.725090047883242
1772937310.28412,20.18107504310688
1772937310.2841327,20.452655935070137
1772937310.2841446,20.073975723016012
1772937310.2841568,20.217199821688684
1772937310.2841692,20.80924599791306
1772937310.28418,20.5879237040201
1772937310.2841923,19.130529123051602
1772937310.2842045,17.907868710656288
1772937310.2842164,18.52150447057242
1772937310.284228,20.295576316502856
1772937310.2842412,20.78906904441073
1772937310.284253,19.126432336575057
1772937310.284266,17.81460389331145
1772937310.2842784,19.90129304349877
1772937310.2842913,24.22725564194603
1772937310.2843034,24.826768910303088
1772937310.2843163,16.374521698326568
1772937310.7630067,-1.2552904466430468
1772937310.763059,-1.444443470565945
1772937310.76309,-0.9345813711691535
1772937310.7631166,-0.07842921568149905
1772937310.7631428,0.46101651035690155
1772937310.7631688,0.49911918469199007
1772937310.7631955,0.5180861982630431
1772937310.763222,0.9973086070443069
1772937310.7632487,1.7599814038528085
1772937310.7632756,2.19553186031741
1772937310.7633028,2.059169120799809
1772937310.7633116,1.7943523984277427
1772937310.7633204,1.9719697631264899
1772937310.7633288,2.6037253792941493
1772937310.7633371,3.2125101580955726
1772937310.7633452,3.5065657321239834
1772937310.7633536,3.732404748814478
1772937310.7633617,4.277226354994127
1772937310.76337,5.1125380075327085
1772937310.763378,5.820968477424716
1772937310.763386,6.101257368151497
1772937310.7633936,6.0345578432296065
1772937310.763402,5.828911570316658
1772937310.76341,5.529044559534132
1772937310.763418,5.14954732804098
1772937310.7634263,4.9538712674477905
1772937310.763435,5.311469521596059
1772937310.7634428,6.205814828747742
1772937310.7634509,7.098041694111267
1772937310.7634587,7.46478368253118
1772937310.7634666,7.377645268969329
1772937310.7634745,7.338551193990034
1772937310.763482,7.55342968070515
1772937310.7634902,7.629189216678829
1772937310.763498,7.151669626830018
1772937310.7635057,6.387333762912062
1772937310.7635136,6.110922557855325
1772937310.7635217,6.695694065715567
1772937310.7635293,7.620734506459761
1772937310.7635374,8.051595196906309
1772937310.7635455,7.7634810423162
1772937310.7635536,7.250457542407817
1772937310.7635617,6.966999089243898
1772937310.7635696,6.77953796760349
1772937310.7635772,6.341748096077808
1772937310.7635846,5.786192540841509
1772937310.7635925,5.694438399280042
1772937310.7636003,6.358553341590491
1772937310.7636082,7.386391964941605
1772937310.763629,8.240023089875821
1772937310.7636368,8.955217324824178
1772937310.7636445,9.978532533600006
1772937310.763652,11.291330231209244
1772937310.7636597,12.086403020785536
1772937310.7636673,11.623662647664752
1772937310.7636752,10.271283026002916
1772937310.7636828,9.329460821685815
1772937310.7636907,9.701129327398816
1772937310.7636983,10.964796398709707
1772937310.763706,11.953803783351807
1772937310.763714,12.098924041494364
1772937310.7637217,11.911644921877022
1772937310.7637296,12.154424835991701
1772937310.7637372,12.881178593446258
1772937310.7637453,13.539025558589392
1772937310.7637534,13.829597366234802
1772937310.763761,14.08948674955179
1772937310.763769,14.731328780658325
1772937310.7637763,15.597211543408543
1772937310.7637844,16.12131944890017
1772937310.763792,16.029954428641478
1772937310.7638,15.61264283800672
1772937310.7638075,15.281852348475345
1772937310.7638152,15.13189985917799
1772937310.763823,15.091067320634872
1772937310.763831,15.294056133866965
1772937310.7638388,15.970254954494871
1772937310.7638469,16.947743987953285
1772937310.7638545,17.587244887804367
1772937310.763862,17.43876849405255
1772937310.7638698,16.82863410097572
1772937310.7638776,16.53016737335906
1772937310.7638853,16.852681828622256
1772937310.7638931,17.31198848802641
1772937310.7639008,17.322369196754806
1772937310.7639084,16.99950502979065
1772937310.763916,17.01947075397495
1772937310.763924,17.745290809389413
1772937310.7639315,18.781061173051565
1772937310.7639391,19.476383850370674
1772937310.7639472,19.622420186675715
1772937310.763955,19.444063517885
1772937310.7639627,19.098526075740384
1772937310.7639704,18.558166642494438
1772937310.763978,18.014678782021843
1772937310.7639859,17.98094992041523
1772937310.7639935,18.66312134673635
1772937310.7640014,19.441015144609867
1772937310.764009,19.441291406092372
1772937310.7640169,18.70282435373184
1772937310.7640245,18.338983348670816
1772937310.764032,19.214371998129465
1772937310.7640395,20.73781134842043
1772937310.7640474,21.492121532046834
1772937310.7640553,21.061731771687533
1772937310.7640631,20.632126395750543
1772937310.7640707,21.387523564804855
1772937310.7640789,22.76890538855213
1772937310.7640865,23.104592134578375
1772937310.764094,21.996001652257124
1772937310.764102,21.17358659333542
1772937310.76411,22.274173934115577
1772937310.7641177,24.288896900440896
1772937310.7641256,24.466371687210632
1772937310.7641332,22.146083569215115
1772937310.764141,20.539608725652144
1772937310.7641487,23.184652898363908
1772937310.7641563,28.49385526995472
1772937310.7641644,29.301288317319404
1772937310.764172,19.360266458595497
1772937311.2441328,1.9784361491262243
1772937311.244175,1.7002955070522712
1772937311.2442017,1.5118205885730513
1772937311.2442284,1.5998392939732484
1772937311.2442544,2.0529383467249582
1772937311.2442813,2.7179934671254498
1772937311.2443075,3.2259073689911704
1772937311.244334,3.224963782356621
1772937311.2443604,2.6745086837679737
1772937311.2443871,1.936177914461615
1772937311.244414,1.5152138190721898
1772937311.2444396,1.6350179994488208
1772937311.244452,2.06043162593146
1772937311.2444596,2.387125784922819
1772937311.2444675,2.5063410878232446
1772937311.2444751,2.7093529005166883
1772937311.2444832,3.2817455978169074
1772937311.2444909,4.062215670369203
1772937311.2444987,4.531423713624181
1772937311.2445068,4.373216249189119
1772937311.2445147,3.8464891388612497
1772937311.244523,3.4993764429768306
1772937311.2445312,3.552270160240726
1772937311.2445393,3.690110943012014
1772937311.2445471,3.5051211271118343
1772937311.244555,3.037947205974469
1772937311.2445629,2.768106899712292
1772937311.2445707,3.0969955779257767
1772937311.2445784,3.950967897624439
1772937311.244586,4.908066712552881
1772937311.2445936,5.59400521650379
1772937311.2446012,5.873663806051481
1772937311.244609,5.768699428530347
1772937311.244627,5.393178719484988
1772937311.2446349,5.016628828378809
1772937311.2446427,5.008942130936432
1772937311.2446504,5.52894677992463
1772937311.244658,6.280833197834529
1772937311.2446659,6.740937938676265
1772937311.2446737,6.697733028155483
1772937311.2446814,6.468244959148826
1772937311.244689,6.4907719563248705
1772937311.2446969,6.792486937146205
1772937311.2447047,7.022295945218686
1772937311.2447124,7.003260261128461
1772937311.2447205,7.049748541079513
1772937311.244728,7.594551497246112
1772937311.244736,8.611637573110578
1772937311.2447436,9.620785680455953
1772937311.2447517,10.277847790929963
1772937311.244759,10.744620075647367
1772937311.244767,11.332482772834025
1772937311.2447748,11.941234849653995
1772937311.2447824,12.135079039609074
1772937311.2447903,11.80991983810503
1772937311.244798,11.509394813438707
1772937311.244806,11.839153763788701
1772937311.244814,12.664621591095855
1772937311.2448215,13.176570437022642
1772937311.2448292,12.836760472873571
1772937311.2448368,12.040471808058989
1772937311.2448444,11.648204227644918
1772937311.2448523,11.985647390975481
1772937311.24486,12.586159120970208
1772937311.244868,12.94481617724371
1772937311.244876,13.208769005918818
1772937311.2448838,13.854926396634955
1772937311.2448916,14.828870029745795
1772937311.2448993,15.395668069024248
1772937311.2449071,15.005140890656435
1772937311.2449148,14.070603040312141
1772937311.2449224,13.611074856089378
1772937311.2449303,14.165977602423787
1772937311.244938,15.311562077353111
1772937311.2449455,16.283816503622017
1772937311.2449536,16.796726827432554
1772937311.2449613,17.039268923289523
1772937311.244969,17.084095889191218
1772937311.2449768,16.730257605389813
1772937311.2449844,16.034764369669187
1772937311.2449923,15.627498001653061
1772937311.245,16.105787542950655
1772937311.245008,17.169763829291355
1772937311.2450156,17.734766122405244
1772937311.2450235,17.08492780187129
1772937311.245031,15.708662952402833
1772937311.2450387,14.757538997771878
1772937311.2450469,14.790970373021109
1772937311.2450547,15.345369892937983
1772937311.2450624,15.73439104798108
1772937311.24507,15.895874859034718
1772937311.245078,16.19551711079883
1772937311.2450857,16.65992609323631
1772937311.2450936,16.890464869140725
1772937311.2451012,16.807383400572668
1772937311.245109,17.025960286133895
1772937311.2451167,18.112354305579306
1772937311.2451243,19.65833665339685
1772937311.245132,20.577881541599965
1772937311.24514,20.41217090372408
1772937311.2451477,19.91391366229391
1772937311.2451556,20.029767909685816
1772937311.2451637,20.619084416032692
1772937311.2451715,20.728055418838743
1772937311.2451797,20.104713920850152
1772937311.2451875,19.76286040561487
1772937311.2451954,20.586380749026496
1772937311.2452035,21.8229040232294
1772937311.2452111,21.807515045458416
1772937311.2452192,20.2902367091113
1772937311.2452269,19.176526793527547
1772937311.2452347,20.206420734258888
1772937311.2452424,22.340542452667563
1772937311.2452502,22.657878901843745
1772937311.245258,20.2831494904037
1772937311.245266,18.3468945587294
1772937311.2452736,20.563860556398936
1772937311.2452817,25.685835760496175
1772937311.245289,26.751778346921952
1772937311.2452967,17.35730991893997
1772937311.2453046,-1.1423468112540074
1772937311.7249866,0.21014228637584528
1772937311.7250476,0.8445639544887026
1772937311.7250812,1.5158291426905695
1772937311.7251115,1.579136413749723
1772937311.7251384,1.024963900694288
1772937311.7251654,0.5853122195559854
1772937311.7252278,0.9421479487030665
1772937311.7252429,1.9525128605449609
1772937311.725258,2.8139303660964563
1772937311.7252693,2.952411066967841
1772937311.7252805,2.5617835121158152
1772937311.725292,2.2174936650701538
1772937311.7253046,2.153667485162321
1772937311.725316,2.130969969055379
1772937311.7253268,1.9672172030041137
1772937311.7253385,1.9323122766494316
1772937311.72535,2.44671535765081
1772937311.7253616,3.4876113042115087
1772937311.7253737,4.499193077738021
1772937311.7253857,4.944348265549021
1772937311.725397,4.829854703443074
1772937311.7254083,4.610874113090971
1772937311.725422,4.662280294875387
1772937311.725434,4.962668224527079
1772937311.7254467,5.2723190174644
1772937311.725458,5.4775623872461034
1772937311.7254992,5.684814062145696
1772937311.7255108,6.048459537821413
1772937311.725582,6.596844661657817
1772937311.7255943,7.202044427565647
1772937311.7256055,7.640121857723169
1772937311.7256167,7.703049335394697
1772937311.7256277,7.382079733415138
1772937311.7256389,7.006852764228081
1772937311.72565,7.093908519071223
1772937311.7256615,7.890359936133888
1772937311.7256727,9.035595938380329
1772937311.7256837,9.790131462998845
1772937311.7256951,9.694829251817952
1772937311.725706,8.980676582160587
1772937311.7257175,8.282975289493628
1772937311.7257288,8.005480800054421
1772937311.7257397,8.05281480609937
1772937311.7257507,8.13980970742642
1772937311.7257617,8.180310085138771
1772937311.7257724,8.270938623023728
1772937311.7257833,8.422614522316543
1772937311.725794,8.51680329692122
1772937311.7258048,8.541600611786158
1772937311.7258162,8.67544814797243
1772937311.7258296,9.008748705006248
1772937311.7258408,9.312950269958975
1772937311.7258527,9.300193475104289
1772937311.7258644,9.098643084379834
1772937311.725876,9.222263804106202
1772937311.7258878,9.920243654803013
1772937311.7258992,10.729785508068511
1772937311.725911,10.95454715240691
1772937311.7259223,10.591481374480193
1772937311.7259343,10.487985408264839
1772937311.7259457,11.372051033808251
1772937311.725958,12.886584625003668
1772937311.7259696,13.894667794242764
1772937311.7259812,13.773108509609456
1772937311.725993,13.113460123956543
1772937311.7260048,12.948210833492729
1772937311.7260168,13.489933459898408
1772937311.7260287,13.988262358362258
1772937311.72604,13.836733515786168
1772937311.7260509,13.423662520931897
1772937311.7260616,13.592493433995937
1772937311.7260733,14.464973290960382
1772937311.7260857,15.247720998572696
1772937311.726097,15.307445429425668
1772937311.7261088,15.056396950150512
1772937311.726121,15.41181931975815
1772937311.726132,16.513557317745274
1772937311.7261446,17.418872977353455
1772937311.7261565,17.224516207739512
1772937311.7261684,16.17695584785867
1772937311.7261803,15.349964794499911
1772937311.7261927,15.354476403947356
1772937311.7262049,15.760223844377528
1772937311.7262175,15.867243657143204
1772937311.7262297,15.656536075889578
1772937311.7262416,15.64044939181618
1772937311.7262535,15.974639218125246
1772937311.7262654,16.213979295363675
1772937311.7262769,16.068551140511335
1772937311.726288,15.97061658299811
1772937311.7262995,16.491100184695373
1772937311.7263107,17.379557508031112
1772937311.7263224,17.714415059996526
1772937311.726334,17.15595132561776
1772937311.7263455,16.603012083607947
1772937311.7263575,17.16908817546931
1772937311.726369,18.683591773824954
1772937311.7263808,19.75674165464513
1772937311.7263923,19.479580382199995
1772937311.726404,18.586202072974423
1772937311.7264156,18.50013374847663
1772937311.7264273,19.483165171628606
1772937311.7264388,20.355158001838387
1772937311.7264507,20.15601206864446
1772937311.7264628,19.451083661167416
1772937311.726474,19.448930182738536
1772937311.7264855,20.179870771643728
1772937311.7264972,20.409868925666487
1772937311.7265084,19.563055053943362
1772937311.7265196,18.89267792451555
1772937311.7265308,19.89958526826708
1772937311.7265418,21.914387629402917
1772937311.7265527,22.467874242233474
1772937311.726564,20.6417283120176
1772937311.726575,19.10158883224657
1772937311.7265863,21.287550589295957
1772937311.7265975,26.253470979457607
1772937311.726609,27.594745623355315
1772937311.7266204,19.063600910556104
1772937311.7266316,1.55923531175688
1772937312.2043977,-0.7086601360415189
1772937312.2044363,-1.3356640252737788
1772937312.2044623,-0.6208370095015362
1772937312.2044847,0.5938027273675198
1772937312.2045083,1.2399486329438296
1772937312.2045314,1.1370299568917317
1772937312.2045543,0.9675427047329559
1772937312.2045774,1.301883476999391
1772937312.2045968,1.9427220071049038
1772937312.2046106,2.302695284810474
1772937312.2046201,2.1944150177154227
1772937312.2046347,2.0155492738464735
1772937312.2046432,2.204250535376965
1772937312.2046516,2.738561238012797
1772937312.204661,3.2590048602512436
1772937312.2046692,3.536261063996163
1772937312.204678,3.6624308195756603
1772937312.2046857,3.8283360503216173
1772937312.2046933,4.073077974497531
1772937312.2047012,4.29625486079116
1772937312.2047088,4.407113143300507
1772937312.2047167,4.389429644630474
1772937312.2047243,4.300971081541809
1772937312.2047322,4.308623714979996
1772937312.2047398,4.660627241485624
1772937312.2047472,5.454187723175121
1772937312.2047548,6.385229510320072
1772937312.2047627,6.885076396651135
1772937312.2047703,6.668190611866316
1772937312.204778,6.111332592204705
1772937312.204785,5.928807755300202
1772937312.2047927,6.416794855982034
1772937312.2048004,7.133414402401064
1772937312.2048085,7.418998720846362
1772937312.204816,7.145268625892286
1772937312.2048235,6.80152126193634
1772937312.204831,6.863445848846404
1772937312.2048388,7.2710256337103765
1772937312.2048464,7.634982284315925
1772937312.2048542,7.809932422877035
1772937312.204862,8.037748209625654
1772937312.2048695,8.517024126301672
1772937312.204877,9.053481540594941
1772937312.2048845,9.296047328133223
1772937312.204892,9.21573024522873
1772937312.2048995,9.146591129360022
1772937312.2049072,9.338419441826522
1772937312.2049148,9.656818272546621
1772937312.2049224,9.83716600752056
1772937312.2049298,9.898091448306142
1772937312.2049372,10.100769229251954
1772937312.2049448,10.512461601658757
1772937312.2049525,10.822232952605841
1772937312.20496,10.706171262786166
1772937312.2049675,10.246642041580317
1772937312.2049751,9.820758451812003
1772937312.2049828,9.626810198886218
1772937312.2049904,9.527853757646666
1772937312.204998,9.409636620499061
1772937312.2050054,9.471313432681963
1772937312.205013,9.951942795472183
1772937312.205021,10.662109060598716
1772937312.2050283,11.068349424047423
1772937312.2050357,10.935018423030208
1772937312.2050436,10.668834983047836
1772937312.2050512,10.819911011811673
1772937312.2050588,11.34844046080351
1772937312.2050662,11.665669356021743
1772937312.2050738,11.446898691989485
1772937312.2050812,11.120883856561774
1772937312.2050889,11.320705196586077
1772937312.2050965,12.004575300979587
1772937312.205104,12.472914895895368
1772937312.2051115,12.32432426847876
1772937312.205119,12.069351170352533
1772937312.2051265,12.514029231402494
1772937312.205134,13.684941468957332
1772937312.2051415,14.74215481572157
1772937312.2051492,15.029022426332263
1772937312.2051566,14.859500821723318
1772937312.2051644,14.985194368192747
1772937312.205172,15.499400286973597
1772937312.2051797,15.731892994458983
1772937312.2051868,15.312173424044847
1772937312.2051945,14.891673437897083
1772937312.205202,15.40172486308294
1772937312.2052097,16.752153502236396
1772937312.2052171,17.766483413418502
1772937312.2052248,17.571796798265407
1772937312.2052324,16.67323779974362
1772937312.20524,16.282229382290126
1772937312.2052472,16.768401949278704
1772937312.2052548,17.28226867614301
1772937312.2052622,17.016713350924505
1772937312.2052696,16.357873221416618
1772937312.2052772,16.35232869327684
1772937312.2052848,17.25705920630957
1772937312.2052925,18.207214920065237
1772937312.2053,18.453808861664832
1772937312.2053075,18.391519225246995
1772937312.2053149,18.88615704444401
1772937312.2053225,19.874536262955967
1772937312.20533,20.343087911789066
1772937312.2053375,19.848733637823244
1772937312.2053452,19.38724370804899
1772937312.2053528,20.13528185721436
1772937312.2053604,21.651996490525676
1772937312.2053678,22.219418625591885
1772937312.2053752,21.211636913745775
1772937312.2053828,20.294010100574788
1772937312.2053907,21.406208531943673
1772937312.205398,23.877111406661797
1772937312.2054057,24.77531337118499
1772937312.205413,22.7028553251018
1772937312.2054207,20.270315883620803
1772937312.2054281,21.298615854015015
1772937312.205436,25.297717609673068
1772937312.2054436,26.083359499453074
1772937312.2054513,17.394323248012494
1772937312.2054589,0.043870311777694494
1772937312.265388,20.831966967033996
1772937312.2654145,20.184561697491695
1772937312.265426,21.23031713606922
1772937312.2654352,23.269074313413913
1772937312.2654438,23.567490140919425
1772937312.265454,21.1227547028006
1772937312.2654643,18.79672450785779
1772937312.265473,20.227475395282898
1772937312.2654824,24.495657327908724
1772937312.2654903,25.249040862828792
1772937312.2654989,16.514185205979295
1772937312.2655067,-0.5579099713214112
1772937312.7232304,73322.75028911853
1772937312.7232716,36116.378103143914
1772937312.7233026,-4845.135638085818
1772937312.7233293,-19074.106065312273
1772937312.7233558,-6512.639567089237
1772937312.7233827,8945.69875623127
1772937312.7234108,8973.759620844347
1772937312.7234416,-1926.2763541547279
1772937312.7234678,-7755.667362161354
1772937312.7234943,-2505.813788326437
1772937312.7235172,4886.435962376908
1772937312.7235255,4604.960212895082
1772937312.7235334,-1608.1725484644408
1772937312.723542,-4701.161929807986
1772937312.7235498,-1120.0609850831415
1772937312.723558,3439.8841757914793
1772937312.7235663,2807.4988737298054
1772937312.7235744,-1491.6467118391333
1772937312.723582,-3252.331138248402
1772937312.72359,-414.0409282993015
1772937312.723598,2675.8323138924547
1772937312.7236059,1813.2120535798977
1772937312.7236137,-1417.774499578615
1772937312.7236216,-2383.444598972573
1772937312.7236297,14.00785079663503
1772937312.7236373,2180.743026491829
1772937312.7236452,1165.5927126541505
1772937312.7236528,-1358.796717449362
1772937312.7236607,-1785.289290718596
1772937312.723668,306.53608741053404
1772937312.7236757,1823.4566945803635
1772937312.7236836,703.9143826158592
1772937312.7236912,-1301.5403293266156
1772937312.723699,-1333.8763384235003
1772937312.7237067,517.5635643700186
1772937312.7237146,1535.2228819127286
1772937312.723722,342.25319358636256
1772937312.72373,-1249.1128669851985
1772937312.7237377,-971.1896675417819
1772937312.7237456,679.9320834207772
1772937312.7237532,1292.8819257336334
1772937312.723761,49.9678968972005
1772937312.7237687,-1191.2144808059134
1772937312.7237768,-660.5373043988477
1772937312.7237844,807.7037963129561
1772937312.7237923,1071.8584883143847
1772937312.7238,-203.58824177459442
1772937312.723808,-1130.383231948476
1772937312.7238157,-381.51903824653107
1772937312.7238233,914.157230879724
1772937312.723831,865.676287617825
1772937312.7238388,-427.35570315112545
1772937312.7238464,-1059.1002193016438
1772937312.723854,-116.22689644229598
1772937312.7238617,1006.0417026399048
1772937312.7238693,662.1338610190437
1772937312.7238772,-637.6634226817913
1772937312.7238848,-981.3810227096877
1772937312.7238927,141.04392294387753
1772937312.7239003,1083.7347468612365
1772937312.723908,451.3511358747729
1772937312.7239156,-842.5071128581827
1772937312.7239232,-891.4877344873485
1772937312.7239308,404.3153016800294
1772937312.7239387,1153.7006820724798
1772937312.7239463,227.28393679817324
1772937312.7239542,-1048.2009228431039
1772937312.7239618,-784.2449474345788
1772937312.7239695,684.0716162510882
1772937312.7239776,1215.1781861812603
1772937312.7239852,-25.574279423859554
1772937312.7239928,-1268.4176555418867
1772937312.7240005,-655.7450417254588
1772937312.724008,995.0583457595618
1772937312.7240155,1272.9107847059481
1772937312.7240233,-318.13577352631125
1772937312.7240312,-1510.3315689650346
1772937312.7240388,-491.50183520544226
1772937312.7240465,1361.1534099893731
1772937312.724054,1329.50998056715
1772937312.7240646,-676.0955859244359
1772937312.7240765,-1796.3542338657214
1772937312.7240896,-280.12670946995473
1772937312.7241013,1811.2780468973
1772937312.7241135,1384.3815037460722
1772937312.7241251,-1140.585306278948
1772937312.7241397,-2156.119151227136
1772937312.724152,10.95275736269611
1772937312.7241645,2409.3004065323707
1772937312.7241764,1444.1841105851067
1772937312.7241871,-1787.1809858556646
1772937312.7241952,-2650.544905645283
1772937312.724203,439.3270877660632
1772937312.724211,3278.5443752056835
1772937312.7242188,1518.6045236386208
1772937312.7242265,-2781.002476351574
1772937312.7242343,-3414.566993509495
1772937312.724242,1144.9601218691823
1772937312.7242496,4726.933103692242
1772937312.7242577,1634.9120552240788
1772937312.7242653,-4578.4656819802185
1772937312.7242732,-4860.904853385505
1772937312.7242808,2531.4061218062857
1772937312.7242887,7782.7416513347935
1772937312.7242966,1954.2153139245422
1772937312.7243044,-8947.60490762973
1772937312.7243123,-8922.803824308428
1772937312.7243202,6534.550695248833
1772937312.7243285,19098.90634040196
1772937312.7243361,4872.677036742182
1772937312.724344,-36093.08719941282
1772937312.724352,-73313.28051505446
1772937313.2099326,-74080.82134646099
1772937313.2099683,-37336.100455709646
1772937313.2099953,4882.773190612829
1772937313.2100217,20324.4278874873
1772937313.210052,7228.733023869965
1772937313.2100785,-9763.98799990695
1772937313.2101054,-10174.55220498767
1772937313.210132,2035.829494832669
1772937313.2101588,9035.441143663613
1772937313.2101853,3174.096924876867
1772937313.2102122,-5757.6921449767415
1772937313.2102337,-5784.927996515678
1772937313.210242,1788.964073488833
1772937313.21025,6008.3227328062285
1772937313.210258,1736.0797835368862
1772937313.2102656,-4370.417371250186
1772937313.2102735,-3971.3849107603837
1772937313.2102814,1743.1608453493086
1772937313.2102892,4589.20344692177
1772937313.210297,979.8462123868002
1772937313.2103047,-3663.9305224757395
1772937313.2103128,-2956.7711423577
1772937313.2103207,1747.1054450098895
1772937313.2103288,3754.8314370967255
1772937313.2103367,498.5099420078319
1772937313.2103448,-3236.21835910735
1772937313.210353,-2297.9199486032853
1772937313.2103605,1763.222042753257
1772937313.2103684,3193.262457232323
1772937313.210376,154.8922430501869
1772937313.210384,-2944.3680842283725
1772937313.2103918,-1819.6814026134957
1772937313.2103996,1789.8218044761081
1772937313.2104075,2783.7175503448916
1772937313.210415,-111.92903791594226
1772937313.2104228,-2733.3050769909783
1772937313.2104304,-1450.0356604627013
1772937313.2104383,1821.384916440311
1772937313.210446,2466.530805689179
1772937313.2104535,-330.8804562004688
1772937313.2104611,-2572.6528066634514
1772937313.2104692,-1150.0722755043503
1772937313.2104769,1854.0720680030736
1772937313.2104847,2206.600201429467
1772937313.2104926,-520.1569211701872
1772937313.2105005,-2444.665822950265
1772937313.210508,-893.8381266693044
1772937313.210516,1890.1568281956922
1772937313.2105238,1985.7945217264482
1772937313.2105317,-691.0439132017344
1772937313.2105396,-2340.7020519014895
1772937313.2105474,-666.8647843018771
1772937313.210555,1932.0206585214091
1772937313.2105625,1796.3403754363899
1772937313.21057,-845.9079870435354
1772937313.210578,-2251.920490322835
1772937313.210586,-460.7589105980527
1772937313.2105937,1974.8987437265023
1772937313.2106016,1623.5035004692209
1772937313.2106097,-994.5951460458718
1772937313.2106173,-2174.9779744916195
1772937313.2106256,-265.7562665657345
1772937313.2106333,2023.27607795554
1772937313.210641,1463.8233295574948
1772937313.2106488,-1141.524423932214
1772937313.210657,-2109.5674808022436
1772937313.2106645,-79.28229577325517
1772937313.2106724,2076.690702055824
1772937313.2106802,1314.3116501224856
1772937313.2106879,-1286.179425238503
1772937313.2106955,-2048.77806730872
1772937313.2107034,106.60420783760178
1772937313.2107112,2136.046526719521
1772937313.210719,1167.4405330153568
1772937313.2107267,-1437.761988064734
1772937313.2107344,-1996.6340820371609
1772937313.2107425,292.61450543711754
1772937313.21075,2201.2537706806884
1772937313.2107575,1019.9977201633675
1772937313.2107654,-1598.3198986617658
1772937313.2107732,-1948.9478440476898
1772937313.210781,487.8414324545695
1772937313.2107885,2279.6985809806943
1772937313.2107964,873.8649223227412
1772937313.2108042,-1768.2054610519895
1772937313.210812,-1903.529391462844
1772937313.21082,695.3202243578742
1772937313.210828,2368.19344774648
1772937313.2108357,717.1420068569838
1772937313.210843,-1960.2099017142134
1772937313.2108512,-1863.4820731189443
1772937313.210859,922.4371274978074
1772937313.2108667,2474.5428591167974
1772937313.210874,550.0694523026848
1772937313.2108817,-2177.1353918794766
1772937313.210889,-1824.5938701097364
1772937313.2108972,1179.931841705389
1772937313.2109048,2602.46096455713
1772937313.2109125,360.0349719953316
1772937313.21092,-2437.7853975898724
1772937313.2109277,-1792.1526907492216
1772937313.2109356,1479.992154484314
1772937313.2109435,2762.986467097525
1772937313.210951,140.3114538067272
1772937313.2109587,-2756.128133652838
1772937313.2109663,-1761.3286689140002
1772937313.2109745,1849.8530607469193
1772937313.210982,2974.878369784464
1772937313.21099,-125.95568625996401
1772937313.2109976,-3165.892055060569
1772937313.2110052,-1735.4343908330356
1772937313.2110128,2327.3020913764044
1772937313.2110207,3265.595186603091
1772937313.2110283,-471.51151149029704
1772937313.211036,-3729.390824304046
1772937313.2110436,-1718.7710342732141
1772937313.2110517,2990.9082603871557
1772937313.211059,3699.4552465271763
1772937313.2110667,-953.9248606832017
1772937313.2110744,-4582.400633013522
1772937313.608795,658.4148425792092
1772937313.6088338,763.9155564596886
1772937313.6088605,1838.9685420559438
1772937313.6088865,2382.910231222717
1772937313.6089127,1630.4015823276955
1772937313.6089396,627.0319067766989
1772937313.6089664,776.3592556835001
1772937313.6089988,1876.8120933916994
1772937313.6090255,2393.0754954589884
1772937313.6090524,1597.1459310975104
1772937313.6090608,594.5318333973912
1772937313.6090684,789.9591387140988
1772937313.6090765,1921.038568101243
1772937313.6090846,2410.86718658261
1772937313.6090925,1566.2109488933097
1772937313.6091,558.2195562349285
1772937313.609108,799.3623111022248
1772937313.609116,1965.1077116398774
1772937313.609124,2429.916704898431
1772937313.6091316,1532.831909209657
1772937313.6091392,516.5743227956657
1772937313.6091468,807.2169438016064
1772937313.6091552,2014.696876180989
1772937313.609163,2455.85819811436
1772937313.609171,1499.8235277872761
1772937313.6091788,469.37578134127
1772937313.6091866,812.3359015398015
1772937313.6091945,2069.430276519946
1772937313.6092024,2488.8256622116896
1772937313.6092103,1466.5558210230836
1772937313.609218,415.2933357424601
1772937313.6092255,814.2485232245149
1772937313.6092331,2130.3695293470155
1772937313.609241,2529.629764806015
1772937313.6092489,1431.2021513900152
1772937313.6092565,350.0674451814708
1772937313.609264,809.2469500363997
1772937313.609272,2196.694770138223
1772937313.6092796,2579.4194601842332
1772937313.6092875,1394.5641694436702
1772937313.6092951,274.23697919030894
1772937313.609303,800.1614195635741
1772937313.6093109,2274.180206122706
1772937313.6093187,2642.9742682350925
1772937313.6093264,1355.7307081712056
1772937313.609334,182.01994205410824
1772937313.6093416,782.6830559390262
1772937313.6093495,2364.2728955331295
1772937313.6093576,2723.93226155332
1772937313.6093652,1313.517942561206
1772937313.6093729,66.6782708743645
1772937313.6093805,751.9799815352965
1772937313.6093884,2470.069375730034
1772937313.609396,2829.160388270274
1772937313.6094036,1269.225478389869
1772937313.6094112,-77.31021789017827
1772937313.609419,705.4941202726569
1772937313.6094267,2599.2563569395375
1772937313.6094348,2968.9326405660645
1772937313.6094425,1221.1478762324969
1772937313.60945,-264.4065255365054
1772937313.609458,633.6634747411825
1772937313.6094658,2761.1496522904076
1772937313.6094737,3160.2879764062677
1772937313.6094816,1169.455229306628
1772937313.6094897,-514.7843598292206
1772937313.6094975,523.7778283229579
1772937313.6095054,2974.0998925965473
1772937313.6095133,3434.0090330658213
1772937313.609521,1113.6865369318537
1772937313.6095285,-868.4038868888218
1772937313.6095362,345.95964473187985
1772937313.609544,3265.2189089987364
1772937313.6095517,3845.209060338001
1772937313.6095593,1055.91101043306
1772937313.6095667,-1396.763895685969
1772937313.6095746,47.53581497255101
1772937313.6095827,3696.000568236666
1772937313.6095903,4514.482203660882
1772937313.609598,1002.5016999609686
1772937313.6096056,-2263.4963240635902
1772937313.6096132,-503.28844153498744
1772937313.6096213,4404.170742209065
1772937313.609629,5742.524444832996
1772937313.6096368,977.85702569051
1772937313.6096444,-3917.6091326204714
1772937313.6096523,-1709.2399730326217
1772937313.6096606,5792.357380049228
1772937313.6096685,8544.428597349293
1772937313.609676,1132.5033177542707
1772937313.6096835,-8122.109516408946
1772937313.6096911,-5489.592680845612
1772937313.609699,9800.832383483543
1772937313.6097069,19563.376878380637
1772937313.6097145,3857.1573716414005
1772937313.6097221,-35065.00004743086
1772937313.6097298,-69528.58646801108
1772937313.7352622,2991.9974316509265
1772937313.7353,2275.841148373744
1772937313.7353256,345.8230857843529
1772937313.7353334,-98.82812430914561
1772937313.73534,1688.420228074566
1772937313.7353468,3293.20144898961
1772937313.7353563,2384.2856665030617
1772937313.7353663,73.86441602963826
1772937313.735376,-413.3173871945331
1772937313.7353857,1789.1842662692995
1772937313.7353933,3738.7735661026927
1772937313.7353992,2582.33216992782
1772937313.7354057,-321.44507272654926
1772937313.7354114,-942.1160732255746
1772937313.7354171,1889.4624500530463
1772937313.7354228,4476.237245731251
1772937313.7354283,3012.2563332449085
1772937313.7354343,-944.7191673414627
1772937313.73544,-1995.5574788039412
1772937313.735446,1891.0054044581152
1772937313.7354517,5940.557486136113
1772937313.7354574,4246.40925176578
1772937313.7354631,-2049.967323905308
1772937313.7354689,-4941.670369035119
1772937313.7354743,885.3551166955348
1772937313.7354803,10225.481297072676
1772937313.735486,11167.43051090519
1772937313.7354915,-3171.4000054600165
1772937313.7354975,-28032.93327124205
1772937313.7355027,-52150.1628397472
1772937313.7674432,-67468.98267980384
1772937314.248135,-36164.93613635923
1772937314.248172,4916.525194750235
1772937314.248203,19183.090784261578
1772937314.24823,6518.123980775043
1772937314.248257,-9043.565387420327
1772937314.248284,-9028.992880791095
1772937314.248311,2004.8304450510386
1772937314.2483375,7875.72863483719
1772937314.2483642,2516.3551615484553
1772937314.248391,-4986.349033722076
1772937314.2484179,-4662.490282002616
1772937314.2484448,1689.5852484656032
1772937314.2484572,4826.619721419476
1772937314.2484653,1132.0590103584555
1772937314.2484732,-3543.4568144107666
1772937314.2484813,-2867.8901957562307
1772937314.2484891,1575.8653150265309
1772937314.2484968,3383.2073106064845
1772937314.2485049,427.37348624026475
1772937314.248513,-2782.611035152289
1772937314.2485209,-1874.1893543512067
1772937314.2485292,1508.814355478016
1772937314.248538,2523.1722094232596
1772937314.248546,0.8737957979750354
1772937314.2485538,-2293.7180822331616
1772937314.2485616,-1230.4084053182783
1772937314.2485695,1455.8828178697793
1772937314.248577,1935.1949313136456
1772937314.2485847,-289.350358379093
1772937314.2485929,-1944.0593008245264
1772937314.2486005,-775.1802667583288
1772937314.2486084,1402.5697508566852
1772937314.248616,1492.3872376622567
1772937314.248636,-500.13043716894464
1772937314.2486439,-1665.5921337272753
1772937314.248652,-420.1424341868204
1772937314.2486596,1356.7458461649264
1772937314.2486675,1141.6454016298214
1772937314.248675,-660.9835414077505
1772937314.2486827,-1433.2495210690136
1772937314.2486908,-132.58224071425386
1772937314.2486987,1311.189150188123
1772937314.248706,848.9444654954569
1772937314.2487137,-786.465361030356
1772937314.2487216,-1227.6487122322303
1772937314.2487292,109.45213832239993
1772937314.2487369,1259.2835735514257
1772937314.2487447,587.1975071837642
1772937314.2487524,-892.1849578429833
1772937314.2487605,-1039.1947632896454
1772937314.248768,323.5221493947283
1772937314.248776,1205.404882796257
1772937314.2487836,348.8695591927115
1772937314.2487912,-980.9283812760665
1772937314.2487988,-859.4486905544335
1772937314.2488074,517.7207445419402
1772937314.2488155,1145.60819645454
1772937314.2488236,122.98348587660631
1772937314.2488315,-1056.0171767240117
1772937314.2488394,-679.6405718352925
1772937314.2488472,701.5427008530223
1772937314.248855,1078.3263133582282
1772937314.2488627,-100.29049987370753
1772937314.2488708,-1122.9386292333234
1772937314.2488785,-495.39255272616913
1772937314.2488863,881.5825064117515
1772937314.248894,1003.3395975898953
1772937314.2489018,-325.8724171391819
1772937314.2489097,-1181.943969291121
1772937314.2489176,-299.89621497059477
1772937314.2489257,1062.9511730697948
1772937314.2489336,916.3672832194641
1772937314.2489414,-562.3463411536088
1772937314.2489493,-1233.8790062701369
1772937314.2489572,-83.7634862034946
1772937314.2489653,1253.6363770299781
1772937314.2489731,813.0549324756313
1772937314.2489808,-821.7295676270254
1772937314.2489889,-1284.0454496411955
1772937314.2489965,158.62515593790752
1772937314.2490044,1457.7739516878655
1772937314.2490127,684.6483908169763
1772937314.2490208,-1117.6947168177558
1772937314.2490287,-1331.9040839328886
1772937314.2490363,445.5501417508164
1772937314.2490442,1690.810326862544
1772937314.2490518,524.6260341132139
1772937314.2490597,-1468.7672092777966
1772937314.2490675,-1379.7034559065403
1772937314.2490757,797.8444019638158
1772937314.2490833,1967.7067273019463
1772937314.249091,315.30054875686113
1772937314.2490988,-1906.6840152463712
1772937314.2491066,-1426.2588908084908
1772937314.2491145,1258.9823043929493
1772937314.249122,2320.2603304206505
1772937314.24913,24.598640409610585
1772937314.249138,-2497.1815616338804
1772937314.2491455,-1481.994779408849
1772937314.2491531,1900.635443456582
1772937314.249161,2807.6259296046205
1772937314.2491689,-403.2775436353362
1772937314.2491765,-3358.5389146437246
1772937314.2491844,-1549.9155009831695
1772937314.2491922,2894.436934025236
1772937314.2492,3569.749103329313
1772937314.2492075,-1105.814514742148
1772937314.2492156,-4799.7047859035065
1772937314.2492237,-1662.232563253203
1772937314.2492313,4689.064351163223
1772937314.2492394,5011.733257052085
1772937314.2492473,-2490.631745958504
1772937314.2492547,-7847.761929140828
1772937314.2492626,-1974.9806407300941
1772937314.2492704,9058.072874479672
1772937314.249278,9070.255014117987
1772937314.249286,-6491.750716667773
1772937314.2492974,-19153.482925486827
1772937314.2493052,-4884.354616160238
1772937314.2493136,36192.03651738343
1772937314.2493212,73411.6148549386
1772937314.7289627,1590.946504417074
1772937314.7290027,-53.735838779577634
1772937314.7290292,-1622.6816488587767
1772937314.7290556,-907.9180521283569
1772937314.7290823,1089.3555439659317
1772937314.7291088,1562.2407012162264
1772937314.729136,-156.7905994340363
1772937314.7291625,-1652.77231446844
1772937314.7291892,-819.2902976414821
1772937314.729216,1176.6902673769018
1772937314.7292426,1528.3677402650026
1772937314.7292695,-264.6529777694114
1772937314.7292778,-1683.9486265691346
1772937314.7292857,-727.6686974667455
1772937314.7292933,1267.496222932345
1772937314.7293012,1494.3917119503353
1772937314.7293117,-376.3096946996027
1772937314.729324,-1719.0396535239358
1772937314.7293358,-637.5517786660623
1772937314.7293468,1357.8032643873385
1772937314.729359,1458.539670676988
1772937314.7293718,-490.1059772982099
1772937314.7293828,-1752.9116080739755
1772937314.7293906,-542.4938724566058
1772937314.7293985,1451.6580408228901
1772937314.7294066,1419.926051217733
1772937314.7294145,-610.9805572512577
1772937314.7294223,-1791.0539489674677
1772937314.7294302,-445.4480796210943
1772937314.7294383,1549.3180155776972
1772937314.729446,1381.069585516179
1772937314.729454,-734.9395460014392
1772937314.729462,-1828.4326016535213
1772937314.7294695,-341.58714483577455
1772937314.7294776,1653.369435386474
1772937314.7294855,1341.5210621631948
1772937314.7294939,-863.5841735287597
1772937314.7295015,-1864.9523548628458
1772937314.7295096,-228.69106915058254
1772937314.7295175,1765.311588802059
1772937314.729525,1299.070752105632
1772937314.729533,-1002.4798400141229
1772937314.7295413,-1906.2943363175095
1772937314.729549,-110.13808054663416
1772937314.7295568,1883.5512040613519
1772937314.7295647,1252.4429112973037
1772937314.7295723,-1152.1597113011903
1772937314.72958,-1950.654103573545
1772937314.729588,17.576054034122965
1772937314.7295957,2009.6501534686033
1772937314.7296035,1198.6265200340245
1772937314.7296114,-1317.8514119199942
1772937314.7296195,-2000.0032559949145
1772937314.729627,158.12396837393194
1772937314.729635,2149.40263418316
1772937314.7296429,1140.5177852893426
1772937314.7296507,-1500.0199735086412
1772937314.7296586,-2054.3351064936955
1772937314.729666,314.1143612114411
1772937314.729674,2305.3411604603316
1772937314.7296815,1077.5540410031654
1772937314.7296891,-1700.0768674415883
1772937314.7296968,-2110.623329055435
1772937314.7297046,493.1339932922558
1772937314.7297125,2481.96167827454
1772937314.7297204,1004.1261452995818
1772937314.729728,-1930.610022647102
1772937314.7297356,-2177.836143362781
1772937314.7297432,695.168424565455
1772937314.7297509,2682.0142809077192
1772937314.7297587,917.3680280687281
1772937314.7297666,-2197.9546103844814
1772937314.7297745,-2255.2740099226567
1772937314.729782,931.3232802436654
1772937314.7297895,2916.034370690274
1772937314.7297976,815.316062939081
1772937314.7298052,-2512.1192677430854
1772937314.7298129,-2344.2303997916733
1772937314.7298205,1214.9774561396525
1772937314.7298284,3196.2732161571917
1772937314.7298362,691.1672274264936
1772937314.729844,-2892.730383349362
1772937314.7298517,-2451.830177784819
1772937314.7298596,1561.5549250771223
1772937314.7298675,3537.9410432801888
1772937314.729875,532.9940823578278
1772937314.7298832,-3369.558949007861
1772937314.7298908,-2586.7337606563624
1772937314.7298987,1999.1851306825406
1772937314.7299063,3969.8278632829015
1772937314.729914,326.7397046915195
1772937314.729922,-3984.9015599608633
1772937314.72993,-2755.8128515732556
1772937314.729938,2581.8271227007594
1772937314.729946,4543.7134404709
1772937314.7299538,44.51725566544826
1772937314.7299614,-4822.134638309076
1772937314.7299693,-2982.3443110506196
1772937314.729977,3397.7426776849024
1772937314.7299848,5347.102946888394
1772937314.7299926,-373.73842991228696
1772937314.7300005,-6044.917067399463
1772937314.730008,-3303.4626504975267
1772937314.730016,4646.498643895033
1772937314.7300239,6580.8944202115945
1772937314.7300315,-1057.9753069910078
1772937314.7300396,-8033.8533701414935
1772937314.7300477,-3808.9178383235876
1772937314.7300556,6834.317950499777
1772937314.7300632,8770.550073824663
1772937314.730071,-2409.5464438107806
1772937314.7300787,-11984.003130563944
1772937314.7300863,-4793.123596258381
1772937314.7300942,11870.261028067795
1772937314.730102,14157.942834341507
1772937314.7301097,-6332.042741859803
1772937314.7301176,-24992.552017692138
1772937314.7301254,-9052.840695586685
1772937314.7301333,40355.08244130039
1772937314.7301407,81433.66335713885
1772937315.208279,1.0462831500217809
1772937315.2083232,1.1156042600285736
1772937315.2083554,1.7913490803736813
1772937315.208382,2.2831042112620827
1772937315.2084084,2.2192370235865058
1772937315.208435,2.0789742780757297
1772937315.208462,2.4903956955503634
1772937315.2084885,3.328670031851227
1772937315.208515,3.8060930928596663
1772937315.2085414,3.4409202615544348
1772937315.208568,2.651910180051025
1772937315.208588,2.2403934801204812
1772937315.2086012,2.471406831862917
1772937315.2086143,2.920080162920992
1772937315.208629,3.1653647586817644
1772937315.2086437,3.3097201428082244
1772937315.208653,3.6515875458789013
1772937315.208662,4.078365196410407
1772937315.2086706,4.124944227959783
1772937315.2086785,3.65150101272203
1772937315.2086866,3.156737000117746
1772937315.2086947,3.206666028106124
1772937315.2087033,3.7056455175620493
1772937315.2087111,4.022304388364573
1772937315.2087193,3.8580206642199157
1772937315.208728,3.711299275079239
1772937315.208736,4.275622276072292
1772937315.2087443,5.508616907546529
1772937315.2087526,6.575755187638538
1772937315.2087605,6.7736351335282645
1772937315.208768,6.303706137459329
1772937315.2087765,5.981015074215553
1772937315.208784,6.299991626926006
1772937315.2087924,7.002125053767812
1772937315.2088008,7.551748356204117
1772937315.208809,7.7898180481570645
1772937315.2088172,7.959331970188683
1772937315.2088249,8.230259937855273
1772937315.2088327,8.462585325070975
1772937315.2088406,8.489172976640493
1772937315.208851,8.431076945605314
1772937315.2088633,8.559646936984679
1772937315.2088757,8.909601428525534
1772937315.2088876,9.203658920240915
1772937315.2088969,9.199070860784271
1772937315.2089095,8.9896006767861
1772937315.2089224,8.891331308462227
1772937315.2089345,9.112720403500228
1772937315.2089472,9.633685470600925
1772937315.20896,10.347386832609805
1772937315.20897,11.16422618063834
1772937315.2089777,11.943807273126163
1772937315.2089856,12.473956375268695
1772937315.2089937,12.655640186386249
1772937315.2090015,12.665183554552852
1772937315.20901,12.796688690755262
1772937315.2090175,13.122246553009903
1772937315.2090256,13.420377169158304
1772937315.2090335,13.492293752867319
1772937315.209041,13.431393372553089
1772937315.2090487,13.451144805846154
1772937315.2090569,13.512148996987905
1772937315.2090647,13.320506525176418
1772937315.2090724,12.765628561491598
1772937315.2090805,12.197100519513555
1772937315.2090883,12.090598306050184
1772937315.2090962,12.486585640337587
1772937315.209104,12.949449145690986
1772937315.2091117,13.122800650352332
1772937315.209119,13.138085564629492
1772937315.2091343,13.326037298468405
1772937315.2091424,13.65708608387131
1772937315.20915,13.73429638999159
1772937315.2091577,13.384133226772065
1772937315.2091653,13.006992482740843
1772937315.2091737,13.138746737575595
1772937315.2091815,13.782333169105664
1772937315.2091894,14.432322668462437
1772937315.2091973,14.76549908851221
1772937315.209205,15.01579578689209
1772937315.2092128,15.48616422322741
1772937315.2092206,15.919769634097374
1772937315.2092283,15.73455907797952
1772937315.209236,14.910060139454822
1772937315.209244,14.268264722120621
1772937315.2092516,14.593578856892236
1772937315.2092595,15.657194798504158
1772937315.2092674,16.48513574650841
1772937315.2092752,16.596408090052822
1772937315.2092829,16.565226534730506
1772937315.2092905,17.105584247672507
1772937315.2092984,17.918681641265184
1772937315.2093065,17.973642003173467
1772937315.209314,16.967148413397798
1772937315.2093222,15.976350263669433
1772937315.20933,16.26172143475824
1772937315.2093377,17.682617136757013
1772937315.2093456,18.851610890501874
1772937315.209353,18.905679732843918
1772937315.209361,18.554779054498137
1772937315.2093692,18.976041104284107
1772937315.2093766,20.064945569159253
1772937315.2093844,20.51753744467377
1772937315.209392,19.723713381423984
1772937315.2093997,18.82233242424886
1772937315.2094076,19.259450996098348
1772937315.2094154,20.68256429130536
1772937315.2094233,21.192456631290202
1772937315.2094312,19.90139758074689
1772937315.2094388,18.374682160490636
1772937315.2094464,18.69539155785324
1772937315.2094543,20.489154574186127
1772937315.2094622,21.12064740260969
1772937315.20947,19.33911940882664
1772937315.209478,17.641013969561723
1772937315.2094855,19.474754506981764
1772937315.2094936,23.926484596864327
1772937315.2095015,24.670230570315603
1772937315.2095094,15.759011160460089
1772937315.209517,-1.448029364796128
1772937315.6893387,-1.5595069480959824
1772937315.6893804,-1.3083425502099681
1772937315.689408,-0.5421372680098894
1772937315.689437,0.033021263363365506
1772937315.6894653,-0.05038439693014243
1772937315.689494,-0.48112966748725194
1772937315.6895278,-0.5447642961304964
1772937315.6895556,0.06058285923640142
1772937315.6895828,0.9577745383826582
1772937315.6896095,1.6235958409331688
1772937315.6896365,1.983933230613607
1772937315.6896627,2.359481408218841
1772937315.6896713,2.9555438417605275
1772937315.6896791,3.622708168222101
1772937315.6896875,4.132596082226954
1772937315.6896951,4.4792313999112645
1772937315.6897035,4.760841851640376
1772937315.689711,4.884306031659251
1772937315.689719,4.6234357480886885
1772937315.6897268,4.02001841303843
1772937315.6897347,3.5360574266073668
1772937315.6897423,3.628700372540582
1772937315.68975,4.218070376223346
1772937315.689758,4.744425343458275
1772937315.6897657,4.793720884298626
1772937315.6897736,4.531400393273593
1772937315.6897814,4.4170271957750575
1772937315.6897893,4.593030575607752
1772937315.6897967,4.746050140549056
1772937315.6898048,4.6021146004026106
1772937315.6898127,4.380448587939382
1772937315.6898203,4.586548765739959
1772937315.6898284,5.385802152757153
1772937315.689836,6.3428448813858065
1772937315.689844,6.858597628592805
1772937315.6898515,6.789964741550162
1772937315.6898592,6.550918439736535
1772937315.6898668,6.6355440215354395
1772937315.6898744,7.136079977926281
1772937315.689882,7.736311775325305
1772937315.6898897,8.077989184565897
1772937315.6898975,8.06558374061127
1772937315.6899052,7.872972072313614
1772937315.689913,7.760085479346492
1772937315.689921,7.893250558627893
1772937315.6899283,8.247097414358857
1772937315.689936,8.608876110804225
1772937315.6899438,8.720342551835865
1772937315.6899517,8.507037403711246
1772937315.6899629,8.192818733513544
1772937315.6899705,8.133593035140413
1772937315.6899786,8.487649066711388
1772937315.6899865,9.052420432497001
1772937315.689994,9.44331308518479
1772937315.690002,9.42911534486587
1772937315.6900098,9.099825801034337
1772937315.6900177,8.759651774242931
1772937315.6900253,8.701059840386984
1772937315.6900332,9.033815574609555
1772937315.690041,9.614961551106095
1772937315.6900487,10.096698504994848
1772937315.6900563,10.142017636378538
1772937315.6900642,9.731454956885022
1772937315.690072,9.266937470022873
1772937315.6900797,9.253597486437936
1772937315.6900876,9.802649228968368
1772937315.6900954,10.519079163319761
1772937315.6901028,10.980053967602103
1772937315.6901107,11.27629839449888
1772937315.6901183,11.91413810744785
1772937315.690126,13.116273301749324
1772937315.6901333,14.364804568737432
1772937315.6901412,14.82719554685125
1772937315.6901488,14.243958000008556
1772937315.6901567,13.245789516531946
1772937315.6901643,12.723482961076272
1772937315.690172,13.000135299111008
1772937315.6901798,13.729137142151824
1772937315.6901877,14.477221208702723
1772937315.690195,15.146696853308887
1772937315.6902027,15.775359460095864
1772937315.6902103,16.20370436590005
1772937315.690218,16.237651376703404
1772937315.690226,16.083815634763077
1772937315.6902337,16.286188482825043
1772937315.6902413,17.049677175115097
1772937315.6902492,17.824990412734756
1772937315.6902568,17.855853595254796
1772937315.6902647,17.118622013525584
1772937315.6902723,16.43065514512092
1772937315.69028,16.50023012182751
1772937315.6902878,17.108218811354547
1772937315.6902955,17.4958329938079
1772937315.690303,17.42916737324582
1772937315.6903107,17.470319141809263
1772937315.6903183,18.070331475947068
1772937315.690326,18.787143998508196
1772937315.6903336,18.833631409089875
1772937315.6903412,18.27702201123176
1772937315.6903489,18.13601396212827
1772937315.6903565,19.029562975794008
1772937315.6903641,20.15051456942792
1772937315.690372,20.146372837707247
1772937315.6903796,18.95218279969356
1772937315.6903872,18.094930965949686
1772937315.6903949,18.809812523761273
1772937315.6904025,20.31961607924609
1772937315.69041,20.704954593079012
1772937315.6904175,19.453013653368448
1772937315.6904254,18.29801165095285
1772937315.6904333,18.953776014972792
1772937315.690441,20.568453020528683
1772937315.6904488,20.55187944076403
1772937315.6904564,18.19318463293891
1772937315.690464,16.35849529838545
1772937315.6904716,18.289160409533423
1772937315.6904795,22.693671606914485
1772937315.6904871,23.345228278245116
1772937315.6904948,14.810855228168652
1772937315.6905026,-1.4005977601949098
1772937316.0505207,3.804178636197994
1772937316.0505693,4.6297451889626355
1772937316.05059,5.4600726455963615
1772937316.0506036,5.723651131561011
1772937316.05064,5.515340886232903
1772937316.0506768,5.443401147661036
1772937316.0507092,5.869434536560611
1772937316.0507436,6.510876898343089
1772937316.050784,6.872067368215053
1772937316.0507965,6.8892362365380855
1772937316.050809,6.946751005158749
1772937316.0508213,7.303783846191476
1772937316.0508335,7.741338095014159
1772937316.0508676,7.883661101898921
1772937316.0508804,7.709002247611948
1772937316.0508924,7.545144179384825
1772937316.0509045,7.602649435564544
1772937316.0509193,7.734790982514929
1772937316.0509312,7.744163477144392
1772937316.0509436,7.743276155233447
1772937316.0509553,8.002435364855387
1772937316.0509672,8.492306235402783
1772937316.050979,8.82472410748779
1772937316.0509908,8.760251708044384
1772937316.0510027,8.609031647156266
1772937316.0510368,8.91631186073118
1772937316.051049,9.773374074226137
1772937316.051061,10.643852662090396
1772937316.0510724,10.958662899143372
1772937316.051084,10.738456435007658
1772937316.0510964,10.484393484652857
1772937316.0511081,10.548391221761328
1772937316.05112,10.830063685648497
1772937316.051132,11.11729688258798
1772937316.051144,11.479771752871738
1772937316.0511556,12.116477024733184
1772937316.0511675,12.916994346219683
1772937316.05118,13.451200632812562
1772937316.0511916,13.477486327106735
1772937316.0512035,13.260946774472874
1772937316.0512152,13.214160720628238
1772937316.0512269,13.346461110552564
1772937316.0512385,13.327465519612113
1772937316.0512505,13.105834659626353
1772937316.0512624,13.16403504166623
1772937316.0512743,13.921431715137482
1772937316.0512862,15.022995455166273
1772937316.0512981,15.557979848060787
1772937316.05131,15.088876513661175
1772937316.051322,14.231220303139814
1772937316.051334,13.997503489901893
1772937316.051346,14.672409120466877
1772937316.0513575,15.590288847442094
1772937316.0513692,16.023783095600795
1772937316.051381,15.997479326125244
1772937316.0513933,16.04316134830391
1772937316.0514052,16.373395618794166
1772937316.051417,16.65560910677237
1772937316.051429,16.61632531598926
1772937316.0514407,16.510877461326523
1772937316.0514522,16.75511472819983
1772937316.051464,17.3018721587083
1772937316.0514753,17.738528041204344
1772937316.0514867,17.976531504941335
1772937316.051499,18.439030876106248
1772937316.0515113,19.348178079722363
1772937316.0515237,20.146327854401367
1772937316.0515356,20.081997602085586
1772937316.0515473,19.330571565190557
1772937316.0515592,19.01884514627467
1772937316.0515711,19.849089637178988
1772937316.0515833,21.066392488268747
1772937316.0515952,21.330595350947238
1772937316.0516071,20.539869214942236
1772937316.0516193,20.12594615613283
1772937316.0516312,21.17551623556199
1772937316.051643,22.770929191002672
1772937316.0516546,22.98138679937215
1772937316.0516665,21.483559484299573
1772937316.0516784,20.28598855521005
1772937316.0516903,21.196505311192762
1772937316.0517018,23.13213181845336
1772937316.0517137,23.15076064880923
1772937316.0517256,20.478805895684005
1772937316.0517375,18.371146150337058
1772937316.0517495,20.555322244659642
1772937316.0517612,25.755264358022934
1772937316.0517733,27.13111041458696
1772937316.0517848,18.51756727904235
1772937316.5308084,-72428.16364480581
1772937316.5308502,-36146.773146171035
1772937316.530879,6015.475616344691
1772937316.5309055,21863.8078829672
1772937316.5309472,9045.04610325198
1772937316.530974,-8197.545728853958
1772937316.5310009,-9027.402273136438
1772937316.5310273,3192.24071504596
1772937316.531054,10616.787675829723
1772937316.531081,4991.3678692453095
1772937316.5311077,-4230.09995195017
1772937316.5311296,-4662.177562389843
1772937316.5311384,2966.9392156009176
1772937316.5311468,7624.091670863846
1772937316.531155,3550.237861893537
1772937316.5311632,-2881.076776365871
1772937316.531171,-2870.544014478243
1772937316.5311804,2944.512479870316
1772937316.5311885,6239.99085504939
1772937316.5311968,2791.266650272946
1772937316.5312052,-2211.7529512629744
1772937316.5312135,-1876.434052297872
1772937316.5312223,2972.137117856208
1772937316.5312307,5439.255854630472
1772937316.5312393,2305.8027434949204
1772937316.5312474,-1819.8683998733852
1772937316.5312555,-1233.405181877933
1772937316.5312636,3016.9597482837917
1772937316.5312715,4912.6850014420515
1772937316.5312796,1955.0662628985751
1772937316.5312877,-1567.6102775071001
1772937316.5312972,-771.625657439177
1772937316.5313108,3074.682042077372
1772937316.5313215,4540.136043504726
1772937316.5313327,1680.4384241497503
1772937316.5313435,-1398.0085014449571
1772937316.5313542,-418.9721728895982
1772937316.531365,3137.6824380660246
1772937316.531376,4258.302557653308
1772937316.5313869,1449.6960081823468
1772937316.531398,-1281.2172461281987
1772937316.5314105,-133.1211648052903
1772937316.531424,3207.992546701358
1772937316.5314353,4037.0436999052663
1772937316.5314436,1246.1131315084835
1772937316.5314517,-1201.3489003499444
1772937316.5314598,108.92132055491022
1772937316.5314677,3285.823069445597
1772937316.5314755,3857.6007960698103
1772937316.5314834,1058.9882808024363
1772937316.5314913,-1148.103116373971
1772937316.5314991,323.75335817192865
1772937316.5315073,3374.2683626359635
1772937316.5315602,3709.4178048320227
1772937316.531568,879.9855321146408
1772937316.5315762,-1118.2979179514814
1772937316.5315845,518.2690648485665
1772937316.5315921,3471.6394765594573
1772937316.5316002,3582.0890654334744
1772937316.531608,701.4633284174525
1772937316.5316155,-1108.6698969911333
1772937316.5316231,702.0247990415965
1772937316.5316312,3583.2521130511086
1772937316.531639,3473.227210489264
1772937316.5316467,519.8965321947613
1772937316.5316548,-1116.79302719139
1772937316.5316625,881.7028651511904
1772937316.53167,3711.8095124854613
1772937316.531678,3377.3361713134113
1772937316.531686,327.08216254421836
1772937316.5316937,-1144.6497142968708
1772937316.531701,1063.0808221363272
1772937316.5317092,3862.8967646997717
1772937316.5317168,3292.072472868768
1772937316.5317245,115.16821151002462
1772937316.531732,-1195.65593819088
1772937316.5317397,1251.818265875868
1772937316.531748,4043.7186949912207
1772937316.531756,3215.635103879223
1772937316.531764,-125.69644634586491
1772937316.531772,-1275.059294772911
1772937316.53178,1454.961842197873
1772937316.531788,4264.116972435167
1772937316.531796,3144.9764339399217
1772937316.531804,-410.63543453192244
1772937316.5318122,-1389.5999152880065
1772937316.5318203,1688.7626841478896
1772937316.5318286,4549.179838689005
1772937316.5318365,3085.115102111389
1772937316.5318444,-760.0488637222103
1772937316.5318527,-1555.54949158265
1772937316.5318606,1967.461174643997
1772937316.5318685,4925.75444389762
1772937316.531881,3030.6608865114367
1772937316.5318885,-1219.8362445491525
1772937316.531896,-1807.0645418527176
1772937316.531904,2318.283201531091
1772937316.5319118,5452.599480420746
1772937316.5319197,2986.9871722688067
1772937316.5319276,-1860.5796688064495
1772937316.5319364,-2195.7123309028207
1772937316.5319486,2807.438748635664
1772937316.531962,6256.867502174001
1772937316.5319736,2962.2450907294246
1772937316.5319853,-2852.566768353764
1772937316.5319932,-2863.2825398955065
1772937316.532001,3568.4492853843785
1772937316.5320091,7643.686873290739
1772937316.5320168,2987.824622028282
1772937316.5320249,-4641.2983601366905
1772937316.5320323,-4210.144034621265
1772937316.53204,5011.087359174675
1772937316.5320477,10637.542703254523
1772937316.5320551,3213.804709932253
1772937316.532063,-9006.84925552754
1772937316.532071,-8178.801039185135
1772937316.532079,9064.253018762876
1772937316.5320864,21886.75307969117
1772937316.5320942,6041.453395605648
1772937316.5321016,-36124.81433410247
1772937316.5321095,-72419.59476507995
1772937317.0102096,997.7615391335253
1772937317.0102615,2695.030041912232
1772937317.0102928,2641.871539933463
1772937317.0103245,911.9948786006108
1772937317.0103517,-65.08779626383908
1772937317.0103784,1084.9779991300607
1772937317.0104058,2748.6776087535964
1772937317.0104325,2587.3475863443664
1772937317.0104587,823.2849066921093
1772937317.0104856,-66.61156501649445
1772937317.0105126,1172.3678969042649
1772937317.0105257,2804.400271140946
1772937317.010537,2534.6299037864037
1772937317.0105476,735.4889736763358
1772937317.010559,-66.70280724258727
1772937317.01057,1262.3523856776942
1772937317.010581,2861.921909697697
1772937317.0105922,2480.728036269462
1772937317.010604,644.6638053170741
1772937317.0106165,-67.89642631669714
1772937317.0106273,1354.8600716752414
1772937317.010638,2922.81614383817
1772937317.0106487,2427.3673310040112
1772937317.0106592,551.8060401910926
1772937317.0106697,-70.25417033378994
1772937317.01068,1448.2934668372
1772937317.0106907,2983.6379171234407
1772937317.0107017,2370.357615691982
1772937317.010712,454.661695945415
1772937317.0107229,-71.87739821956461
1772937317.010734,1548.0476345775285
1772937317.0107458,3049.9028388535908
1772937317.0107577,2312.191197042979
1772937317.0107691,352.42189716640206
1772937317.0107803,-74.78613222430383
1772937317.010792,1652.657584353539
1772937317.0108037,3120.667367150377
1772937317.010815,2251.818184725071
1772937317.0108263,244.38447423257364
1772937317.0108385,-78.29268599936923
1772937317.0108504,1763.8700636991189
1772937317.0108619,3196.685514064672
1772937317.0108733,2187.4758995493444
1772937317.0108852,127.29868336428959
1772937317.0108967,-84.64806590311063
1772937317.0109084,1881.3996932789894
1772937317.01092,3278.187881096178
1772937317.0109315,2118.499201129457
1772937317.0109427,0.5577642373425188
1772937317.0109544,-92.41496710125337
1772937317.0109656,2008.3727731934741
1772937317.0109775,3366.880875648262
1772937317.0109887,2043.222834505913
1772937317.0110004,-138.33763828859816
1772937317.011012,-100.1698827298534
1772937317.0110238,2151.3037264908107
1772937317.0110352,3469.8503678156435
1772937317.0110466,1963.7540041370546
1772937317.0110576,-293.06572821536685
1772937317.0110693,-113.74795446123646
1772937317.0110807,2304.821836993993
1772937317.0110922,3581.1844860341753
1772937317.011104,1873.0250678105713
1772937317.0111156,-467.67031626948364
1772937317.0111287,-128.28987028644707
1772937317.0111413,2482.1447828764803
1772937317.0111537,3713.3740267479902
1772937317.011165,1773.769797747193
1772937317.011176,-668.5108378348611
1772937317.011188,-150.6814257222377
1772937317.0111997,2681.0312386922883
1772937317.0112116,3864.9090420369134
1772937317.0112233,1660.2451987890963
1772937317.011235,-901.1457181431065
1772937317.011253,-176.01113489903912
1772937317.0112653,2917.959916367316
1772937317.0112767,4049.8631910996787
1772937317.011289,1529.646902107753
1772937317.0113003,-1181.911699589993
1772937317.0113125,-216.12630821717477
1772937317.0113244,3195.1663153956947
1772937317.011336,4272.93672960397
1772937317.011348,1373.387059098183
1772937317.01136,-1527.01473589776
1772937317.0113716,-271.0908473717695
1772937317.0113833,3537.742030330016
1772937317.0113952,4560.142858216576
1772937317.0114074,1188.0961672980507
1772937317.0114193,-1963.3403712141114
1772937317.0114312,-351.6622511401877
1772937317.011443,3971.6319733643895
1772937317.0114543,4940.601911276106
1772937317.0114663,957.7498535839638
1772937317.011478,-2543.9551985635303
1772937317.01149,-480.7733572729662
1772937317.0115016,4543.202606795339
1772937317.0115137,5473.896797349058
1772937317.0115256,664.4740057069229
1772937317.0115373,-3358.49599370578
1772937317.0115492,-697.769593753442
1772937317.0115612,5346.57703534135
1772937317.011573,6287.114377734086
1772937317.0115848,278.7461517325244
1772937317.0115964,-4602.754981189104
1772937317.0116081,-1109.9566804863891
1772937317.0116203,6578.489154491463
1772937317.011632,7690.260475088006
1772937317.0116436,-246.18991228936798
1772937317.0116556,-6787.727589082891
1772937317.0116673,-2066.6857491491623
1772937317.0116792,8766.623331758901
1772937317.0116909,10717.391485766999
1772937317.0117023,-919.1929763669383
1772937317.0117142,-11819.280327176966
1772937317.011726,-5362.93995820799
1772937317.0117376,14151.854955468641
1772937317.01175,22045.942282081167
1772937317.0117617,206.3292171304403
1772937317.011773,-40283.27855526912
1772937317.0117853,-68242.72325088274
1772937317.4910493,4.311191223630826
1772937317.4910953,4.371247633363235
1772937317.4911275,4.289111814842008
1772937317.4911635,4.108908997593072
1772937317.49119,3.608508045242031
1772937317.491217,2.854511865448059
1772937317.4912434,2.460436251903477
1772937317.4912703,2.9855498413134587
1772937317.4912968,4.140685697232957
1772937317.4913235,4.902257983057259
1772937317.4913497,4.567841914900171
1772937317.4913676,3.552933028603834
1772937317.4913757,2.96696069158046
1772937317.4913836,3.4584731416859205
1772937317.4913914,4.651504017303758
1772937317.4913993,5.703137877599559
1772937317.4914076,6.18052689113393
1772937317.4914155,6.253062396190628
1772937317.4914231,6.210525163585799
1772937317.4914315,6.104907252873302
1772937317.491439,5.924154508262846
1772937317.491447,5.862864270985314
1772937317.491455,6.181113812397403
1772937317.491463,6.839082327247545
1772937317.491471,7.468592733827065
1772937317.4914787,7.755353034115439
1772937317.4914863,7.714481423226942
1772937317.4914944,7.525323804020581
1772937317.4915023,7.248832318361579
1772937317.4915102,6.879615983487765
1772937317.491518,6.599411775974835
1772937317.491526,6.72028545061351
1772937317.4915335,7.2709094573603235
1772937317.4915416,7.823371722219408
1772937317.4915493,7.944196098382981
1772937317.4915571,7.760308701570699
1772937317.491565,7.8336468226805795
1772937317.4915729,8.401237946174911
1772937317.4915807,8.96587554376032
1772937317.4915886,8.87005116130635
1772937317.4915965,8.188230499951372
1772937317.4916043,7.749791158002684
1772937317.491612,8.162791365072797
1772937317.49162,9.035595952811846
1772937317.491628,9.41537472247072
1772937317.491636,8.934532356770317
1772937317.491644,8.240693755013123
1772937317.4916515,8.187586278819076
1772937317.4916594,8.821256424060712
1772937317.4916675,9.403337722396627
1772937317.4916751,9.355201964619578
1772937317.4916832,8.89101678382182
1772937317.491691,8.630725263473048
1772937317.4916985,8.834853672766258
1772937317.4917064,9.264993366405406
1772937317.4917145,9.68992760206708
1772937317.4917223,10.193357892831344
1772937317.4917305,10.862060555040637
1772937317.491738,11.427511823868613
1772937317.4917462,11.513934449734267
1772937317.491754,11.20538888805125
1772937317.4917617,11.08330266774062
1772937317.4917696,11.569560306698493
1772937317.4917777,12.401165822652413
1772937317.4917855,12.939724984301744
1772937317.4917934,12.914433494879868
1772937317.4918013,12.637804261477156
1772937317.4918091,12.4903682623131
1772937317.4918168,12.464264577235832
1772937317.4918246,12.387478227337182
1772937317.4918323,12.39765503375754
1772937317.49184,12.851882287733314
1772937317.4918473,13.728963687134728
1772937317.4918551,14.432971984379462
1772937317.4918635,14.427935771820932
1772937317.491871,13.921845567676392
1772937317.491879,13.625168664447513
1772937317.4918869,13.832001997169046
1772937317.4918947,14.06016614991622
1772937317.4919038,13.787222823193087
1772937317.491916,13.297529170909767
1772937317.4919288,13.420834228175147
1772937317.491941,14.42276363438632
1772937317.491972,15.530249174332422
1772937317.49198,15.808540926263584
1772937317.4919877,15.302135483506646
1772937317.4919958,14.947555175366466
1772937317.4920037,15.365357721098349
1772937317.4920113,16.11737106188068
1772937317.4920192,16.37290041357563
1772937317.4920268,16.03423228116799
1772937317.492035,15.80051382685733
1772937317.4920423,16.15088636965665
1772937317.4920502,16.702295939816505
1772937317.492058,16.812465992816474
1772937317.4920657,16.516666560649288
1772937317.4920733,16.441355113088406
1772937317.4920807,16.847695003703077
1772937317.4920883,17.23679255109615
1772937317.492098,17.121761411991532
1772937317.492106,16.813779303136943
1772937317.4921136,16.982438552436225
1772937317.4921212,17.572194986294143
1772937317.4921288,17.750939578464955
1772937317.4921365,17.16255304864575
1772937317.492144,16.70957135364705
1772937317.4921515,17.483716814563003
1772937317.4921596,19.083883725069715
1772937317.4921672,19.782696150276486
1772937317.4921749,18.722099329451982
1772937317.4921825,17.324195953164807
1772937317.4921904,17.703860435648156
1772937317.492198,19.815632160534015
1772937317.4922059,21.209479063416904
1772937317.4922135,20.213145593928854
1772937317.492221,18.571317849189175
1772937317.4922292,19.530696218559527
1772937317.4922369,22.95921349342723
1772937317.4922445,23.596507355409738
1772937317.492252,15.67875995823495
1772937317.9707844,-0.5688644027387308
1772937317.9708285,-0.292592202711513
1772937317.9708548,-0.3009685578033214
1772937317.9708812,-0.017518241414697513
1772937317.9709077,0.7822306459354305
1772937317.970934,1.6974530418224658
1772937317.970961,2.190649922187451
1772937317.9709883,2.1733693281192896
1772937317.9710147,2.0142622164010087
1772937317.9710412,2.061793143595381
1772937317.971068,2.30302144379025
1772937317.9710894,2.5056181411490983
1772937317.9711032,2.576824423974455
1772937317.9711144,2.6826642891304786
1772937317.9711287,3.0297459826329396
1772937317.971141,3.605924123486296
1772937317.9711492,4.171291451191384
1772937317.9711573,4.483700896995778
1772937317.9711652,4.511999509239605
1772937317.9711733,4.436092893082412
1772937317.9711816,4.454171538686015
1772937317.97119,4.596580973518853
1772937317.9711983,4.7353427883550685
1772937317.971206,4.779684840812037
1772937317.971214,4.8333965204657705
1772937317.9712217,5.1008618432004385
1772937317.97123,5.61280835457337
1772937317.971238,6.1033095574311975
1772937317.971246,6.247026143046137
1772937317.9712543,6.029152532356695
1772937317.971262,5.796657415908354
1772937317.9712696,5.880784768501422
1772937317.9712775,6.225711356339849
1772937317.9712856,6.496778005569394
1772937317.9712932,6.549930288155585
1772937317.9713013,6.650028929431174
1772937317.9713137,7.116355440021972
1772937317.971321,7.834787001806079
1772937317.9713287,8.309862317690797
1772937317.9713366,8.260229843323033
1772937317.9713445,8.015694187978722
1772937317.971352,8.162060600965521
1772937317.97136,8.828133248591149
1772937317.971368,9.505610027246595
1772937317.9713757,9.651152007529227
1772937317.9713836,9.32981711718654
1772937317.971391,9.100270683430633
1772937317.9713988,9.306168583327638
1772937317.9714065,9.682088997456654
1772937317.971414,9.75003284798264
1772937317.9714217,9.457593113887874
1772937317.9714293,9.23204286621996
1772937317.9714367,9.420657727610225
1772937317.9714446,9.871230532561814
1772937317.9714525,10.164342088374735
1772937317.97146,10.130904481588471
1772937317.9714675,9.973913652093808
1772937317.9714751,9.921189271921168
1772937317.9714828,9.958681558838952
1772937317.9714904,9.982868629382285
1772937317.971498,10.04841536649635
1772937317.971506,10.274806380986812
1772937317.971514,10.557765720891245
1772937317.971522,10.596913952947071
1772937317.97153,10.298376799871
1772937317.9715385,9.983843806430185
1772937317.9715466,10.020622234998111
1772937317.9715548,10.317182599750424
1772937317.9715629,10.418389372206613
1772937317.9715705,10.157909653711116
1772937317.9715788,9.989399331924472
1772937317.9715865,10.451966835218863
1772937317.9715943,11.400307748841009
1772937317.9716027,12.060431465120473
1772937317.9716103,11.957447132716535
1772937317.9716184,11.567257739174467
1772937317.9716263,11.800571295114176
1772937317.9716341,12.900599606571301
1772937317.9716425,14.124831195633966
1772937317.97165,14.614145363421725
1772937317.9716578,14.358424386087233
1772937317.9716656,14.086326797220744
1772937317.9716735,14.315376732372199
1772937317.971681,14.821474180767995
1772937317.9716897,15.120160554270829
1772937317.9716973,15.180643411602619
1772937317.9717052,15.38653518266084
1772937317.971713,15.903333137333735
1772937317.9717212,16.435075070600888
1772937317.9717288,16.711361566418155
1772937317.9717364,16.929535752178936
1772937317.9717443,17.443466281330622
1772937317.9717526,18.149116889548665
1772937317.9717605,18.535627282972932
1772937317.9717712,18.409277053967685
1772937317.9717827,18.22480421613418
1772937317.9717948,18.433452864986016
1772937317.9718063,18.728916804436196
1772937317.9718175,18.38972970771622
1772937317.9718256,17.415302845874916
1772937317.9718332,16.849535508058764
1772937317.9718409,17.594957232218082
1772937317.9718485,19.139974946220722
1772937317.971856,20.00649255149095
1772937317.9718637,19.552388411182147
1772937317.971872,18.811305462944905
1772937317.97188,19.13905807439173
1772937317.971888,20.375467527089963
1772937317.971896,21.0581734622451
1772937317.9719036,20.53452404690903
1772937317.9719117,20.058360441144455
1772937317.9719193,21.086529634175697
1772937317.9719267,22.888450343802248
1772937317.9719343,23.004391292761742
1772937317.971942,20.56607408766805
1772937317.9719496,18.230082729395686
1772937317.9719572,19.416563014942003
1772937317.9719648,23.368561629556577
1772937317.9719725,24.1742890202629
1772937317.97198,16.08749714779857
1772937318.4522731,-0.890827178024344
1772937318.4523177,-0.38640616836428493
1772937318.4523401,0.3486346033656491
1772937318.4523633,0.8200186829129343
1772937318.4523883,0.7932387268149369
1772937318.4524112,0.6566980592381747
1772937318.4524329,1.02472313332842
1772937318.4524596,2.0016656668683597
1772937318.4524827,3.022417876289241
1772937318.4524972,3.4944018613380434
1772937318.4525087,3.4503730612396595
1772937318.4525182,3.414383029901593
1772937318.452528,3.703732384047264
1772937318.4525363,4.091460075152377
1772937318.452545,4.224414715854733
1772937318.4525535,4.173014079645831
1772937318.4525652,4.354895028234026
1772937318.4525783,4.9658541349442
1772937318.4525924,5.715413061993768
1772937318.4526064,6.204595247426252
1772937318.4526155,6.383256346986306
1772937318.452624,6.457695052223888
1772937318.452633,6.4519315051525465
1772937318.4526412,6.137034046908908
1772937318.45265,5.478160581090728
1772937318.4526584,4.92168733486468
1772937318.4526668,4.992526785207474
1772937318.4526756,5.656577278493638
1772937318.4526842,6.332201199242174
1772937318.4526925,6.614178069595145
1772937318.4527013,6.771987185134823
1772937318.4527097,7.322391750410611
1772937318.4527183,8.219523298711941
1772937318.4527268,8.780752027647361
1772937318.4527352,8.523652838742162
1772937318.4527438,7.839294387904611
1772937318.4527524,7.5738673188459025
1772937318.452761,8.006867401930222
1772937318.4527695,8.538046432040105
1772937318.4527788,8.501338048398209
1772937318.4527872,8.060998139417237
1772937318.4527955,8.036043929072319
1772937318.452804,8.884395018927917
1772937318.4528122,10.136273480815825
1772937318.4528208,10.943691244548045
1772937318.452829,10.98856366708743
1772937318.4528377,10.638815910265874
1772937318.4528458,10.319841204620339
1772937318.452854,10.044479839027346
1772937318.4528625,9.65573607506796
1772937318.4528708,9.263046583242973
1772937318.45288,9.149066399932478
1772937318.4528885,9.304571486225337
1772937318.4528968,9.357921044728574
1772937318.4529052,9.084712106021415
1772937318.452914,8.772361195209522
1772937318.4529223,8.855050180521538
1772937318.4529307,9.287471114807534
1772937318.4529395,9.568954223763212
1772937318.452948,9.4457490073992
1772937318.4529564,9.312685971526594
1772937318.452965,9.68719995814672
1772937318.452974,10.439272155758967
1772937318.4529824,10.892378048440094
1772937318.4529912,10.751883826592652
1772937318.4530053,10.60325837149589
1772937318.4530184,11.199836707403211
1772937318.4530315,12.40295242824978
1772937318.4530406,13.221155820188887
1772937318.453049,13.011157679080723
1772937318.4530597,12.321012340891514
1772937318.4530735,12.234513894411736
1772937318.4530876,13.010818163302345
1772937318.4531043,13.769915711269299
1772937318.4531126,13.644162203841509
1772937318.4531212,12.914371088977639
1772937318.4531295,12.674588726121076
1772937318.4531424,13.481639530693563
1772937318.4531555,14.722170860029602
1772937318.4531693,15.434099197392953
1772937318.4531782,15.439730748183432
1772937318.4531865,15.36766030867432
1772937318.453195,15.708779770237642
1772937318.4532037,16.264233574533854
1772937318.453212,16.627077575337985
1772937318.4532204,16.840219049985958
1772937318.4532287,17.23003609932825
1772937318.4532373,17.73614694417264
1772937318.4532456,17.85032096703651
1772937318.4532542,17.36262475071885
1772937318.4532628,16.836452962948133
1772937318.4532714,17.01718531033715
1772937318.4532797,17.895248845987737
1772937318.453288,18.714027196048363
1772937318.4532964,18.93720704166738
1772937318.4533045,18.83864248040693
1772937318.4533129,18.92107601027039
1772937318.4533212,19.085400347962405
1772937318.4533293,18.85901625898291
1772937318.4533377,18.381583934980466
1772937318.453346,18.548968893091654
1772937318.4533544,19.802520563131104
1772937318.4533627,21.175091101974743
1772937318.453371,21.217451458436255
1772937318.4533792,19.907837271305237
1772937318.4533875,18.952363198964463
1772937318.4533956,19.71593559183128
1772937318.453404,21.314088933457935
1772937318.4534123,21.59577003824519
1772937318.4534204,20.057406039489248
1772937318.4534287,18.82271530723514
1772937318.453437,19.97183380703786
1772937318.4534454,22.44635006815366
1772937318.4534535,22.937054232483497
1772937318.453462,20.293824677196273
1772937318.4534702,17.87299212501177
1772937318.4534786,19.914856585844536
1772937318.4534867,25.411543579335294
1772937318.453514,27.068724119936373
1772937318.4535224,17.94532096611485
1772937318.4535306,-0.7150785497286306
1772937318.932248,1.2157250584640542
1772937318.93229,1.1324212296179221
1772937318.932316,1.0743456057052072
1772937318.932338,1.228173697403453
1772937318.9323652,1.747292730487608
1772937318.9323916,2.5400126590741987
1772937318.9324188,3.197370124410597
1772937318.9324455,3.3066533991316094
1772937318.9324727,2.907318500286281
1772937318.932499,2.535622340373907
1772937318.9325256,2.6999451137343033
1772937318.9325523,3.3302150591706816
1772937318.9325607,3.848825424280859
1772937318.9325693,3.8095654554153406
1772937318.9325771,3.3828451650950475
1772937318.9325852,3.1613343473561564
1772937318.9325929,3.5609066896809547
1772937318.9326007,4.493484040565165
1772937318.932609,5.5585689153829545
1772937318.9326167,6.387935934851479
1772937318.9326248,6.765134111524663
1772937318.9326324,6.595375047964717
1772937318.9326406,5.973388540004412
1772937318.9326487,5.269612346295528
1772937318.9326563,4.939521037468705
1772937318.9326642,5.112624080119151
1772937318.932672,5.4575953009607705
1772937318.9326797,5.592914113477613
1772937318.9326873,5.585817001395911
1772937318.9326952,5.865158075952429
1772937318.9327028,6.601890573877154
1772937318.9327104,7.37973661520951
1772937318.9327185,7.675814088818117
1772937318.932799,7.580475541351128
1772937318.9328165,7.763914390865114
1772937318.9328265,8.626695550944408
1772937318.9328349,9.700710532521597
1772937318.9328425,10.142230117870588
1772937318.9328504,9.759831083731614
1772937318.9328585,9.26228040780921
1772937318.932866,9.36932070289888
1772937318.932874,9.912443633602171
1772937318.932882,10.097305677761705
1772937318.9328897,9.589878962548108
1772937318.9328976,8.993900764552134
1772937318.9329052,9.077211043490653
1772937318.9329128,9.757841668454121
1772937318.9329207,10.184924858149927
1772937318.9329288,9.806837681826572
1772937318.9329364,9.030090831436226
1772937318.932944,8.647358364321331
1772937318.9329517,8.85362325681101
1772937318.9329596,9.158741474009647
1772937318.9329677,9.217707102684429
1772937318.9329753,9.338839137727232
1772937318.9329827,9.937127609610188
1772937318.9329908,10.75021383972248
1772937318.9329984,11.032020248328863
1772937318.933006,10.573556722411542
1772937318.933014,10.147478118574105
1772937318.9330215,10.637284997397115
1772937318.9330292,11.887814330614917
1772937318.933037,12.795955622121827
1772937318.9330447,12.61052948734778
1772937318.9330523,11.83086196469004
1772937318.9330604,11.584773895197529
1772937318.9330678,12.299298680459303
1772937318.9330757,13.320724103850976
1772937318.9330833,13.840703720112336
1772937318.9330907,13.829910921163814
1772937318.9330983,13.836512685647472
1772937318.9331057,14.121579602862445
1772937318.9331133,14.404162078781141
1772937318.9331207,14.462232339730063
1772937318.9331284,14.55939812201638
1772937318.933136,14.99351647754798
1772937318.9331436,15.470938430683152
1772937318.9331512,15.37651192871042
1772937318.9331589,14.707102916157769
1772937318.9331665,14.322770733358302
1772937318.9331744,14.970092528362121
1772937318.9331822,16.270744447342743
1772937318.93319,17.088137033113416
1772937318.9331975,16.908541473379756
1772937318.9332051,16.449461440837897
1772937318.9332128,16.66392697796024
1772937318.9332209,17.457016794389226
1772937318.9332285,17.850306103654425
1772937318.9332361,17.37137885269263
1772937318.9332435,16.744195080363333
1772937318.9332516,16.890297705078737
1772937318.9332595,17.60513589487149
1772937318.933267,17.794517141887052
1772937318.9332752,17.030391694170063
1772937318.933283,16.28810935345026
1772937318.9332907,16.747949236383924
1772937318.9332983,18.197538902417605
1772937318.9333076,19.217883187273983
1772937318.933319,18.9742561091537
1772937318.9333327,18.227068609521734
1772937318.9333413,18.205610292299575
1772937318.9333494,18.923001048602913
1772937318.9333577,19.29598888554069
1772937318.9333658,18.88175729989693
1772937318.933374,18.666435746162755
1772937318.9333823,19.598184626183592
1772937318.9333904,20.88373415602687
1772937318.9333987,20.732220665146333
1772937318.9334075,18.918430722183718
1772937318.933416,17.623201938264597
1772937318.933424,18.873617270168666
1772937318.9334452,21.59972262898244
1772937318.9334538,22.509936755727637
1772937318.933462,20.351989362505208
1772937318.9334705,18.21382818777083
1772937318.9334788,20.125784582180465
1772937318.9334877,25.252455626908596
1772937318.9334958,26.863953823392123
1772937318.9335043,18.487035117164638
1772937318.9335127,1.1437531383957371
1772937319.4134097,0.6813675030551167
1772937319.4134593,0.15934019549359438
1772937319.4135003,0.15125194018053936
1772937319.4135368,0.6245356143344297
1772937319.4135633,1.2251091220783528
1772937319.4135904,1.5878511143425786
1772937319.413617,1.5477101969115512
1772937319.4136436,1.2153529529771823
1772937319.41367,0.9268652386631265
1772937319.413697,1.0213264349610844
1772937319.413715,1.543915894591226
1772937319.413723,2.1860411158992776
1772937319.413731,2.6165149674246533
1772937319.4137397,2.860305963698853
1772937319.4137473,3.213317105228419
1772937319.4137547,3.73220870490082
1772937319.4137628,3.9808940730534212
1772937319.4137707,3.5054225770071437
1772937319.4137788,2.549266031291357
1772937319.4137866,2.0411220938480454
1772937319.4137948,2.6723760093346027
1772937319.4138026,4.070182678235858
1772937319.413811,5.109937538537776
1772937319.4138193,5.098264036614697
1772937319.413827,4.470847450828635
1772937319.4138353,4.195952317790622
1772937319.4138432,4.63005376783737
1772937319.4138513,5.202569599038591
1772937319.4138591,5.233375350277273
1772937319.4138668,4.793371833211759
1772937319.4138746,4.556624579214593
1772937319.4138827,4.931307313737032
1772937319.4138904,5.621062724239975
1772937319.4138985,6.101945578866208
1772937319.413906,6.288465123771286
1772937319.4139144,6.518793759440619
1772937319.4139223,6.99453389636693
1772937319.41393,7.5163783453935755
1772937319.413938,7.840279281846999
1772937319.413946,8.061204267081772
1772937319.413954,8.43766373266753
1772937319.413962,8.94289073731102
1772937319.4139695,9.259302325253277
1772937319.4139771,9.273933055531714
1772937319.4139855,9.343068370918344
1772937319.4139931,9.862015300110764
1772937319.4140012,10.676999677663325
1772937319.414009,11.18208447546508
1772937319.414017,11.050021192435135
1772937319.4140248,10.651481835750415
1772937319.4140327,10.590861226689627
1772937319.4140403,10.964780407812196
1772937319.4140484,11.3236333277932
1772937319.414056,11.356656252047
1772937319.4140637,11.33938420048717
1772937319.4140716,11.732254661486822
1772937319.4140797,12.508206401328513
1772937319.4140875,13.154815308550976
1772937319.4140952,13.336908773338433
1772937319.4141033,13.281961409099207
1772937319.414111,13.371573508593244
1772937319.4141188,13.576586487580308
1772937319.4141269,13.586572513685566
1772937319.4141345,13.427406558166181
1772937319.4141426,13.5735292326375
1772937319.4141507,14.26203387194415
1772937319.4141588,14.96578854212575
1772937319.4141665,14.922427190977015
1772937319.4141743,14.158869236160259
1772937319.414182,13.595790994750011
1772937319.41419,13.92000006920912
1772937319.4141977,14.63188035280948
1772937319.4142056,14.617560964242504
1772937319.4142132,13.635918510562599
1772937319.4142213,12.788752305360434
1772937319.414229,13.24207058545329
1772937319.4142368,14.750126448926625
1772937319.4142444,15.888661764854266
1772937319.4142523,15.755092091465531
1772937319.41426,14.99839257056587
1772937319.4142675,14.90301790185204
1772937319.4142756,15.760784109526034
1772937319.4142833,16.627049968714573
1772937319.414291,16.670797172709285
1772937319.4142988,16.24706183212982
1772937319.4143064,16.304906875508294
1772937319.4143145,17.05089910570661
1772937319.4143224,17.735681220005226
1772937319.4143302,17.77701645843931
1772937319.414338,17.54877591354456
1772937319.4143455,17.704708749479256
1772937319.4143536,18.07771909030904
1772937319.4143612,17.863139248850633
1772937319.4143689,16.92545891161438
1772937319.4143765,16.299154830521477
1772937319.4143844,16.937119317593847
1772937319.4143922,18.2927325844659
1772937319.4144,18.81505021855914
1772937319.414408,17.93765366432837
1772937319.4144156,16.943437204171293
1772937319.4144235,17.37548798880232
1772937319.414431,18.959171846844082
1772937319.4144387,19.852490352393175
1772937319.4144466,19.05278451980955
1772937319.4144545,17.812101930587932
1772937319.4144633,18.0733025501163
1772937319.414471,19.90889439928485
1772937319.4144783,21.41563258954226
1772937319.414486,21.296270208761044
1772937319.4144938,20.626722006392818
1772937319.4145014,21.250535693203666
1772937319.414509,22.89797067385967
1772937319.4145167,23.221857711119803
1772937319.4145243,21.200360109622093
1772937319.414532,19.382648495517287
1772937319.4145396,21.166316308702743
1772937319.4145477,25.607808361236163
1772937319.4145553,26.36679007076331
1772937319.4145627,17.372607028687398
1772937319.4145706,-0.2655983642766232
1772937319.8928907,0.4612259796974413
1772937319.8929305,0.7593044681403072
1772937319.8929567,1.6976697403037697
1772937319.8929832,2.6034458287942246
1772937319.89301,2.8433838332840216
1772937319.8930368,2.6218981920390596
1772937319.8930633,2.7197700553346422
1772937319.89309,3.5140922609770993
1772937319.8931165,4.518652787350386
1772937319.8931434,4.974936031997892
1772937319.89317,4.7072601863270265
1772937319.8931968,4.22738623563594
1772937319.8932097,4.099096001485834
1772937319.893217,4.423483485451537
1772937319.8932252,4.960898016103339
1772937319.8932333,5.51211148435131
1772937319.893241,5.988567188186101
1772937319.8932488,6.225646987019466
1772937319.893257,6.009134572666926
1772937319.8932645,5.390684744885999
1772937319.8932729,4.813667666219991
1772937319.8932807,4.741685022633949
1772937319.8932886,5.178720757310812
1772937319.8932967,5.690410691433452
1772937319.8933043,5.922213916058183
1772937319.893312,5.975131735965309
1772937319.8933196,6.197357801723325
1772937319.8933275,6.701080738759496
1772937319.893335,7.216733099354064
1772937319.8933432,7.407096611329384
1772937319.8933513,7.199512113523569
1772937319.8933587,6.779964648778556
1772937319.8933697,6.39031054319524
1772937319.8933773,6.2325664661334415
1772937319.8933852,6.471026681693702
1772937319.8933933,7.12596143177282
1772937319.893401,7.916016315533822
1772937319.893409,8.368846346604675
1772937319.893417,8.246727293068622
1772937319.893425,7.829592248616801
1772937319.8934329,7.646854990461025
1772937319.8934405,7.924484962686147
1772937319.8934484,8.427234243323346
1772937319.8934565,8.883699272151112
1772937319.8934643,9.386469892737558
1772937319.8934722,10.176592690862789
1772937319.8934796,11.103249029406477
1772937319.8934875,11.59397222703369
1772937319.893495,11.335314287817448
1772937319.8935027,10.823105533658707
1772937319.8935103,10.948262971598849
1772937319.893518,11.975098453366023
1772937319.8935256,13.140420443051447
1772937319.8935337,13.43931884788013
1772937319.8935416,12.716801071423147
1772937319.8935497,11.782038945537808
1772937319.8935575,11.44506603855188
1772937319.8935657,11.663595723417142
1772937319.8935733,11.777820819342702
1772937319.8935812,11.42919902714832
1772937319.8935888,10.982375523032715
1772937319.893597,11.005190522937331
1772937319.8936048,11.55782220082861
1772937319.8936129,12.171274050925174
1772937319.8936212,12.432261554365999
1772937319.8936293,12.384539291833219
1772937319.8936374,12.342733815153991
1772937319.8936453,12.509977124173325
1772937319.8936532,12.899273782197195
1772937319.893661,13.489771043847202
1772937319.893669,14.238486856586038
1772937319.8936768,14.928649707203146
1772937319.8936846,15.211157835389049
1772937319.8936927,14.939126818409434
1772937319.8937004,14.38728697110049
1772937319.8937085,14.012090257300654
1772937319.893716,14.02126995056593
1772937319.8937242,14.290305136232378
1772937319.893732,14.659543885713124
1772937319.8937397,15.103157138305441
1772937319.8937476,15.514902985750629
1772937319.8937554,15.543134428691943
1772937319.8937633,14.93066972849772
1772937319.8937714,14.013366588751904
1772937319.8937793,13.578780937087066
1772937319.8937871,14.031685991491175
1772937319.893795,14.866890242145345
1772937319.8938031,15.246685393854897
1772937319.893811,15.060747573228019
1772937319.893819,15.076138165283162
1772937319.8938272,15.881354064344139
1772937319.8938348,16.98237698621928
1772937319.8938425,17.339742939192547
1772937319.89385,16.74536774935256
1772937319.8938577,16.199096597758928
1772937319.8938656,16.663974550188623
1772937319.8938737,17.77571375008577
1772937319.893881,18.269832353264114
1772937319.8938892,17.645028191656504
1772937319.8938968,16.8494850274942
1772937319.8939047,17.008327924449798
1772937319.8939123,17.883281420333383
1772937319.89392,18.216097690770102
1772937319.893928,17.556117635078124
1772937319.8939357,17.01314985044475
1772937319.8939433,17.72900742488741
1772937319.8939507,19.09530239114866
1772937319.8939588,19.369499610647953
1772937319.8939664,18.1452878317691
1772937319.8939743,17.28354518967324
1772937319.893982,18.608312426912068
1772937319.8939898,21.141884991008904
1772937319.8939977,21.876088970924858
1772937319.8940053,19.742576057830906
1772937319.8940127,17.73917578381529
1772937319.8940203,19.63640089486603
1772937319.8940284,24.414435794165833
1772937319.8940363,25.381661042493864
1772937319.894044,16.2990973120663
1772937319.8940516,-1.4976232822587086
1772937320.3747613,-0.1682549208222863
1772937320.3748055,0.0006387644355090742
1772937320.374832,0.3249840383529645
1772937320.374859,0.7392555727927429
1772937320.3748856,0.9179590085555783
1772937320.3749118,0.6619347211853629
1772937320.3749385,0.26796273681893945
1772937320.3749647,0.2908782933054199
1772937320.3749924,0.885018379158224
1772937320.3750224,1.5576230355883636
1772937320.375052,1.7273449743532774
1772937320.3750787,1.4458338612761146
1772937320.37509,1.3740655646394562
1772937320.375101,2.0159402271198377
1772937320.375112,3.1455594259901396
1772937320.3751228,4.1078795441790446
1772937320.3751342,4.567712285606369
1772937320.3751457,4.769718039305694
1772937320.3751574,5.073531398356941
1772937320.3751683,5.458620255132061
1772937320.3751793,5.634003811892294
1772937320.3751905,5.50997211991726
1772937320.375203,5.336055106275214
1772937320.3752186,5.35115155932853
1772937320.3752303,5.492736071733563
1772937320.3752425,5.57541675480654
1772937320.375254,5.6241724913444475
1772937320.3752651,5.822242299247957
1772937320.3752766,6.138555022370221
1772937320.3752885,6.229431653855807
1772937320.375301,5.847220480203018
1772937320.3753128,5.223191394551861
1772937320.3753247,4.8491880577562965
1772937320.3753371,4.892020219575366
1772937320.37535,5.019809358892173
1772937320.3753617,4.892249170839661
1772937320.3753738,4.654316665542515
1772937320.375387,4.749282041999093
1772937320.375398,5.301246001952366
1772937320.3754063,5.9259229939422005
1772937320.3754144,6.24373269083244
1772937320.3754225,6.383767289622771
1772937320.3754306,6.7650489190415195
1772937320.3754387,7.455312582372108
1772937320.3754463,8.025804835053233
1772937320.3754544,8.142535610700465
1772937320.3754623,8.073790876189566
1772937320.37547,8.355879644668935
1772937320.3754776,9.023216574927513
1772937320.3754857,9.477991520008224
1772937320.3754933,9.257348517770627
1772937320.3755012,8.703786521041602
1772937320.3755093,8.5894467361224
1772937320.375517,9.115242618910969
1772937320.3755243,9.595411364800762
1772937320.3755324,9.304141182157316
1772937320.3755405,8.44389009269428
1772937320.3755481,7.989899906516695
1772937320.375556,8.573051960577644
1772937320.3755639,9.769453939391928
1772937320.3755715,10.627103609537786
1772937320.3755794,10.715357625445922
1772937320.3755872,10.427014208030949
1772937320.3755949,10.316512983958969
1772937320.3756027,10.447455189663808
1772937320.3756108,10.53309477781492
1772937320.3756187,10.497936554783822
1772937320.3756309,10.595115824985934
1772937320.3756385,10.957718877185378
1772937320.3756464,11.292356192936758
1772937320.375654,11.182672207641746
1772937320.375662,10.5863437679503
1772937320.37567,9.871521846800327
1772937320.3756778,9.422296308466587
1772937320.3756855,9.392163397751627
1772937320.375693,9.828939332064618
1772937320.3757007,10.766110089238666
1772937320.3757083,11.996262560276927
1772937320.375716,12.923611503142093
1772937320.375724,12.98497286687887
1772937320.375732,12.313020786114661
1772937320.3757396,11.747821640040682
1772937320.3757477,11.987324683372034
1772937320.3757553,12.838328147982848
1772937320.3757632,13.533121666051002
1772937320.3757713,13.73064632395556
1772937320.375779,13.881574946503909
1772937320.3757868,14.46889877620935
1772937320.375795,15.200761032289316
1772937320.3758028,15.357740135603738
1772937320.3758104,14.893860484669467
1772937320.3758185,14.726609868341072
1772937320.375826,15.647422791069832
1772937320.3758335,17.212607397901234
1772937320.3758414,18.16469771461292
1772937320.3758495,17.95540585287814
1772937320.375857,17.394880729894584
1772937320.3758647,17.530728558537582
1772937320.3758724,18.23567920415108
1772937320.37588,18.431406332941258
1772937320.3759062,17.67315427809879
1772937320.3759139,16.90357012740977
1772937320.3759212,17.252307930959244
1772937320.375929,18.46834743824997
1772937320.3759365,19.192179843900313
1772937320.3759441,18.798844631258333
1772937320.3759518,18.286396286920084
1772937320.3759596,18.879467832723964
1772937320.3759673,20.214272558245337
1772937320.375975,20.739942628423602
1772937320.3759823,19.976727072812153
1772937320.37599,19.468504370076566
1772937320.3759975,20.761775783780777
1772937320.3760052,22.923994762198866
1772937320.3760128,23.28028936333268
1772937320.3760204,21.022263257215446
1772937320.376028,19.02902657036944
1772937320.3760357,20.714165486797814
1772937320.376043,24.95538063542018
1772937320.3760507,25.49104902700668
1772937320.3760583,16.687265966719217
1772937320.8541903,25.646608005784802
1772937320.8542452,17.835078875049764
1772937320.854278,1.5680521666681215
1772937320.8543131,0.9763885183669881
1772937320.8543465,0.18074325610727374
1772937320.8543746,0.008286667222273536
1772937320.8544035,0.8939698244931815
1772937320.854432,2.3056573473645403
1772937320.8544607,3.1303137728262374
1772937320.8544967,2.760261424374115
1772937320.8545244,1.7334854552751213
1772937320.8545349,1.1812093701359518
1772937320.8545437,1.6726863808722374
1772937320.8545527,2.7407436315922404
1772937320.854562,3.5512882061028024
1772937320.8545709,3.839119032169013
1772937320.85458,4.014057192008468
1772937320.8545887,4.455921884501533
1772937320.8545976,4.998383112001957
1772937320.8546057,5.231346310470413
1772937320.8546147,5.1137914172333305
1772937320.8546233,5.0247628447140205
1772937320.8546336,5.214531741559113
1772937320.8546424,5.451884421284787
1772937320.8546503,5.3610403162949725
1772937320.8546581,4.96802689449222
1772937320.8546672,4.70101653979799
1772937320.8546755,4.8684931126124615
1772937320.8546853,5.350724225456628
1772937320.8546937,5.888558992285752
1772937320.8547025,6.473568562643725
1772937320.8547113,7.222739773544499
1772937320.8547192,7.943216529742369
1772937320.8547273,8.144572643458295
1772937320.8547354,7.658055705266024
1772937320.854744,7.055405334066943
1772937320.8547533,7.148618013642593
1772937320.8547611,8.033293151444617
1772937320.8547692,8.868195917276964
1772937320.854777,8.780851680559454
1772937320.8547852,7.882470807720351
1772937320.8547933,7.1777101873917974
1772937320.8548012,7.474763308856085
1772937320.854809,8.588615237793302
1772937320.8548172,9.70551558212241
1772937320.8548248,10.338246104184305
1772937320.8548324,10.693708106924941
1772937320.8548405,11.165492266120502
1772937320.854848,11.769515617933074
1772937320.8548555,12.236260771897078
1772937320.8548636,12.46587003266464
1772937320.8548715,12.6127158941245
1772937320.8548796,12.73258248266978
1772937320.854888,12.630296740445408
1772937320.854896,12.224507698841597
1772937320.8549044,11.885932391781234
1772937320.8549128,12.124400200472635
1772937320.854921,12.908881099553547
1772937320.8549292,13.5356453528186
1772937320.8549373,13.341281199754409
1772937320.8549452,12.445253942770448
1772937320.8549533,11.609516013202585
1772937320.8549612,11.400772013571437
1772937320.854969,11.69417742933096
1772937320.854977,12.048418703922016
1772937320.8549852,12.33260520996169
1772937320.8549936,12.748878651446912
1772937320.8550012,13.325906000759614
1772937320.855009,13.707490047176533
1772937320.8550167,13.589385791837952
1772937320.8550243,13.179495290496398
1772937320.8550322,12.991680134450634
1772937320.85504,13.227187830102114
1772937320.8550477,13.590721417025309
1772937320.8550556,13.769674539686278
1772937320.8550632,13.861274305032799
1772937320.855071,14.1335761964053
1772937320.8550787,14.51591006964605
1772937320.8550863,14.647502385894613
1772937320.855094,14.482386403068627
1772937320.8551016,14.533354156451194
1772937320.8551097,15.24579341251192
1772937320.8551192,16.26724060719537
1772937320.855127,16.7020104978932
1772937320.8551347,16.191180035253616
1772937320.8551447,15.451054330966347
1772937320.855157,15.473449635395369
1772937320.855167,16.32199941141191
1772937320.8551767,17.05693400687337
1772937320.8551872,16.901924466985072
1772937320.855198,16.159440670996432
1772937320.855209,15.733184925142366
1772937320.8552191,15.965228931894439
1772937320.8552291,16.34913395860238
1772937320.8552396,16.40582046393533
1772937320.8552496,16.399275324649807
1772937320.85526,16.86712455923072
1772937320.8552718,17.700893606559543
1772937320.8552835,18.19870157158641
1772937320.8552947,18.09388320399735
1772937320.855306,18.049904272694704
1772937320.855317,18.769508951066523
1772937320.8553293,19.8928391507039
1772937320.8553395,20.34047852887332
1772937320.8553505,19.796483303448323
1772937320.8553607,19.269437425354898
1772937320.8553717,19.764517073585136
1772937320.8553827,20.78661347874355
1772937320.8553956,20.897837616364384
1772937320.8554063,19.816592920169782
1772937320.8554142,19.13866410239579
1772937320.855422,20.295314058038297
1772937320.85543,22.241762132323778
1772937320.8554375,22.318978871819773
1772937320.8554454,19.819244966769098
1772937320.855453,17.7008842820164
1772937320.855461,19.401030604742235
1772937320.8554685,23.786803685737585
1772937320.8554764,24.544091756149633
1772937320.855484,15.926923507286848
1772937321.3094609,0.5441911427163741
1772937321.3095057,0.6094223837404379
1772937321.3095365,0.8590578851542905
1772937321.3095634,1.0927589113660088
1772937321.3096507,1.119726982488427
1772937321.3096955,1.073971835911966
1772937321.3097103,1.3317597330720545
1772937321.3097534,2.0649142283841404
1772937321.3097668,2.97707380200629
1772937321.3097804,3.586061839318659
1772937321.3097937,3.7350677020658396
1772937321.3098068,3.7217370467945625
1772937321.3098204,3.914034679837962
1772937321.3098333,4.345821778301136
1772937321.309846,4.757733864474369
1772937321.309859,4.956526203801325
1772937321.309872,5.009978920750047
1772937321.3098848,5.088998665557667
1772937321.309898,5.239248860657193
1772937321.309955,5.378319010145484
1772937321.3099675,5.445226504264112
1772937321.3099802,5.45651357907781
1772937321.3099928,5.4456188806203825
1772937321.3100057,5.457974250451583
1772937321.3100183,5.616467051602704
1772937321.3100307,6.059130320525015
1772937321.3100438,6.715623314236833
1772937321.3100562,7.23893565512261
1772937321.3100688,7.335495712494291
1772937321.3100815,7.1837001537625325
1772937321.3100932,7.349148205404583
1772937321.3101048,8.142255373072674
1772937321.3101168,9.143877776667116
1772937321.3101616,9.565643853417344
1772937321.3101733,9.125020899015249
1772937321.3101857,8.404462992053608
1772937321.3101976,8.219639873563182
1772937321.3102093,8.72936372621029
1772937321.3102212,9.348020682735068
1772937321.310233,9.5160744016472
1772937321.3102453,9.324750303230747
1772937321.3102567,9.242514915519001
1772937321.3102689,9.39649153778065
1772937321.3102808,9.413210906683195
1772937321.3102925,9.012282803439122
1772937321.3103042,8.50363595979701
1772937321.310316,8.480825804216177
1772937321.310328,9.108747300423769
1772937321.3103695,9.945731310640083
1772937321.310382,10.496918406665772
1772937321.310394,10.726495505683218
1772937321.3104055,10.894062476885152
1772937321.3104177,11.072325807947257
1772937321.3104296,11.105397554520938
1772937321.3104413,11.024313609449731
1772937321.3104532,11.181207424079098
1772937321.310465,11.764559753236393
1772937321.3104773,12.36939125231393
1772937321.3104892,12.379070747046494
1772937321.3105016,11.796396030052026
1772937321.3105135,11.381979991437785
1772937321.3105545,11.759371734534467
1772937321.3105664,12.582659225922553
1772937321.310578,12.93156688087651
1772937321.31059,12.530450367024885
1772937321.3106017,12.211003282021927
1772937321.3106136,12.927622648216563
1772937321.3106253,14.531057441311932
1772937321.3106372,15.891367440519268
1772937321.3106492,16.238756895521153
1772937321.3106608,16.001017293505118
1772937321.3106723,16.091893043355554
1772937321.310684,16.661611842285055
1772937321.3106956,16.993653567853173
1772937321.3107069,16.618247938872294
1772937321.3107176,16.036188673110598
1772937321.3107283,16.026681665755955
1772937321.3107395,16.544056966139834
1772937321.3107505,16.826318027543632
1772937321.3107617,16.611849109597056
1772937321.310773,16.685995917383842
1772937321.310784,17.809396429441552
1772937321.3107948,19.405438253238977
1772937321.3108056,19.95151618680725
1772937321.3108163,18.826032186932434
1772937321.3108275,17.262018832496526
1772937321.310838,17.01646138535479
1772937321.3108487,18.31039570908463
1772937321.31086,19.637942317361375
1772937321.310871,19.677078798868774
1772937321.3108819,18.821647391612437
1772937321.3108926,18.416981739525312
1772937321.3109035,18.879795932515947
1772937321.3109145,19.317463518775032
1772937321.3109255,19.073801819676355
1772937321.3109365,18.862608816961206
1772937321.3109472,19.72894548713795
1772937321.310958,21.284681810767374
1772937321.310969,21.940073274969976
1772937321.3109796,21.127441151341042
1772937321.3109906,20.41728560419931
1772937321.3110013,21.555052443330634
1772937321.311012,23.757038144954674
1772937321.311023,24.22238921781735
1772937321.3110335,21.88114891597007
1772937321.3110447,19.60078414372328
1772937321.311056,21.12956167149496
1772937321.311067,25.598107359920046
1772937321.3110776,26.45236698124119
1772937321.3110888,17.39516229892397
1772937321.7816372,1.505249003117071
1772937321.7816768,1.584090921879153
1772937321.7817032,1.6762213459185278
1772937321.7817297,1.789420884270836
1772937321.7817564,1.7658230576313845
1772937321.7817829,1.4887280629899697
1772937321.781809,1.0808813474650305
1772937321.7818358,0.8265648667832711
1772937321.7818625,0.9239929312548684
1772937321.7818892,1.3526811132865897
1772937321.781916,1.9303645047657738
1772937321.7819283,2.410379879841334
1772937321.781937,2.5475665120559587
1772937321.7819448,2.224008073328301
1772937321.7819529,1.6255942481051424
1772937321.7819607,1.2272875825889242
1772937321.7819686,1.4321494348484094
1772937321.7819767,2.1480858176394304
1772937321.7819843,2.803581113245441
1772937321.7819924,2.8878292491269004
1772937321.7820003,2.4738417987527583
1772937321.782008,2.1438269102634457
1772937321.782016,2.3966598282636333
1772937321.7820237,3.190269790915662
1772937321.782032,4.065237059030521
1772937321.7820399,4.607786569693873
1772937321.7820475,4.712810348074126
1772937321.7820556,4.49098676054902
1772937321.7820632,4.116378551359088
1772937321.782071,3.828825366207444
1772937321.7820787,3.9226403434232795
1772937321.7820866,4.5275441791525886
1772937321.7820947,5.385108902726739
1772937321.7821028,6.000514000724205
1772937321.7821105,6.126275068612085
1772937321.7821183,6.03755682694184
1772937321.782126,6.22883397653433
1772937321.782134,6.864556288346234
1772937321.782142,7.637433985981057
1772937321.7821498,8.170327311108302
1772937321.7821577,8.414435947018813
1772937321.7821653,8.560076819345538
1772937321.782173,8.677518036494824
1772937321.7821808,8.65356831578539
1772937321.7821884,8.50157644968824
1772937321.7821963,8.518751141290199
1772937321.7822046,8.954375142053184
1772937321.7822163,9.6048984656916
1772937321.7822278,9.96767151839322
1772937321.782241,9.861364356264662
1772937321.782251,9.712977530766329
1772937321.7822592,10.061913227174836
1772937321.7822676,10.864730108730114
1772937321.782276,11.51203441050425
1772937321.7822845,11.574395467784552
1772937321.7822928,11.322287401954743
1772937321.7823012,11.337906384846852
1772937321.7823095,11.736228020996496
1772937321.7823179,12.042177606682758
1772937321.7823262,11.8936395765858
1772937321.7823346,11.615111986916078
1772937321.782343,11.858890350699069
1772937321.7823513,12.759860723088611
1772937321.78236,13.722445762834754
1772937321.7823682,14.136358810825076
1772937321.7823768,14.092489443809557
1772937321.782385,14.178915585672968
1772937321.7823937,14.657553473500869
1772937321.782402,15.115247744401215
1772937321.7824104,15.015695381483622
1772937321.7824187,14.390745598564784
1772937321.7824273,13.790440201388886
1772937321.7824357,13.641249483816203
1772937321.782444,13.88385755847372
1772937321.7824523,14.247930207933733
1772937321.7824607,14.612508156015489
1772937321.7824693,14.918350970624973
1772937321.7824774,14.925907211854854
1772937321.7824857,14.414091899843482
1772937321.7824943,13.665760720196893
1772937321.7825024,13.427136040149296
1772937321.7825112,14.110848157381747
1772937321.7825196,15.170646070522166
1772937321.782528,15.59974631297369
1772937321.7825363,15.108783974680762
1772937321.7825444,14.516198298460253
1772937321.7825527,14.759778969159006
1772937321.7825613,15.727747936598597
1772937321.7825696,16.430380655946703
1772937321.7825782,16.323270474536468
1772937321.7825863,16.043268520850603
1772937321.782595,16.54563450318469
1772937321.7826028,17.757735550880746
1772937321.7826111,18.5602704445364
1772937321.7826192,18.17540388059852
1772937321.7826276,17.156826468987777
1772937321.7826364,16.68617159644345
1772937321.7826452,17.127905886707058
1772937321.7826536,17.747000330707102
1772937321.782662,17.85945255091937
1772937321.7826705,17.72685877986851
1772937321.7826788,17.951015888854293
1772937321.7826872,18.347302660693067
1772937321.7826955,18.091171002194187
1772937321.782704,17.069900978250708
1772937321.7827125,16.42904693143126
1772937321.7827208,17.220790755562135
1772937321.7827291,18.818800511779795
1772937321.7827373,19.461176739554638
1772937321.7827456,18.547797004479268
1772937321.7827537,17.652687048790263
1772937321.782762,18.54653391541091
1772937321.7827702,20.578865466345217
1772937321.7827787,21.137232271675984
1772937321.7827868,19.155325406104968
1772937321.7827954,17.212004095741023
1772937321.7828035,18.760786302970356
1772937321.7828119,23.054879450139882
1772937321.7828202,24.08686154324338
1772937321.7828283,15.98324693108907
1772937322.2618334,-0.16729443627501223
1772937322.261872,0.2836180958457917
1772937322.2618976,0.7100706131729403
1772937322.2619245,1.118030053287442
1772937322.2619517,1.4685063983516142
1772937322.2619784,1.8122842821710643
1772937322.262,2.2739202693919647
1772937322.2620275,2.8206982044573414
1772937322.262054,3.1581734676660913
1772937322.2620807,3.004801196026956
1772937322.2621071,2.46039599036354
1772937322.2621336,1.9647323932132486
1772937322.2621465,1.8342390177041652
1772937322.2621543,1.944179145088474
1772937322.2621624,1.968159813977809
1772937322.26217,1.8524300527869901
1772937322.2621784,1.879145481856811
1772937322.262186,2.2323985566737194
1772937322.2621944,2.6789703723449056
1772937322.2622023,2.838424743312365
1772937322.2622104,2.7010941729839146
1772937322.262218,2.676467308695106
1772937322.262226,3.070138318200464
1772937322.2622344,3.6799443928824247
1772937322.2622423,4.070893166371185
1772937322.2622502,4.173045623542648
1772937322.2622583,4.383675137735972
1772937322.2622662,5.0066883970211284
1772937322.262274,5.776346418836063
1772937322.262282,6.140270077661714
1772937322.2622895,5.9738362144599355
1772937322.2622972,5.791393825836107
1772937322.2623048,6.143326226651449
1772937322.2623127,6.945479586638799
1772937322.2623205,7.589205152033133
1772937322.262328,7.685081960744327
1772937322.262336,7.497162711513679
1772937322.262344,7.549071877531549
1772937322.2623518,7.948236500709006
1772937322.2623599,8.294558949630057
1772937322.2623675,8.245175818452376
1772937322.262375,7.973433138955507
1772937322.2623827,7.947773211195981
1772937322.2623909,8.351544493552591
1772937322.2623987,8.88165083877229
1772937322.2624068,9.127091451538309
1772937322.2624147,9.010007166056617
1772937322.2624252,8.780248154036869
1772937322.2624333,8.669986702326483
1772937322.2624407,8.681452744101662
1772937322.2624488,8.701279714071413
1772937322.262457,8.696862885702117
1772937322.2624648,8.735070111195276
1772937322.262473,8.872646442592584
1772937322.262481,9.10236225805639
1772937322.2624888,9.376925373128032
1772937322.2624967,9.617278155225556
1772937322.2625048,9.725311479274659
1772937322.2625127,9.694784667746784
1772937322.2625203,9.731688595042495
1772937322.2625284,10.13823202434293
1772937322.262536,10.955146469180676
1772937322.262544,11.770225095082495
1772937322.2625515,12.047407473654347
1772937322.26256,11.708422792698094
1772937322.262568,11.274189384107641
1772937322.262576,11.31684185274703
1772937322.2625842,11.833685164596035
1772937322.262592,12.309286485873407
1772937322.2625997,12.389628351421251
1772937322.2626078,12.304064826574434
1772937322.2626157,12.50048660517085
1772937322.2626233,13.009975598470326
1772937322.2626312,13.423128152881244
1772937322.2626393,13.515216744771429
1772937322.262647,13.63320168736187
1772937322.2626543,14.249415904548048
1772937322.2626624,15.247993243918259
1772937322.2626703,15.95031106472114
1772937322.262678,15.93401897475636
1772937322.2626858,15.597647117152778
1772937322.2626936,15.693710155858167
1772937322.2627013,16.399902957919462
1772937322.2627091,17.128471587536605
1772937322.2627172,17.311402266616774
1772937322.2627249,17.113748052217073
1772937322.2627327,17.148285710540847
1772937322.2627409,17.622819395030024
1772937322.2627485,18.09298273872463
1772937322.2627563,18.11726244531855
1772937322.262764,17.852482533689262
1772937322.2627716,17.74726962543396
1772937322.2627792,17.81042649484525
1772937322.2627869,17.566766452176438
1772937322.2627947,16.827898253394753
1772937322.2628024,16.178355008357773
1772937322.2628105,16.394999403327393
1772937322.262818,17.506535991559385
1772937322.262826,18.764023121532762
1772937322.2628336,19.565239506964758
1772937322.2628412,20.044317822831573
1772937322.262849,20.533435007103922
1772937322.2628565,20.784444318603388
1772937322.2628644,20.25795750288163
1772937322.262872,19.18740899383188
1772937322.2628798,18.745120074244973
1772937322.2628877,19.682412853202035
1772937322.2628956,21.109158018634975
1772937322.2629032,21.322485723415614
1772937322.2629108,19.985970486861923
1772937322.2629187,18.815859011773085
1772937322.2629263,19.50669756884515
1772937322.262934,21.35379782472479
1772937322.2629416,21.939905843066487
1772937322.2629495,20.510355251099803
1772937322.262957,19.68633522658994
1772937322.262965,22.501451412282382
1772937322.2629728,27.581987294768325
1772937322.2629807,28.560240364692387
1772937322.2629883,19.711046147302973
1772937322.7432845,3.1880554731666906
1772937322.7433217,3.3254729043803133
1772937322.743348,3.780187680195048
1772937322.7433753,4.46055099358724
1772937322.7434015,4.869674451879803
1772937322.743428,4.642515449809976
1772937322.7434545,4.043262794303962
1772937322.7434807,3.744029410748498
1772937322.7435074,4.08151042445307
1772937322.7435343,4.678430156167333
1772937322.7435608,4.8936588699515084
1772937322.7435873,4.547943769020765
1772937322.7436001,4.060539802056718
1772937322.7436085,3.9003151395559543
1772937322.7436163,4.085821931352747
1772937322.7436244,4.31702238465789
1772937322.7436323,4.460722000546688
1772937322.743641,4.701464676253483
1772937322.7436485,5.194712467539739
1772937322.7436564,5.750101069031642
1772937322.7436645,6.0043214295941985
1772937322.7436724,5.859745145162333
1772937322.7436802,5.611073223395153
1772937322.743688,5.603018874580104
1772937322.7436965,5.85890412854599
1772937322.7437043,6.117630241247358
1772937322.743712,6.179816648021424
1772937322.7437203,6.122452684309923
1772937322.743728,6.17704764434
1772937322.7437363,6.484018980047191
1772937322.743744,6.999291576245377
1772937322.743752,7.56765955925663
1772937322.74376,8.017600357277537
1772937322.7437675,8.228892755285557
1772937322.7437756,8.213465529725474
1772937322.7437832,8.153627224245092
1772937322.7437909,8.27260094339609
1772937322.7437987,8.592821556741553
1772937322.7438066,8.861325455060209
1772937322.7438145,8.803104110000396
1772937322.7438223,8.457815224777994
1772937322.74383,8.188401193879736
1772937322.7438376,8.309751075775457
1772937322.7438452,8.756119875862495
1772937322.743853,9.172761960968856
1772937322.743861,9.302520225146555
1772937322.7438684,9.20169767080686
1772937322.7438762,9.080674817024338
1772937322.743884,9.044291497344078
1772937322.743892,9.064977614617444
1772937322.7438998,9.136697201931396
1772937322.7439077,9.316904554735517
1772937322.7439153,9.59682340442881
1772937322.7439232,9.854352964791302
1772937322.743931,10.028205839235891
1772937322.7439387,10.264701763935713
1772937322.7439463,10.747750414572627
1772937322.7439542,11.369543414508316
1772937322.743962,11.714223121405881
1772937322.74397,11.484785592534832
1772937322.7439775,10.891394747084195
1772937322.7439857,10.483981515928926
1772937322.7439935,10.581961145918246
1772937322.7440014,10.980830085620068
1772937322.7440095,11.281739755925875
1772937322.7440174,11.406919218644099
1772937322.744025,11.654369363157148
1772937322.7440329,12.272052569608103
1772937322.7440405,13.141871930936349
1772937322.7440484,13.955533449187772
1772937322.744056,14.57304188987907
1772937322.7440636,15.0550980795332
1772937322.7440715,15.39391933359795
1772937322.744079,15.42392360992115
1772937322.7440867,15.097633334056507
1772937322.7440944,14.706216899857166
1772937322.7441025,14.63373119995062
1772937322.74411,14.90105598884272
1772937322.7441175,15.12510496808691
1772937322.7441256,15.000936443983104
1772937322.7441332,14.687097005231777
1772937322.744141,14.576535304083198
1772937322.7441492,14.771766163731758
1772937322.7441568,14.994652997116082
1772937322.7441647,15.045357753447894
1772937322.7441723,15.13399782404824
1772937322.7441804,15.582204098620041
1772937322.7441883,16.312863284448532
1772937322.744196,16.89088933956874
1772937322.744204,17.100778340625016
1772937322.7442129,17.234627533143925
1772937322.7442207,17.634312029034497
1772937322.7442284,18.126891222565728
1772937322.744236,18.223643525623686
1772937322.7442439,17.8761079342703
1772937322.7442515,17.68234050820792
1772937322.7442594,18.108464024347747
1772937322.744267,18.73375299628107
1772937322.7442744,18.673045024202715
1772937322.7442825,17.766764881940833
1772937322.74429,16.929497799479492
1772937322.7442975,17.032911083516094
1772937322.7443056,17.728023643264265
1772937322.7443137,17.873101225131688
1772937322.744321,17.124713497967438
1772937322.7443297,16.52627800685139
1772937322.7443376,17.1287909607704
1772937322.7443457,18.426611119641763
1772937322.7443535,18.895168061918543
1772937322.7443612,18.139118655139303
1772937322.7443693,17.68399389102132
1772937322.744377,18.94587199711913
1772937322.7443845,20.863664874975928
1772937322.744392,20.742775206939022
1772937322.7444,17.92543940654186
1772937322.744408,15.621349763212654
1772937322.7444155,17.612490628941686
1772937322.7444234,22.84596888386026
1772937322.7444315,24.56672872438067
1772937322.7444391,16.31080421545089
1772937323.2221537,0.3532575644964536
1772937323.2221942,0.8842678371861766
1772937323.2222204,1.5434576704811716
1772937323.222247,2.0740313521976543
1772937323.2222736,2.009254037755709
1772937323.2223008,1.3244321910826002
1772937323.222328,0.609393816181284
1772937323.2223544,0.4428745046954291
1772937323.2223814,0.7410334357624252
1772937323.2224083,0.9619078578879217
1772937323.2224348,0.9335989281747007
1772937323.2224617,1.1891449675220955
1772937323.22247,2.2817279854533026
1772937323.222478,3.9193833133755405
1772937323.222486,5.0901982497466305
1772937323.222494,5.131740109681589
1772937323.2225018,4.468284878649108
1772937323.2225096,4.109129111149799
1772937323.2225173,4.526257028496611
1772937323.2225251,5.262507800384394
1772937323.2225327,5.649745464807316
1772937323.2225406,5.633659338317371
1772937323.2225485,5.6789058923954965
1772937323.2225564,6.005677256409295
1772937323.2225647,6.252015788094674
1772937323.2225728,5.997412542844118
1772937323.2225807,5.387826672905272
1772937323.2225957,4.993047073561218
1772937323.2226033,5.098600150078728
1772937323.2226112,5.395284100647055
1772937323.2226188,5.466115405413412
1772937323.2226267,5.386575696713202
1772937323.2226343,5.622670471071802
1772937323.2226422,6.375553717610894
1772937323.22265,7.256080966051075
1772937323.222658,7.713670251894799
1772937323.222666,7.6520454592775335
1772937323.2226737,7.463876336825889
1772937323.2226815,7.508441869196763
1772937323.2226892,7.73551653095103
1772937323.2226973,7.8692207172116
1772937323.222705,7.801919481397376
1772937323.2227125,7.663861966020784
1772937323.2227204,7.579354220476036
1772937323.222728,7.543150249185024
1772937323.2227356,7.579332831091786
1772937323.2227435,7.860807257417151
1772937323.2227511,8.524738363984586
1772937323.2227588,9.419689442412139
1772937323.2227666,10.185492974890126
1772937323.222774,10.614566238415424
1772937323.222782,10.822332810500855
1772937323.2227893,10.998554145514841
1772937323.2227972,11.096097322244255
1772937323.2228048,10.902917817260187
1772937323.2228124,10.396432169770316
1772937323.22282,9.871359455444065
1772937323.222828,9.647416680580701
1772937323.2228355,9.751906438470623
1772937323.2228432,9.991446561988507
1772937323.2228508,10.258507160784083
1772937323.2228584,10.598330559509982
1772937323.222866,10.961667839790195
1772937323.2228737,11.08910248512594
1772937323.2228813,10.80678153944876
1772937323.2228892,10.359033896860812
1772937323.2228968,10.235612056861916
1772937323.2229047,10.608348804451952
1772937323.2229123,11.098906723867644
1772937323.22292,11.246231930198833
1772937323.2229276,11.119245470477917
1772937323.2229352,11.27315009100767
1772937323.2229433,12.071400047265358
1772937323.2229507,13.224562310102103
1772937323.2229583,14.117138084625388
1772937323.222966,14.473128575188351
1772937323.2229736,14.519522811676643
1772937323.2229812,14.539745894364748
1772937323.222989,14.518415529447058
1772937323.2229965,14.349884775572825
1772937323.2230043,14.196540314329054
1772937323.223012,14.35406018806643
1772937323.22302,14.75839596357433
1772937323.2230277,14.905241486172686
1772937323.223035,14.447061855562993
1772937323.223043,13.731957061955974
1772937323.2230508,13.501983546625576
1772937323.2230585,14.051389115834471
1772937323.223066,14.906701488902694
1772937323.223074,15.43652739658862
1772937323.2230816,15.576074181379012
1772937323.2230892,15.735376860692451
1772937323.223097,16.114123002565876
1772937323.2231047,16.44922433339321
1772937323.2231123,16.537295824812013
1772937323.22312,16.693650346661773
1772937323.2231276,17.371659325679822
1772937323.2231352,18.432975907964295
1772937323.2231429,19.17961896018134
1772937323.2231505,19.22236394783171
1772937323.223158,18.984764798245553
1772937323.2231655,19.055539363242783
1772937323.223173,19.272011217831945
1772937323.2231808,18.94174312489947
1772937323.2231884,18.02409517495263
1772937323.223196,17.529039311410546
1772937323.223204,18.274708992676736
1772937323.2232115,19.55702341460953
1772937323.2232194,19.803387714572388
1772937323.223227,18.724025244933998
1772937323.223235,18.07179536305197
1772937323.2232423,19.51802529365419
1772937323.22325,22.09230473570045
1772937323.2232575,22.873916436169573
1772937323.2232652,20.769849676008597
1772937323.2232728,18.691864808640542
1772937323.2232804,20.50483181879979
1772937323.223288,25.469891059654387
1772937323.2232957,26.98886502201466
1772937323.2233045,18.43436335795226
1772937323.7026267,1.6922551775887764
1772937323.7026803,1.807366868176039
1772937323.7027092,2.201004711765
1772937323.7027433,2.543487934288678
1772937323.702772,2.4366216541042975
1772937323.7028,1.9744439726901746
1772937323.702829,1.7035961891281914
1772937323.7028575,2.0113645124918715
1772937323.7028859,2.7131834993319406
1772937323.7029145,3.3288983648159323
1772937323.7029428,3.631256233719319
1772937323.7029517,3.7531790105728087
1772937323.7029605,3.8145302312582903
1772937323.702971,3.693328416628056
1772937323.702986,3.294783246103013
1772937323.703,2.8893429321732658
1772937323.7030146,2.947190073909609
1772937323.7030263,3.612966043554119
1772937323.7030356,4.512774841279611
1772937323.703044,5.1614803773213005
1772937323.7030528,5.429412001021201
1772937323.7030623,5.485082904870407
1772937323.7030761,5.408254505546488
1772937323.7031105,5.124095057280946
1772937323.7031195,4.760597668766831
1772937323.7031283,4.789819780672774
1772937323.7031372,5.544424398184407
1772937323.7031457,6.671430301131939
1772937323.7031543,7.373294465495852
1772937323.703163,7.307816285005501
1772937323.7031715,7.022485671863677
1772937323.7031798,7.256785001977167
1772937323.7031882,7.921366039409308
1772937323.7031963,8.106564861696242
1772937323.7032049,7.221390618758522
1772937323.7032135,5.856954796218973
1772937323.7032216,5.223157484776977
1772937323.70323,5.796307039793944
1772937323.7032387,6.843729680405256
1772937323.7032473,7.3894860108659035
1772937323.7032557,7.364397558994548
1772937323.7032638,7.511090829192994
1772937323.7032723,8.282186058469138
1772937323.7032807,9.24612796118905
1772937323.7032893,9.737707456339065
1772937323.7032976,9.77408820615169
1772937323.703306,9.947063575239847
1772937323.7033143,10.480370071489878
1772937323.7033231,10.832878609211908
1772937323.7033317,10.469958880164429
1772937323.7033396,9.757585133007451
1772937323.7033482,9.678656347063606
1772937323.7033565,10.632068667786728
1772937323.7033648,11.853870145169582
1772937323.7033734,12.243677761010348
1772937323.7033865,11.57510657958918
1772937323.703395,10.6111595815531
1772937323.7034032,10.103096939735023
1772937323.7034116,10.037768738185676
1772937323.7034197,10.004994272950688
1772937323.7034283,9.974082576789952
1772937323.7034366,10.309464957651802
1772937323.703445,11.073044022396417
1772937323.7034533,11.746866273221157
1772937323.7034616,11.893197527758552
1772937323.7034702,11.842194662602182
1772937323.7034783,12.344171422991126
1772937323.703487,13.54347065081708
1772937323.7034953,14.657172851161665
1772937323.7035031,14.874921579779597
1772937323.7035117,14.351310350083738
1772937323.7035203,13.990269640084458
1772937323.7035284,14.301608485148467
1772937323.7035367,14.825449424623265
1772937323.7035456,14.836556380146183
1772937323.703554,14.337715635442892
1772937323.7035625,14.0288952983168
1772937323.7035708,14.37029860278987
1772937323.7035787,15.036714554265942
1772937323.7035873,15.419476517192017
1772937323.7035954,15.369728950846063
1772937323.7036035,15.163350478015829
1772937323.703612,14.904503383228466
1772937323.7036202,14.392578638719359
1772937323.7036288,13.67299742597891
1772937323.7036371,13.323188152374211
1772937323.7036457,13.827447886049555
1772937323.703654,14.821308750129178
1772937323.7036622,15.395928191422776
1772937323.7036705,15.245479175437199
1772937323.7036788,15.120142299682161
1772937323.703687,15.832768862736064
1772937323.7036953,17.07133864827316
1772937323.7037036,17.69469676756881
1772937323.7037117,17.241298329984353
1772937323.7037203,16.62906439362642
1772937323.703729,16.998515938891295
1772937323.7037373,18.192056234833572
1772937323.7037454,18.97361292788472
1772937323.7037537,18.75953088419188
1772937323.703762,18.466830010345184
1772937323.7037702,19.197902796132556
1772937323.7037787,20.52503192335045
1772937323.7037868,20.884077351047978
1772937323.7037954,19.751247979745745
1772937323.7038038,18.622826323870246
1772937323.703812,19.205912801716753
1772937323.7038205,21.08047385838305
1772937323.7038293,22.120403952103796
1772937323.7038374,21.368223924092945
1772937323.7038455,20.4836448052003
1772937323.7038538,21.478559059705045
1772937323.703862,23.574455664760688
1772937323.7038703,23.769004916619373
1772937323.7038784,21.04787076967462
1772937323.7038867,18.762125495431526
1772937323.703895,21.07911503663325
1772937323.7039032,26.861178563662666
1772937323.7039115,28.66933216419713
1772937323.70392,19.510107415375558
1772937323.7039282,0.6769413574776372
1772937324.183389,1.697988855231136
1772937324.183436,1.9882412987316262
1772937324.1834629,2.6248959114788497
1772937324.1834896,2.8920864182868677
1772937324.1835198,2.6704369115761764
1772937324.1835425,2.5886284053362307
1772937324.1835623,3.15513912008686
1772937324.183582,4.031102207363485
1772937324.183602,4.410967745729719
1772937324.183612,4.015079482337222
1772937324.1836212,3.412935859098771
1772937324.1836305,3.2950224168878317
1772937324.1836395,3.66448419600934
1772937324.1836488,3.955965461565297
1772937324.1836605,3.837980238504677
1772937324.183674,3.6152357925956413
1772937324.183688,3.766643215920217
1772937324.1836975,4.308037991269447
1772937324.183706,4.815807640183825
1772937324.183714,5.000450803556827
1772937324.1837225,5.026845013799457
1772937324.1837313,5.212892104193501
1772937324.18374,5.591126029127114
1772937324.1837485,5.913064107974565
1772937324.1837568,5.998440264063298
1772937324.183765,5.906381132847442
1772937324.1837735,5.765666126395049
1772937324.183782,5.607631621527606
1772937324.1837904,5.442794748796026
1772937324.1837988,5.3616853202011505
1772937324.1838074,5.410125890253141
1772937324.1838157,5.439145075454697
1772937324.183824,5.278224546615162
1772937324.1838324,5.0769470320393095
1772937324.1838412,5.2504771558592624
1772937324.1838496,5.9195349620329765
1772937324.1838582,6.554531334781367
1772937324.1838665,6.475446696806361
1772937324.183875,5.761371601775376
1772937324.1838837,5.390052189906311
1772937324.1838923,6.221998777787877
1772937324.183901,7.934796606850345
1772937324.1839094,9.252052667078795
1772937324.183918,9.312759708427496
1772937324.1839285,8.596661128642026
1772937324.1839373,8.314066909700824
1772937324.1839457,9.023349272194348
1772937324.1839538,10.124935565616893
1772937324.183962,10.709067622861454
1772937324.1839707,10.570599532628078
1772937324.1839788,10.176206030408482
1772937324.1839871,9.872482864102658
1772937324.1839955,9.55601611161136
1772937324.1840036,9.189345668197825
1772937324.184012,9.228953763895952
1772937324.1840203,10.146374579315731
1772937324.1840289,11.613133050797599
1772937324.1840374,12.576407152363103
1772937324.1840472,12.348111178860039
1772937324.1840613,11.414199085767287
1772937324.1840754,10.911914459202302
1772937324.1840856,11.37846162529725
1772937324.1840947,12.27229609908351
1772937324.1841033,12.740125059358725
1772937324.1841116,12.552131205413987
1772937324.18412,12.08816949453398
1772937324.1841283,11.64352897953532
1772937324.1841404,11.152485980024492
1772937324.1841488,10.631443353628887
1772937324.184157,10.495794858592133
1772937324.1841652,11.115293430404245
1772937324.1841736,12.2047422603987
1772937324.184182,13.024523004039041
1772937324.1841903,13.241861412353362
1772937324.1841986,13.280167928158363
1772937324.184207,13.628854527759524
1772937324.18422,14.079739742063696
1772937324.1842327,14.036931201774731
1772937324.1842456,13.524130181437876
1772937324.184254,13.39646193115718
1772937324.1842625,14.2647244064993
1772937324.184271,15.513861991714512
1772937324.1842797,15.886124004567742
1772937324.1842875,15.061883208820241
1772937324.1842964,14.192465972966883
1772937324.1843047,14.563732645810772
1772937324.1843133,16.02293901557043
1772937324.1843216,17.19722711265677
1772937324.18433,17.226523065753003
1772937324.1843383,16.75065405590038
1772937324.1843472,16.91056336497768
1772937324.1843555,17.791865132729658
1772937324.184364,18.431095238286805
1772937324.1843724,18.281981506564886
1772937324.1843808,17.99555002524097
1772937324.1843896,18.381072758021407
1772937324.184398,19.08263662183971
1772937324.1844065,19.010024261510896
1772937324.1844149,18.049737563584834
1772937324.1844232,17.557263539226252
1772937324.184435,18.650131667636458
1772937324.1844487,20.500267041067556
1772937324.1844618,21.155734420126173
1772937324.1844904,20.0811763952593
1772937324.1844988,19.014966174084428
1772937324.1845071,19.729463975872807
1772937324.1845152,21.52652149585734
1772937324.1845236,21.99938389898954
1772937324.1845322,20.347780841697848
1772937324.1845405,18.804398770941173
1772937324.1845489,19.862097131041924
1772937324.184557,22.679873963116947
1772937324.1845653,23.71653968341362
1772937324.1845737,21.410079586664445
1772937324.1845815,18.936016368972723
1772937324.18459,20.669399809420774
1772937324.1845982,25.839719487381988
1772937324.1846063,27.333915657423407
1772937324.184615,18.339592800553834
1772937324.184623,0.12613064303016927
1772937324.6633372,0.03539841439562679
1772937324.663376,0.08894977863519489
1772937324.6634028,1.0396819775641999
1772937324.6634293,1.9456587346045018
1772937324.663456,2.1441742967497293
1772937324.6634824,1.9038355229597828
1772937324.6635196,1.8169739409005488
1772937324.663546,1.9085847520230936
1772937324.6635728,1.7114966515338348
1772937324.6635995,1.121354524300431
1772937324.6636264,0.7370627120043773
1772937324.663653,1.1320656057205951
1772937324.6636612,2.0359007849144364
1772937324.6636696,2.5948115477064495
1772937324.6636772,2.441171739362182
1772937324.6636856,2.1836291372295844
1772937324.6636934,2.655887873446617
1772937324.663701,3.8728040191574227
1772937324.6637087,5.0080759088395865
1772937324.6637163,5.3790570054866285
1772937324.6637244,5.17682520737525
1772937324.6637323,5.100262313020524
1772937324.6637404,5.481930985628965
1772937324.6637485,6.027611843330519
1772937324.6637564,6.351880272955458
1772937324.6637642,6.464781453606787
1772937324.663772,6.594736414295581
1772937324.6637795,6.7444779503373775
1772937324.6637878,6.693201665166105
1772937324.6637957,6.413923599456054
1772937324.6638038,6.231405949291066
1772937324.6638117,6.442265196984163
1772937324.6638196,6.936309731652768
1772937324.6638277,7.373167519822607
1772937324.6638355,7.654174587658426
1772937324.6638432,7.989770970260467
1772937324.663851,8.46369773475573
1772937324.663859,8.770143962199477
1772937324.6638665,8.587435601995562
1772937324.6638744,8.106392410901952
1772937324.6638825,7.917905628922305
1772937324.6638901,8.309384979482086
1772937324.663898,8.88736888802029
1772937324.6639059,9.07836684152099
1772937324.6639135,8.885966227750654
1772937324.6639216,8.895784982749621
1772937324.6639292,9.498817117046746
1772937324.663937,10.357265587320867
1772937324.6639447,10.830617479317745
1772937324.6639528,10.804136212937694
1772937324.6639607,10.827062751558671
1772937324.663968,11.387308375703578
1772937324.663976,12.278881617695463
1772937324.6639838,12.857722170622292
1772937324.6639917,12.797056445439125
1772937324.6639996,12.361029318833083
1772937324.6640072,11.951235388464791
1772937324.664015,11.651478683297912
1772937324.6640227,11.368985580831097
1772937324.6640306,11.222966488415562
1772937324.6640387,11.481233377768286
1772937324.6640463,12.086982865165188
1772937324.6640542,12.525679917608324
1772937324.6640618,12.362702201690952
1772937324.66407,11.792889075507201
1772937324.6640778,11.428826819432368
1772937324.6640856,11.560205703924556
1772937324.6640935,11.863655376435494
1772937324.664101,11.946209844398952
1772937324.6641088,11.951060768879078
1772937324.6641164,12.354751126571157
1772937324.6641245,13.216858686604873
1772937324.6641324,13.9451659454943
1772937324.664161,13.965824414257503
1772937324.6641688,13.438218776531622
1772937324.6641767,13.05954503648905
1772937324.6641843,13.21794258460381
1772937324.664192,13.61186001432351
1772937324.6641998,13.781424183809362
1772937324.6642077,13.748276662167305
1772937324.6642153,13.877405815797792
1772937324.6642232,14.237159014754617
1772937324.6642306,14.453401109747162
1772937324.6642385,14.292258618981972
1772937324.6642463,14.082074937551603
1772937324.6642544,14.279433073832715
1772937324.6642623,14.772004057444349
1772937324.66427,15.001801659423908
1772937324.6642778,14.851680871321111
1772937324.6642857,15.02533708527268
1772937324.6642933,16.20464738965575
1772937324.664301,17.9919838866896
1772937324.6643083,19.138329572907743
1772937324.6643164,18.946940560338238
1772937324.664324,18.09909193551379
1772937324.6643317,17.78798831474846
1772937324.66434,18.254553994961423
1772937324.6643476,18.63714657526569
1772937324.6643553,18.287128517259156
1772937324.6643631,17.70733862571635
1772937324.664371,17.806009159971637
1772937324.6643784,18.54198810295895
1772937324.664386,18.94363973009069
1772937324.6643937,18.547394207204746
1772937324.6644013,18.182371375720486
1772937324.6644087,18.829008899531036
1772937324.6644163,20.071391373381807
1772937324.6644244,20.48829782124571
1772937324.664432,19.709584771027313
1772937324.66444,19.255387001231824
1772937324.6644473,20.591190265251843
1772937324.664455,22.7627499555048
1772937324.6644626,23.14425788872889
1772937324.6644704,20.988136899692222
1772937324.664478,19.216196336279612
1772937324.6644857,21.257425592279688
1772937324.664493,25.92435774744104
1772937324.6645007,26.75984184565814
1772937324.664508,17.89077714281963
1772937324.6645157,0.6668284528805384
1772937325.1437478,0.9755030992641714
1772937325.1437895,1.3897346126411103
1772937325.1438155,1.5690557250962247
1772937325.1438422,1.32686580970857
1772937325.1438687,0.9816914300491081
1772937325.1438959,0.9833940405796139
1772937325.1439228,1.3025140889378364
1772937325.1439495,1.4455375504952446
1772937325.143976,1.1709097121471013
1772937325.1440024,0.9568576928415623
1772937325.144029,1.474265037316365
1772937325.1440556,2.6333013327066683
1772937325.144064,3.481953307942291
1772937325.1440716,3.2604089579461215
1772937325.1440797,2.394330641873232
1772937325.1440873,2.139527757649942
1772937325.1440952,3.190814716665047
1772937325.1441028,4.872357303804245
1772937325.144111,5.864597684703054
1772937325.1441188,5.59499437004502
1772937325.144127,4.693427094891798
1772937325.1441352,4.126442606100952
1772937325.1441438,4.177333755402567
1772937325.1441517,4.426635190563978
1772937325.1441596,4.50886094820901
1772937325.1441672,4.547114750590243
1772937325.1441753,4.807320482535288
1772937325.144183,5.219727896300183
1772937325.1441913,5.474615783286438
1772937325.1441991,5.482924097218327
1772937325.144207,5.486704602105274
1772937325.144215,5.679570315776326
1772937325.1442232,5.935691532856017
1772937325.1442308,6.056197043383832
1772937325.1442387,6.140448776920861
1772937325.1442468,6.488856412510039
1772937325.1442547,7.152178707534589
1772937325.1442628,7.808715588027024
1772937325.144271,8.207491086593992
1772937325.1442783,8.571816262702718
1772937325.1442864,9.350062533638182
1772937325.1442945,10.59719011459371
1772937325.1443024,11.822815161820712
1772937325.1443105,12.541062245244209
1772937325.1443188,12.81069814726794
1772937325.1443264,13.073384261116356
1772937325.1443348,13.553301636763841
1772937325.1443427,14.039082112537585
1772937325.1443503,14.276542727777638
1772937325.1443586,14.33956641152657
1772937325.1443665,14.44751239294557
1772937325.1443741,14.566618462403362
1772937325.1443825,14.453865133678837
1772937325.1443903,14.089423286557771
1772937325.1443985,13.788461721667106
1772937325.1444063,13.739163473668015
1772937325.1444144,13.657367671239829
1772937325.144422,13.202443422609218
1772937325.1444297,12.663684344731246
1772937325.1444373,12.827597933490328
1772937325.1444447,13.947718140059203
1772937325.1444528,15.128181620998024
1772937325.144461,15.157550493802836
1772937325.1444683,13.969339007283715
1772937325.14448,12.87484657713311
1772937325.1444879,13.099575889247594
1772937325.1444955,14.34813539264709
1772937325.144503,15.216151458587621
1772937325.144511,14.961283661071688
1772937325.1445189,14.373359371891562
1772937325.1445265,14.63317502760004
1772937325.1445343,15.68922557891479
1772937325.1445425,16.32415497832239
1772937325.14455,15.825109306228759
1772937325.1445577,15.000794994671141
1772937325.1445656,15.139231045259727
1772937325.1445732,16.273940894379972
1772937325.144581,17.090834336239006
1772937325.144589,16.623670392783502
1772937325.1445968,15.475641637872602
1772937325.1446044,14.941742654558398
1772937325.1446123,15.25162140374016
1772937325.14462,15.340560848379106
1772937325.144628,14.44879652558253
1772937325.144636,13.315323795617472
1772937325.1446438,13.265702269623718
1772937325.1446517,14.403209886114391
1772937325.1446593,15.4040134998918
1772937325.144667,15.25855851909614
1772937325.1446745,14.610616934548041
1772937325.1446824,14.846785657133958
1772937325.14469,16.16199536757805
1772937325.144698,17.26344919197527
1772937325.1447055,17.143088775675018
1772937325.1447134,16.47112879239986
1772937325.1447213,16.640826454422346
1772937325.1447291,17.750711737065423
1772937325.1447372,18.362391369929234
1772937325.1447449,17.478583116368714
1772937325.1447525,16.06138894778343
1772937325.1447604,15.916926692049781
1772937325.144768,17.35061853957308
1772937325.1447759,18.76308986298362
1772937325.1447833,18.774138813153343
1772937325.144791,17.98848857969511
1772937325.1447985,17.985322200403775
1772937325.144806,18.990756325870016
1772937325.144814,19.598840987595842
1772937325.1448216,19.018066854679226
1772937325.1448293,18.549159947923457
1772937325.144837,19.827885378004382
1772937325.1448445,22.044198707911143
1772937325.1448524,22.380855432904077
1772937325.14486,19.853044078977593
1772937325.144868,17.549412030762756
1772937325.144876,19.356627239415438
1772937325.1448839,24.23494938525552
1772937325.1448915,25.312184146243794
1772937325.1448991,16.26873313328608
1772937325.144907,-1.3558166743000202
1772937325.6249907,-0.38829876676374536
1772937325.6250458,0.11806831247106583
1772937325.625077,0.46879869955326103
1772937325.6251044,0.4837437710213426
1772937325.6251388,0.2371305117320162
1772937325.6251707,0.008823448146256851
1772937325.6252077,0.05700287001522793
1772937325.6252384,0.38558610564248785
1772937325.625265,0.7528840970311426
1772937325.6252916,0.9573532013097079
1772937325.6253,1.0954557197484143
1772937325.625308,1.451029287622127
1772937325.6253161,2.0948783658340155
1772937325.6253245,2.6830249436704983
1772937325.6253324,2.7709436289107945
1772937325.6253407,2.328302298947813
1772937325.62535,1.8259227084278382
1772937325.625358,1.7418294249992514
1772937325.625366,2.0576881774288305
1772937325.6253743,2.3555013458875367
1772937325.6253822,2.3753285984746015
1772937325.6253903,2.303522970270229
1772937325.6253989,2.422054496857281
1772937325.625407,2.6187618223557254
1772937325.6254148,2.476729588570703
1772937325.6254227,1.889602574888991
1772937325.6254306,1.3844568025001864
1772937325.6254385,1.6312372482393631
1772937325.625446,2.6606784187287382
1772937325.625454,3.755763019527222
1772937325.625462,4.199698673077517
1772937325.62547,4.0132932850390395
1772937325.625478,3.829417634492689
1772937325.625486,4.112594663700776
1772937325.625494,4.690112360912275
1772937325.625502,5.092271361777471
1772937325.62551,5.170557029235735
1772937325.6255176,5.2037567793314485
1772937325.6255257,5.458246652988418
1772937325.6255336,5.86044181412465
1772937325.6255417,6.178210480988388
1772937325.6255493,6.3583805167095715
1772937325.6255572,6.510449189829962
1772937325.6255655,6.624577058688492
1772937325.6255732,6.533213102339772
1772937325.6255813,6.230865408489595
1772937325.625589,6.050513002617384
1772937325.625597,6.322907002366137
1772937325.6256049,6.9089352957708785
1772937325.6256127,7.293017871737015
1772937325.6256208,7.225989811879408
1772937325.6256287,7.101545350510604
1772937325.6256366,7.499141444732581
1772937325.6256444,8.40547705746659
1772937325.6256523,9.119369471846996
1772937325.6256604,9.025623200408097
1772937325.6256683,8.307717075947316
1772937325.625676,7.723273025994724
1772937325.6256838,7.746739851995822
1772937325.6256917,8.157858718083318
1772937325.6256993,8.524391673773577
1772937325.6257071,8.85372463652662
1772937325.625715,9.52585408255462
1772937325.625723,10.64044416158285
1772937325.6257308,11.707069870274543
1772937325.625739,12.124443497679207
1772937325.6257472,11.82969391433669
1772937325.6257553,11.30130522276029
1772937325.6257632,10.984017276822623
1772937325.6257708,10.91912074288477
1772937325.625779,10.96944651795454
1772937325.6257899,11.168315407689649
1772937325.6257975,11.638051919480208
1772937325.6258054,12.269534917578397
1772937325.6258132,12.76211974687504
1772937325.6258214,13.051878437274242
1772937325.6258295,13.467144584960224
1772937325.6258376,14.254592961009513
1772937325.6258457,15.07589204968078
1772937325.6258533,15.272227683312341
1772937325.6258612,14.692357882980021
1772937325.6258688,14.00095590161756
1772937325.625877,13.950724397610987
1772937325.6258848,14.485801734834556
1772937325.6258924,14.86284089194305
1772937325.6259005,14.673912902819914
1772937325.625908,14.416974388117133
1772937325.625916,14.813756600167569
1772937325.6259236,15.767169798203955
1772937325.6259315,16.39884419205517
1772937325.6259391,16.187656330249126
1772937325.625947,15.705410793968435
1772937325.6259549,15.919029685830218
1772937325.6259625,16.93721283027863
1772937325.6259708,17.858335793939524
1772937325.6259785,17.92512267797274
1772937325.6259863,17.44417879665022
1772937325.625994,17.269466817686496
1772937325.6260016,17.624505231933448
1772937325.6260097,17.922097080135718
1772937325.626017,17.791828673870594
1772937325.6260247,17.772247132493582
1772937325.6260326,18.58285549842305
1772937325.6260405,19.97913106401487
1772937325.626048,20.92112691026047
1772937325.6260557,20.964646850455864
1772937325.626063,20.90599607876647
1772937325.6260707,21.597841054073587
1772937325.6260788,22.51054438109637
1772937325.6260867,22.268593604221476
1772937325.6260943,20.742455908080732
1772937325.6261227,19.76427979941341
1772937325.62613,20.969955404050598
1772937325.6261377,23.280117853790777
1772937325.6261454,23.708428162872675
1772937325.6261532,21.21200281950061
1772937325.6261609,18.806422386415143
1772937325.6261685,20.40288128409304
1772937325.626176,25.249272327439908
1772937325.6261837,26.78133314025759
1772937325.6261919,18.488100986091588
1772937326.105738,2.2760566595993006
1772937326.1057796,2.6554595712085685
1772937326.1058056,2.793025793723963
1772937326.105832,2.4356551101744564
1772937326.1058583,1.6324308405912689
1772937326.1058853,0.9691644799947271
1772937326.1059117,1.1232288263754926
1772937326.1059391,2.103396197521419
1772937326.105966,3.1219344166460004
1772937326.1059923,3.4116590021157225
1772937326.1060193,3.1067431202489617
1772937326.1060455,3.1007069120874733
1772937326.1060536,3.9803570334565075
1772937326.1060615,5.292967657493392
1772937326.1060698,6.039825094686468
1772937326.1060777,5.800510463087896
1772937326.1060855,5.136343761128584
1772937326.1060932,4.84528931660838
1772937326.1061015,5.052194015660377
1772937326.1061091,5.232597976483558
1772937326.1061172,5.012175695714761
1772937326.106125,4.6351686041191495
1772937326.106133,4.543836518171075
1772937326.106141,4.734159235523623
1772937326.1061487,4.793869213203857
1772937326.1061563,4.530176731964854
1772937326.106164,4.276985949957192
1772937326.1061716,4.447525483584561
1772937326.1061792,4.9696370927036755
1772937326.1061869,5.404463284557443
1772937326.106195,5.584373497209951
1772937326.1062028,5.864635645122674
1772937326.1062105,6.607601870332204
1772937326.106218,7.5941964776453315
1772937326.106226,8.195650615614918
1772937326.1062338,8.125699339710753
1772937326.1062417,7.797117918202171
1772937326.1062496,7.812949545511079
1772937326.1062572,8.257593994406777
1772937326.1062653,8.696524403108189
1772937326.1062727,8.83489462338431
1772937326.1062808,8.924147810014203
1772937326.1062887,9.382059751723258
1772937326.1062963,10.166117032917034
1772937326.1063046,10.760076937566073
1772937326.1063125,10.798345474901955
1772937326.10632,10.510176353157817
1772937326.106328,10.425746535328258
1772937326.1063356,10.752925530640747
1772937326.1063435,11.208422896053277
1772937326.1063511,11.43616947215677
1772937326.106359,11.408686630018131
1772937326.1063666,11.343357978989058
1772937326.1063747,11.378353984393675
1772937326.1063824,11.508038355766756
1772937326.10639,11.785324666530261
1772937326.1063979,12.355732370140657
1772937326.1064055,13.169410768002475
1772937326.1064131,13.793509983191584
1772937326.106421,13.723813132035417
1772937326.1064289,12.930346839167262
1772937326.1064367,11.976925433356282
1772937326.106445,11.519818185875
1772937326.1064532,11.739481777796268
1772937326.1064615,12.318281960020192
1772937326.1064692,12.891223194881775
1772937326.1064773,13.375439073286335
1772937326.106485,13.854440822888096
1772937326.1064928,14.303414713378775
1772937326.1065009,14.564106042766387
1772937326.1065085,14.54584491509967
1772937326.1065164,14.326471536258287
1772937326.1065245,14.045556559247652
1772937326.1065323,13.808681253179719
1772937326.10654,13.738912552095922
1772937326.1065483,13.999022360376655
1772937326.106556,14.623652133002809
1772937326.106566,15.361809306446412
1772937326.1065736,15.838741723180542
1772937326.1065814,15.9285839633019
1772937326.106589,15.857140386370563
1772937326.1065967,15.854139805337937
1772937326.1066046,15.818343037086022
1772937326.1066124,15.510912882896879
1772937326.10662,15.064082240442795
1772937326.1066306,15.055342246961798
1772937326.1066475,15.892199857973464
1772937326.106662,17.21389738730575
1772937326.1066842,18.120762411473844
1772937326.1066947,18.039790014107236
1772937326.1067023,17.215639698359492
1772937326.1067102,16.302022511655522
1772937326.106718,15.682650825426624
1772937326.1067264,15.395293562660381
1772937326.1067345,15.555129182744855
1772937326.106742,16.419031183113265
1772937326.1067495,17.852143449005744
1772937326.1067574,19.062719469569732
1772937326.1067653,19.309581689883323
1772937326.1067731,18.863014181435748
1772937326.106781,18.834153685091238
1772937326.106789,19.818861288007458
1772937326.1067977,21.036764178680098
1772937326.1068056,21.25946010968652
1772937326.1068132,20.476028257991626
1772937326.1068208,20.020276148578702
1772937326.1068287,20.75336517872764
1772937326.1068363,21.660792905977157
1772937326.106844,21.026351265136043
1772937326.106852,18.96592248635592
1772937326.1068602,17.862247832545123
1772937326.106868,19.568231543144393
1772937326.106876,22.66165702979395
1772937326.1068838,23.672685517013814
1772937326.106892,21.458548171822958
1772937326.1068995,19.334001217247256
1772937326.106907,21.45298282057312
1772937326.1069148,26.901089599800116
1772937326.106922,28.693948527301938
1772937326.10693,20.06893518928597
1772937326.4970963,6.81785485949466
1772937326.4971356,7.356691087751168
1772937326.4971616,7.624458287179292
1772937326.497188,7.618735906739163
1772937326.4972148,7.721620162145349
1772937326.4972565,8.18029733030077
1772937326.4972832,8.715983462489117
1772937326.4973094,8.844182882189571
1772937326.497336,8.504726821366642
1772937326.4973452,8.147236350660341
1772937326.4973536,8.14456014779744
1772937326.4973624,8.321678341292449
1772937326.4973705,8.233119497433192
1772937326.4973783,7.80951642564501
1772937326.4973867,7.501768801264617
1772937326.4973953,7.73113653811718
1772937326.4974036,8.366670474315685
1772937326.497428,8.883183143133808
1772937326.497436,8.950024634508816
1772937326.4974446,8.700038535784287
1772937326.4974525,8.436349731215069
1772937326.4974604,8.270493918397188
1772937326.4974687,8.151999462326879
1772937326.4974773,8.107676578896513
1772937326.4974856,8.242002918262008
1772937326.4974933,8.502642489600406
1772937326.4975011,8.641379797783442
1772937326.4975097,8.5222811181809
1772937326.4975176,8.35976113108493
1772937326.4975257,8.496781313870196
1772937326.497533,8.974693612398347
1772937326.4975412,9.477299762821735
1772937326.4975493,9.732537657510866
1772937326.4975572,9.812782146759252
1772937326.4975653,9.92406987230152
1772937326.497573,10.024129524841742
1772937326.4975812,9.870222777499432
1772937326.497589,9.456516332618087
1772937326.4975977,9.172655341023344
1772937326.4976056,9.36119290696157
1772937326.4976137,9.840953287197348
1772937326.4976213,10.105748875883089
1772937326.4976292,10.003766812419512
1772937326.4976373,9.978054922998533
1772937326.497645,10.484128597835364
1772937326.4976535,11.338725697801308
1772937326.4976616,11.908678905412186
1772937326.4976697,11.92566019133025
1772937326.4976776,11.823892171935672
1772937326.4976857,12.119524060742272
1772937326.4976935,12.682559087607443
1772937326.4977016,12.936287093810945
1772937326.4977098,12.730230544874965
1772937326.4977176,12.636245402860707
1772937326.4977255,13.169761100810225
1772937326.4977336,13.977589192869795
1772937326.4977417,14.195385922948859
1772937326.4977496,13.610191544868984
1772937326.497758,13.064168204817257
1772937326.4977655,13.445432596800071
1772937326.4977736,14.52121025402622
1772937326.497782,15.182067287724339
1772937326.49779,14.842558273972344
1772937326.497798,14.173647597781663
1772937326.4978063,14.188200360330082
1772937326.497815,14.896932249385255
1772937326.497823,15.341358638534775
1772937326.4978309,14.950361557553144
1772937326.4978387,14.358369836389135
1772937326.4978466,14.553997017963335
1772937326.4978547,15.532160143111822
1772937326.4978626,16.328301635800514
1772937326.4978707,16.399337627334848
1772937326.4978788,16.404246609189904
1772937326.497887,17.23210640284009
1772937326.4978948,18.604197063300017
1772937326.497903,19.278255323866155
1772937326.4979155,18.70240854276339
1772937326.4979267,17.852392449701
1772937326.4979377,17.97727478172801
1772937326.4979482,18.879607498449456
1772937326.497959,19.15501845564972
1772937326.4979699,18.20485335004295
1772937326.4979796,17.270754460245605
1772937326.4979908,17.89248723677068
1772937326.4980016,19.740146420823127
1772937326.4980145,20.867982215119962
1772937326.498027,20.280068869915
1772937326.4980376,19.37163177770713
1772937326.4980457,20.049165268091013
1772937326.4980533,21.878877320162058
1772937326.4980612,22.35844888957322
1772937326.498069,20.472672910216254
1772937326.498077,18.86352791600465
1772937326.4980848,20.934907178905522
1772937326.498093,25.6146878134911
1772937326.5132358,26.425632942007365
1772937326.5292006,17.296202005658735
1772937326.6556964,14.789321807356464
1772937326.655738,14.785719891286266
1772937326.6557825,14.79457241142742
1772937326.6557915,14.770281508957122
1772937326.6558,15.220458717162218
1772937326.6558087,16.459306824935783
1772937326.6558175,17.898025233927626
1772937326.6558263,18.518296683353043
1772937326.655835,18.09093577084281
1772937326.6558428,17.527594054295633
1772937326.655851,17.767317250942213
1772937326.6558588,18.59445560769619
1772937326.655867,19.001151510835122
1772937326.6558752,18.66013912662662
1772937326.6558833,18.4717587926423
1772937326.6558912,19.319112172626106
1772937326.6558988,20.682907309095082
1772937326.655907,21.14458081333303
1772937326.655915,20.28693135021805
1772937326.655923,19.410446952362683
1772937326.6559305,19.87819489282174
1772937326.6559386,21.17398978677739
1772937326.6559467,21.432884555964172
1772937326.6559544,20.002705415789652
1772937326.6559625,18.616483812959487
1772937326.65597,19.277267889471304
1772937326.6559777,21.40935604983801
1772937326.6559856,22.29138272726499
1772937326.6559937,20.74425463891875
1772937326.6560016,19.344451759391433
1772937326.6560092,21.53600060031964
1772937326.6560173,26.36786338850536
1772937326.6560252,27.453816976614227
1772937326.656033,18.63340322919205
1772937326.7300503,-70408.0385321113
1772937326.7300694,-40818.25712154069
1772937326.73008,830.2472600961454
1772937326.7300892,24332.214941548275
1772937326.7300978,17104.48495813572
1772937326.7301068,-6028.69194176266
1772937326.730116,-18123.402974824898
1772937326.7301245,-6033.966652485004
1772937326.7301323,17100.692740994113
1772937326.7301404,24335.2133395606
1772937326.7301486,836.4447184582846
1772937326.7301567,-40819.868880151385
1772937326.7301645,-70426.7851903765
1772937327.1997771,6018.275276879997
1772937327.19985,3811.387334401547
1772937327.1998837,-1119.8010597097484
1772937327.1999173,-2088.990677296212
1772937327.199998,1636.5707190733044
1772937327.2000515,4670.664420460425
1772937327.2001264,3165.137923704202
1772937327.2001395,-416.7532190860151
1772937327.200152,-1187.664559194546
1772937327.2001643,1571.6872559134006
1772937327.200219,3905.1943155375675
1772937327.2002313,2794.4856879649997
1772937327.2002432,10.268565642234636
1772937327.2002552,-640.046480692179
1772937327.200267,1520.2618257545005
1772937327.2002792,3414.7489378362156
1772937327.2002912,2564.2568843782174
1772937327.2003036,301.83305344158464
1772937327.200348,-275.6986002504714
1772937327.2003596,1476.907315711897
1772937327.2003715,3077.2625157367484
1772937327.200384,2413.0845909814593
1772937327.2003958,511.1920333798069
1772937327.2004292,-25.877808791826478
1772937327.2004416,1433.532293617266
1772937327.2004535,2833.163607518546
1772937327.2004657,2314.732316797497
1772937327.2004776,672.7069163465831
1772937327.2004893,152.9684637495447
1772937327.2005012,1391.7685717833915
1772937327.200513,2652.896555556931
1772937327.2005248,2254.166101485757
1772937327.2005365,802.7034857055125
1772937327.2005484,281.4992812523693
1772937327.2005603,1348.1058964665383
1772937327.200572,2514.8556666130985
1772937327.2005844,2218.6028913578466
1772937327.200596,907.9828501625583
1772937327.2006085,370.8188772656359
1772937327.2006202,1301.0384311062026
1772937327.2006319,2408.076024028979
1772937327.2006433,2203.037321017102
1772937327.2006552,995.241950269395
1772937327.200667,429.89582851845864
1772937327.2006788,1252.3197153195279
1772937327.200691,2330.0663233406844
1772937327.200703,2209.92379216225
1772937327.2007148,1073.2446894605766
1772937327.200745,465.29319412682463
1772937327.2007625,1199.312346548386
1772937327.2007744,2271.9195566324743
1772937327.2007864,2232.0214948859243
1772937327.200798,1139.4446227333976
1772937327.2008097,475.817335757084
1772937327.2008216,1139.5272096660333
1772937327.2008336,2232.169917539231
1772937327.2008457,2272.034108864957
1772937327.2008574,1199.2565999883368
1772937327.200869,465.1168614317707
1772937327.2008805,1073.35657496425
1772937327.2008924,2210.9274514397903
1772937327.2009044,2332.3078612334903
1772937327.2009163,1255.5813155189196
1772937327.200928,433.6025382849062
1772937327.20094,999.0179222937496
1772937327.2009518,2207.0264911194377
1772937327.2009635,2412.66232079874
1772937327.2009757,1306.2749959766923
1772937327.2009876,376.23762889632957
1772937327.2009995,913.0403784487024
1772937327.2010112,2223.266952087094
1772937327.2010493,2519.634176965617
1772937327.2010612,1353.4476239442058
1772937327.2010732,287.24438061108094
1772937327.2010856,808.2412952110147
1772937327.2010975,2259.1612352922875
1772937327.2011092,2657.7862481177112
1772937327.201121,1397.4761659375608
1772937327.2011333,160.13332781019946
1772937327.201145,681.2214092912564
1772937327.201157,2323.9880978143133
1772937327.201169,2842.647943227905
1772937327.2011807,1443.1402324220924
1772937327.201193,-16.026414734486025
1772937327.2012281,521.286190740167
1772937327.20124,2423.1986520928785
1772937327.2012522,3087.1469841596418
1772937327.201264,1486.531605995098
1772937327.201276,-266.07166871606
1772937327.201288,311.90087377746204
1772937327.2013,2575.172360748155
1772937327.201312,3426.706867915076
1772937327.201324,1533.1828527794812
1772937327.201336,-626.4286392374395
1772937327.201348,24.282278882584418
1772937327.2013597,2808.637461151365
1772937327.201372,3919.2548999608803
1772937327.2013836,1585.4920413670225
1772937327.2013955,-1174.0605063030573
1772937327.2014077,-403.005200177787
1772937327.2014492,3179.4057398863742
1772937327.201461,4685.442692444165
1772937327.2014732,1651.4405269654844
1772937327.201485,-2074.2727743600476
1772937327.2014964,-1104.7365924194273
1772937327.2015083,3827.718389204825
1772937327.2015202,6036.125261896594
1772937327.2015321,1766.701914639575
1772937327.201548,-3771.2491523725794
1772937327.2015605,-2484.7009722072926
1772937327.2015724,5155.758855712868
1772937327.201584,8988.575032322598
1772937327.201596,2080.889956739037
1772937327.2016315,-8036.53432970291
1772937327.2016437,-6474.76288503493
1772937327.2016556,9092.563559051705
1772937327.2016673,20177.142415989532
1772937327.2016792,4989.295008240828
1772937327.201691,-34996.95870589268
1772937327.2017028,-70582.36781294075
1772937327.67975,-0.4858106896021764
1772937327.6797967,0.12622648435938663
1772937327.6798124,0.879918563014764
1772937327.679824,1.310340687892418
1772937327.6798544,1.3182997094011626
1772937327.6798823,1.2866592598282969
1772937327.6799128,1.6216756598482354
1772937327.679942,2.2294038232270523
1772937327.6799693,2.5797580314257886
1772937327.679996,2.3226308747463835
1772937327.6800232,1.715065944718286
1772937327.68005,1.3217474970650438
1772937327.6800768,1.3609301567408765
1772937327.680098,1.5280874060150627
1772937327.6801076,1.5134628158277783
1772937327.680117,1.5128524404580548
1772937327.6801267,2.0222960359395072
1772937327.6801364,3.147737292787
1772937327.680146,4.325817750834907
1772937327.6801553,4.8521345971713
1772937327.6801722,4.588009447387859
1772937327.6801815,4.004650397942137
1772937327.6801913,3.5870685827999247
1772937327.6802008,3.4024832059603143
1772937327.6802104,3.3220641707216103
1772937327.68022,3.4519147450532492
1772937327.6802297,4.077115305790438
1772937327.6802387,5.178474764274855
1772937327.6802485,6.25850994350985
1772937327.6802578,6.826492155527718
1772937327.680267,6.950076566252575
1772937327.6802769,7.110341559949554
1772937327.6802862,7.501487659229426
1772937327.6802957,7.700494142466438
1772937327.6803048,7.196973047283407
1772937327.6803143,6.140726879530451
1772937327.6803236,5.328791241701886
1772937327.6803331,5.392550806227534
1772937327.6803424,6.15709172078526
1772937327.6803524,6.922849787969554
1772937327.6803617,7.268237506327272
1772937327.6803713,7.382596851049075
1772937327.6803806,7.619889828405261
1772937327.68039,7.9595029422694115
1772937327.6803997,8.080612749752223
1772937327.680411,7.869655633803654
1772937327.6804233,7.62618598919023
1772937327.6804345,7.705393970669355
1772937327.680446,8.112207189962295
1772937327.680457,8.578434558059726
1772937327.680468,8.959636304476176
1772937327.6804793,9.38608796642887
1772937327.6804905,10.007798357068479
1772937327.6805012,10.747892445750606
1772937327.6805127,11.40695020987864
1772937327.680524,11.909623943707402
1772937327.680535,12.297351863060394
1772937327.6805463,12.506564960463859
1772937327.6805575,12.343072778976866
1772937327.6805696,11.778942836785927
1772937327.680586,11.162484512655693
1772937327.6805997,10.966363828999874
1772937327.680612,11.316595826077334
1772937327.6806235,11.882631500297656
1772937327.6806352,12.257838737536638
1772937327.680647,12.33000965663063
1772937327.680658,12.213236589009334
1772937327.6806931,11.965290548195476
1772937327.6807046,11.585300437360035
1772937327.6807156,11.274886216998912
1772937327.6807263,11.436704067838273
1772937327.6807373,12.215528512298318
1772937327.6807497,13.152556290216701
1772937327.6807616,13.558584829038407
1772937327.6807742,13.293893242631253
1772937327.6807868,12.974977753028616
1772937327.6807957,13.244471034648507
1772937327.6808033,13.95972440288595
1772937327.6808114,14.349629223503008
1772937327.680819,13.988935244286866
1772937327.680827,13.363447831605617
1772937327.6808348,13.295612950463722
1772937327.6808426,13.961087484089926
1772937327.6808505,14.735367791665006
1772937327.6808581,14.999993627575158
1772937327.680866,14.81009366366895
1772937327.680874,14.612240137071677
1772937327.680882,14.545178779219503
1772937327.6808896,14.364150473171925
1772937327.6808975,14.02842548822182
1772937327.680905,13.968013076242453
1772937327.6809127,14.519698952709275
1772937327.6809208,15.329995311382563
1772937327.6809285,15.708016457934981
1772937327.6809359,15.571431364698736
1772937327.6809435,15.642452501625579
1772937327.6809514,16.47282629822784
1772937327.680959,17.57233170304268
1772937327.6809666,17.94987618861046
1772937327.6809742,17.47530892051561
1772937327.6809819,17.17954781963269
1772937327.6809895,17.90052585803972
1772937327.6809971,19.007274826914685
1772937327.6810067,19.060122174831243
1772937327.6810143,17.736571571042454
1772937327.6810217,16.465819336140886
1772937327.6810296,16.7311785447903
1772937327.6810372,18.1568788359171
1772937327.6810448,19.012122150348233
1772937327.6810524,18.623093821096575
1772937327.6810603,18.422765492227082
1772937327.6810677,19.948449093079162
1772937327.6810756,22.307677395419763
1772937327.6810832,22.826285878604665
1772937327.681091,20.621366463753663
1772937327.6810987,18.511507772449722
1772937327.6811063,20.00575687548231
1772937327.681114,24.23579698514515
1772937327.6811216,25.13138867538059
1772937327.6811292,16.93241809938309
1772937328.159886,0.37057809490619775
1772937328.1599257,0.4743157292589631
1772937328.1599522,0.787079048804951
1772937328.1599789,1.0100298014659679
1772937328.1600053,0.8335409913944104
1772937328.1600318,0.4334073384864032
1772937328.1600585,0.40033437326684723
1772937328.1600847,1.0897574768681133
1772937328.1601112,2.1629479311066118
1772937328.160138,2.9096693261966196
1772937328.1601644,2.991535594271536
1772937328.160191,2.7363534908648406
1772937328.1601996,2.6859231774299914
1772937328.1602075,2.997037987045208
1772937328.1602154,3.3908559867767654
1772937328.1602232,3.6013938876251474
1772937328.1602314,3.702034430191153
1772937328.1602397,3.961360292080507
1772937328.1602473,4.5119214073291065
1772937328.1602557,5.249982971652177
1772937328.1602635,5.968657125919957
1772937328.1602712,6.453437391116072
1772937328.1602795,6.488637047402253
1772937328.1602879,5.973676259353888
1772937328.1602955,5.147463214073
1772937328.1603036,4.5719748379317515
1772937328.1603117,4.683834923738674
1772937328.1603196,5.320415948735191
1772937328.1603274,5.830794396342413
1772937328.1603353,5.7570244459871756
1772937328.1603432,5.331373448009657
1772937328.160354,5.185369535485303
1772937328.160362,5.60872362017312
1772937328.1603696,6.251691336809151
1772937328.1603773,6.600665691831198
1772937328.1603851,6.591242436208138
1772937328.1603928,6.5998196116213075
1772937328.1604004,6.8979144529971785
1772937328.160408,7.320800789781877
1772937328.160416,7.538823642878375
1772937328.1604235,7.487145869864673
1772937328.1604311,7.362196928987292
1772937328.1604395,7.27398257977623
1772937328.160448,7.132665880493118
1772937328.1604557,6.9438645774496806
1772937328.1604636,7.008937164158558
1772937328.1604717,7.6102740358871435
1772937328.1604793,8.537725098824378
1772937328.1604877,9.157059800871933
1772937328.1604953,9.058358673661651
1772937328.1605031,8.510535456714956
1772937328.1605108,8.136492686479778
1772937328.160519,8.220367912654929
1772937328.1605268,8.528477754691238
1772937328.1605349,8.813955582358332
1772937328.1605427,9.244952926292362
1772937328.1605506,10.12906854498381
1772937328.1605587,11.32314585684149
1772937328.1605666,12.201189320399894
1772937328.1605747,12.308429798264095
1772937328.1605825,11.869310239502859
1772937328.1605906,11.477916740505979
1772937328.1605985,11.381509779432422
1772937328.1606064,11.29381147628141
1772937328.1606145,10.931170762577622
1772937328.1606224,10.491216811198154
1772937328.1606305,10.42880239632944
1772937328.160638,10.897432197296014
1772937328.1606455,11.660748988599073
1772937328.1606536,12.535477824748856
1772937328.1606612,13.617183398285468
1772937328.1606688,14.88428788024004
1772937328.1606767,15.799592401264977
1772937328.1606843,15.686959300732289
1772937328.1606922,14.586466550884703
1772937328.1606998,13.453178209823971
1772937328.1607075,13.261861161650657
1772937328.160715,14.011986157235455
1772937328.1607232,14.852010302286072
1772937328.1607308,15.1508613966134
1772937328.1607385,15.144858060535972
1772937328.160746,15.400664188081752
1772937328.160754,15.937009318688698
1772937328.1607618,16.247849698389757
1772937328.1607697,16.13119951831031
1772937328.160777,16.05348617410659
1772937328.1607847,16.463243062182684
1772937328.1607924,17.05843561866576
1772937328.1608,17.18149588321714
1772937328.1608076,16.894043892048824
1772937328.1608152,17.141929798687286
1772937328.1608229,18.54505293813877
1772937328.1608305,20.349762595107116
1772937328.160838,21.1146633979965
1772937328.160846,20.452271357884676
1772937328.1608536,19.570843758224488
1772937328.1608615,19.77146836361647
1772937328.1608694,20.77766053674592
1772937328.1608772,21.133197714805977
1772937328.1608849,20.214295465000443
1772937328.1608927,19.16708118352599
1772937328.1609004,19.42157593035009
1772937328.1609085,20.717756795079186
1772937328.160916,21.369279155960346
1772937328.1609235,20.530154476287912
1772937328.160931,19.409116665763978
1772937328.1609392,19.654292971312763
1772937328.160947,21.00562313673438
1772937328.1609547,21.522146493498184
1772937328.160962,20.30104792071204
1772937328.1609697,19.00269573501855
1772937328.1609771,19.785057896201224
1772937328.160985,22.14353071828321
1772937328.1609929,23.122074898078733
1772937328.1610005,21.216552151469696
1772937328.161008,19.00783777125711
1772937328.1610155,20.368033118016015
1772937328.161024,24.818109665460028
1772937328.1610315,26.06414911923779
1772937328.161039,17.664871326605716
