timestamp,value
437.1000000000309,29.159163240297417
437.1040000000309,-18.291150921418886
437.10800000003087,0.2172988543852593
437.1120000000309,-8.49940005165438
437.1160000000309,-30.04594569599123
437.12000000003087,-1.594348188698112
437.1240000000309,9.818613563372729
437.1280000000309,7.485983412996046
437.13200000003087,-6.13804431946399
437.1360000000309,32.041062558639354
437.1400000000309,9.09420278947342
437.14400000003087,-17.902399860706524
437.1480000000309,-29.21536422283308
437.1520000000309,21.435206903064387
437.1560000000309,15.623882846083747
437.1600000000309,-12.386070403119364
437.1640000000309,0.5328890158382815
437.1680000000309,0.019242321158645104
437.1720000000309,-5.315620696583342
437.1760000000309,-3.1793412682317608
437.1800000000309,-11.078939696999175
437.1840000000309,34.81672369812202
437.1880000000309,0.6969089239226769
437.1920000000309,-23.35698721727266
437.1960000000309,17.7733210631637
437.2000000000309,-23.02269790991049
437.20400000003093,-3.304094314673196
437.2080000000309,-8.483228122852347
437.2120000000309,10.940372917474281
437.21600000003093,23.257774440619922
437.2200000000309,18.111066411509963
437.2240000000309,9.081526191461034
437.22800000003093,7.719828292493955
437.2320000000309,4.40170403280998
437.2360000000309,-1.9547699709322846
437.24000000003093,6.892681403790574
437.2440000000309,-14.511437749863504
437.2480000000309,29.542839162113527
437.25200000003093,0.1710164124969772
437.2560000000309,-14.8815315640175
437.2600000000309,14.344539449553015
437.26400000003093,2.0695097935586646
437.2680000000309,-8.63576610277359
437.2720000000309,15.842097912798522
437.27600000003093,1.658698462431013
437.2800000000309,-26.73954385959714
437.2840000000309,6.5097132356707625
437.28800000003093,-3.7740485915465958
437.2920000000309,-4.792076988177188
437.2960000000309,5.184289297259941
437.30000000003093,-2.630321062578736
437.30400000003095,-9.300454017919684
437.3080000000309,-10.59664910189823
437.31200000003093,-17.162082252181577
437.31600000003095,2.631554465989784
437.3200000000309,1.8946212358771932
437.32400000003094,15.281738302416832
437.32800000003095,21.6190526627853
437.3320000000309,-27.998099833591706
437.33600000003094,-3.618041810972324
437.34000000003095,16.234763693397102
437.3440000000309,30.96706019873511
437.34800000003094,-21.948444770991237
437.35200000003096,-11.473268622141083
437.3560000000309,14.551872378765534
437.36000000003094,1.3925549469454725
437.36400000003096,-11.66490813569928
437.3680000000309,5.843291783754386
437.37200000003094,0.7398983582067987
437.37600000003096,11.294081208418756
437.3800000000309,-2.7553226684861407
437.38400000003094,3.7592071007337022
437.38800000003096,7.075591487990888
437.3920000000309,11.493705356153804
437.39600000003094,0.16444958429693735
437.40000000003096,11.854907618540475
437.404000000031,-21.188230843878184
437.40800000003094,17.31775170629468
437.41200000003096,11.110805315667683
437.416000000031,-7.105165669473249
437.42000000003094,-7.769153163101744
437.42400000003096,-9.392772496630679
437.428000000031,-1.578490444726952
437.43200000003094,-7.019675305187808
437.43600000003096,-16.916540934889785
437.440000000031,7.285984566831245
437.44400000003094,19.897674396196567
437.44800000003096,-14.721017394836371
437.452000000031,-27.78845876951887
437.45600000003094,7.280161082511429
437.46000000003096,6.220819257740221
437.464000000031,16.223487611628588
437.46800000003094,-23.519718986725923
437.47200000003096,-1.2410759996865448
437.476000000031,2.171955234526719
437.48000000003094,-5.475332477640892
437.48400000003096,-4.1711595954093115
437.488000000031,-8.579467103497699
437.49200000003094,-9.02392018723345
437.49600000003096,16.281698357632962
437.500000000031,8.864911066000646
437.504000000031,-3.744702353000675
437.50800000003096,6.900003397479282
437.512000000031,23.94650872651989
437.516000000031,3.56286773551838
437.52000000003096,14.391634948958076
437.524000000031,-7.458931072820933
437.528000000031,9.749670667417295
437.53200000003096,8.228332215164448
437.536000000031,4.897387300682011
437.540000000031,-1.7783042352500624
437.54400000003096,-9.261910266657093
437.548000000031,-12.608652009200217
437.552000000031,34.1450086630302
437.55600000003096,2.2281946964184436
437.560000000031,-25.57131127278163
437.564000000031,-0.6575464878128614
437.56800000003096,8.32653988061194
437.572000000031,12.940108199346984
437.576000000031,7.019608546294006
437.58000000003096,-20.954906376118462
437.584000000031,-10.720125705668575
437.588000000031,-3.220666615964975
437.59200000003096,-19.61123965569745
437.596000000031,-7.0772273506522865
437.600000000031,-6.814332011762743
437.604000000031,7.140079236289333
437.608000000031,10.479336248902738
437.612000000031,18.656815092550044
437.616000000031,-13.278083144995765
437.620000000031,-21.387704525454666
437.624000000031,-7.320127215152724
437.628000000031,-19.39283984908641
437.632000000031,30.22279749288973
437.636000000031,9.96799287413634
437.640000000031,24.435823067643042
437.644000000031,-23.584617617641236
437.648000000031,-16.17935114093973
437.652000000031,0.46202083361800206
437.656000000031,-14.089597009631671
437.660000000031,6.286348298771214
437.664000000031,-6.86690748611277
437.668000000031,-3.140026474952557
437.672000000031,7.585510723269869
437.676000000031,17.44918499198675
437.680000000031,-36.00238277700716
437.684000000031,10.808676029482143
437.688000000031,-22.26279436403138
437.692000000031,5.536576638616488
437.696000000031,-10.05202281324044
437.700000000031,-0.7954507337732724
437.70400000003104,-3.0807445463410317
437.708000000031,-0.0060183124598494064
437.712000000031,3.7478394325271704
437.71600000003104,18.514993015758755
437.720000000031,1.6150377881830233
437.724000000031,-10.981008637452
437.72800000003105,37.26070156891041
437.732000000031,-9.435277004545805
437.736000000031,-11.938313530946333
437.74000000003105,9.485317244998841
437.744000000031,-1.6290480591695036
437.748000000031,7.12830836711609
437.75200000003105,11.071194598897467
437.756000000031,32.18954052322057
437.760000000031,12.604550718095549
437.76400000003105,4.288464250824158
437.768000000031,-0.6236843638335197
437.772000000031,-5.482093406006375
437.77600000003105,33.88064538666275
437.780000000031,-17.608962318504677
437.784000000031,18.992324641719087
437.78800000003105,-1.909647657974828
437.792000000031,0.31158906778255346
437.79600000003103,54.68232185984508
437.80000000003105,-21.60955132491429
437.80400000003107,-25.799095348210567
437.80800000003103,0.08976021461658375
437.81200000003105,5.685638660268809
437.81600000003107,-4.9214974619255365
437.82000000003103,14.765771907674491
437.82400000003105,25.859282436861083
437.82800000003107,-16.13332333756877
437.83200000003103,6.254535999079964
437.83600000003105,2.3994154841671578
437.84000000003107,9.471642858424403
437.84400000003103,5.005050131124259
437.84800000003105,-25.28893017048021
437.85200000003107,-4.6185641440219625
437.85600000003103,0.09197123027906073
437.86000000003105,9.776155680853513
437.86400000003107,11.391224635767154
437.86800000003103,-11.87300380808079
437.87200000003105,-2.8188642278684113
437.87600000003107,-1.837198786866888
437.88000000003103,7.69075773028475
437.88400000003105,12.434076751170526
437.88800000003107,-17.863158725760066
437.89200000003103,-0.9856156604582242
437.89600000003105,37.76310728590718
437.90000000003107,24.943969661581985
437.9040000000311,14.338983158408796
437.90800000003105,25.57414744841977
437.91200000003107,-21.224008709124224
437.9160000000311,-20.88146904491906
437.92000000003105,-16.07659233136515
437.92400000003107,-42.24858387140281
437.9280000000311,-14.65047194200326
437.93200000003105,11.035719965938219
437.9360000000311,33.80435946299621
437.9400000000311,24.117978302300855
437.94400000003105,-23.842145048364564
437.9480000000311,17.38777660995759
437.9520000000311,-7.2537439505208665
437.95600000003105,-13.126473373207254
437.9600000000311,9.007476234561993
437.9640000000311,-9.863694308778298
437.96800000003105,20.562281237389964
437.9720000000311,-12.604934622479231
437.9760000000311,12.710559504086762
437.98000000003105,-21.951465327676228
437.9840000000311,-1.3508543856057174
437.9880000000311,-13.553907357071113
437.99200000003106,-7.013711880593011
437.9960000000311,-11.354368963247214
438.0000000000311,-6.9217225995914
438.0040000000311,7.767135650900823
438.0080000000311,9.951242249810502
438.0120000000311,28.180397550437412
438.0160000000311,6.453810317344132
438.0200000000311,-7.871250340128337
438.0240000000311,-11.660137169774314
438.0280000000311,-13.572065795053987
438.0320000000311,-18.086865364703574
438.0360000000311,3.603825830585848
438.0400000000311,20.644466279612928
438.0440000000311,-12.870406452477372
438.0480000000311,14.601035153520801
438.0520000000311,3.3694496587764355
438.0560000000311,-13.073792107222888
438.0600000000311,7.337842672406259
438.0640000000311,-11.753725156298078
438.0680000000311,-29.447350248120618
438.0720000000311,-6.879464825595672
438.0760000000311,18.331383943628154
438.0800000000311,-32.10213796394761
438.0840000000311,8.484194513790595
438.0880000000311,8.601691335103807
438.0920000000311,-4.654310893398135
438.0960000000311,16.92455554906784
438.1000000000311,-15.667803188146806
438.10400000003114,20.902522228517682
438.1080000000311,0.8567788091932906
438.1120000000311,19.375030366573355
438.11600000003114,4.253242244889499
438.1200000000311,16.993303381842207
438.1240000000311,1.8043999189209319
438.12800000003114,5.783101415101751
438.1320000000311,26.8169601055107
438.1360000000311,7.32334620550251
438.14000000003114,5.102013397158486
438.1440000000311,9.801972785900642
438.1480000000311,2.8317240855870565
438.15200000003114,-22.79251844756822
438.1560000000311,13.484096299422433
438.1600000000311,-33.454149404826474
438.16400000003114,-19.150940727422388
438.1680000000311,-16.292435404401054
438.1720000000311,-32.103130048259146
438.17600000003114,-0.9080792924916161
438.1800000000311,-19.385303001814954
438.1840000000311,-24.87756987949397
438.18800000003114,-4.977949426181603
438.1920000000311,10.023082989781575
438.1960000000311,-13.278303708087687
438.20000000003114,10.347984555862581
438.20400000003116,-5.032207739808076
438.2080000000311,-24.02037099598399
438.21200000003114,-0.561607146031966
438.21600000003116,6.532862186305895
438.2200000000311,2.970422108375612
438.22400000003114,-6.1479876512488225
438.22800000003116,-18.49034390708399
438.2320000000311,-5.881648557349338
438.23600000003114,18.27934913236883
438.24000000003116,12.537844107915827
438.2440000000311,-31.21260040336829
438.24800000003114,5.880322649124299
438.25200000003116,-26.668912190250087
438.2560000000311,-13.923232298422255
438.26000000003114,28.031011471825096
438.26400000003116,15.18413101853195
438.2680000000311,-8.11897681486732
438.27200000003114,13.31166365030974
438.27600000003116,13.839354093157933
438.2800000000311,9.77204402525985
438.28400000003114,22.267027229096726
438.28800000003116,21.314279072771104
438.2920000000311,6.69743647250661
438.29600000003114,-10.816759259375274
438.30000000003116,-25.491720194288558
438.3040000000312,-15.07685467455261
438.30800000003114,5.492169856945619
438.31200000003116,9.0991102385025
438.3160000000312,-16.82659084634899
438.32000000003114,11.52309961399948
438.32400000003116,-5.392642358774516
438.3280000000312,17.43945812162664
438.33200000003114,-10.005814481103027
438.33600000003116,-4.518361362028343
438.3400000000312,-6.500878929176087
438.34400000003114,1.8205621722550096
438.34800000003116,-35.46107732537329
438.3520000000312,5.506423868564334
438.35600000003114,17.84741135622699
438.36000000003116,0.7863227702316307
438.3640000000312,5.524717564446602
438.36800000003115,-1.6585067945491767
438.37200000003116,6.817980639450672
438.3760000000312,17.915294644709032
438.38000000003115,-24.746830990814626
438.38400000003116,15.819034644445948
438.3880000000312,-5.774639719177223
438.39200000003115,10.61238100000029
438.39600000003117,-6.041847461554303
438.4000000000312,-34.08284585986755
438.4040000000312,24.77650743215712
438.40800000003117,-5.93511933350646
438.4120000000312,-4.750533470501974
438.4160000000312,-8.188620464386865
438.42000000003117,-40.55055069490941
438.4240000000312,11.854836774168843
438.4280000000312,-16.790902160504544
438.43200000003117,-20.87517315987515
438.4360000000312,9.973064462254513
438.4400000000312,1.1579785258060007
438.44400000003117,-5.68517407168534
438.4480000000312,22.503344135205133
438.4520000000312,-14.002251937178507
438.45600000003117,-6.538161171864799
438.4600000000312,19.89957380003108
438.4640000000312,-18.538126576906453
438.46800000003117,-17.580355966568515
438.4720000000312,14.808254780709595
438.4760000000312,7.470090411322105
438.48000000003117,-15.246769456434942
438.4840000000312,-1.855771969299167
438.4880000000312,6.426909232725462
438.49200000003117,-12.757268469613205
438.4960000000312,-10.838655231470039
438.5000000000312,18.415582247254548
438.5040000000312,-0.46397797699584675
438.5080000000312,4.708886270328591
438.5120000000312,15.52551834765989
438.5160000000312,-8.416452879686084
438.5200000000312,-26.325492317789365
438.5240000000312,11.402349109191169
438.5280000000312,-18.216215210817836
438.5320000000312,22.46959515068011
438.5360000000312,-19.32284793111337
438.5400000000312,8.118066693644288
438.5440000000312,12.654101604966794
438.5480000000312,-1.0752065985687898
438.5520000000312,-20.245440549682883
438.5560000000312,-5.1358973276814845
438.5600000000312,34.12982325192973
438.5640000000312,-20.8201127446214
438.5680000000312,-8.487124135577957
438.5720000000312,-22.80105552027688
438.57600000003123,27.753603355090277
438.5800000000312,-16.51568003338799
438.5840000000312,-19.59937566708667
438.58800000003123,-28.339119305923468
438.5920000000312,4.456547168912221
438.5960000000312,23.669110184186394
438.60000000003123,-6.761441481926349
438.60400000003125,-2.3068234097863956
438.6080000000312,-10.985120327499198
438.61200000003123,13.464628614785461
438.61600000003125,0.48898754285379464
438.6200000000312,21.84228379625035
438.62400000003123,-14.040799408291932
438.62800000003125,-14.05637013319824
438.6320000000312,21.040603738141094
438.63600000003123,-10.490653196326267
438.64000000003125,4.936517146800022
438.6440000000312,11.35724940176241
438.64800000003123,36.43128362257117
438.65200000003125,-0.637992343279504
438.6560000000312,-22.953340879239008
438.66000000003123,15.03520670076255
438.66400000003125,-20.054204777904882
438.6680000000312,20.06571969968801
438.67200000003123,-16.633703219608822
438.67600000003125,6.663102195494211
438.6800000000312,4.666380949159347
438.68400000003123,-3.640654384444969
438.68800000003125,9.566469945941172
438.6920000000312,-17.52473282482177
438.69600000003123,52.73667186717134
438.70000000003125,-6.701253052277753
438.7040000000313,1.14043069492199
438.70800000003123,5.647452238261192
438.71200000003125,31.373817907999626
438.7160000000313,15.996340794202998
438.72000000003123,-5.675825438219536
438.72400000003125,21.680389510813566
438.7280000000313,-13.282727174209603
438.73200000003123,-18.252310353279597
438.73600000003125,-5.404879393573118
438.7400000000313,1.5047545541146556
438.74400000003124,-6.435607407318916
438.74800000003125,-9.344250630339417
438.7520000000313,-12.241420243361354
438.75600000003124,19.720458120267754
438.76000000003125,-10.962798134221272
438.7640000000313,15.998987235634491
438.76800000003124,-44.83794292077094
438.77200000003126,-15.95025163448594
438.7760000000313,-32.9900329434233
438.78000000003124,2.0675886952530114
438.78400000003126,11.73790204365961
438.7880000000313,15.706305287197555
438.79200000003124,0.4702493512482322
438.79600000003126,12.108321081066638
438.8000000000313,-4.1131239222836395
438.8040000000313,21.09978382791794
438.80800000003126,9.367087741435974
438.8120000000313,-2.2113898984124045
438.8160000000313,-0.6091772243911295
438.82000000003126,-21.13485621329662
438.8240000000313,-10.131242375333107
438.8280000000313,21.66329247562341
438.83200000003126,2.554695360708201
438.8360000000313,24.986671439413392
438.8400000000313,14.999298250819498
438.84400000003126,-6.604524318835069
438.8480000000313,-3.0231063668994493
438.8520000000313,21.90551276175742
438.85600000003126,13.023466272541654
438.8600000000313,12.508644932856768
438.8640000000313,23.78874649923203
438.86800000003126,-12.215198363703841
438.8720000000313,49.51138025300577
438.8760000000313,24.12256982722186
438.88000000003126,-17.402784897356515
438.8840000000313,-1.9007105401818651
438.8880000000313,6.705268401409251
438.89200000003126,8.242411009467606
438.8960000000313,-20.72333456488756
438.9000000000313,6.80006017233825
438.9040000000313,-7.459174977098667
438.9080000000313,-1.056683222271162
438.9120000000313,27.095332967397965
438.9160000000313,12.821369137642197
438.9200000000313,7.317760755338505
438.9240000000313,7.814494420367897
438.9280000000313,10.29990387270211
438.9320000000313,-5.006801422924907
438.9360000000313,-51.495630086111376
438.9400000000313,21.069169754849014
438.9440000000313,-3.6504254252334087
438.9480000000313,0.7704025018283762
438.9520000000313,30.5820860985367
438.9560000000313,16.009635348990038
438.9600000000313,-0.6889225521238918
438.9640000000313,7.332638750812613
438.9680000000313,-2.3694579241323375
438.9720000000313,-9.962861684785567
438.9760000000313,-5.532108213393977
438.9800000000313,-9.860016551788224
438.9840000000313,4.037372405760054
438.9880000000313,0.45956098012245494
438.9920000000313,1.393911137231695
438.9960000000313,-12.838166805307228
439.0000000000313,-16.811998412407565
439.00400000003134,27.44968265684153
439.0080000000313,18.768657826810603
439.0120000000313,-7.466539365392468
439.01600000003134,-4.358696197705428
439.0200000000313,-7.3072383895823885
439.0240000000313,-1.2924428398206511
439.02800000003134,-22.023770043910986
439.0320000000313,25.02683940500784
439.0360000000313,2.8082966314460407
439.04000000003134,4.059104323538676
439.0440000000313,-5.183779319817193
439.0480000000313,-12.455087282712613
439.05200000003134,6.419120714863804
439.0560000000313,-5.3105572923150355
439.0600000000313,12.632115225546553
439.06400000003134,-29.824979908182307
439.0680000000313,-3.9437083389694396
439.0720000000313,20.246399374375706
439.07600000003134,1.1259377740839511
439.0800000000313,1.7678269559947049
439.0840000000313,1.1951059137316635
439.08800000003134,14.380159963143683
439.0920000000313,-19.87138365841871
439.0960000000313,9.328202106263149
439.10000000003134,32.158888113375376
439.10400000003136,-26.165400536246626
439.1080000000313,-18.6821820278825
439.11200000003134,13.117950775859446
439.11600000003136,-14.985551670238117
439.1200000000313,19.85846233248449
439.12400000003134,-13.54118031468356
439.12800000003136,29.9927500484355
439.1320000000313,-26.733594626845587
439.13600000003134,31.33268231767185
439.14000000003136,24.616758286364927
439.1440000000313,-21.628013587865908
439.14800000003135,3.368119532338771
439.15200000003136,-8.81787571283165
439.1560000000313,33.716359421812726
439.16000000003135,2.7671275828677953
439.16400000003136,-4.188893409719265
439.1680000000313,-13.781889268479462
439.17200000003135,-26.554062570866932
439.17600000003137,33.60531763529852
439.1800000000313,-8.492007022054882
439.18400000003135,10.718286347181316
439.18800000003137,-10.972487465196412
439.1920000000313,18.209961390000817
439.19600000003135,-11.351237148989078
439.20000000003137,-12.290500071086676
439.2040000000314,33.123866101643316
439.20800000003135,32.47124667142329
439.21200000003137,-8.608415210423283
439.2160000000314,13.865635897160779
439.22000000003135,3.437119704115161
439.22400000003137,-1.3990030165967284
439.2280000000314,18.10196759573557
439.23200000003135,34.805734918529325
439.23600000003137,-7.481563819631422
439.2400000000314,-30.51576216208672
439.24400000003135,-11.51206649675663
439.24800000003137,13.492898212224821
439.2520000000314,-5.719745682953525
439.25600000003135,-31.81147764767225
439.26000000003137,1.3185382474503085
439.2640000000314,-11.252343401676423
439.26800000003135,-3.5491911278094497
439.27200000003137,-6.3491569784396225
439.2760000000314,4.783531002276421
439.28000000003135,0.14648419890845288
439.28400000003137,-16.61221774694886
439.2880000000314,-5.099363617404084
439.29200000003135,28.033687673807442
439.29600000003137,-28.027152889152486
439.3000000000314,-8.782554391373917
439.3040000000314,21.310069625302166
439.30800000003137,-0.9982917969063037
439.3120000000314,-6.780532274681321
439.3160000000314,2.6265739726160233
439.32000000003137,2.0749034813704785
439.3240000000314,0.481300661263169
439.3280000000314,-21.203905042489872
439.33200000003137,9.871612944456157
439.3360000000314,-0.8981490513122317
439.3400000000314,12.669468643959224
439.3440000000314,10.664232383877252
439.3480000000314,21.376829126376656
439.3520000000314,24.76224878640852
439.3560000000314,4.392709469578339
439.3600000000314,14.139311482411648
439.3640000000314,38.06371033485405
439.3680000000314,36.26601306198583
439.3720000000314,-10.634584399147837
439.3760000000314,-2.2364096000431974
439.3800000000314,-6.387284302118398
439.3840000000314,-8.661740221689312
439.3880000000314,14.858109260551295
439.3920000000314,-4.018745591546346
439.3960000000314,6.491816690537622
439.4000000000314,9.479957061907388
439.40400000003143,-31.21464635257543
439.4080000000314,10.526352604851812
439.4120000000314,6.917438344678292
439.41600000003143,-22.484387907294916
439.4200000000314,-10.856780976774322
439.4240000000314,-15.71825286814418
439.42800000003143,10.13319374409054
439.4320000000314,21.262956952089983
439.4360000000314,18.221443252652236
439.44000000003143,26.873171716414387
439.4440000000314,17.08476674279598
439.4480000000314,7.777358215051386
439.45200000003143,-2.960242338097339
439.4560000000314,-12.869482086208432
439.4600000000314,19.177966526465287
439.46400000003143,-2.348683413597981
439.4680000000314,19.392885238813143
439.4720000000314,-8.393566278878295
439.47600000003143,0.40721672564507383
439.4800000000314,22.11108226991014
439.4840000000314,-27.79023810336036
439.48800000003143,-30.708285584768664
439.4920000000314,-12.376677899862159
439.4960000000314,7.598156230361749
439.50000000003143,-22.916762644399874
439.50400000003145,4.7578021194123545
439.5080000000314,9.792519470977442
439.51200000003143,-28.768407896405694
439.51600000003145,3.827110156560704
439.5200000000314,-3.2471017329314824
439.52400000003144,7.195733325617339
439.52800000003145,-1.6884116106554128
439.5320000000314,-4.066943656666119
439.53600000003144,5.189867080962989
439.54000000003145,4.248983388393225
439.5440000000314,14.41295090056882
439.54800000003144,15.706337218670695
439.55200000003146,-10.22085697135332
439.5560000000314,-2.5993213425566433
439.56000000003144,-4.834614439803063
439.56400000003146,30.28669546049776
439.5680000000314,-1.6004045444921053
439.57200000003144,-2.9141234538809204
439.57600000003146,-15.735516521315569
439.5800000000314,13.274648579398836
439.58400000003144,-19.16108099101188
439.58800000003146,4.451536159615953
439.5920000000314,18.699347889259393
439.59600000003144,30.933546023178533
439.60000000003146,-15.363264971797047
439.6040000000315,-34.26128082825451
439.60800000003144,-16.190522683183058
439.61200000003146,21.759652987676468
439.6160000000315,5.37191884717429
439.62000000003144,29.036907762973872
439.62400000003146,-20.29572084509286
439.6280000000315,-4.090031804002278
439.63200000003144,5.212090120167597
439.63600000003146,19.17665105353968
439.6400000000315,4.967324534772564
439.64400000003144,-10.86707484364053
439.64800000003146,-16.55947518322194
439.6520000000315,-18.423396116838596
439.65600000003144,24.581240633746994
439.66000000003146,-6.282860510833402
439.6640000000315,-14.043771885296191
439.66800000003144,-21.29797010452305
439.67200000003146,14.395293236391804
439.6760000000315,-1.0813044812747168
439.68000000003144,-8.356288751195528
439.68400000003146,-30.848193532292754
439.6880000000315,2.768299558122912
439.69200000003144,26.36827356631682
439.69600000003146,-8.166750590842264
439.7000000000315,19.035552377206464
439.7040000000315,12.852355302764526
439.70800000003146,6.187730443707824
439.7120000000315,13.156828001748309
439.7160000000315,27.784040573118247
439.72000000003146,17.532091217878865
439.7240000000315,5.501354349477959
439.7280000000315,-1.6172280804598165
439.73200000003146,-8.094151375328257
439.7360000000315,0.03600697205814907
439.7400000000315,-7.299006186756914
439.74400000003146,29.582038484798616
439.7480000000315,-0.14202313580385795
439.7520000000315,-4.03892993145872
439.75600000003146,24.96015642194632
439.7600000000315,28.326323456639223
439.7640000000315,21.095994543869462
439.76800000003146,14.847268623805247
439.7720000000315,-15.93597781428915
439.7760000000315,-14.536127013339385
439.78000000003146,-8.026740430735511
439.7840000000315,-4.937125900532585
439.7880000000315,-28.67279016223756
439.79200000003146,-0.7338854907225341
439.7960000000315,-1.0705717508408288
439.8000000000315,-4.447851936598398
439.8040000000315,12.527365605978499
439.8080000000315,1.8899968581640516
439.8120000000315,-8.30814745351735
439.8160000000315,28.842388263342283
439.8200000000315,27.197896729660954
439.8240000000315,9.048532035376958
439.8280000000315,6.1446328704746715
439.8320000000315,-10.886744134661578
439.8360000000315,10.140251422262093
439.8400000000315,10.085684946290437
439.8440000000315,22.898055847159757
439.8480000000315,-25.79329797038027
439.8520000000315,-23.905864329936172
439.8560000000315,-15.488082526448762
439.8600000000315,12.199627803563422
439.8640000000315,17.236793015203393
439.8680000000315,17.725892013326458
439.8720000000315,1.85459708024521
439.8760000000315,-21.11079309609143
439.8800000000315,-4.41141411472636
439.8840000000315,0.1046277680148624
439.8880000000315,8.761209501526732
439.8920000000315,-1.9378601927250427
439.8960000000315,16.1708524170282
439.9000000000315,3.7258592277176583
439.90400000003154,0.2397500327000186
439.9080000000315,-2.4796475871918813
439.9120000000315,-13.931479516083376
439.91600000003154,4.617529546696161
439.9200000000315,31.691109580730632
439.9240000000315,7.351173307459539
439.92800000003155,-12.725053864988238
439.9320000000315,-38.31782942614722
439.9360000000315,-31.388790876019474
439.94000000003155,1.4248319819515942
439.9440000000315,1.70762232216273
439.9480000000315,19.156979982862158
439.95200000003155,51.19344918906528
439.9560000000315,29.51605086567258
439.9600000000315,30.129308771376905
439.96400000003155,13.094451674146084
439.9680000000315,9.90972619990563
439.9720000000315,-1.259519717691738
439.97600000003155,2.229176212356665
439.9800000000315,-47.782814720430395
439.98400000003153,-13.213315079064186
439.98800000003155,-3.1622763566368945
439.9920000000315,-26.51747912552858
439.99600000003153,0.1695619106890618
440.00000000003155,-14.707970728852425
440.00400000003157,32.15936820123294
440.00800000003153,-20.76387516267203
440.01200000003155,1.5067967144853958
440.01600000003157,15.285499413889829
440.02000000003153,12.565628301564049
440.02400000003155,8.462138417800542
440.02800000003157,-4.3600538342425565
440.03200000003153,-5.851820833272186
440.03600000003155,-17.19816793961967
440.04000000003157,-20.649685791695603
440.04400000003153,3.5327734789601672
440.04800000003155,-6.702098832277092
440.05200000003157,9.089458930698026
440.05600000003153,6.581957880056814
440.06000000003155,-17.012452457350463
440.06400000003157,-15.716642309470853
440.06800000003153,-3.0252691743464544
440.07200000003155,-23.086534007547858
440.07600000003157,11.792589599293928
440.08000000003153,-13.452036437921263
440.08400000003155,5.331025099386164
440.08800000003157,16.876327205602323
440.09200000003153,-5.000381394506271
440.09600000003155,-3.8231781550182715
440.10000000003157,-3.0109195530578403
440.1040000000316,4.500532288549632
440.10800000003155,-5.483723157737083
440.11200000003157,-23.51558301972534
440.1160000000316,7.206133980897055
440.12000000003155,7.217103608577347
440.1240000000316,-26.797744450131752
440.1280000000316,-16.294281302343762
440.13200000003155,-4.501228809495628
440.1360000000316,13.287862898297831
440.1400000000316,6.867851176373719
440.14400000003155,20.976795434230446
440.1480000000316,24.103219713391866
440.1520000000316,1.1814648421170961
440.15600000003155,-10.94851662182347
440.1600000000316,0.9370822819058494
440.1640000000316,-12.229945249179547
440.16800000003155,6.066825331143437
440.1720000000316,-14.937107547171967
440.1760000000316,23.396245540815595
440.18000000003155,-13.288124121785456
440.1840000000316,10.499755465543547
440.1880000000316,14.30233744059921
440.19200000003156,-5.381565094706348
440.1960000000316,13.266929145292538
440.2000000000316,16.899146512161302
440.2040000000316,41.69661105139128
440.2080000000316,-12.73729568478664
440.2120000000316,19.50898009647542
440.2160000000316,-6.885078362008671
440.2200000000316,-2.7998691948436227
440.2240000000316,1.4940448609787593
440.2280000000316,-14.390181676638779
440.2320000000316,14.828170950651707
440.2360000000316,21.683090438919578
440.2400000000316,-15.049871531379893
440.2440000000316,20.12320475982786
440.2480000000316,-8.60769882796121
440.2520000000316,4.142410672074278
440.2560000000316,-7.629888257282769
440.2600000000316,20.69259350067139
440.2640000000316,3.072382589753355
440.2680000000316,-4.147195678552025
440.2720000000316,-11.083159842344966
440.2760000000316,26.513252610673817
440.2800000000316,-13.431125781386536
440.2840000000316,-12.282086498816838
440.2880000000316,-4.970705496556674
440.2920000000316,4.424337443406502
440.2960000000316,-10.415114400539053
440.3000000000316,23.072067627447087
440.30400000003164,-9.203295458255447
440.3080000000316,2.0592618826869304
440.3120000000316,-13.351524133949752
440.31600000003164,-7.705522135670014
440.3200000000316,-2.8294931662883878
440.3240000000316,17.387023073528038
440.32800000003164,29.960815381197506
440.3320000000316,-19.694317673597954
440.3360000000316,-6.8573737255904
440.34000000003164,13.493549643621254
440.3440000000316,5.356498388706607
440.3480000000316,5.27039324602831
440.35200000003164,9.10488312709211
440.3560000000316,27.430629422178697
440.3600000000316,24.80836532417094
440.36400000003164,20.390505341619445
440.3680000000316,6.832455244209363
440.3720000000316,9.509362061409176
440.37600000003164,-10.511763425680602
440.3800000000316,0.6170498669088103
440.3840000000316,-27.6435335598941
440.38800000003164,-8.982037346553582
440.3920000000316,12.224804496634913
440.3960000000316,37.10128851778096
440.40000000003164,8.673726869981737
440.40400000003166,-33.28717568053573
440.4080000000316,-10.999745628634997
440.41200000003164,-14.713419471950013
440.41600000003166,-16.364057641350886
440.4200000000316,26.699113145562468
440.42400000003164,14.497931903256532
440.42800000003166,-13.790514943601515
440.4320000000316,21.107246974179873
440.43600000003164,-7.89307718918263
440.44000000003166,3.947698656467428
440.4440000000316,-11.801625509222458
440.44800000003164,-8.022049321292338
440.45200000003166,10.922931139853597
440.4560000000316,-6.331870844885321
440.46000000003164,-10.435029389544265
440.46400000003166,39.0338010006958
440.4680000000316,-17.88839763970922
440.47200000003164,-22.724504885139
440.47600000003166,-24.81212518621361
440.4800000000316,11.494111429100395
440.48400000003164,-33.05928382461299
440.48800000003166,-12.501328992020488
440.4920000000316,-40.74703614388434
440.49600000003164,12.005441960001468
440.50000000003166,-3.3348421004968083
440.5040000000317,-8.448267621199815
440.50800000003164,29.7735070884299
440.51200000003166,10.134996005617914
440.5160000000317,-0.7228137481703221
440.52000000003164,12.755996683318395
440.52400000003166,-28.247632332221848
440.5280000000317,-4.048691677569491
440.53200000003164,1.0127636812284937
440.53600000003166,-5.288952570934861
440.5400000000317,-7.188180033301036
440.54400000003164,35.16788346216164
440.54800000003166,-6.145038392991588
440.5520000000317,3.403821135107715
440.55600000003164,12.007339652631293
440.56000000003166,10.208009688437405
440.5640000000317,-14.047691136668941
440.56800000003165,31.238370506502502
440.57200000003166,-17.241925355954113
440.5760000000317,-4.607048434695352
440.58000000003165,-1.3259239921515324
440.58400000003166,16.490203541415177
440.5880000000317,-19.375627454186088
440.59200000003165,4.883121447763721
440.59600000003167,-0.6230101913799873
440.6000000000317,9.60028681222821
440.6040000000317,18.897307214439486
440.60800000003167,-0.9280220148178318
440.6120000000317,2.516006323444878
440.6160000000317,9.72046599605028
440.62000000003167,30.113013272845528
440.6240000000317,-28.12582371337681
440.6280000000317,-13.211294804630333
440.63200000003167,-13.52868681654313
440.6360000000317,-14.962939357922977
440.6400000000317,-16.238803219996342
440.64400000003167,7.130089080483568
440.6480000000317,-5.822138660263736
440.6520000000317,10.543093292349386
440.65600000003167,-31.87070142329377
440.6600000000317,-3.641375560821921
440.6640000000317,-3.0584579550302853
440.66800000003167,21.524261949615287
440.6720000000317,18.431734695116113
440.6760000000317,8.892423338666207
440.68000000003167,21.450146153061063
440.6840000000317,-18.54705095383721
440.6880000000317,-24.006303815893684
440.69200000003167,-30.527571475653154
440.6960000000317,30.836886703893917
440.7000000000317,30.751626244614087
440.7040000000317,25.21224442534379
440.7080000000317,-12.30054567450147
440.7120000000317,-21.434781659832563
440.7160000000317,1.4205391068943325
440.7200000000317,-2.6886863925210127
440.7240000000317,-10.321287287235798
440.7280000000317,14.379731198547095
440.7320000000317,-22.381200767894242
440.7360000000317,5.194525691030599
440.7400000000317,-16.659184539116783
440.7440000000317,-2.7844216583599266
440.7480000000317,-26.624820632556425
440.7520000000317,-28.398353843043665
440.7560000000317,-12.179550818246224
440.7600000000317,-9.050143432984818
440.76400000003173,-32.419109438188855
440.7680000000317,14.391887133695521
440.7720000000317,12.626696212155649
440.77600000003173,-1.0618991653801788
440.7800000000317,-11.352074978135729
440.7840000000317,0.3165509782177536
440.78800000003173,-12.946113520523314
440.7920000000317,-12.625155864354571
440.7960000000317,-6.227677285427183
440.80000000003173,9.473938086967236
440.80400000003175,36.30517430389198
440.8080000000317,0.5294829328665769
440.81200000003173,9.328955301727339
440.81600000003175,6.909057871002548
440.8200000000317,-22.100414976451127
440.82400000003173,19.124381188447767
440.82800000003175,-0.39101408730664616
440.8320000000317,14.919194389095576
440.83600000003173,-18.157716107543514
440.84000000003175,2.34707739633153
440.8440000000317,13.349428211248426
440.84800000003173,-8.94188527975762
440.85200000003175,-15.93998269205655
440.8560000000317,-8.72213933747737
440.86000000003173,-2.952528245323634
440.86400000003175,0.25726270876615415
440.8680000000317,12.580517894300037
440.87200000003173,-15.540341706747345
440.87600000003175,2.777437215930612
440.8800000000317,-26.320966173191163
440.88400000003173,36.87961309473457
440.88800000003175,-23.08801921381492
440.8920000000317,26.67412232475359
440.89600000003173,2.8441352417552603
440.90000000003175,-0.7236306163058049
440.9040000000318,4.184777751278699
440.90800000003173,-13.739102909153196
440.91200000003175,20.19140794733275
440.9160000000318,-14.053611779338333
440.92000000003173,-0.6084763391285513
440.92400000003175,2.65427786190042
440.9280000000318,-5.116967930307701
440.93200000003173,2.69482180705496
440.93600000003175,-7.726274852375761
440.9400000000318,9.369536032782065
440.94400000003174,-30.347102398671623
440.94800000003175,-21.15740318532589
440.9520000000318,-13.134795488911578
440.95600000003174,-2.16639446688502
440.96000000003176,17.414935663563725
440.9640000000318,-8.35305937971068
440.96800000003174,14.85873306736788
440.97200000003176,21.032565605403782
440.9760000000318,22.959558646613097
440.98000000003174,7.315916655558239
440.98400000003176,5.793301226960324
440.9880000000318,-9.479118742468872
440.99200000003174,25.765645485215956
440.99600000003176,-9.295993085877479
441.0000000000318,-18.946363681553652
441.0040000000318,-17.40740969995519
441.00800000003176,13.670477582040599
441.0120000000318,7.3917379491031765
441.0160000000318,2.6513406198763954
441.02000000003176,-5.203114526098308
441.0240000000318,3.493326081384973
441.0280000000318,37.86777729159563
441.03200000003176,4.343162223470691
441.0360000000318,32.399972191749654
441.0400000000318,-22.028095018984576
441.04400000003176,1.9052615830013346
441.0480000000318,15.345828691554434
441.0520000000318,12.38501695683079
441.05600000003176,-5.4546211155917295
441.0600000000318,-19.3004009192849
441.0640000000318,0.6607772054199648
441.06800000003176,-16.01261358855485
441.0720000000318,-8.094356787001875
441.0760000000318,-26.794552313550955
441.08000000003176,-3.143030153341756
441.0840000000318,-14.74807956569544
441.0880000000318,-3.831616583206956
441.09200000003176,-24.632221907482418
441.0960000000318,7.569027330155936
441.1000000000318,24.055807440662694
441.1040000000318,-3.1246198723435716
441.1080000000318,-8.855521744507834
441.1120000000318,-1.0314064877959517
441.1160000000318,33.38862441734972
441.1200000000318,0.6755782168793394
441.1240000000318,-2.8269249067152673
441.1280000000318,13.377876218830538
441.1320000000318,-8.293236322192275
441.1360000000318,-13.779407330178207
441.1400000000318,1.149119077849642
441.1440000000318,12.303267619276417
441.1480000000318,-29.334081930726715
441.1520000000318,-47.066247224654205
441.1560000000318,15.13426336778215
441.1600000000318,-9.061400607297976
441.1640000000318,-20.96829233996761
441.1680000000318,14.432628387254862
441.1720000000318,5.503469107214275
441.1760000000318,25.217672448795707
441.1800000000318,-6.080917446011175
441.1840000000318,4.392701039550447
441.1880000000318,-22.579266373325545
441.1920000000318,-35.807275887162405
441.1960000000318,-16.14834599160214
441.2000000000318,-18.39584848059388
441.20400000003184,1.7030654424527334
441.2080000000318,6.8503348572683525
441.2120000000318,-15.181057588032155
441.21600000003184,-0.8929208104147566
441.2200000000318,13.246755079387977
441.2240000000318,-14.12728332247758
441.22800000003184,16.559447278233833
441.2320000000318,-8.939091217357099
441.2360000000318,5.336729178502799
441.24000000003184,9.024711456750971
441.2440000000318,5.010080118571762
441.2480000000318,6.211233369719375
441.25200000003184,-6.505535371801757
441.2560000000318,21.305680852070843
441.2600000000318,2.1854259525264554
441.26400000003184,-8.188886828584641
441.2680000000318,2.726731476795816
441.2720000000318,-16.95818284403156
441.27600000003184,-2.901049972770527
441.2800000000318,2.8558281594841843
441.2840000000318,-13.141341506233957
441.28800000003184,5.6135113824093406
441.2920000000318,14.797191094610586
441.2960000000318,4.873955418566354
441.30000000003184,10.900051229975924
441.30400000003186,0.5302531794228185
441.3080000000318,1.1756829595855103
441.31200000003184,-17.293789264013178
441.31600000003186,10.91501412804736
441.3200000000318,-11.076022867070563
441.32400000003184,-34.24787404569465
441.32800000003186,1.7323780687532353
441.3320000000318,2.9547817260554035
441.33600000003185,15.33828504823215
441.34000000003186,-8.361776036490255
441.3440000000318,6.737206924083939
441.34800000003185,-27.311269574442026
441.35200000003186,8.408935658802617
441.3560000000318,-7.747203846074178
441.36000000003185,-2.268528063632324
441.36400000003187,-22.41920217576129
441.3680000000318,-4.873339849192168
441.37200000003185,17.09717713152265
441.37600000003187,25.676027561822558
441.3800000000318,-0.17248815744478874
441.38400000003185,-11.3661832538824
441.38800000003187,-23.218456453302885
441.3920000000318,-31.85239347376604
441.39600000003185,-29.89805961507773
441.40000000003187,-19.528784653419606
441.4040000000319,2.998865400921959
441.40800000003185,-11.582307263136785
441.41200000003187,-3.2954405765904937
441.4160000000319,-15.251271638234432
441.42000000003185,-18.927278396683576
441.42400000003187,19.639540668526106
441.4280000000319,31.718511308595097
441.43200000003185,0.4839423061096788
441.43600000003187,-45.09707877521089
441.4400000000319,-9.076822872037358
441.44400000003185,-15.131657223892239
441.44800000003187,-22.71498638612043
441.4520000000319,0.8664639890521335
441.45600000003185,4.9786809607044455
441.46000000003187,13.942298860339406
441.4640000000319,3.786101146147544
441.46800000003185,-9.879050341447094
441.47200000003187,-8.961386658478315
441.4760000000319,-26.78192318888782
441.48000000003185,-0.7795879111961508
441.48400000003187,-23.197518515549444
441.4880000000319,2.003015670238567
441.49200000003185,11.51342934690733
441.49600000003187,41.8071756880196
441.5000000000319,-12.617944207152101
441.5040000000319,-17.590730132404524
441.50800000003187,6.228447742327477
441.5120000000319,-2.7396029836281746
441.5160000000319,-0.4348370510627073
441.52000000003187,-24.617799167355603
441.5240000000319,28.940290694140618
441.5280000000319,-3.9217501477578534
441.53200000003187,-0.7547933368174549
441.5360000000319,13.344215758590455
441.5400000000319,-19.157490853252437
441.5440000000319,6.037189607650322
441.5480000000319,14.951553743629482
441.5520000000319,-9.047766702804118
441.5560000000319,8.365038013214777
441.5600000000319,1.4502483178669605
441.5640000000319,-0.6571032555704237
441.5680000000319,-14.115411935050707
441.5720000000319,-2.578223278283628
441.5760000000319,1.9050548246629109
441.5800000000319,49.41967877309776
441.5840000000319,-23.113066646593285
441.5880000000319,-2.51416938588338
441.5920000000319,-14.729422998874872
441.5960000000319,-25.43751685347095
441.6000000000319,-19.76415530669076
441.60400000003193,-1.7320928389305557
441.6080000000319,-8.839674232733998
441.6120000000319,-0.29807733017460025
441.61600000003193,-9.544733538902518
441.6200000000319,24.783553000426117
441.6240000000319,9.083622981258769
441.62800000003193,-0.208695215690957
441.6320000000319,-6.1632680480332915
441.6360000000319,-4.512657216139838
441.64000000003193,-11.979180617350783
441.6440000000319,10.048016707682674
441.6480000000319,25.477439806037182
441.65200000003193,6.179623265268686
441.6560000000319,-12.424846340859728
441.6600000000319,20.364237540914235
441.66400000003193,0.2942206732425665
441.6680000000319,-0.41656035673892583
441.6720000000319,-2.6272300348817055
441.67600000003193,-5.18490319684089
441.6800000000319,24.476482234750062
441.6840000000319,-0.5502779745483455
441.68800000003193,-15.482415493369711
441.6920000000319,21.862718074415536
441.6960000000319,1.0859255744589746
441.70000000003193,4.257552167424947
441.70400000003195,2.2173676847575057
441.7080000000319,-21.084042251688466
441.71200000003194,3.748574064573333
441.71600000003195,1.1462450293031856
441.7200000000319,-0.7582856224492498
441.72400000003194,-1.8173784218860165
441.72800000003195,12.266102539405935
441.7320000000319,12.64484943136022
441.73600000003194,-14.131739256139541
441.74000000003196,-20.13754447767193
441.7440000000319,-3.1006774938812858
441.74800000003194,14.53486934931134
441.75200000003196,10.1523252614315
441.7560000000319,-7.625647484223356
441.76000000003194,10.54793687432976
441.76400000003196,-8.647086079227638
441.7680000000319,-18.942877848843963
441.77200000003194,-8.409778747397112
441.77600000003196,-36.648864733183196
441.7800000000319,-13.549950768538341
441.78400000003194,9.193556862221993
441.78800000003196,2.9361979296696687
441.7920000000319,11.245371092755944
441.79600000003194,-3.3903793624817684
441.80000000003196,23.411621393374297
441.804000000032,-15.792225616658175
441.80800000003194,-12.790241517930793
441.81200000003196,-32.381414804166546
441.816000000032,9.638550243117304
441.82000000003194,9.563458823965533
441.82400000003196,11.824344176543182
441.828000000032,-21.986743110800045
441.83200000003194,18.5285108228817
441.83600000003196,-1.1727962319810699
441.840000000032,-13.909814145366838
441.84400000003194,24.31870093948042
441.84800000003196,31.132407311836143
441.852000000032,9.228522311278045
441.85600000003194,-16.339355039359468
441.86000000003196,11.14079735953083
441.864000000032,-6.290682044264804
441.86800000003194,12.547626990783113
441.87200000003196,-0.9123569048633122
441.876000000032,-2.7526875567789375
441.88000000003194,0.47504768182733903
441.88400000003196,15.121895019882558
441.888000000032,0.8302211219268834
441.89200000003194,9.51015637591818
441.89600000003196,21.394958829345683
441.900000000032,7.64076347361784
441.904000000032,-3.3110204389485554
441.90800000003196,11.166647521836026
441.912000000032,-18.25000698702844
441.916000000032,-15.111154897322242
441.92000000003196,-12.397750690191215
441.924000000032,17.54717581905751
441.928000000032,-11.902827557472007
441.93200000003196,-24.912886413302225
441.936000000032,-7.1924183289237895
441.940000000032,21.176147269631265
441.94400000003196,13.363761951362916
441.948000000032,-23.239380959867038
441.952000000032,22.683670673023705
441.95600000003196,-12.149503562624504
441.960000000032,-21.106251558864173
441.964000000032,21.312942347589157
441.96800000003196,4.2213726699664935
441.972000000032,26.124382651384852
441.976000000032,3.3908337373503867
441.98000000003196,-20.75516959837255
441.984000000032,-9.293735212638168
441.988000000032,-16.941896756561924
441.99200000003196,-29.33981025486868
441.996000000032,-41.934641579496166
442.000000000032,-16.457431984324028
442.004000000032,12.254837225015605
442.008000000032,-6.649192846760489
442.012000000032,-6.143281241257799
442.016000000032,17.75247456544343
442.020000000032,-24.137694622839987
442.024000000032,2.7540915222637956
442.028000000032,-29.757253849883224
442.032000000032,-12.278047748810442
442.036000000032,-13.684165986357105
442.040000000032,6.8161681202023985
442.044000000032,5.238209724183325
442.048000000032,4.851185448612387
442.052000000032,-6.864751868235286
442.056000000032,-11.322085039346344
442.060000000032,14.739351142024024
442.064000000032,-18.462713951785396
442.068000000032,-15.26413191363395
442.072000000032,-17.09427182369435
442.076000000032,-11.13843655405029
442.080000000032,-1.916056811569745
442.084000000032,-20.606822797576438
442.088000000032,-22.136283696434795
442.092000000032,-5.6701069860373865
442.096000000032,30.04784029674545
442.100000000032,11.750529468564851
442.10400000003204,8.68909557891903
442.108000000032,-41.608535625233415
442.112000000032,18.533045677802505
442.11600000003205,-25.598035797021037
442.120000000032,-23.51976681870917
442.124000000032,-0.3956097847589035
442.12800000003205,1.8374156239781883
442.132000000032,19.087273762121008
442.136000000032,-13.409526886700966
442.14000000003205,21.405349691902448
442.144000000032,14.592749863558897
442.148000000032,0.8197018490489009
442.15200000003205,-12.179168107188698
442.156000000032,-4.628569129135759
442.160000000032,4.397444483811952
442.16400000003205,9.006702596207209
442.168000000032,7.146019961997526
442.172000000032,-1.719151890594369
442.17600000003205,0.061451005702288786
442.180000000032,-50.09014541972047
442.18400000003203,-37.30852867854515
442.18800000003205,20.1228831064764
442.192000000032,7.91319165368466
442.19600000003203,-9.679103164448062
442.20000000003205,8.007120253246397
442.20400000003207,-13.270737403296486
442.20800000003203,14.265110573718848
442.21200000003205,-12.13864444831746
442.21600000003207,31.334883807321354
442.22000000003203,-10.418324558062496
442.22400000003205,-1.6671451437011624
442.22800000003207,-6.214189882934523
442.23200000003203,-3.2320069390112978
442.23600000003205,-1.7902019237275288
442.24000000003207,-1.3782189435098262
442.24400000003203,-10.767968188684799
442.24800000003205,0.4527046229758427
442.25200000003207,-12.26167597337924
442.25600000003203,1.5729027862599532
442.26000000003205,10.21624907847459
442.26400000003207,-7.130571300720195
442.26800000003203,47.04390358429109
442.27200000003205,6.928520388687075
442.27600000003207,-0.4797430900493863
442.28000000003203,24.850698910773495
442.28400000003205,11.813728099973071
442.28800000003207,1.165098520917375
442.29200000003203,41.47876596586757
442.29600000003205,13.381694316698688
442.30000000003207,23.271112420629482
442.3040000000321,13.413728934671852
442.30800000003205,-5.686002831863151
442.31200000003207,6.193428332815743
442.3160000000321,19.2926529736408
442.32000000003205,-15.963588490360026
442.3240000000321,11.263893515143536
442.3280000000321,-0.26157752229374864
442.33200000003205,-4.699985700166813
442.3360000000321,-30.16539525299957
442.3400000000321,27.977851826950783
442.34400000003205,-23.2435575911418
442.3480000000321,-4.681026114244763
442.3520000000321,19.06177412593235
442.35600000003205,8.46573009876771
442.3600000000321,19.226915342134117
442.3640000000321,-4.997904385132406
442.36800000003205,-7.1339760358117905
442.3720000000321,-0.672823654267563
442.3760000000321,-24.383276821058264
442.38000000003206,30.68746929507373
442.3840000000321,0.272989808348294
442.3880000000321,41.44990184599821
442.39200000003206,8.775650104419743
442.3960000000321,-2.049329457405576
442.4000000000321,-8.019391846803286
442.4040000000321,15.098593568146832
442.4080000000321,10.02345402650893
442.4120000000321,-3.623742360837905
442.4160000000321,-18.91365001329369
442.4200000000321,-5.630288291325228
442.4240000000321,-28.029832683638663
442.4280000000321,-37.206965105948115
442.4320000000321,-14.036250177334512
442.4360000000321,19.563270951382485
442.4400000000321,19.40540634783598
442.4440000000321,5.0770619521448
442.4480000000321,8.487252273689732
442.4520000000321,17.22165000610981
442.4560000000321,-17.72107307288536
442.4600000000321,5.6415309472621615
442.4640000000321,16.682493879500406
442.4680000000321,-14.225170421530905
442.4720000000321,24.570383618952057
442.4760000000321,-0.8904228591497656
442.4800000000321,-5.669580486004547
442.4840000000321,3.922324210010344
442.4880000000321,-1.022852084286404
442.4920000000321,4.088414167616413
442.4960000000321,-17.226658378879943
442.5000000000321,-3.354107701227824
442.50400000003214,-33.72312554721493
442.5080000000321,7.478727023210267
442.5120000000321,-11.060154832879821
442.51600000003214,-14.363163706437104
442.5200000000321,15.110747965189157
442.5240000000321,5.787471919675966
442.52800000003214,1.9868429584981344
442.5320000000321,-29.0071162183897
442.5360000000321,15.457234559681147
442.54000000003214,1.3636822020527455
442.5440000000321,-20.66798642576922
442.5480000000321,-1.4461921308087629
442.55200000003214,-4.969842457640399
442.5560000000321,29.09965422471418
442.5600000000321,10.196631004251103
442.56400000003214,-39.5572333969786
442.5680000000321,-7.730552172200513
442.5720000000321,10.139534526421514
442.57600000003214,-15.085235012756492
442.5800000000321,-5.078056335714543
442.5840000000321,6.385017138823979
442.58800000003214,-1.9799959046849036
442.5920000000321,-4.368524148835958
442.5960000000321,5.216540305882313
442.60000000003214,5.308551874546868
442.60400000003216,13.975789438796319
442.6080000000321,9.193281953688851
442.61200000003214,8.071201972584067
442.61600000003216,-19.030094405483286
442.6200000000321,28.18357839703155
442.62400000003214,23.134022161845213
442.62800000003216,-11.920008387435253
442.6320000000321,6.616493443811927
442.63600000003214,15.801875977308548
442.64000000003216,-14.958493200323417
442.6440000000321,17.58100021517801
442.64800000003214,18.652861605953955
442.65200000003216,41.3354506290911
442.6560000000321,12.826046494925727
442.66000000003214,19.450116508110757
442.66400000003216,19.01427033302151
442.6680000000321,-16.900565745924915
442.67200000003214,6.317163975872861
442.67600000003216,5.32557266552928
442.6800000000321,19.547004921671537
442.68400000003214,5.691756001209821
442.68800000003216,-4.327997072266668
442.6920000000321,-32.03936306445206
442.69600000003214,10.059046578277396
442.70000000003216,-3.0609258777172252
442.7040000000322,8.024254489039969
442.70800000003214,-1.9141568996139586
442.71200000003216,-19.309674590301405
442.7160000000322,4.660253969151556
442.72000000003214,-9.708875682827632
442.72400000003216,19.51024879304792
442.7280000000322,16.443033289323825
442.73200000003214,8.858843917338874
442.73600000003216,14.10357097689329
442.7400000000322,-5.911850822696725
442.74400000003214,10.738369043379913
442.74800000003216,-9.26019929532948
442.7520000000322,-11.681227121743825
442.75600000003215,-5.67185149094291
442.76000000003216,-12.27241195198416
442.7640000000322,0.2687555540795872
442.76800000003215,8.455403733373851
442.77200000003216,1.9818114456156462
442.7760000000322,8.499542380263236
442.78000000003215,-12.06709647913221
442.78400000003217,-23.6335843727646
442.7880000000322,-13.410636867486769
442.79200000003215,-24.00992998545313
442.79600000003217,-4.105866161899248
442.8000000000322,8.207321433159894
442.8040000000322,18.958049927680342
442.80800000003217,-13.39738868156445
442.8120000000322,9.235154509709941
442.8160000000322,4.116752702373144
442.82000000003217,-3.8317152457878594
442.8240000000322,-19.58415507529982
442.8280000000322,-37.44486378693071
442.83200000003217,9.734523578200761
442.8360000000322,8.189337286076661
442.8400000000322,-27.82832861078599
442.84400000003217,22.72829864462663
442.8480000000322,1.8133912795391827
442.8520000000322,-5.520479018026686
442.85600000003217,-7.386950031695949
442.8600000000322,17.803917448468887
442.8640000000322,14.360692899317138
442.86800000003217,-5.814872987242931
442.8720000000322,-13.248322247379024
442.8760000000322,-16.814746944537102
442.88000000003217,17.060150176354966
442.8840000000322,1.5090918225763303
442.8880000000322,0.12307193420505591
442.89200000003217,4.958294372665823
442.8960000000322,-10.767106270768789
442.9000000000322,16.850186444289054
442.9040000000322,-2.453040021218793
442.9080000000322,-4.1185886983639435
442.9120000000322,2.9304239635427765
442.9160000000322,-39.92332838802496
442.9200000000322,-13.432195318831248
442.9240000000322,5.125199778105987
442.9280000000322,21.03574051198539
442.9320000000322,4.329425594017821
442.9360000000322,8.93911574034798
442.9400000000322,13.55024171723069
442.9440000000322,0.48667315479669315
442.9480000000322,25.398091572316957
442.9520000000322,20.0221404386934
442.9560000000322,35.027356049953895
442.9600000000322,-8.833119417539908
442.96400000003223,-3.7246170283617053
442.9680000000322,5.493727483573859
442.9720000000322,-12.909875152199387
442.97600000003223,-16.370824308079783
442.9800000000322,17.017121331706775
442.9840000000322,19.841594071569762
442.98800000003223,10.283767839677463
442.9920000000322,15.92103393888008
442.9960000000322,-1.8366659357765267
443.00000000003223,-8.426518509438703
443.00400000003225,28.780692203059285
443.0080000000322,-6.490150867257098
443.01200000003223,-6.0523517168313585
443.01600000003225,-5.036254633791517
443.0200000000322,42.14735225007938
443.02400000003223,21.90077043687487
443.02800000003225,2.4461222440868857
443.0320000000322,-22.382582968489803
443.03600000003223,34.4941756070355
443.04000000003225,-10.6542109339062
443.0440000000322,-11.448318597065402
443.04800000003223,-36.43221038338657
443.05200000003225,1.785322722379063
443.0560000000322,-17.077436649180875
443.06000000003223,13.484225527889638
443.06400000003225,-2.3685694866616784
443.0680000000322,27.992317736557666
443.07200000003223,6.336134578344682
443.07600000003225,-13.213206688163583
443.0800000000322,-17.867455527764186
443.08400000003223,39.031348372851106
443.08800000003225,6.45864873519034
443.0920000000322,-9.944405103686261
443.09600000003223,22.241555195698936
443.10000000003225,-7.928308300767345
443.1040000000323,-8.003786718752664
443.10800000003223,10.930765343988243
443.11200000003225,5.157343712100833
443.1160000000323,-12.702501706592582
443.12000000003223,14.94312248592212
443.12400000003225,19.641764275686384
443.1280000000323,-29.193990085885726
443.13200000003224,-12.049736180272097
443.13600000003225,-26.97765373567354
443.1400000000323,-20.12380741483613
443.14400000003224,-26.42433219381488
443.14800000003225,-10.053909134733944
443.1520000000323,23.75242351005922
443.15600000003224,7.7950627149649065
443.16000000003226,-12.222343020632891
443.1640000000323,-11.146842095153557
443.16800000003224,19.722027353101065
443.17200000003226,18.03599893809715
443.1760000000323,0.6596074048435883
443.18000000003224,30.435674611902545
443.18400000003226,21.359909613883463
443.1880000000323,4.97185056545204
443.19200000003224,-41.6003515998874
443.19600000003226,17.791442028787994
443.2000000000323,33.56344435429365
443.2040000000323,11.231611308483657
443.20800000003226,-22.729676339440033
443.2120000000323,24.36815455727885
443.2160000000323,24.765282950345828
443.22000000003226,-7.568676017412886
443.2240000000323,-28.556934324709054
443.2280000000323,-14.15335301420042
443.23200000003226,19.60135520258602
443.2360000000323,16.399304238472894
443.2400000000323,-31.870363076190607
443.24400000003226,2.54369611450585
443.2480000000323,-10.211413909812435
443.2520000000323,-1.1418176543741052
443.25600000003226,-8.888820447524225
443.2600000000323,-24.67028998198267
443.2640000000323,-40.107175925698854
443.26800000003226,-6.842023390397401
443.2720000000323,11.924528022917809
443.2760000000323,-3.837858225191102
443.28000000003226,-23.18735209142698
443.2840000000323,3.64649421227894
443.2880000000323,-3.6172317208406954
443.29200000003226,-18.120205625683695
443.2960000000323,9.592118326827489
443.3000000000323,-16.464040825894898
443.3040000000323,3.677795870939757
443.3080000000323,7.33432675563321
443.3120000000323,-4.029254131418703
443.3160000000323,-20.092469684463083
443.3200000000323,-8.552915467893108
443.3240000000323,-11.288535257833543
443.3280000000323,-10.651503237654651
443.3320000000323,3.5265005717021483
443.3360000000323,-22.197945835930142
443.3400000000323,-3.302694473623814
443.3440000000323,13.865294018519268
443.3480000000323,3.352645670435697
443.3520000000323,22.51408939393428
443.3560000000323,5.129511977743806
443.3600000000323,26.819073673609562
443.3640000000323,4.772855769983287
443.3680000000323,22.130323736252116
443.3720000000323,0.06351382017151685
443.3760000000323,5.174350371230832
443.3800000000323,-7.128109878141938
443.3840000000323,32.977768511528296
443.3880000000323,16.2147754688609
443.3920000000323,-26.548490344673333
443.3960000000323,19.69538465993735
443.4000000000323,11.618040974008062
443.40400000003234,1.6475760453054944
443.4080000000323,33.52856499459098
443.4120000000323,-10.911929321868149
443.41600000003234,6.163354029222916
443.4200000000323,35.54851131976357
443.4240000000323,7.7696117441774
443.42800000003234,0.39944324396717557
443.4320000000323,-12.008174492525256
443.4360000000323,13.165828394223654
443.44000000003234,-1.5627580275226833
443.4440000000323,10.710486635484793
443.4480000000323,6.778632309975239
443.45200000003234,3.9223109961193163
443.4560000000323,-6.487768710300482
443.4600000000323,4.201420806440485
443.46400000003234,-14.088025291363856
443.4680000000323,3.5440744744657184
443.4720000000323,10.17529369091377
443.47600000003234,12.550818802986662
443.4800000000323,29.18053178692907
443.4840000000323,4.239113898359774
443.48800000003234,38.670403330935606
443.4920000000323,23.202923686952758
443.4960000000323,-6.462703340781007
443.50000000003234,11.691993053129565
443.50400000003236,-9.067945114154043
443.5080000000323,9.621120031743466
443.51200000003234,2.158965604707685
443.51600000003236,13.549899280552571
443.5200000000323,10.85497867238597
443.52400000003234,-0.35030814066237204
443.52800000003236,-15.23952641431144
443.5320000000323,-23.19494982098271
443.53600000003235,9.504473755796766
443.54000000003236,-12.787475105812964
443.5440000000323,-9.380596459317946
443.54800000003235,-3.438468870160513
443.55200000003236,6.189028468049477
443.5560000000323,-33.64234836349879
443.56000000003235,-14.49746761629078
443.56400000003237,24.747529923547287
443.5680000000323,-8.031748236946651
443.57200000003235,-2.257661137631853
443.57600000003237,-8.506343749209744
443.5800000000323,38.84742684003849
443.58400000003235,11.19077571232561
443.58800000003237,3.241267296006975
443.59200000003233,-13.934742271071112
443.59600000003235,11.266433813358184
443.60000000003237,-12.444085690510793
443.6040000000324,10.942546806307153
443.60800000003235,8.47376270903047
443.61200000003237,-16.957535519417736
443.6160000000324,15.764124989371208
443.62000000003235,-7.449979219306289
443.62400000003237,8.660210570028077
443.6280000000324,1.375571206983472
443.63200000003235,21.483297675907888
443.63600000003237,9.208054363169072
443.6400000000324,8.118652134273354
443.64400000003235,25.20956828439625
443.64800000003237,-4.911957954172682
443.6520000000324,-18.69475878530568
443.65600000003235,-1.728258741999943
443.66000000003237,-8.48318598937701
443.6640000000324,-19.263819816787706
443.66800000003235,-9.230367456790729
443.67200000003237,9.171782094840495
443.6760000000324,22.53981211443401
443.68000000003235,25.497806413302015
443.68400000003237,-8.274769585783977
443.6880000000324,-46.46774580376393
443.69200000003235,-29.514556484323325
443.69600000003237,19.318204916931265
443.7000000000324,-1.8981956011458267
443.7040000000324,-2.924887674787603
443.70800000003237,38.96663067167837
443.7120000000324,40.864145501486945
443.7160000000324,2.588657689959913
443.72000000003237,0.5207830928830659
443.7240000000324,5.899753631407371
443.7280000000324,17.14319157482341
443.7320000000324,34.240511344635735
443.7360000000324,3.4692898964445127
443.7400000000324,16.648594039351604
443.7440000000324,27.893852634145542
443.7480000000324,-32.20198091801417
443.7520000000324,14.116401306991754
443.7560000000324,5.770697805141907
443.7600000000324,7.821970854328114
443.7640000000324,-0.27251071424676554
443.7680000000324,-10.766496908588037
443.7720000000324,14.658886989467447
443.7760000000324,-12.208548350517479
443.7800000000324,-19.564178851288148
443.7840000000324,22.041960566001304
443.7880000000324,41.92576686137586
443.7920000000324,-2.82001846693645
443.7960000000324,-10.011293832137447
443.8000000000324,-22.346948455761886
443.80400000003243,-24.958606151460852
443.8080000000324,20.846952155853916
443.8120000000324,-12.060103024526978
443.81600000003243,-2.585095369137882
443.8200000000324,-7.223808522004531
443.8240000000324,1.8431797397594103
443.82800000003243,-1.6396466971429229
443.8320000000324,0.03410480306881425
443.8360000000324,-5.732135369579791
443.84000000003243,14.978092199559399
443.8440000000324,39.39956052109349
443.8480000000324,3.5048689759405347
443.85200000003243,-9.972397693679374
443.8560000000324,20.609235911698953
443.8600000000324,-3.683471871187563
443.86400000003243,17.164198954462847
443.8680000000324,-24.34100481323508
443.8720000000324,2.215171210859303
443.87600000003243,8.892850555699583
443.8800000000324,-5.75242737778731
443.8840000000324,-15.450345158898642
443.88800000003243,5.911458538067437
443.8920000000324,1.720058043069837
443.8960000000324,-12.862065899698777
443.90000000003243,-37.16832737701394
443.90400000003245,16.884629990281148
443.9080000000324,-8.48456257245762
443.91200000003244,-0.8812989056156564
443.91600000003245,-14.962970119981643
443.9200000000324,8.702686993883356
443.92400000003244,8.626091135591752
443.92800000003245,10.047591681952955
443.9320000000324,1.1972934513259141
443.93600000003244,-6.034982429352033
443.94000000003246,-4.448723734964556
443.9440000000324,12.852433545068628
443.94800000003244,24.427353596330896
443.95200000003246,21.02647278809852
443.9560000000324,15.85503338068217
443.96000000003244,-12.109395430253873
443.96400000003246,18.327636128373744
443.9680000000324,-12.175149762935138
443.97200000003244,-17.187772565258502
443.97600000003246,-28.28074037750989
443.9800000000324,-27.568653573779887
443.98400000003244,17.37755184977106
443.98800000003246,17.673872807970195
443.9920000000324,4.067920156510225
443.99600000003244,4.690268377355725
444.00000000003246,22.718859678761785
444.0040000000325,5.448049283638444
444.00800000003244,2.5715781575302468
444.01200000003246,8.5361977005448
444.0160000000325,10.896948565040704
444.02000000003244,20.762478359375187
444.02400000003246,7.882361651426665
444.0280000000325,-20.964011400616567
444.03200000003244,26.87593209725656
444.03600000003246,-13.852064483220712
444.0400000000325,-28.955245506089113
444.04400000003244,20.60944427622816
444.04800000003246,6.08007507256482
444.0520000000325,-3.6194432466385926
444.05600000003244,-2.773939229087496
444.06000000003246,-6.383832129661493
444.0640000000325,-28.332442655495978
444.06800000003244,10.281830956928825
444.07200000003246,-9.451157903221883
444.0760000000325,-9.838449445144958
444.08000000003244,-9.346833439841914
444.08400000003246,-10.387546178607327
444.0880000000325,-31.37404995928725
444.09200000003244,2.4476078972166406
444.09600000003246,-17.05646529025393
444.1000000000325,30.833650255480975
444.1040000000325,5.5834362728514675
444.10800000003246,-9.318800855509856
444.1120000000325,-14.142301858128489
444.1160000000325,30.310467306784332
444.12000000003246,6.035491982887168
444.1240000000325,-12.72450853903555
444.1280000000325,0.9392591060814428
444.13200000003246,-22.728700457989532
444.1360000000325,-2.762593030589583
444.1400000000325,0.9701953579074666
444.14400000003246,-0.06537976584934135
444.1480000000325,9.76744569502227
444.1520000000325,12.049983038675798
444.15600000003246,-7.958609892977567
444.1600000000325,-24.77713887443481
444.1640000000325,9.112923747931278
444.16800000003246,3.3478102646641283
444.1720000000325,-2.4915796474903855
444.1760000000325,-41.517585223005945
444.18000000003246,-12.940162609994477
444.1840000000325,23.650313783644098
444.1880000000325,-4.1487861039105445
444.19200000003246,-19.47479797888098
444.1960000000325,-4.381988328039606
444.2000000000325,-24.038480494215364
444.2040000000325,0.7394066551338936
444.2080000000325,-10.50630369398094
444.2120000000325,9.35331682607195
444.2160000000325,13.110238058456156
444.2200000000325,-27.20293107882464
444.2240000000325,-7.980462340084156
444.2280000000325,34.59836675041245
444.2320000000325,24.97642555624977
444.2360000000325,-33.918452434501674
444.2400000000325,28.475376195318283
444.2440000000325,-0.9970747620502216
444.2480000000325,21.69716903049602
444.2520000000325,-15.51097127753277
444.2560000000325,0.7229830333434298
444.2600000000325,-19.06839017515802
444.2640000000325,-8.269462314240126
444.2680000000325,6.567654746966834
444.2720000000325,6.196793838529278
444.2760000000325,-15.708631664198924
444.2800000000325,-6.906392477331042
444.2840000000325,15.762188533306736
444.2880000000325,-38.24320848727
444.2920000000325,4.032228432362798
444.2960000000325,13.015881880669054
444.3000000000325,-30.66768968126775
444.30400000003254,10.523037199124168
444.3080000000325,-5.922871788160341
444.3120000000325,15.32857621796256
444.31600000003255,31.152006781437283
444.3200000000325,2.4623646204837293
444.3240000000325,4.453245695520074
444.32800000003255,-17.019571045727616
444.3320000000325,-5.032402020349824
444.3360000000325,5.310705898296956
444.34000000003255,-7.549298474424851
444.3440000000325,-17.40216500074116
444.3480000000325,8.021129837604398
444.35200000003255,3.669383520384888
444.3560000000325,-20.52644057172405
444.3600000000325,5.6391795339534365
444.36400000003255,26.175844396960937
444.3680000000325,1.5277968359222132
444.37200000003253,4.1804052783665515
444.37600000003255,2.4147449789564535
444.3800000000325,21.675031408102317
444.38400000003253,13.388266164014526
444.38800000003255,9.646447278518
444.3920000000325,-5.175560434886032
444.39600000003253,-15.408443696994286
444.40000000003255,10.615306855466388
444.40400000003257,-7.850676517404973
444.40800000003253,26.268824162197657
444.41200000003255,-10.957746380048011
444.41600000003257,40.46856391609939
444.42000000003253,-18.651278072596718
444.42400000003255,14.849261792478524
444.42800000003257,-15.507358466591963
444.43200000003253,-19.57695253573613
444.43600000003255,18.790210640678584
444.44000000003257,18.62433359060617
444.44400000003253,3.129278289192737
444.44800000003255,2.9248903293609683
444.45200000003257,-10.283147862035252
444.45600000003253,7.116185064242773
444.46000000003255,12.067366632421272
444.46400000003257,-6.959674790755246
444.46800000003253,35.27592206790869
444.47200000003255,14.365602379882251
444.47600000003257,-15.307687257543153
444.48000000003253,11.03673078801822
444.48400000003255,27.44874227242353
444.48800000003257,1.157823752753404
444.49200000003253,-6.388561974323505
444.49600000003255,4.215543949876233
444.50000000003257,-10.73207585053697
444.5040000000326,8.606593516620938
444.50800000003255,2.610827999960849
444.5120000000326,28.972281651057056
444.5160000000326,8.117568179690121
444.52000000003255,11.368216921056437
444.5240000000326,-6.371756036398525
444.5280000000326,-8.20035781215156
444.53200000003255,9.814946418272209
444.5360000000326,29.6942579100295
444.5400000000326,4.755641386838083
444.54400000003255,-20.948261603588726
444.5480000000326,-4.330994681613469
444.5520000000326,-10.485721696068254
444.55600000003255,-12.118889723859377
444.5600000000326,-11.690500264806076
444.5640000000326,-5.480021071106513
444.56800000003255,-5.690838018126721
444.5720000000326,-2.71250252088853
444.5760000000326,-1.748170450594881
444.58000000003256,17.361092377985308
444.5840000000326,-24.676665084513516
444.5880000000326,1.8425371100173518
444.59200000003256,-13.541817869288199
444.5960000000326,-22.684397020667333
444.6000000000326,-1.6238755612757751
444.6040000000326,29.73897257422027
444.6080000000326,-1.322414305574639
444.6120000000326,11.80152104438492
444.6160000000326,2.731481531955901
444.6200000000326,-1.636855167281648
444.6240000000326,-5.207442495425169
444.6280000000326,-28.61192095755217
444.6320000000326,11.466195618059842
444.6360000000326,-17.061913442020103
444.6400000000326,11.998247187845829
444.6440000000326,-19.16148341026689
444.6480000000326,1.0303468606268966
444.6520000000326,-10.113793184102086
444.6560000000326,-12.694142859258687
444.6600000000326,-22.72600303961477
444.6640000000326,-8.970028237256324
444.6680000000326,6.312895818767788
444.6720000000326,-16.00068844819144
444.6760000000326,13.440003460313019
444.6800000000326,8.13480571608344
444.6840000000326,26.06557425359149
444.6880000000326,-39.093956619742755
444.6920000000326,11.96287544902136
444.6960000000326,1.0538428875660348
444.7000000000326,-0.11317224983319821
444.70400000003264,2.438495290772515
444.7080000000326,13.375615268346694
444.7120000000326,-12.377893147242371
444.71600000003264,-9.180808281562669
444.7200000000326,-19.259938232019
444.7240000000326,-5.761046804618586
444.72800000003264,-24.745573870074093
444.7320000000326,-15.23780730673288
444.7360000000326,-1.1700671798698377
444.74000000003264,-9.642638470207483
444.7440000000326,11.324491231242526
444.7480000000326,0.7298859459425706
444.75200000003264,-4.3158268428349436
444.7560000000326,27.564087724161748
444.7600000000326,-16.09772336453983
444.76400000003264,1.5490029520822424
444.7680000000326,2.6664871765099094
444.7720000000326,-26.82517944417855
444.77600000003264,1.918487261980054
444.7800000000326,35.36505194662306
444.7840000000326,-3.5328799835413416
444.78800000003264,6.533342870844817
444.7920000000326,-14.708602245149565
444.7960000000326,-20.501083009960244
444.80000000003264,8.013921234324192
444.80400000003266,-3.365150653148502
444.8080000000326,3.369808992129978
444.81200000003264,3.042259441806302
444.81600000003266,-24.01112042923758
444.8200000000326,-20.40035397530294
444.82400000003264,-13.091923098545745
444.82800000003266,32.810914342869225
444.8320000000326,11.500586347449403
444.83600000003264,8.349415206335049
444.84000000003266,17.377886990553755
444.8440000000326,21.29254814164903
444.84800000003264,-6.912203781258072
444.85200000003266,23.86459748762333
444.8560000000326,3.9510774183829365
444.86000000003264,-24.885729081203266
444.86400000003266,-21.38910882841473
444.8680000000326,-23.895741806194525
444.87200000003264,-1.9364240601910085
444.87600000003266,6.385697367243462
444.8800000000326,21.431141071646355
444.88400000003264,1.9624401714915638
444.88800000003266,7.376045296120431
444.8920000000326,11.390252609914585
444.89600000003264,0.7327510170033879
444.90000000003266,0.8624194359360242
444.9040000000327,-0.6481076620181869
444.90800000003264,12.327178013071777
444.91200000003266,5.403574962116679
444.9160000000327,-2.169459234582033
444.92000000003264,-1.2276772510894132
444.92400000003266,-15.984230016903915
444.9280000000327,7.05880919361168
444.93200000003264,-12.999131366918322
444.93600000003266,18.997093183929127
444.9400000000327,21.787850951028318
444.94400000003264,1.1639782414001805
444.94800000003266,11.362905330738116
444.9520000000327,-1.9137400411113625
444.95600000003265,-28.861260260444052
444.96000000003266,-13.884625064275417
444.9640000000327,17.986536392934305
444.96800000003265,-1.1400358945725602
444.97200000003266,-1.2238436696443806
444.9760000000327,-1.8647878289758064
444.98000000003265,-10.816807889251079
444.98400000003267,37.43594603258495
444.9880000000327,-3.2554638672990204
444.99200000003265,4.7505073914848275
444.99600000003267,41.55194259823843
445.0000000000327,26.3211669167952
445.0040000000327,-24.792934372317532
445.00800000003267,36.369368177980945
445.0120000000327,-7.158358318204315
445.0160000000327,-9.394774044951317
445.02000000003267,22.62067495303162
445.0240000000327,4.146242359000606
445.0280000000327,-4.962005550361066
445.03200000003267,32.943337764938356
445.0360000000327,-0.003065954927972042
445.0400000000327,11.999873472230881
445.04400000003267,-28.67056012357857
445.0480000000327,4.176171187880367
445.0520000000327,-17.283006790628175
445.05600000003267,-49.18154520821416
445.0600000000327,15.86634532377863
445.0640000000327,-21.525799247033483
445.06800000003267,23.614669235798274
445.0720000000327,14.892478733909329
445.0760000000327,15.77168962455598
445.08000000003267,-5.338882378934519
445.0840000000327,-11.950492986826541
445.0880000000327,20.29697515482291
445.09200000003267,-10.109696165321903
445.0960000000327,-36.15474123280321
445.1000000000327,14.541243962859948
445.1040000000327,-16.90094618017188
445.1080000000327,-0.06553108466708768
445.1120000000327,-10.811344271122717
445.1160000000327,10.000055569501594
445.1200000000327,19.703498534245565
445.1240000000327,-18.05594554353548
445.1280000000327,-18.29136542367857
445.1320000000327,6.134727852814827
445.1360000000327,-12.997621414570661
445.1400000000327,17.2010665490422
445.1440000000327,-5.026698792789903
445.1480000000327,-8.69744742989964
445.15200000003273,16.349544802956746
445.1560000000327,-9.307798279508821
445.1600000000327,10.351962910932704
445.16400000003273,8.68916660879454
445.1680000000327,9.44313941635648
445.1720000000327,4.206401665425604
445.17600000003273,7.491601527129102
445.1800000000327,-23.257421417481165
445.1840000000327,-30.364536463657085
445.18800000003273,-27.696754079366496
445.1920000000327,32.093491493550324
445.1960000000327,-2.6679377033706975
445.20000000003273,-7.547348057824718
445.20400000003275,18.095743372314292
445.2080000000327,5.576208950564724
445.21200000003273,-3.8228469056396834
445.21600000003275,32.763483121817615
445.2200000000327,10.556027716129908
445.22400000003273,2.24582218760497
445.22800000003275,-5.601458895839057
445.2320000000327,-5.224480935199416
445.23600000003273,21.512920659347035
445.24000000003275,-9.0494644370507
445.2440000000327,-27.402202751374425
445.24800000003273,-19.15463215507999
445.25200000003275,1.4257379333689109
445.2560000000327,-13.459404030505388
445.26000000003273,-23.720098812602103
445.26400000003275,-2.976092401436709
445.2680000000327,1.7298347404259042
445.27200000003273,18.680665089336053
445.27600000003275,-18.010151130957897
445.2800000000327,-18.56807288944831
445.28400000003273,-20.58600873266964
445.28800000003275,42.22033280557691
445.2920000000327,19.226895963037332
445.29600000003273,12.702227468898094
445.30000000003275,18.403461518009774
445.3040000000328,10.88907590899725
445.30800000003273,-11.490571607916772
445.31200000003275,15.022397449532663
445.3160000000328,-13.842863736012987
445.32000000003273,-0.12411721434162967
445.32400000003275,-2.2840067950536884
445.3280000000328,7.038555847320743
445.33200000003274,7.071286276642797
445.33600000003275,-17.73049151087552
445.3400000000328,3.009344079737222
445.34400000003274,-5.513103780129589
445.34800000003275,21.13887107363636
445.3520000000328,-12.970952325547126
445.35600000003274,-7.654325448425549
445.36000000003276,8.163847419605894
445.3640000000328,15.131653091772215
445.36800000003274,-7.277419703587167
445.37200000003276,6.997132955555015
445.3760000000328,3.658760192519806
445.38000000003274,-15.364631444086076
445.38400000003276,10.279690868745092
445.3880000000328,-13.951227608178781
445.39200000003274,-6.617063775651701
445.39600000003276,2.4981567253011394
445.4000000000328,-3.773569524237242
445.4040000000328,8.898618042190247
445.40800000003276,3.4318279877434295
445.4120000000328,12.094646600204198
445.4160000000328,-13.45838245013643
445.42000000003276,-4.671433019791554
445.4240000000328,-4.31427949560577
445.4280000000328,-4.956311442090575
445.43200000003276,-8.134945691953888
445.4360000000328,9.047594365690887
445.4400000000328,23.371487616990855
445.44400000003276,4.395608654863677
445.4480000000328,11.897431005919685
445.4520000000328,-12.690983050470255
445.45600000003276,0.0013915783473756882
445.4600000000328,-1.9401861844909085
445.4640000000328,5.5404246582250245
445.46800000003276,-6.975844005716439
445.4720000000328,-5.19235376080586
445.4760000000328,1.4787564100446782
445.48000000003276,14.512219773381151
445.4840000000328,20.043629585356523
445.4880000000328,-19.811614622268202
445.49200000003276,-3.3690046617609055
445.4960000000328,17.30195096886075
445.5000000000328,-23.24576248591979
445.5040000000328,22.33589974056969
445.5080000000328,11.417675709745295
445.5120000000328,-8.703807753402799
445.5160000000328,7.879813628255546
445.5200000000328,7.334839135682552
445.5240000000328,-6.82699689328957
445.5280000000328,9.114434474444648
445.5320000000328,-5.944663993159329
445.5360000000328,-17.564042461625114
445.5400000000328,10.203199911158766
445.5440000000328,15.375078001385859
445.5480000000328,8.876847555369652
445.5520000000328,18.429721232824406
445.5560000000328,-4.391043998380272
445.5600000000328,12.081484566829477
445.5640000000328,-7.186613995084973
445.5680000000328,-19.793358495729187
445.5720000000328,25.54953682440875
445.5760000000328,2.19595344749922
445.5800000000328,10.278074476062281
445.5840000000328,5.24544612174266
445.5880000000328,-0.8130546398660197
445.5920000000328,14.775117648505985
445.5960000000328,9.731238771224715
445.6000000000328,-6.259892115025863
445.60400000003284,3.095283058179472
445.6080000000328,-8.188177422987827
445.6120000000328,0.46124616046388134
445.61600000003284,-17.771506455374553
445.6200000000328,2.821870337714662
445.6240000000328,-21.447828104490327
445.62800000003284,30.168789289667856
445.6320000000328,-18.1330298931621
445.6360000000328,-1.1461838584700998
445.64000000003284,0.9462844493645659
445.6440000000328,-9.658620678330127
445.6480000000328,17.678515246537735
445.65200000003284,-22.56650310894302
445.6560000000328,10.504816619250679
445.6600000000328,4.967524126274018
445.66400000003284,-1.1245079517173573
445.6680000000328,16.315839367790247
445.6720000000328,6.960011685901868
445.67600000003284,0.2081483519536551
445.6800000000328,-4.217503520052382
445.6840000000328,4.135943396375043
445.68800000003284,9.036422997168138
445.6920000000328,-10.730918640477686
445.6960000000328,22.993129653863754
445.70000000003284,-17.885129108842232
445.70400000003286,14.86719837313121
445.7080000000328,21.65140010181507
445.71200000003284,2.7581514498095454
445.71600000003286,-4.18892512932715
445.7200000000328,4.254612492857516
445.72400000003285,-4.706186169012829
445.72800000003286,16.66876715638393
445.7320000000328,-10.455920088576692
445.73600000003285,-1.5096265814299623
445.74000000003286,10.504668011550816
445.7440000000328,-9.26239034006499
445.74800000003285,-3.57286724042926
445.75200000003287,5.843117981568019
445.7560000000328,3.2574431898371157
445.76000000003285,-15.675045212831137
445.76400000003287,23.278685909710827
445.7680000000328,-0.2534509558773079
445.77200000003285,8.352545336717002
445.77600000003287,-3.907862667496633
445.7800000000328,-13.610588064551722
445.78400000003285,-4.328967500942637
445.78800000003287,1.7300085394056675
445.79200000003283,2.0600847603313612
445.79600000003285,-7.490268234483873
445.80000000003287,4.463432356152357
445.8040000000329,-18.647417006532557
445.80800000003285,-9.94177321394471
445.81200000003287,-18.65799815491389
445.8160000000329,-7.196338129107316
445.82000000003285,-9.506288330759675
445.82400000003287,29.088585450964892
445.8280000000329,44.220875663715745
445.83200000003285,9.524201204695704
445.83600000003287,1.8005216556975459
445.8400000000329,-10.905147805119205
445.84400000003285,22.38894693032719
445.84800000003287,-19.938691194788298
445.8520000000329,8.22201617931716
445.85600000003285,-6.502379244116084
445.86000000003287,18.572229632873388
445.8640000000329,7.103361848870254
445.86800000003285,9.158868994458746
445.87200000003287,15.039793359229215
445.8760000000329,25.926247026891524
445.88000000003285,-5.701183801678006
445.88400000003287,12.678872207382621
445.8880000000329,20.794508774227072
445.89200000003285,9.70420532195881
445.89600000003287,3.1722040829789
445.9000000000329,-30.075393291351507
445.9040000000329,20.73037760528284
445.90800000003287,2.172744444699422
445.9120000000329,4.379507850338722
445.9160000000329,17.21581659722072
445.92000000003287,-1.320361762287651
445.9240000000329,-4.781677310845906
445.9280000000329,-4.148641576008493
445.9320000000329,4.343364510729012
445.9360000000329,-10.669553409980749
445.9400000000329,7.5358238478176975
445.9440000000329,10.470321123211466
445.9480000000329,-9.607046297821485
445.9520000000329,-4.995483947415545
445.9560000000329,3.8334286721802364
445.9600000000329,49.78445427043406
445.9640000000329,1.4585387078128187
445.9680000000329,-2.3864424694676587
445.9720000000329,-5.8230375937383885
445.9760000000329,-4.744740489485107
445.9800000000329,-1.902436811069359
445.9840000000329,-8.130950888032618
445.9880000000329,26.018470836432797
445.9920000000329,2.659302713553421
445.9960000000329,8.629399741215877
446.0000000000329,19.131004889664034
446.00400000003293,41.318175622987724
446.0080000000329,-3.869246152285859
446.0120000000329,-3.190563362205775
446.01600000003293,-3.1916938139156565
446.0200000000329,-35.58057723260108
446.0240000000329,-4.223158977673514
446.02800000003293,22.92664950507057
446.0320000000329,7.795606337595594
446.0360000000329,11.092002216222673
446.04000000003293,11.686084927198726
446.0440000000329,-10.13919438387452
446.0480000000329,-3.140825153637503
446.05200000003293,-5.319614902906909
446.0560000000329,39.03743609085593
446.0600000000329,9.560961825947878
446.06400000003293,7.471132275174403
446.0680000000329,6.612042375580576
446.0720000000329,14.751536826369335
446.07600000003293,-11.408869918033366
446.0800000000329,-5.5395499460188375
446.0840000000329,-11.421487473639363
446.08800000003293,-17.044040500924588
446.0920000000329,-0.9815938353765221
446.0960000000329,-6.444658424779255
446.10000000003294,17.80330175428523
446.10400000003295,-7.895838210647421
446.1080000000329,-21.428908831521927
446.11200000003294,-13.268270294379109
446.11600000003295,-17.151804695567737
446.1200000000329,-9.920561869683596
446.12400000003294,-11.812618295858218
446.12800000003296,-13.158499321071158
446.1320000000329,-17.68948694155193
446.13600000003294,1.0891697873825847
446.14000000003296,-11.182501030317152
446.1440000000329,42.32813901954834
446.14800000003294,20.91794650652563
446.15200000003296,-20.61175938149372
446.1560000000329,-5.588439640142997
446.16000000003294,-12.139185225450916
446.16400000003296,-2.235497296903887
446.1680000000329,-16.57363909320425
446.17200000003294,-25.07369866651545
446.17600000003296,-3.307517751985684
446.1800000000329,3.849370317993365
446.18400000003294,4.934345062531471
446.18800000003296,4.3477674830394335
446.1920000000329,-12.429100220662779
446.19600000003294,-42.31761725242003
446.20000000003296,-13.50249336365853
446.204000000033,-25.69126593491625
446.20800000003294,2.4316966158475015
446.21200000003296,-27.22895047547231
446.216000000033,20.251675480130626
446.22000000003294,-9.314767429964576
446.22400000003296,17.94969614649279
446.228000000033,31.741126744457695
446.23200000003294,-1.0492841054164161
446.23600000003296,2.3707894022307574
446.240000000033,17.549797798275584
446.24400000003294,26.473647547372597
446.24800000003296,-19.248863172104944
446.252000000033,-13.972071507713018
446.25600000003294,11.339790885714962
446.26000000003296,1.7462187275709784
446.264000000033,11.68592886911019
446.26800000003294,9.030394200004212
446.27200000003296,18.034565937055838
446.276000000033,10.628601978018192
446.28000000003294,10.945060040281058
446.28400000003296,9.554966935179568
446.288000000033,-25.11985076329504
446.29200000003294,17.7071655236096
446.29600000003296,-6.464970243464679
446.300000000033,-7.115167966018708
446.304000000033,-31.715076624946505
446.30800000003296,30.250687636929293
446.312000000033,-9.68866222680866
446.316000000033,-8.436547135755966
446.32000000003296,4.796832713213648
446.324000000033,8.247550858154518
446.328000000033,17.818299217689837
446.33200000003296,5.64835656796059
446.336000000033,20.071566223311507
446.340000000033,-9.200186656759493
446.34400000003296,17.18344457931477
446.348000000033,-32.58317860385447
446.352000000033,-25.232203361275936
446.35600000003296,-8.134192057857133
446.360000000033,24.050795648871294
446.364000000033,3.641136704955129
446.36800000003296,-18.80561731737364
446.372000000033,26.461123365780747
446.376000000033,14.83103990859908
446.38000000003296,11.449184962084608
446.384000000033,-7.803628187040387
446.388000000033,20.028182293758334
446.39200000003297,13.32963618766693
446.396000000033,5.764551490304006
446.400000000033,2.186087538685956
446.404000000033,-0.9829320611162503
446.408000000033,-19.720265062024936
446.412000000033,-27.512250606555753
446.416000000033,11.632182995327309
446.420000000033,-12.987650282939647
446.424000000033,4.09831536444002
446.428000000033,43.217654907347935
446.432000000033,-14.320619088138379
446.436000000033,5.51819666766321
446.440000000033,7.569757070301622
446.444000000033,11.098442348371307
446.448000000033,25.315468927895918
446.452000000033,2.269576457676574
446.456000000033,18.55844074722083
446.460000000033,-3.17333354084778
446.464000000033,2.870708244587563
446.468000000033,-9.075510284929978
446.472000000033,33.2982747061585
446.476000000033,-4.765184494830229
446.480000000033,-7.070196932155024
446.484000000033,3.1233606314326474
446.488000000033,-11.059709970997002
446.492000000033,2.1053732573796387
446.496000000033,10.051931635013599
446.500000000033,2.0280210540602663
446.50400000003305,11.634410254233469
446.508000000033,17.24906888061703
446.512000000033,18.261564688048757
446.51600000003305,-10.640688895575305
446.520000000033,-27.903433410375143
446.524000000033,23.533944935142365
446.52800000003305,-17.143766567876444
446.532000000033,-11.692340901991251
446.536000000033,-43.471250664229416
446.54000000003305,1.2241322972871298
446.544000000033,-18.59247386436346
446.548000000033,27.807485990190674
446.55200000003305,-15.14099906237411
446.556000000033,-31.614876937098604
446.560000000033,0.2932805066967856
446.56400000003305,-13.919647717018599
446.568000000033,-1.7574237222064306
446.57200000003303,5.687749318730225
446.57600000003305,16.43508864870488
446.580000000033,2.824114703785603
446.58400000003303,-31.88236483897809
446.58800000003305,14.90585134784343
446.592000000033,7.31602941171761
446.59600000003303,-6.727265523124249
446.60000000003305,6.076777785038643
446.60400000003307,9.874152048148954
446.60800000003303,-0.21654076040581005
446.61200000003305,-15.014693386635177
446.61600000003307,5.56309953705366
446.62000000003303,-8.193123552867124
446.62400000003305,-6.176264132790317
446.62800000003307,-18.479308369597312
446.63200000003303,-4.8334910213347255
446.63600000003305,-1.5542667767623128
446.64000000003307,-1.5945507342675427
446.64400000003303,0.9534716729208981
446.64800000003305,-20.09317551801388
446.65200000003307,-9.113710763509605
446.65600000003303,23.099774584565864
446.66000000003305,23.062547110544603
446.66400000003307,19.287717810683915
446.66800000003303,-13.775535286233644
446.67200000003305,-12.573933309142593
446.67600000003307,-23.366749264826105
446.68000000003303,-2.711773901588381
446.68400000003305,-15.00368354576892
446.68800000003307,2.0057060943916585
446.69200000003303,-17.892328546968063
446.69600000003305,-8.63520344168717
446.70000000003307,-3.226073221680636
446.7040000000331,-25.53502028920242
446.70800000003305,5.60733148500553
446.7120000000331,-0.5188287504434266
446.7160000000331,20.77809808472455
446.72000000003305,1.2659257418265013
446.7240000000331,21.73128626275929
446.7280000000331,4.3820937091204835
446.73200000003305,-4.1463861174558225
446.7360000000331,-23.5392579325918
446.7400000000331,-19.320860901977333
446.74400000003305,-18.731428952949727
446.7480000000331,-5.507252828449327
446.7520000000331,-17.736791141016322
446.75600000003305,25.376755506529282
446.7600000000331,8.480695542534505
446.7640000000331,-1.6745887207629453
446.76800000003306,-15.858947234092021
446.7720000000331,-1.0504861887284087
446.7760000000331,-14.891798117665054
446.78000000003306,-1.3984114640162069
446.7840000000331,18.876154703945346
446.7880000000331,-3.3996191026956253
446.79200000003306,0.44894969678163976
446.7960000000331,-18.326195916329457
446.8000000000331,-9.904413968858956
446.8040000000331,-8.324803978372834
446.8080000000331,19.374990489511575
446.8120000000331,0.6597927566924553
446.8160000000331,-13.34063214938478
446.8200000000331,2.5818997332935405
446.8240000000331,15.20557364792347
446.8280000000331,-4.330443267837881
446.8320000000331,-11.797029790393772
446.8360000000331,-17.442063493039196
446.8400000000331,3.8046633400299843
446.8440000000331,-25.388663870342533
446.8480000000331,-3.017748795182295
446.8520000000331,1.7486511814219394
446.8560000000331,-3.302525100421059
446.8600000000331,-18.48813659247264
446.8640000000331,-32.52188606849565
446.8680000000331,-14.992279677971531
446.8720000000331,4.879179011279428
446.8760000000331,-7.01738784678548
446.8800000000331,-23.635552218956388
446.8840000000331,16.640477005693814
446.8880000000331,29.433121965587436
446.8920000000331,-29.973888900710726
446.8960000000331,-31.49424497310001
446.9000000000331,31.615893177340798
446.90400000003314,-23.916489149475513
446.9080000000331,-16.25246395300531
446.9120000000331,-7.978448148110895
446.91600000003314,-11.318713596159942
446.9200000000331,0.7706521014244148
446.9240000000331,-10.598097971363448
446.92800000003314,20.053949152734848
446.9320000000331,-8.962838568595888
446.9360000000331,16.250606586378556
446.94000000003314,-0.6306414344086448
446.9440000000331,-10.575153434745136
446.9480000000331,-48.54694354278912
446.95200000003314,-2.267222122281646
446.9560000000331,0.8580743927600412
446.9600000000331,-14.733130989895008
446.96400000003314,-8.240257534897381
446.9680000000331,28.243492288948275
446.9720000000331,20.28521329846207
446.97600000003314,-18.41384655523167
446.9800000000331,21.58495819121672
446.9840000000331,19.403975630743364
446.98800000003314,5.102976751331253
446.9920000000331,10.034546655711171
446.9960000000331,7.557223201686574
447.00000000003314,28.973392626427806
447.00400000003316,-18.83344387447328
447.0080000000331,16.392276882692794
447.01200000003314,33.755663430118354
447.01600000003316,29.773453337472894
447.0200000000331,9.762528612597213
447.02400000003314,-22.265256718238923
447.02800000003316,-0.17058398492245175
447.0320000000331,5.006822951709747
447.03600000003314,28.874542331294442
447.04000000003316,-1.2457704584194307
447.0440000000331,13.926614528788516
447.04800000003314,13.894548918244086
447.05200000003316,-9.218183668549406
447.0560000000331,18.2588290901771
447.06000000003314,-4.844819020680882
447.06400000003316,-13.006476821389231
447.0680000000331,-6.5493629351006
447.07200000003314,0.35857509183644654
447.07600000003316,-10.760734587693026
447.0800000000331,2.232088129635348
447.08400000003314,-0.5842262767423572
447.08800000003316,24.028637770787793
447.0920000000331,-20.084556036523857
447.09600000003314,-33.092304086007076
447.10000000003316,4.341837066790905
447.1040000000332,-43.49042463352195
447.10800000003314,-11.043238687095757
447.11200000003316,-22.034384007269683
447.1160000000332,6.552695033192599
447.12000000003314,-8.922389019619152
447.12400000003316,13.020235236468933
447.1280000000332,16.098407463580248
447.13200000003314,12.366001416141025
447.13600000003316,7.110522516776362
447.1400000000332,8.022584627637148
447.14400000003315,-9.709961249528316
447.14800000003316,-14.216123851685445
447.1520000000332,6.138540174659253
447.15600000003315,-1.8889475971270246
447.16000000003316,5.668750274109922
447.1640000000332,3.042077657735083
447.16800000003315,-1.6539456415359053
447.17200000003317,16.931944380033176
447.1760000000332,18.30788034003208
447.18000000003315,-10.40991997143535
447.18400000003317,11.583817599930741
447.1880000000332,1.4428093717702124
447.19200000003315,-17.35050021094344
447.19600000003317,-12.061762623795158
447.2000000000332,-0.8889801161475583
447.2040000000332,-6.744150594436204
447.20800000003317,-5.884010727979028
447.2120000000332,10.714039303941195
447.2160000000332,-45.99861903114553
447.22000000003317,32.07392394857382
447.2240000000332,-11.015254664115272
447.2280000000332,8.589233603080078
447.23200000003317,21.375287816162814
447.2360000000332,14.344134822621974
447.2400000000332,-18.777185745035823
447.24400000003317,-7.999066579335355
447.2480000000332,10.038287472518505
447.2520000000332,31.22938494555957
447.25600000003317,-20.281317584209372
447.2600000000332,20.10036263634566
447.2640000000332,11.581975084424103
447.26800000003317,7.248094529988725
447.2720000000332,28.512130653567695
447.2760000000332,1.3193509167096042
447.28000000003317,37.0583956735907
447.2840000000332,15.360143393347059
447.2880000000332,-36.53822164762484
447.29200000003317,-0.5098657865799296
447.2960000000332,0.3739357558368006
447.3000000000332,25.742405495719602
447.3040000000332,-1.479188320204782
447.3080000000332,-0.06116581033045754
447.3120000000332,1.0938453123158265
447.3160000000332,2.5763890396757074
447.3200000000332,25.352599956575087
447.3240000000332,23.987331095622594
447.3280000000332,-18.124095552372015
447.3320000000332,9.05990756725004
447.3360000000332,-0.30793741044626044
447.3400000000332,-26.98306480506807
447.3440000000332,6.134392811408193
447.3480000000332,-2.2971164336040157
447.35200000003323,-23.89141935829507
447.3560000000332,10.101238517766344
447.3600000000332,2.73730703572864
447.36400000003323,16.15281962891649
447.3680000000332,-5.349018111091831
447.3720000000332,-6.135846316547202
447.37600000003323,-1.956904234615283
447.3800000000332,-8.32441300232923
447.3840000000332,35.56565047941035
447.38800000003323,-2.548833259169881
447.3920000000332,-44.16632925655001
447.3960000000332,2.998896032892043
447.40000000003323,25.04019494466295
447.40400000003325,-31.024716612213453
447.4080000000332,-40.518762938103436
447.41200000003323,-1.320344508000331
447.41600000003325,-25.64766161994934
447.4200000000332,3.40004974985467
447.42400000003323,-0.4357166044969274
447.42800000003325,-4.198189845707822
447.4320000000332,20.323332104080272
447.43600000003323,-5.170344905855963
447.44000000003325,6.620549066864161
447.4440000000332,-6.371183726087705
447.44800000003323,11.310697034735544
447.45200000003325,-50.966676264310976
447.4560000000332,2.4705055797114577
447.46000000003323,-1.5111983575566366
447.46400000003325,-2.717256189415136
447.4680000000332,-7.665725711824399
447.47200000003323,12.403054058751623
447.47600000003325,-12.843123706641375
447.4800000000332,-30.9309160234986
447.48400000003323,2.6906557959313053
447.48800000003325,-4.448768389883759
447.4920000000332,28.17004909019835
447.49600000003323,15.403470923561958
447.50000000003325,1.07267553797565
447.5040000000333,5.131809047472742
447.50800000003323,-12.036011541323921
447.51200000003325,-1.8375147774756073
447.5160000000333,1.049173029359697
447.52000000003324,-10.460524633907294
447.52400000003325,-6.836163616981246
447.5280000000333,-15.412330101826607
447.53200000003324,24.66185763478215
447.53600000003325,-10.044944422480231
447.5400000000333,-22.174194659115198
447.54400000003324,15.735794611430855
447.54800000003326,11.200285760330285
447.5520000000333,17.733090167927664
447.55600000003324,6.017149520660515
447.56000000003326,6.8842901052708
447.5640000000333,16.02452791090779
447.56800000003324,4.8873785313534475
447.57200000003326,-19.725423610033523
447.5760000000333,-7.286347050120165
447.58000000003324,-18.433788173822556
447.58400000003326,1.2489987061448682
447.5880000000333,6.640358299619904
447.59200000003324,20.799827052937324
447.59600000003326,12.102439310344595
447.6000000000333,-15.87516359018518
447.6040000000333,38.638582055468845
447.60800000003326,0.4737272188215964
447.6120000000333,-2.1922283213866005
447.6160000000333,10.673334984174401
447.62000000003326,15.403858165790869
447.6240000000333,20.92772357427617
447.6280000000333,35.304376605358435
447.63200000003326,-3.7131785982599688
447.6360000000333,-26.104189530692402
447.6400000000333,10.396847550455592
447.64400000003326,-18.13405892512721
447.6480000000333,32.393094129642115
447.6520000000333,-0.7171136861378851
447.65600000003326,-37.02602777968329
447.6600000000333,12.266860485869575
447.6640000000333,-12.90930093612696
447.66800000003326,17.565763845678042
447.6720000000333,-0.7686805564370651
447.6760000000333,-15.83583651368254
447.68000000003326,16.51887257648409
447.6840000000333,4.42230275870683
447.6880000000333,1.651464692664157
447.69200000003326,8.651376130907916
447.6960000000333,-28.198800724560716
447.7000000000333,2.9602330455821146
447.7040000000333,10.35085945168117
447.7080000000333,-17.61855587164409
447.7120000000333,18.17882018882912
447.7160000000333,27.304327601064756
447.7200000000333,5.371447166954231
447.7240000000333,6.169044277892834
447.7280000000333,-17.985167945448364
447.7320000000333,-12.201087088217296
447.7360000000333,49.76730195052111
447.7400000000333,21.363777165469685
447.7440000000333,-1.7432536602946653
447.7480000000333,22.731860766468547
447.7520000000333,6.884086706227961
447.7560000000333,14.476863980161298
447.7600000000333,-2.5583326993131665
447.7640000000333,0.7622194757909884
447.7680000000333,3.094393691375915
447.7720000000333,7.692595686174346
447.7760000000333,-13.718027864952953
447.7800000000333,13.95831389709765
447.7840000000333,16.233436128529313
447.7880000000333,27.843159215490253
447.7920000000333,1.9061237107074291
447.7960000000333,-10.994768829665157
447.8000000000333,-29.053252949250588
447.80400000003334,8.474800647890085
447.8080000000333,-8.214552148616399
447.8120000000333,-20.558067678518164
447.81600000003334,2.9288429721632814
447.8200000000333,34.32084515168179
447.8240000000333,13.646178170388504
447.82800000003334,20.607824275035462
447.8320000000333,-33.277205961995875
447.8360000000333,9.171899601840668
447.84000000003334,20.845348466400797
447.8440000000333,-6.40476141191445
447.8480000000333,7.669780365631199
447.85200000003334,4.078884721136154
447.8560000000333,-4.142525088582421
447.8600000000333,12.476470403906939
447.86400000003334,-5.307955525633376
447.8680000000333,-24.9840989575161
447.8720000000333,-1.0023441002177145
447.87600000003334,5.176116324717684
447.8800000000333,14.912987118800356
447.8840000000333,5.957717894246477
447.88800000003334,-4.868969676934776
447.8920000000333,-6.940246939740679
447.8960000000333,-21.89144153868876
447.90000000003334,-6.368281116040914
447.90400000003336,-3.5545405761836473
447.9080000000333,-3.1036460262176724
447.91200000003334,8.590643863798494
447.91600000003336,15.882034275559198
447.9200000000333,-10.402200304467975
447.92400000003335,-5.50163340025107
447.92800000003336,18.230044518844075
447.9320000000333,-25.39728489804159
447.93600000003335,-9.37798282739109
447.94000000003336,-3.9007392430715226
447.9440000000333,37.95022487261565
447.94800000003335,-23.798981389360588
447.95200000003337,-22.119621112948987
447.9560000000333,-15.753131475951333
447.96000000003335,-34.91131467582598
447.96400000003337,-30.4198811599832
447.9680000000333,-19.027869395041048
447.97200000003335,4.925683958289742
447.97600000003337,20.317351647351188
447.98000000003333,8.85068568700903
447.98400000003335,-13.770415884836357
447.98800000003337,-21.18237057659043
447.99200000003333,23.97589861651199
447.99600000003335,8.179924711530651
448.00000000003337,38.594921582495466
448.0040000000334,-12.969316791766268
448.00800000003335,13.715309775278094
448.01200000003337,-6.098683387759742
448.0160000000334,-17.29707603757161
448.02000000003335,-2.504024736483596
448.02400000003337,-22.724179727562454
448.0280000000334,-4.027407198414916
448.03200000003335,-1.2222033797392764
448.03600000003337,0.9327724918669837
448.0400000000334,-29.267815446445397
448.04400000003335,3.127368013737937
448.04800000003337,-0.23757864249879823
448.0520000000334,-23.34391752624572
448.05600000003335,-23.41121084900107
448.06000000003337,14.252374366405238
448.0640000000334,2.2027999635237343
448.06800000003335,14.962615334017217
448.07200000003337,-14.960848609952894
448.0760000000334,7.085599870950824
448.08000000003335,-5.860349316336091
448.08400000003337,8.826563344858014
448.0880000000334,28.281290127181762
448.09200000003335,12.94065605857442
448.09600000003337,0.13893700400888997
448.1000000000334,-38.547526473001376
448.1040000000334,-22.98763201603246
448.10800000003337,-19.662474764121672
448.1120000000334,-17.560481505935623
448.1160000000334,-2.113052714925138
448.1200000000334,-13.579274792520124
448.1240000000334,-4.613465841556778
448.1280000000334,4.011468794673111
448.1320000000334,11.949191548511479
448.1360000000334,-22.583397243339277
448.1400000000334,-2.215248916592542
448.1440000000334,-11.056669528392792
448.1480000000334,-5.570918453160159
448.1520000000334,13.660629118888615
448.1560000000334,-25.13696358804258
448.1600000000334,6.430317459221876
448.1640000000334,-9.945758048948461
448.1680000000334,-1.9524036840150543
448.1720000000334,-1.993456041210187
448.1760000000334,17.045664296611452
448.1800000000334,-14.868159455649527
448.1840000000334,-7.179959971275534
448.1880000000334,-13.029668483954048
448.1920000000334,4.791278261459149
448.1960000000334,17.128975399851804
448.2000000000334,9.483466983436214
448.20400000003343,26.923241296557734
448.2080000000334,31.96013039021105
448.2120000000334,-17.251130458125534
448.21600000003343,24.564314340364803
448.2200000000334,18.385449280509487
448.2240000000334,-19.890376938955228
448.22800000003343,-0.45778399851759
448.2320000000334,11.302047735594321
448.2360000000334,4.581369743540115
448.24000000003343,-5.363771875155889
448.2440000000334,-4.592284734053657
448.2480000000334,-16.666040474857528
448.25200000003343,1.8797212299045667
448.2560000000334,-12.472781580771173
448.2600000000334,-15.536028692277368
448.26400000003343,-22.125267220966673
448.2680000000334,-1.0289386528642095
448.2720000000334,12.984867997760809
448.27600000003343,12.230730709289414
448.2800000000334,-0.7459881352475759
448.2840000000334,-4.497908316306152
448.28800000003343,-5.813371145068736
448.2920000000334,-7.178619894997987
448.2960000000334,21.216914933417698
448.30000000003344,14.742862006622822
448.30400000003345,-27.645314675088606
448.3080000000334,-8.283165405840148
448.31200000003344,0.09603281428023147
448.31600000003345,-2.091595324471169
448.3200000000334,2.7519132717911403
448.32400000003344,-8.895964260528
448.32800000003346,1.5560869912634043
448.3320000000334,16.2416292844277
448.33600000003344,-21.8868505992429
448.34000000003346,27.742027782398498
448.3440000000334,-0.8860079823493798
448.34800000003344,23.95691576897552
448.35200000003346,-0.3668391428448421
448.3560000000334,-12.721012079201264
448.36000000003344,21.726466359785718
448.36400000003346,-4.600164697222939
448.3680000000334,-4.883124160617087
448.37200000003344,-12.138621636267597
448.37600000003346,7.373382766404756
448.3800000000334,16.96663182164693
448.38400000003344,-0.33970577507028565
448.38800000003346,1.3708795889801655
448.3920000000334,3.4494510819813624
448.39600000003344,8.334576332501463
448.40000000003346,-5.911554528825102
448.4040000000335,-16.775997321291683
448.40800000003344,18.80425836076629
448.41200000003346,4.715564009215605
448.4160000000335,28.25822428537532
448.42000000003344,-5.735795783541015
448.42400000003346,11.661299571801408
448.4280000000335,7.676707007317072
448.43200000003344,30.272870738784825
448.43600000003346,-16.366537171341392
448.4400000000335,-3.4452403641841496
448.44400000003344,3.491967247374811
448.44800000003346,-15.06539383395841
448.4520000000335,10.217589170938258
448.45600000003344,5.848106073941393
448.46000000003346,26.162562399059045
448.4640000000335,-11.568284837335073
448.46800000003344,16.15700698667826
448.47200000003346,0.27073144272760497
448.4760000000335,-0.5272691233322264
448.48000000003344,-18.521500926621854
448.48400000003346,11.242142769443074
448.4880000000335,22.57099905931161
448.49200000003344,-27.714065943691644
448.49600000003346,-9.383597650212657
448.5000000000335,-26.801615419963976
448.5040000000335,-15.124971022039455
448.50800000003346,7.892222387021891
448.5120000000335,22.212099489820435
448.5160000000335,-13.067967266661723
448.52000000003346,3.4238169907131537
448.5240000000335,-3.40452752097063
448.5280000000335,-20.980054309690864
448.53200000003346,-10.436296000931932
448.5360000000335,7.900716572316542
448.5400000000335,14.882387083938537
448.54400000003346,-4.28832029127311
448.5480000000335,-8.531904432895443
448.5520000000335,43.296056875409455
448.55600000003346,2.644002486060845
448.5600000000335,-27.923287351718983
448.5640000000335,9.213688546517856
448.56800000003346,10.950580172999464
448.5720000000335,6.935372029548749
448.5760000000335,-14.45053327298257
448.58000000003346,-6.446079592876535
448.5840000000335,-13.978151649042822
448.5880000000335,-3.4812108715800543
448.59200000003347,26.728694586310976
448.5960000000335,26.943235126997404
448.6000000000335,27.049725511691012
448.6040000000335,-34.14852084607586
448.6080000000335,2.013628763945173
448.6120000000335,-4.528412193596729
448.6160000000335,8.956238354052449
448.6200000000335,-2.9217238440830906
448.6240000000335,6.135162165300361
448.6280000000335,-36.151872862996754
448.6320000000335,-7.506667991576099
448.6360000000335,1.770649809551201
448.6400000000335,9.45880264740278
448.6440000000335,8.286186969195713
448.6480000000335,-14.688045487694572
448.6520000000335,-2.3244431788491724
448.6560000000335,14.790759091387002
448.6600000000335,16.79273462224081
448.6640000000335,20.488492738299136
448.6680000000335,7.274369538351671
448.6720000000335,17.90348655458984
448.6760000000335,-14.317135754009605
448.6800000000335,-6.869384946889614
448.6840000000335,22.12396675357182
448.6880000000335,-4.856798239263103
448.6920000000335,39.91993461197022
448.6960000000335,-2.926691456688105
448.7000000000335,-10.43825079692365
448.70400000003355,28.90866354493992
448.7080000000335,5.841869467484164
448.7120000000335,-20.924036905920417
448.71600000003355,-13.786892952847193
448.7200000000335,11.615946123503656
448.7240000000335,23.707420670843668
448.72800000003355,8.296960986221846
448.7320000000335,32.53875549594116
448.7360000000335,32.839471922386736
448.74000000003355,-17.383683443616864
448.7440000000335,-3.1459130345477444
448.7480000000335,-1.6558220534847603
448.75200000003355,25.95596330805115
448.7560000000335,5.936102339262828
448.76000000003353,-12.154031830485344
448.76400000003355,-0.11820750217799159
448.7680000000335,-2.277690855375539
448.77200000003353,6.36575376295882
448.77600000003355,-26.015022807761895
448.7800000000335,-10.784875165282752
448.78400000003353,28.319803000521627
448.78800000003355,-2.6908973469964907
448.7920000000335,11.207162360306056
448.79600000003353,9.87966484081729
448.80000000003355,10.157633221679738
448.80400000003357,-5.550309400538602
448.80800000003353,2.3645974419844147
448.81200000003355,-2.750978480499459
448.81600000003357,-2.7044993777036312
448.82000000003353,-5.823444436748425
448.82400000003355,12.109444541135696
448.82800000003357,-7.311920574757711
448.83200000003353,3.3712523138411696
448.83600000003355,-0.32702737368495827
448.84000000003357,-33.32425930576656
448.84400000003353,7.717513058343917
448.84800000003355,24.10898649973957
448.85200000003357,10.92370983003253
448.85600000003353,-21.288899015749923
448.86000000003355,-21.850755078051545
448.86400000003357,46.23332474348871
448.86800000003353,-1.273807304266407
448.87200000003355,27.644525838612747
448.87600000003357,7.142544416741639
448.88000000003353,28.495373272993277
448.88400000003355,20.531339777349114
448.88800000003357,26.347306181804964
448.89200000003353,0.8565298417086691
448.89600000003355,-6.174726392321949
448.9000000000336,-5.441352293058846
448.9040000000336,0.6067203121896061
448.90800000003355,-8.42396308863711
448.9120000000336,-3.147747387796323
448.9160000000336,-9.692600452437466
448.92000000003355,21.711301962990277
448.9240000000336,8.486320612824333
448.9280000000336,-3.3226374273946506
448.93200000003355,-9.6482411717093
448.9360000000336,-2.1957599557578966
448.9400000000336,30.833913642332973
448.94400000003355,20.190235286855447
448.9480000000336,-16.540787877814193
448.9520000000336,-10.2302085885981
448.95600000003355,-14.544614524973612
448.9600000000336,-3.777427605667637
448.9640000000336,27.938737937644856
448.96800000003356,-0.42985007705400236
448.9720000000336,10.638115271021958
448.9760000000336,3.9082041562110543
448.98000000003356,-12.104801518136274
448.9840000000336,1.7338103913766794
448.9880000000336,-6.807948028737945
448.99200000003356,-24.122495651765323
448.9960000000336,21.055420213426927
449.0000000000336,-10.878095068005356
449.0040000000336,-4.629254700831633
449.0080000000336,-2.3591921181253173
449.0120000000336,9.914140590295657
449.0160000000336,-2.076474760084869
449.0200000000336,39.10839544852049
449.0240000000336,-6.018327150135093
449.0280000000336,-24.334922942368998
449.0320000000336,27.776515844088426
449.0360000000336,-0.10199918851757173
449.0400000000336,5.015956584908523
449.0440000000336,15.410966084508805
449.0480000000336,34.72960192831949
449.0520000000336,-40.284335451059384
449.0560000000336,6.424988179504109
449.0600000000336,13.799571199989034
449.0640000000336,-35.02916805619949
449.0680000000336,4.793939412735452
449.0720000000336,37.5434364096145
449.0760000000336,4.332978843598484
449.0800000000336,-11.397075315856688
449.0840000000336,22.638684527719604
449.0880000000336,18.348815677935416
449.0920000000336,3.9487803381505615
449.0960000000336,-18.469983411270952
449.1000000000336,-12.736404161131244
449.10400000003364,9.342943608208422
449.1080000000336,-12.34788257890467
449.1120000000336,23.618157308137658
449.11600000003364,33.416160477381375
449.1200000000336,14.124716201626734
449.1240000000336,-4.345663311354079
449.12800000003364,-10.651491176980151
449.1320000000336,1.4906002490015655
449.1360000000336,22.06045820307168
449.14000000003364,-25.33141182029073
449.1440000000336,14.977906942596414
449.1480000000336,-5.018204832541947
449.15200000003364,15.882472480766442
449.1560000000336,-27.126301388457595
449.1600000000336,34.719077640255406
449.16400000003364,17.817848516306974
449.1680000000336,-25.759616891024752
449.1720000000336,-7.450866286543625
449.17600000003364,5.513705426842831
449.1800000000336,-17.235093590132358
449.1840000000336,-2.4439300294512964
449.18800000003364,5.026394865305919
449.1920000000336,-5.417783124732419
449.1960000000336,30.276243151725392
449.20000000003364,0.45963626191967455
449.20400000003366,-11.585016895426087
449.2080000000336,12.757739973983373
449.21200000003364,0.7349431650827295
449.21600000003366,-37.25349213520929
449.2200000000336,19.39663383770965
449.22400000003364,10.066672847469068
449.22800000003366,-13.766928065642722
449.2320000000336,-27.050328141756005
449.23600000003364,-5.252963438395863
449.24000000003366,-9.434297675461517
449.2440000000336,4.790015391077368
449.24800000003364,-19.31213875904143
449.25200000003366,-33.20215039668092
449.2560000000336,9.870418897508884
449.26000000003364,-22.478040824624248
449.26400000003366,12.467514329598242
449.2680000000336,-7.359029641911434
449.27200000003364,-7.843828858633355
449.27600000003366,-5.159257912604836
449.2800000000336,12.48534644372037
449.28400000003364,8.307628314572439
449.28800000003366,19.448413921781555
449.2920000000336,47.234333849028744
449.29600000003364,15.637663006071724
449.30000000003366,20.659691106039286
449.3040000000337,-2.199497819024898
449.30800000003364,20.019180363388646
449.31200000003366,6.559143599249898
449.3160000000337,23.880014401787452
449.32000000003364,-5.777151826035768
449.32400000003366,-51.437251738721905
449.3280000000337,19.45554198252003
449.33200000003364,23.33189616630516
449.33600000003366,-32.93452210390027
449.3400000000337,-3.825136268540133
449.34400000003365,-17.17321664249237
449.34800000003366,4.741286774769792
449.3520000000337,-0.29080316045720567
449.35600000003365,19.63608385772416
449.36000000003366,23.642849129948182
449.3640000000337,31.54656477338462
449.36800000003365,15.630977569533943
449.37200000003367,-9.821412508768868
449.3760000000337,22.24021653516104
449.38000000003365,25.246448635369415
449.38400000003367,23.002594615704258
449.3880000000337,30.46461985986012
449.39200000003365,47.111506086118155
449.39600000003367,0.8892518359458077
449.4000000000337,-4.813149423717155
449.4040000000337,22.8559554764952
449.40800000003367,5.54785522904529
449.4120000000337,17.440769948554532
449.4160000000337,-10.542798897526433
449.42000000003367,4.032075309488146
449.4240000000337,5.842960202118615
449.4280000000337,5.3720353253661735
449.43200000003367,1.3071230758684647
449.4360000000337,-28.424949725339548
449.4400000000337,9.05969327455852
449.44400000003367,26.672666684158333
449.4480000000337,-3.2169604649655827
449.4520000000337,11.782073606107085
449.45600000003367,-3.1034195466949273
449.4600000000337,6.722672512728171
449.4640000000337,10.878967193676715
449.46800000003367,6.7032379125495964
449.4720000000337,-13.628743417363607
449.4760000000337,24.537745761223547
449.48000000003367,-1.504466138079323
449.4840000000337,-15.362221594678553
449.4880000000337,20.58209662608772
449.49200000003367,4.404051838845433
449.4960000000337,9.633285794541353
449.5000000000337,-33.87250555428258
449.5040000000337,-6.242377306659286
449.5080000000337,14.227915365624675
449.5120000000337,-1.810076347460409
449.5160000000337,10.966387857352178
449.5200000000337,6.6626961909409115
449.5240000000337,-14.00737409275081
449.5280000000337,5.432444414819589
449.5320000000337,-19.509386786279133
449.5360000000337,-11.325229874088826
449.54000000003373,-6.767393172624133
449.5440000000337,-11.148809020567738
449.5480000000337,-7.977877360061797
449.55200000003373,-13.519580675411266
449.5560000000337,4.527046949633579
449.5600000000337,-4.423245438427732
449.56400000003373,-13.965399603523416
449.5680000000337,4.0775077736653405
449.5720000000337,-10.721815039049416
449.57600000003373,-22.79984363399191
449.5800000000337,-8.234176640317873
449.5840000000337,-14.880918527800752
449.58800000003373,-13.75003669613206
449.5920000000337,6.932831211384212
449.5960000000337,-20.178837457853394
449.60000000003373,30.96749206069017
449.60400000003375,15.899631342865385
449.6080000000337,-7.249133442423853
449.61200000003373,-20.33560598503074
449.61600000003375,0.5927089697182133
449.6200000000337,-1.1068869415618958
449.62400000003373,5.657286140884141
449.62800000003375,-18.87013139857952
449.6320000000337,-7.115968128589274
449.63600000003373,-17.830341435442303
449.64000000003375,-9.46449179748512
449.6440000000337,10.612882787721396
449.64800000003373,18.923690785001128
449.65200000003375,-0.543902884165502
449.6560000000337,30.80098764441762
449.66000000003373,0.7649140723730137
449.66400000003375,6.522521059910283
449.6680000000337,-10.506141145763689
449.67200000003373,-10.059239850157237
449.67600000003375,1.5292381977996587
449.6800000000337,22.884223289336635
449.68400000003373,22.725344973991717
449.68800000003375,13.442696006206052
449.6920000000337,10.162754301372432
449.69600000003373,27.731191967379768
449.70000000003375,2.8512746529261923
449.7040000000338,-16.893124204847418
449.70800000003373,51.54708220316738
449.71200000003375,-22.355136390878435
449.7160000000338,27.260060150063403
449.72000000003374,3.092032731222924
449.72400000003375,-4.033920204525608
449.7280000000338,0.2948434884922517
449.73200000003374,-8.414991733274926
449.73600000003375,1.351711306510303
449.7400000000338,43.75161998386303
449.74400000003374,5.913567780757193
449.74800000003376,-0.8858282810433005
449.7520000000338,-8.464463159535764
449.75600000003374,-10.499696453755323
449.76000000003376,9.583029078216184
449.7640000000338,-5.317895241475849
449.76800000003374,1.1563869556594422
449.77200000003376,34.859913949547774
449.7760000000338,6.201771304736424
449.78000000003374,7.081951003519474
449.78400000003376,-15.064790370514682
449.7880000000338,20.218478237228723
449.79200000003374,5.2928689007908005
449.79600000003376,13.200910692024861
449.8000000000338,41.195935873198486
449.8040000000338,16.13201062323012
449.80800000003376,-4.908827154559899
449.8120000000338,-22.717793608511183
449.8160000000338,-9.399093883987693
449.82000000003376,12.3545900143879
449.8240000000338,-23.065994555235772
449.8280000000338,-20.24947141658584
449.83200000003376,-7.892874012361085
449.8360000000338,-15.318805416411601
449.8400000000338,-4.41344965584616
449.84400000003376,29.815950558010382
449.8480000000338,8.59172040232118
449.8520000000338,-18.484759433337516
449.85600000003376,-21.321777848409035
449.8600000000338,-14.42649430174976
449.8640000000338,-36.264829111118765
449.86800000003376,-12.782594023602222
449.8720000000338,-19.125476601700196
449.8760000000338,-15.993230890423975
449.88000000003376,-9.677160288223188
449.8840000000338,-3.5501084578909827
449.8880000000338,15.981316521730749
449.89200000003376,18.161908457366433
449.8960000000338,-1.634337380341065
449.9000000000338,-15.979044489651
449.9040000000338,-25.947122121821174
449.9080000000338,-7.096985222485943
449.9120000000338,17.42265475036705
449.9160000000338,-6.0866236884556315
449.9200000000338,8.278285924994504
449.9240000000338,14.315823758362349
449.9280000000338,-7.840625394336176
449.9320000000338,-2.4220892087585564
449.9360000000338,16.139450278166727
449.9400000000338,16.589588192938457
449.9440000000338,30.042410424723872
449.9480000000338,-9.866205512791007
449.9520000000338,7.6633046235831275
449.9560000000338,7.0323098188299005
449.9600000000338,-18.374613719234677
449.9640000000338,3.5588486526705054
449.9680000000338,5.222631024676574
449.9720000000338,3.046498165532009
449.9760000000338,-3.737555290611152
449.9800000000338,18.363613926621735
449.9840000000338,42.02548729767805
449.9880000000338,22.57527110106734
449.9920000000338,1.2989160808292426
449.9960000000338,4.456925332601761
450.0000000000338,-6.954704745013062
450.00400000003384,24.3495762757105
450.0080000000338,26.229091641787438
450.0120000000338,-12.602307903721229
450.01600000003384,9.932808835381396
450.0200000000338,-15.605230074398225
450.0240000000338,23.807950214349955
450.02800000003384,4.624788475605374
450.0320000000338,-13.65106173784578
450.0360000000338,2.3725099298224093
450.04000000003384,0.7821982243890233
450.0440000000338,5.6991348049322905
450.0480000000338,1.2019033990463759
450.05200000003384,-3.6048121506386863
450.0560000000338,-6.957604401386659
450.0600000000338,-18.46558046960333
450.06400000003384,-23.028156044056864
450.0680000000338,-11.211135651194965
450.0720000000338,-15.30991435623531
450.07600000003384,-20.272173271964558
450.0800000000338,8.335011442332245
450.0840000000338,16.395642444036383
450.08800000003384,-2.1153224776457473
450.0920000000338,-30.232502011936628
450.0960000000338,-2.804224946330902
450.10000000003384,-16.409462060449002
450.10400000003386,19.18608146647249
450.1080000000338,-7.704891019633175
450.11200000003385,15.124535594627279
450.11600000003386,-25.191707227030346
450.1200000000338,-6.036376561239865
450.12400000003385,-3.511531758393594
450.12800000003386,-35.94049845243685
450.1320000000338,6.650273371940361
450.13600000003385,-4.067946732462932
450.14000000003387,-8.03223425047775
450.1440000000338,-12.720764210171316
450.14800000003385,-18.447390862922397
450.15200000003387,6.381876749476714
450.1560000000338,11.008517556204827
450.16000000003385,-9.662103507124936
450.16400000003387,-11.338944125586707
450.1680000000338,16.293145363670153
450.17200000003385,-18.42283511018859
450.17600000003387,-7.4895083938041305
450.18000000003383,2.923790510559628
450.18400000003385,6.692297020252907
450.18800000003387,-0.8500415990195442
450.19200000003383,-31.856438554168772
450.19600000003385,-0.9049023484598995
450.20000000003387,-3.3271597652845797
450.2040000000339,-21.565423327650752
450.20800000003385,-11.957081051246897
450.21200000003387,-3.351315109716354
450.2160000000339,42.06888898122768
450.22000000003385,-4.223233556867315
450.22400000003387,-5.299601316938721
450.2280000000339,-13.318247331606539
450.23200000003385,10.233715888710964
450.23600000003387,-5.998685317627089
450.2400000000339,-6.8930071556091885
450.24400000003385,-25.370530750515762
450.24800000003387,-2.728363672120217
450.2520000000339,-10.555299247333659
450.25600000003385,-22.221609675846977
450.26000000003387,-10.24209154538678
450.2640000000339,17.89229282457364
450.26800000003385,-7.034135204955975
450.27200000003387,-4.700619531695938
450.2760000000339,7.91687420762988
450.28000000003385,1.0724899614879448
450.28400000003387,10.808085885127635
450.2880000000339,6.061860039181718
450.29200000003385,23.649369887843097
450.29600000003387,-4.050909744974032
450.3000000000339,28.716772819482664
450.3040000000339,4.066696112250262
450.30800000003387,2.108486825052741
450.3120000000339,20.973351977344407
450.3160000000339,28.833737453871834
450.3200000000339,7.645981092328864
450.3240000000339,16.688053662821105
450.3280000000339,-7.2027631258212805
450.3320000000339,-19.012280648715706
450.3360000000339,1.2151386429945965
450.3400000000339,25.42113106318143
450.3440000000339,-12.423487247968554
450.3480000000339,2.9980678370214315
450.3520000000339,-26.353918661573875
450.3560000000339,2.385365402621268
450.3600000000339,5.742038476387223
450.3640000000339,-25.998905731483013
450.3680000000339,15.983014850228765
450.3720000000339,-13.833570136268573
450.3760000000339,-2.3873559507694777
450.3800000000339,-5.160784544844162
450.3840000000339,-2.517925740837595
450.3880000000339,-19.755041519449065
450.3920000000339,-25.138235033572403
450.3960000000339,-28.928483567240892
450.4000000000339,1.9485887316395214
450.40400000003393,-17.883520253425765
450.4080000000339,5.069356689296334
450.4120000000339,-22.35305288331842
450.41600000003393,14.774658584362236
450.4200000000339,-4.830363905979695
450.4240000000339,9.942115320488467
450.42800000003393,-50.26152274906357
450.4320000000339,37.76031753326325
450.4360000000339,4.795129174621687
450.44000000003393,9.65541514615144
450.4440000000339,9.081356443707987
450.4480000000339,-26.60895722168171
450.45200000003393,32.01281352898599
450.4560000000339,8.059267817345944
450.4600000000339,18.701567007548594
450.46400000003393,-13.361228452671542
450.4680000000339,49.481704659057776
450.4720000000339,36.52387395618694
450.47600000003393,0.4385451282618025
450.4800000000339,3.9435284237834436
450.4840000000339,-1.1658729521281455
450.48800000003394,7.429154886133154
450.4920000000339,18.985026030832465
450.4960000000339,-7.034571462022425
450.50000000003394,-3.8717670118031284
450.50400000003395,26.799719077838695
450.5080000000339,4.8484422021694495
450.51200000003394,32.1560740711579
450.51600000003396,-10.743693507803599
450.5200000000339,17.141559687470902
450.52400000003394,-1.1596764171170844
450.52800000003396,28.23223445893857
450.5320000000339,4.532842752273172
450.53600000003394,-6.741804532148126
450.54000000003396,19.786581108520455
450.5440000000339,21.121596090663054
450.54800000003394,26.483855410455753
450.55200000003396,-29.99107318367917
450.5560000000339,-7.010487434274964
450.56000000003394,18.92094012018513
450.56400000003396,-3.0199913645378906
450.5680000000339,-15.845053850174322
450.57200000003394,25.20582172599762
450.57600000003396,0.031061640943619406
450.5800000000339,-30.047625675799072
450.58400000003394,8.123928091116783
450.58800000003396,-0.7674211799309004
450.5920000000339,-11.408810697371221
450.59600000003394,15.605520325372884
450.60000000003396,-8.226279044616874
450.604000000034,15.930503676128552
450.60800000003394,-4.381567969554246
450.61200000003396,37.30593794185718
450.616000000034,9.238716146724784
450.62000000003394,7.914246202569846
450.62400000003396,2.392702620120775
450.628000000034,9.390183185435303
450.63200000003394,19.456688661052368
450.63600000003396,-14.469744780578965
450.640000000034,-1.1268950432774267
450.64400000003394,5.410484523084736
450.64800000003396,10.751046797178024
450.652000000034,-19.066089157729397
450.65600000003394,9.273902385013367
450.66000000003396,9.988518955687208
450.664000000034,15.88625891517471
450.66800000003394,-11.65029842820882
450.67200000003396,6.460917319740274
450.676000000034,3.436246124878803
450.68000000003394,29.35582514108155
450.68400000003396,11.115918327869021
450.688000000034,0.802473761428321
450.69200000003394,28.984159720559727
450.69600000003396,0.07774480225406646
450.700000000034,-6.797548411988577
450.704000000034,2.7803204341771983
450.70800000003396,10.859661367533926
450.712000000034,14.408529164936041
450.716000000034,-9.155209785455103
450.72000000003396,-19.638671104436547
450.724000000034,11.001660109818623
450.728000000034,-10.065118976557947
450.73200000003396,-15.78774887522183
450.736000000034,4.70461520070832
450.740000000034,-18.432555588127613
450.74400000003396,-6.595808167677763
450.748000000034,-19.515263855390515
450.752000000034,-5.648076734279001
450.75600000003396,-8.525591477564031
450.760000000034,-10.552256252623788
450.764000000034,6.172894940526434
450.76800000003396,34.838612049608834
450.772000000034,-5.253015348379456
450.776000000034,-9.309104804638354
450.78000000003397,-14.631468261352115
450.784000000034,9.952326727091439
450.788000000034,13.428579149842362
450.79200000003397,-20.032097230236527
450.796000000034,-3.129944588330698
450.800000000034,22.34427871744212
450.804000000034,-9.964582989988113
450.808000000034,-20.39542015888226
450.812000000034,7.595159098591723
450.816000000034,-3.4109717941706306
450.820000000034,-9.412431684528524
450.824000000034,-2.9760916940179793
450.828000000034,-38.39856080321719
450.832000000034,1.9186523321998143
450.836000000034,-0.3162386530349379
450.840000000034,15.721824419423346
450.844000000034,0.7243647409448561
450.848000000034,-22.409336751073003
450.852000000034,10.762551328382234
450.856000000034,-13.037266772163196
450.860000000034,-2.1622246530191496
450.864000000034,13.224627069885592
450.868000000034,17.65437243999834
450.872000000034,-9.541677731086539
450.876000000034,-13.538070835640717
450.880000000034,38.17839901416044
450.884000000034,-11.420108667845819
450.888000000034,7.144640776778086
450.892000000034,10.860737747373726
450.896000000034,2.7798671110152893
450.900000000034,-20.87833943160886
450.90400000003405,7.520540501540682
450.908000000034,10.172423753649166
450.912000000034,-23.958803551793608
450.91600000003405,-8.837040353903781
450.920000000034,-4.438263044837873
450.924000000034,0.8987449470412754
450.92800000003405,-5.877284075753614
450.932000000034,-26.674908428896583
450.936000000034,-11.164459968507042
450.94000000003405,-0.7944628637002028
450.944000000034,-2.231235812848254
450.948000000034,17.870628804379102
450.95200000003405,10.644517283671394
450.956000000034,3.2567869842816966
450.96000000003403,-4.832248797991148
450.96400000003405,-15.06963731100489
450.968000000034,22.486693043004266
450.97200000003403,-2.7306440997714105
450.97600000003405,12.211286455535372
450.980000000034,13.47180240399098
450.98400000003403,-0.19919300114180238
450.98800000003405,-21.905119509915973
450.992000000034,-8.907943200837423
450.99600000003403,7.4914350351064405
451.00000000003405,16.733629272992218
451.00400000003407,-4.041498025186151
451.00800000003403,-7.496985411539009
451.01200000003405,16.44359242100609
451.01600000003407,-8.282228056193702
451.02000000003403,3.1428391061759986
451.02400000003405,-10.417912434686071
451.02800000003407,19.674660208379215
451.03200000003403,-8.11163242135444
451.03600000003405,-9.783269914860899
451.04000000003407,-3.7032771278208245
451.04400000003403,12.558925049637708
451.04800000003405,14.768525411085188
451.05200000003407,-1.206220377591837
451.05600000003403,-7.502616245306749
451.06000000003405,11.489344739959783
451.06400000003407,-7.245347741430054
451.06800000003403,-6.040183791758531
451.07200000003405,7.421729353217044
451.07600000003407,-9.149281636338628
451.08000000003403,0.7539191510100274
451.08400000003405,2.157153642841215
451.08800000003407,-0.721977394734554
451.09200000003403,-1.4551997912910757
451.09600000003405,1.2662699302379639
451.1000000000341,14.726259855855458
451.1040000000341,-9.917240878869663
451.10800000003405,-2.6293345890351114
451.1120000000341,-40.79750209013234
451.1160000000341,3.9790224534103524
451.12000000003405,16.157728810355792
451.1240000000341,14.882170478447982
451.1280000000341,-8.158500053330702
451.13200000003405,0.5971273207951184
451.1360000000341,-50.30829008756375
451.1400000000341,-31.08019124538222
451.14400000003405,-6.637614365983577
451.1480000000341,0.8286200605552176
451.1520000000341,21.989823681552167
451.15600000003406,-25.38883130275798
451.1600000000341,7.714108703136381
451.1640000000341,-1.360917841941314
451.16800000003406,-2.820174581073931
451.1720000000341,6.903209082299029
451.1760000000341,-4.677099486299708
451.18000000003406,11.459936543830526
451.1840000000341,12.624217107654093
451.1880000000341,-10.827000329539546
451.19200000003406,-9.89142987676637
451.1960000000341,-1.8852991288099372
451.2000000000341,47.68446478951423
451.2040000000341,-4.067506680938312
451.2080000000341,-4.907761010105902
451.2120000000341,29.931327968339485
451.2160000000341,17.17607860753496
451.2200000000341,1.448638943348152
451.2240000000341,-20.773378574736824
451.2280000000341,-1.2889069238605009
451.2320000000341,-8.274481632386381
451.2360000000341,14.094192274279425
451.2400000000341,18.289077646003356
451.2440000000341,2.3890669735711283
451.2480000000341,-1.1107238599876865
451.2520000000341,9.659582038712658
451.2560000000341,3.292500063768367
451.2600000000341,-0.2038213943762619
451.2640000000341,-10.222915107271337
451.2680000000341,7.99218867388772
451.2720000000341,-40.691411311514045
451.2760000000341,21.182139594779674
451.2800000000341,12.418715712239674
451.2840000000341,-3.7417237614754004
451.2880000000341,27.758687173543436
451.2920000000341,30.911776825933046
451.2960000000341,-9.736048247041653
451.3000000000341,31.542861564568398
451.30400000003414,1.6066020327741235
451.3080000000341,3.6392211572077646
451.3120000000341,-3.7131350598582378
451.31600000003414,9.082928168575954
451.3200000000341,7.202324165652264
451.3240000000341,-20.01226639474914
451.32800000003414,11.710208161120132
451.3320000000341,14.770956550313368
451.3360000000341,5.392073962914278
451.34000000003414,-1.4169733553369595
451.3440000000341,18.750501647707917
451.3480000000341,9.312216868437826
451.35200000003414,5.080116941917288
451.3560000000341,10.53311620864867
451.3600000000341,-7.023718711297748
451.36400000003414,20.239923717292307
451.3680000000341,4.154304297364899
451.3720000000341,19.408294769397603
451.37600000003414,-37.35839907926018
451.3800000000341,-5.721174222598529
451.3840000000341,37.617754270286014
451.38800000003414,31.301455894354568
451.3920000000341,-7.014967821597566
451.3960000000341,10.877279688792859
451.40000000003414,23.35828291036775
451.40400000003416,0.17615174498339803
451.4080000000341,-25.294414780570836
451.41200000003414,17.406452502382358
451.41600000003416,4.203740547315064
451.4200000000341,-20.670383640432092
451.42400000003414,-10.836719290499959
451.42800000003416,-11.119338754055185
451.4320000000341,-11.015528107412631
451.43600000003414,-12.643783687130673
451.44000000003416,35.6853087403684
451.4440000000341,15.074800400801799
451.44800000003414,18.07671026024192
451.45200000003416,-9.67445803239209
451.4560000000341,-17.90817615922866
451.46000000003414,-0.8810772124139463
451.46400000003416,-15.863178807394371
451.4680000000341,-3.8811472038122963
451.47200000003414,10.926786614976141
451.47600000003416,-3.6437650363897984
451.4800000000341,-6.895131346718913
451.48400000003414,-31.594885987455722
451.48800000003416,-7.0221847200589975
451.4920000000341,-3.8885033553477375
451.49600000003414,-20.024200761597385
451.50000000003416,18.14152828023344
451.5040000000342,10.163118276330781
451.50800000003414,-5.531872191381854
451.51200000003416,16.777932594179045
451.5160000000342,-11.433162929396477
451.52000000003414,6.6736507838308725
451.52400000003416,27.823364932743424
451.5280000000342,-5.153924824349948
451.53200000003415,10.34360184598193
451.53600000003416,12.979923772006234
451.5400000000342,1.9880660871560605
451.54400000003415,34.92178441602972
451.54800000003416,-5.1352278070093975
451.5520000000342,21.654716448699734
451.55600000003415,-1.4157037038617846
451.56000000003417,33.51347841157284
451.5640000000342,9.5477498181758
451.56800000003415,-9.17192802472626
451.57200000003417,-10.181656665599174
451.5760000000342,-6.86157147427949
451.58000000003415,0.979264907662031
451.58400000003417,5.355245571142956
451.5880000000342,1.6568739617926873
451.59200000003415,10.418575802952168
451.59600000003417,-7.57787891149392
451.6000000000342,4.768355237790081
451.6040000000342,-25.3568001047951
451.60800000003417,-13.7222133573997
451.6120000000342,16.890902675618644
451.6160000000342,-29.51972463621246
451.62000000003417,11.280281230077572
451.6240000000342,-10.387074944770458
451.6280000000342,19.968886397821066
451.63200000003417,4.214540441287689
451.6360000000342,-17.827507777425748
451.6400000000342,0.8498297196247722
451.64400000003417,0.7121354801192122
451.6480000000342,-16.86228519979363
451.6520000000342,1.937272134891093
451.65600000003417,-5.749269561028053
451.6600000000342,15.746301181085427
451.6640000000342,4.635191228323828
451.66800000003417,-6.805305026464034
451.6720000000342,9.13444126279279
451.6760000000342,-5.09357454830669
451.68000000003417,0.06531119738256308
451.6840000000342,-2.9545667498141035
451.6880000000342,-12.668265322800927
451.69200000003417,12.336653360201813
451.6960000000342,-25.980398011953916
451.7000000000342,-16.615739549903207
451.7040000000342,-19.781143409862953
451.7080000000342,-21.546110266681332
451.7120000000342,19.262452216245496
451.7160000000342,25.6690569874316
451.7200000000342,-2.997914092655564
451.7240000000342,16.693828153572884
451.7280000000342,-21.452942223436438
451.7320000000342,-26.501728786046144
451.7360000000342,4.673058676032459
451.74000000003423,10.34413220254963
451.7440000000342,13.61533949915517
451.7480000000342,-1.383262153368278
451.75200000003423,-19.61237441259539
451.7560000000342,-3.4559949936424226
451.7600000000342,-10.87573561381259
451.76400000003423,-3.08456978802616
451.7680000000342,-30.332963536078907
451.7720000000342,-1.507876546995508
451.77600000003423,21.55276444696463
451.7800000000342,23.488958308157123
451.7840000000342,12.585990361008589
451.78800000003423,-1.3083670265302656
451.7920000000342,-16.862224146735123
451.7960000000342,-8.042020856811401
451.80000000003423,2.7578009751116275
451.80400000003425,4.054734461483147
451.8080000000342,-39.207508436435425
451.81200000003423,-7.841737693605103
451.81600000003425,-30.21819174839745
451.8200000000342,-5.190353632886069
451.82400000003423,12.315221180099615
451.82800000003425,-9.937953176628103
451.8320000000342,5.209151318799522
451.83600000003423,31.58062027835576
451.84000000003425,-16.2023741704817
451.8440000000342,10.422689933080553
451.84800000003423,21.649312144798976
451.85200000003425,3.593765004661232
451.8560000000342,-7.725447140765038
451.86000000003423,28.73144882445945
451.86400000003425,-3.0488147083002928
451.8680000000342,-19.09171364283341
451.87200000003423,-3.3769803502049403
451.87600000003425,5.04055273837742
451.8800000000342,29.927433888234074
451.88400000003423,-3.3329449190481193
451.88800000003425,-0.6921870162007304
451.8920000000342,0.5006131629713644
451.89600000003423,15.881510707226965
451.90000000003425,-7.63070191150689
451.9040000000343,-17.292558019258557
451.90800000003424,-18.826822183700433
451.91200000003425,-8.872726663254863
451.9160000000343,10.244769686115287
451.92000000003424,-10.737581261452693
451.92400000003425,-11.377746451247305
451.9280000000343,-35.442046810532
451.93200000003424,10.32945745816793
451.93600000003426,17.47924420850056
451.9400000000343,-22.127217495875385
451.94400000003424,-8.963014614125413
451.94800000003426,-2.8606947989437863
451.9520000000343,-24.561308813259895
451.95600000003424,-5.684683119741035
451.96000000003426,16.550294953033827
451.9640000000343,-10.474162172755557
451.96800000003424,-7.6494685593437435
451.97200000003426,-5.0410599604951605
451.9760000000343,4.733881986236926
451.98000000003424,3.3568228386220462
451.98400000003426,-10.907504074751985
451.9880000000343,4.92590329825753
451.99200000003424,-8.528405677279471
451.99600000003426,-8.302278935744344
452.0000000000343,-31.359739457923396
452.0040000000343,-7.266927938982196
452.00800000003426,7.108812596499318
452.0120000000343,-15.005309083673485
452.0160000000343,3.7398538914177486
452.02000000003426,24.30025564762234
452.0240000000343,5.6042289391882605
452.0280000000343,0.7666918502391624
452.03200000003426,18.509176588303472
452.0360000000343,-9.536548638811999
452.0400000000343,-24.917689301656704
452.04400000003426,-9.789579513732383
452.0480000000343,3.6410280806896047
452.0520000000343,-7.8971889530964186
452.05600000003426,-8.475667715179307
452.0600000000343,6.003159496817689
452.0640000000343,-1.9959057679189374
452.06800000003426,14.506515922294106
452.0720000000343,45.66996994707489
452.0760000000343,-9.019308506427212
452.08000000003426,-31.579368500753827
452.0840000000343,-8.565844799312824
452.0880000000343,-4.238580187133497
452.09200000003426,3.8894020479272085
452.0960000000343,-0.947179048629831
452.1000000000343,12.99413837284647
452.1040000000343,-24.308646695118696
452.1080000000343,7.924787132783141
452.1120000000343,8.509744677079658
452.1160000000343,8.697947238410421
452.1200000000343,11.887397290464907
452.1240000000343,-11.312342490845866
452.1280000000343,7.374980986322444
452.1320000000343,18.679854785691475
452.1360000000343,6.399350138921954
452.1400000000343,-1.3575352589652212
452.1440000000343,-26.468678011104178
452.1480000000343,13.960754839791477
452.1520000000343,35.635068926049236
452.1560000000343,-25.303285423127466
452.1600000000343,-7.24987416583052
452.1640000000343,11.75064834077212
452.1680000000343,-14.119554201811777
452.1720000000343,23.134576907277115
452.1760000000343,7.92896685302069
452.1800000000343,-25.267353062580902
452.1840000000343,-16.69633279300567
452.1880000000343,-30.643510633056856
452.1920000000343,-0.9953652406769391
452.1960000000343,-9.272549856305094
452.2000000000343,-2.248494138598392
452.20400000003434,-0.9210250311488528
452.2080000000343,-26.45108656323836
452.2120000000343,-8.107692186196031
452.21600000003434,0.5213888093659755
452.2200000000343,1.0013593836379941
452.2240000000343,-15.21124297557999
452.22800000003434,0.6079426627524809
452.2320000000343,13.933614812613438
452.2360000000343,11.258315247738851
452.24000000003434,1.156737703619617
452.2440000000343,-2.0708782993420756
452.2480000000343,12.645974655281861
452.25200000003434,-11.629755262913708
452.2560000000343,-1.689498963360786
452.2600000000343,-8.046833357369072
452.26400000003434,4.421136923832131
452.2680000000343,-23.502004662419544
452.2720000000343,-1.7699044606971888
452.27600000003434,15.555143824109003
452.2800000000343,-2.7579540861233918
452.2840000000343,-1.193711877378194
452.28800000003434,6.254497224789384
452.2920000000343,-7.4959841146751645
452.2960000000343,44.77431687246739
452.30000000003434,-0.3544326379363264
452.30400000003436,-11.748443259683977
452.3080000000343,1.1322599412094352
452.31200000003435,-22.66304383727609
452.31600000003436,4.97839891335651
452.3200000000343,-5.06046236655933
452.32400000003435,3.348873197984506
452.32800000003436,-12.90298394764744
452.3320000000343,-5.622213177973699
452.33600000003435,13.926595406333206
452.34000000003437,-10.661954089361213
452.3440000000343,-0.721917975767798
452.34800000003435,5.213036399725799
452.35200000003437,-12.232760079446376
452.3560000000343,1.450120527605251
452.36000000003435,-24.338198940069972
452.36400000003437,5.896201700027971
452.36800000003433,10.644192930974778
452.37200000003435,9.564199514489056
452.37600000003437,-4.6411107553924795
452.38000000003433,-11.835569068324624
452.38400000003435,-4.173430868718764
452.38800000003437,-30.94681307756381
452.39200000003433,-8.108553474527737
452.39600000003435,2.7610580422796134
452.40000000003437,-1.1160757364307103
452.4040000000344,-3.8048438430540577
452.40800000003435,-17.185511216142174
452.41200000003437,33.86589470372632
452.4160000000344,-8.41292845420825
452.42000000003435,-13.287819538673336
452.42400000003437,31.234019088839695
452.4280000000344,15.56489438774205
452.43200000003435,7.671192521438124
452.43600000003437,3.500686404704564
452.4400000000344,-15.758363585245602
452.44400000003435,16.650991605280357
452.44800000003437,21.615620122023135
452.4520000000344,6.832750716369205
452.45600000003435,0.5599495610614078
452.46000000003437,-2.745242084417705
452.4640000000344,-1.592406757415875
452.46800000003435,-9.501491321087844
452.47200000003437,3.541318817067657
452.4760000000344,0.3461483273280464
452.48000000003435,7.823396960066723
452.48400000003437,-27.49451609057872
452.4880000000344,-28.006712615917454
452.49200000003435,-9.136007100147182
452.49600000003437,-2.7960466877376717
452.5000000000344,24.25289297391805
452.5040000000344,-4.542885534324094
452.5080000000344,10.308126266835155
452.5120000000344,-23.87176562974944
452.5160000000344,22.308720766731785
452.5200000000344,-2.7329870506854412
452.5240000000344,4.449487879456213
452.5280000000344,1.1824907098068813
452.5320000000344,-26.194516208269008
452.5360000000344,-7.886427046592839
452.5400000000344,-3.4626070063995393
452.5440000000344,28.528940765155294
452.5480000000344,-1.1878023926567498
452.5520000000344,-3.502388597634728
452.5560000000344,15.83216829721611
452.5600000000344,-13.206128743943845
452.5640000000344,10.22063864537388
452.5680000000344,14.682794192858623
452.5720000000344,-17.36063974575903
452.5760000000344,4.930546612973416
452.5800000000344,-4.046204999238366
452.5840000000344,-14.986468888130089
452.5880000000344,3.3209169558600182
452.5920000000344,42.21351678558753
452.5960000000344,3.3143494848587975
452.6000000000344,12.775274055588724
452.60400000003443,-2.9843527849568776
452.6080000000344,7.86323815882494
452.6120000000344,25.897424446021788
452.61600000003443,-9.924323577730185
452.6200000000344,0.03587624639135123
452.6240000000344,0.12895640117153206
452.62800000003443,1.0052885423980789
452.6320000000344,14.928791011444861
452.6360000000344,11.69837062127078
452.64000000003443,19.489894581796825
452.6440000000344,-8.307719560616402
452.6480000000344,17.534450196454458
452.65200000003443,-6.310306983739596
452.6560000000344,7.394885849946799
452.6600000000344,-28.46288774785673
452.66400000003443,-1.5684373951622268
452.6680000000344,-19.67044444688169
452.6720000000344,-23.93150203902501
452.67600000003443,-6.592022492859135
452.6800000000344,-9.477369861006245
452.6840000000344,1.643411353959729
452.68800000003444,28.205249066953773
452.6920000000344,9.382857023399797
452.6960000000344,-32.659268439776106
452.70000000003444,0.7866879400295579
452.70400000003445,-20.274602199052477
452.7080000000344,-17.586021602309735
452.71200000003444,1.2845553635321119
452.71600000003446,-1.8557582884398383
452.7200000000344,8.715183712237481
452.72400000003444,-8.749161940341715
452.72800000003446,11.073293749960627
452.7320000000344,-11.136387486018362
452.73600000003444,-23.226560868868507
452.74000000003446,-3.328963828327937
452.7440000000344,15.672780442119231
452.74800000003444,-3.657113089732869
452.75200000003446,9.078244650814742
452.7560000000344,-12.099936919868423
452.76000000003444,7.840155476242136
452.76400000003446,-14.620178847247196
452.7680000000344,-5.606688615558671
452.77200000003444,-0.7813946126334679
452.77600000003446,-15.096909690423141
452.7800000000344,3.3602488786584455
452.78400000003444,-7.2569870853570855
452.78800000003446,17.901350219511613
452.7920000000344,-23.12457075344612
452.79600000003444,-13.562630254692992
452.80000000003446,25.999213820904696
452.8040000000345,-7.54387096583157
452.80800000003444,-1.5915783305503632
452.81200000003446,17.01899941968029
452.8160000000345,-25.70893173125373
452.82000000003444,-12.146307457107554
452.82400000003446,-27.387756807237498
452.8280000000345,10.498023491650269
452.83200000003444,18.01590210470556
452.83600000003446,-0.4881834763478401
452.8400000000345,30.656228323898485
452.84400000003444,-3.4479635909666366
452.84800000003446,2.4260495829077797
452.8520000000345,-2.333324707613389
452.85600000003444,12.786784346150377
452.86000000003446,8.909177840202762
452.8640000000345,-4.824394125267856
452.86800000003444,17.90299704628365
452.87200000003446,9.354503990552287
452.8760000000345,15.197119103634988
452.88000000003444,8.396721792146316
452.88400000003446,-12.549915291030889
452.8880000000345,-7.314601233833693
452.89200000003444,12.614793994643343
452.89600000003446,13.215196357420592
452.9000000000345,8.8924516582326
452.9040000000345,-7.778140203238497
452.90800000003446,-0.596153685218305
452.9120000000345,3.10570122526603
452.9160000000345,-17.846460742629077
452.92000000003446,-5.124299121815959
452.9240000000345,27.42690691117439
452.9280000000345,18.88337365477757
452.93200000003446,-35.39942067454027
452.9360000000345,2.379542174339603
452.9400000000345,-14.790813227408545
452.94400000003446,-10.429253522362853
452.9480000000345,1.9481008657885845
452.9520000000345,36.95864700857873
452.95600000003446,15.478101098079168
452.9600000000345,8.562886836710257
452.9640000000345,-10.265341822904421
452.96800000003446,26.535637255163877
452.9720000000345,-2.8987147652769405
452.9760000000345,-5.358177699892281
452.98000000003447,14.504434443777608
452.9840000000345,5.914021178031162
452.9880000000345,-5.983920512422868
452.99200000003447,29.84512233026026
452.9960000000345,-3.740149740302736
453.0000000000345,-33.85131491295908
453.0040000000345,10.39526800553801
453.0080000000345,27.945798105137747
453.0120000000345,-10.450095824816248
453.0160000000345,-27.871503165453205
453.0200000000345,13.154757493513529
453.0240000000345,-4.393362824278508
453.0280000000345,18.338218193892825
453.0320000000345,-13.56946805628143
453.0360000000345,-19.465033723998005
453.0400000000345,-0.003186629189018242
453.0440000000345,5.057157556801002
453.0480000000345,2.4612344749363206
453.0520000000345,-1.3031508701334231
453.0560000000345,2.756603404730513
453.0600000000345,-21.851548955009047
453.0640000000345,18.008139658104685
453.0680000000345,-15.08913767647919
453.0720000000345,-13.3886567592827
453.0760000000345,-1.6359190024205794
453.0800000000345,22.733070476837906
453.0840000000345,23.12323002156704
453.0880000000345,-29.06638471833495
453.0920000000345,9.621491000624228
453.0960000000345,-20.996809089333663
453.1000000000345,-16.298299345063445
453.10400000003455,21.870452500439715
453.1080000000345,19.083504112771397
453.1120000000345,-38.758390126016955
453.11600000003455,-9.53167113920389
453.1200000000345,9.349149689745072
453.1240000000345,20.6045012497272
453.12800000003455,-3.3809711346233797
453.1320000000345,14.786146403237602
453.1360000000345,-21.676925250706667
453.14000000003455,-18.782406267480173
453.1440000000345,-15.250545727443559
453.14800000003453,26.526737011734834
453.15200000003455,-11.794477790316137
453.1560000000345,43.19347643755191
453.16000000003453,0.9381981952005247
453.16400000003455,12.638633002995958
453.1680000000345,-1.0809642404203377
453.17200000003453,-19.45512008044242
453.17600000003455,-32.23021644062138
453.1800000000345,9.254485364716853
453.18400000003453,2.0474805912087746
453.18800000003455,-12.892261975734286
453.1920000000345,-1.4879632293196874
453.19600000003453,9.650888990006926
453.20000000003455,12.990725461052529
453.20400000003457,-3.2009550272767604
453.20800000003453,30.629583593057696
453.21200000003455,21.0340839325127
453.21600000003457,-10.424649551887724
453.22000000003453,10.084280399025978
453.22400000003455,11.379483948385692
453.22800000003457,-21.140609209433237
453.23200000003453,26.311668779494966
453.23600000003455,-12.889078789559175
453.24000000003457,6.551095775304332
453.24400000003453,-10.382128717432959
453.24800000003455,7.049516384027645
453.25200000003457,-49.468878801873835
453.25600000003453,20.802247810929728
453.26000000003455,5.511412065475767
453.26400000003457,-57.880637830835944
453.26800000003453,3.6641008904647623
453.27200000003455,14.780564384513951
453.27600000003457,-14.371225061316904
453.28000000003453,24.41318060852723
453.28400000003455,22.112023367044515
453.2880000000346,13.888399110415731
453.29200000003453,-9.472277785164238
453.29600000003455,-20.181281189605084
453.3000000000346,12.030926693091901
453.3040000000346,-1.6825341170484882
453.30800000003455,-0.06413065409046559
453.3120000000346,-24.557547690194347
453.3160000000346,3.286317734065862
453.32000000003455,15.740672593290029
453.3240000000346,18.7469230638938
453.3280000000346,-24.816194917305523
453.33200000003455,-3.309577823769915
453.3360000000346,6.826626432535974
453.3400000000346,22.13755656384234
453.34400000003455,-9.637679782153374
453.3480000000346,17.750452548799604
453.3520000000346,18.621626714750157
453.35600000003456,-4.726578584332553
453.3600000000346,-14.016641984068144
453.3640000000346,6.774897122093078
453.36800000003456,15.948298515657678
453.3720000000346,11.286241250186428
453.3760000000346,17.31327845780092
453.38000000003456,12.291143716274874
453.3840000000346,9.152468653700016
453.3880000000346,28.088939971939297
453.39200000003456,-0.8058992945302812
453.3960000000346,1.2832766123799526
453.4000000000346,5.19528969184579
453.4040000000346,13.601041046868719
453.4080000000346,-28.896776582650684
453.4120000000346,-6.132404137276506
453.4160000000346,-9.704811564682911
453.4200000000346,-9.86497868354703
453.4240000000346,-15.398832008397347
453.4280000000346,6.637168940907547
453.4320000000346,-5.277575842591526
453.4360000000346,-13.255294560100907
453.4400000000346,-7.294466354638905
453.4440000000346,5.5209132038892035
453.4480000000346,19.41069794432846
453.4520000000346,-14.513494906415563
453.4560000000346,-17.756048741168176
453.4600000000346,-20.179309363057847
453.4640000000346,-7.345036172574165
453.4680000000346,-18.998643303616372
453.4720000000346,18.879442103333712
453.4760000000346,-27.630476043142497
453.4800000000346,22.074521657244464
453.4840000000346,7.9869523437889605
453.4880000000346,-11.378832127226719
453.4920000000346,-1.185966172115615
453.4960000000346,0.7606862516940773
453.5000000000346,16.15389832355993
453.50400000003464,9.370130867582217
453.5080000000346,9.264765815658812
453.5120000000346,-7.542481604309236
453.51600000003464,-29.216078939410696
453.5200000000346,32.642469915589295
453.5240000000346,4.018499005529336
453.52800000003464,14.840401639163982
453.5320000000346,-4.445319786667415
453.5360000000346,9.727922062052134
453.54000000003464,-5.852547593075128
453.5440000000346,-12.11631931862545
453.5480000000346,-12.391550154215695
453.55200000003464,17.626377241601574
453.5560000000346,6.795044829696767
453.5600000000346,18.834433141709813
453.56400000003464,13.92764872951453
453.5680000000346,-11.358618804926685
453.5720000000346,15.979917581025994
453.57600000003464,16.072001391988863
453.5800000000346,-9.819153133070943
453.5840000000346,-12.671900933887608
453.58800000003464,30.060475968056352
453.5920000000346,-7.504365958680156
453.5960000000346,-16.292172702348093
453.60000000003464,8.193208002628857
453.60400000003466,-5.131893352009764
453.6080000000346,25.500271558185148
453.61200000003464,14.02467165564147
453.61600000003466,13.399269499758104
453.6200000000346,-4.799126369341373
453.62400000003464,7.953668662525763
453.62800000003466,6.682855063741725
453.6320000000346,-15.68313737871701
453.63600000003464,16.978609570375962
453.64000000003466,19.152653123013046
453.6440000000346,14.45416383550187
453.64800000003464,-10.439581413128009
453.65200000003466,14.578310736905973
453.6560000000346,-2.298547600069478
453.66000000003464,-13.280271306374088
453.66400000003466,9.346626773372376
453.6680000000346,14.525168723228987
453.67200000003464,11.467461521564983
453.67600000003466,9.33430223748308
453.6800000000346,-12.199067606860567
453.68400000003464,14.57083115949347
453.68800000003466,9.892431308820083
453.6920000000346,-6.295813172484982
453.69600000003464,-24.596631174946253
453.70000000003466,-6.010575100121988
453.7040000000347,-11.084470169255525
453.70800000003464,-27.622565853462667
453.71200000003466,6.890935432557982
453.7160000000347,6.548378425701217
453.72000000003464,-23.79125808313185
453.72400000003466,22.902044410123352
453.7280000000347,-17.05060331964516
453.73200000003465,0.7218251162771865
453.73600000003466,9.378194373629645
453.7400000000347,18.23992371213758
453.74400000003465,5.365388244295324
453.74800000003466,17.270173520046534
453.7520000000347,-15.837904051528458
453.75600000003465,29.786452110416732
453.76000000003467,-6.0371224792664115
453.7640000000347,-2.2382573987165397
453.76800000003465,-1.2670418885052896
453.77200000003467,-26.970393967534374
453.7760000000347,-10.646381104487844
453.78000000003465,-21.264805018049987
453.78400000003467,-4.014722392620477
453.7880000000347,26.29313089955828
453.79200000003465,28.84272484029853
453.79600000003467,10.640194617352465
453.8000000000347,33.00799655390837
453.8040000000347,-12.362640962762187
453.80800000003467,29.733959100989257
453.8120000000347,15.006511241530156
453.8160000000347,-12.236595930941533
453.82000000003467,-3.2253796694398122
453.8240000000347,-1.9440522701563032
453.8280000000347,-7.988814181597261
453.83200000003467,13.975876933877249
453.8360000000347,14.86401864510687
453.8400000000347,1.069657631476544
453.84400000003467,4.0309188054729015
453.8480000000347,-7.170909388218195
453.8520000000347,13.892140758529585
453.85600000003467,25.210645565362157
453.8600000000347,-31.644481969310753
453.8640000000347,4.913206802844396
453.86800000003467,-6.1484330529726865
453.8720000000347,12.283686076900947
453.8760000000347,36.13204945807141
453.88000000003467,21.12200790303002
453.8840000000347,4.820492141433689
453.8880000000347,-7.14031591258144
453.89200000003467,-21.746026842529616
453.8960000000347,1.2109111561685988
453.9000000000347,13.327537584222336
453.9040000000347,-14.73981538896233
453.9080000000347,9.230675846882733
453.9120000000347,9.629244835262018
453.9160000000347,7.726026597541154
453.9200000000347,-19.616496313616185
453.9240000000347,-5.608562161517016
453.92800000003473,11.70844174262588
453.9320000000347,-16.14314135744741
453.9360000000347,-20.43599449928555
453.94000000003473,6.796417654258001
453.9440000000347,28.098093859873252
453.9480000000347,27.275289565019865
453.95200000003473,27.055096989726728
453.9560000000347,-7.109109849897007
453.9600000000347,8.736009009642036
453.96400000003473,-14.706718209369075
453.9680000000347,-11.385117948265775
453.9720000000347,20.63408315279579
453.97600000003473,-13.345348002760668
453.9800000000347,21.894273773291413
453.9840000000347,16.039497170254595
453.98800000003473,31.410074677558164
453.9920000000347,3.086064856997034
453.9960000000347,-12.339319015615166
454.00000000003473,-1.7283948315475954
454.00400000003475,14.811361755664139
454.0080000000347,-25.0129735653291
454.01200000003473,8.210468294557357
454.01600000003475,-8.493068259979031
454.0200000000347,-25.73963591258001
454.02400000003473,1.218189674797907
454.02800000003475,35.27712923512607
454.0320000000347,-16.896452637303117
454.03600000003473,1.8347444606644925
454.04000000003475,17.448202781509345
454.0440000000347,34.84986821897505
454.04800000003473,23.25471881377055
454.05200000003475,3.782226228415154
454.0560000000347,-8.119355005538443
454.06000000003473,-41.5587771482476
454.06400000003475,-3.065386986379133
454.0680000000347,-0.08225561593980446
454.07200000003473,1.0526697301841215
454.07600000003475,-5.298826878874386
454.0800000000347,-30.818411947085373
454.08400000003473,-29.830401916978257
454.08800000003475,-12.128304384230644
454.0920000000347,-19.300294187592527
454.09600000003473,-6.267783875481514
454.10000000003475,-12.675210623563654
454.1040000000348,16.95655990126107
454.10800000003474,-16.95399815731829
454.11200000003475,-7.26279899299401
454.1160000000348,5.222384994840387
454.12000000003474,-17.63923085478709
454.12400000003475,-15.05384423031576
454.1280000000348,20.15434010653318
454.13200000003474,2.051201092418731
454.13600000003476,18.22980954349801
454.1400000000348,-2.7024417582071325
454.14400000003474,-9.068354651847063
454.14800000003476,-29.943189060486873
454.1520000000348,-8.14429651409598
454.15600000003474,32.2737598763717
454.16000000003476,-0.0908331912300897
454.1640000000348,16.06879580232665
454.16800000003474,1.7249500818877257
454.17200000003476,-19.982197351141096
454.1760000000348,18.748803699903945
454.18000000003474,1.707383335721723
454.18400000003476,-0.09563709405969745
454.1880000000348,15.27827299099258
454.19200000003474,-10.795679164323381
454.19600000003476,-3.5971038614123954
454.2000000000348,7.915177845717128
454.2040000000348,-7.923441045079055
454.20800000003476,-34.24795402760153
454.2120000000348,17.114387572543084
454.2160000000348,-23.01660167593358
454.22000000003476,-6.804243372196522
454.2240000000348,11.895378600009087
454.2280000000348,13.50789161341095
454.23200000003476,-44.24892270112672
454.2360000000348,-0.31211216898902405
454.2400000000348,6.526455597954066
454.24400000003476,1.3735910722151905
454.2480000000348,4.416010047713158
454.2520000000348,28.083701841174374
454.25600000003476,-8.32650877388508
454.2600000000348,-20.91108270238138
454.2640000000348,-19.735591447617985
454.26800000003476,20.68857062638999
454.2720000000348,-0.8782606789807326
454.2760000000348,4.6894561477196826
454.28000000003476,-29.314557321245157
454.2840000000348,-1.7405099843853442
454.2880000000348,-38.55677547937261
454.29200000003476,12.269885686547472
454.2960000000348,3.250153516649184
454.3000000000348,-21.306866878016578
454.3040000000348,-4.5614345029249055
454.3080000000348,2.1241410631409794
454.3120000000348,-12.170101746568681
454.3160000000348,-2.6700105919099966
454.3200000000348,-3.3133795312361576
454.3240000000348,14.007459003449066
454.3280000000348,16.17072878518923
454.3320000000348,17.83937608097512
454.3360000000348,1.1622865591682157
454.3400000000348,-7.975703801652173
454.3440000000348,-0.3490961033616875
454.3480000000348,-24.914561557521388
454.3520000000348,-1.339662421315544
454.3560000000348,-2.982740557462464
454.3600000000348,-11.899077399399342
454.3640000000348,-2.479103406769286
454.3680000000348,-31.998066148414452
454.3720000000348,-14.311949460084094
454.3760000000348,17.231730246902583
454.3800000000348,4.243772688198247
454.3840000000348,-38.830364395981924
454.3880000000348,-21.838391640874065
454.3920000000348,15.597281422147724
454.3960000000348,19.26427440771983
454.4000000000348,0.5603233387338102
454.40400000003484,6.412187862034067
454.4080000000348,-42.605053705989846
454.4120000000348,9.087453173049198
454.41600000003484,-17.02328998241751
454.4200000000348,6.695564333152316
454.4240000000348,-4.239298600484597
454.42800000003484,-3.9529798004288335
454.4320000000348,-12.483164871609924
454.4360000000348,-7.746591032482156
454.44000000003484,-3.1542175628759264
454.4440000000348,-10.872356201235771
454.4480000000348,-4.8447101092673535
454.45200000003484,8.052813936493806
454.4560000000348,-11.81504082498262
454.4600000000348,-36.10516717617154
454.46400000003484,-16.685256008815955
454.4680000000348,-2.316425644726687
454.4720000000348,-12.38199991756076
454.47600000003484,7.3925102233694195
454.4800000000348,10.312137764211066
454.4840000000348,7.614729697517135
454.48800000003484,14.693002696868573
454.4920000000348,-17.177190069985638
454.4960000000348,9.372137880269516
454.50000000003485,-7.222000284381972
454.50400000003486,-9.276801226472159
454.5080000000348,7.45484314290493
454.51200000003485,-11.763374633292138
454.51600000003486,5.604803698977693
454.5200000000348,16.842323307740312
454.52400000003485,-22.576427661599894
454.52800000003487,1.5182383790277294
454.5320000000348,-21.729630676331613
454.53600000003485,-6.940922994242282
454.54000000003487,22.36982805568109
454.5440000000348,-1.5719525457175239
454.54800000003485,12.538625708129096
454.55200000003487,18.33045209009697
454.5560000000348,-15.898900352129564
454.56000000003485,7.861064704411779
454.56400000003487,13.072884377523383
454.56800000003483,-23.87874672206988
454.57200000003485,-3.574361106263593
454.57600000003487,-16.37069729554939
454.58000000003483,-5.246501168540475
454.58400000003485,3.098182417266485
454.58800000003487,4.945198161717222
454.59200000003483,-11.99960398494492
454.59600000003485,-2.156936179925312
454.60000000003487,20.02454347602131
454.6040000000349,-27.70088573565794
454.60800000003485,13.16289733294001
454.61200000003487,-9.702361118499596
454.6160000000349,15.123314815902203
454.62000000003485,8.867052480280401
454.62400000003487,3.425695386223613
454.6280000000349,-16.30851647317425
454.63200000003485,-20.73417768508423
454.63600000003487,16.309349255229233
454.6400000000349,30.71507296136488
454.64400000003485,-3.4089443444044973
454.64800000003487,-18.116665933563347
454.6520000000349,2.5158367135102973
454.65600000003485,-43.2632547126831
454.66000000003487,-12.45777134328205
454.6640000000349,-29.092480695674958
454.66800000003485,9.618085678685254
454.67200000003487,-5.3576717871817605
454.6760000000349,-2.049665871252163
454.68000000003485,-9.97577685890414
454.68400000003487,23.876395451210715
454.6880000000349,-1.247625825040882
454.69200000003485,-3.107553729199945
454.69600000003487,10.921008743761123
454.7000000000349,12.298242103500417
454.7040000000349,-13.885605434633927
454.7080000000349,9.4023164499044
454.7120000000349,-7.766309725788193
454.7160000000349,-10.903913564351212
454.7200000000349,3.1911644443072955
454.7240000000349,-2.9293559349564164
454.7280000000349,16.75334014106628
454.7320000000349,9.158300697929196
454.7360000000349,-3.399437891238471
454.7400000000349,14.574492687213707
454.7440000000349,10.283632154401296
454.7480000000349,4.41687641139886
454.7520000000349,14.527298498064273
454.7560000000349,-6.441397057398412
454.7600000000349,-13.030445149889811
454.7640000000349,10.263788534558428
454.7680000000349,-10.541731530237822
454.7720000000349,24.734323557284
454.7760000000349,17.341354387438372
454.7800000000349,2.0526029309580167
454.7840000000349,-8.233968878385214
454.7880000000349,13.392382573510357
454.7920000000349,5.9226229710752
454.7960000000349,1.4542306966876575
454.8000000000349,-1.656806040407076
454.80400000003493,19.351290525717644
454.8080000000349,-3.4379994616757754
454.8120000000349,9.634506073861557
454.81600000003493,19.190869214328135
454.8200000000349,-20.621145373577104
454.8240000000349,-5.376277670826935
454.82800000003493,-14.377110249141577
454.8320000000349,-5.768581946685639
454.8360000000349,1.2514991919288248
454.84000000003493,-15.355774060120943
454.8440000000349,0.2190464686591378
454.8480000000349,9.762674810535913
454.85200000003493,8.17082193654818
454.8560000000349,9.592706952740592
454.8600000000349,26.058725080671223
454.86400000003493,-10.378197120975518
454.8680000000349,-18.771489284325664
454.8720000000349,14.875318437221232
454.87600000003494,27.482726571462358
454.8800000000349,9.288599242251982
454.8840000000349,-21.539026948663
454.88800000003494,4.863437232611016
454.8920000000349,15.598732149588134
454.8960000000349,17.45612029095325
454.90000000003494,15.821602165609846
454.90400000003496,-17.987940155939004
454.9080000000349,2.1177542910917815
454.91200000003494,-19.147929689932663
454.91600000003496,14.300270687708206
454.9200000000349,5.5373656355775775
454.92400000003494,36.65750410924573
454.92800000003496,7.7852282739297
454.9320000000349,-4.592116338753573
454.93600000003494,-18.02164692541662
454.94000000003496,12.641717524500326
454.9440000000349,3.902822101621834
454.94800000003494,5.2118539357536315
454.95200000003496,9.95286482349368
454.9560000000349,-9.391164545392236
454.96000000003494,16.180890738295098
454.96400000003496,35.008845417333625
454.9680000000349,-17.85689642380744
454.97200000003494,-29.296988711538738
454.97600000003496,9.258884794616272
454.9800000000349,-10.316641187426775
454.98400000003494,-21.076740158522778
454.98800000003496,-34.690591122166225
454.9920000000349,24.292739841876568
454.99600000003494,16.359006117337326
455.00000000003496,21.038384166229623
455.004000000035,3.720206092316343
455.00800000003494,-17.59659038734973
455.01200000003496,13.364678947116923
455.016000000035,1.0420934333144256
455.02000000003494,49.90128931901324
455.02400000003496,14.228260523924146
455.028000000035,2.750646264088025
455.03200000003494,17.833246569501362
455.03600000003496,11.604734897001123
455.040000000035,8.858009685142328
455.04400000003494,11.361669241646606
455.04800000003496,-10.217120051240126
455.052000000035,-5.04497162402321
455.05600000003494,-20.051955349288832
455.06000000003496,-1.0756252269158195
455.064000000035,-6.327804780374649
455.06800000003494,30.393418948603838
455.07200000003496,-23.02249183101912
455.076000000035,1.6490548866104646
455.08000000003494,-4.427366419733287
455.08400000003496,3.2000389045765707
455.088000000035,4.937267215686019
455.09200000003494,-32.25472104551164
455.09600000003496,-12.739037809947389
455.100000000035,-2.903050743506263
455.104000000035,8.219224158202731
455.10800000003496,6.231035549816992
455.112000000035,13.694721552296077
455.116000000035,-39.24856452721881
455.12000000003496,12.022693239405392
455.124000000035,-17.201276111186786
455.128000000035,-9.404355676521561
455.13200000003496,-26.974883291450997
455.136000000035,25.017800089328087
455.140000000035,2.2845036884093393
455.14400000003496,9.651306550150482
455.148000000035,5.429219863126243
455.152000000035,0.10196281054874667
455.15600000003496,-7.347496122983572
455.160000000035,-5.7375862352314035
455.164000000035,-27.80243751680154
455.16800000003497,0.33922759472817443
455.172000000035,5.682120002569806
455.176000000035,15.749123537022124
455.18000000003497,-2.5463916757933687
455.184000000035,0.3768531437312679
455.188000000035,1.229651691065916
455.19200000003497,17.099868407986644
455.196000000035,3.8912626171187594
455.200000000035,-23.639605412489708
455.204000000035,7.072414793960073
455.208000000035,12.893035377803558
455.212000000035,9.270805292861434
455.216000000035,8.273059068921413
455.220000000035,-15.785558178793146
455.224000000035,2.56755651174212
455.228000000035,2.0063400789261125
455.232000000035,12.048091631733106
455.236000000035,-2.337026896370668
455.240000000035,-9.732611877973486
455.244000000035,-3.237539692419518
455.248000000035,24.667317903935867
455.252000000035,16.779536190963594
455.256000000035,-12.46904665285611
455.260000000035,-21.78447516706431
455.264000000035,6.495319767516181
455.268000000035,12.697907092197035
455.272000000035,19.22930095002298
455.276000000035,-0.698326294006975
455.280000000035,-1.1458510381301328
455.284000000035,-18.101788080702047
455.288000000035,-5.287715301291277
455.292000000035,30.76565465577749
455.296000000035,4.3915926405399865
455.300000000035,-9.92056068244095
455.30400000003505,-5.357250205052669
455.308000000035,-7.129593729425521
455.312000000035,-25.75471487795016
455.31600000003505,-4.750055344784308
455.320000000035,3.2716040734059626
455.324000000035,7.7836677557729255
455.32800000003505,-6.073977051842289
455.332000000035,-5.1479223776541945
455.336000000035,13.574745492320028
455.34000000003505,-14.16493440217863
455.344000000035,44.22844215916958
455.34800000003503,19.211129191515006
455.35200000003505,16.49805977634044
455.356000000035,9.823236393749
455.36000000003503,17.1697538624873
455.36400000003505,4.18026201592221
455.368000000035,23.940650242676888
455.37200000003503,-26.19253059340721
455.37600000003505,-4.806929057472586
455.380000000035,-21.1313192563698
455.38400000003503,5.990814609640426
455.38800000003505,12.207293131446873
455.392000000035,-8.734132824872924
455.39600000003503,14.542421452931032
455.40000000003505,-1.2861141544540113
455.40400000003507,4.241064435165442
455.40800000003503,-16.037426498313327
455.41200000003505,-11.009782986218159
455.41600000003507,0.8138846113392804
455.42000000003503,-0.2916013674555076
455.42400000003505,20.530834711330684
455.42800000003507,3.306549219466982
455.43200000003503,30.349452391041797
455.43600000003505,27.84325550762056
455.44000000003507,6.625476291815476
455.44400000003503,-21.879963499449133
455.44800000003505,8.49075498058493
455.45200000003507,-7.250273443551257
455.45600000003503,9.080645978506269
455.46000000003505,20.67915368031194
455.46400000003507,-4.551094742473334
455.46800000003503,26.593652006925026
455.47200000003505,5.836377610162371
455.47600000003507,10.231157077777905
455.48000000003503,29.656255147924334
455.48400000003505,-15.171852099804969
455.4880000000351,3.855069619119643
455.49200000003503,-24.34452746571496
455.49600000003505,1.9731533345866952
455.5000000000351,16.578516956977122
455.5040000000351,-4.764310336600183
455.50800000003505,12.729825597677719
455.5120000000351,-16.77878201453638
455.5160000000351,-13.120354935804912
455.52000000003505,-1.663455158278519
455.5240000000351,-14.181516982987409
455.5280000000351,-5.781570795496644
455.53200000003505,-6.4135888859388706
455.5360000000351,17.03629986094045
455.5400000000351,7.900632037351016
455.54400000003506,-13.953395498897173
455.5480000000351,-15.57014858726721
455.5520000000351,26.75289868737925
455.55600000003506,26.79869743901355
455.5600000000351,18.722904094515275
455.5640000000351,-7.172650154663982
455.56800000003506,-12.921581381774056
455.5720000000351,-28.897056253248238
455.5760000000351,-9.209297117639894
455.58000000003506,-26.737410617696643
455.5840000000351,-25.04317518959377
455.5880000000351,-6.880439309347336
455.59200000003506,-7.137151217430938
455.5960000000351,-43.638929722704624
455.6000000000351,3.167163269942822
455.6040000000351,20.152174227309917
455.6080000000351,27.402461012688498
455.6120000000351,-13.438724046314555
455.6160000000351,7.9628868782989235
455.6200000000351,10.533068030581443
455.6240000000351,-21.214774010610327
455.6280000000351,14.983703438767945
455.6320000000351,-11.814689068017245
455.6360000000351,0.5785113084170126
455.6400000000351,-2.908496433836042
455.6440000000351,32.91294699127729
455.6480000000351,27.14821310051528
455.6520000000351,10.695134732567135
455.6560000000351,-3.131167384719227
455.6600000000351,8.221760720840656
455.6640000000351,12.523842713617722
455.6680000000351,-1.0618064411273291
455.6720000000351,0.6242931529360272
455.6760000000351,15.486686816163797
455.6800000000351,-13.52525891859054
455.6840000000351,-3.3101846787068268
455.6880000000351,-12.804866795877304
455.6920000000351,11.57874320680283
455.6960000000351,-0.4413161257696925
455.7000000000351,-32.821524853315296
455.70400000003514,-7.6174894013114205
455.7080000000351,-6.409980705347138
455.7120000000351,21.189583206995493
455.71600000003514,16.668330545735422
455.7200000000351,-8.775950920341781
455.7240000000351,-8.465935202207623
455.72800000003514,-27.493518210355894
455.7320000000351,21.946713943897414
455.7360000000351,-3.7918279672246173
455.74000000003514,-6.730749084892247
455.7440000000351,11.200875044267988
455.7480000000351,31.967968157726737
455.75200000003514,16.175836303508213
455.7560000000351,10.369588720226524
455.7600000000351,2.2016521397298425
455.76400000003514,-16.88263864993526
455.7680000000351,13.068313591918523
455.7720000000351,-1.8029351140885919
455.77600000003514,-22.36725029496649
455.7800000000351,-5.801564097252538
455.7840000000351,-7.861842356008508
455.78800000003514,-15.031293734090678
455.7920000000351,-17.373676861565393
455.7960000000351,11.04763460007517
455.80000000003514,33.272959563053504
455.80400000003516,38.98550476587533
455.8080000000351,-1.9502233670584124
455.81200000003514,-0.7529604265374767
455.81600000003516,11.533071448526776
455.8200000000351,7.5027910128336766
455.82400000003514,-16.5351972725877
455.82800000003516,37.120297888886356
455.8320000000351,-51.69476618725787
455.83600000003514,-14.276459475338317
455.84000000003516,-14.387099373367933
455.8440000000351,-13.752740297673824
455.84800000003514,8.588635906447637
455.85200000003516,-45.09822343769164
455.8560000000351,3.6000564836027804
455.86000000003514,-23.093407344325353
455.86400000003516,-22.75947110854594
455.8680000000351,9.1292511999651
455.87200000003514,-22.94660255963303
455.87600000003516,-11.744483469757025
455.8800000000351,12.120229865582282
455.88400000003514,25.51292360241687
455.88800000003516,51.824937524184634
455.8920000000351,13.17468692133899
455.89600000003514,19.193322434524227
455.90000000003516,17.429261672468435
455.9040000000352,20.241210242605572
455.90800000003514,16.68784305025536
455.91200000003516,0.6575327993015041
455.9160000000352,7.225818263327556
455.92000000003515,-13.132946624336956
455.92400000003516,-25.321872624595134
455.9280000000352,-3.2461869429077854
455.93200000003515,21.38267108468523
455.93600000003516,-28.66704781924072
455.9400000000352,-1.1138187606527588
455.94400000003515,-7.396751845261738
455.94800000003517,-5.48324002067093
455.9520000000352,-16.796297950718937
455.95600000003515,-24.550042617683232
455.96000000003517,1.7980305318702894
455.9640000000352,-3.458967731883357
455.96800000003515,12.934796000432605
455.97200000003517,-16.730007955420632
455.9760000000352,6.858396486757664
455.98000000003515,40.916082230452126
455.98400000003517,-15.729015864799205
455.9880000000352,10.307965836891427
455.99200000003515,-6.2527543983587375
455.99600000003517,-17.702664719444606
456.0000000000352,-15.502642503911932
456.0040000000352,10.797565326097594
456.00800000003517,8.274860299011564
456.0120000000352,-6.943012224050837
456.0160000000352,-27.750185046391085
456.02000000003517,-15.432223337286514
456.0240000000352,14.741170792849935
456.0280000000352,14.367035831639587
456.03200000003517,3.7083372338283067
456.0360000000352,20.96950639361879
456.0400000000352,10.493377374083575
456.04400000003517,-2.2079830050621676
456.0480000000352,-16.61870163370851
456.0520000000352,-5.283052995579119
456.05600000003517,-8.549715038218157
456.0600000000352,-10.586331906189907
456.0640000000352,10.894350841273114
456.06800000003517,1.5707203817270816
456.0720000000352,8.925190696378495
456.0760000000352,-10.515344791389559
456.08000000003517,24.349400785793886
456.0840000000352,13.817683789947031
456.0880000000352,16.683544295269314
456.09200000003517,-43.80151315590108
456.0960000000352,22.615538498871345
456.1000000000352,0.16924459864426478
456.1040000000352,2.741466447454106
456.1080000000352,-24.433111332584865
456.1120000000352,15.14550068379364
456.1160000000352,4.793955111183101
456.1200000000352,-10.21866453986435
456.1240000000352,-42.16550114259523
456.12800000003523,-5.016006233933908
456.1320000000352,-4.107392348619366
456.1360000000352,-23.716514417172164
456.14000000003523,-0.7575078354626732
456.1440000000352,-0.3899188522055096
456.1480000000352,12.884207723643767
456.15200000003523,16.873615692938703
456.1560000000352,17.805477402078594
456.1600000000352,-0.9825338535827723
456.16400000003523,-3.690446689318867
456.1680000000352,12.674357592805416
456.1720000000352,3.705091255965881
456.17600000003523,3.22107912186339
456.1800000000352,25.26379666517256
456.1840000000352,24.737134307851854
456.18800000003523,14.2039922098668
456.1920000000352,17.90242335868075
456.1960000000352,-2.5815601341030807
456.20000000003523,15.624457381717114
456.20400000003525,-6.920242714425032
456.2080000000352,-5.5139560472888345
456.21200000003523,-17.6270980638458
456.21600000003525,-11.776976536793475
456.2200000000352,21.04446840745285
456.22400000003523,5.774560571294455
456.22800000003525,-10.248688422849407
456.2320000000352,33.810087959511215
456.23600000003523,-12.224246383796876
456.24000000003525,17.717353955548568
456.2440000000352,-3.551368896471792
456.24800000003523,0.7271518020732914
456.25200000003525,-13.780492893154138
456.2560000000352,-18.013797943722164
456.26000000003523,-24.505957029232388
456.26400000003525,27.978024646684233
456.2680000000352,12.297554902872234
456.27200000003523,27.40791170195334
456.27600000003525,14.904817900008718
456.2800000000352,7.238013609634956
456.28400000003523,17.965521509750342
456.28800000003525,0.5714440005647824
456.2920000000352,-11.299321379471865
456.29600000003524,1.7457010685914582
456.30000000003525,-30.920684492633622
456.3040000000353,-20.957084835149033
456.30800000003524,10.153599495137785
456.31200000003525,12.619621135531983
456.3160000000353,12.951161219680706
456.32000000003524,20.424570227993634
456.32400000003526,4.952173727224835
456.3280000000353,12.303224521983038
456.33200000003524,0.29657051122397604
456.33600000003526,34.7421591740962
456.3400000000353,-3.238085683119704
456.34400000003524,15.397431219690397
456.34800000003526,-8.587858596997567
456.3520000000353,13.890323174655162
456.35600000003524,-15.395232336807371
456.36000000003526,-18.579495545403823
456.3640000000353,-3.8406176403128836
456.36800000003524,-2.407987970096776
456.37200000003526,35.32040906952689
456.3760000000353,10.690409708022298
456.38000000003524,-3.1376778433350085
456.38400000003526,13.72459225525439
456.3880000000353,-10.290652586081471
456.39200000003524,29.628740200366494
456.39600000003526,15.00530460455344
456.4000000000353,-10.3873817129119
456.4040000000353,-20.022917178015984
456.40800000003526,-10.554718782334035
456.4120000000353,11.88066389989997
456.4160000000353,6.302934109326435
456.42000000003526,4.491174147209929
456.4240000000353,-11.60949933369334
456.4280000000353,-26.506374226400123
456.43200000003526,-6.613021867216148
456.4360000000353,8.696937895629304
456.4400000000353,7.562538289195055
456.44400000003526,17.77954205953982
456.4480000000353,31.85881317841883
456.4520000000353,-18.245753113500463
456.45600000003526,-16.3097060205007
456.4600000000353,9.198901491061681
456.4640000000353,-10.442598654573816
456.46800000003526,-12.471059226845945
456.4720000000353,-12.16933611456153
456.4760000000353,-7.5373863388148585
456.48000000003526,13.93724138070899
456.4840000000353,-15.799801566264573
456.4880000000353,1.6654683333876368
456.49200000003526,-47.00638339375963
456.4960000000353,10.293268075758077
456.5000000000353,4.091989187739893
456.5040000000353,-13.267863579492182
456.5080000000353,-8.168658496135922
456.5120000000353,10.701865379114443
456.5160000000353,7.249956754080102
456.5200000000353,-7.662125073307446
456.5240000000353,-14.826446028536525
456.5280000000353,-16.122072436424695
456.5320000000353,-13.194657983586538
456.5360000000353,37.76701867860255
456.5400000000353,5.850783464276558
456.5440000000353,4.041120233252201
456.5480000000353,-15.672284078370467
456.5520000000353,0.42272712965710013
456.5560000000353,31.119674982893425
456.5600000000353,-4.9414132549332646
456.5640000000353,-19.593630254762648
456.5680000000353,-1.0690850069830609
456.5720000000353,-8.134273004447945
456.5760000000353,-21.719297307369064
456.5800000000353,-12.499356576541132
456.5840000000353,-34.399183212505505
456.5880000000353,-10.62292399475011
456.5920000000353,-4.993121375216386
456.5960000000353,1.905351495784646
456.6000000000353,6.991317131291101
456.60400000003534,-20.864221945543918
456.6080000000353,-11.839499844927854
456.6120000000353,15.865590645568673
456.61600000003534,-6.302469676365817
456.6200000000353,-10.490036515847926
456.6240000000353,0.4243946056003536
456.62800000003534,14.450880766824135
456.6320000000353,23.50573609304506
456.6360000000353,4.890406643325916
456.64000000003534,-0.3897612799445169
456.6440000000353,30.714391588195962
456.6480000000353,21.69354324764872
456.65200000003534,17.21880402980736
456.6560000000353,-16.769937057550347
456.6600000000353,31.513861084493215
456.66400000003534,-22.129069727875102
456.6680000000353,-6.436077676636112
456.6720000000353,36.34801006618346
456.67600000003534,-15.884412217513985
456.6800000000353,-19.00037160894989
456.6840000000353,0.6117909111716291
456.68800000003534,20.691515151512938
456.6920000000353,-26.647887871253122
456.6960000000353,-21.440494355539766
456.70000000003535,14.450766139894448
456.70400000003536,-17.62193965972123
456.7080000000353,4.502483861317812
456.71200000003535,-5.35977731145392
456.71600000003536,-12.374716571142605
456.7200000000353,-17.25835594826777
456.72400000003535,4.9740555369195985
456.72800000003537,16.89029547139385
456.7320000000353,7.443485790105751
456.73600000003535,-9.613664134750993
456.74000000003537,7.394781883642475
456.7440000000353,17.319139292958198
456.74800000003535,16.99934608207955
456.75200000003537,-23.566038108621353
456.7560000000353,-15.739474733048821
456.76000000003535,-13.708260888838007
456.76400000003537,-5.414049228823432
456.76800000003533,-20.375219155399954
456.77200000003535,14.095145980606977
456.77600000003537,13.071643590090224
456.78000000003533,11.243916617805391
456.78400000003535,-15.885885934845195
456.78800000003537,-0.74638964068771
456.79200000003533,-17.507655531665957
456.79600000003535,-24.205335388949965
456.80000000003537,-6.772996263975962
456.8040000000354,11.950351498264773
456.80800000003535,7.4338508309397655
456.81200000003537,-5.568706035233366
456.8160000000354,-0.8206567708037968
456.82000000003535,-39.42206383193116
456.82400000003537,-23.434093302342482
456.8280000000354,6.692177721917821
456.83200000003535,13.478366220344151
456.83600000003537,-4.279168144432117
456.8400000000354,-14.79761683098408
456.84400000003535,0.3607834594299193
456.84800000003537,29.77089726334982
456.8520000000354,-18.869091988115287
456.85600000003535,-2.51684233678636
456.86000000003537,-21.033413156193923
456.8640000000354,20.70773476979666
456.86800000003535,19.21007823627677
456.87200000003537,-2.7706431521163597
456.8760000000354,30.632832447054305
456.88000000003535,-14.297315053328827
456.88400000003537,-1.6357965896370201
456.8880000000354,17.629944653403644
456.89200000003535,-1.961396428322062
456.8960000000354,-14.610748341574478
456.9000000000354,5.65077563647194
456.9040000000354,-23.478841869955044
456.9080000000354,23.612484818888827
456.9120000000354,-20.994435667065265
456.9160000000354,-2.3973204793333736
456.9200000000354,5.188186135588045
456.9240000000354,-6.303264420493283
456.9280000000354,30.640168352265835
456.9320000000354,-1.1879289525602246
456.9360000000354,-12.068689056852897
456.9400000000354,19.50323264532331
456.9440000000354,-1.5973208870401103
456.9480000000354,8.313173198673269
456.9520000000354,9.736158358396805
456.9560000000354,3.903032196055273
456.9600000000354,19.26379550160881
456.9640000000354,16.011091119266226
456.9680000000354,17.47548697781769
456.9720000000354,18.635393330862126
456.9760000000354,-29.308826488527576
456.9800000000354,20.68236505199375
456.9840000000354,20.258904682726378
456.9880000000354,9.506229394093232
456.9920000000354,3.446306488318545
456.9960000000354,-12.915091592940803
457.0000000000354,-7.155798481776625
457.00400000003543,2.702807014664016
457.0080000000354,1.1924443797035402
457.0120000000354,0.8251163743318073
457.01600000003543,4.518546593132948
457.0200000000354,-23.46429847311045
457.0240000000354,11.53309622347499
457.02800000003543,-21.74737196828695
457.0320000000354,-21.6037197604545
457.0360000000354,-10.73287496966698
457.04000000003543,-13.182086990390362
457.0440000000354,24.121197933206624
457.0480000000354,16.362781874602177
457.05200000003543,-7.369148143133797
457.0560000000354,-20.4513981373215
457.0600000000354,5.583336772635801
457.06400000003543,4.80358513477843
457.0680000000354,2.5194329557534605
457.0720000000354,-22.810575346395066
457.07600000003544,8.124824780223241
457.0800000000354,-4.53064532219398
457.0840000000354,15.202271865791467
457.08800000003544,-1.207549917807714
457.0920000000354,29.464912251390334
457.0960000000354,-20.734343447638718
457.10000000003544,-9.984595193045694
457.10400000003546,-2.787289243276
457.1080000000354,2.869890973155733
457.11200000003544,-3.1536658598231435
457.11600000003546,6.2226268018929085
457.1200000000354,18.308350813349946
457.12400000003544,1.8042175022879143
457.12800000003546,29.841608719754348
457.1320000000354,-29.461053952309896
457.13600000003544,19.957809397266836
457.14000000003546,-0.02634055198877827
457.1440000000354,18.279314399672433
457.14800000003544,3.1757675833500336
457.15200000003546,-9.03613573491703
457.1560000000354,4.0176677968295635
457.16000000003544,10.593799696130299
457.16400000003546,-0.8733228715373662
457.1680000000354,-10.447414490623379
457.17200000003544,-0.8477688307305674
457.17600000003546,-16.223541182879607
457.1800000000354,-11.943343844712151
457.18400000003544,16.90323603643172
457.18800000003546,-25.615052884208254
457.1920000000354,-1.3179350777768448
457.19600000003544,8.555375708303279
457.20000000003546,-1.4840070678818655
457.2040000000355,7.4512592047362505
457.20800000003544,-10.732295404803198
457.21200000003546,-10.34233897840741
457.2160000000355,-5.241270543537186
457.22000000003544,3.2338382155885563
457.22400000003546,9.198510294247342
457.2280000000355,18.14280094286741
457.23200000003544,6.818635759499022
457.23600000003546,14.60564832123767
457.2400000000355,-23.967433446340532
457.24400000003544,25.080546835627086
457.24800000003546,-8.934134471881709
457.2520000000355,-1.7316680151258748
457.25600000003544,2.2881404962427547
457.26000000003546,0.31349384362040955
457.2640000000355,-24.31839567049447
457.26800000003544,11.822649614376434
457.27200000003546,0.4788790569916177
457.2760000000355,-11.092935877920024
457.28000000003544,-3.4091304723704035
457.28400000003546,-20.570677448562023
457.2880000000355,-16.44067449087616
457.29200000003544,23.542289278917657
457.29600000003546,-14.519280146634719
457.3000000000355,-3.8216083255711863
457.3040000000355,7.0848539101932015
457.30800000003546,25.067189675099215
457.3120000000355,6.638506039603623
457.3160000000355,-7.897808144883372
457.32000000003546,-12.927118049548644
457.3240000000355,17.526955299961642
457.3280000000355,7.878155997050634
457.33200000003546,-13.364084016389228
457.3360000000355,-8.070318059565292
457.3400000000355,-18.339857011240596
457.34400000003546,5.485116966746226
457.3480000000355,-15.458209457544342
457.3520000000355,-24.392776831644547
457.35600000003546,-46.28117125279202
457.3600000000355,1.8192462384696872
457.3640000000355,29.176754867473157
457.36800000003547,13.84872747204237
457.3720000000355,3.1995313238989747
457.3760000000355,-7.660054978927807
457.38000000003547,5.1357942553972356
457.3840000000355,-11.675581065415942
457.3880000000355,-25.46233281935227
457.39200000003547,-9.55683540792057
457.3960000000355,-4.787446956522142
457.4000000000355,17.020449517632947
457.4040000000355,-35.08878187358693
457.4080000000355,-51.44523497018358
457.4120000000355,-15.667239634233104
457.4160000000355,1.1294951784433431
457.4200000000355,32.740239733833036
457.4240000000355,-1.3736139137155856
457.4280000000355,17.75206364645465
457.4320000000355,-0.20804589326656409
457.4360000000355,12.069844251875463
457.4400000000355,9.499812607962145
457.4440000000355,4.756938266001444
457.4480000000355,14.155736589619655
457.4520000000355,5.371908677763564
457.4560000000355,-30.182133964343855
457.4600000000355,7.794027169207659
457.4640000000355,-6.510159512666556
457.4680000000355,-37.58294213825761
457.4720000000355,20.386235280734155
457.4760000000355,-3.5335995675185274
457.4800000000355,-6.468604672474893
457.4840000000355,-3.5107586294624653
457.4880000000355,-2.1940618133622873
457.4920000000355,-15.800304413986984
457.4960000000355,-0.9557734220422242
457.5000000000355,-44.93568328051494
457.50400000003555,-15.871913034398476
457.5080000000355,4.525152303115002
457.5120000000355,7.065411763486293
457.51600000003555,1.877975460054405
457.5200000000355,-14.500569406519277
457.5240000000355,-16.961576212344983
457.52800000003555,-4.225785000838176
457.5320000000355,6.5109240512048245
457.53600000003553,22.35202253110691
457.54000000003555,7.204591313239909
457.5440000000355,10.383554415602605
457.54800000003553,-23.486486528595748
457.55200000003555,13.096077973986622
457.5560000000355,-24.547127984631423
457.56000000003553,5.955645614696025
457.56400000003555,2.217502083364784
457.5680000000355,-5.824666711245242
457.57200000003553,-13.182430759438356
457.57600000003555,-9.476699143157587
457.5800000000355,-1.7188757774707022
457.58400000003553,11.216458700060778
457.58800000003555,11.453358195680439
457.5920000000355,2.707815392988314
457.59600000003553,-11.054459115879109
457.60000000003555,30.810635363849205
457.60400000003557,35.96400565778209
457.60800000003553,-15.766491480114079
457.61200000003555,6.9110000769903195
457.61600000003557,3.017403304287404
457.62000000003553,-0.3046158734524557
457.62400000003555,15.408623877376643
457.62800000003557,5.611834712726187
457.63200000003553,-11.854020498466117
457.63600000003555,-48.24578157445758
457.64000000003557,-16.173303920697478
457.64400000003553,17.95272010941535
457.64800000003555,-9.294976500185452
457.65200000003557,-10.21302711252562
457.65600000003553,-13.59003758735077
457.66000000003555,8.726113485299235
457.66400000003557,11.848762930241762
457.66800000003553,-11.07497563530728
457.67200000003555,4.788222674027594
457.6760000000356,0.5847291720477992
457.68000000003553,9.521420245628825
457.68400000003555,-11.77517797295778
457.6880000000356,7.671460694682313
457.69200000003553,10.757609520409815
457.69600000003555,-2.6700278081536055
457.7000000000356,-2.6387096043587284
457.7040000000356,-27.93112233098544
457.70800000003555,-16.62914483731186
457.7120000000356,8.821400884139079
457.7160000000356,-20.75798603224304
457.72000000003555,22.25257736841804
457.7240000000356,19.702782512128955
457.7280000000356,-7.118204453298446
457.73200000003555,-9.764477734379842
457.7360000000356,-4.109100133951564
457.7400000000356,-10.549426542145973
457.74400000003556,-2.8494126183805157
457.7480000000356,12.827548316998616
457.7520000000356,-15.357431340135694
457.75600000003556,-30.184004543417945
457.7600000000356,-3.8319881940252922
457.7640000000356,4.219359370833541
457.76800000003556,-9.196600388945052
457.7720000000356,13.939290144194374
457.7760000000356,13.984680602580582
457.78000000003556,-2.2174561540202573
457.7840000000356,7.6668139543554625
457.7880000000356,-38.59797153760139
457.79200000003556,-5.338264159602192
457.7960000000356,-19.09311038996476
457.8000000000356,3.734738771746586
457.8040000000356,-1.9785037031465376
457.8080000000356,-11.281978529156602
457.8120000000356,-12.115457879924092
457.8160000000356,-2.4112037028617452
457.8200000000356,30.134908368335076
457.8240000000356,1.6975955128427427
457.8280000000356,-5.572029038126976
457.8320000000356,24.11663531684191
457.8360000000356,-1.9759818820029804
457.8400000000356,-26.71622745570924
457.8440000000356,-0.8473196463125285
457.8480000000356,11.19807631531794
457.8520000000356,-12.74299036119022
457.8560000000356,4.035706269148059
457.8600000000356,0.06654922806874097
457.8640000000356,-9.969129714796967
457.8680000000356,5.6662444714115185
457.8720000000356,23.170629384809793
457.8760000000356,-13.385990385868139
457.8800000000356,12.048960330087318
457.8840000000356,24.24498193676695
457.8880000000356,9.859014681218314
457.8920000000356,22.557543878451394
457.8960000000356,5.4034855074736825
457.9000000000356,-4.0535146758447125
457.90400000003564,-20.955436883563582
457.9080000000356,1.6434462174869195
457.9120000000356,5.213375583274933
457.91600000003564,-7.4789556124065815
457.9200000000356,1.1494436622252602
457.9240000000356,-20.788440818217868
457.92800000003564,5.416955788645513
457.9320000000356,8.871260400753545
457.9360000000356,-6.397653816393329
457.94000000003564,-7.699503379628758
457.9440000000356,0.12839977572647054
457.9480000000356,22.971757171903217
457.95200000003564,4.317284612077447
457.9560000000356,-17.072525118234996
457.9600000000356,-10.480559241190438
457.96400000003564,-7.131287277007521
457.9680000000356,25.100802380165156
457.9720000000356,0.04878987575727711
457.97600000003564,-16.104856941399273
457.9800000000356,0.5585313634661556
457.9840000000356,14.313123141319478
457.98800000003564,19.356649333107267
457.9920000000356,-46.303300456799
457.9960000000356,-13.595286397013611
458.00000000003564,1.8688784757028505
458.00400000003566,-8.078396946415028
458.0080000000356,5.511913628032211
458.01200000003564,11.262237472732044
458.01600000003566,7.828188436979611
458.0200000000356,-12.239130707064586
458.02400000003564,-59.606442886630475
458.02800000003566,-25.31641981454938
458.0320000000356,3.445608806869131
458.03600000003564,5.661541963365183
458.04000000003566,-18.085159096988118
458.0440000000356,1.786090059644148
458.04800000003564,-41.16541794818431
458.05200000003566,6.537944173191259
458.0560000000356,-26.969277718011302
458.06000000003564,-4.357304915897779
458.06400000003566,-9.407054063344631
458.0680000000356,21.493403334536982
458.07200000003564,9.618849749384331
458.07600000003566,0.324906908995114
458.0800000000356,-18.71073125842927
458.08400000003564,-28.131087486446862
458.08800000003566,8.999476768426048
458.0920000000356,17.853452975055784
458.09600000003564,2.961231641792579
458.10000000003566,5.241416474000061
458.1040000000357,-17.188591143899345
458.10800000003564,36.0605266855812
458.11200000003566,4.972954785170398
458.1160000000357,-5.052738589576276
458.12000000003565,-0.08229787908343855
458.12400000003566,-6.9423137787803055
458.1280000000357,15.037993937985142
458.13200000003565,0.17634433278791017
458.13600000003566,-4.323969036537907
458.1400000000357,-24.939245513405055
458.14400000003565,-1.9009220543073928
458.14800000003567,5.101441904360457
458.1520000000357,-0.03431455568186781
458.15600000003565,21.242485694030947
458.16000000003567,2.417683863450027
458.1640000000357,-0.18410895157688456
458.16800000003565,-44.3318764319703
458.17200000003567,3.8015882724850987
458.1760000000357,-19.512674436568197
458.18000000003565,4.46706410842135
458.18400000003567,-32.292729991643775
458.1880000000357,8.19917176992518
458.19200000003565,1.1692513951764338
458.19600000003567,-4.022957233865315
458.2000000000357,-4.504851673232419
458.2040000000357,-8.458173789023192
458.20800000003567,9.530014523229154
458.2120000000357,-4.204396536975203
458.2160000000357,29.007670725986607
458.22000000003567,1.7955590273545161
458.2240000000357,34.17412872123416
458.2280000000357,6.715299710188823
458.23200000003567,17.663429110444124
458.2360000000357,-4.562290887032009
458.2400000000357,-14.57482039748337
458.24400000003567,-3.447251427405813
458.2480000000357,16.245903865694334
458.2520000000357,4.287706706652792
458.25600000003567,2.841424266567069
458.2600000000357,3.314623030927801
458.2640000000357,-21.8181834590277
458.26800000003567,-1.9872673054021734
458.2720000000357,-14.319732735899123
458.2760000000357,5.59275575138086
458.28000000003567,-7.60718704289559
458.2840000000357,-0.5514333177024082
458.2880000000357,-24.13920894397994
458.29200000003567,1.5412068675441946
458.2960000000357,-1.705496151774493
458.3000000000357,0.9615287710388056
458.3040000000357,1.0725086229961454
458.3080000000357,-17.93622454182545
458.3120000000357,3.598622889468026
458.31600000003573,21.778620934207115
458.3200000000357,-2.341338712555625
458.3240000000357,21.821067045439545
458.32800000003573,-30.085130635102956
458.3320000000357,-19.84922330423082
458.3360000000357,-2.32807890942496
458.34000000003573,-13.672562479066466
458.3440000000357,31.975527866775934
458.3480000000357,-16.269459356308325
458.35200000003573,0.17560863712193475
458.3560000000357,-12.30556997028426
458.3600000000357,-35.81464138207178
458.36400000003573,-23.46776944922253
458.3680000000357,-8.664177500460422
458.3720000000357,19.486158078248852
458.37600000003573,13.459118399426746
458.3800000000357,1.9385823788916277
458.3840000000357,-4.201135596193511
458.38800000003573,-37.75903345306717
458.3920000000357,-27.85575515142675
458.3960000000357,-1.2231762308810419
458.40000000003573,11.507107334524807
458.40400000003575,-20.787275317051353
458.4080000000357,3.124661143342653
458.41200000003573,-0.6510086420450074
458.41600000003575,2.287821370182893
458.4200000000357,19.953410822459645
458.42400000003573,-7.395010568841195
458.42800000003575,-0.1738268753350951
458.4320000000357,-12.582623625386336
458.43600000003573,-25.113514657042714
458.44000000003575,-21.590075929051093
458.4440000000357,-1.2636532891062053
458.44800000003573,2.4857903087030557
458.45200000003575,22.05335571533996
458.4560000000357,6.491559157736867
458.46000000003573,-22.23890204911038
458.46400000003575,31.847624251069814
458.4680000000357,-24.520840508981212
458.47200000003573,-27.89649145724187
458.47600000003575,-3.77886654908788
458.4800000000357,-13.522247324099599
458.48400000003573,-1.408656949882415
458.48800000003575,-26.79502831784401
458.4920000000357,-9.942305566371484
458.49600000003574,17.77110322606978
458.50000000003575,-21.205747432192915
458.5040000000358,10.081125863252787
458.50800000003574,17.05908015521059
458.51200000003575,26.07453250430173
458.5160000000358,14.248918252295526
458.52000000003574,9.53673906857306
458.52400000003576,3.1223859548440123
458.5280000000358,-6.519503826119125
458.53200000003574,32.82871059112367
458.53600000003576,-15.09912909078794
458.5400000000358,30.037112680889933
458.54400000003574,5.7269048158334215
458.54800000003576,17.441354976305135
458.5520000000358,-12.052835518424914
458.55600000003574,32.5403430926104
458.56000000003576,11.977648451452986
458.5640000000358,-9.779415424323709
458.56800000003574,0.42927660894562747
458.57200000003576,26.722788198670624
458.5760000000358,14.951752499815763
458.58000000003574,-14.768309310627687
458.58400000003576,12.654155939058866
458.5880000000358,8.156496738927382
458.59200000003574,-4.0652310839512715
458.59600000003576,10.49280942656669
458.6000000000358,20.881951249943
458.6040000000358,31.08901336755404
458.60800000003576,8.746473723746515
458.6120000000358,8.133985873453225
458.6160000000358,-2.3234522116253116
458.62000000003576,-12.357798224695319
458.6240000000358,12.468238122210938
458.6280000000358,-6.672440262135904
458.63200000003576,-8.041539209776849
458.6360000000358,-2.771836704594802
458.6400000000358,-32.66194805184748
458.64400000003576,-1.6319373107511845
458.6480000000358,11.369803904947148
458.6520000000358,-4.420494530626235
458.65600000003576,8.627356378630056
458.6600000000358,-4.995158133892347
458.6640000000358,-13.2439222098502
458.66800000003576,12.3489199205749
458.6720000000358,-3.0093527335482118
458.6760000000358,26.46241505805131
458.68000000003576,-2.6138944829971553
458.6840000000358,-31.7778186926411
458.6880000000358,-2.5286982093374055
458.69200000003576,-3.8502127943157856
458.6960000000358,-8.236808358262811
458.7000000000358,-3.19967694136242
458.7040000000358,7.269707499906701
458.7080000000358,6.721582114489567
458.7120000000358,-25.357095247618894
458.7160000000358,27.732810600881603
458.7200000000358,-24.13614172391735
458.7240000000358,13.584485689635585
458.7280000000358,-25.270546644528686
458.7320000000358,-31.63943779812998
458.7360000000358,-26.899113463886643
458.7400000000358,-10.364366787849033
458.7440000000358,-0.9571562056841529
458.7480000000358,-6.250906117788089
458.7520000000358,5.563704613795132
458.7560000000358,-10.079299955288754
458.7600000000358,2.3856848374066684
458.7640000000358,-4.582237501347204
458.7680000000358,3.5842324138496515
458.7720000000358,-0.3507201339791921
458.7760000000358,-23.134620768711514
458.7800000000358,8.86065938767555
458.7840000000358,-12.748106833690269
458.7880000000358,-9.12654976952493
458.7920000000358,31.04639330294718
458.7960000000358,1.7693773825039654
458.8000000000358,11.644486370902776
458.80400000003584,-1.4477038939560267
458.8080000000358,-21.01978444934097
458.8120000000358,-24.175786043863816
458.81600000003584,-38.5786776969674
458.8200000000358,-4.036511848881511
458.8240000000358,13.277388605421764
458.82800000003584,-15.336643891378904
458.8320000000358,27.213367591746803
458.8360000000358,1.241793788627187
458.84000000003584,-28.08782101211432
458.8440000000358,-11.042399695509596
458.8480000000358,-13.154584045257536
458.85200000003584,5.453706030492587
458.8560000000358,-7.627198190799371
458.8600000000358,-21.397044261439664
458.86400000003584,10.22327600572902
458.8680000000358,26.541697721699524
458.8720000000358,6.591764170214397
458.87600000003584,-9.925276717198445
458.8800000000358,-18.331217198103086
458.8840000000358,12.604373280495288
458.88800000003585,-32.73259875222672
458.8920000000358,-9.147567473431893
458.8960000000358,-7.604069383718231
458.90000000003585,12.005596278006795
458.90400000003586,23.216681703123466
458.9080000000358,-27.540262604567637
458.91200000003585,6.686290645713088
458.91600000003587,-0.8059919195333645
458.9200000000358,4.957034268875631
458.92400000003585,-13.526138827350515
458.92800000003587,-4.799506835969726
458.9320000000358,6.55384135086984
458.93600000003585,-5.553611837893547
458.94000000003587,-13.326765176981887
458.9440000000358,-13.609695426774074
458.94800000003585,15.427162398097298
458.95200000003587,19.96084808146949
458.95600000003583,-4.755170867497828
458.96000000003585,20.114992799146677
458.96400000003587,-17.83298358895206
458.96800000003583,4.846780338624931
458.97200000003585,-5.071042018746297
458.97600000003587,-9.309653485957304
458.98000000003583,3.1427824902493997
458.98400000003585,9.678266777058822
458.98800000003587,-18.39265217870584
458.99200000003583,15.164606158084478
458.99600000003585,12.89522265387194
459.00000000003587,-0.6697654986217518
459.0040000000359,-5.107794924561844
459.00800000003585,-1.4086256592527544
459.01200000003587,-5.914006599881686
459.0160000000359,-11.523392850418105
459.02000000003585,19.206326804555022
459.02400000003587,27.538968327937976
459.0280000000359,3.17223131417344
459.03200000003585,-6.511731337160923
459.03600000003587,20.249738512057753
459.0400000000359,-21.36175183664447
459.04400000003585,-10.38329679942669
459.04800000003587,21.722478472327694
459.0520000000359,11.765256509564274
459.05600000003585,9.16557207196114
459.06000000003587,24.821639377175124
459.0640000000359,1.600445435929143
459.06800000003585,-6.174788007093395
459.07200000003587,-12.734366860551534
459.0760000000359,-24.06470486255538
459.08000000003585,-18.482039218768413
459.08400000003587,0.6218528447950371
459.0880000000359,16.888674351774853
459.09200000003585,-11.496072135782972
459.0960000000359,-32.28698743108109
459.1000000000359,-2.772149266348559
459.1040000000359,-21.04537129582037
459.1080000000359,14.384001643038971
459.1120000000359,-20.98568253272656
459.1160000000359,-7.305278190331336
459.1200000000359,-9.89938027511628
459.1240000000359,3.8337115119001015
459.1280000000359,-3.6082083266043083
459.1320000000359,-10.946499789753888
459.1360000000359,-2.962039203672619
459.1400000000359,26.07263705401738
459.1440000000359,28.132054842390463
459.1480000000359,0.9283453469201888
459.1520000000359,-21.385571524159385
459.1560000000359,11.348733376461851
459.1600000000359,-6.450528057967344
459.1640000000359,7.157789697686154
459.1680000000359,25.942718761533243
459.1720000000359,-22.175988590848846
459.1760000000359,6.572918833407751
459.1800000000359,18.632381281241262
459.1840000000359,-21.437847611585855
459.1880000000359,17.11975631238753
459.1920000000359,11.354318465571676
459.1960000000359,-2.6003405500457397
459.2000000000359,27.963843419392845
459.20400000003593,-11.04820623433713
459.2080000000359,-5.207309145331919
459.2120000000359,11.017939213387908
459.21600000003593,-18.855501620897687
459.2200000000359,3.1858087678540743
459.2240000000359,-8.33718859410229
459.22800000003593,36.03697725394818
459.2320000000359,15.018471197618151
459.2360000000359,-8.166383158370332
459.24000000003593,-24.86796895051207
459.2440000000359,15.738493645793413
459.2480000000359,1.9434701238036116
459.25200000003593,-9.646465455327231
459.2560000000359,-33.64793061572419
459.2600000000359,9.573994976785107
459.26400000003594,12.164901208938419
459.2680000000359,35.85731459166999
459.2720000000359,-2.945856604458646
459.27600000003594,0.5846832982696055
459.2800000000359,4.5343752871025504
459.2840000000359,-4.80527369617786
459.28800000003594,-21.98489511869139
459.2920000000359,18.39263673869026
459.2960000000359,9.064460080248274
459.30000000003594,8.595666749109885
459.30400000003596,14.820578060993459
459.3080000000359,-7.702080267150842
459.31200000003594,-7.440254579773891
459.31600000003596,3.995744541895472
459.3200000000359,28.359282253512895
459.32400000003594,6.114882995621771
459.32800000003596,15.28678051238321
459.3320000000359,9.664612777747745
459.33600000003594,-24.945234737136012
459.34000000003596,8.532722498418362
459.3440000000359,-20.34514819356052
459.34800000003594,-5.436064914958551
459.35200000003596,21.66490257341144
459.3560000000359,-15.730730296304348
459.36000000003594,-9.135149649360699
459.36400000003596,8.53890689210899
459.3680000000359,-15.797025223754588
459.37200000003594,2.313136858898871
459.37600000003596,-25.540841171737036
459.3800000000359,-16.582468994954112
459.38400000003594,-11.940685884801155
459.38800000003596,41.25428454389676
459.3920000000359,-4.838275018686447
459.39600000003594,3.9792706650347607
459.40000000003596,-6.251976219343998
459.404000000036,-1.2309918477829198
459.40800000003594,-8.988872826229379
459.41200000003596,5.008358112019541
459.416000000036,33.65871109099852
459.42000000003594,20.39200294172666
459.42400000003596,-8.523125033556758
459.428000000036,5.190016639231706
459.43200000003594,-9.4788187924481
459.43600000003596,-3.78283629574673
459.440000000036,-26.464562230877405
459.44400000003594,-15.33094813347077
459.44800000003596,4.703742736702233
459.452000000036,-0.40285314035968733
459.45600000003594,21.57686890348438
459.46000000003596,23.91049860819559
459.464000000036,6.807315419900014
459.46800000003594,-18.34962489736137
459.47200000003596,-14.666726226768919
459.476000000036,26.719639377226237
459.48000000003594,12.702498683316382
459.48400000003596,5.273673769275813
459.488000000036,-9.74921128928677
459.49200000003594,-4.824746181156698
459.49600000003596,2.9156341910480434
459.500000000036,-12.29177568899286
459.504000000036,-25.583388221274912
459.50800000003596,-28.101030963300204
459.512000000036,-42.40474849157406
459.516000000036,-11.49618023165758
459.52000000003596,13.565603678451104
459.524000000036,16.315696858580043
459.528000000036,23.126264677865244
459.53200000003596,-16.511378130635936
459.536000000036,11.304145359419383
459.540000000036,21.515133779092476
459.54400000003596,-9.571998236524047
459.548000000036,23.763516858492235
459.552000000036,-1.949566001146489
459.55600000003597,-0.36470435076125884
459.560000000036,-39.452430764980626
459.564000000036,-5.611605308632838
459.56800000003597,16.602803283642864
459.572000000036,10.322202541206204
459.576000000036,14.26257133931938
459.58000000003597,4.0202514200321104
459.584000000036,-8.005148298102982
459.588000000036,46.08646104441621
459.59200000003597,14.660770886659172
459.596000000036,-4.352808555383266
459.600000000036,26.579797781809706
459.604000000036,14.252207015688937
459.608000000036,-13.957008107695904
459.612000000036,12.00759284347468
459.616000000036,10.124803631520283
459.620000000036,-21.115307627650505
459.624000000036,-21.60828018644384
459.628000000036,17.54972511924696
459.632000000036,-17.900833276526235
459.636000000036,13.357407593668531
459.640000000036,2.1774692771709034
459.644000000036,0.4035201289821928
459.648000000036,16.259279391064787
459.652000000036,24.515525083096804
459.656000000036,18.33707150372278
459.660000000036,-10.46083616396917
459.664000000036,-20.380319628144438
459.668000000036,-0.02019561561349814
459.672000000036,29.79515722345121
459.676000000036,-3.533320457105008
459.680000000036,12.819759161280558
459.684000000036,27.81616049618875
459.688000000036,1.140834935100628
459.692000000036,-4.955256994656404
459.696000000036,12.308580191933634
459.700000000036,8.345935560246076
459.70400000003605,-16.279895883415914
459.708000000036,13.668061987407366
459.712000000036,-3.765984203552934
459.71600000003605,-2.802148002428087
459.720000000036,3.6786585696675997
459.724000000036,20.376241189254507
459.72800000003605,4.67370686846756
459.732000000036,29.167728125859103
459.73600000003603,-18.427512867642704
459.74000000003605,-27.38303507395438
459.744000000036,21.3848671554665
459.74800000003603,-18.211708928291447
459.75200000003605,4.814059838822651
459.756000000036,13.597471013547874
459.76000000003603,18.229966359627454
459.76400000003605,-18.12606401382836
459.768000000036,-2.9245613022418704
459.77200000003603,0.6930053645705955
459.77600000003605,-4.895745000675548
459.780000000036,5.025832667965924
459.78400000003603,13.064385392176618
459.78800000003605,13.431924532674925
459.792000000036,-8.44813870590248
459.79600000003603,1.4871347117748885
459.80000000003605,-20.203110725552072
459.80400000003607,17.25645657279904
459.80800000003603,-36.94105542604001
459.81200000003605,7.056331588482641
459.81600000003607,-30.087577806057933
459.82000000003603,-20.04507824187555
459.82400000003605,23.71120153245733
459.82800000003607,-33.81950659397243
459.83200000003603,-2.7196258259760215
459.83600000003605,27.372142205603673
459.84000000003607,14.258167368592023
459.84400000003603,-14.115141344592487
459.84800000003605,-6.392574177327019
459.85200000003607,10.385393353440074
459.85600000003603,4.187585870358971
459.86000000003605,14.135853326974265
459.86400000003607,19.751148927539187
459.86800000003603,4.173030149449094
459.87200000003605,-7.366061169761114
459.8760000000361,18.59847498730445
459.88000000003603,-9.617665796527476
459.88400000003605,27.87918478159473
459.8880000000361,8.4021937976587
459.89200000003603,23.931384150267306
459.89600000003605,4.630194913608238
459.9000000000361,-11.512358112719385
459.9040000000361,32.887129457797215
459.90800000003605,-9.17682008979931
459.9120000000361,-68.53890664844951
459.9160000000361,29.32279090933813
459.92000000003605,17.311518813520205
459.9240000000361,-7.283033380815871
459.9280000000361,-12.84721152016451
459.93200000003606,-6.041744681381919
459.9360000000361,-18.840310008179628
459.9400000000361,12.379211247880562
459.94400000003606,-4.891854727530092
459.9480000000361,-1.9978247397317488
459.9520000000361,-13.081085945028217
459.95600000003606,-13.73574313019887
459.9600000000361,17.77418806949478
459.9640000000361,-14.869509160422297
459.96800000003606,10.443904763882209
459.9720000000361,-11.693817158952163
459.9760000000361,-14.331884583875732
459.98000000003606,-14.614787582621402
459.9840000000361,-7.25128775823338
459.9880000000361,-6.646936662336828
459.99200000003606,33.58166954907044
459.9960000000361,-11.763600350369106
460.0000000000361,-8.569101181084305
460.0040000000361,-7.373239151289763
460.0080000000361,-20.592540404509656
460.0120000000361,-24.11080177790796
460.0160000000361,16.782011974019415
460.0200000000361,5.669439917484938
460.0240000000361,10.580385094422338
460.0280000000361,-20.4177773840512
460.0320000000361,-29.07530667997
460.0360000000361,1.8386539263433541
460.0400000000361,5.489146403185142
460.0440000000361,-33.17503089035976
460.0480000000361,25.905578776814814
460.0520000000361,-15.161311443448506
460.0560000000361,-17.03292467585115
460.0600000000361,9.634636738389116
460.0640000000361,-8.720875827394822
460.0680000000361,37.44815478369931
460.0720000000361,-1.8131660460468466
460.0760000000361,19.731038102913733
460.0800000000361,12.101399450497539
460.0840000000361,16.282672927814378
460.0880000000361,8.556985981524466
460.0920000000361,-21.196833708885364
460.0960000000361,7.263155500685042
460.1000000000361,16.369692732372062
460.10400000003614,7.219912884715043
460.1080000000361,-17.89890863246275
460.1120000000361,2.811032857472148
460.11600000003614,-4.6338667913711005
460.1200000000361,-3.271759801726445
460.1240000000361,14.853147685689297
460.12800000003614,-23.166825961588977
460.1320000000361,39.161675758848865
460.1360000000361,-0.7365483648767319
460.14000000003614,-1.8324288713610009
460.1440000000361,-6.098989287695834
460.1480000000361,-1.9892066061803488
460.15200000003614,-17.915769458128118
460.1560000000361,-16.028450096365304
460.1600000000361,6.548052665522424
460.16400000003614,1.8159902151054201
460.1680000000361,-11.022677247871922
460.1720000000361,1.6760515815078318
460.17600000003614,16.619823693324815
460.1800000000361,-16.111090696713884
460.1840000000361,13.250118654302861
460.18800000003614,24.65937851401654
460.1920000000361,-25.73275307686547
460.1960000000361,-30.6470687512654
460.20000000003614,-14.898578884680804
460.20400000003616,1.1003327506305112
460.2080000000361,6.44773925265588
460.21200000003614,26.76219574852779
460.21600000003616,-10.890189156352543
460.2200000000361,7.287652471229498
460.22400000003614,3.0446682057262957
460.22800000003616,11.871024842151067
460.2320000000361,-11.592883760654539
460.23600000003614,21.362613420883566
460.24000000003616,20.305929307590343
460.2440000000361,12.13471835994704
460.24800000003614,38.11525111666968
460.25200000003616,-1.5200552243493044
460.2560000000361,-20.318096946629243
460.26000000003614,-14.831360481898937
460.26400000003616,16.03070656716212
460.2680000000361,10.332536311542768
460.27200000003614,5.451822771329773
460.27600000003616,-18.344278603757015
460.2800000000361,-8.495796450572945
460.28400000003614,-38.728783393252115
460.28800000003616,6.13346898389632
460.2920000000361,-2.4965672371463867
460.29600000003614,19.17113545729981
460.30000000003616,-13.666989580759157
460.3040000000362,-20.75272384585072
460.30800000003615,-23.088970109004766
460.31200000003616,-3.7902272746005345
460.3160000000362,31.44182712064147
460.32000000003615,-7.817272176048161
460.32400000003616,-34.87923712836242
460.3280000000362,-20.515043186586304
460.33200000003615,-24.332663275930763
460.33600000003617,-3.7596580344265615
460.3400000000362,11.933820051507299
460.34400000003615,4.502155739172268
460.34800000003617,-13.015020067030147
460.3520000000362,8.089938528745794
460.35600000003615,9.902183177564783
460.36000000003617,5.830434908833462
460.3640000000362,5.0930440112244835
460.36800000003615,-21.612441393731324
460.37200000003617,16.708217721866976
460.3760000000362,7.937328516892545
460.38000000003615,8.652591346439024
460.38400000003617,11.828394154197422
460.3880000000362,-12.090551706075649
460.39200000003615,-11.571374707231081
460.39600000003617,-0.3658026428585792
460.4000000000362,-4.088381391172382
460.4040000000362,-0.2172693221736144
460.40800000003617,-7.641555407316615
460.4120000000362,1.0910397932229101
460.4160000000362,-4.118933904935221
460.42000000003617,-32.84832259234566
460.4240000000362,14.413409007383667
460.4280000000362,-25.501989167499538
460.43200000003617,25.70991676922423
460.4360000000362,15.944402847459697
460.4400000000362,27.46705097001773
460.44400000003617,0.5200064891009695
460.4480000000362,18.712379571904695
460.4520000000362,-10.511712767252563
460.45600000003617,8.77504621479325
460.4600000000362,-14.260452141130232
460.4640000000362,-5.426025398972637
460.46800000003617,-0.21549439348033284
460.4720000000362,0.7227472569710496
460.4760000000362,0.061211506101952015
460.48000000003617,-1.2608738423448878
460.4840000000362,12.607572865963173
460.4880000000362,-4.055062784289368
460.49200000003617,-8.796911798387345
460.4960000000362,-3.687443066052586
460.5000000000362,10.031003545095745
460.5040000000362,5.810816196858382
460.5080000000362,6.869795743235141
460.5120000000362,12.712900253205273
460.51600000003623,-12.607939297114568
460.5200000000362,12.742275589408884
460.5240000000362,16.18827969322093
460.52800000003623,-12.207237962385769
460.5320000000362,10.545217999443725
460.5360000000362,7.272361870296571
460.54000000003623,-39.32595482565901
460.5440000000362,-17.27696264489529
460.5480000000362,18.303253343055573
460.55200000003623,-21.396888856998558
460.5560000000362,6.307251617950873
460.5600000000362,-32.38979163053626
460.56400000003623,-6.459690272543055
460.5680000000362,17.51630228096757
460.5720000000362,-3.1165119443792157
460.57600000003623,3.3298084611895096
460.5800000000362,-38.31948059706571
460.5840000000362,13.02446919508527
460.58800000003623,20.312374528314457
460.5920000000362,12.509029590037303
460.5960000000362,-1.7047981534613352
460.60000000003623,15.915236990437595
460.60400000003625,38.68599958873223
460.6080000000362,-12.264450616300673
460.61200000003623,-7.29644400628702
460.61600000003625,10.450653056431898
460.6200000000362,-3.4382436871155453
460.62400000003623,2.5753616676979254
460.62800000003625,-6.118349690094442
460.6320000000362,-4.4709868596667235
460.63600000003623,29.436037259282898
460.64000000003625,-3.5824832267880113
460.6440000000362,10.805034566198627
460.64800000003623,-20.016273469573502
460.65200000003625,-22.03703330442743
460.6560000000362,15.417564589515848
460.66000000003623,10.729238888754407
460.66400000003625,23.493805594481756
460.6680000000362,-4.319874104597498
460.67200000003623,-6.789344203309873
460.67600000003625,-0.4363207337505909
460.6800000000362,2.9741545933646782
460.68400000003624,9.42209046398242
460.68800000003625,-6.307585966518582
460.6920000000362,-16.585383141518488
460.69600000003624,-7.377899328617593
460.70000000003625,-3.8661061403438786
460.7040000000363,-6.296461224994539
460.70800000003624,-11.1965461971882
460.71200000003626,4.031727196810321
460.7160000000363,11.715232674868515
460.72000000003624,15.091683027273183
460.72400000003626,16.072809366244922
460.7280000000363,24.59556860198079
460.73200000003624,4.948505519491517
460.73600000003626,-14.207146655835064
460.7400000000363,-28.988698381269124
460.74400000003624,2.892179143432843
460.74800000003626,-43.818948046083655
460.7520000000363,-37.451261299868456
460.75600000003624,-20.81497041104629
460.76000000003626,11.870920570173885
460.7640000000363,6.499680695651083
460.76800000003624,-9.488205517189936
460.77200000003626,21.57170357996932
460.7760000000363,15.567849392035733
460.78000000003624,-17.84572986724743
460.78400000003626,-14.869054850755353
460.7880000000363,-4.373903151909654
460.79200000003624,32.36101033974439
460.79600000003626,18.392928351328955
460.8000000000363,5.988013328905476
460.8040000000363,17.851490078798207
460.80800000003626,0.9865313698237379
460.8120000000363,-40.333383516857495
460.8160000000363,-3.174435595490602
460.82000000003626,8.700013977754844
460.8240000000363,-13.714693213164432
460.8280000000363,0.44193159140143023
460.83200000003626,2.757247626258019
460.8360000000363,16.171213814349144
460.8400000000363,-13.675835583957333
460.84400000003626,16.243764490651778
460.8480000000363,-18.400051052392215
460.8520000000363,6.839338680295548
460.85600000003626,-2.9397538169161055
460.8600000000363,9.02397260145485
460.8640000000363,4.524203456820398
460.86800000003626,-14.123366994875216
460.8720000000363,-22.425290667256284
460.8760000000363,4.923861291675038
460.88000000003626,27.823713081460166
460.8840000000363,-4.7618703165100005
460.8880000000363,11.308525706445675
460.89200000003626,20.29478628213608
460.8960000000363,-18.0823593063132
460.9000000000363,6.5800954778851635
460.9040000000363,2.9991803076909656
460.9080000000363,-16.95144118600344
460.9120000000363,2.541258076529265
460.9160000000363,-20.193336280534034
460.9200000000363,10.876342467086868
460.9240000000363,7.465115163592318
460.9280000000363,16.485283050485197
460.9320000000363,10.675999912635925
460.9360000000363,-6.72154651048176
460.9400000000363,-17.99887063167693
460.9440000000363,-7.89383005248999
460.9480000000363,-14.251880365924595
460.9520000000363,19.811994563397427
460.9560000000363,-12.824659793277972
460.9600000000363,-13.81434734394868
460.9640000000363,1.0493957971808172
460.9680000000363,19.234186247075016
460.9720000000363,-5.897025125344637
460.9760000000363,4.34300886608772
460.9800000000363,5.184884641347935
460.9840000000363,-12.616440492607678
460.9880000000363,-1.033760914126589
460.9920000000363,-6.859079755567745
460.9960000000363,-7.137009063632087
461.0000000000363,-4.05673962870719
461.00400000003634,-2.921404827326267
461.0080000000363,7.204804287880288
461.0120000000363,-11.0868754039195
461.01600000003634,-1.9834351520929616
461.0200000000363,-3.991714067542728
461.0240000000363,-14.985936363734835
461.02800000003634,-15.837727378052822
461.0320000000363,-3.1681882597566178
461.0360000000363,23.283698452646984
461.04000000003634,20.1322939448795
461.0440000000363,-1.5584683462664062
461.0480000000363,22.223440479539352
461.05200000003634,-9.273941692844826
461.0560000000363,0.9517277976740359
461.0600000000363,0.8451293296884239
461.06400000003634,22.34652593882043
461.0680000000363,-13.37800857434402
461.0720000000363,-2.680508265357844
461.07600000003634,-9.454218400302473
461.0800000000363,-15.012890855297186
461.0840000000363,6.1899263526595485
461.08800000003635,-27.245443694165214
461.0920000000363,-5.554551977084535
461.0960000000363,16.937641320289206
461.10000000003635,-34.143425105414416
461.10400000003636,2.1376874995902755
461.1080000000363,7.07116409664638
461.11200000003635,-13.371244937536327
461.11600000003637,-5.253218921172273
461.1200000000363,18.18994226578013
461.12400000003635,-49.43870140251469
461.12800000003637,-31.813973335756035
461.1320000000363,-0.06611582731029753
461.13600000003635,-23.45616158467101
461.14000000003637,7.173059860607694
461.1440000000363,25.55521680073077
461.14800000003635,-1.1750292012780166
461.15200000003637,15.412871608286835
461.15600000003633,-25.55972736695301
461.16000000003635,-22.677371484528933
461.16400000003637,-7.015589202602372
461.16800000003633,-15.203612663235772
461.17200000003635,16.7080238702105
461.17600000003637,12.283529385372365
461.18000000003633,-9.834349110037802
461.18400000003635,0.5929504140614485
461.18800000003637,-2.8924885901025235
461.19200000003633,-27.19174925030472
461.19600000003635,-6.608617635991682
461.20000000003637,5.030248919449771
461.2040000000364,-7.177594269515438
461.20800000003635,-10.37360119068914
461.21200000003637,2.1807923077426743
461.2160000000364,-0.19416942187026276
461.22000000003635,-5.9365899942675355
461.22400000003637,-15.75904283169303
461.2280000000364,-21.434181671273244
461.23200000003635,-10.127181186396072
461.23600000003637,-20.39034083243864
461.2400000000364,13.312091652166469
461.24400000003635,-30.6820246212815
461.24800000003637,5.463922734445793
461.2520000000364,-9.724596627547065
461.25600000003635,28.03712472359757
461.26000000003637,-15.229717420848456
461.2640000000364,6.994852105919734
461.26800000003635,-0.7710020650994883
461.27200000003637,17.912481880102412
461.2760000000364,-6.486811797628482
461.28000000003635,21.03385643377653
461.2840000000364,-13.822217123220398
461.2880000000364,5.139945211578559
461.29200000003635,0.09131214479254834
461.2960000000364,-2.4916208031515388
461.3000000000364,-25.997220023724918
461.3040000000364,-0.3981190940867245
461.3080000000364,-3.4998080157559244
461.3120000000364,20.720221363247333
461.3160000000364,7.518735106088593
461.3200000000364,12.969310910047376
461.3240000000364,7.626910345102
461.3280000000364,-19.009332847018683
461.3320000000364,12.578279847618763
461.3360000000364,13.25336359134521
461.3400000000364,12.47581738587161
461.3440000000364,15.077314392379876
461.3480000000364,-15.028656765400394
461.3520000000364,2.5379261104472266
461.3560000000364,-4.21725223978395
461.3600000000364,-49.17820191714793
461.3640000000364,47.90357421927052
461.3680000000364,-19.2427678569422
461.3720000000364,-16.47625696852148
461.3760000000364,-16.56875413529411
461.3800000000364,-16.583450961388607
461.3840000000364,-6.8639687789679416
461.3880000000364,19.214321399979738
461.3920000000364,11.490879363693457
461.3960000000364,13.573375359881505
461.4000000000364,-0.62207429287948
461.40400000003643,-18.57137699559958
461.4080000000364,-5.752368562235678
461.4120000000364,10.165734479279976
461.41600000003643,8.277620048404863
461.4200000000364,8.794581050668809
461.4240000000364,1.6317270015831697
461.42800000003643,-3.5849416879118534
461.4320000000364,-2.534715979795308
461.4360000000364,25.067409164837525
461.44000000003643,15.663854500024168
461.4440000000364,-19.78895620049211
461.4480000000364,-15.579352156122747
461.45200000003643,-0.2365749777927696
461.4560000000364,-31.71722962045966
461.4600000000364,25.80250807754952
461.46400000003644,4.750575492401325
461.4680000000364,-13.346426408375468
461.4720000000364,-12.815436038436655
461.47600000003644,1.363410760573737
461.4800000000364,2.663720994808072
461.4840000000364,0.41605517375660894
461.48800000003644,13.40273660387513
461.4920000000364,-5.062760054731692
461.4960000000364,-10.727220859378722
461.50000000003644,-28.453332886499997
461.50400000003646,-17.337025409610124
461.5080000000364,10.241341573427338
461.51200000003644,37.653872521848044
461.51600000003646,-37.47421401291698
461.5200000000364,0.08956395686890639
461.52400000003644,-17.91720295327468
461.52800000003646,-8.75773166356539
461.5320000000364,14.614249107769764
461.53600000003644,11.454015148176921
461.54000000003646,4.663978038702271
461.5440000000364,22.47009918037258
461.54800000003644,8.686472909529673
461.55200000003646,16.62366940520066
461.5560000000364,14.358449716088106
461.56000000003644,-1.6595509116438598
461.56400000003646,-24.321452399500117
461.5680000000364,13.190877060246118
461.57200000003644,3.0273078612977553
461.57600000003646,19.128889399264985
461.5800000000364,3.1989663855608517
461.58400000003644,6.230297211292786
461.58800000003646,-38.448687594253315
461.5920000000364,-19.391679292440244
461.59600000003644,-23.401269028500806
461.60000000003646,-2.577516339782316
461.6040000000365,6.327557476617221
461.60800000003644,-12.074008358867408
461.61200000003646,-5.3498376201891125
461.6160000000365,30.064055950265715
461.62000000003644,-3.052651642466917
461.62400000003646,7.852351569320458
461.6280000000365,4.167807717245888
461.63200000003644,-20.165433250456775
461.63600000003646,15.997053617057938
461.6400000000365,-41.3052107784544
461.64400000003644,-13.492140275638274
461.64800000003646,-9.281315141456822
461.6520000000365,2.0089105000186485
461.65600000003644,31.291794254227042
461.66000000003646,-6.43109554891466
461.6640000000365,-16.34561394752212
461.66800000003644,3.9787500768357322
461.67200000003646,7.471503877536838
461.6760000000365,23.200422974109635
461.68000000003644,-28.53927227912419
461.68400000003646,32.93214349485036
461.6880000000365,10.198573395091628
461.69200000003644,-16.863434583701036
461.69600000003646,10.165493461414053
461.7000000000365,20.009792733474214
461.7040000000365,18.961939857402154
461.70800000003646,7.689909049961235
461.7120000000365,-6.793043035650182
461.7160000000365,-7.590865333926038
461.72000000003646,-13.46642060609316
461.7240000000365,-1.5796728505063986
461.7280000000365,0.5234581338027113
461.73200000003646,-1.2616767419069874
461.7360000000365,-17.249109858227754
461.7400000000365,-14.44501143691996
461.74400000003646,-25.19850218478435
461.7480000000365,-41.01590828233587
461.7520000000365,3.8367507281958058
461.75600000003647,9.049846442935449
461.7600000000365,-1.2175629021098338
461.7640000000365,-14.766953700556519
461.76800000003647,3.3213484940623808
461.7720000000365,-0.1270445079680285
461.7760000000365,-5.9147195735929525
461.78000000003647,-19.005765890477537
461.7840000000365,16.108678851239397
461.7880000000365,-3.529410458793757
461.79200000003647,-5.3925216659129305
461.7960000000365,19.948560469445308
461.8000000000365,-8.81047504809573
461.8040000000365,-17.67260710623014
461.8080000000365,4.909722632098829
461.8120000000365,0.21040867877492353
461.8160000000365,19.69527141893891
461.8200000000365,6.838563858624043
461.8240000000365,-8.033157265276241
461.8280000000365,-12.7056164687199
461.8320000000365,5.937311562793681
461.8360000000365,17.462772550671495
461.8400000000365,-9.92383979671019
461.8440000000365,20.010710632589348
461.8480000000365,3.304218437841509
461.8520000000365,-2.090230276489417
461.8560000000365,-2.49622237745719
461.8600000000365,-5.668174084252126
461.8640000000365,6.123605923111236
461.8680000000365,1.3904938233318636
461.8720000000365,-3.6572913743136306
461.8760000000365,-24.246282056097915
461.8800000000365,4.774908667751868
461.8840000000365,-16.797987897667777
461.8880000000365,31.16361456688998
461.8920000000365,-11.447567932778302
461.8960000000365,2.1648835762581156
461.9000000000365,2.9474418925351964
461.90400000003655,17.27139897503667
461.9080000000365,11.134396845217491
461.9120000000365,8.262447386694367
461.91600000003655,-8.313961806563142
461.9200000000365,-3.043495078602777
461.92400000003653,-15.3394135306213
461.92800000003655,-2.279480588134278
461.9320000000365,-9.699135426024773
461.93600000003653,-4.772174863033018
461.94000000003655,-8.033632484598584
461.9440000000365,-11.32424253961323
461.94800000003653,29.173954025059764
461.95200000003655,13.849258058020242
461.9560000000365,10.064675737577865
461.96000000003653,3.8814095232261376
461.96400000003655,-7.647140226519445
461.9680000000365,-3.673813576490358
461.97200000003653,3.3054110046605105
461.97600000003655,-10.433709480509687
461.9800000000365,11.723257372614626
461.98400000003653,-11.929961117629134
461.98800000003655,12.23802277372459
461.9920000000365,21.8753853476257
461.99600000003653,-15.021039942058007
462.00000000003655,13.89909838170498
462.00400000003657,18.920844729069806
462.00800000003653,-14.970172717491621
462.01200000003655,7.524467035570211
462.01600000003657,3.7681401116437967
462.02000000003653,-7.377145458628725
462.02400000003655,-14.211176772039542
462.02800000003657,43.379455153844525
462.03200000003653,5.030862952988903
462.03600000003655,-5.070201505838867
462.04000000003657,15.061108311344832
462.04400000003653,35.89008053696775
462.04800000003655,11.544439710384182
462.05200000003657,-2.2421479672193954
462.05600000003653,20.074750544419985
462.06000000003655,3.7891722899328175
462.0640000000366,9.984810144510313
462.06800000003653,12.148703741372186
462.07200000003655,-19.33569336968188
462.0760000000366,-10.040165031557418
462.08000000003653,-3.5240723069987014
462.08400000003655,5.938499155674211
462.0880000000366,22.10654092257052
462.09200000003653,23.984675314839578
462.09600000003655,18.08536236417976
462.1000000000366,7.590526746290617
462.1040000000366,-23.526288676846278
462.10800000003655,-6.06975276632657
462.1120000000366,-33.93289362463369
462.1160000000366,8.020069519148162
462.12000000003655,16.029185806716534
462.1240000000366,39.162088180078875
462.1280000000366,-3.9961431962604537
462.13200000003656,-17.581684387129535
462.1360000000366,13.568309527197293
462.1400000000366,30.00697023878967
462.14400000003656,9.307479341086111
462.1480000000366,23.75055253453301
462.1520000000366,-16.89133563368955
462.15600000003656,-13.66597108700314
462.1600000000366,-7.3866522864564335
462.1640000000366,-15.220130987078358
462.16800000003656,1.9772747534372943
462.1720000000366,19.500943776455593
462.1760000000366,-37.18824193163893
462.18000000003656,-39.481378027028754
462.1840000000366,9.076164630384689
462.1880000000366,-3.9832265117073
462.19200000003656,-8.694943567627343
462.1960000000366,-9.072359539762452
462.2000000000366,14.354472536411615
462.2040000000366,-17.14626370181559
462.2080000000366,-28.779473150427442
462.2120000000366,-9.46980893528303
462.2160000000366,-12.36664886267604
462.2200000000366,5.5513991052353795
462.2240000000366,28.127080267219355
462.2280000000366,-1.1181850620673641
462.2320000000366,6.875268245921687
462.2360000000366,6.2819666860434396
462.2400000000366,1.5858929237950452
462.2440000000366,-17.342426984329105
462.2480000000366,-4.795178491421725
462.2520000000366,-10.249018508521303
462.2560000000366,27.04231410286744
462.2600000000366,27.29006225190004
462.2640000000366,-15.730598246345414
462.2680000000366,16.015913827901663
462.2720000000366,-1.3860728346725704
462.2760000000366,-29.010307459847244
462.2800000000366,0.33944419483686383
462.2840000000366,-4.801824574285036
462.2880000000366,-3.510535556275931
462.2920000000366,-9.046128125895672
462.2960000000366,-5.947902782543182
462.3000000000366,-29.839257517267733
462.30400000003664,5.553163691866087
462.3080000000366,5.172055383318286
462.3120000000366,-22.630098797518293
462.31600000003664,7.513177414522392
462.3200000000366,2.0570856770698507
462.3240000000366,-20.92915803581278
462.32800000003664,-35.89308563725152
462.3320000000366,-13.631929568937458
462.3360000000366,2.6302473142273337
462.34000000003664,7.338894740286919
462.3440000000366,-15.186865520049096
462.3480000000366,11.424752982462497
462.35200000003664,3.332223944064695
462.3560000000366,-20.39523361789102
462.3600000000366,13.689072139005944
462.36400000003664,17.589952526596868
462.3680000000366,-2.8970028526535136
462.3720000000366,15.969335207439167
462.37600000003664,6.346045026850039
462.3800000000366,-24.73015197838395
462.3840000000366,-17.995589691886014
462.38800000003664,9.135341664633216
462.3920000000366,-4.288426270875782
462.3960000000366,-7.499499774384201
462.40000000003664,11.083002208341222
462.40400000003666,-5.70392570764521
462.4080000000366,-1.2096632770837443
462.41200000003664,10.57570583971425
462.41600000003666,-13.406483930946603
462.4200000000366,9.818799381440767
462.42400000003664,-24.793632311133567
462.42800000003666,13.805824556987584
462.4320000000366,10.199459779578342
462.43600000003664,2.461381884173898
462.44000000003666,20.21770455033167
462.4440000000366,39.45921712885979
462.44800000003664,21.292888296587833
462.45200000003666,25.682403672710876
462.4560000000366,-28.850742014781783
462.46000000003664,3.6193808556357867
462.46400000003666,-18.914394536645567
462.4680000000366,-30.096138546542115
462.47200000003664,26.490973524484254
462.47600000003666,-0.9420921401455431
462.4800000000366,-25.78450571285115
462.48400000003664,0.801172883868992
462.48800000003666,-18.31716964780271
462.4920000000366,8.67140768457606
462.49600000003664,29.331108832790903
462.50000000003666,16.46841222191682
462.5040000000367,-11.038516580774099
462.50800000003665,8.54447528988525
462.51200000003666,-7.4116529806054805
462.5160000000367,9.3291600551302
462.52000000003665,18.81749083655438
462.52400000003666,-20.21864591688756
462.5280000000367,-5.864012092306678
462.53200000003665,3.038217957610714
462.53600000003667,-12.211893638813606
462.5400000000367,9.894495292847116
462.54400000003665,-5.039367350709317
462.54800000003667,1.90398084553156
462.5520000000367,12.461772678504094
462.55600000003665,-14.631172347327851
462.56000000003667,32.55226478991891
462.5640000000367,5.297427055225909
462.56800000003665,9.658335105387671
462.57200000003667,22.100259080479262
462.5760000000367,-14.920169235024577
462.58000000003665,0.22959137805787844
462.58400000003667,-22.919520109794924
462.5880000000367,-11.775738724963675
462.59200000003665,10.639232669045155
462.59600000003667,7.907809579475356
462.6000000000367,-7.062344801480968
462.6040000000367,-28.950413998595504
462.60800000003667,1.7633207687958214
462.6120000000367,1.5875943285963474
462.6160000000367,-0.4453994666786101
462.62000000003667,24.580067232713656
462.6240000000367,20.616362785747658
462.6280000000367,24.35346530207988
462.63200000003667,7.067115082790242
462.6360000000367,-12.573831112940487
462.6400000000367,5.563259990104446
462.64400000003667,-10.723865131773191
462.6480000000367,-1.9652837568993404
462.6520000000367,20.82601698092411
462.65600000003667,-7.512474656048921
462.6600000000367,-17.41531331355567
462.6640000000367,-4.371262172891042
462.66800000003667,9.295918870813823
462.6720000000367,-1.8470917974550614
462.6760000000367,-13.95357897355135
462.68000000003667,-13.97075323463054
462.6840000000367,5.41582191489928
462.6880000000367,-46.843894563121815
462.69200000003667,-2.2264104790391976
462.6960000000367,2.8017356192092215
462.7000000000367,-13.722211634099775
462.70400000003673,15.134073816690188
462.7080000000367,-16.622142255015444
462.7120000000367,-8.695235480949862
462.71600000003673,-40.70386871889653
462.7200000000367,6.935579055860822
462.7240000000367,16.220744616508114
462.72800000003673,9.357936373275406
462.7320000000367,-14.09605749464976
462.7360000000367,6.475629462695223
462.74000000003673,-0.07833085863170464
462.7440000000367,12.568604518586406
462.7480000000367,0.573715430453761
462.75200000003673,-10.863367284309616
462.7560000000367,-35.35283024200865
462.7600000000367,24.34713380072055
462.76400000003673,24.093158923791997
462.7680000000367,-17.25131573571821
462.7720000000367,-7.618387901887589
462.77600000003673,3.296321929828035
462.7800000000367,15.97600624040108
462.7840000000367,5.1254067774663525
462.78800000003673,5.58672268217978
462.7920000000367,-19.936167037848897
462.7960000000367,-11.266832614822887
462.80000000003673,4.555143699930762
462.80400000003675,5.338410135430603
462.8080000000367,2.981568909105757
462.81200000003673,-14.67783844304517
462.81600000003675,-1.2403474352452166
462.8200000000367,19.800245687082562
462.82400000003673,-9.403256625007781
462.82800000003675,21.38174713659341
462.8320000000367,-6.143365918516319
462.83600000003673,11.971356198907197
462.84000000003675,19.516847212590054
462.8440000000367,0.5097304422852291
462.84800000003673,-27.040388251512734
462.85200000003675,-39.8825613678942
462.8560000000367,-12.26312918561554
462.86000000003673,-7.655324263713647
462.86400000003675,-0.23479571764330853
462.8680000000367,-12.37042750426961
462.87200000003673,8.821110769677007
462.87600000003675,-8.527509826504563
462.8800000000367,1.3262286785939295
462.88400000003674,18.460444245778948
462.88800000003675,-31.055349787173302
462.8920000000367,27.76546093519189
462.89600000003674,0.8314674314520247
462.90000000003675,7.46242506504629
462.9040000000368,-7.98658534623968
462.90800000003674,-15.920026180903289
462.91200000003676,5.822018592026742
462.9160000000368,-5.96345197780239
462.92000000003674,-0.8163601432518686
462.92400000003676,-11.50860674606481
462.9280000000368,16.05003172991448
462.93200000003674,-23.11575080970916
462.93600000003676,16.03940504001976
462.9400000000368,0.8307707366900088
462.94400000003674,-13.354682710754659
462.94800000003676,11.26200750631235
462.9520000000368,12.068186271396645
462.95600000003674,16.623270618101504
462.96000000003676,12.317508807840557
462.9640000000368,12.38379388493363
462.96800000003674,26.61835008736055
462.97200000003676,29.42296868932648
462.9760000000368,19.224427657203098
462.98000000003674,-5.284248622196467
462.98400000003676,22.399754827556592
462.9880000000368,-12.989406603518445
462.99200000003674,18.410457488544992
462.99600000003676,1.3248595777942815
463.0000000000368,-1.185935983165031
463.0040000000368,-27.02643684338358
463.00800000003676,-12.062266017276363
463.0120000000368,1.4268244745588838
463.0160000000368,-15.58349265917291
463.02000000003676,-12.280198422058358
463.0240000000368,-6.2479516665299135
463.0280000000368,-15.079697262165109
463.03200000003676,17.686859990228964
463.0360000000368,-41.902063185553686
463.0400000000368,-16.291507547631582
463.04400000003676,-17.63777280987875
463.0480000000368,19.788348643110474
463.0520000000368,-33.96500339329916
463.05600000003676,-30.097283310426853
463.0600000000368,-14.551138553068606
463.0640000000368,0.16218575047851713
463.06800000003676,-3.3284397555204635
463.0720000000368,1.7677994780136466
463.0760000000368,5.562812824781702
463.08000000003676,-18.838006529402218
463.0840000000368,-25.835349937682516
463.0880000000368,-5.589946983225661
463.09200000003676,4.929938997593752
463.0960000000368,-24.06765155707379
463.1000000000368,8.161117877826273
463.1040000000368,-19.8254764964914
463.1080000000368,-2.2448366137407314
463.1120000000368,-18.130726473443648
463.1160000000368,-12.83137295140219
463.1200000000368,7.984415750496635
463.1240000000368,18.26954921798678
463.1280000000368,-13.536425416538
463.1320000000368,9.265424034914894
463.1360000000368,13.932680924488263
463.1400000000368,-34.6722686953989
463.1440000000368,-4.530954303174371
463.1480000000368,8.419443408752247
463.1520000000368,15.465973549485504
463.1560000000368,-22.229850426347284
463.1600000000368,-24.21642858258258
463.1640000000368,20.574815908051942
463.1680000000368,39.79886352867634
463.1720000000368,-33.97830920007701
463.1760000000368,-42.27671973726047
463.1800000000368,-5.551490930150727
463.1840000000368,20.33342834056622
463.1880000000368,0.7566284833916832
463.1920000000368,-34.553252611402165
463.1960000000368,-18.51420969495055
463.2000000000368,10.843944921253826
463.20400000003684,0.18469576070273597
463.2080000000368,15.373920726196708
463.2120000000368,-5.750256220634052
463.21600000003684,20.38558020351237
463.2200000000368,16.476552474464214
463.2240000000368,17.259065814642163
463.22800000003684,6.478189037919014
463.2320000000368,11.424022947934123
463.2360000000368,34.40358879668013
463.24000000003684,13.81389745581202
463.2440000000368,-19.62866732462274
463.2480000000368,21.432456904454714
463.25200000003684,29.3067633412404
463.2560000000368,19.934251902449926
463.2600000000368,14.478644531495895
463.26400000003684,-7.314152265551031
463.2680000000368,20.830804338206125
463.2720000000368,3.9813117549875314
463.27600000003684,20.71227149190972
463.2800000000368,-12.430174157280234
463.2840000000368,-0.8497502123800942
463.28800000003685,1.3276688910098606
463.2920000000368,-26.852543594534627
463.2960000000368,17.859939228809033
463.30000000003685,26.476670085044
463.30400000003687,8.983757409851725
463.3080000000368,9.605290606375288
463.31200000003685,3.6540236626645584
463.31600000003687,12.879647836894463
463.3200000000368,-40.183949862170856
463.32400000003685,-14.562026886117568
463.32800000003687,-4.581848198816197
463.3320000000368,36.79515493981807
463.33600000003685,-7.362118598918997
463.34000000003687,2.0715430416491944
463.34400000003683,-23.96882533582248
463.34800000003685,19.25605211076614
463.35200000003687,-7.4872248006458655
463.35600000003683,17.159685250860598
463.36000000003685,-2.3303631928523045
463.36400000003687,34.97334611191337
463.36800000003683,-8.247060088255427
463.37200000003685,22.13589302218483
463.37600000003687,28.267848475560992
463.38000000003683,14.222862440828514
463.38400000003685,0.25476555935759926
463.38800000003687,-25.695084612551845
463.39200000003683,-8.850015733501255
463.39600000003685,14.476841695055382
463.40000000003687,24.814455615082974
463.4040000000369,11.621342632780028
463.40800000003685,14.015047230137618
463.41200000003687,25.129986595954385
463.4160000000369,2.5678372641232006
463.42000000003685,18.882986125644646
463.42400000003687,-23.898703335136396
463.4280000000369,-12.693145782766951
463.43200000003685,-27.983813528028957
463.43600000003687,-9.211611898739571
463.4400000000369,21.816491922009185
463.44400000003685,12.084225802922154
463.44800000003687,1.1512556690701135
463.4520000000369,13.852145361951859
463.45600000003685,-13.254472608278476
463.46000000003687,-6.6875966897234775
463.4640000000369,2.17975905712521
463.46800000003685,-33.27859884670201
463.47200000003687,-28.563781871851226
463.4760000000369,-6.538334497797505
463.48000000003685,-24.52563109086522
463.4840000000369,-17.753851521313177
463.4880000000369,-7.704950140290464
463.49200000003685,11.84886343341501
463.4960000000369,23.653945654143627
463.5000000000369,-17.85724052334902
463.5040000000369,-12.383805103080654
463.5080000000369,-4.659497459100447
463.5120000000369,-1.8116996206791223
463.5160000000369,-5.6364337555042665
463.5200000000369,-11.11444242212666
463.5240000000369,5.482127199288031
463.5280000000369,6.826310548888543
463.5320000000369,17.37988888014455
463.5360000000369,-12.172315012692813
463.5400000000369,29.21428906417956
463.5440000000369,-2.8403674543950483
463.5480000000369,12.623079590754923
463.5520000000369,-2.220574856920854
463.5560000000369,2.638676962710279
463.5600000000369,10.295698839614005
463.5640000000369,-29.462023246237937
463.5680000000369,-10.306318379155062
463.5720000000369,-36.4047176309886
463.5760000000369,-11.671002549547863
463.5800000000369,4.754914839469102
463.5840000000369,13.12501325246016
463.5880000000369,-4.473551777051931
463.5920000000369,22.96537448440972
463.5960000000369,8.79537831206353
463.6000000000369,21.931397963518425
463.60400000003693,19.762040955215365
463.6080000000369,-26.62412546466166
463.6120000000369,-8.75526851609321
463.61600000003693,18.681019006154624
463.6200000000369,-15.307755628649812
463.6240000000369,17.375086740108067
463.62800000003693,-15.101526228067812
463.6320000000369,17.097863801035583
463.6360000000369,-0.18848189411046573
463.64000000003693,-4.9485413746936615
463.6440000000369,24.494238512572196
463.6480000000369,27.545924189345676
463.65200000003694,1.9229037924054078
463.6560000000369,-1.4403006242171212
463.6600000000369,1.2975209583819947
463.66400000003694,4.806174917225279
463.6680000000369,2.3198289696734533
463.6720000000369,-34.00743448908043
463.67600000003694,0.4707004020378047
463.6800000000369,1.235363041981798
463.6840000000369,18.031611069420627
463.68800000003694,11.468754218594018
463.6920000000369,-11.119841108182221
463.6960000000369,-12.620270681043296
463.70000000003694,0.09202406433475296
463.70400000003696,10.097530190603106
463.7080000000369,-19.348485215777448
463.71200000003694,5.12408481014382
463.71600000003696,-3.4254136231940646
463.7200000000369,7.0301926070284795
463.72400000003694,15.945015272348826
463.72800000003696,-19.337266071382867
463.7320000000369,19.120319463838314
463.73600000003694,-1.435982166159496
463.74000000003696,-19.978557334114207
463.7440000000369,-8.771242693981376
463.74800000003694,-12.00988683308823
463.75200000003696,16.213615470920065
463.7560000000369,10.99886191964495
463.76000000003694,30.019615549455875
463.76400000003696,7.33993517923644
463.7680000000369,-13.567068154842108
463.77200000003694,-12.089077021428183
463.77600000003696,-9.173370549554651
463.7800000000369,15.731251450990724
463.78400000003694,7.617063041070009
463.78800000003696,-23.685565313276058
463.7920000000369,3.244204526002039
463.79600000003694,-12.118185496904099
463.80000000003696,13.451507878533445
463.804000000037,-16.291344533484864
463.80800000003694,2.3912518941969236
463.81200000003696,-17.60123696671773
463.816000000037,5.359157408202153
463.82000000003694,6.850483531010816
463.82400000003696,5.1053802549091465
463.828000000037,-1.3224834077517627
463.83200000003694,0.5191599521013659
463.83600000003696,13.87645697111983
463.840000000037,-10.299808236467673
463.84400000003694,-18.342389871013527
463.84800000003696,22.57392888416672
463.852000000037,-19.266362533855748
463.85600000003694,0.5888485764669298
463.86000000003696,3.4908402401884575
463.864000000037,37.24137243288147
463.86800000003694,-14.872933860260217
463.87200000003696,-6.894640570395092
463.876000000037,13.77180811452087
463.88000000003694,18.41729805343337
463.88400000003696,25.852821681372976
463.888000000037,8.617477316362688
463.89200000003694,-13.806282578441524
463.89600000003696,-15.2290899846717
463.900000000037,4.389802532499854
463.904000000037,-19.26108780254188
463.90800000003696,20.345977016900815
463.912000000037,8.673649397488902
463.916000000037,13.720378569283813
463.92000000003696,0.2877009063352013
463.924000000037,1.3353287170544603
463.928000000037,2.0435526131911743
463.93200000003696,-0.8814485999651505
463.936000000037,8.183224906478994
463.940000000037,24.031450643132537
463.94400000003697,17.12165112095861
463.948000000037,-16.78342991881497
463.952000000037,-2.6598720821977975
463.95600000003697,-18.327164029491595
463.960000000037,13.944885070458852
463.964000000037,-8.293653688476171
463.96800000003697,-17.300069775665026
463.972000000037,8.548677511749622
463.976000000037,-12.730445923070338
463.98000000003697,-2.3989420991487576
463.984000000037,-5.2547860417674706
463.988000000037,15.53630390214466
463.99200000003697,11.109404968804624
463.996000000037,-15.645069627164935
464.000000000037,-0.5204046268614602
464.004000000037,3.007117897473621
464.008000000037,-6.236004125016638
464.012000000037,-10.889835504818281
464.016000000037,-25.77498178150786
464.020000000037,18.334556824566775
464.024000000037,-22.440433368476235
464.028000000037,-6.281173162025051
464.032000000037,-27.845471587091982
464.036000000037,-7.722251592065457
464.040000000037,-18.13405991558941
464.044000000037,11.29098253883082
464.048000000037,-15.237442855297381
464.052000000037,-10.176633351751597
464.056000000037,22.218598187016305
464.060000000037,-4.44579578459336
464.064000000037,-4.755478909902424
464.068000000037,-13.838714083290563
464.072000000037,-9.007597725496998
464.076000000037,2.033343739281796
464.080000000037,11.08826254158313
464.084000000037,-23.49016504729409
464.088000000037,-16.246686454782623
464.092000000037,16.493184291150797
464.096000000037,-12.83618317413083
464.100000000037,29.87381820974143
464.10400000003705,-1.245044687607538
464.108000000037,-8.902650868800876
464.112000000037,12.23233184362673
464.11600000003705,-10.254628171177137
464.120000000037,3.6456559933359514
464.12400000003703,-13.228721925081027
464.12800000003705,-29.141246762702956
464.132000000037,-7.66008624015303
464.13600000003703,-15.852842960298755
464.14000000003705,-17.196922934482522
464.144000000037,10.578676930628749
464.14800000003703,11.390533421298937
464.15200000003705,21.007684678797887
464.156000000037,-6.141859709347901
464.16000000003703,-3.5391448182654033
464.16400000003705,4.774086189814912
464.168000000037,-12.01199379962932
464.17200000003703,-3.76375079871743
464.17600000003705,-18.861172138151755
464.180000000037,-10.625999105311081
464.18400000003703,8.044428635101802
464.18800000003705,-2.729851010805737
464.192000000037,-17.888852191599916
464.19600000003703,2.158705497038473
464.20000000003705,-40.09992831553467
464.20400000003707,1.5879924386109427
464.20800000003703,12.002983244621978
464.21200000003705,14.729817895964318
464.21600000003707,-7.919289318441351
464.22000000003703,-5.153441494519407
464.22400000003705,1.4079779437880717
464.22800000003707,-40.749770830297
464.23200000003703,-1.9302975824721171
464.23600000003705,4.406326586883123
464.24000000003707,9.228881324410551
464.24400000003703,-8.502541282446971
464.24800000003705,-1.6539454706503998
464.25200000003707,-2.5538369311522864
464.25600000003703,16.54908459352937
464.26000000003705,40.121052554624676
464.2640000000371,-14.7375229383779
464.26800000003703,8.084236229102899
464.27200000003705,16.63611534887051
464.2760000000371,-1.59926230324431
464.28000000003703,15.228068490181778
464.28400000003705,14.32316247102808
464.2880000000371,-13.456694432067591
464.29200000003704,-3.8001764742843926
464.29600000003705,-27.03333941658979
464.3000000000371,25.97322299391863
464.3040000000371,7.388334498658697
464.30800000003705,33.86666259872103
464.3120000000371,-26.765208890410257
464.3160000000371,2.6485469913149235
464.32000000003706,3.3412531929146376
464.3240000000371,22.04306118368196
464.3280000000371,15.155798637919153
464.33200000003706,36.20515919264358
464.3360000000371,25.17401748266331
464.3400000000371,18.774726755360955
464.34400000003706,7.548662424145777
464.3480000000371,-21.926973690335
464.3520000000371,-25.193873553281787
464.35600000003706,6.554504548152085
464.3600000000371,16.450989024511294
464.3640000000371,-19.733251272989207
464.36800000003706,-2.3179816645974856
464.3720000000371,20.094884324107774
464.3760000000371,-4.430672220288855
464.38000000003706,-35.74158782313576
464.3840000000371,-6.730402635412169
464.3880000000371,9.78195808393711
464.39200000003706,10.489611177961567
464.3960000000371,19.367153545282434
464.4000000000371,20.793082445059735
464.4040000000371,4.070904716205005
464.4080000000371,-3.5830858097827036
464.4120000000371,-5.138037855880299
464.4160000000371,43.451226353187735
464.4200000000371,-22.127408044228208
464.4240000000371,4.486427004453333
464.4280000000371,24.232239204425703
464.4320000000371,-8.077128226675095
464.4360000000371,37.58581195385241
464.4400000000371,-13.314552664787936
464.4440000000371,-6.556136457520382
464.4480000000371,13.513500403863265
464.4520000000371,-25.693625895748816
464.4560000000371,31.894182641677553
464.4600000000371,-4.8659857114998974
464.4640000000371,19.008851655436096
464.4680000000371,21.122070710659667
464.4720000000371,-36.44049564182859
464.4760000000371,14.792688330003243
464.4800000000371,-28.810830065821257
464.4840000000371,-6.73148612778583
464.4880000000371,6.386638612217625
464.4920000000371,-19.005259648430158
464.4960000000371,12.767465702430282
464.5000000000371,-2.222964950767743
464.50400000003714,4.647206236753572
464.5080000000371,-6.07575016218139
464.5120000000371,-20.304328319684565
464.51600000003714,13.079518138646542
464.5200000000371,6.649468525383692
464.5240000000371,12.244536259273765
464.52800000003714,-5.806751658303165
464.5320000000371,11.643536730462177
464.5360000000371,10.09364745238464
464.54000000003714,27.976534322906932
464.5440000000371,12.519235960592
464.5480000000371,0.16145822424491296
464.55200000003714,-9.482252117650429
464.5560000000371,13.846472556392845
464.5600000000371,26.30520239043854
464.56400000003714,-2.4012475173401655
464.5680000000371,19.665362079294646
464.5720000000371,-5.7825766907290195
464.57600000003714,-13.844634647355054
464.5800000000371,3.595352181590174
464.5840000000371,15.67769487769104
464.58800000003714,-26.213869287647608
464.5920000000371,4.169330065568017
464.5960000000371,8.496814939567432
464.60000000003714,15.936276536158218
464.60400000003716,-25.082786702639012
464.6080000000371,-5.031949639335952
464.61200000003714,-0.3617445484676199
464.61600000003716,32.37982613037826
464.6200000000371,29.124184505504587
464.62400000003714,42.49437259344202
464.62800000003716,25.79912882029261
464.6320000000371,8.209125094842031
464.63600000003714,2.5450098498349485
464.64000000003716,19.240257179238398
464.6440000000371,22.24151224906063
464.64800000003714,-4.7370420420877
464.65200000003716,-30.815831176247666
464.6560000000371,-2.30829143190571
464.66000000003714,-3.6528103007206063
464.66400000003716,3.1123068007651136
464.6680000000371,5.145115045176116
464.67200000003714,14.55481904079512
464.67600000003716,-1.6031135215568062
464.6800000000371,5.697395911653302
464.68400000003714,-12.73323306408028
464.68800000003716,12.52945179746781
464.6920000000371,-11.832230717281677
464.69600000003715,-10.297452871209021
464.70000000003716,-19.721567068361423
464.7040000000372,2.0110284717339306
464.70800000003715,0.7564372197344673
464.71200000003716,-1.6911708902075078
464.7160000000372,-3.532798905695727
464.72000000003715,-13.367813896278607
464.72400000003717,-5.367819285460403
464.7280000000372,17.181209269484988
464.73200000003715,-8.350017323756932
464.73600000003717,15.20085208420181
464.7400000000372,3.844728194898454
464.74400000003715,-25.66545661997913
464.74800000003717,18.238346920901897
464.7520000000372,-24.314922828789978
464.75600000003715,15.904892520102862
464.76000000003717,-26.644869500231735
464.7640000000372,-29.67253407820054
464.76800000003715,-17.018853125176904
464.77200000003717,14.865006025304305
464.7760000000372,23.84370969121015
464.78000000003715,-1.5217277046904234
464.78400000003717,-29.867134747794005
464.7880000000372,5.213574732488317
464.79200000003715,24.728768892472942
464.79600000003717,13.966143060073174
464.8000000000372,17.156996865818744
464.8040000000372,11.578248948080105
464.80800000003717,6.9461960707771695
464.8120000000372,-12.749805220829442
464.8160000000372,21.598144406554177
464.82000000003717,1.3473154963530007
464.8240000000372,18.906849569016867
464.8280000000372,-16.155561762607608
464.83200000003717,6.360023534795835
464.8360000000372,4.403250089597175
464.8400000000372,8.564870894126196
464.84400000003717,-10.20350200649511
464.8480000000372,10.769492478169086
464.8520000000372,-24.578283235228472
464.85600000003717,17.553457882795588
464.8600000000372,7.696396540801137
464.8640000000372,5.4821367258959315
464.86800000003717,2.191059566432337
464.8720000000372,13.619696052150514
464.8760000000372,18.51290258463444
464.88000000003717,16.236707655615042
464.8840000000372,1.1137145106872555
464.8880000000372,-0.21897435650533548
464.89200000003717,-4.135622281476678
464.8960000000372,-6.219446984605911
464.9000000000372,-7.145668321561336
464.90400000003723,5.445304291920836
464.9080000000372,2.0968176858877525
464.9120000000372,-11.567413058618767
464.91600000003723,0.6090313292076583
464.9200000000372,2.475475327029497
464.9240000000372,-3.6665518125756447
464.92800000003723,16.568992347186374
464.9320000000372,-16.684695561525146
464.9360000000372,-19.29547790401246
464.94000000003723,20.811570682070244
464.9440000000372,1.6227553975853857
464.9480000000372,19.831390614222432
464.95200000003723,29.48543462571623
464.9560000000372,4.9305300355001584
464.9600000000372,-33.06386008139696
464.96400000003723,3.421239899124595
464.9680000000372,-40.50410996826862
464.9720000000372,-1.5982187882789005
464.97600000003723,-15.501893590873117
464.9800000000372,8.532546693871627
464.9840000000372,1.2386564077921252
464.98800000003723,-7.948093196143741
464.9920000000372,-4.218921219108676
464.9960000000372,-5.58319955766549
465.00000000003723,18.233353171314793
465.00400000003725,-1.580743647832684
465.0080000000372,-20.987195073377155
465.01200000003723,18.46028588192353
465.01600000003725,-3.8209071174281646
465.0200000000372,-34.26464587331117
465.02400000003723,-19.248896442485275
465.02800000003725,-14.019339679973287
465.0320000000372,-10.730461683357047
465.03600000003723,-11.774667230202132
465.04000000003725,-20.683042195680468
465.0440000000372,8.883505184533
465.04800000003723,3.757342028979803
465.05200000003725,16.27149099184972
465.0560000000372,7.628620503968961
465.06000000003723,-4.925782086833925
465.06400000003725,16.529271612277267
465.0680000000372,-7.429030845959852
465.07200000003724,-23.49312156356222
465.07600000003725,-9.940472815969036
465.0800000000372,-39.36613234763856
465.08400000003724,11.58578405148477
465.08800000003725,-5.449261082976944
465.0920000000372,3.7361232620176463
465.09600000003724,27.83980784521122
465.10000000003726,10.815410881114714
465.1040000000373,4.831831413798849
465.10800000003724,2.8133814514158395
465.11200000003726,3.733332048842211
465.1160000000373,-32.83388694173186
465.12000000003724,12.003461512836381
465.12400000003726,-18.381510182753246
465.1280000000373,-1.604238645329031
465.13200000003724,20.62521873022506
465.13600000003726,31.670386461691432
465.1400000000373,-2.769217280937742
465.14400000003724,24.520456276164577
465.14800000003726,-5.277979677063617
465.1520000000373,-19.38382339650203
465.15600000003724,-30.530859843109734
465.16000000003726,-1.3849109912048008
465.1640000000373,27.62949869549675
465.16800000003724,11.735672929712859
465.17200000003726,-5.862824105802414
465.1760000000373,-15.566740580227908
465.18000000003724,10.319594794391639
465.18400000003726,22.245969389955363
465.1880000000373,33.835773683014416
465.19200000003724,-3.464507260919147
465.19600000003726,-11.470129977255848
465.2000000000373,11.964330100287304
465.2040000000373,18.832088946227742
465.20800000003726,-4.517347560122793
465.2120000000373,11.106151895179494
465.2160000000373,-34.04667713488104
465.22000000003726,28.63067528682704
465.2240000000373,-6.062820082610822
465.2280000000373,18.2576844342181
465.23200000003726,22.006119477107887
465.2360000000373,-19.078115058813435
465.2400000000373,-19.537992636324283
465.24400000003726,-3.6327586870327577
465.2480000000373,-38.15698451432535
465.2520000000373,-13.21763592768851
465.25600000003726,-9.180085333142868
465.2600000000373,23.652128302578642
465.2640000000373,-1.8416243556075955
465.26800000003726,-20.4820852611265
465.2720000000373,-22.313720361491868
465.2760000000373,-11.607859464021296
465.28000000003726,-14.870377654505127
465.2840000000373,9.60346194087947
465.2880000000373,-26.63357637885694
465.29200000003726,-6.709327857614262
465.2960000000373,-21.902044058942096
465.3000000000373,-5.648087930308975
465.3040000000373,-4.945927181709159
465.3080000000373,-18.006325272665467
465.3120000000373,-6.345259316629367
465.3160000000373,-4.121549849856784
465.3200000000373,8.184885173820092
465.3240000000373,21.103990859903842
465.3280000000373,-8.341175595367456
465.3320000000373,-8.390842792180676
465.3360000000373,-31.331706276052753
465.3400000000373,1.8750031596771035
465.3440000000373,7.00945353348922
465.3480000000373,5.58406056679801
465.3520000000373,-0.2971086137684679
465.3560000000373,22.951878624687573
465.3600000000373,18.09027856088509
465.3640000000373,-21.374748973436787
465.3680000000373,-18.36190132113819
465.3720000000373,18.55824818436871
465.3760000000373,5.779952501895934
465.3800000000373,7.33355815090242
465.3840000000373,11.322398696222372
465.3880000000373,-19.39586707182971
465.3920000000373,14.243368481951025
465.3960000000373,-5.216095961592168
465.4000000000373,-4.952229902657341
465.40400000003734,-15.28264179937014
465.4080000000373,-15.982730819319826
465.4120000000373,-26.63444156436456
465.41600000003734,-16.233313125157192
465.4200000000373,12.239865670697068
465.4240000000373,7.3474779147509865
465.42800000003734,-12.498149298005595
465.4320000000373,-6.197765740087302
465.4360000000373,18.35752193681763
465.44000000003734,30.10642853175188
465.4440000000373,-12.257624695689003
465.4480000000373,13.10120464503914
465.45200000003734,-14.574613471112585
465.4560000000373,10.117894952170184
465.4600000000373,7.863939032158283
465.46400000003734,-4.953130553407913
465.4680000000373,18.349017168398788
465.4720000000373,1.481082138659045
465.47600000003735,-24.93384361004713
465.4800000000373,-29.925188974831205
465.4840000000373,20.83847987258519
465.48800000003735,-34.66986367898251
465.4920000000373,-9.20081376995518
465.4960000000373,6.405995818673904
465.50000000003735,31.201385948835316
465.50400000003737,-9.7641087505418
465.5080000000373,-26.446234101821833
465.51200000003735,7.6155262861275
465.51600000003737,-4.032707105290487
465.5200000000373,-7.977461860095652
465.52400000003735,4.309591803196492
465.52800000003737,12.994250420304613
465.5320000000373,-2.365957904724618
465.53600000003735,2.399360064989735
465.54000000003737,-13.242121749630085
465.54400000003733,6.210787199140514
465.54800000003735,-21.31371564487284
465.55200000003737,-5.026010263911622
465.55600000003733,-41.42357762963343
465.56000000003735,13.335957004570824
465.56400000003737,18.910998232421655
465.56800000003733,4.119069439035969
465.57200000003735,21.299590410989794
465.57600000003737,-17.532297227859758
465.58000000003733,-2.8717047953973576
465.58400000003735,-12.519797449591296
465.58800000003737,10.58869733503633
465.59200000003733,-30.025179807754522
465.59600000003735,12.772771711045493
465.60000000003737,9.527703704145571
465.6040000000374,4.173946274879441
465.60800000003735,-30.12542833757994
465.61200000003737,-9.579203744514864
465.6160000000374,-1.5276395470235375
465.62000000003735,5.390956431304887
465.62400000003737,-9.702957878881753
465.6280000000374,16.51507468379081
465.63200000003735,10.439914352586918
465.63600000003737,-2.5743077059033777
465.6400000000374,0.6896038483533398
465.64400000003735,4.015626968283399
465.64800000003737,-24.741093576763973
465.6520000000374,5.731373747242022
465.65600000003735,8.516039027487029
465.66000000003737,10.236997602058397
465.6640000000374,-6.9951836056957735
465.66800000003735,9.932961427103441
465.6720000000374,-5.369537007218492
465.6760000000374,36.82638916469116
465.68000000003735,-2.4954731254039157
465.6840000000374,44.78638802585821
465.6880000000374,-13.912045419951866
465.69200000003735,3.767140847244572
465.6960000000374,17.13618456179113
465.7000000000374,-8.077222260600823
465.7040000000374,-18.97522362086324
465.7080000000374,-2.02911491563679
465.7120000000374,-18.36822737145766
465.7160000000374,27.496062847840786
465.7200000000374,-16.252516115776803
465.7240000000374,2.9170154796516283
465.7280000000374,23.05546584444363
465.7320000000374,-0.3111249814893994
465.7360000000374,-3.791869969965277
465.7400000000374,-14.164101834934568
465.7440000000374,2.2151590433040274
465.7480000000374,11.65820858187136
465.7520000000374,-1.6233021443609807
465.7560000000374,19.01258889505328
465.7600000000374,-8.217244428334029
465.7640000000374,-23.844927681919884
465.7680000000374,17.929107481996873
465.7720000000374,15.071934953613178
465.7760000000374,-5.816941878637804
465.7800000000374,19.66594160714613
465.7840000000374,2.676322482270737
465.7880000000374,-17.511839822505127
465.7920000000374,-5.405691842369382
465.7960000000374,-20.677357986425683
465.8000000000374,-16.949305693000554
465.80400000003743,23.99205299629814
465.8080000000374,-33.240663127024945
465.8120000000374,-1.3766979878189793
465.81600000003743,17.257699009126465
465.8200000000374,-26.00486298978927
465.8240000000374,-6.338891536931712
465.82800000003743,-0.8873178351950284
465.8320000000374,-14.884341311209383
465.8360000000374,3.4487689804116157
465.84000000003743,-56.59990235467318
465.8440000000374,-5.320748258163926
465.8480000000374,-1.2819350439397037
465.85200000003744,-5.802019804888329
465.8560000000374,-0.4904177455798786
465.8600000000374,15.845163022805204
465.86400000003744,-0.3078379768574443
465.8680000000374,29.07635736001623
465.8720000000374,-20.41430892181439
465.87600000003744,13.601597857874129
465.8800000000374,32.72223080014745
465.8840000000374,-10.667128847411258
465.88800000003744,-7.270492184501358
465.8920000000374,-6.016714541400882
465.8960000000374,-9.026262709504268
465.90000000003744,-36.496400489387725
465.90400000003746,18.050222229155906
465.9080000000374,0.3127309591461258
465.91200000003744,-1.3109482750949906
465.91600000003746,-1.2356520513911518
465.9200000000374,15.173125502791144
465.92400000003744,-9.009304434583573
465.92800000003746,11.816444534133296
465.9320000000374,-0.7279420866081971
465.93600000003744,-12.061837353776458
465.94000000003746,3.6391274752681215
465.9440000000374,7.482953593223012
465.94800000003744,-15.314997880524926
465.95200000003746,-5.034588228019018
465.9560000000374,-17.84170463441639
465.96000000003744,-11.817014267210492
465.96400000003746,-10.03308116828614
465.9680000000374,9.476713309922435
465.97200000003744,0.5721960227877239
465.97600000003746,-4.219136051200428
465.9800000000374,12.097849574322638
465.98400000003744,17.987318113783115
465.98800000003746,-26.377606222627513
465.9920000000374,-4.069565707515174
465.99600000003744,2.1722688871316658
466.00000000003746,13.694398127708723
466.0040000000375,5.531685015371233
466.00800000003744,16.664780160895816
466.01200000003746,-2.798256941289255
466.0160000000375,8.925559946654637
466.02000000003744,-7.880687132179208
466.02400000003746,21.024271345654387
466.0280000000375,-14.83377277290773
466.03200000003744,19.632320045387722
466.03600000003746,18.558526096214877
466.0400000000375,-11.58249385684418
466.04400000003744,17.15490311572943
466.04800000003746,-12.682121565548915
466.0520000000375,-6.230783622387809
466.05600000003744,15.819485650759958
466.06000000003746,6.5529543878687955
466.0640000000375,-16.229578338579326
466.06800000003744,-0.773245382393386
466.07200000003746,38.69580471739522
466.0760000000375,17.29922539205614
466.08000000003744,-10.712828441376463
466.08400000003746,23.18960239864711
466.0880000000375,-1.3703632811026178
466.09200000003744,-4.723072355933997
466.09600000003746,12.19924352593278
466.1000000000375,20.47192119220491
466.1040000000375,9.276812420993158
466.10800000003746,0.838845331445329
466.1120000000375,0.9089527755868216
466.1160000000375,0.45118918801920227
466.12000000003746,0.4557648294103398
466.1240000000375,7.317084639991718
466.1280000000375,15.50690545648461
466.13200000003746,1.5531739278030248
466.1360000000375,-35.06483679353504
466.1400000000375,-19.282017079475626
466.14400000003747,48.08471396744672
466.1480000000375,13.749814075536646
466.1520000000375,7.157433315918792
466.15600000003747,0.1682253161279954
466.1600000000375,19.99659491738366
466.1640000000375,-12.303582556659364
466.16800000003747,-24.754762090592592
466.1720000000375,-44.65578767659011
466.1760000000375,-9.901915559889336
466.18000000003747,26.744745473383816
466.1840000000375,31.245799440654608
466.1880000000375,14.366818644420071
466.19200000003747,25.982156433535682
466.1960000000375,34.68408989116464
466.2000000000375,20.220899420021073
466.2040000000375,-28.114266855016496
466.2080000000375,-5.821903621080773
466.2120000000375,1.4523256323527591
466.2160000000375,1.5563618199027696
466.2200000000375,-2.0427979535616254
466.2240000000375,0.29048539880590596
466.2280000000375,1.6359290542053997
466.2320000000375,12.660698688274788
466.2360000000375,-2.7559476743896845
466.2400000000375,6.026151884084419
466.2440000000375,19.733959263230716
466.2480000000375,-28.402273409498257
466.2520000000375,-37.00355303092951
466.2560000000375,-5.729790359782761
466.2600000000375,14.56502856687973
466.2640000000375,-5.767819961034111
466.2680000000375,1.212397146480606
466.2720000000375,-5.005290053669702
466.2760000000375,-9.571613314938999
466.2800000000375,-21.376877576808578
466.2840000000375,-20.1390047576709
466.2880000000375,10.045067665500705
466.2920000000375,-17.22706395714791
466.2960000000375,-19.57381666089738
466.3000000000375,1.7046055674467528
466.30400000003755,-9.212969422043665
466.3080000000375,10.844582777362039
466.31200000003753,-4.91739440880146
466.31600000003755,0.39482996224585243
466.3200000000375,3.9437933771235834
466.32400000003753,6.002914804618433
466.32800000003755,2.4057986025367795
466.3320000000375,14.965195578104474
466.33600000003753,-6.823288549385796
466.34000000003755,-18.383433319395525
466.3440000000375,4.499250173065642
466.34800000003753,8.052861474474806
466.35200000003755,8.04658410307476
466.3560000000375,-7.573840369581729
466.36000000003753,9.480026696354669
466.36400000003755,13.062491569801615
466.3680000000375,-12.722165506686038
466.37200000003753,24.6539499744758
466.37600000003755,12.45466800303931
466.3800000000375,-4.784886738087528
466.38400000003753,43.62863300871543
466.38800000003755,3.4639627373741617
466.3920000000375,18.10938011653431
466.39600000003753,9.869692285295894
466.40000000003755,-27.45012982481411
466.40400000003757,18.071044793621258
466.40800000003753,2.0953279121962805
466.41200000003755,1.5035330677577559
466.41600000003757,16.04272272532009
466.42000000003753,28.687488242567714
466.42400000003755,-10.470529680195636
466.42800000003757,-10.372529998537058
466.43200000003753,0.7102838800469469
466.43600000003755,-1.397696592294789
466.44000000003757,-41.6719149340562
466.44400000003753,27.720301049676998
466.44800000003755,-23.312646848812363
466.4520000000376,14.16010927572792
466.45600000003753,4.018360556522252
466.46000000003755,-26.243244764178208
466.4640000000376,-19.71582714742602
466.46800000003753,-7.606109164879008
466.47200000003755,-16.642363953671804
466.4760000000376,-9.54591663268391
466.48000000003753,21.31055891243657
466.48400000003755,-32.3394138465352
466.4880000000376,-7.3372190940050706
466.49200000003754,14.055041157314024
466.49600000003755,12.958325853728871
466.5000000000376,1.6634945117616384
466.5040000000376,-32.42641790052586
466.50800000003755,6.083315921006258
466.5120000000376,6.341834136283133
466.5160000000376,-10.308695816947331
466.52000000003756,1.3627427654115456
466.5240000000376,19.263989185557378
466.5280000000376,-4.309474190555579
466.53200000003756,28.08765687697587
466.5360000000376,8.406938154863266
466.5400000000376,-10.889601895518439
466.54400000003756,-12.74979454379433
466.5480000000376,17.71437328226417
466.5520000000376,-19.58994599504421
466.55600000003756,4.8069735561257625
466.5600000000376,8.609399898929277
466.5640000000376,-22.91838619726775
466.56800000003756,30.384182432677793
466.5720000000376,-30.530463598856187
466.5760000000376,4.6324473367582
466.58000000003756,7.044318875419188
466.5840000000376,13.540092377633496
466.5880000000376,23.149795120560377
466.59200000003756,17.65499629434113
466.5960000000376,-11.227812124963501
466.6000000000376,16.31359583422814
466.6040000000376,-15.520024813314839
466.6080000000376,17.195255160430833
466.6120000000376,-25.498335800180357
466.6160000000376,-8.090906833667002
466.6200000000376,-1.353504678060427
466.6240000000376,12.835857330482794
466.6280000000376,-4.515037459183992
466.6320000000376,-0.5022123362034554
466.6360000000376,-7.161694593752625
466.6400000000376,41.915022721110255
466.6440000000376,10.143481498906516
466.6480000000376,34.08823968173502
466.6520000000376,-8.774567355746518
466.6560000000376,-10.34690120565527
466.6600000000376,12.030002009579507
466.6640000000376,-30.3864673529073
466.6680000000376,-22.360732015927457
466.6720000000376,-2.3134507546357943
466.6760000000376,5.629776575653846
466.6800000000376,-37.34073706354017
466.6840000000376,4.222753193393144
466.6880000000376,0.6020777242996604
466.6920000000376,7.861025613719239
466.6960000000376,5.205780883259276
466.7000000000376,-28.446164421844873
466.70400000003764,14.171235306745578
466.7080000000376,2.5823845142879556
466.7120000000376,-12.579301343102255
466.71600000003764,2.493425719003585
466.7200000000376,10.645793440391795
466.7240000000376,16.799174152901813
466.72800000003764,-0.6988174605094235
466.7320000000376,-5.291125217071116
466.7360000000376,3.5565948532218545
466.74000000003764,-21.168996969278314
466.7440000000376,21.35967304784466
466.7480000000376,8.839385928102477
466.75200000003764,43.833222371182586
466.7560000000376,3.2425995270127395
466.7600000000376,43.52647960130422
466.76400000003764,-1.626419834507212
466.7680000000376,-2.413323086708136
466.7720000000376,21.60612826437897
466.77600000003764,4.122220199710765
466.7800000000376,20.135647371642538
466.7840000000376,26.322437429010197
466.78800000003764,-12.8367626321898
466.7920000000376,33.43766455092378
466.7960000000376,-11.802336559008708
466.80000000003764,25.09649536694818
466.80400000003766,-3.162935941826626
466.8080000000376,1.3956963902354027
466.81200000003764,11.569591432096137
466.81600000003766,-2.398263792571092
466.8200000000376,-0.9109800627958063
466.82400000003764,-3.4398794433115127
466.82800000003766,-3.6423785715152412
466.8320000000376,4.9330971801690335
466.83600000003764,-0.1287793279690851
466.84000000003766,-35.956805591598055
466.8440000000376,-29.37059875142814
466.84800000003764,12.61875542138368
466.85200000003766,48.21076392124047
466.8560000000376,-8.757798439168596
466.86000000003764,-16.779446565965742
466.86400000003766,-35.5875415135902
466.8680000000376,5.9101924467147935
466.87200000003764,-12.502496822837676
466.87600000003766,27.921815565513214
466.8800000000376,-14.256590886402558
466.88400000003764,-24.153937494814336
466.88800000003766,15.345769247932356
466.8920000000376,-9.650241863575937
466.89600000003765,-39.39545258581791
466.90000000003766,-13.872950205445399
466.9040000000377,-29.583906209943972
466.90800000003765,4.627030296034
466.91200000003766,24.0440079184866
466.9160000000377,12.041503326135095
466.92000000003765,-7.51813979674403
466.92400000003767,-11.827123608657455
466.9280000000377,-5.487186964559454
466.93200000003765,-3.4184074096013912
466.93600000003767,-18.805668127859526
466.9400000000377,-25.619254731788644
466.94400000003765,16.89265564016774
466.94800000003767,-5.8468567882038
466.9520000000377,-5.055708767306309
466.95600000003765,4.763614124503572
466.96000000003767,-14.712672955973574
466.9640000000377,-5.084902163551033
466.96800000003765,-1.4118758659701802
466.97200000003767,31.614596859564728
466.9760000000377,3.6507971326691764
466.98000000003765,16.06037134251924
466.98400000003767,-5.447903023239798
466.9880000000377,11.637393841515582
466.99200000003765,7.020314808388593
466.99600000003767,-10.559067777768167
467.0000000000377,13.209016776507687
467.0040000000377,15.647845735275883
467.00800000003767,-10.600342972277712
467.0120000000377,-41.16357610126549
467.0160000000377,-3.791461101583595
467.02000000003767,3.6733636618285255
467.0240000000377,14.489845803081828
467.0280000000377,21.974393137502176
467.03200000003767,10.979532483094477
467.0360000000377,-6.59745295034794
467.0400000000377,6.598022159357056
467.04400000003767,-7.435020690231255
467.0480000000377,3.034223710692842
467.0520000000377,-3.996045679216364
467.05600000003767,3.328718600446134
467.0600000000377,11.070616685558926
467.0640000000377,-9.100451480441563
467.06800000003767,-28.913981528747986
467.0720000000377,3.4197478829842556
467.0760000000377,11.416667269604481
467.08000000003767,-22.834316574874123
467.0840000000377,6.643632719543673
467.0880000000377,-15.634477060125503
467.0920000000377,12.583709253544347
467.0960000000377,6.080342480252429
467.1000000000377,4.210930263093649
467.10400000003773,19.094848270203066
467.1080000000377,5.487772572421763
467.1120000000377,-8.113059937193231
467.11600000003773,-9.609399814474578
467.1200000000377,-8.44953935998509
467.1240000000377,-21.174835857369956
467.12800000003773,10.186773723278487
467.1320000000377,18.463597344938748
467.1360000000377,8.932539083694735
467.14000000003773,-12.467211187937401
467.1440000000377,16.982292490993274
467.1480000000377,24.132205478466567
467.15200000003773,5.854961322700937
467.1560000000377,2.0343683411333275
467.1600000000377,5.979340103791911
467.16400000003773,33.731065912587646
467.1680000000377,2.8554203994390654
467.1720000000377,-5.137966641114719
467.17600000003773,-11.454886168705514
467.1800000000377,-21.324119736997783
467.1840000000377,-5.884553836412385
467.18800000003773,4.1147492786144255
467.1920000000377,15.438453056859935
467.1960000000377,-24.445991153122346
467.20000000003773,8.941889194502654
467.20400000003775,4.924673179499504
467.2080000000377,-4.7973635382145545
467.21200000003773,17.570283093641685
467.21600000003775,20.617462323461623
467.2200000000377,-27.733792754193594
467.22400000003773,10.277217328920761
467.22800000003775,-29.79433393578312
467.2320000000377,-7.608562327274842
467.23600000003773,-11.277032851077992
467.24000000003775,15.072743743118759
467.2440000000377,9.374371767604906
467.24800000003773,5.466761257853105
467.25200000003775,-10.445239302926058
467.2560000000377,10.830796497571116
467.26000000003773,7.8055243139898955
467.26400000003775,-32.593586105935785
467.2680000000377,-33.76117097813726
467.27200000003774,-0.9260466915672314
467.27600000003775,3.6025702650783877
467.2800000000377,1.9594585230827906
467.28400000003774,-2.462630662906598
467.28800000003775,-2.8433055545612627
467.2920000000377,-4.410542142418084
467.29600000003774,-26.56741589202006
467.30000000003776,14.704099117156087
467.3040000000378,23.038538786343956
467.30800000003774,-23.959741872803892
467.31200000003776,1.3090423813128242
467.3160000000378,25.37155992929703
467.32000000003774,2.409520879667488
467.32400000003776,-11.707216313727729
467.3280000000378,4.103281420775083
467.33200000003774,-6.3802690964993385
467.33600000003776,21.59466322551688
467.3400000000378,-17.19735239548654
467.34400000003774,-33.76809333530224
467.34800000003776,9.167232767401398
467.3520000000378,-2.822212272491804
467.35600000003774,-36.76190181583438
467.36000000003776,-27.546279178295094
467.3640000000378,-7.471065463071859
467.36800000003774,8.305991882269527
467.37200000003776,-0.9918910774927103
467.3760000000378,4.234518905597425
467.38000000003774,0.5153167408002277
467.38400000003776,-14.10515546497979
467.3880000000378,-23.022560578842686
467.39200000003774,-8.589955288431224
467.39600000003776,-13.422183567862842
467.4000000000378,-12.035381188579125
467.4040000000378,-23.689109762647867
467.40800000003776,12.444471273577689
467.4120000000378,7.5525968129401395
467.4160000000378,5.352925372918284
467.42000000003776,-26.354883130777086
467.4240000000378,22.955753824165882
467.4280000000378,-1.5320694839052447
467.43200000003776,-10.457984753801012
467.4360000000378,-33.17280592251414
467.4400000000378,-24.984622232426926
467.44400000003776,-16.22645920416334
467.4480000000378,18.74883650088163
467.4520000000378,15.16323402137964
467.45600000003776,-4.490831150653939
467.4600000000378,12.467051500273438
467.4640000000378,-8.201251294202988
467.46800000003776,-3.9136718646601594
467.4720000000378,-9.357232115269976
467.4760000000378,27.107060516726854
467.48000000003776,-2.912880634459273
467.4840000000378,-19.171086686155892
467.4880000000378,-2.5925820629751772
467.49200000003776,2.381729303750775
467.4960000000378,-8.029252924854301
467.5000000000378,-19.9583755078644
467.5040000000378,28.02554733385694
467.5080000000378,6.3798183610233945
467.5120000000378,1.2367734136623936
467.5160000000378,22.019824532940053
467.5200000000378,-28.60792393929594
467.5240000000378,-11.928097009308967
467.5280000000378,-3.208849453273925
467.5320000000378,-25.74499036241963
467.5360000000378,-9.147706891452415
467.5400000000378,-6.036924818253002
467.5440000000378,-45.554138243581875
467.5480000000378,19.72213335144416
467.5520000000378,12.195711126824252
467.5560000000378,1.6945131409149623
467.5600000000378,12.960206195720316
467.5640000000378,-21.75841494099873
467.5680000000378,-27.271895594402555
467.5720000000378,3.469102073649461
467.5760000000378,-10.466581333940407
467.5800000000378,-15.069437186125619
467.5840000000378,1.4235231156200028
467.5880000000378,12.054014300060762
467.5920000000378,14.809677032948514
467.5960000000378,-1.1946945086315486
467.6000000000378,1.1878127068112339
467.60400000003784,-0.45532155683719755
467.6080000000378,-6.712418203060071
467.6120000000378,-0.6815320676656214
467.61600000003784,-21.7698363961238
467.6200000000378,-2.746306705550928
467.6240000000378,-23.04357582012311
467.62800000003784,13.525455329394383
467.6320000000378,2.1057393814911163
467.6360000000378,8.682195343150708
467.64000000003784,-8.423748507838297
467.6440000000378,11.166067639486155
467.6480000000378,5.622071961422284
467.65200000003784,-14.747510290612109
467.6560000000378,-7.02369699621738
467.6600000000378,-2.4608011927773945
467.66400000003784,14.13461245366549
467.6680000000378,-7.538375024870483
467.6720000000378,1.3477931323127612
467.67600000003785,-4.958298156644748
467.6800000000378,20.892002134585248
467.6840000000378,-47.12811943394328
467.68800000003785,-25.10027453118647
467.6920000000378,-21.799066844617236
467.6960000000378,0.8158022206490037
467.70000000003785,-11.680047163268584
467.70400000003787,18.09387739653253
467.7080000000378,41.58182940378749
467.71200000003785,7.709140138242905
467.71600000003787,-3.874298582911739
467.7200000000378,-0.18471897855752273
467.72400000003785,-2.3111760245585464
467.72800000003787,-21.974259063860515
467.73200000003783,8.673854004395487
467.73600000003785,9.21381018798983
467.74000000003787,-8.801852323833522
467.74400000003783,18.775267481641233
467.74800000003785,11.106689296649341
467.75200000003787,-32.06594792400263
467.75600000003783,-11.233171439404142
467.76000000003785,9.672089230191848
467.76400000003787,3.8245444420391035
467.76800000003783,15.500399415307399
467.77200000003785,-7.03603113963767
467.77600000003787,6.447514005847037
467.78000000003783,15.711677804775318
467.78400000003785,10.865686257318186
467.78800000003787,-2.29817283321034
467.79200000003783,-2.2284149606671995
467.79600000003785,-42.887485469246684
467.80000000003787,3.081007053648098
467.8040000000379,-13.540525369196727
467.80800000003785,30.979534437149223
467.81200000003787,-6.436867198303897
467.8160000000379,-0.20317650806514775
467.82000000003785,16.343614049668115
467.82400000003787,-11.966000712719673
467.8280000000379,13.587218975792883
467.83200000003785,6.766399984758564
467.83600000003787,-27.85219857169836
467.8400000000379,-1.2276762503476277
467.84400000003785,27.799105372172775
467.84800000003787,23.937798644472114
467.8520000000379,9.903856427977983
467.85600000003785,-18.32297545523962
467.86000000003787,-2.8200309900280076
467.8640000000379,-38.24068956965272
467.86800000003785,18.19158893278627
467.8720000000379,-1.806565048263658
467.8760000000379,12.369119907814103
467.88000000003785,24.407933407610958
467.8840000000379,-24.870651746677094
467.8880000000379,-11.538466598884549
467.89200000003785,15.849882936970209
467.8960000000379,-14.514678814429843
467.9000000000379,-0.28369785014920446
467.9040000000379,12.412197861709481
467.9080000000379,5.601755755841108
467.9120000000379,-5.234951342930186
467.9160000000379,-3.8713561135322605
467.9200000000379,-32.366938336771184
467.9240000000379,7.704986692933677
467.9280000000379,-2.219332985446456
467.9320000000379,-15.599626006793372
467.9360000000379,7.727213076223288
467.9400000000379,-6.935591995392617
467.9440000000379,16.95093356532837
467.9480000000379,3.1736634084358433
467.9520000000379,25.01477765666015
467.9560000000379,-13.02598080008017
467.9600000000379,23.409615701819565
467.9640000000379,13.108140944464129
467.9680000000379,-24.678940241453788
467.9720000000379,-9.845163892437098
467.9760000000379,-6.7681747631120075
467.9800000000379,-6.448079360031844
467.9840000000379,-17.015893292155614
467.9880000000379,7.363521527260334
467.9920000000379,-6.100061483122647
467.9960000000379,8.736443893424328
468.0000000000379,6.903220772369476
468.00400000003793,8.783340321097679
468.0080000000379,-21.658310305922562
468.0120000000379,6.646838001715749
468.01600000003793,7.522739080940297
468.0200000000379,-8.319858786823794
468.0240000000379,-21.400513366258913
468.02800000003793,19.091367525760244
468.0320000000379,2.1066507572365762
468.0360000000379,-17.21722882236664
468.04000000003794,-9.29310769398199
468.0440000000379,32.32385073031824
468.0480000000379,-27.152102981211122
468.05200000003794,25.13283703250226
468.0560000000379,6.094882261633865
468.0600000000379,-4.871215725934805
468.06400000003794,36.688881017821416
468.0680000000379,-9.125796186536592
468.0720000000379,9.150542869654808
468.07600000003794,1.8821878831277123
468.0800000000379,15.99311001595052
468.0840000000379,11.025295030420724
468.08800000003794,16.067305459866258
468.0920000000379,9.463338970144601
468.0960000000379,-13.470110013454002
468.10000000003794,-2.6978697567777914
468.10400000003796,24.130979846251776
468.1080000000379,2.194072147065786
468.11200000003794,-7.672342641398563
468.11600000003796,-13.173303693742028
468.1200000000379,4.1651974025696195
468.12400000003794,-5.729127975853871
468.12800000003796,-1.6132959937267364
468.1320000000379,5.161977132341272
468.13600000003794,1.1311825282745342
468.14000000003796,-14.421250387759255
468.1440000000379,2.222507946495608
468.14800000003794,12.967544271279836
468.15200000003796,3.2800674831241583
468.1560000000379,14.779926105623222
468.16000000003794,-7.673835248007871
468.16400000003796,-2.82444995959964
468.1680000000379,8.845371784059871
468.17200000003794,-33.01623395624739
468.17600000003796,5.721219192249219
468.1800000000379,-7.025844501709161
468.18400000003794,-27.107324729791614
468.18800000003796,-6.45190214077034
468.1920000000379,-13.83152507592105
468.19600000003794,-11.493602751442577
468.20000000003796,-14.877074457580225
468.204000000038,-2.159599332095236
468.20800000003794,-22.02386687117335
468.21200000003796,25.80976702434178
468.216000000038,-13.76067116795315
468.22000000003794,-3.567823792027298
468.22400000003796,3.045897090810559
468.228000000038,0.02569245266157072
468.23200000003794,1.278953368709574
468.23600000003796,3.9048966891138313
468.240000000038,3.6225906924710998
468.24400000003794,-0.44987875637824387
468.24800000003796,-21.8542834217831
468.252000000038,36.048665362603735
468.25600000003794,19.476253453401547
468.26000000003796,-16.12084575124993
468.264000000038,-4.456601811194631
468.26800000003794,11.554131991779922
468.27200000003796,-2.301866211545892
468.276000000038,0.759647778559975
468.28000000003794,-12.374145652443618
468.28400000003796,-0.16780687426143004
468.288000000038,3.1402257900456503
468.29200000003794,12.327567189848523
468.29600000003796,15.817033037004393
468.300000000038,12.881890533693756
468.304000000038,21.02779729064207
468.30800000003796,-39.62624146456293
468.312000000038,8.31021970590749
468.316000000038,-4.995140536449772
468.32000000003796,-2.001453034090222
468.324000000038,20.39241196420677
468.328000000038,12.903189104875532
468.33200000003797,-5.905033157623826
468.336000000038,7.797314906089204
468.340000000038,-10.622495441010361
468.34400000003797,43.72602970014779
468.348000000038,-5.134308833949677
468.352000000038,18.111738450316924
468.35600000003797,-6.527153692182852
468.360000000038,-15.652787053234315
468.364000000038,5.128831939915337
468.36800000003797,4.234427619706533
468.372000000038,-4.398816786878994
468.376000000038,4.098723194816326
468.38000000003797,-32.798397709805045
468.384000000038,-6.375885654085601
468.388000000038,11.42562768863474
468.39200000003797,-10.657150822105494
468.396000000038,-3.267421397707365
468.400000000038,12.944901486309488
468.404000000038,-3.0369105130365526
468.408000000038,5.008619513601969
468.412000000038,35.61789556389897
468.416000000038,-6.3843800625620855
468.420000000038,15.332962186843485
468.424000000038,-13.268368696041453
468.428000000038,2.0137054338361433
468.432000000038,-25.94427217812927
468.436000000038,14.059743257701092
468.440000000038,-2.3260383994223583
468.444000000038,18.989156708148723
468.448000000038,-18.57053328457935
468.452000000038,21.55727333810169
468.456000000038,-33.64915093696628
468.460000000038,8.15532190211168
468.464000000038,-30.276575441260842
468.468000000038,3.2171701559476342
468.472000000038,-8.410845070381548
468.476000000038,-0.7369808184790543
468.480000000038,4.008011901375248
468.484000000038,-11.456384387098629
468.488000000038,16.614812874366365
468.492000000038,3.0546046566693206
468.496000000038,1.6413577524415948
468.500000000038,-21.75745368993055
468.50400000003805,-15.794636165489152
468.508000000038,4.569357308699482
468.51200000003803,2.494301721654501
468.51600000003805,-1.8843337225222976
468.520000000038,16.296758937585267
468.52400000003803,13.672288125361645
468.52800000003805,11.769468584184361
468.532000000038,2.3455281293975148
468.53600000003803,-3.580199989661416
468.54000000003805,-2.9348460440623882
468.544000000038,20.306646490602187
468.54800000003803,-1.4374974560048168
468.55200000003805,30.84786485509214
468.556000000038,8.39986515914403
468.56000000003803,14.320344785723282
468.56400000003805,9.158857374333474
468.568000000038,-2.30930634735932
468.57200000003803,3.2205494999136146
468.57600000003805,7.646022584441808
468.580000000038,-12.104377093587479
468.58400000003803,-27.74568041500443
468.58800000003805,-11.341969574075836
468.592000000038,17.429072759466475
468.59600000003803,4.852504609409795
468.60000000003805,2.048545610651023
468.60400000003807,40.30053511937772
468.60800000003803,-30.459725089310485
468.61200000003805,-0.543823099789982
468.61600000003807,-7.821332228565572
468.62000000003803,5.8600440707643
468.62400000003805,-5.018631070529546
468.62800000003807,-13.130597254648057
468.63200000003803,5.676404370874705
468.63600000003805,-7.626007477803516
468.64000000003807,17.727297091910977
468.64400000003803,-0.18487335284505121
468.64800000003805,-6.537853969252731
468.6520000000381,-8.013352970109372
468.65600000003803,2.9392999608099495
468.66000000003805,1.1086285065646801
468.6640000000381,-11.521955460572803
468.66800000003803,15.717948853420793
468.67200000003805,10.805036780598687
468.6760000000381,3.371670509929085
468.68000000003804,-7.559482933411502
468.68400000003805,-18.415486539971575
468.6880000000381,4.260996552489626
468.69200000003804,-7.8875496626436075
468.69600000003805,-32.98613978238644
468.7000000000381,7.151032456547873
468.7040000000381,14.622154390555279
468.70800000003806,3.97389303538772
468.7120000000381,0.984371114721673
468.7160000000381,5.528788576212765
468.72000000003806,-12.112140987042412
468.7240000000381,5.843772370920333
468.7280000000381,0.09965014086852664
468.73200000003806,39.115062582308155
468.7360000000381,12.28979322007221
468.7400000000381,8.365468975530122
468.74400000003806,14.871228239280452
468.7480000000381,36.178208434550776
468.7520000000381,-6.128807930903327
468.75600000003806,-2.076103539200228
468.7600000000381,-2.0187306234238154
468.7640000000381,-30.4561239506924
468.76800000003806,-3.720362338881537
468.7720000000381,1.537116519313076
468.7760000000381,-1.7933408525084666
468.78000000003806,-1.8707841513245345
468.7840000000381,-11.000080657823089
468.7880000000381,-12.611502156040958
468.79200000003806,9.346828039641663
468.7960000000381,5.227463247351785
468.8000000000381,7.553811488412623
468.8040000000381,-18.663460961221926
468.8080000000381,25.079897483745636
468.8120000000381,6.411120483235239
468.8160000000381,10.03756310729735
468.8200000000381,-8.433180583078677
468.8240000000381,20.687574676411117
468.8280000000381,-1.4282751243949183
468.8320000000381,6.944534452123914
468.8360000000381,-2.8906818648281654
468.8400000000381,-7.939169286487699
468.8440000000381,14.587134956659074
468.8480000000381,1.81195874574329
468.8520000000381,-6.814757923087636
468.8560000000381,1.4122048073888396
468.8600000000381,13.916637263020604
468.8640000000381,7.894098016220278
468.8680000000381,5.094578210356568
468.8720000000381,7.097637252401874
468.8760000000381,-6.733369891397958
468.8800000000381,10.020813681248882
468.8840000000381,-2.7949710224742317
468.8880000000381,-0.6504217359426216
468.8920000000381,-23.356703879200854
468.8960000000381,20.75295584168513
468.9000000000381,32.94188737731625
468.90400000003814,-55.447113093414984
468.9080000000381,9.77780193087483
468.9120000000381,9.21006464974891
468.91600000003814,-1.1856512613349057
468.9200000000381,8.875683154557862
468.9240000000381,-29.189656048389523
468.92800000003814,3.1906284774423526
468.9320000000381,27.23423212828712
468.9360000000381,-7.409538053304947
468.94000000003814,26.432880494922813
468.9440000000381,31.282580686139454
468.9480000000381,5.255786307133165
468.95200000003814,28.726863690970948
468.9560000000381,-8.462900269063837
468.9600000000381,7.916679414742791
468.96400000003814,-6.731392193387303
468.9680000000381,22.055267739118737
468.9720000000381,-23.86012802818195
468.97600000003814,-20.663312754428034
468.9800000000381,1.8110948133658387
468.9840000000381,6.378208904284179
468.98800000003814,33.5430091115437
468.9920000000381,17.62732301869013
468.9960000000381,-1.1388094186490363
469.00000000003814,-1.817938263328689
469.00400000003816,4.528379019264243
469.0080000000381,35.58403385187887
469.01200000003814,18.858377293421142
469.01600000003816,15.865221886136098
469.0200000000381,6.238113231470245
469.02400000003814,-12.469202944056944
469.02800000003816,3.6062017905960966
469.0320000000381,-5.29655694538556
469.03600000003814,13.43776839692241
469.04000000003816,18.645937974185102
469.0440000000381,-26.221249485527302
469.04800000003814,-11.338796438935205
469.05200000003816,3.0223449442661816
469.0560000000381,12.205936971631253
469.06000000003814,-25.345331057462637
469.06400000003816,3.78336120545372
469.0680000000381,-13.939535508371925
469.07200000003814,-8.217995647036718
469.07600000003816,-12.028894963355837
469.0800000000381,-4.96550267643233
469.08400000003815,-6.480618714038528
469.08800000003816,-4.9191152459345595
469.0920000000381,6.634962987144977
469.09600000003815,-3.3694689957279564
469.10000000003816,-1.3635216945058726
469.1040000000382,8.96250861017281
469.10800000003815,32.5376823363361
469.11200000003817,-8.170981163110655
469.1160000000382,-13.439415549925332
469.12000000003815,-22.852692538776747
469.12400000003817,2.304681750710043
469.1280000000382,2.688773227538368
469.13200000003815,-12.94719358482051
469.13600000003817,-15.844658223046245
469.1400000000382,7.466070277035014
469.14400000003815,11.871361290740284
469.14800000003817,8.675718616402259
469.1520000000382,13.9255658917644
469.15600000003815,13.439900998478096
469.16000000003817,-23.66561952534643
469.1640000000382,-42.97964169520591
469.16800000003815,8.473600742610582
469.17200000003817,-0.5503038468112573
469.1760000000382,-29.25522129238322
469.18000000003815,-5.822409999218106
469.18400000003817,-3.450538643945568
469.1880000000382,3.620168085842859
469.19200000003815,-6.217168313418943
469.19600000003817,13.213159374249528
469.2000000000382,-3.317844277333746
469.2040000000382,10.634388700584045
469.20800000003817,-11.083838346863821
469.2120000000382,6.3064887704972765
469.2160000000382,2.1486534515771494
469.22000000003817,14.880018059780692
469.2240000000382,-2.918830708633174
469.2280000000382,12.574195500048765
469.23200000003817,7.1915482401271165
469.2360000000382,14.930277184777443
469.2400000000382,0.994351765675641
469.24400000003817,-11.830699008222942
469.2480000000382,9.150522909296466
469.2520000000382,-2.5861516643439955
469.25600000003817,10.586794679985331
469.2600000000382,-14.51729281882111
469.2640000000382,-16.770903983472795
469.26800000003817,-13.317159456277166
469.2720000000382,-19.558472788735425
469.2760000000382,1.1698642129364396
469.28000000003817,-7.2151459191016425
469.2840000000382,17.776056375974093
469.2880000000382,-14.347389468345986
469.2920000000382,12.716906884531973
469.2960000000382,-22.290427198116728
469.3000000000382,-1.9742182999985092
469.30400000003823,-21.78434928816916
469.3080000000382,14.597600524836201
469.3120000000382,-7.993535756638157
469.31600000003823,7.557023525437548
469.3200000000382,1.7047957786208747
469.3240000000382,1.9426695895022066
469.32800000003823,4.95761673264307
469.3320000000382,6.496114173630403
469.3360000000382,0.7050626814657408
469.34000000003823,2.675389501525823
469.3440000000382,-24.897855891871075
469.3480000000382,-0.43135031012323366
469.35200000003823,-1.9486563170523201
469.3560000000382,2.675542647183321
469.3600000000382,-9.382772439520037
469.36400000003823,-18.560518948058697
469.3680000000382,12.213872453594538
469.3720000000382,-6.909472477397726
469.37600000003823,-11.884049534376745
469.3800000000382,-6.70148805600001
469.3840000000382,3.1192370676321337
469.38800000003823,-3.9010380015422577
469.3920000000382,4.940106288644811
469.3960000000382,14.416367943814155
469.40000000003823,18.976343398046218
469.40400000003825,-12.15915441734
469.4080000000382,25.028836616057983
469.41200000003823,0.8615325783526238
469.41600000003825,4.346096737865712
469.4200000000382,2.972615429609923
469.42400000003823,4.242956685573345
469.42800000003825,20.152994825240654
469.4320000000382,1.9821285626293457
469.43600000003823,21.595551343213117
469.44000000003825,-25.546486703945106
469.4440000000382,-5.665279361591887
469.44800000003823,-12.02659854364154
469.45200000003825,-1.1610528731945615
469.4560000000382,12.487662910503925
469.46000000003824,-1.7066546722242961
469.46400000003825,-7.324529195707689
469.4680000000382,32.491487676176746
469.47200000003824,-15.29651802173885
469.47600000003825,-2.924807869598265
469.4800000000382,2.6481341516976804
469.48400000003824,-27.66082813065369
469.48800000003826,-4.410402582851229
469.4920000000382,1.0604223830030268
469.49600000003824,-4.368540486946391
469.50000000003826,5.222379478505589
469.5040000000383,-6.332856901840623
469.50800000003824,-23.85736566793052
469.51200000003826,34.71441705065371
469.5160000000383,16.747730378509935
469.52000000003824,7.78061420710905
469.52400000003826,23.529194289866588
469.5280000000383,9.40833935178261
469.53200000003824,13.074041729213473
469.53600000003826,8.07369149850574
469.5400000000383,-7.9176708939023435
469.54400000003824,16.273642273232262
469.54800000003826,7.944773005265225
469.5520000000383,-3.3935079934239623
469.55600000003824,11.972076600014578
469.56000000003826,-6.085823176421938
469.5640000000383,-15.08490072540403
469.56800000003824,2.7952590446587555
469.57200000003826,5.561382339873546
469.5760000000383,-25.470409457731115
469.58000000003824,-8.802038581628173
469.58400000003826,-39.14424348098032
469.5880000000383,-22.51720779132781
469.59200000003824,18.985526596442988
469.59600000003826,18.84001900302308
469.6000000000383,-6.086310090402154
469.6040000000383,-33.6316314345184
469.60800000003826,-1.5262832823702448
469.6120000000383,-11.406272737141459
469.6160000000383,17.009674562130247
469.62000000003826,-6.729126646799712
469.6240000000383,2.7807274481282964
469.6280000000383,-19.41978305570292
469.63200000003826,-8.959839846601422
469.6360000000383,5.018595527816803
469.6400000000383,18.548136209702236
469.64400000003826,-1.0945526779684067
469.6480000000383,-8.708247987863993
469.6520000000383,35.29344219853526
469.65600000003826,-7.487204662815637
469.6600000000383,-25.15481820893592
469.6640000000383,1.0696329607184532
469.66800000003826,-2.1481795612498784
469.6720000000383,2.092293261273719
469.6760000000383,-7.307268230958272
469.68000000003826,-14.828325652204061
469.6840000000383,-6.0141945432947175
469.6880000000383,-19.533320005637847
469.69200000003826,-2.0010948248471863
469.6960000000383,-2.716221943258607
469.7000000000383,19.21248749782521
469.7040000000383,-6.221733921071585
469.7080000000383,-17.398786129865087
469.7120000000383,-7.9417523702288415
469.7160000000383,-12.342191695449321
469.7200000000383,41.598351087125735
469.7240000000383,20.675743179696163
469.7280000000383,-34.63816141391812
469.7320000000383,-22.327123852614665
469.7360000000383,22.693668290431564
469.7400000000383,16.400693914335807
469.7440000000383,-19.459450021196993
469.7480000000383,-16.26120375134191
469.7520000000383,29.17104352821028
469.7560000000383,-1.7438940973715507
469.7600000000383,9.608402795215172
469.7640000000383,-29.586682089662983
469.7680000000383,3.854343439736531
469.7720000000383,-9.379924213871918
469.7760000000383,10.348613853876397
469.7800000000383,-18.213229470018064
469.7840000000383,5.3597782476892535
469.7880000000383,-13.964541463691074
469.7920000000383,-7.962580789253228
469.7960000000383,9.145391964301949
469.8000000000383,-17.871364198916844
469.80400000003834,12.875058645657198
469.8080000000383,-1.0397868054675068
469.8120000000383,3.171867506968628
469.81600000003834,20.729767336071227
469.8200000000383,11.869360751830405
469.8240000000383,11.942486542628178
469.82800000003834,-6.506711768395238
469.8320000000383,-13.265217192228725
469.8360000000383,-7.140640040261189
469.84000000003834,13.986210588810145
469.8440000000383,-15.748701439964519
469.8480000000383,-12.296421261613556
469.85200000003834,28.598834790059808
469.8560000000383,-22.49665829135899
469.8600000000383,-18.105021415859262
469.86400000003835,-2.6560270916604
469.8680000000383,-2.0153118704431843
469.8720000000383,11.975357577627758
469.87600000003835,-14.467076893295111
469.8800000000383,12.098378747543233
469.8840000000383,-2.444467264342655
469.88800000003835,1.5227912109365875
469.8920000000383,-7.369301875537197
469.8960000000383,6.830384142361931
469.90000000003835,0.7561124246221733
469.90400000003837,-1.7510780535157102
469.9080000000383,-8.85624892298133
469.91200000003835,2.2370790362363278
469.91600000003837,-24.108666911497846
469.9200000000383,18.229818620747174
469.92400000003835,-5.7444894780411415
469.92800000003837,-9.630026245884046
469.93200000003833,12.687354148261392
469.93600000003835,-3.003935676120626
469.94000000003837,-9.330505875801906
469.94400000003833,-9.436365586652641
469.94800000003835,21.690680880429085
469.95200000003837,4.985620928536687
469.95600000003833,4.358126523025968
469.96000000003835,-13.254879619689019
469.96400000003837,11.21235236452619
469.96800000003833,-4.6555953001441015
469.97200000003835,44.67007975002747
469.97600000003837,4.872729909121422
469.98000000003833,-20.36890427456592
469.98400000003835,-15.380261907990867
469.98800000003837,4.832143640922148
469.99200000003833,-2.986080387869354
469.99600000003835,12.883533040939817
470.00000000003837,-16.587657981081662
470.0040000000384,16.580344723026197
470.00800000003835,10.297019553791866
470.01200000003837,-10.488214316452584
470.0160000000384,13.560968565737795
470.02000000003835,26.209977173355888
470.02400000003837,0.6709616806966624
470.0280000000384,-29.745908869352974
470.03200000003835,-22.80031458780127
470.03600000003837,18.716633575760085
470.0400000000384,9.385096114402485
470.04400000003835,-16.52596130002194
470.04800000003837,-23.901928474281572
470.0520000000384,-21.884099875708984
470.05600000003835,21.81093496648983
470.0600000000384,2.828624593779433
470.0640000000384,-11.633565466574542
470.06800000003835,18.22064808586569
470.0720000000384,-11.824303756761665
470.0760000000384,-31.59301221493712
470.08000000003835,7.240718808321667
470.0840000000384,-36.805358026911115
470.0880000000384,-14.23267214821281
470.09200000003835,15.860663257046992
470.0960000000384,-21.40977502028627
470.1000000000384,16.094008280858354
470.1040000000384,7.288412529089776
470.1080000000384,3.1320607486868797
470.1120000000384,-19.682115390321176
470.1160000000384,7.630826530738345
470.1200000000384,15.329109021829002
470.1240000000384,-10.07964843289274
470.1280000000384,25.606054612322637
470.1320000000384,0.12162842440410593
470.1360000000384,1.2131543800357676
470.1400000000384,5.901774056561503
470.1440000000384,-2.716878733324004
470.1480000000384,-19.079129586628273
470.1520000000384,-5.120547088524855
470.1560000000384,5.010063506713028
470.1600000000384,-7.612743180296523
470.1640000000384,-12.745764627913484
470.1680000000384,0.7905985165896082
470.1720000000384,-7.9502672891662725
470.1760000000384,53.50866487710614
470.1800000000384,22.101143460978097
470.1840000000384,-1.423883276992557
470.1880000000384,30.644396596523823
470.1920000000384,-19.491088291811458
470.1960000000384,-0.9610160677159612
470.2000000000384,16.640485824885832
470.20400000003843,-0.1842022514413011
470.2080000000384,14.827149323780644
470.2120000000384,-16.825610433477525
470.21600000003843,-22.485091229821688
470.2200000000384,-6.458312304152866
470.2240000000384,33.474464778248205
470.22800000003843,-25.67155662110312
470.2320000000384,11.16161298378563
470.2360000000384,4.534842158048607
470.24000000003844,32.99903675275945
470.2440000000384,-7.464538076175431
470.2480000000384,-20.233530369295536
470.25200000003844,-14.359394035128355
470.2560000000384,-3.129812006875364
470.2600000000384,3.39108726941613
470.26400000003844,-14.805145227994185
470.2680000000384,4.6956968134736226
470.2720000000384,-31.215070419404622
470.27600000003844,17.954940697496383
470.2800000000384,2.3090203785208683
470.2840000000384,5.432173710193739
470.28800000003844,4.260784188850951
470.2920000000384,-6.325656320223759
470.2960000000384,17.78357222294014
470.30000000003844,28.516324699325445
470.30400000003846,-13.343949508494635
470.3080000000384,-3.11707284996367
470.31200000003844,-6.689101927282656
470.31600000003846,-8.212366456180856
470.3200000000384,-3.2701866891762545
470.32400000003844,-36.28339119589755
470.32800000003846,1.5247756480447805
470.3320000000384,-10.325977777306356
470.33600000003844,-12.903950282411147
470.34000000003846,24.05659189142307
470.3440000000384,14.568458355453982
470.34800000003844,5.522783545466064
470.35200000003846,-18.007323548397643
470.3560000000384,-18.427228387169123
470.36000000003844,4.382160652444144
470.36400000003846,-4.024822887877218
470.3680000000384,-0.16201278647343975
470.37200000003844,-24.32411478917928
470.37600000003846,-8.487090356371823
470.3800000000384,-0.6341505383202799
470.38400000003844,26.07609380881651
470.38800000003846,43.82741822338588
470.3920000000384,3.4762404505358466
470.39600000003844,-11.574178277626965
470.40000000003846,-32.34567383778563
470.4040000000385,-22.167513380746755
470.40800000003844,-2.611656760124781
470.41200000003846,10.737873208680547
470.4160000000385,18.346699264711873
470.42000000003844,-43.52005293687031
470.42400000003846,8.345664571261517
470.4280000000385,3.438497302685434
470.43200000003844,-24.927410766766755
470.43600000003846,-0.1898725570280142
470.4400000000385,-15.877087893339928
470.44400000003844,15.232512926343889
470.44800000003846,-3.9644265530599605
470.4520000000385,44.03939682378523
470.45600000003844,-12.165712433834784
470.46000000003846,36.464940411426035
470.4640000000385,23.48087768428327
470.46800000003844,38.06277938433561
470.47200000003846,-15.211865402244122
470.4760000000385,-18.675583468334047
470.48000000003844,4.18220628984794
470.48400000003846,12.873331942553476
470.4880000000385,26.083882158509883
470.49200000003844,4.752662482563692
470.49600000003846,-25.31564669097413
470.5000000000385,-11.042748749805806
470.5040000000385,-32.339529436757104
470.50800000003846,12.719471442681275
470.5120000000385,-6.654473757352419
470.5160000000385,4.774601062588653
470.52000000003846,-20.076662233979143
470.5240000000385,-6.57903335873703
470.5280000000385,4.481575495412352
470.53200000003847,0.9940704696379337
470.5360000000385,9.973137162977364
470.5400000000385,8.879189587857079
470.54400000003847,11.693171190974674
470.5480000000385,-9.440551508465937
470.5520000000385,22.35634259633033
470.55600000003847,-4.464709061164651
470.5600000000385,1.0672912157672938
470.5640000000385,15.482575623969648
470.56800000003847,3.1644852156922925
470.5720000000385,-1.587732358623787
470.5760000000385,-13.45477640486918
470.58000000003847,-14.067424471216054
470.5840000000385,-17.04288219931154
470.5880000000385,2.3197620909922363
470.59200000003847,-11.911639876833224
470.5960000000385,-1.2361179250223624
470.6000000000385,-14.279202979090204
470.6040000000385,23.415432568795644
470.6080000000385,-9.703589582107092
470.6120000000385,4.974626904735121
470.6160000000385,-5.234913456334651
470.6200000000385,-9.220913043937411
470.6240000000385,-16.122482727621552
470.6280000000385,-19.929149709367703
470.6320000000385,6.749760622227303
470.6360000000385,-11.994002148582418
470.6400000000385,0.3620545488135827
470.6440000000385,-4.45411758411889
470.6480000000385,-4.060625607226907
470.6520000000385,3.5291544083610504
470.6560000000385,-10.875447914813037
470.6600000000385,-3.0029211717279125
470.6640000000385,9.626384149593894
470.6680000000385,14.001090001423531
470.6720000000385,-8.83981819635215
470.6760000000385,-0.087511446961263
470.6800000000385,-11.776794035656865
470.6840000000385,-17.33380481776394
470.6880000000385,14.719345235550993
470.6920000000385,-17.633151824711966
470.6960000000385,-11.846513722635558
470.70000000003853,-2.897829947279781
470.70400000003855,-10.442472030574859
470.7080000000385,-7.746510400035297
470.71200000003853,-2.149934062421085
470.71600000003855,6.712113303762832
470.7200000000385,11.79021102862307
470.72400000003853,-9.928959560982818
470.72800000003855,-8.492954459632383
470.7320000000385,-35.67861296626692
470.73600000003853,18.372123330470295
470.74000000003855,10.582510274662795
470.7440000000385,5.081988872235313
470.74800000003853,-24.076954754046906
470.75200000003855,20.993237747475654
470.7560000000385,0.2687020450512678
470.76000000003853,-42.57677045328002
470.76400000003855,-27.245367382193386
470.7680000000385,4.383143164204506
470.77200000003853,-8.005543632651339
470.77600000003855,-4.439266398448664
470.7800000000385,15.074521496921665
470.78400000003853,2.538868797241639
470.78800000003855,13.780619855479179
470.7920000000385,-44.770566710053714
470.79600000003853,-12.347306554519815
470.80000000003855,-3.510034965273264
470.80400000003857,-14.241740344850921
470.80800000003853,17.887239508958558
470.81200000003855,23.613731669954333
470.81600000003857,-26.130624457711424
470.82000000003853,-57.98806628208763
470.82400000003855,7.966800863617269
470.82800000003857,9.185810212925412
470.83200000003853,1.3276615786694814
470.83600000003855,9.41377074875882
470.8400000000386,3.3723383681184558
470.84400000003853,-18.227188561940142
470.84800000003855,26.117618746537737
470.8520000000386,8.883303755129942
470.85600000003853,-15.710391775279469
470.86000000003855,-24.402947326576925
470.8640000000386,21.426426596676563
470.86800000003853,-7.631666004274111
470.87200000003855,35.37298745842498
470.8760000000386,37.78502848458878
470.88000000003854,4.707132619486018
470.88400000003855,-14.84013558599304
470.8880000000386,12.649978690474994
470.89200000003854,3.0239026035656997
470.89600000003855,7.742085025703546
470.9000000000386,-8.376651102750163
470.9040000000386,-15.142931551130946
470.90800000003856,-40.66220819617568
470.9120000000386,40.4105406671397
470.9160000000386,12.946444836150116
470.92000000003856,-23.026806229795454
470.9240000000386,-15.583501399472077
470.9280000000386,2.061024296080437
470.93200000003856,-8.771649593351645
470.9360000000386,24.769279528585677
470.9400000000386,-13.966328362766161
470.94400000003856,20.495245072262872
470.9480000000386,-20.209018980437044
470.9520000000386,14.102003743668158
470.95600000003856,6.918919608048427
470.9600000000386,14.15112031663738
470.9640000000386,-6.98618391992436
470.96800000003856,4.371017390099113
470.9720000000386,-0.39365239792560214
470.9760000000386,-14.521156502404732
470.98000000003856,1.3761431975590508
470.9840000000386,-11.208399326625756
470.9880000000386,-8.600384867356597
470.99200000003856,4.26609960157456
470.9960000000386,7.606024347183611
471.0000000000386,-0.9608896825051945
471.0040000000386,0.7944470748554977
471.0080000000386,6.09324084338208
471.0120000000386,1.1822626651342008
471.0160000000386,-9.411406768762689
471.0200000000386,17.786213600508137
471.0240000000386,3.8867654773099343
471.0280000000386,7.461653409365217
471.0320000000386,-3.561448515521951
471.0360000000386,11.599412854538619
471.0400000000386,-33.53960268120723
471.0440000000386,23.53391071365168
471.0480000000386,-17.08752872738989
471.0520000000386,1.7694725179027382
471.0560000000386,27.93651687472505
471.0600000000386,-12.369768949609712
471.0640000000386,6.30024393871953
471.0680000000386,-17.179170525299686
471.0720000000386,-0.6248282896867998
471.0760000000386,28.590222765556977
471.0800000000386,1.7019740559512142
471.0840000000386,2.904899047384152
471.0880000000386,-4.093948518407672
471.0920000000386,19.192405455844625
471.0960000000386,2.042964087329587
471.1000000000386,0.04365577186607794
471.10400000003864,-10.553102763108484
471.1080000000386,-24.412242567922007
471.1120000000386,-18.246059145964715
471.11600000003864,12.103281936156664
471.1200000000386,-8.680308030529666
471.1240000000386,28.43634485267267
471.12800000003864,7.626622045217336
471.1320000000386,-3.1516097195861104
471.1360000000386,19.492458563710073
471.14000000003864,-5.273560947618522
471.1440000000386,-5.6226066436313795
471.1480000000386,-45.85542436275379
471.15200000003864,6.863355772775656
471.1560000000386,18.103407789527342
471.1600000000386,16.2799333110709
471.16400000003864,-2.39840500654063
471.1680000000386,2.8811969904438754
471.1720000000386,-3.5951394350189245
471.17600000003864,-4.345564782502963
471.1800000000386,-3.6836287355712067
471.1840000000386,7.752110066171996
471.18800000003864,2.2233038878558506
471.1920000000386,-26.863918965274763
471.1960000000386,-5.451024397251477
471.20000000003864,-5.043662233129692
471.20400000003866,40.312849217988
471.2080000000386,5.896344781692651
471.21200000003864,-2.025340921107512
471.21600000003866,-14.42654082491235
471.2200000000386,26.269229409310903
471.22400000003864,-11.15985397795255
471.22800000003866,-8.06828963237216
471.2320000000386,-5.5613285431094
471.23600000003864,9.297017912907082
471.24000000003866,19.774599211393287
471.2440000000386,9.632432935866774
471.24800000003864,2.5432317105901796
471.25200000003866,-2.0033093328427904
471.2560000000386,3.6061582603738813
471.26000000003864,30.085500694274312
471.26400000003866,-9.297395460069438
471.2680000000386,-9.958131821271405
471.27200000003864,6.546315691376387
471.27600000003866,6.560753570714951
471.2800000000386,19.643736272693772
471.28400000003865,9.21892869285065
471.28800000003866,10.079204993448478
471.2920000000386,-5.108432779420582
471.29600000003865,25.109684018621763
471.30000000003866,-0.36493897494469074
471.3040000000387,-16.44641357241712
471.30800000003865,7.565706294296643
471.31200000003867,23.743383610386218
471.3160000000387,35.71621578504452
471.32000000003865,10.01147061254887
471.32400000003867,1.8224859953320705
471.3280000000387,-43.63774372015968
471.33200000003865,13.722322505829771
471.33600000003867,13.067145490199692
471.3400000000387,-8.689929321636747
471.34400000003865,6.385637345817949
471.34800000003867,-3.06319281501753
471.3520000000387,-4.884898945721393
471.35600000003865,-14.372318154169886
471.36000000003867,12.580303589372122
471.3640000000387,-9.509334263303304
471.36800000003865,7.055967979006018
471.37200000003867,39.061540774907726
471.3760000000387,1.264026391767647
471.38000000003865,-2.783328459649254
471.38400000003867,1.9629210716147465
471.3880000000387,-41.75723754446269
471.39200000003865,34.55701548914068
471.39600000003867,-8.151165552704047
471.4000000000387,2.76068526647615
471.4040000000387,4.968122850027441
471.40800000003867,3.079172911565375
471.4120000000387,-9.576938055731
471.4160000000387,-41.79832914714751
471.42000000003867,-18.366232579577712
471.4240000000387,16.8248352801893
471.4280000000387,20.911593490153447
471.43200000003867,4.765275688255967
471.4360000000387,-22.491721281643084
471.4400000000387,6.860030983856017
471.44400000003867,0.9604285886205561
471.4480000000387,13.523152591277993
471.4520000000387,18.466050085884437
471.45600000003867,1.2117816410100832
471.4600000000387,-12.322062126191787
471.4640000000387,-19.620158337084835
471.46800000003867,-20.810774456595897
471.4720000000387,-22.359619007497173
471.4760000000387,7.167880917481346
471.4800000000387,3.412161191521995
471.4840000000387,3.038109442419773
471.4880000000387,-4.807512967789294
471.4920000000387,4.211277069788714
471.4960000000387,-22.056028234491112
471.5000000000387,8.901687268861648
471.50400000003873,6.562002999108977
471.5080000000387,-14.329782747630755
471.5120000000387,-11.930962670405426
471.51600000003873,5.424590421017562
471.5200000000387,-26.16296390921638
471.5240000000387,7.5217344052916575
471.52800000003873,29.753242076199403
471.5320000000387,-1.2930569408616277
471.5360000000387,-3.093096485245062
471.54000000003873,27.035059481883792
471.5440000000387,-5.541359163702768
471.5480000000387,-22.89408527823102
471.55200000003873,16.50426924740161
471.5560000000387,5.944104636001873
471.5600000000387,37.09182677162033
471.56400000003873,19.86141127037839
471.5680000000387,-3.4928174982534363
471.5720000000387,25.439821238946777
471.57600000003873,-9.957491109696301
471.5800000000387,-19.812256929482864
471.5840000000387,29.7660668797688
471.58800000003873,16.56835849682953
471.5920000000387,18.996418030016336
471.5960000000387,-3.8152658142658273
471.60000000003873,1.2610794236389218
471.60400000003875,-17.648651662501173
471.6080000000387,-26.288705931599406
471.61200000003873,-23.212950967410862
471.61600000003875,-14.44919528401587
471.6200000000387,-26.874169226004362
471.62400000003873,1.17222378811568
471.62800000003875,21.044123559812775
471.6320000000387,11.607235841427064
471.63600000003873,35.2740838458014
471.64000000003875,10.67993090362052
471.6440000000387,16.092145212734433
471.64800000003873,-14.891589032520837
471.65200000003875,-9.95365352333982
471.6560000000387,8.292973145226888
471.66000000003874,-5.54841619906457
471.66400000003875,-8.091598478634525
471.6680000000387,3.0889303606101994
471.67200000003874,10.997859329432604
471.67600000003875,12.651985353751499
471.6800000000387,-15.840960433508489
471.68400000003874,-7.039547693744752
471.68800000003876,-20.210439810977427
471.6920000000387,-6.058312129583164
471.69600000003874,4.714544501141367
471.70000000003876,-15.647239930907713
471.7040000000388,10.783795259110617
471.70800000003874,2.741736456892239
471.71200000003876,13.58882088062372
471.7160000000388,33.90527131400719
471.72000000003874,9.888529034341326
471.72400000003876,-11.368597724383616
471.7280000000388,6.057871335724905
471.73200000003874,24.59304259217615
471.73600000003876,-4.1050944135905265
471.7400000000388,-10.654877997682032
471.74400000003874,9.784310028117243
471.74800000003876,4.522608012800542
471.7520000000388,-7.078144521378889
471.75600000003874,-4.373786241514981
471.76000000003876,-15.129996508094344
471.7640000000388,12.799157849448854
471.76800000003874,23.831359498992526
471.77200000003876,5.765323237127443
471.7760000000388,-3.384593097437146
471.78000000003874,-22.580210506570307
471.78400000003876,20.303480078793008
471.7880000000388,15.98740572806525
471.79200000003874,10.484238733025165
471.79600000003876,-18.214167751361856
471.8000000000388,-1.4547902042836451
471.8040000000388,-20.23228421674434
471.80800000003876,0.4508476425226533
471.8120000000388,-40.797277192785295
471.8160000000388,2.077054719947477
471.82000000003876,3.1610355782495914
471.8240000000388,-36.66084842668238
471.8280000000388,41.17136929937337
471.83200000003876,-1.6631837314313893
471.8360000000388,20.64050520811839
471.8400000000388,11.833517804117708
471.84400000003876,-7.942574654882128
471.8480000000388,-12.836053215569649
471.8520000000388,-9.410544772727253
471.85600000003876,-16.495579010830966
471.8600000000388,0.7388267293057522
471.8640000000388,9.055564684188607
471.86800000003876,-27.25149139872512
471.8720000000388,14.728709935182208
471.8760000000388,-0.7810653643854125
471.88000000003876,-4.455240398142106
471.8840000000388,-3.3312295071008897
471.8880000000388,6.260031902691819
471.89200000003876,-0.7677381826787024
471.8960000000388,-17.305048252395647
471.9000000000388,10.734607898837151
471.9040000000388,15.602994359340341
471.9080000000388,9.841698057185198
471.9120000000388,-17.295174664899584
471.9160000000388,-1.4862727316135103
471.9200000000388,-11.400357230335649
471.9240000000388,4.364576695500146
471.9280000000388,0.18869981396180113
471.9320000000388,4.42675430714827
471.9360000000388,5.009107334253802
471.9400000000388,-7.5739090261332365
471.9440000000388,-2.8521025250518965
471.9480000000388,-11.470299815071211
471.9520000000388,-9.44977002920613
471.9560000000388,-14.98505224961059
471.9600000000388,0.7087227693899605
471.9640000000388,-0.26881133981639005
471.9680000000388,4.857442179109288
471.9720000000388,-16.788722125436394
471.9760000000388,17.75390671410065
471.9800000000388,18.803016177681698
471.9840000000388,21.68743711672796
471.9880000000388,3.182584993554913
471.9920000000388,-8.399565117548974
471.9960000000388,5.318828441502701
472.0000000000388,3.026046192496044
472.00400000003884,-1.9929800142801846
472.0080000000388,5.7705133044648695
472.0120000000388,11.699131063619653
472.01600000003884,2.6948584748238726
472.0200000000388,-32.53357780417076
472.0240000000388,15.514591867621078
472.02800000003884,13.109272845217122
472.0320000000388,-2.302947662974318
472.0360000000388,2.5538342524059363
472.04000000003884,7.356315420730244
472.0440000000388,17.70855434598166
472.0480000000388,29.728448674935297
472.05200000003884,0.47208557995508205
472.0560000000388,26.771086988873463
472.0600000000388,-10.270466098207736
472.06400000003885,1.69712039200986
472.0680000000388,0.5199281975412924
472.0720000000388,13.802200332046361
472.07600000003885,-31.844124747719622
472.0800000000388,2.6883462852940596
472.0840000000388,-0.49518935031442857
472.08800000003885,-7.005202801112829
472.0920000000388,-9.38020127753488
472.0960000000388,1.1961234359224524
472.10000000003885,10.862378921228462
472.10400000003887,8.75680105670185
472.1080000000388,22.79996741124867
472.11200000003885,8.39538964032167
472.11600000003887,26.276362912510198
472.12000000003883,-8.355955133504692
472.12400000003885,-8.840362483512276
472.12800000003887,-22.291157871597786
472.13200000003883,27.478192387186326
472.13600000003885,-1.008362990781738
472.14000000003887,12.962985176017861
472.14400000003883,-12.465916470532505
472.14800000003885,17.228526441220836
472.15200000003887,3.8260596046623774
472.15600000003883,19.460168413454827
472.16000000003885,-23.222467301938764
472.16400000003887,-8.785145704091505
472.16800000003883,11.487890160035167
472.17200000003885,16.76040081796343
472.17600000003887,-14.338183498831164
472.18000000003883,-10.941455572380557
472.18400000003885,-20.467875676152374
472.18800000003887,-3.8957910006985355
472.19200000003883,10.358877542865699
472.19600000003885,26.384421348624898
472.20000000003887,-28.579248725653166
472.2040000000389,19.12234557742544
472.20800000003885,-5.013414173817694
472.21200000003887,-27.938395642160785
472.2160000000389,35.88184026270705
472.22000000003885,17.345029352501392
472.22400000003887,-7.488237889676124
472.2280000000389,15.51988331204302
472.23200000003885,-11.961220459920902
472.23600000003887,30.55742622858558
472.2400000000389,-7.306043940620014
472.24400000003885,-15.466411438235975
472.24800000003887,30.821273864267475
472.2520000000389,3.299397427104763
472.25600000003885,8.626515026502476
472.2600000000389,-2.1205026191831933
472.2640000000389,12.253585870799583
472.26800000003885,-11.171744875697446
472.2720000000389,-0.6507850825331136
472.2760000000389,5.731356613618036
472.28000000003885,8.486221677232468
472.2840000000389,-11.411860669205343
472.2880000000389,-37.746165168640836
472.29200000003885,8.238141941814618
472.2960000000389,-0.4379902165584726
472.3000000000389,-0.9306606156311092
472.3040000000389,10.83994719821127
472.3080000000389,0.6160213367172225
472.3120000000389,30.341061429723787
472.3160000000389,-10.800057973310148
472.3200000000389,-0.7077270689161439
472.3240000000389,-24.75365213480878
472.3280000000389,0.30781047339774936
472.3320000000389,-4.53334165151428
472.3360000000389,-23.20524895803253
472.3400000000389,6.406735014953976
472.3440000000389,-0.2827318285890492
472.3480000000389,-8.48524983719947
472.3520000000389,-4.234477075651915
472.3560000000389,18.23468409435
472.3600000000389,-18.99378365844694
472.3640000000389,13.253766238384816
472.3680000000389,54.72889924249299
472.3720000000389,-29.482366696198643
472.3760000000389,4.303398331314237
472.3800000000389,-20.077798078423445
472.3840000000389,-6.855825898532185
472.3880000000389,-13.728912949177827
472.3920000000389,-52.92890891227283
472.3960000000389,0.3531933426391942
472.4000000000389,-11.247443278274773
472.40400000003893,-12.754070702281837
472.4080000000389,6.896089170155109
472.4120000000389,22.61076824692994
472.41600000003893,-4.756447726837702
472.4200000000389,13.355806917293853
472.4240000000389,18.87531457518082
472.42800000003894,2.0707681120446155
472.4320000000389,16.116835618434006
472.4360000000389,20.27696717107181
472.44000000003894,9.846407054421737
472.4440000000389,4.859129559926123
472.4480000000389,-2.483432565140622
472.45200000003894,-13.169633488785703
472.4560000000389,14.016804877348495
472.4600000000389,-16.926145839157527
472.46400000003894,16.812269600816983
472.4680000000389,-5.876338213905687
472.4720000000389,-39.47012914741517
472.47600000003894,-11.417289712517675
472.4800000000389,-2.3252989978807928
472.4840000000389,-16.520277771066414
472.48800000003894,22.65966409445779
472.4920000000389,14.63676573027777
472.4960000000389,16.135823482962042
472.50000000003894,9.465786735829191
472.50400000003896,-39.64707641186065
472.5080000000389,-8.577393982039666
472.51200000003894,-1.845081276103325
472.51600000003896,15.723443215392406
472.5200000000389,-21.738491773452107
472.52400000003894,-9.857021255504286
472.52800000003896,-31.300171188435627
472.5320000000389,-9.509056613897862
472.53600000003894,15.742151995634867
472.54000000003896,-1.7302121201831375
472.5440000000389,13.18928808043627
472.54800000003894,-0.5067676254213781
472.55200000003896,10.055095678073078
472.5560000000389,25.336910706078726
472.56000000003894,-13.97885770920675
472.56400000003896,4.282184456062901
472.5680000000389,3.9593818399718588
472.57200000003894,-14.046572941278821
472.57600000003896,21.702945205271202
472.5800000000389,-10.547633231653995
472.58400000003894,10.103421342493792
472.58800000003896,11.435915102528618
472.5920000000389,11.206148724293314
472.59600000003894,2.8583633888688618
472.60000000003896,-7.4061984713247
472.604000000039,-0.7618817895258188
472.60800000003894,-3.078926396103541
472.61200000003896,-12.91660201583308
472.616000000039,6.630630308344958
472.62000000003894,7.014054526923487
472.62400000003896,-2.5130757617844592
472.628000000039,10.098275144944365
472.63200000003894,1.7595158652523013
472.63600000003896,-32.86031659450696
472.640000000039,-4.648867449271668
472.64400000003894,-6.166491031507739
472.64800000003896,17.917346690762546
472.652000000039,-2.2874990421141104
472.65600000003894,10.924154797282778
472.66000000003896,-1.012403292446858
472.664000000039,-34.4936920117518
472.66800000003894,17.159795544123064
472.67200000003896,-2.652315548412966
472.676000000039,6.547746366470781
472.68000000003894,16.988097117696213
472.68400000003896,-8.27357684633235
472.688000000039,-15.174944577536925
472.69200000003895,-5.624283238286498
472.69600000003896,-4.811656493267364
472.700000000039,-15.133756165871796
472.704000000039,9.162726622120204
472.70800000003896,0.07179079039845249
472.712000000039,-13.947457632327662
472.716000000039,24.615279158293387
472.72000000003897,-15.582350058366718
472.724000000039,21.694546313129564
472.728000000039,7.057917074659015
472.73200000003897,13.756214754683958
472.736000000039,11.888915280218441
472.740000000039,-36.13284377000199
472.74400000003897,-26.4932350148373
472.748000000039,0.2552332962615219
472.752000000039,2.673299683060171
472.75600000003897,24.89015778266999
472.760000000039,2.7000534238934577
472.764000000039,-4.869754149359196
472.76800000003897,9.371210201633124
472.772000000039,-12.338827640804258
472.776000000039,-9.134174392447157
472.78000000003897,2.5160875265572216
472.784000000039,7.356300543730784
472.788000000039,-28.648994319861117
472.79200000003897,-12.78645712915664
472.796000000039,-14.379845853937828
472.800000000039,6.480361890920209
472.804000000039,9.898893811521349
472.808000000039,-24.857022517023854
472.812000000039,-15.514220619548468
472.816000000039,-7.591266721521071
472.820000000039,3.1169430021175177
472.824000000039,-2.136526818605641
472.828000000039,-17.556809750115928
472.832000000039,-7.847384242089753
472.836000000039,13.550511146159002
472.840000000039,-9.120623278090275
472.844000000039,26.82372778455395
472.848000000039,16.471742077545752
472.852000000039,-10.491493777510133
472.856000000039,-5.365752964130135
472.860000000039,20.99323603220219
472.864000000039,-1.8351226124352795
472.868000000039,17.38053309359825
472.872000000039,-12.278375262126271
472.876000000039,-9.888255041442935
472.880000000039,12.604292947343177
472.884000000039,-29.09933486074243
472.888000000039,20.120836432264507
472.892000000039,27.607462089075536
472.896000000039,1.437800655426308
472.90000000003903,7.594764732583288
472.90400000003905,-13.475689193256569
472.908000000039,18.317630721433744
472.91200000003903,-15.719916914463534
472.91600000003905,-23.081003466069962
472.920000000039,-7.02212014434081
472.92400000003903,3.3587649536355753
472.92800000003905,4.098563806172555
472.932000000039,0.17817798991900757
472.93600000003903,-19.182494660607784
472.94000000003905,-24.47743233303562
472.944000000039,8.583787536373606
472.94800000003903,17.35202618040609
472.95200000003905,29.49633633148569
472.956000000039,13.019745424525281
472.96000000003903,-22.129697290832027
472.96400000003905,-6.098525441143238
472.968000000039,-13.195850585294872
472.97200000003903,30.33221171427676
472.97600000003905,18.713497395863044
472.980000000039,-22.000888228700106
472.98400000003903,11.594292620199774
472.98800000003905,2.95081543182063
472.992000000039,0.8876781132176417
472.99600000003903,-2.4302544889782673
473.00000000003905,-1.9610773206580614
473.00400000003907,-11.51220679171358
473.00800000003903,-6.166193102256246
473.01200000003905,-9.321659249086757
473.01600000003907,2.790525049277309
473.02000000003903,-10.198391097223057
473.02400000003905,1.8717081388390646
473.02800000003907,-1.0532304462234103
473.03200000003903,6.002390356635912
473.03600000003905,-3.6737833585724218
473.0400000000391,2.4076250942411557
473.04400000003903,0.13266724170954025
473.04800000003905,33.65052511443225
473.0520000000391,42.13117997964112
473.05600000003903,1.9802977058689544
473.06000000003905,-1.0200039460140882
473.0640000000391,-21.845457877209448
473.06800000003904,43.95207483277399
473.07200000003905,24.757197483438805
473.0760000000391,12.282660737290044
473.08000000003904,-4.212401877517137
473.08400000003905,19.23932427364992
473.0880000000391,-4.150055558733412
473.09200000003904,11.404387941361836
473.09600000003906,-6.444063470124161
473.1000000000391,-16.4663018715567
473.1040000000391,0.2895951154905745
473.10800000003906,-7.873703055900515
473.1120000000391,-1.0017281609727107
473.1160000000391,-9.138866991813112
473.12000000003906,3.726390626278803
473.1240000000391,-12.647607225459037
473.1280000000391,16.670008700912835
473.13200000003906,0.9033214479828799
473.1360000000391,-3.122805744271846
473.1400000000391,-1.512674763889682
473.14400000003906,31.256250416427566
473.1480000000391,1.415961445162445
473.1520000000391,-7.784965367201016
473.15600000003906,20.798814717715874
473.1600000000391,-2.337480004079298
473.1640000000391,19.587264950438392
473.16800000003906,-18.375367590444448
473.1720000000391,5.8702187429769115
473.1760000000391,-4.276563173172216
473.18000000003906,-12.210138532934431
473.1840000000391,6.783949801614227
473.1880000000391,46.532804385780864
473.19200000003906,-3.60662100476334
473.1960000000391,-8.893280946279477
473.2000000000391,-5.725862488830963
473.2040000000391,18.569247816469964
473.2080000000391,-6.8296243958181355
473.2120000000391,-29.864669225943633
473.2160000000391,-7.423801039784037
473.2200000000391,16.480145840953618
473.2240000000391,-12.048488401633712
473.2280000000391,-2.0382745065959935
473.2320000000391,-0.5231945547482113
473.2360000000391,-5.363604277647504
473.2400000000391,1.39316001034181
473.2440000000391,32.652099339298125
473.2480000000391,-6.571317028199271
473.2520000000391,39.14317498928378
473.2560000000391,-4.689883574111586
473.2600000000391,8.875957827799777
473.2640000000391,33.92899384655576
473.2680000000391,-25.21853045354358
473.2720000000391,17.1475869662847
473.2760000000391,4.9790307337924
473.2800000000391,-18.433538245824415
473.2840000000391,25.523583821747827
473.2880000000391,-13.028038676593576
473.2920000000391,15.519666577975777
473.2960000000391,45.74856673780391
473.3000000000391,9.088879415716143
473.30400000003914,-10.053916187550145
473.3080000000391,16.36547969152138
473.3120000000391,-5.790099027684258
473.31600000003914,-24.542860653956893
473.3200000000391,-25.178066473526005
473.3240000000391,37.53860904940395
473.32800000003914,16.224466455661286
473.3320000000391,-15.886789970395432
473.3360000000391,7.00039083490915
473.34000000003914,-17.288155743464625
473.3440000000391,-15.143197580978962
473.3480000000391,9.504118048974831
473.35200000003914,-1.6168905497940134
473.3560000000391,9.86675352450951
473.3600000000391,15.92373409324124
473.36400000003914,46.55020390375206
473.3680000000391,-10.45784121163158
473.3720000000391,2.7291882960717917
473.37600000003914,32.57451458802875
473.3800000000391,-8.387546193454744
473.3840000000391,-28.40301167693006
473.38800000003914,-3.200752213776295
473.3920000000391,17.412943554769374
473.3960000000391,-8.346687120925308
473.40000000003914,-18.002858518198273
473.40400000003916,13.623566581979823
473.4080000000391,-1.887161519882281
473.41200000003914,-15.017554078902851
473.41600000003916,-0.9774407463955439
473.4200000000391,-0.31012417729001607
473.42400000003914,8.463497281486271
473.42800000003916,17.018921083398318
473.4320000000391,3.125300304913768
473.43600000003914,20.57523456843109
473.44000000003916,-17.873015523724348
473.4440000000391,-16.54180357847317
473.44800000003914,-19.317692936168832
473.45200000003916,-3.1204475279469324
473.4560000000391,23.389079296225486
473.46000000003914,-3.1118477488819543
473.46400000003916,12.399209349639854
473.4680000000391,4.5943764893350325
473.47200000003915,17.79596498795837
473.47600000003916,-0.7578174690945215
473.4800000000391,-6.099367111147242
473.48400000003915,27.893333741148457
473.48800000003916,5.295606246691026
473.4920000000391,18.207616117802793
473.49600000003915,4.2885184400575085
473.50000000003917,3.2859982143688433
473.5040000000392,22.46907907280871
473.50800000003915,13.001855297593425
473.51200000003917,-9.878701979157684
473.5160000000392,-24.53538306851482
473.52000000003915,29.990179017919804
473.52400000003917,7.097325677843985
473.5280000000392,19.952675876693206
473.53200000003915,-9.148680577405239
473.53600000003917,-0.4533207295957924
473.5400000000392,32.689081222555075
473.54400000003915,14.73723992536363
473.54800000003917,13.466780022836389
473.5520000000392,5.073721190286923
473.55600000003915,-5.224397811838324
473.56000000003917,-10.556103549892462
473.5640000000392,-7.015369773809727
473.56800000003915,-9.289455624058697
473.57200000003917,-20.181396392630162
473.5760000000392,21.272452493965417
473.58000000003915,16.734828031828943
473.58400000003917,-5.3440457408280295
473.5880000000392,-36.53859088507177
473.59200000003915,14.125907336500232
473.59600000003917,-4.061644008839126
473.6000000000392,21.40765184459646
473.6040000000392,-17.014022293666436
473.60800000003917,-14.53477346334389
473.6120000000392,11.459423038332607
473.6160000000392,-6.12805093450034
473.62000000003917,9.705924977295265
473.6240000000392,-11.632502952448911
473.6280000000392,-5.687505553555681
473.63200000003917,-4.514965893026635
473.6360000000392,-0.6979370457564946
473.6400000000392,19.075831317506353
473.64400000003917,-4.447231217904713
473.6480000000392,28.751003283921577
473.6520000000392,3.22940778520833
473.65600000003917,-2.7420373305443886
473.6600000000392,-28.037577036972525
473.6640000000392,-15.137633365286101
473.66800000003917,32.32635390865938
473.6720000000392,-4.221084930834274
473.6760000000392,-3.4771098319773817
473.6800000000392,-13.80042132195493
473.6840000000392,18.75077547958088
473.6880000000392,-30.48015849093574
473.6920000000392,-9.306005311385677
473.6960000000392,-11.88145091063365
473.7000000000392,21.00173860593071
473.70400000003923,1.112641859603928
473.7080000000392,36.611457844640334
473.7120000000392,38.25128051352182
473.71600000003923,-16.487166089851655
473.7200000000392,-7.949179754988198
473.7240000000392,15.034243656630828
473.72800000003923,11.041470118389181
473.7320000000392,-0.8204304350543437
473.7360000000392,-12.369685397675484
473.74000000003923,12.413853917905639
473.7440000000392,-10.275510871622904
473.7480000000392,-18.613351276308773
473.75200000003923,-1.1641941715196027
473.7560000000392,27.451712842352475
473.7600000000392,8.153190363439698
473.76400000003923,-29.497927455952162
473.7680000000392,-36.372030041248145
473.7720000000392,-2.2418660454999992
473.77600000003923,1.338659680410339
473.7800000000392,33.964806264272454
473.7840000000392,-18.466729628195065
473.78800000003923,-23.87911972531736
473.7920000000392,13.262795269106146
473.7960000000392,16.981288631667265
473.80000000003923,1.1105296158702178
473.80400000003925,-23.00457770035941
473.8080000000392,-18.550897627540724
473.81200000003923,33.58510033131671
473.81600000003925,-3.3027563556046196
473.8200000000392,12.565986153074979
473.82400000003923,-5.991383960166361
473.82800000003925,-2.7825712613296005
473.8320000000392,35.04610081471262
473.83600000003923,-29.695616274412547
473.84000000003925,12.035737519908213
473.8440000000392,3.40553086168371
473.84800000003924,0.5680887010823867
473.85200000003925,-0.6947401255810179
473.8560000000392,5.069359722408892
473.86000000003924,-19.35593657219087
473.86400000003925,-7.995407846918179
473.8680000000392,-15.76086699477075
473.87200000003924,-3.2244538855130136
473.87600000003926,5.817269217531199
473.8800000000392,-18.761163925583944
473.88400000003924,25.08703559201257
473.88800000003926,-16.745846127879254
473.8920000000392,-19.31062395206886
473.89600000003924,12.808518299322404
473.90000000003926,22.093837884006835
473.9040000000393,-10.307450107922572
473.90800000003924,-19.066480906004948
473.91200000003926,10.611418791952763
473.9160000000393,-1.5889514119018395
473.92000000003924,15.875175504797042
473.92400000003926,-3.863881040388617
473.9280000000393,-18.67038829671389
473.93200000003924,3.1995765412487316
473.93600000003926,14.486619371733905
473.9400000000393,5.421095631625617
473.94400000003924,16.310230139115074
473.94800000003926,-13.245103102418808
473.9520000000393,18.29214096619423
473.95600000003924,-17.18627248099216
473.96000000003926,11.66518027025029
473.9640000000393,13.12749180988489
473.96800000003924,-9.603853619870435
473.97200000003926,-18.911607946242643
473.9760000000393,-4.97670385294677
473.98000000003924,-39.614916409928426
473.98400000003926,23.582434953498403
473.9880000000393,3.1161195184416917
473.99200000003924,-21.517866222467102
473.99600000003926,-5.268273896247798
474.0000000000393,-15.052748305551672
474.0040000000393,10.535719854427668
474.00800000003926,-45.15381644821156
474.0120000000393,-12.436851606589439
474.0160000000393,6.372362352992784
474.02000000003926,8.849992454827573
474.0240000000393,9.419770451179065
474.0280000000393,27.218478265795092
474.03200000003926,6.024378396209666
474.0360000000393,32.32050329778728
474.0400000000393,11.85212823985453
474.04400000003926,5.3695190366477386
474.0480000000393,10.05165854093477
474.0520000000393,-18.108685424795773
474.05600000003926,-2.451680998837122
474.0600000000393,16.696850197153882
474.0640000000393,-18.810703529006574
474.06800000003926,-13.317226934847962
474.0720000000393,-3.2772827666777897
474.0760000000393,20.94452790739348
474.08000000003926,0.9605885655093362
474.0840000000393,9.631589867179294
474.0880000000393,-9.503557998734745
474.09200000003926,-2.331730150323497
474.0960000000393,-10.890410161829461
474.1000000000393,-12.89079648502692
474.1040000000393,-31.738212761895667
474.1080000000393,-15.675985337320315
474.1120000000393,5.496608113874207
474.1160000000393,24.28070123775097
474.1200000000393,19.17081970024521
474.1240000000393,0.3903801296157523
474.1280000000393,10.463227769117196
474.1320000000393,-22.545164779074668
474.1360000000393,16.618004348336953
474.1400000000393,-22.101403533666442
474.1440000000393,10.495960991550762
474.1480000000393,-21.5052738877447
474.1520000000393,11.744214613440601
474.1560000000393,-27.57978669868709
474.1600000000393,-23.404638277563905
474.1640000000393,11.449150439464049
474.1680000000393,-9.985809269598604
474.1720000000393,25.75006125763117
474.1760000000393,-3.84898672529729
474.1800000000393,3.57677712702775
474.1840000000393,27.312331562135128
474.1880000000393,8.154389481935189
474.1920000000393,8.55041572515405
474.1960000000393,16.277839538199476
474.2000000000393,-14.667080600162052
474.20400000003934,-21.05967952451486
474.2080000000393,15.021112522836589
474.2120000000393,-16.86381743380645
474.21600000003934,7.000454202746926
474.2200000000393,0.4160231174706901
474.2240000000393,-21.778261572047846
474.22800000003934,-11.735635074697832
474.2320000000393,-35.03158254615418
474.2360000000393,-14.803924642322608
474.24000000003934,-18.191536495894983
474.2440000000393,15.562727543047677
474.2480000000393,0.6869642187741953
474.25200000003935,-6.414289169153014
474.2560000000393,-1.1524610071235368
474.2600000000393,6.51576345374674
474.26400000003935,11.840561413103195
474.2680000000393,9.900972205098949
474.2720000000393,25.09152099149
474.27600000003935,-11.943917833737089
474.2800000000393,4.474978470595217
474.2840000000393,-16.78242345488323
474.28800000003935,-8.108340990341402
474.2920000000393,-15.779620934784376
474.2960000000393,-14.062735188574472
474.30000000003935,-7.434868825777347
474.30400000003937,27.08150990210147
474.3080000000393,1.2259014907155024
474.31200000003935,9.794793303142058
474.31600000003937,6.737992662126658
474.32000000003933,-3.1536154142036574
474.32400000003935,2.191096781960262
474.32800000003937,-8.65473445477412
474.33200000003933,1.204345083742293
474.33600000003935,-11.206157991454695
474.34000000003937,-7.856694003612002
474.34400000003933,-15.176067005638147
474.34800000003935,5.114570664421442
474.35200000003937,15.17162215181926
474.35600000003933,20.627301086799623
474.36000000003935,-3.2160121999570177
474.36400000003937,-12.093707700366002
474.36800000003933,2.870217521227051
474.37200000003935,-9.085470863580822
474.37600000003937,23.45477561709877
474.38000000003933,-12.161754000774955
474.38400000003935,3.0359648729512516
474.38800000003937,-16.717304425544043
474.39200000003933,19.517673107139643
474.39600000003935,9.066007948071324
474.40000000003937,-28.910610966065967
474.4040000000394,20.26713801025552
474.40800000003935,-14.23973040641226
474.41200000003937,6.43242984285436
474.4160000000394,-19.049241709318306
474.42000000003935,12.456351932823745
474.42400000003937,9.474055511157356
474.4280000000394,3.424765377300232
474.43200000003935,38.90183873062901
474.43600000003937,36.65329585062308
474.4400000000394,7.7751257997671175
474.44400000003935,-23.420897698110565
474.44800000003937,-3.6581895786280523
474.4520000000394,-14.318566240552965
474.45600000003935,17.782436490407708
474.4600000000394,-13.064793055423777
474.4640000000394,-26.012248794096806
474.46800000003935,4.71234363011958
474.4720000000394,6.791101379329718
474.4760000000394,-12.70642326724927
474.48000000003935,7.12476728945923
474.4840000000394,0.0877677506054857
474.4880000000394,-7.106679789363914
474.49200000003935,-1.0808780760101762
474.4960000000394,-3.076939689998544
474.5000000000394,12.744961798188088
474.5040000000394,-1.6155754210531752
474.5080000000394,1.8208175071094508
474.5120000000394,-5.312938911453183
474.5160000000394,-4.632227576871695
474.5200000000394,14.885742768261144
474.5240000000394,23.03016181569408
474.5280000000394,-12.061072916855746
474.5320000000394,9.905812487763875
474.5360000000394,0.5081561612979062
474.5400000000394,11.07120253951367
474.5440000000394,19.338537345295713
474.5480000000394,12.787928285198
474.5520000000394,-6.042903331241471
474.5560000000394,19.51004164153929
474.5600000000394,-21.147837894116687
474.5640000000394,8.500348230255014
474.5680000000394,20.286531329354062
474.5720000000394,17.29809592296975
474.5760000000394,-0.2595059229884058
474.5800000000394,-25.11367683859368
474.5840000000394,23.766132991012864
474.5880000000394,21.86344011175517
474.5920000000394,-27.52758197052354
474.5960000000394,6.805278459103405
474.6000000000394,-1.0693041138943715
474.60400000003943,24.9889194326821
474.6080000000394,-14.342735849987271
474.6120000000394,1.0260307355997353
474.61600000003943,1.2455303430100457
474.6200000000394,-9.130198065943903
474.6240000000394,-6.084042765021161
474.62800000003944,-35.189999654809284
474.6320000000394,-3.727425177424471
474.6360000000394,7.757623557158966
474.64000000003944,11.177412345896375
474.6440000000394,-2.7924166809276123
474.6480000000394,5.4344978952342755
474.65200000003944,2.4580879282846118
474.6560000000394,14.889299954092968
474.6600000000394,8.600331848320193
474.66400000003944,4.999000899162581
474.6680000000394,-43.62051112664686
474.6720000000394,-26.149768426254028
474.67600000003944,18.812692619908084
474.6800000000394,0.2446151667315355
474.6840000000394,-2.927032049697373
474.68800000003944,9.843623027548253
474.6920000000394,-2.265496050365397
474.6960000000394,0.4640964591956239
474.70000000003944,1.7234613267854613
474.70400000003946,-21.726661140809473
474.7080000000394,-12.943563192598518
474.71200000003944,-16.72165742825227
474.71600000003946,-3.0054939201025457
474.7200000000394,-6.2939161166402435
474.72400000003944,14.097924142929342
474.72800000003946,26.354825087202848
474.7320000000394,16.38718093081617
474.73600000003944,30.449881915796748
474.74000000003946,8.3428614759839
474.7440000000394,-5.8592159552469125
474.74800000003944,-18.55415656301985
474.75200000003946,-12.618237038323036
474.7560000000394,15.052387185381551
474.76000000003944,3.4092520398339348
474.76400000003946,2.4108536454677485
474.7680000000394,20.753417467507084
474.77200000003944,6.425064175931157
474.77600000003946,29.574261820904077
474.7800000000394,15.056238357150036
474.78400000003944,4.69726277481391
474.78800000003946,-0.7304364663943992
474.7920000000394,-9.9665491579755
474.79600000003944,19.311074612767353
474.80000000003946,6.961519372030096
474.8040000000395,-13.90125519659638
474.80800000003944,10.012569291829525
474.81200000003946,4.828562043765379
474.8160000000395,-5.4026688190475465
474.82000000003944,-5.460523471624402
474.82400000003946,-15.623859825604214
474.8280000000395,-26.957724801553322
474.83200000003944,-25.08828729432594
474.83600000003946,-34.37399141580137
474.8400000000395,24.6333406849834
474.84400000003944,-7.200775532852365
474.84800000003946,12.126044427326061
474.8520000000395,7.081423700412261
474.85600000003944,-32.02779514991311
474.86000000003946,-4.445817835956391
474.8640000000395,12.089080420240093
474.86800000003944,0.4039788382032805
474.87200000003946,-26.992304099003313
474.8760000000395,10.422872366638654
474.88000000003944,15.115833835579155
474.88400000003946,-3.125827182555036
474.8880000000395,-4.903868217603434
474.89200000003945,-42.49858380906139
474.89600000003946,-16.04305205149839
474.9000000000395,1.492206971690253
474.9040000000395,-27.894905168550963
474.90800000003946,-11.431013254592237
474.9120000000395,-5.42258032372973
474.9160000000395,-12.042204177881521
474.92000000003947,-10.98636685084903
474.9240000000395,5.000924044816081
474.9280000000395,10.503198260754797
474.93200000003947,-30.114033642463838
474.9360000000395,-9.048441479206707
474.9400000000395,0.49557175702743095
474.94400000003947,26.602451039511866
474.9480000000395,9.918551154877898
474.9520000000395,4.7655383769944155
474.95600000003947,-4.780897529329485
474.9600000000395,10.832345236253847
474.9640000000395,25.073419625796397
474.96800000003947,-14.034330004380658
474.9720000000395,14.699791606728137
474.9760000000395,18.417775866969684
474.98000000003947,1.8001776517537058
474.9840000000395,32.0190591429607
474.9880000000395,-8.614173780407087
474.99200000003947,45.98102085455689
474.9960000000395,-27.13611417919874
475.0000000000395,8.20524129061645
475.0040000000395,2.6870075067675803
475.0080000000395,10.170634125769238
475.0120000000395,-34.9361200823664
475.0160000000395,-31.304991797783075
475.0200000000395,-6.268144868076943
475.0240000000395,10.538994497800235
475.0280000000395,29.141685947706485
475.0320000000395,14.485715501436443
475.0360000000395,-25.74010904188041
475.0400000000395,19.835011199142333
475.0440000000395,-2.9114849724263934
475.0480000000395,-9.188874865690252
475.0520000000395,-16.193692529735806
475.0560000000395,5.681552726172381
475.0600000000395,-15.067488897874199
475.0640000000395,-0.9349290191016919
475.0680000000395,15.71853019660467
475.0720000000395,12.616906091595343
475.0760000000395,-30.921127533191562
475.0800000000395,18.561986257376883
475.0840000000395,-5.544086010298414
475.08800000003953,-9.265370807855588
475.0920000000395,12.86371782719231
475.0960000000395,17.95188656945236
475.10000000003953,0.5793195495729817
475.10400000003955,-15.660617682173449
475.1080000000395,-6.3381011885986505
475.11200000003953,20.905486305615067
475.11600000003955,-14.489543224893357
475.1200000000395,7.111953527151553
475.12400000003953,-16.711921536683946
475.12800000003955,24.627631112131162
475.1320000000395,-6.61818947093318
475.13600000003953,-2.2645966911842486
475.14000000003955,16.42244189811968
475.1440000000395,26.205818210488694
475.14800000003953,29.883525820878273
475.15200000003955,-24.42844841903456
475.1560000000395,-3.531019698003518
475.16000000003953,-9.465104412519945
475.16400000003955,-18.25109692638066
475.1680000000395,10.471140248065767
475.17200000003953,4.801581216039618
475.17600000003955,8.360256211407533
475.1800000000395,6.227199156400832
475.18400000003953,17.155932066549866
475.18800000003955,5.266964111312517
475.1920000000395,10.245667635162405
475.19600000003953,-1.7541588297248358
475.20000000003955,4.161198660245192
475.20400000003957,1.54741620142308
475.20800000003953,-27.39183775134895
475.21200000003955,10.498757244796924
475.21600000003957,-0.4936572685559715
475.22000000003953,-10.886004740541228
475.22400000003955,-9.684318327899652
475.2280000000396,-4.523875350354498
475.23200000003953,-1.1767212310928024
475.23600000003955,3.538381935033318
475.2400000000396,-16.584140372837787
475.24400000003953,8.639366622322317
475.24800000003955,-16.380024988110975
475.2520000000396,16.087765178101087
475.25600000003953,26.029511786341693
475.26000000003955,-13.197257566732056
475.2640000000396,-9.893208466502603
475.26800000003954,-14.49591585462813
475.27200000003955,-3.0788251605158656
475.2760000000396,-8.973540686300227
475.28000000003954,-18.307638878042194
475.28400000003955,-5.397411783358961
475.2880000000396,7.780877071628961
475.29200000003954,-17.149515369161158
475.29600000003956,-33.87245703126842
475.3000000000396,-31.71019600855789
475.3040000000396,1.4127979210552422
475.30800000003956,14.058955496072938
475.3120000000396,0.753841425883757
475.3160000000396,-19.109825965895915
475.32000000003956,-2.654182288073927
475.3240000000396,-9.503134049802254
475.3280000000396,11.503403352275143
475.33200000003956,1.6551106959603472
475.3360000000396,1.087025471744639
475.3400000000396,-16.381236845041812
475.34400000003956,6.382717554220376
475.3480000000396,8.07338245923302
475.3520000000396,-18.311208976625558
475.35600000003956,-6.645544947260642
475.3600000000396,-14.739276789091887
475.3640000000396,6.811889289228304
475.36800000003956,10.997833638827165
475.3720000000396,14.824200485628719
475.3760000000396,-33.126785449996646
475.38000000003956,9.892145067652342
475.3840000000396,-12.638572340006855
475.3880000000396,-12.829036037060934
475.39200000003956,14.882808392803758
475.3960000000396,-3.2674014771429256
475.4000000000396,4.080540970602042
475.4040000000396,14.136270371485885
475.4080000000396,9.91263513525013
475.4120000000396,28.803424551786186
475.4160000000396,-18.85869257829363
475.4200000000396,22.529262004670635
475.4240000000396,10.698309749384174
475.4280000000396,29.32408035089167
475.4320000000396,-3.3158181882470297
475.4360000000396,-1.2510087820443
475.4400000000396,-16.235078137936643
475.4440000000396,-13.904816128693687
475.4480000000396,-8.56871388233957
475.4520000000396,-14.738491544667253
475.4560000000396,19.162671515172633
475.4600000000396,-16.139216844753797
475.4640000000396,31.293687228345654
475.4680000000396,24.966338506308983
475.4720000000396,-10.919281590252913
475.4760000000396,-44.69336653025682
475.4800000000396,-13.07305156214094
475.4840000000396,-23.62580070219431
475.4880000000396,2.4701591483091176
475.4920000000396,-20.03612647526808
475.4960000000396,5.683861884511467
475.5000000000396,4.703360728580892
475.50400000003964,3.322555623133047
475.5080000000396,24.284453395207382
475.5120000000396,-25.831104832706526
475.51600000003964,-17.117890061707193
475.5200000000396,-16.688004020282214
475.5240000000396,7.104572837816254
475.52800000003964,6.259338529235403
475.5320000000396,-6.5062072780115345
475.5360000000396,-3.438036593064307
475.54000000003964,23.42112943567338
475.5440000000396,-18.18551338213446
475.5480000000396,48.01853558029364
475.55200000003964,4.9288727887985955
475.5560000000396,-22.206415471703878
475.5600000000396,-25.838405068675197
475.56400000003964,25.075116754088494
475.5680000000396,5.893637422956439
475.5720000000396,4.009927252851003
475.57600000003964,20.20588357214345
475.5800000000396,-32.922893298155714
475.5840000000396,19.101329984390325
475.58800000003964,-12.282082653211752
475.5920000000396,-2.5526350627584966
475.5960000000396,2.5755138148968326
475.60000000003964,23.43693084018575
475.60400000003966,17.255298880556026
475.6080000000396,6.3782238148798465
475.61200000003964,28.860768027023806
475.61600000003966,-5.315649765352522
475.6200000000396,1.7865812391822566
475.62400000003964,-6.5150487591371595
475.62800000003966,9.328597178221735
475.6320000000396,-12.501593836021168
475.63600000003964,-1.0818991682393815
475.64000000003966,-25.517946959087908
475.6440000000396,3.364117186077108
475.64800000003964,-6.164837558061889
475.65200000003966,20.47981257460468
475.6560000000396,-0.5690208248173558
475.66000000003964,23.75776508264396
475.66400000003966,14.409907794437324
475.6680000000396,0.03910922436379005
475.67200000003965,25.304382257617725
475.67600000003966,15.459153346922292
475.6800000000396,6.220303010046683
475.68400000003965,3.484050333472454
475.68800000003966,19.08371051204363
475.6920000000396,2.4291152515094705
475.69600000003965,1.445681924240156
475.70000000003967,9.88560146487863
475.7040000000397,24.620898362400577
475.70800000003965,34.47945884238908
475.71200000003967,-19.93475652624081
475.7160000000397,-9.705013630465281
475.72000000003965,1.1881062130690614
475.72400000003967,-0.7622667994838821
475.7280000000397,7.388798870737662
475.73200000003965,-8.7637569969934
475.73600000003967,-11.38673189958272
475.7400000000397,11.680436442562666
475.74400000003965,11.542142767866505
475.74800000003967,0.5291119062496321
475.7520000000397,4.745282154850058
475.75600000003965,-29.549889617191546
475.76000000003967,-15.123644492525669
475.7640000000397,20.0806294582918
475.76800000003965,-29.93031192452601
475.77200000003967,9.603053535801713
475.7760000000397,4.500208478778529
475.78000000003965,3.967106900755609
475.78400000003967,-7.725401963209799
475.7880000000397,8.415007431976218
475.79200000003965,-31.324890254326593
475.79600000003967,0.5402776518085619
475.8000000000397,17.650814209492413
475.8040000000397,-17.437787734094115
475.80800000003967,29.425429047932234
475.8120000000397,-13.931922308765618
475.8160000000397,2.6846051455105213
475.82000000003967,7.68576126001851
475.8240000000397,-22.657715224330822
475.8280000000397,-18.797999115967478
475.83200000003967,7.6919105991618455
475.8360000000397,-8.04775558454865
475.8400000000397,25.59317491758795
475.84400000003967,15.734808748270824
475.8480000000397,-26.7738014656707
475.8520000000397,8.568971938111822
475.85600000003967,11.427917412703179
475.8600000000397,-7.02607497009472
475.8640000000397,-13.989341215590654
475.8680000000397,32.56175135630524
475.8720000000397,8.244961692774268
475.8760000000397,33.80209671118108
475.8800000000397,1.8758438562230735
475.8840000000397,9.709013661421382
475.8880000000397,39.18325113653261
475.8920000000397,26.470988170343162
475.8960000000397,-18.158813503793628
475.9000000000397,4.769147939016484
475.90400000003973,6.277011095029202
475.9080000000397,-6.240614907468101
475.9120000000397,-2.1631673883274662
475.91600000003973,-1.3948643261435254
475.9200000000397,-25.735275897742927
475.9240000000397,-4.35071051594048
475.92800000003973,-11.59056652045261
475.9320000000397,27.93971362597268
475.9360000000397,4.31597690745574
475.94000000003973,12.232952571003223
475.9440000000397,11.330176184447227
475.9480000000397,14.41861376014079
475.95200000003973,16.404648544256407
475.9560000000397,-27.15559161947209
475.9600000000397,-11.414731106471399
475.96400000003973,-20.733881823079116
475.9680000000397,17.706042037120085
475.9720000000397,12.31900311229078
475.97600000003973,-9.666445427325034
475.9800000000397,-5.4802356209389105
475.9840000000397,-12.621600108057597
475.98800000003973,6.749391123337127
475.9920000000397,23.203403102157512
475.9960000000397,-21.79676656816605
476.00000000003973,-2.168648262762219
476.00400000003975,-28.974790394271825
476.0080000000397,33.437193083532584
476.01200000003973,30.637532651759173
476.01600000003975,19.73033416873725
476.0200000000397,8.13447816650874
476.02400000003973,14.333644156981794
476.02800000003975,7.184889852428848
476.0320000000397,0.06789868041831859
476.03600000003973,-21.093592447158265
476.04000000003975,-41.835337650968576
476.0440000000397,-5.819165188673195
476.04800000003974,-16.85065474603345
476.05200000003975,-6.751829323434407
476.0560000000397,-7.724839686074796
476.06000000003974,-34.136834547077264
476.06400000003975,20.018843563849167
476.0680000000397,-2.742117892563299
476.07200000003974,-35.63931204109333
476.07600000003976,18.947559231926935
476.0800000000397,2.2891014277946757
476.08400000003974,-8.174362697737266
476.08800000003976,-28.927698079151643
476.0920000000397,4.338014893638503
476.09600000003974,-19.036479371254398
476.10000000003976,13.40935268815915
476.1040000000398,20.458278694233638
476.10800000003974,-2.7389260885686815
476.11200000003976,-11.417886477097355
476.1160000000398,-19.65926186068572
476.12000000003974,-8.485267579340643
476.12400000003976,-12.839338566459418
476.1280000000398,-12.676874853153658
476.13200000003974,-4.576461995356453
476.13600000003976,-8.901266607660162
476.1400000000398,0.3536352899824786
476.14400000003974,-39.81373669263932
476.14800000003976,2.846743567286347
476.1520000000398,-10.606035288543675
476.15600000003974,-10.594654655306627
476.16000000003976,-21.719879364427413
476.1640000000398,12.30255877785999
476.16800000003974,-5.655130388626404
476.17200000003976,-6.311486879891056
476.1760000000398,0.931129135603046
476.18000000003974,-31.689746429438184
476.18400000003976,1.6280778072379272
476.1880000000398,17.67801973035628
476.19200000003974,-3.1951160339331133
476.19600000003976,-10.928405552475708
476.2000000000398,25.56075377534456
476.2040000000398,15.7236449522461
476.20800000003976,-4.627754133088752
476.2120000000398,-24.4967671865683
476.2160000000398,-9.322240558532592
476.22000000003976,24.046697139521623
476.2240000000398,-0.02088556353096027
476.2280000000398,-12.123394592493137
476.23200000003976,21.89799357720939
476.2360000000398,17.465643484467403
476.2400000000398,18.486063495827082
476.24400000003976,-4.080078689195154
476.2480000000398,20.26927861896862
476.2520000000398,-4.1710394853386745
476.25600000003976,-26.501925857859625
476.2600000000398,-12.760009718603627
476.2640000000398,-13.957706737817865
476.26800000003976,-9.122555781935672
476.2720000000398,13.207515334395135
476.2760000000398,8.191577779855514
476.28000000003976,16.01050510347497
476.2840000000398,15.561943409847883
476.2880000000398,0.6369629269342887
476.29200000003976,11.43172835939247
476.2960000000398,13.90615716183927
476.3000000000398,-6.292207348938893
476.3040000000398,-14.917163633003923
476.3080000000398,42.560866672202444
476.3120000000398,-16.694560236435205
476.3160000000398,-9.952367235473407
476.3200000000398,11.93478996379408
476.3240000000398,13.696145482265708
476.3280000000398,5.4444399012134035
476.3320000000398,22.48972829813491
476.3360000000398,29.986068359423168
476.3400000000398,-20.125220471755867
476.3440000000398,-8.442387335080667
476.3480000000398,-3.156805584925151
476.3520000000398,4.634969364510114
476.3560000000398,4.0429591096585895
476.3600000000398,11.261175460381502
476.3640000000398,5.8073143318460065
476.3680000000398,23.891716242055676
476.3720000000398,-0.4851384380230712
476.3760000000398,-20.147661033497666
476.3800000000398,3.0354347156363812
476.3840000000398,5.674855079554758
476.3880000000398,-0.4472701690620907
476.3920000000398,-27.90635391035033
476.3960000000398,9.60830322102337
476.4000000000398,-12.69051223836482
476.40400000003984,7.309753650141643
476.4080000000398,10.985798747618302
476.4120000000398,-19.037143477547254
476.41600000003984,-18.808406508642154
476.4200000000398,-1.8306372350841098
476.4240000000398,20.721038594136154
476.42800000003984,13.282098157068049
476.4320000000398,19.35747684618224
476.4360000000398,20.301123445540767
476.44000000003984,-14.440914867310923
476.4440000000398,-8.261539834536144
476.4480000000398,-12.401510208371025
476.45200000003985,-25.91632185526354
476.4560000000398,4.716618447476665
476.4600000000398,3.2317503012277458
476.46400000003985,-12.244240255223765
476.4680000000398,-5.305557624521741
476.4720000000398,-4.8023003128578425
476.47600000003985,-22.775619681421972
476.4800000000398,-7.069120773566407
476.4840000000398,-9.776846364436572
476.48800000003985,-7.354359240758432
476.4920000000398,2.1024843282518644
476.4960000000398,-10.77113369772921
476.50000000003985,-2.821821516177304
476.50400000003987,1.2436701130707895
476.50800000003983,26.237201241471055
476.51200000003985,-21.19551874542507
476.51600000003987,-32.73349587111553
476.52000000003983,17.211355596837073
476.52400000003985,13.86875152339405
476.52800000003987,9.894433589566784
476.53200000003983,6.435504342167963
476.53600000003985,4.364757105887631
476.54000000003987,15.072270338348863
476.54400000003983,-17.463658661851465
476.54800000003985,-7.260198244634286
476.55200000003987,11.238518767326596
476.55600000003983,16.415314815182864
476.56000000003985,3.284463742677583
476.56400000003987,-8.925862299215417
476.56800000003983,6.353460410747362
476.57200000003985,13.559451195965073
476.57600000003987,10.044622776695533
476.58000000003983,16.83563434073198
476.58400000003985,-15.036269779597946
476.58800000003987,-11.110042687781206
476.59200000003983,-24.21366946586884
476.59600000003985,15.887034134448355
476.60000000003987,31.394753004393426
476.6040000000399,20.82171975259896
476.60800000003985,6.873654776012913
476.61200000003987,-10.305257788887607
476.6160000000399,-4.685658017453565
476.62000000003985,21.97188103753982
476.62400000003987,-15.743910181851165
476.6280000000399,-8.14452951323605
476.63200000003985,-11.77349822431978
476.63600000003987,7.05060417621597
476.6400000000399,-2.3126591282480176
476.64400000003985,22.36006705692573
476.6480000000399,-18.190692886003667
476.6520000000399,-1.696309700451169
476.65600000003985,2.1901346411942333
476.6600000000399,-7.303692853028487
476.6640000000399,2.364091204749519
476.66800000003985,18.449762281531925
476.6720000000399,-6.1205724762113904
476.6760000000399,17.993329225381956
476.68000000003985,13.103684522810752
476.6840000000399,-21.428729482224796
476.6880000000399,4.555887327363213
476.69200000003985,11.982174580707897
476.6960000000399,16.038425605309072
476.7000000000399,22.044707590419574
476.7040000000399,18.96225317125974
476.7080000000399,-11.420665606176467
476.7120000000399,5.62811958984323
476.7160000000399,30.988698771906172
476.7200000000399,-35.9840838935657
476.7240000000399,-35.338309003775436
476.7280000000399,-4.389616798736132
476.7320000000399,5.3162577368399475
476.7360000000399,17.054845407809736
476.7400000000399,-10.787046886242791
476.7440000000399,-6.376156387124157
476.7480000000399,-20.231906709560754
476.7520000000399,6.3443712034237025
476.7560000000399,-2.361991937992728
476.7600000000399,-6.795910175254554
476.7640000000399,23.75527594330077
476.7680000000399,17.88440069346315
476.7720000000399,13.337468861895319
476.7760000000399,-4.093588274049212
476.7800000000399,11.45451756266343
476.7840000000399,-25.057929481728905
476.7880000000399,-18.998143708979633
476.7920000000399,-13.500419989307423
476.7960000000399,-13.762077879831203
476.8000000000399,-17.669132069693426
476.80400000003993,6.6667891672087025
476.8080000000399,5.569447964608827
476.8120000000399,4.652781970954271
476.81600000003994,7.8748382390807885
476.8200000000399,9.748790238685803
476.8240000000399,8.031192790170309
476.82800000003994,21.90656988103192
476.8320000000399,15.869070479118081
476.8360000000399,-10.116426440345073
476.84000000003994,-20.186753605945327
476.8440000000399,3.600912230636842
476.8480000000399,-17.314339317068285
476.85200000003994,-9.369058577444768
476.8560000000399,-19.4245289224218
476.8600000000399,-10.399874270564675
476.86400000003994,9.057283338353383
476.8680000000399,-2.591490651212354
476.8720000000399,-1.020194254120304
476.87600000003994,32.49062993748522
476.8800000000399,-10.13759110414884
476.8840000000399,19.915659963023444
476.88800000003994,36.946812104519516
476.8920000000399,7.437473480939764
476.8960000000399,11.48032844200913
476.90000000003994,16.461508904078602
476.90400000003996,-6.158098031066034
476.9080000000399,23.407108850933046
476.91200000003994,6.505344570327872
476.91600000003996,4.360480628506979
476.9200000000399,10.636050049053852
476.92400000003994,-13.935245343894216
476.92800000003996,-5.9691165533907045
476.9320000000399,1.6306278020966996
476.93600000003994,-2.4371454135789663
476.94000000003996,8.377690199476351
476.9440000000399,-26.805808341971584
476.94800000003994,-1.5667843560250936
476.95200000003996,1.136356640214234
476.9560000000399,9.933856286197914
476.96000000003994,21.35431576335123
476.96400000003996,-18.237509281371416
476.9680000000399,10.997845772284549
476.97200000003994,-23.815760300884417
476.97600000003996,5.736547574137223
476.9800000000399,6.831528138297606
476.98400000003994,-1.5803254414733385
476.98800000003996,3.4303107988930504
476.9920000000399,-13.266924942720784
476.99600000003994,20.461920231669012
477.00000000003996,-4.552802544266143
477.00400000004,25.546824185656664
477.00800000003994,-0.5679075018494545
477.01200000003996,-0.9354074919180358
477.01600000004,19.043291424818698
477.02000000003994,-3.3309598330531407
477.02400000003996,-0.643284312909632
477.02800000004,4.544956078894913
477.03200000003994,-10.658804353727954
477.03600000003996,-7.948365970443997
477.04000000004,10.591000726440845
477.04400000003994,22.523323219344142
477.04800000003996,-23.96585402220339
477.05200000004,-3.561818255676676
477.05600000003994,4.039619433074699
477.06000000003996,-22.410609705564124
477.06400000004,-20.39579942964123
477.06800000003994,-2.2468166404101293
477.07200000003996,-10.190577484173286
477.07600000004,-10.699363800918622
477.08000000003995,25.66457682407455
477.08400000003996,-0.8042879200788364
477.08800000004,-2.319528869678716
477.09200000003995,-10.192854135937813
477.09600000003996,8.855934103666376
477.10000000004,14.896859142863986
477.10400000004,15.914336286520745
477.10800000003997,-1.7530987835117624
477.11200000004,-30.05315768519355
477.11600000004,9.991155481324165
477.12000000003997,-10.633595281499046
477.12400000004,0.6355750970742382
477.12800000004,6.771932898055381
477.13200000003997,-6.934917578430856
477.13600000004,2.0371791985114944
477.14000000004,9.496772585413837
477.14400000003997,-8.649344121632804
477.14800000004,-30.225598243686978
477.15200000004,-8.140895451049388
477.15600000003997,-21.090953581803934
477.16000000004,23.8923262795536
477.16400000004,-25.298796645828318
477.16800000003997,-5.284704847106104
477.17200000004,6.647858067133894
477.17600000004,-1.8011104230086838
477.18000000003997,9.301119542143887
477.18400000004,34.74011830534225
477.18800000004,15.112091360389812
477.19200000003997,25.54398289856826
477.19600000004,10.496416459711654
477.20000000004,18.328724998220714
477.20400000004,8.768235493730613
477.20800000004,-9.416893414689437
477.21200000004,-16.68809360058217
477.21600000004,24.656970276156354
477.22000000004,-0.25299521905104183
477.22400000004,16.940388201827094
477.22800000004,-8.40203335294739
477.23200000004,-38.35254112407237
477.23600000004,-5.548586453525306
477.24000000004,34.24934056391482
477.24400000004,-29.65943753074386
477.24800000004,2.1149997463818386
477.25200000004,-5.951957654906929
477.25600000004,11.398879798223962
477.26000000004,2.7129602411500504
477.26400000004,20.409977161144063
477.26800000004,-27.177778609472618
477.27200000004,-23.257123417650323
477.27600000004,-1.0737531960804279
477.28000000004,9.033279241525177
477.28400000004,-15.954700386690352
477.28800000004003,-11.426933166842574
477.29200000004,-21.94403463222442
477.29600000004,-30.226740841223183
477.30000000004003,-0.2251019199346832
477.30400000004005,6.2391601483325525
477.30800000004,3.22078698858422
477.31200000004003,0.16982376616786943
477.31600000004005,35.02776634902529
477.32000000004,15.525006003852994
477.32400000004003,-17.954505247121812
477.32800000004005,7.650041997243704
477.33200000004,17.80730946421672
477.33600000004003,-7.400786198687968
477.34000000004005,10.85378475471891
477.34400000004,13.792489595076074
477.34800000004003,-14.440260989293506
477.35200000004005,-18.891973367543745
477.35600000004,8.701558017696119
477.36000000004003,-13.777132781383063
477.36400000004005,-0.24329599055205864
477.36800000004,-14.490852130571113
477.37200000004003,11.2377162844275
477.37600000004005,-36.303299697147494
477.38000000004,-7.2026206190606485
477.38400000004003,10.392771379996598
477.38800000004005,-10.127089229120202
477.39200000004,8.715606585934013
477.39600000004003,-45.72969953090696
477.40000000004005,13.816318783345258
477.40400000004007,-2.723086414127976
477.40800000004003,10.93685186404672
477.41200000004005,-15.104010698659168
477.41600000004007,25.058127420972582
477.42000000004003,5.96811084071357
477.42400000004005,2.7800582339637776
477.4280000000401,-5.739296199384276
477.43200000004003,-21.64645447234387
477.43600000004005,6.367754985061444
477.4400000000401,15.542262105740882
477.44400000004003,14.47998449198984
477.44800000004005,3.916183865777561
477.4520000000401,-1.6746286580529706
477.45600000004004,-10.611952888789462
477.46000000004005,5.3660131426288356
477.4640000000401,-14.59925255015285
477.46800000004004,5.798703390121809
477.47200000004005,-19.856100579223327
477.4760000000401,-10.172399262667334
477.48000000004004,1.4335776979450952
477.48400000004006,-18.47431326396531
477.4880000000401,0.3869467424199262
477.49200000004004,18.172832064013747
477.49600000004006,13.464860236011832
477.5000000000401,29.81507083431882
477.5040000000401,-8.970652831685573
477.50800000004006,17.65844882471107
477.5120000000401,6.719201723360677
477.5160000000401,-5.2236390669784445
477.52000000004006,-30.32025975957968
477.5240000000401,-14.975499388924915
477.5280000000401,-19.89258595438586
477.53200000004006,0.39346117369514866
477.5360000000401,18.92247694447462
477.5400000000401,1.104898600331916
477.54400000004006,-5.632303830640197
477.5480000000401,-2.7984728165561745
477.5520000000401,17.232800510336098
477.55600000004006,20.616834870299982
477.5600000000401,3.581249438852408
477.5640000000401,-10.722015461907374
477.56800000004006,30.766049093725016
477.5720000000401,-45.6724389683745
477.5760000000401,-4.177543249783623
477.58000000004006,18.501260514408422
477.5840000000401,12.55977771711136
477.5880000000401,20.07802114582213
477.59200000004006,-9.48450229330435
477.5960000000401,-29.646902452672546
477.6000000000401,2.7945400446768085
477.6040000000401,-14.231306446805617
477.6080000000401,-4.617271233851245
477.6120000000401,3.5545723517634396
477.6160000000401,9.041034284771548
477.6200000000401,23.62571062833163
477.6240000000401,-18.415588895292746
477.6280000000401,-15.946380287488113
477.6320000000401,21.672316584994668
477.6360000000401,-11.716336443483797
477.6400000000401,-9.860602343504993
477.6440000000401,12.12054800488002
477.6480000000401,0.1593038717651164
477.6520000000401,2.589596104429617
477.6560000000401,-2.1542570980594125
477.6600000000401,-17.954937538106254
477.6640000000401,-12.158107616654362
477.6680000000401,2.805874497637369
477.6720000000401,9.389824025214844
477.6760000000401,0.09622313432387619
477.6800000000401,-3.257442454977448
477.6840000000401,-0.09900666552283044
477.6880000000401,21.90903150387993
477.6920000000401,-30.423908729196395
477.6960000000401,21.98187551518936
477.7000000000401,-32.22200232653997
477.70400000004014,12.965264774024348
477.7080000000401,17.670204049475547
477.7120000000401,32.98883726824226
477.71600000004014,0.8021671080430994
477.7200000000401,-5.789829865016787
477.7240000000401,-6.278143916921396
477.72800000004014,18.81856421012058
477.7320000000401,-1.0521977456030474
477.7360000000401,-16.407997641658817
477.74000000004014,18.042942853742368
477.7440000000401,1.447345854819046
477.7480000000401,7.8257313436709435
477.75200000004014,12.46658902033641
477.7560000000401,13.141975517551305
477.7600000000401,-0.7892552351346818
477.76400000004014,-19.70038262991076
477.7680000000401,-3.1632365373898397
477.7720000000401,-0.15484204555865988
477.77600000004014,-13.2272057730823
477.7800000000401,-17.188090936297797
477.7840000000401,-37.481926608915344
477.78800000004014,2.559111022689998
477.7920000000401,4.994796452343177
477.7960000000401,-6.023382757173126
477.80000000004014,-5.208314560668992
477.80400000004016,6.029811636671921
477.8080000000401,-53.478487422976286
477.81200000004014,0.49205608310951554
477.81600000004016,42.74927909962899
477.8200000000401,-12.984587272921814
477.82400000004014,11.435259854754378
477.82800000004016,29.586802037108235
477.8320000000401,-18.982271777137278
477.83600000004014,-1.7675507990771733
477.84000000004016,5.244991725878269
477.8440000000401,1.3836735684507602
477.84800000004014,-9.344985718960125
477.85200000004016,8.037564130441107
477.8560000000401,12.141388265797238
477.86000000004015,15.750862844827289
477.86400000004016,1.0586401485452528
477.8680000000401,-0.5599809330204488
477.87200000004015,-19.92544715923067
477.87600000004016,26.635854842256638
477.8800000000401,4.480016367086646
477.88400000004015,31.797429090539037
477.88800000004017,-18.58755623672881
477.8920000000401,1.0868261609277803
477.89600000004015,-7.192790248514278
477.90000000004017,-39.32134114728771
477.9040000000402,-8.580209321633731
477.90800000004015,24.22913918478283
477.91200000004017,15.418018871843291
477.9160000000402,6.282233993987946
477.92000000004015,0.9405562807747478
477.92400000004017,-33.90440278090466
477.9280000000402,12.638798841383663
477.93200000004015,19.27100876991605
477.93600000004017,-13.094650833973256
477.9400000000402,17.79149804104577
477.94400000004015,-6.765783232039813
477.94800000004017,16.52684401637986
477.9520000000402,24.643886195926623
477.95600000004015,-3.746684314123878
477.96000000004017,17.283234482466177
477.9640000000402,-34.83503388355033
477.96800000004015,-5.49337793895295
477.97200000004017,-6.391470712780957
477.9760000000402,-14.688767251234562
477.98000000004015,-20.54655512378596
477.98400000004017,-36.71524394395876
477.9880000000402,33.302343663752474
477.99200000004015,-20.59559623249323
477.99600000004017,3.4743770937057628
478.0000000000402,-5.65978705422567
478.0040000000402,21.44264018621684
478.00800000004017,-14.968206168414568
478.0120000000402,2.5457544513726695
478.0160000000402,-10.295078343115792
478.02000000004017,2.6148076889637237
478.0240000000402,9.314049853733666
478.0280000000402,-0.7597153414944224
478.03200000004017,8.38103139179595
478.0360000000402,-3.9261393613253373
478.0400000000402,9.633265652629722
478.04400000004017,-8.567158521318646
478.0480000000402,-4.373056097170306
478.0520000000402,-11.176097509345475
478.05600000004017,-3.55275741010353
478.0600000000402,0.4498657158055108
478.0640000000402,-37.87589610159496
478.0680000000402,-28.45567445153364
478.0720000000402,-13.716944920704405
478.0760000000402,-7.774301142397952
478.0800000000402,-19.479270012963745
478.0840000000402,-7.153908844266825
478.0880000000402,-33.12871336038311
478.0920000000402,-4.618620446954626
478.0960000000402,-1.670630848040018
478.1000000000402,-2.486514844076808
478.10400000004023,-19.35303935943179
478.1080000000402,10.268168282255578
478.1120000000402,12.660992741318436
478.11600000004023,-15.700440300566076
478.1200000000402,-8.527474485276826
478.1240000000402,-6.382192380074773
478.12800000004023,-0.8803074579722036
478.1320000000402,6.187370595362401
478.1360000000402,-7.962440803417023
478.14000000004023,-9.956132802195636
478.1440000000402,-1.1545986636692644
478.1480000000402,9.558343666853544
478.15200000004023,4.311719646979978
478.1560000000402,26.6475144684295
478.1600000000402,-3.39306934995469
478.16400000004023,4.783788846748133
478.1680000000402,0.6103011110756378
478.1720000000402,-9.580503670711598
478.17600000004023,19.97696740520796
478.1800000000402,27.662198763228314
478.1840000000402,-16.44354523775541
478.18800000004023,3.726463566235063
478.1920000000402,-19.21337846472625
478.1960000000402,7.989531780045413
478.20000000004023,-9.537441369943853
478.20400000004025,4.260764214329248
478.2080000000402,-12.149585856419991
478.21200000004023,1.9050508918926123
478.21600000004025,-20.37261174487253
478.2200000000402,-3.0946213028004492
478.22400000004023,29.18686787668861
478.22800000004025,6.866391947988033
478.2320000000402,-3.006853576200168
478.23600000004024,4.809524224751837
478.24000000004025,-11.505545073313005
478.2440000000402,-5.491473642611723
478.24800000004024,8.338120043263407
478.25200000004025,24.51148854153815
478.2560000000402,-10.712541237636731
478.26000000004024,28.28249193523939
478.26400000004026,-12.386518971283245
478.2680000000402,19.392940696785313
478.27200000004024,13.272165777345613
478.27600000004026,-1.1580439657160877
478.2800000000402,8.866414271449496
478.28400000004024,-0.3488674086147512
478.28800000004026,-35.43159192468912
478.2920000000402,-50.762603199464806
478.29600000004024,10.60916982571654
478.30000000004026,-6.84399576760699
478.3040000000403,-24.139145786310745
478.30800000004024,-3.775093966424425
478.31200000004026,-3.032190727095864
478.3160000000403,-17.422772671950295
478.32000000004024,17.994694244957746
478.32400000004026,7.010784543198037
478.3280000000403,-12.160953160452673
478.33200000004024,7.075533210372444
478.33600000004026,-6.897075715371382
478.3400000000403,16.6819101975238
478.34400000004024,-30.260797459547906
478.34800000004026,-3.2186201854350465
478.3520000000403,1.1272571289768685
478.35600000004024,-17.232375779963295
478.36000000004026,-1.2748167355699218
478.3640000000403,-26.71649088329951
478.36800000004024,-0.5548512641855883
478.37200000004026,-2.4595857878646106
478.3760000000403,15.004336442638644
478.38000000004024,-14.476555290899121
478.38400000004026,-5.422690214820862
478.3880000000403,-1.2305139611970501
478.39200000004024,-16.48820851182257
478.39600000004026,-4.849368626947047
478.4000000000403,0.9035880505710283
478.4040000000403,-7.748142902503316
478.40800000004026,17.88886002217483
478.4120000000403,13.52418037685774
478.4160000000403,9.676892005027952
478.42000000004026,-22.076293640081605
478.4240000000403,8.791941195043584
478.4280000000403,6.8518363282547
478.43200000004026,10.733572761520499
478.4360000000403,7.913003451637557
478.4400000000403,4.7437482866973175
478.44400000004026,-47.441091054938106
478.4480000000403,0.7509019187106296
478.4520000000403,-29.923942513855632
478.45600000004026,9.908485445939478
478.4600000000403,-12.532978088618782
478.4640000000403,-1.1382667237794069
478.46800000004026,12.254699305239779
478.4720000000403,2.454591830493469
478.4760000000403,7.3800380337345395
478.48000000004026,6.077190906478716
478.4840000000403,-5.9623845871236325
478.4880000000403,10.798847174819754
478.49200000004026,-9.283229858837327
478.4960000000403,-23.291345247080738
478.5000000000403,8.24485028237551
478.5040000000403,1.0454227041654671
478.5080000000403,23.125835207168404
478.5120000000403,-17.331638355238496
478.5160000000403,23.161525508448225
478.5200000000403,15.086699471169807
478.5240000000403,7.261414173008197
478.5280000000403,-24.624080748409305
478.5320000000403,-33.386657397353645
478.5360000000403,3.372743438884739
478.5400000000403,-6.6861208261505105
478.5440000000403,-7.793297647258501
478.5480000000403,21.095525729848234
478.5520000000403,-18.784377184666134
478.5560000000403,-26.10605729921197
478.5600000000403,-0.5702597862443924
478.5640000000403,-25.172982445188282
478.5680000000403,34.65512513874151
478.5720000000403,7.2290156100157255
478.5760000000403,-34.036078107825894
478.5800000000403,34.923756253201326
478.5840000000403,-4.638282016213482
478.5880000000403,8.362378971178995
478.5920000000403,23.541773979586242
478.5960000000403,-27.82539805896757
478.6000000000403,-20.409764448436448
478.60400000004034,6.362333915066917
478.6080000000403,20.51010986600484
478.6120000000403,19.49460046638154
478.61600000004034,-4.060225268963611
478.6200000000403,19.23882517474718
478.6240000000403,17.336899977926063
478.62800000004034,-17.614957960413122
478.6320000000403,7.242906965615086
478.6360000000403,-7.851275792713136
478.64000000004035,-0.8324939959593349
478.6440000000403,-9.716453282343096
478.6480000000403,-13.078658271878348
478.65200000004035,-10.074321234985797
478.6560000000403,21.008933702954952
478.6600000000403,10.693749216845402
478.66400000004035,-11.919017035448295
478.6680000000403,50.546589075507306
478.6720000000403,24.349326038480932
478.67600000004035,4.505636731020514
478.6800000000403,-0.939695845212368
478.6840000000403,-16.99619037466247
478.68800000004035,-15.145770470139805
478.6920000000403,-6.524674047854036
478.6960000000403,-14.368050984936865
478.70000000004035,17.216032521310755
478.70400000004037,8.183936715831656
478.70800000004033,-16.960883206141858
478.71200000004035,-0.9099965456497454
478.71600000004037,10.882891219352938
478.72000000004033,-2.168355082931325
478.72400000004035,-39.21429262299685
478.72800000004037,10.82173810348573
478.73200000004033,20.12839717601603
478.73600000004035,7.238111598018962
478.74000000004037,-6.318764622840595
478.74400000004033,-4.915879014617951
478.74800000004035,-6.62281026501406
478.75200000004037,-28.146700443807163
478.75600000004033,29.559181242605412
478.76000000004035,-15.786536047831397
478.76400000004037,7.99484569438796
478.76800000004033,-16.81803671365862
478.77200000004035,0.1727269074697833
478.77600000004037,0.02907146330525845
478.78000000004033,-4.406005122254889
478.78400000004035,27.385808558644236
478.78800000004037,10.284279417775261
478.79200000004033,12.887060921344462
478.79600000004035,-17.98002113580488
478.80000000004037,9.116156468228729
478.8040000000404,14.804529236936833
478.80800000004035,3.70406941245791
478.81200000004037,40.25740454784369
478.8160000000404,-18.291953759754538
478.82000000004035,-9.058506887211498
478.82400000004037,-6.5264854626107685
478.8280000000404,-2.32986299789758
478.83200000004035,-7.952763427840804
478.83600000004037,0.38321619059592216
478.8400000000404,-2.574905690588027
478.84400000004035,4.395914925319383
478.8480000000404,13.469925004094554
478.8520000000404,-14.507714848907362
478.85600000004035,28.4105591088025
478.8600000000404,7.1812211576703655
478.8640000000404,-26.940032414810663
478.86800000004035,-14.119661916201416
478.8720000000404,-16.655337904439996
478.8760000000404,-13.811263171004521
478.88000000004035,-7.315666122053028
478.8840000000404,-9.949420174354584
478.8880000000404,3.313488803358374
478.89200000004035,-23.05171328056834
478.8960000000404,-11.48737143669207
478.9000000000404,-8.779008750490016
478.9040000000404,-21.252652739384484
478.9080000000404,-8.03693337146001
478.9120000000404,-25.824101604208813
478.9160000000404,9.349364318546012
478.9200000000404,-25.013606783604857
478.9240000000404,-18.424114595744417
478.9280000000404,-7.717363223130702
478.9320000000404,0.11400091052848893
478.9360000000404,5.600100101829582
478.9400000000404,-21.885064680931983
478.9440000000404,7.702026088214481
478.9480000000404,-12.060818715457296
478.9520000000404,1.2266729163517973
478.9560000000404,13.51476344751819
478.9600000000404,20.59908570409867
478.9640000000404,-14.06831321933009
478.9680000000404,-10.437310954577185
478.9720000000404,16.69208678178974
478.9760000000404,-19.56452923563349
478.9800000000404,15.603704492202295
478.9840000000404,-25.6960010080634
478.9880000000404,-8.341504363296792
478.9920000000404,6.9792626581714785
478.9960000000404,11.354807904062033
479.0000000000404,-5.307513611908565
479.00400000004043,-31.698426920233363
479.0080000000404,-16.733503008986546
479.0120000000404,-26.98248979778372
479.01600000004044,-11.97350767963643
479.0200000000404,8.360123157029122
479.0240000000404,-4.1180183833248725
479.02800000004044,29.89615268926317
479.0320000000404,21.269285278621595
479.0360000000404,2.544178742131237
479.04000000004044,-14.907714553978494
479.0440000000404,21.257610501974103
479.0480000000404,-3.676515900435346
479.05200000004044,6.6546676538703515
479.0560000000404,-3.47968174305013
479.0600000000404,18.929917116887168
479.06400000004044,-22.333228886537327
479.0680000000404,-5.391733035771905
479.0720000000404,18.29500086991405
479.07600000004044,-10.887166011662654
479.0800000000404,-2.707482717287369
479.0840000000404,8.003281803454318
479.08800000004044,1.644197514287732
479.0920000000404,-11.288465255869497
479.0960000000404,23.297749854782783
479.10000000004044,11.260745977746689
479.10400000004046,10.023248677101115
479.1080000000404,5.723327591979941
479.11200000004044,-10.923541650687888
479.11600000004046,1.1625333655933328
479.1200000000404,-12.729487135665206
479.12400000004044,-13.882700929817803
479.12800000004046,4.017424742720674
479.1320000000404,1.8025387694207446
479.13600000004044,-7.768785755367631
479.14000000004046,22.61382175719407
479.1440000000404,-17.93779924924253
479.14800000004044,-30.06460150787212
479.15200000004046,5.151250408363339
479.1560000000404,-20.97342552883923
479.16000000004044,-1.4474228236786004
479.16400000004046,6.787623896183735
479.1680000000404,-24.064456113101173
479.17200000004044,7.115802813680288
479.17600000004046,6.845400411383634
479.1800000000404,21.622661683890133
479.18400000004044,-17.68946874169201
479.18800000004046,-17.952714439723387
479.1920000000404,28.72869373962706
479.19600000004044,12.158499726567488
479.20000000004046,-32.18937656163782
479.2040000000405,-15.318910216957395
479.20800000004044,-22.83114688184208
479.21200000004046,19.836463817572973
479.2160000000405,15.591456975517815
479.22000000004044,15.201564524734302
479.22400000004046,24.64147040779158
479.2280000000405,3.558653337157654
479.23200000004044,11.488947012596533
479.23600000004046,21.967347664427866
479.2400000000405,21.77908457868316
479.24400000004044,13.593388819862785
479.24800000004046,0.40528569469225584
479.2520000000405,18.956272815312715
479.25600000004044,6.778664262715192
479.26000000004046,-0.8592686199649227
479.2640000000405,14.324297557488123
479.26800000004044,7.047517473268987
479.27200000004046,34.345126763560025
479.2760000000405,-5.246171063979334
479.28000000004045,-9.503111173074721
479.28400000004046,-7.396691943192256
479.2880000000405,-0.39743683756923054
479.29200000004045,-19.005869893337735
479.29600000004046,-6.487594349652673
479.3000000000405,0.9521124961049943
479.3040000000405,-13.52543562332654
479.30800000004047,11.620110162163215
479.3120000000405,-3.1727133310879427
479.3160000000405,14.462137705655607
479.32000000004047,0.6902997505470214
479.3240000000405,-4.426153047692918
479.3280000000405,4.419372613129048
479.33200000004047,-9.856288732493702
479.3360000000405,15.372510107358368
479.3400000000405,-16.797086540473376
479.34400000004047,-12.1573664107437
479.3480000000405,-13.098756564506562
479.3520000000405,-10.547719011232838
479.35600000004047,-17.2135651320471
479.3600000000405,4.4986864140389144
479.3640000000405,-9.885396785279429
479.36800000004047,0.1961025119343658
479.3720000000405,4.80898073606993
479.3760000000405,14.507496042363815
479.38000000004047,-3.4789089387380883
479.3840000000405,-2.514275972057858
479.3880000000405,11.404103591045036
479.39200000004047,16.006213647090917
479.3960000000405,6.352936892472929
479.4000000000405,-4.831972371722481
479.4040000000405,8.989631317147348
479.4080000000405,18.720953374936848
479.4120000000405,23.249251656144942
479.4160000000405,-9.312114038981834
479.4200000000405,28.436149813539505
479.4240000000405,1.5626434600375934
479.4280000000405,11.081298230505723
479.4320000000405,-0.8290873848029479
479.4360000000405,21.980200140813633
479.4400000000405,4.793600312408388
479.4440000000405,-18.91332359416089
479.4480000000405,-22.11210776483844
479.4520000000405,-12.507449182486724
479.4560000000405,20.62288327894018
479.4600000000405,19.806498356209076
479.4640000000405,-9.495962976351727
479.4680000000405,-28.847031053313753
479.4720000000405,14.223547620721476
479.47600000004053,13.465814523297315
479.4800000000405,3.0867247256703467
479.4840000000405,-4.297474676500592
479.48800000004053,33.6713168324396
479.4920000000405,-6.507191644584736
479.4960000000405,11.065129945150959
479.50000000004053,-17.72640738527175
479.50400000004055,16.296459728161054
479.5080000000405,26.388720975933072
479.51200000004053,1.3965871254522395
479.51600000004055,-6.746918585012917
479.5200000000405,1.947725303766073
479.52400000004053,-10.660976877222122
479.52800000004055,-18.65901194260393
479.5320000000405,-20.6542294440181
479.53600000004053,-35.4154724163108
479.54000000004055,15.063202319290898
479.5440000000405,20.014452578056762
479.54800000004053,24.042784766741832
479.55200000004055,0.5603193677347251
479.5560000000405,-19.068182489924325
479.56000000004053,-16.813139107039667
479.56400000004055,9.819617845667432
479.5680000000405,-36.48291809882627
479.57200000004053,1.6455353886722517
479.57600000004055,12.658390887317616
479.5800000000405,0.2244112519311119
479.58400000004053,17.020177398342156
479.58800000004055,-4.860955732028188
479.5920000000405,0.32189971640428405
479.59600000004053,-12.903487853966961
479.60000000004055,-0.8533242726274421
479.60400000004057,10.681526638827984
479.60800000004053,1.1070347976127988
479.61200000004055,-0.9589504468416474
479.6160000000406,10.475773115893697
479.62000000004053,14.982383406632726
479.62400000004055,-15.797748510894762
479.6280000000406,14.77731118956117
479.63200000004053,2.2288235580630262
479.63600000004055,9.625302259482943
479.6400000000406,-1.9036150551588373
479.64400000004053,-6.834802853167551
479.64800000004055,9.893662602641545
479.6520000000406,15.971004924156938
479.65600000004054,-47.19950679332558
479.66000000004055,-2.605675372541234
479.6640000000406,4.62200627659351
479.66800000004054,22.030036655086594
479.67200000004055,-15.98188891660902
479.6760000000406,20.749116798863025
479.68000000004054,-30.043056576415673
479.68400000004056,4.606276944563328
479.6880000000406,5.431218521254829
479.69200000004054,14.71589948455615
479.69600000004056,20.445276374692767
479.7000000000406,18.50352183592244
479.7040000000406,15.627468592198886
479.70800000004056,-14.072063737705232
479.7120000000406,-6.479268713754612
479.7160000000406,10.631515477203079
479.72000000004056,-7.836926257378799
479.7240000000406,-34.9946548991982
479.7280000000406,-0.8017659614949042
479.73200000004056,15.29712113246562
479.7360000000406,13.395316781303826
479.7400000000406,-21.48435912155288
479.74400000004056,-11.14276267643994
479.7480000000406,-4.100487218560974
479.7520000000406,6.376390579268767
479.75600000004056,6.846383540691981
479.7600000000406,-38.30167658985645
479.7640000000406,2.16896427953299
479.76800000004056,-20.170569845131023
479.7720000000406,29.074284946897578
479.7760000000406,-8.225893266864066
479.78000000004056,-7.773728857345384
479.7840000000406,18.225264431117612
479.7880000000406,-18.637303977971055
479.79200000004056,-11.877557848839343
479.7960000000406,-13.532503821914466
479.8000000000406,6.171070456532551
479.8040000000406,-18.351408163287363
479.8080000000406,-3.567904776084794
479.8120000000406,-27.688265381768588
479.8160000000406,7.771548381560786
479.8200000000406,7.048756030466144
479.8240000000406,15.243001945293393
479.8280000000406,30.219486784096606
479.8320000000406,1.0712266560434056
479.8360000000406,21.196520092347132
479.8400000000406,2.754065353286278
479.8440000000406,-15.301362224623183
479.8480000000406,4.116068294720208
479.8520000000406,-15.978496092490973
479.8560000000406,13.238542124243997
479.8600000000406,13.387024886413968
479.8640000000406,-19.868903756528585
479.8680000000406,-52.28491116808752
479.8720000000406,-16.888578011926565
479.8760000000406,23.185351580914336
479.8800000000406,-0.2968840770335994
479.8840000000406,0.17806603238359459
479.8880000000406,-3.1504766951939684
479.8920000000406,23.07642299813788
479.8960000000406,-2.722240436364107
479.9000000000406,-15.18539312064135
479.90400000004064,-19.921598356025406
479.9080000000406,-7.58215888971401
479.9120000000406,9.336203916295112
479.91600000004064,14.817436807589583
479.9200000000406,-2.3030654627539353
479.9240000000406,-1.1874539751265938
479.92800000004064,-17.785388549194032
479.9320000000406,10.888412700564869
479.9360000000406,-16.320899931534452
479.94000000004064,-2.5255477383336675
479.9440000000406,-16.76961964135183
479.9480000000406,-5.616764100500146
479.95200000004064,-20.723824277166045
479.9560000000406,-10.70451668805648
479.9600000000406,17.5443983698581
479.96400000004064,-4.1376213630545875
479.9680000000406,-1.9088680520811043
479.9720000000406,-18.486931956875345
479.97600000004064,-32.52144803661894
479.9800000000406,-9.333002491263796
479.9840000000406,15.304732651500895
479.98800000004064,-9.100915497495087
479.9920000000406,2.5980257823500126
479.9960000000406,1.4175107936874984
480.00000000004064,27.074573528541578
480.00400000004066,-2.585188416686417
480.0080000000406,19.666466524738095
480.01200000004064,28.642397404663512
480.01600000004066,-7.92989922069545
480.0200000000406,33.702727351369376
480.02400000004064,-12.710942481608036
480.02800000004066,-3.609193627708864
480.0320000000406,-2.3851944340136777
480.03600000004064,22.811880806132155
480.04000000004066,6.615866012223066
480.0440000000406,8.292809623516249
480.04800000004064,1.4505124758393557
480.05200000004066,-14.749473997795414
480.0560000000406,18.648201713945564
480.06000000004065,33.51329558244608
480.06400000004066,-23.321400769599958
480.0680000000406,-14.55980715959463
480.07200000004065,-27.687987582063503
480.07600000004066,6.972422490542039
480.0800000000406,-13.113741283198285
480.08400000004065,-28.008969181815534
480.08800000004067,1.8128113793486873
480.0920000000406,-7.4054435507434215
480.09600000004065,-31.99375559574002
480.10000000004067,8.45110116181488
480.1040000000407,-4.781004066381216
480.10800000004065,5.513486794106523
480.11200000004067,27.929316252242227
480.1160000000407,-17.070207120568153
480.12000000004065,-0.14820899955266487
480.12400000004067,-13.382330043144401
480.1280000000407,-13.702114365443226
480.13200000004065,-14.550057536426232
480.13600000004067,-10.746561094833758
480.1400000000407,5.760975449453225
480.14400000004065,21.432489099851683
480.14800000004067,3.9418303944399473
480.1520000000407,-10.695516731398694
480.15600000004065,-24.907719396829304
480.16000000004067,-18.277704043888264
480.1640000000407,-48.09457159842768
480.16800000004065,-8.14487860434527
480.17200000004067,18.631975287181113
480.1760000000407,-12.342549868269984
480.18000000004065,-5.116276808244994
480.18400000004067,-14.684228001925884
480.1880000000407,11.158443262885003
480.19200000004065,-9.275979489994228
480.19600000004067,25.892793929396763
480.2000000000407,31.60579589943506
480.2040000000407,-1.0356555785634751
480.20800000004067,-27.589603746306846
480.2120000000407,-17.366823484933168
480.2160000000407,-8.086773801762188
480.22000000004067,24.916057950813734
480.2240000000407,4.085453806532316
480.2280000000407,12.97761799009907
480.23200000004067,4.758319053447212
480.2360000000407,-26.926755391366882
480.2400000000407,-22.02846436725216
480.24400000004067,-1.4287498663587384
480.2480000000407,-0.6874776464764456
480.2520000000407,17.54578432037038
480.2560000000407,-19.13487717590281
480.2600000000407,7.973117536439348
480.2640000000407,-8.44734932727314
480.2680000000407,-14.966463412865721
480.2720000000407,-8.437613976917834
480.2760000000407,20.94448415478716
480.2800000000407,-5.2387251597033755
480.2840000000407,-36.387897887843216
480.2880000000407,-22.114511424236376
480.2920000000407,-48.186195342917586
480.2960000000407,1.9586911636265079
480.3000000000407,-22.702024164828984
480.30400000004073,10.267375971961325
480.3080000000407,-2.438893540231102
480.3120000000407,21.403478908420983
480.31600000004073,3.1796496186093637
480.3200000000407,-0.9474174657911505
480.3240000000407,-24.42058919536754
480.32800000004073,11.989248333203173
480.3320000000407,-4.289547726535624
480.3360000000407,-5.240184354847234
480.34000000004073,19.2760404317873
480.3440000000407,5.319786502718705
480.3480000000407,23.612672430198526
480.35200000004073,-3.339702707852071
480.3560000000407,30.779521572997847
480.3600000000407,-5.285723369137088
480.36400000004073,4.834836493762945
480.3680000000407,10.88414648941702
480.3720000000407,29.477610355066652
480.37600000004073,25.818726374613725
480.3800000000407,-0.2974685445822651
480.3840000000407,15.107724978151628
480.38800000004073,-19.867436060187767
480.3920000000407,14.92050138202032
480.3960000000407,-4.780567114334715
480.40000000004073,-7.813479754145995
480.40400000004075,-3.981439004885944
480.4080000000407,-5.453395429108544
480.41200000004073,-24.38898777864828
480.41600000004075,-12.464850804939516
480.4200000000407,14.053646074225457
480.42400000004073,-27.997009335237134
480.42800000004075,-6.560051515307939
480.4320000000407,3.2049606930854067
480.43600000004074,1.639213737221264
480.44000000004075,12.815368392785473
480.4440000000407,-6.085755688518463
480.44800000004074,-2.3507975739053353
480.45200000004075,-8.853879546488807
480.4560000000407,-10.548404394609893
480.46000000004074,-6.754252256258133
480.46400000004076,-15.374209853908877
480.4680000000407,10.5398108621756
480.47200000004074,10.466125571148618
480.47600000004076,16.360823227574127
480.4800000000407,9.762207998789322
480.48400000004074,-13.322380188837942
480.48800000004076,23.655936845723126
480.4920000000407,-7.029185467018042
480.49600000004074,-17.825354314558115
480.50000000004076,-24.09776141575231
480.5040000000408,-11.994072508548586
480.50800000004074,-17.882467822667735
480.51200000004076,-21.44871367742725
480.5160000000408,11.490267775132098
480.52000000004074,-19.506356110180647
480.52400000004076,-20.30536148287388
480.5280000000408,19.267238595229543
480.53200000004074,-18.47400079035548
480.53600000004076,-20.35354885522844
480.5400000000408,12.38541134568975
480.54400000004074,0.08395974180705845
480.54800000004076,-4.695288127932481
480.5520000000408,-29.471298845207922
480.55600000004074,-4.68645102525061
480.56000000004076,11.958625868853554
480.5640000000408,-19.930689439162524
480.56800000004074,-18.323908691997925
480.57200000004076,-1.920457588074594
480.5760000000408,0.19403130618445608
480.58000000004074,-3.958783607954356
480.58400000004076,5.530718626815741
480.5880000000408,-14.992002560384645
480.59200000004074,0.9959054010104134
480.59600000004076,12.301282909032208
480.6000000000408,-11.381350037955151
480.6040000000408,-9.130319492873962
480.60800000004076,15.267864207675798
480.6120000000408,17.756049510511524
480.6160000000408,28.304534676870553
480.62000000004076,-12.674695564669301
480.6240000000408,17.223294506427802
480.6280000000408,-20.693820528005894
480.63200000004076,14.743508969682505
480.6360000000408,18.355967529412975
480.6400000000408,-2.4406371581975925
480.64400000004076,2.8371032344765768
480.6480000000408,12.74306241271131
480.6520000000408,-8.229322205296462
480.65600000004076,5.3981362697994
480.6600000000408,4.3980987802416704
480.6640000000408,-0.6126037070788619
480.66800000004076,-8.616390514827204
480.6720000000408,-6.211235747167418
480.6760000000408,13.48211994138938
480.68000000004076,17.23519998242306
480.6840000000408,-20.17572906886556
480.6880000000408,7.030934643952483
480.69200000004076,-4.647518196658628
480.6960000000408,-11.416736378603034
480.7000000000408,-10.844476611708572
480.7040000000408,-4.998395456748527
480.7080000000408,-17.713818042553548
480.7120000000408,-17.257131875077697
480.7160000000408,2.9739574416410743
480.7200000000408,5.603271156771964
480.7240000000408,10.337483775311156
480.7280000000408,8.147297363189796
480.7320000000408,7.201073606847414
480.7360000000408,13.12967309493564
480.7400000000408,-3.137266887303779
480.7440000000408,-6.200367561159831
480.7480000000408,-18.431440040124908
480.7520000000408,9.164817481273069
480.7560000000408,-20.046525732433366
480.7600000000408,2.215404242252559
480.7640000000408,-20.402160811672566
480.7680000000408,-15.61760363224166
480.7720000000408,-19.659776001818287
480.7760000000408,19.528068608413584
480.7800000000408,31.6840127443366
480.7840000000408,7.74752424462245
480.7880000000408,10.809891579422162
480.7920000000408,-22.497912232450577
480.7960000000408,-28.19808356992937
480.8000000000408,-23.423252214085185
480.80400000004084,27.44349256460117
480.8080000000408,-0.8255681138007867
480.8120000000408,-6.306516529570474
480.81600000004084,6.684827796238077
480.8200000000408,5.4028377758229915
480.8240000000408,21.425791959008016
480.82800000004084,0.1356907615489933
480.8320000000408,-3.648084059466657
480.8360000000408,-22.689896275864083
480.84000000004085,11.210721318612695
480.8440000000408,23.851882257834678
480.8480000000408,9.509517152179368
480.85200000004085,-12.312135872524573
480.8560000000408,-10.497171015674255
480.8600000000408,0.6381651635953582
480.86400000004085,21.679838161349725
480.8680000000408,-11.772467002336068
480.8720000000408,-10.90610300208694
480.87600000004085,-1.5718822992150778
480.8800000000408,-8.681333218722202
480.8840000000408,-17.895696046263406
480.88800000004085,16.905876534361745
480.8920000000408,18.641710968300142
480.89600000004083,-11.799561908633411
480.90000000004085,-4.698192028238415
480.90400000004087,-30.48036409120437
480.90800000004083,32.25655322334351
480.91200000004085,-4.470720324205895
480.91600000004087,-14.90435994636157
480.92000000004083,23.28194489194669
480.92400000004085,-9.159984620939385
480.92800000004087,15.1253544406749
480.93200000004083,-17.47494561200285
480.93600000004085,-24.84237923755662
480.94000000004087,-12.645012103922037
480.94400000004083,3.85733763031563
480.94800000004085,22.69480736639637
480.95200000004087,-9.386575440301716
480.95600000004083,10.069777772728381
480.96000000004085,1.2235845740316216
480.96400000004087,-11.777352121120897
480.96800000004083,-10.629324972546657
480.97200000004085,1.8260427141992923
480.97600000004087,6.89136176261152
480.98000000004083,3.8731202123772857
480.98400000004085,16.12138587838088
480.98800000004087,-26.091895237124813
480.99200000004083,-4.618727257029564
480.99600000004085,37.993942035373365
481.00000000004087,-18.469881657986196
481.0040000000409,-19.47613407807495
481.00800000004085,28.041090263998004
481.01200000004087,11.755051925172827
481.0160000000409,-25.689173084825818
481.02000000004085,41.25462492626968
481.02400000004087,-14.567027366311851
481.0280000000409,10.99446690437555
481.03200000004085,8.2736395926503
481.0360000000409,-1.4086409240201774
481.0400000000409,12.995547390428195
481.04400000004085,10.427467942750729
481.0480000000409,-22.702148124076757
481.0520000000409,13.43117446868749
481.05600000004085,-5.123929416676273
481.0600000000409,-23.994738362591743
481.0640000000409,-7.370759383582238
481.06800000004085,12.1668966324842
481.0720000000409,35.000721025560615
481.0760000000409,12.132779149858953
481.08000000004085,10.302717789667152
481.0840000000409,11.049736861162438
481.0880000000409,-8.673117493754809
481.09200000004085,23.86981081371322
481.0960000000409,20.783994881742963
481.1000000000409,-15.661493680842261
481.1040000000409,15.673636193750921
481.1080000000409,26.029300094694246
481.1120000000409,-22.57347909584346
481.1160000000409,-18.331207189559645
481.1200000000409,-2.5075820127349746
481.1240000000409,6.426567916643235
481.1280000000409,-1.6726367514836413
481.1320000000409,8.215364043427138
481.1360000000409,-12.501602308217077
481.1400000000409,-12.69510752339178
481.1440000000409,-3.6974269844650127
481.1480000000409,-1.0026359722788365
481.1520000000409,-8.347990700355167
481.1560000000409,3.039933642643336
481.1600000000409,19.3326361660593
481.1640000000409,6.007730599530707
481.1680000000409,-3.926635910772185
481.1720000000409,-3.2136792414433906
481.1760000000409,-8.326249817503994
481.1800000000409,-0.9438534800823675
481.1840000000409,7.2161716592551315
481.1880000000409,37.43252734294914
481.1920000000409,-4.767242799152595
481.1960000000409,-2.581906568199494
481.2000000000409,-18.10418422240753
481.20400000004093,0.09005691890587553
481.2080000000409,-2.574590787106601
481.2120000000409,-20.856032739016296
481.21600000004094,-2.45519122041616
481.2200000000409,6.422333863052382
481.2240000000409,9.394539576106666
481.22800000004094,16.60311155167016
481.2320000000409,-28.664337482837077
481.2360000000409,11.6326622164753
481.24000000004094,-15.90163532276298
481.2440000000409,14.850521551962162
481.2480000000409,1.742708697460131
481.25200000004094,5.400073307801001
481.2560000000409,-2.044311369416524
481.2600000000409,12.604168142454148
481.26400000004094,-4.815987695990592
481.2680000000409,-1.2177575366918145
481.2720000000409,13.60923283098812
481.27600000004094,-10.610254199055472
481.2800000000409,8.444358783613028
481.2840000000409,-15.061375585170062
481.28800000004094,-19.104368142351067
481.2920000000409,-6.783311293618737
481.2960000000409,7.0505345349020985
481.30000000004094,0.18293034848130807
481.30400000004096,18.49414429451701
481.3080000000409,-0.6291680061246718
481.31200000004094,26.611295127693637
481.31600000004096,5.357328197842685
481.3200000000409,-1.685886828195323
481.32400000004094,13.265689532308512
481.32800000004096,3.9444795941178734
481.3320000000409,-4.283754036149513
481.33600000004094,19.50153194065773
481.34000000004096,-4.165033805756432
481.3440000000409,-4.225118116360635
481.34800000004094,3.9908958167978765
481.35200000004096,-19.528481403871577
481.3560000000409,-19.301900961505577
481.36000000004094,23.155276141239288
481.36400000004096,-5.823522640678137
481.3680000000409,-4.489738530035248
481.37200000004094,10.413329477272674
481.37600000004096,15.944892321831697
481.3800000000409,7.495561535354775
481.38400000004094,4.970107881872609
481.38800000004096,-11.93016051352268
481.3920000000409,18.366671374295358
481.39600000004094,9.923736999555585
481.40000000004096,-7.492424743895217
481.404000000041,17.10035776836027
481.40800000004094,-12.106476865234205
481.41200000004096,18.11923217711385
481.416000000041,-7.43990785144346
481.42000000004094,5.193594117537673
481.42400000004096,4.385470682806348
481.428000000041,-29.429417426090733
481.43200000004094,-29.01428191135844
481.43600000004096,-3.050894125087816
481.440000000041,-8.810051571837214
481.44400000004094,13.971259004443814
481.44800000004096,-27.83989275276725
481.452000000041,-23.752017518874666
481.45600000004094,-2.616563347629275
481.46000000004096,-5.327390872336055
481.464000000041,10.029811961302356
481.46800000004094,-12.17188832469382
481.47200000004096,4.2033321127515535
481.476000000041,15.41662904711899
481.48000000004095,-10.647351258400018
481.48400000004096,-38.64952497576765
481.488000000041,-22.30903943936046
481.49200000004095,2.0148032624942775
481.49600000004097,7.083514680897777
481.500000000041,-3.101249754868974
481.504000000041,14.91223198549877
481.50800000004097,-7.6367315576878045
481.512000000041,-28.9722132996262
481.516000000041,-11.76743682096002
481.52000000004097,5.600036246275117
481.524000000041,3.4976874264853324
481.528000000041,14.794931719733212
481.53200000004097,3.9333240659902637
481.536000000041,-17.68911541063014
481.540000000041,18.526459540948316
481.54400000004097,0.8985267764075193
481.548000000041,12.321066720910432
481.552000000041,-0.9697329576114249
481.55600000004097,-23.187334484281664
481.560000000041,17.083810618987645
481.564000000041,-4.374685102958953
481.56800000004097,-14.651922292247976
481.572000000041,-0.6524866724270977
481.576000000041,-11.265612433294413
481.58000000004097,7.27397387567312
481.584000000041,14.176846918826577
481.588000000041,18.522261383139824
481.59200000004097,31.286598174575108
481.596000000041,1.106479561758165
481.600000000041,21.909471198764322
481.604000000041,22.698626738736845
481.608000000041,29.680633265869258
481.612000000041,-1.853201082118238
481.616000000041,-5.102323343228665
481.620000000041,-15.201400600701326
481.624000000041,1.0444542612958916
481.628000000041,-14.114015154030696
481.632000000041,-21.324223091896986
481.636000000041,27.859827056987683
481.640000000041,10.523366676392824
481.644000000041,5.72927973033422
481.648000000041,-0.22136326197856881
481.652000000041,9.970123688205076
481.656000000041,-1.1304043414653169
481.660000000041,33.10116755821066
481.664000000041,-2.0834969097215286
481.668000000041,4.4264245947966945
481.672000000041,-7.168928693268497
481.67600000004103,31.83571736205183
481.680000000041,18.48377006576853
481.684000000041,-8.196259212257022
481.68800000004103,-5.416405932125839
481.692000000041,-15.673230967335375
481.696000000041,-1.3531465896645833
481.70000000004103,-2.604941560998322
481.70400000004105,27.536690492644343
481.708000000041,7.789967613469826
481.71200000004103,-21.389265591755244
481.71600000004105,8.980934491406629
481.720000000041,-7.432197772672635
481.72400000004103,-10.976299474089044
481.72800000004105,-11.426211906789677
481.732000000041,22.631384202410466
481.73600000004103,-1.2467404904445583
481.74000000004105,3.2477506925600497
481.744000000041,-1.4092368733081724
481.74800000004103,8.346589004578144
481.75200000004105,-6.80858081104876
481.756000000041,-29.61184258493439
481.76000000004103,19.939272959768132
481.76400000004105,-11.076531474938005
481.768000000041,36.34764753144831
481.77200000004103,-12.994221680206707
481.77600000004105,6.740849087821827
481.780000000041,9.493837045366945
481.78400000004103,-10.95108991307239
481.78800000004105,-18.85647821545137
481.792000000041,-28.025626221159335
481.79600000004103,3.311057392319837
481.80000000004105,-25.340823498426715
481.80400000004107,33.39294703990725
481.80800000004103,-7.368593699295198
481.81200000004105,2.8009758277048573
481.8160000000411,-23.404788668601952
481.82000000004103,-31.68669845355914
481.82400000004105,-3.427487727359895
481.8280000000411,6.091385328360781
481.83200000004103,-11.323291291027013
481.83600000004105,-9.82318157051008
481.8400000000411,-16.26036685426921
481.84400000004104,-11.015435327312302
481.84800000004105,19.101510567503983
481.8520000000411,29.622713366241346
481.85600000004104,39.165384906948454
481.86000000004105,18.228576005332172
481.8640000000411,-2.8425304950928183
481.86800000004104,-0.4875068528926678
481.87200000004106,23.818782832248836
481.8760000000411,10.510868944523358
481.88000000004104,-23.207287206633996
481.88400000004106,5.087099783704379
481.8880000000411,6.982461545372468
481.89200000004104,-5.350177140642845
481.89600000004106,-11.448416830368824
481.9000000000411,-19.86804638533153
481.9040000000411,-28.38151796184147
481.90800000004106,-5.544131723865144
481.9120000000411,6.174877690266474
481.9160000000411,6.335266985012943
481.92000000004106,2.4669149873108682
481.9240000000411,10.554653942234907
481.9280000000411,19.65515826224847
481.93200000004106,-9.339535596519605
481.9360000000411,-13.749770195580954
481.9400000000411,15.631270848716547
481.94400000004106,7.984872940695548
481.9480000000411,-21.87579126257045
481.9520000000411,-12.85985605959418
481.95600000004106,-10.864695627883822
481.9600000000411,18.09415591838122
481.9640000000411,-8.86866220577009
481.96800000004106,-16.003018570326216
481.9720000000411,5.030722146835435
481.9760000000411,17.28899290516276
481.98000000004106,18.113324409199194
481.9840000000411,-9.440048698337637
481.9880000000411,7.309991297673746
481.99200000004106,-5.749093871395304
481.9960000000411,9.838023812832315
482.0000000000411,-18.243729352019926
482.0040000000411,-1.8658918472219503
482.0080000000411,-13.118505485670777
482.0120000000411,11.542577830813551
482.0160000000411,-21.5251295741982
482.0200000000411,26.52468860287484
482.0240000000411,-4.047007491140777
482.0280000000411,13.045965842784526
482.0320000000411,12.763647423970944
482.0360000000411,-21.99229378698668
482.0400000000411,-9.287080180628436
482.0440000000411,26.932153638680603
482.0480000000411,-1.7401654204355261
482.0520000000411,-5.508279531937461
482.0560000000411,-13.284867533326281
482.0600000000411,-9.265292513627255
482.0640000000411,12.694418523783812
482.0680000000411,-29.22001176054952
482.0720000000411,-6.314492388542037
482.0760000000411,7.730918708852357
482.0800000000411,39.910768854494215
482.0840000000411,-9.186534888600836
482.0880000000411,24.90924242281654
482.0920000000411,5.44437662892013
482.0960000000411,-12.00153913034933
482.1000000000411,-11.783241458567753
482.10400000004114,-12.545387643583837
482.1080000000411,27.99711498608079
482.1120000000411,18.879322750026944
482.11600000004114,30.18097162860425
482.1200000000411,-4.214980359022844
482.1240000000411,26.11021064618454
482.12800000004114,-1.37094926672383
482.1320000000411,-3.865201980111329
482.1360000000411,-3.983084954630388
482.14000000004114,26.108812427014808
482.1440000000411,7.661695079676063
482.1480000000411,23.576366690910003
482.15200000004114,4.486596806910464
482.1560000000411,-9.900140147474673
482.1600000000411,-12.443683868949394
482.16400000004114,-4.94904527501044
482.1680000000411,7.095647731600276
482.1720000000411,12.421890558210269
482.17600000004114,-14.801135684973541
482.1800000000411,18.842299204526345
482.1840000000411,-15.648705727895488
482.18800000004114,0.6758605545479845
482.1920000000411,3.672084736081581
482.1960000000411,37.35158583667286
482.20000000004114,-41.94020420691089
482.20400000004116,-4.3833930816574505
482.2080000000411,24.96194228156736
482.21200000004114,8.753578302975695
482.21600000004116,-16.141457235817093
482.2200000000411,0.23085947862969203
482.22400000004114,33.21870030183186
482.22800000004116,-9.516213917122403
482.2320000000411,0.8081885292137811
482.23600000004114,-5.991087069082843
482.24000000004116,23.56201761351272
482.2440000000411,-3.60247023137892
482.24800000004115,-5.774091799547035
482.25200000004116,2.771891154808899
482.2560000000411,-23.920312354232262
482.26000000004115,-11.825045714384155
482.26400000004116,18.173926070361482
482.2680000000411,16.79174049926556
482.27200000004115,-2.606213976126045
482.27600000004117,4.897050800266587
482.2800000000411,-6.800915781173757
482.28400000004115,-13.839453673436836
482.28800000004117,-41.89824749433281
482.2920000000411,-10.097938046763101
482.29600000004115,-2.827674025262753
482.30000000004117,-23.09038637963867
482.3040000000412,0.5043087839472387
482.30800000004115,27.48585128140123
482.31200000004117,-13.14756925975835
482.3160000000412,-4.832745769556658
482.32000000004115,4.454097633744799
482.32400000004117,2.3924737301815564
482.3280000000412,-9.678032249458253
482.33200000004115,13.529088605444642
482.33600000004117,18.56673709845441
482.3400000000412,5.59740290633807
482.34400000004115,-20.778705093828066
482.34800000004117,0.5608213890056994
482.3520000000412,-11.823890291478975
482.35600000004115,17.923505031735974
482.36000000004117,-24.906034991226264
482.3640000000412,22.16880733712947
482.36800000004115,2.422192089499731
482.37200000004117,5.309035073619045
482.3760000000412,-14.359711344414716
482.38000000004115,-2.19502045412286
482.38400000004117,2.222887736852015
482.3880000000412,-19.014576789985355
482.39200000004115,2.337449117481113
482.39600000004117,-18.542056341341123
482.4000000000412,19.16598649976858
482.4040000000412,10.83901567700025
482.40800000004117,13.061082885530801
482.4120000000412,16.112075941029843
482.4160000000412,2.225656560719349
482.42000000004117,10.039147359146341
482.4240000000412,-2.0219364300386458
482.4280000000412,-14.53547513919726
482.43200000004117,-0.7480762062227262
482.4360000000412,47.627957463167036
482.4400000000412,-7.349230012751346
482.44400000004117,1.30646600980773
482.4480000000412,-5.7461069331562165
482.4520000000412,3.78677032063596
482.4560000000412,-10.868923264870928
482.4600000000412,11.797323147015454
482.4640000000412,-8.358714066131963
482.4680000000412,27.53256556754852
482.4720000000412,33.45323426587367
482.4760000000412,2.4370793217578157
482.4800000000412,13.488879743730866
482.4840000000412,7.92777932425269
482.4880000000412,-4.908623010880413
482.4920000000412,10.935078457377323
482.4960000000412,-26.529585443863553
482.5000000000412,-12.85390905120616
482.50400000004123,-0.41107686722752845
482.5080000000412,22.373258442204772
482.5120000000412,-31.96411802860518
482.51600000004123,-4.664457990663852
482.5200000000412,21.610061950822224
482.5240000000412,-4.737689958292256
482.52800000004123,28.43204644976896
482.5320000000412,-6.708872490880019
482.5360000000412,-5.204347976408685
482.54000000004123,-5.0581468521722694
482.5440000000412,18.547057465778703
482.5480000000412,8.76270538674131
482.55200000004123,1.3498692228152382
482.5560000000412,-9.804044674214698
482.5600000000412,18.742382602078955
482.56400000004123,-14.85594256957123
482.5680000000412,-27.64960791170934
482.5720000000412,-9.407119927783675
482.57600000004123,-24.915965546996762
482.5800000000412,-40.43265053796351
482.5840000000412,25.86876542351862
482.58800000004123,12.777033247748552
482.5920000000412,-27.07267246618553
482.5960000000412,3.2868959987908606
482.60000000004123,-15.619745623715318
482.60400000004125,33.00805915893998
482.6080000000412,35.722251613009654
482.61200000004123,7.916840341611555
482.61600000004125,14.243601658397813
482.6200000000412,13.656881638225865
482.62400000004124,1.3130952924826087
482.62800000004125,6.384404696450069
482.6320000000412,-12.455679233647365
482.63600000004124,25.220693284881776
482.64000000004125,10.833311401565673
482.6440000000412,-25.38177511959456
482.64800000004124,-15.303572319158718
482.65200000004126,-18.63529524843696
482.6560000000412,16.90672483076758
482.66000000004124,-27.881660155066275
482.66400000004126,15.968561728044678
482.6680000000412,-31.106579310970744
482.67200000004124,8.687350654827894
482.67600000004126,-7.467534030995576
482.6800000000412,6.0458838008332485
482.68400000004124,-14.86729435196634
482.68800000004126,1.8887801870903624
482.6920000000412,-31.852803263820718
482.69600000004124,17.03159686855621
482.70000000004126,8.134505115226421
482.7040000000413,1.4628459771368572
482.70800000004124,14.38130415097282
482.71200000004126,1.8189554905047753
482.7160000000413,-5.044501423473868
482.72000000004124,13.366288270202137
482.72400000004126,11.864645405907908
482.7280000000413,-43.69409492545233
482.73200000004124,20.867003425862872
482.73600000004126,-22.596726303338613
482.7400000000413,8.421487960558233
482.74400000004124,-35.17748956751406
482.74800000004126,15.127293860233888
482.7520000000413,-8.599347908544585
482.75600000004124,-31.601879915153177
482.76000000004126,2.266595703259766
482.7640000000413,18.36553229039781
482.76800000004124,40.21561964214144
482.77200000004126,6.654626004599052
482.7760000000413,29.625326578728114
482.78000000004124,-15.280786027783975
482.78400000004126,10.14588644750134
482.7880000000413,7.653638193092946
482.79200000004124,15.51023929898448
482.79600000004126,-8.975252124263228
482.8000000000413,-9.344654234856037
482.8040000000413,-38.92851744450886
482.80800000004126,-17.321937575340627
482.8120000000413,-4.753166404127176
482.8160000000413,-9.632509828346434
482.82000000004126,4.01029415054508
482.8240000000413,-3.8706249024802117
482.8280000000413,-27.616503745680063
482.83200000004126,-19.242075153710704
482.8360000000413,10.420894498513352
482.8400000000413,16.23826554077524
482.84400000004126,7.618070367220137
482.8480000000413,-5.960658405577575
482.8520000000413,3.391772995913346
482.85600000004126,-23.12062090223576
482.8600000000413,-17.37043287997057
482.8640000000413,-18.3834867833716
482.86800000004126,20.187414505677385
482.8720000000413,-0.6413829953802299
482.8760000000413,-1.268850823127213
482.88000000004126,6.797005972732449
482.8840000000413,5.284765379503021
482.8880000000413,9.447625570720216
482.89200000004126,-6.044706418657582
482.8960000000413,-20.362683410613045
482.9000000000413,9.154558105725009
482.9040000000413,11.743538877412604
482.9080000000413,11.769471363257386
482.9120000000413,-2.2169463567320724
482.9160000000413,-0.5490149771221948
482.9200000000413,-17.022169597284307
482.9240000000413,8.358742410704508
482.9280000000413,0.6270854192814079
482.9320000000413,-10.294841452106033
482.9360000000413,4.625112769821484
482.9400000000413,-9.227972541049677
482.9440000000413,-2.660191779213067
482.9480000000413,17.188479718718234
482.9520000000413,-1.707841860814494
482.9560000000413,4.6903639071985594
482.9600000000413,-14.118584781613578
482.9640000000413,-6.240861809798139
482.9680000000413,6.247479086430768
482.9720000000413,-9.21688249216674
482.9760000000413,-19.46061200481389
482.9800000000413,15.737103596547229
482.9840000000413,7.974446443868164
482.9880000000413,-8.076419345538714
482.9920000000413,-25.954672621780922
482.9960000000413,-13.573418501307389
483.0000000000413,5.964469001626281
483.00400000004134,-23.93850667173254
483.0080000000413,-23.375053348351102
483.0120000000413,32.83598340164534
483.01600000004134,0.26465150320252717
483.0200000000413,24.114046538606424
483.0240000000413,-27.75788479160767
483.02800000004135,-3.683103198887085
483.0320000000413,1.5347669219772118
483.0360000000413,2.8690766723172523
483.04000000004135,15.502499386248635
483.0440000000413,-7.24671929734709
483.0480000000413,4.769666726509849
483.05200000004135,28.125272101129326
483.0560000000413,14.464688357524075
483.0600000000413,-34.21474695481666
483.06400000004135,-11.616131539374951
483.0680000000413,4.218385752652466
483.0720000000413,18.753329118968715
483.07600000004135,11.031276339416955
483.0800000000413,-4.9134035133684355
483.0840000000413,5.7539039468659645
483.08800000004135,38.58133889793894
483.0920000000413,-36.507235689642314
483.09600000004133,-33.227254474442944
483.10000000004135,-12.063112384811761
483.10400000004137,26.493254628405552
483.10800000004133,-12.641225099978474
483.11200000004135,-19.395909190082875
483.11600000004137,-10.583213890629276
483.12000000004133,-9.981300233384413
483.12400000004135,-4.537426154413014
483.12800000004137,22.44936596619838
483.13200000004133,2.5163971409090458
483.13600000004135,21.6164074346774
483.14000000004137,0.22603297934212918
483.14400000004133,3.2470970874719516
483.14800000004135,3.2916758216751285
483.15200000004137,-5.083360276665825
483.15600000004133,-9.849962612449884
483.16000000004135,-1.2605490970695832
483.16400000004137,-19.096174289271545
483.16800000004133,50.69359808696849
483.17200000004135,-4.142626578683603
483.17600000004137,-27.66192353142884
483.18000000004133,-6.795433998553319
483.18400000004135,18.95286708024151
483.18800000004137,-4.934317093491219
483.19200000004133,20.993346093785025
483.19600000004135,-4.338507651614516
483.20000000004137,-15.779795317494226
483.2040000000414,3.3858547646648582
483.20800000004135,-25.800235530067745
483.21200000004137,-13.457420860439901
483.2160000000414,12.933474268894937
483.22000000004135,14.26109015043685
483.22400000004137,11.51300561686552
483.2280000000414,-26.35622338806796
483.23200000004135,-1.8209168051193672
483.2360000000414,-8.12102933201581
483.2400000000414,0.149931868540217
483.24400000004135,-22.203613333382478
483.2480000000414,7.4135664482862635
483.2520000000414,13.73620290598624
483.25600000004135,26.684215966645176
483.2600000000414,-5.660263822113279
483.2640000000414,0.410539551456884
483.26800000004135,-1.3024058191778014
483.2720000000414,1.2795199247257731
483.2760000000414,-10.908825890325176
483.28000000004135,-14.017870387229452
483.2840000000414,0.9291598166008592
483.2880000000414,-5.171934404427639
483.29200000004136,8.68959713744352
483.2960000000414,0.6238246735405029
483.3000000000414,-10.33910807614675
483.3040000000414,1.1284270259966251
483.3080000000414,6.352357763686531
483.3120000000414,19.392628261812618
483.3160000000414,13.208000221107906
483.3200000000414,-0.7456442480417205
483.3240000000414,-5.891165953134649
483.3280000000414,-3.080866462224195
483.3320000000414,1.750050523592761
483.3360000000414,-0.06505027238314176
483.3400000000414,18.464875185973202
483.3440000000414,10.196364323672007
483.3480000000414,-8.70517908607618
483.3520000000414,9.585201065546846
483.3560000000414,-11.504371781700346
483.3600000000414,-23.0402672222244
483.3640000000414,6.51677263478855
483.3680000000414,23.67724524933434
483.3720000000414,-3.689259250899743
483.3760000000414,48.378981920241365
483.3800000000414,-2.1261459957702398
483.3840000000414,8.510872664670401
483.3880000000414,-24.0633822048078
483.3920000000414,-15.29707770446
483.3960000000414,5.449444728857178
483.4000000000414,-13.099735621174329
483.40400000004144,-2.1188996899392625
483.4080000000414,13.449381617065796
483.4120000000414,-10.551839798130114
483.41600000004144,-5.435063580861379
483.4200000000414,-8.629254356397098
483.4240000000414,14.541319422672338
483.42800000004144,-4.8535213303160205
483.4320000000414,-8.49632951957322
483.4360000000414,-11.625868546891178
483.44000000004144,-8.859381538790096
483.4440000000414,1.8220475819624529
483.4480000000414,-15.94811251942486
483.45200000004144,-6.172212961895437
483.4560000000414,-10.118152560697425
483.4600000000414,13.705421417718913
483.46400000004144,6.638891884297025
483.4680000000414,-4.347836371019108
483.4720000000414,-5.135642076232119
483.47600000004144,-35.975336849990796
483.4800000000414,-18.168998794015017
483.4840000000414,17.516049146231662
483.48800000004144,1.6122977163539471
483.4920000000414,-17.72235590348329
483.4960000000414,-6.968496903665481
483.50000000004144,-6.34854879776121
483.50400000004146,24.536120461835843
483.5080000000414,-5.398174229330485
483.51200000004144,-22.035551622606057
483.51600000004146,10.201970692761417
483.5200000000414,0.11071274456039326
483.52400000004144,0.34469275697197377
483.52800000004146,-11.709088413891223
483.5320000000414,16.63978222542157
483.53600000004144,-21.8037410134199
483.54000000004146,-6.679176283672604
483.5440000000414,-2.5479257468558094
483.54800000004144,-5.616974637039629
483.55200000004146,37.07318898068926
483.5560000000414,37.01077856526452
483.56000000004144,-5.423651155612159
483.56400000004146,-18.632814566748948
483.5680000000414,-14.652962425141798
483.57200000004144,7.9183218768995545
483.57600000004146,-12.837094001849355
483.5800000000414,3.326628452979234
483.58400000004144,18.97420736951768
483.58800000004146,19.493371390558774
483.5920000000414,22.174785185801085
483.59600000004144,-22.89994424159852
483.60000000004146,-22.480754992838982
483.6040000000415,-3.322515403964003
483.60800000004144,5.518528865251133
483.61200000004146,-29.668162932721888
483.6160000000415,-1.3527846341501857
483.62000000004144,-3.2270201578656477
483.62400000004146,-6.433618196493426
483.6280000000415,4.576125478387676
483.63200000004144,-7.684119935046799
483.63600000004146,15.209969603123206
483.6400000000415,-3.0339191876153313
483.64400000004144,-1.147573249533951
483.64800000004146,12.261720806240398
483.6520000000415,12.678707112902421
483.65600000004144,-13.3959521464632
483.66000000004146,22.140259173623342
483.6640000000415,1.8055401057559899
483.66800000004145,10.858915045396571
483.67200000004146,3.804522513018397
483.6760000000415,11.906799884740582
483.68000000004145,-6.950612899489468
483.68400000004146,18.76288458913816
483.6880000000415,21.86783434159267
483.69200000004145,1.8663630087638636
483.69600000004147,11.239325670641001
483.7000000000415,19.84506678848989
483.7040000000415,-24.204576643549863
483.70800000004147,-31.41139007500476
483.7120000000415,-40.12727459330871
483.7160000000415,-3.294623115703779
483.72000000004147,41.20070886563265
483.7240000000415,30.85327592727862
483.7280000000415,6.25463634662288
483.73200000004147,-1.3194400519001168
483.7360000000415,11.481963084032593
483.7400000000415,-12.86787594672946
483.74400000004147,19.959193641199985
483.7480000000415,13.90507860954964
483.7520000000415,-20.720028286047263
483.75600000004147,-13.019343465362283
483.7600000000415,-17.89183970854435
483.7640000000415,23.181319091186197
483.76800000004147,13.480937634873818
483.7720000000415,30.93303270011449
483.7760000000415,21.42995925300313
483.78000000004147,10.700615865469727
483.7840000000415,-28.449672897393043
483.7880000000415,-2.1627826655758993
483.79200000004147,6.836805136397856
483.7960000000415,-2.5055348367297627
483.8000000000415,-29.130886777999905
483.8040000000415,-15.98815805864267
483.8080000000415,7.653677910016923
483.8120000000415,-10.588874012990527
483.8160000000415,-12.513737272352436
483.8200000000415,15.358898524827183
483.8240000000415,2.392326484299529
483.8280000000415,-19.111012174091464
483.8320000000415,13.231384757495078
483.8360000000415,-6.888593910098156
483.8400000000415,-54.18120836601005
483.8440000000415,26.232652743135493
483.8480000000415,13.565036732262403
483.8520000000415,-0.8076478446439235
483.8560000000415,-14.460054230694073
483.8600000000415,-14.87552616602545
483.86400000004153,37.96599418804293
483.8680000000415,-16.403151534644042
483.8720000000415,-1.9461206964749866
483.87600000004153,-0.4066911746684722
483.8800000000415,-0.5571134315716427
483.8840000000415,-27.310903511968757
483.88800000004153,6.971665152064659
483.8920000000415,-4.5103699531976345
483.8960000000415,13.459283600139836
483.90000000004153,-45.058962392189805
483.90400000004155,8.805837776745122
483.9080000000415,2.7756988551555715
483.91200000004153,8.04612622116786
483.91600000004155,2.8369894459997793
483.9200000000415,6.041601974519341
483.92400000004153,-6.042410257816727
483.92800000004155,11.420537050459973
483.9320000000415,6.412033392592377
483.93600000004153,10.269191118625226
483.94000000004155,5.866439477849355
483.9440000000415,9.33573497371176
483.94800000004153,-16.32801045036906
483.95200000004155,8.714491609665762
483.9560000000415,2.721771038975011
483.96000000004153,10.054085962475607
483.96400000004155,12.27314326810318
483.9680000000415,-11.396962233749601
483.97200000004153,-22.73160143594248
483.97600000004155,5.132792004090692
483.9800000000415,20.827119929797043
483.98400000004153,13.1572326503916
483.98800000004155,-9.881930744069688
483.9920000000415,4.041145952584435
483.99600000004153,16.394341739115195
484.00000000004155,-31.732146191762265
484.0040000000416,1.7999486616930092
484.00800000004153,-0.7467844996290373
484.01200000004155,-3.3356733629948385
484.0160000000416,33.39636294792888
484.02000000004153,5.361700795510941
484.02400000004155,-16.707168130492175
484.0280000000416,11.834359706666442
484.03200000004153,26.8032979503209
484.03600000004155,23.45173460943634
484.0400000000416,-1.9917378343073109
484.04400000004154,21.17081228102756
484.04800000004155,-4.64310001646763
484.0520000000416,-16.020808078271727
484.05600000004154,-21.33204623908027
484.06000000004155,-16.563210903256774
484.0640000000416,-7.803134142139873
484.06800000004154,-0.8524612424869433
484.07200000004156,23.063453204051424
484.0760000000416,-12.434499664974517
484.08000000004154,-12.707050954216038
484.08400000004156,-40.33928155967867
484.0880000000416,-25.01291047827848
484.09200000004154,16.67525686291813
484.09600000004156,-10.298576659691134
484.1000000000416,8.554236775109624
484.1040000000416,1.5747085221436157
484.10800000004156,4.597142065058878
484.1120000000416,-10.878657985813224
484.1160000000416,1.8801268740922952
484.12000000004156,3.3396793267234335
484.1240000000416,2.9917874083769096
484.1280000000416,12.964347552485627
484.13200000004156,12.176663589110921
484.1360000000416,-8.101241700644813
484.1400000000416,-6.432507035611448
484.14400000004156,-16.271249720415664
484.1480000000416,3.6544282698495216
484.1520000000416,-11.425363224711734
484.15600000004156,16.228524887407964
484.1600000000416,-11.356852976898379
484.1640000000416,-29.73784531931234
484.16800000004156,-20.09161778811934
484.1720000000416,-0.7322750425914064
484.1760000000416,-4.662414239123803
484.18000000004156,-14.971283010765891
484.1840000000416,2.873830832688559
484.1880000000416,39.17426955995816
484.19200000004156,-2.562931575655105
484.1960000000416,-9.428047631911614
484.2000000000416,11.642087156574625
484.2040000000416,34.45461568146253
484.2080000000416,4.6951403065388275
484.2120000000416,-23.935153725151647
484.2160000000416,29.02189776837675
484.2200000000416,23.62523870753763
484.2240000000416,-4.53830815789863
484.2280000000416,-6.8676026394460745
484.2320000000416,10.604355669273142
484.2360000000416,6.534784512103133
484.2400000000416,-4.6140862485629075
484.2440000000416,24.292643731924752
484.2480000000416,-3.718103586202095
484.2520000000416,20.136001385585033
484.2560000000416,-10.627571903211773
484.2600000000416,8.854938868401785
484.2640000000416,10.550665653226451
484.2680000000416,21.270999533317077
484.2720000000416,-10.406612215229375
484.2760000000416,34.24033446130985
484.2800000000416,-13.347481800418203
484.2840000000416,12.81095983081295
484.2880000000416,-10.145777478209784
484.2920000000416,23.54283264124121
484.2960000000416,5.234169435465171
484.3000000000416,5.416401168395521
484.30400000004164,-43.55991565195146
484.3080000000416,16.778804857435475
484.3120000000416,-1.1194696461468383
484.31600000004164,8.558032637652131
484.3200000000416,-35.535799011136774
484.3240000000416,0.17136848433823415
484.32800000004164,1.8502792806499953
484.3320000000416,-19.95711768618366
484.3360000000416,-6.671206058560904
484.34000000004164,10.024380420740975
484.3440000000416,12.772430993455455
484.3480000000416,13.909236624160785
484.35200000004164,4.175146525601935
484.3560000000416,-4.5827822779169685
484.3600000000416,11.30571541024355
484.36400000004164,-4.21998734656933
484.3680000000416,-35.93163764626964
484.3720000000416,18.930825245803963
484.37600000004164,-3.6445910144722076
484.3800000000416,15.458994044108678
484.3840000000416,-5.623866281446177
484.38800000004164,-25.31614890187753
484.3920000000416,2.203910350725887
484.3960000000416,4.673928520837515
484.40000000004164,-3.6835581915334243
484.40400000004166,-6.874324900005762
484.4080000000416,-7.306575392635992
484.41200000004164,-11.75280486813486
484.41600000004166,8.985919423949797
484.4200000000416,-28.477189639884962
484.42400000004164,-3.1311394988361054
484.42800000004166,-0.7888131861393597
484.4320000000416,-17.247304854398603
484.43600000004164,8.8319480586963
484.44000000004166,-1.911194707248062
484.4440000000416,-1.7612222906757926
484.44800000004165,1.4974039974651918
484.45200000004166,-3.9740001598587944
484.4560000000416,10.039605439762003
484.46000000004165,-3.8558119850852504
484.46400000004166,-6.76215425000855
484.4680000000416,-13.203384779023873
484.47200000004165,7.723195788735533
484.47600000004167,3.9427057684660807
484.4800000000416,-9.232894925759192
484.48400000004165,-2.4947004376692243
484.48800000004167,9.183533044857565
484.4920000000416,10.774362549426908
484.49600000004165,9.59725724270438
484.50000000004167,14.794340442612528
484.5040000000417,0.08899368397171625
484.50800000004165,-12.138774071548939
484.51200000004167,1.6754973251960967
484.5160000000417,-20.32096966031041
484.52000000004165,-1.5856872958535062
484.52400000004167,13.56722671716027
484.5280000000417,17.549628311740157
484.53200000004165,13.670955576168318
484.53600000004167,-6.602677196846123
484.5400000000417,-15.567144501792093
484.54400000004165,-4.290502366216421
484.54800000004167,6.073155004817685
484.5520000000417,-23.591736997944473
484.55600000004165,3.605340727014086
484.56000000004167,-8.730611564854042
484.5640000000417,4.829242831225647
484.56800000004165,-10.369895233584701
484.57200000004167,-4.194100670941209
484.5760000000417,-8.099475740909785
484.58000000004165,-20.04863390623518
484.58400000004167,30.984754903100292
484.5880000000417,-17.499092807416716
484.59200000004165,-13.177138301222374
484.59600000004167,7.796731523194091
484.6000000000417,18.588386817625903
484.6040000000417,2.3162273520548666
484.60800000004167,15.251449710494533
484.6120000000417,5.496902786665724
484.6160000000417,-4.442949870590592
484.62000000004167,16.133241901504515
484.6240000000417,-13.901910960602462
484.6280000000417,-12.10582318981119
484.63200000004167,-14.207887268842091
484.6360000000417,-1.3258013276925675
484.6400000000417,21.984678743786823
484.6440000000417,1.4687846288462438
484.6480000000417,-19.56712375094234
484.6520000000417,19.965231438423654
484.6560000000417,34.04854898323078
484.6600000000417,-3.408944746101441
484.6640000000417,-7.293665902567941
484.6680000000417,-14.584609497095016
484.6720000000417,9.784071656912301
484.6760000000417,20.175548520645908
484.6800000000417,4.754587549555691
484.6840000000417,7.948823288783256
484.6880000000417,0.3099482081529077
484.6920000000417,-0.5150073646519887
484.6960000000417,17.6370462232464
484.7000000000417,-7.943559007783844
484.70400000004173,-36.738104390250385
484.7080000000417,15.392548534365675
484.7120000000417,-18.6602078394173
484.71600000004173,16.251661380565487
484.7200000000417,11.332030243358048
484.7240000000417,13.263484549703268
484.72800000004173,16.04784443910225
484.7320000000417,18.694350403255513
484.7360000000417,-5.327748170422563
484.74000000004173,13.746179103405998
484.7440000000417,-15.280636871501013
484.7480000000417,18.071351118162667
484.75200000004173,3.3485392624803665
484.7560000000417,13.875850601110278
484.7600000000417,14.587624372293446
484.76400000004173,-27.720968819097028
484.7680000000417,-29.148979516755094
484.7720000000417,-1.9821917350609723
484.77600000004173,-23.27702447167135
484.7800000000417,-0.8605951972452598
484.7840000000417,27.17252084786424
484.78800000004173,0.5453844923967268
484.7920000000417,12.773001891744608
484.7960000000417,-20.900022626001054
484.80000000004173,36.61613561941624
484.80400000004175,24.409163463447246
484.8080000000417,-7.605256174814699
484.81200000004173,-9.698938818476337
484.81600000004175,33.6995029621413
484.8200000000417,-7.448513017351308
484.82400000004174,9.719278017500526
484.82800000004175,-4.322662664049916
484.8320000000417,21.815025047241118
484.83600000004174,5.5771393863052
484.84000000004175,-23.675649232628082
484.8440000000417,-7.049212037856999
484.84800000004174,42.48323840465868
484.85200000004176,-2.936041202281919
484.8560000000417,1.8820855719176701
484.86000000004174,35.13453759366236
484.86400000004176,-20.918015858508653
484.8680000000417,19.15618000258246
484.87200000004174,-8.694293683735735
484.87600000004176,-5.9593572500763266
484.8800000000417,-17.725723122938437
484.88400000004174,-2.478085001388188
484.88800000004176,-21.873448905705313
484.8920000000417,0.28995077205373077
484.89600000004174,-7.082618813797758
484.90000000004176,16.59836765281591
484.9040000000418,-17.66466014713313
484.90800000004174,37.0912667272867
484.91200000004176,17.60118320239779
484.9160000000418,8.130809700407568
484.92000000004174,4.999619109301758
484.92400000004176,-43.74627549760849
484.9280000000418,15.420550677774436
484.93200000004174,13.746109424546379
484.93600000004176,-17.41453091227593
484.9400000000418,9.653319354406984
484.94400000004174,-23.707421876937513
484.94800000004176,-21.616539647052985
484.9520000000418,-3.12671157871467
484.95600000004174,2.8086152496373016
484.96000000004176,13.271176949311457
484.9640000000418,-3.007787586261979
484.96800000004174,-17.650525373460738
484.97200000004176,0.6553589454808924
484.9760000000418,-27.690311110266922
484.98000000004174,-15.191485740307527
484.98400000004176,15.904896029385654
484.9880000000418,5.5155661959133715
484.99200000004174,6.092459650129445
484.99600000004176,13.548954824680923
485.0000000000418,-11.82142027061507
485.0040000000418,-12.68396793375048
485.00800000004176,-4.621476983661542
485.0120000000418,16.037220575503728
485.0160000000418,3.835761827260704
485.02000000004176,-5.7644330596676685
485.0240000000418,-1.095568732874117
485.0280000000418,-12.518004486378981
485.03200000004176,-11.803514246376947
485.0360000000418,-33.07350040449894
485.0400000000418,2.1748271860179513
485.04400000004176,11.611876551180618
485.0480000000418,4.0712176970468565
485.0520000000418,-6.004350986209829
485.05600000004176,8.830939726853167
485.0600000000418,3.8745570064359742
485.0640000000418,-5.847334157732627
485.06800000004176,-21.519376744191028
485.0720000000418,3.1424558598269723
485.0760000000418,-6.795387839519849
485.08000000004176,-13.724714677529615
485.0840000000418,-7.543051350617739
485.0880000000418,-5.361934392947486
485.09200000004176,-12.520810884896136
485.0960000000418,-15.864201171031
485.1000000000418,21.369205960538498
485.1040000000418,-19.61350192101191
485.1080000000418,-0.13361927777094063
485.1120000000418,0.5169430914230686
485.1160000000418,-8.485658469951765
485.1200000000418,4.960084643246388
485.1240000000418,6.471368082325348
485.1280000000418,52.690153048418004
485.1320000000418,3.7372943941510455
485.1360000000418,-21.95255461018309
485.1400000000418,-9.940247103736832
485.1440000000418,-11.319421765429059
485.1480000000418,-22.340874622820614
485.1520000000418,4.097044555014767
485.1560000000418,-24.0794102180554
485.1600000000418,16.13822683185548
485.1640000000418,1.9926755381764325
485.1680000000418,16.498829719607162
485.1720000000418,14.112847949850307
485.1760000000418,-5.321866527472978
485.1800000000418,-4.902677838919078
485.1840000000418,38.49768446246653
485.1880000000418,-13.333016661481565
485.1920000000418,13.987042428679498
485.1960000000418,7.320559548510852
485.2000000000418,7.159259046528976
485.20400000004184,-14.387778842440312
485.2080000000418,-22.18885154042876
485.2120000000418,47.92242372157966
485.21600000004184,0.7074126165359758
485.2200000000418,-16.4735205251431
485.2240000000418,5.047553741864567
485.22800000004185,-14.426441209941007
485.2320000000418,-0.4288558033388914
485.2360000000418,13.759537775937185
485.24000000004185,-9.488829194344703
485.2440000000418,-22.32644620869586
485.2480000000418,-11.193167813965875
485.25200000004185,-9.534993973835865
485.2560000000418,15.471656220963766
485.2600000000418,-19.199432110703103
485.26400000004185,6.073642676521292
485.2680000000418,22.24783317744911
485.2720000000418,-5.552331822409631
485.27600000004185,7.745370811660387
485.2800000000418,-17.29138042553697
485.28400000004183,-6.345479038551699
485.28800000004185,14.05708306826658
485.2920000000418,-7.545490296307506
485.29600000004183,4.607800080179589
485.30000000004185,-18.043099321912248
485.30400000004187,-25.522281257304762
485.30800000004183,-9.465461437561437
485.31200000004185,-12.844663232967317
485.31600000004187,5.82357614725593
485.32000000004183,1.6956498201586312
485.32400000004185,12.24387762631289
485.32800000004187,14.452611028672337
485.33200000004183,-25.105623391847228
485.33600000004185,16.13358081900126
485.34000000004187,1.4177750446351807
485.34400000004183,-19.254860774767604
485.34800000004185,-11.393705299072607
485.35200000004187,-3.609436733908375
485.35600000004183,-14.23936332066603
485.36000000004185,-6.66533792941857
485.36400000004187,-35.728552863281315
485.36800000004183,15.147816960063246
485.37200000004185,47.24377463038612
485.37600000004187,9.873816387133465
485.38000000004183,-8.845603662196782
485.38400000004185,25.49126375574127
485.38800000004187,-13.312081518727947
485.39200000004183,30.88548256363828
485.39600000004185,-22.0925595565234
485.40000000004187,-13.98298870639322
485.4040000000419,-23.998033193665698
485.40800000004185,-10.564530897895942
485.41200000004187,3.6714656378158015
485.4160000000419,2.8477537315174843
485.42000000004185,-6.774641285771229
485.4240000000419,9.783668526071702
485.4280000000419,6.092403425120354
485.43200000004185,-17.65308957032802
485.4360000000419,-18.75632790463777
485.4400000000419,3.432453465854207
485.44400000004185,3.9224840865148702
485.4480000000419,-1.6888088886496617
485.4520000000419,2.591524602202931
485.45600000004185,11.317826643117883
485.4600000000419,-0.36577705799940397
485.4640000000419,19.293315097962115
485.46800000004185,-1.1300019183856493
485.4720000000419,-5.344009950523336
485.4760000000419,17.07246874371148
485.48000000004185,-0.09263209694843505
485.4840000000419,-20.813193395459994
485.4880000000419,3.6456543838278104
485.49200000004186,-3.71377734011854
485.4960000000419,49.8005498055245
485.5000000000419,-13.05408896131976
485.5040000000419,-13.268042422465658
485.5080000000419,-4.453803321559674
485.5120000000419,-9.129961790173308
485.5160000000419,4.369323942540573
485.5200000000419,-6.690626024152643
485.5240000000419,-22.729030113680196
485.5280000000419,5.1332510923036745
485.5320000000419,35.97416333164588
485.5360000000419,34.500247257066576
485.5400000000419,12.264995156424177
485.5440000000419,-25.344871655538423
485.5480000000419,-11.0263009834951
485.5520000000419,-36.34764030519549
485.5560000000419,13.336187466018064
485.5600000000419,20.967188454992744
485.5640000000419,-12.011572433228833
485.5680000000419,11.195266313164076
485.5720000000419,8.440494198489816
485.5760000000419,-7.358900693082609
485.5800000000419,24.96440183934327
485.5840000000419,6.825978158800631
485.5880000000419,6.579504002487097
485.5920000000419,-12.978427938075821
485.5960000000419,7.209564031526227
485.6000000000419,-21.79018605102123
485.60400000004194,5.82975267842028
485.6080000000419,-17.595656352840717
485.6120000000419,-28.165484108602886
485.61600000004194,-1.3465311332540952
485.6200000000419,1.0838654069560894
485.6240000000419,43.430343002149925
485.62800000004194,35.287577115136685
485.6320000000419,10.019183049841198
485.6360000000419,-5.776378711205308
485.64000000004194,-9.022609197703288
485.6440000000419,21.27135360889477
485.6480000000419,33.4228245454295
485.65200000004194,13.067874017071091
485.6560000000419,5.641106973029449
485.6600000000419,-2.778875424516555
485.66400000004194,-18.177099150016566
485.6680000000419,-14.308108514400663
485.6720000000419,-15.193403423817426
485.67600000004194,19.99855175362366
485.6800000000419,-9.718075975087162
485.6840000000419,-34.100411923258214
485.68800000004194,24.100403195813048
485.6920000000419,-22.592038164531704
485.6960000000419,5.412189838347087
485.70000000004194,-9.977340195034918
485.70400000004196,16.38266461675385
485.7080000000419,-5.1253712355556695
485.71200000004194,32.49930125926337
485.71600000004196,-4.058300073670859
485.7200000000419,-4.146719726350129
485.72400000004194,14.628723698022203
485.72800000004196,-7.825002931968377
485.7320000000419,-20.076433693079572
485.73600000004194,2.5208614455705742
485.74000000004196,-5.720586289406768
485.7440000000419,11.42787044218898
485.74800000004194,-16.942858269080617
485.75200000004196,-8.548672571052307
485.7560000000419,-0.20467118841478738
485.76000000004194,-7.071532855149801
485.76400000004196,-3.9629839563824527
485.7680000000419,16.191131683571086
485.77200000004194,12.983134500700954
485.77600000004196,7.592205837341347
485.7800000000419,-20.39123674649543
485.78400000004194,1.7989529511750515
485.78800000004196,14.17852453625929
485.7920000000419,13.784786047577587
485.79600000004194,5.537702077343573
485.80000000004196,-9.636249896788486
485.804000000042,0.18196987475681237
485.80800000004194,-10.403433108816511
485.81200000004196,-5.318328307514586
485.816000000042,19.022004647193302
485.82000000004194,15.608738064815995
485.82400000004196,26.31539006505732
485.828000000042,-12.840507350709602
485.83200000004194,1.6511840531534538
485.83600000004196,12.091587439155175
485.840000000042,-20.909862356857346
485.84400000004194,-20.51795440979606
485.84800000004196,28.551299750058867
485.852000000042,-41.52199813630093
485.85600000004194,2.834349993889616
485.86000000004196,3.3155764469590947
485.864000000042,17.26071958606618
485.86800000004195,-9.827280335140092
485.87200000004196,1.9944179499290358
485.876000000042,15.140707541038928
485.88000000004195,-13.46375745930713
485.88400000004196,14.052675776599639
485.888000000042,-6.038510240275861
485.89200000004195,-4.533776507114157
485.89600000004197,-0.13604087474535742
485.900000000042,-10.801425842407198
485.904000000042,-0.9345342345849241
485.90800000004197,-24.781471491760087
485.912000000042,26.13228853353876
485.916000000042,3.110892790603311
485.92000000004197,-11.813674865019271
485.924000000042,-9.797536028356932
485.928000000042,-6.287801427653989
485.93200000004197,42.20399383177653
485.936000000042,1.1835235986014672
485.940000000042,-20.083507912173236
485.94400000004197,-0.9287014099357633
485.948000000042,-25.41705412686702
485.952000000042,-13.751165171315735
485.95600000004197,12.797665580643784
485.960000000042,-8.679909093330174
485.964000000042,1.1806472293174999
485.96800000004197,0.4062440800892104
485.972000000042,-20.34489404979777
485.976000000042,16.654399629473037
485.98000000004197,-4.214037876339614
485.984000000042,-54.41163626430521
485.988000000042,21.733951945029478
485.99200000004197,-1.511079076333559
485.996000000042,-19.42786501514503
486.000000000042,-7.981765900152011
486.004000000042,6.994589646471788
486.008000000042,3.8841572716855715
486.012000000042,35.237709237536166
486.016000000042,5.824603671780151
486.020000000042,19.210731245480186
486.024000000042,6.4365593105522505
486.028000000042,-0.7566002778894522
486.032000000042,-6.4369527150610235
486.036000000042,6.494958622968857
486.040000000042,-50.960246333137874
486.044000000042,-20.330230442755216
486.048000000042,11.696239892183378
486.052000000042,-8.591223438056687
486.056000000042,18.786598456387754
486.060000000042,8.777164319877924
486.06400000004203,-12.33671575410844
486.068000000042,-13.244891219518653
486.072000000042,20.231841523828642
486.07600000004203,-9.059509500774302
486.080000000042,29.199185269145033
486.084000000042,14.75919344180461
486.08800000004203,8.360740521398954
486.092000000042,7.272152100789594
486.096000000042,6.44566168919767
486.10000000004203,-5.984942944952763
486.10400000004205,20.22377956170166
486.108000000042,2.4819253281648335
486.11200000004203,22.115584005201335
486.11600000004205,-14.824718675915571
486.120000000042,11.835152881372974
486.12400000004203,-0.9677955199724028
486.12800000004205,1.5113362093843352
486.132000000042,39.504331103600585
486.13600000004203,16.468998130071988
486.14000000004205,6.106498165118132
486.144000000042,13.54055559410558
486.14800000004203,43.16138733350336
486.15200000004205,17.635332652754055
486.156000000042,11.196967106110526
486.16000000004203,6.465702506796355
486.16400000004205,-8.019629766354178
486.168000000042,-5.76351626721827
486.17200000004203,-3.483342352447185
486.17600000004205,17.079776189559496
486.180000000042,7.561982519473636
486.18400000004203,1.178162910464016
486.18800000004205,6.963996131357176
486.192000000042,3.0901163833834637
486.19600000004203,10.533979302563981
486.20000000004205,-1.2593381920707578
486.2040000000421,20.07537745724662
486.20800000004203,0.01567240217874266
486.21200000004205,-25.23190763162829
486.2160000000421,5.713653061979651
486.22000000004203,-16.55724800511272
486.22400000004205,35.75423891990252
486.2280000000421,1.4141024387430987
486.23200000004204,16.283560718382706
486.23600000004205,14.716707427186597
486.2400000000421,1.610158178217791
486.24400000004204,7.844539535328219
486.24800000004205,4.617525811702264
486.2520000000421,-4.158674503688794
486.25600000004204,-1.0425273345675707
486.26000000004206,-0.1350260617063519
486.2640000000421,-13.317959259017773
486.26800000004204,-16.00362673175417
486.27200000004206,-16.896180700518947
486.2760000000421,-21.855319201013405
486.28000000004204,-12.707847129292603
486.28400000004206,-26.95692257515819
486.2880000000421,6.2465915809810095
486.29200000004204,-14.73812798830988
486.29600000004206,-11.87567521307345
486.3000000000421,0.5196712605947384
486.3040000000421,8.941571570179203
486.30800000004206,-10.034749705296644
486.3120000000421,-16.785345092117737
486.3160000000421,0.8339171534167487
486.32000000004206,16.48488727204747
486.3240000000421,-4.177515484150369
486.3280000000421,-1.4812730635104225
486.33200000004206,14.194170614828758
486.3360000000421,-6.121262727863797
486.3400000000421,36.09306050612054
486.34400000004206,-13.886498970009695
486.3480000000421,-19.410278242258805
486.3520000000421,-26.475706119521362
486.35600000004206,-0.3048729465515647
486.3600000000421,22.468916651224333
486.3640000000421,-14.36990246805737
486.36800000004206,22.165435561337123
486.3720000000421,0.7035256663825491
486.3760000000421,15.924151560897052
486.38000000004206,5.957418070919857
486.3840000000421,18.30879182274695
486.3880000000421,-0.8364657866913063
486.39200000004206,3.9986233461057252
486.3960000000421,33.49200594040805
486.4000000000421,-11.823980670930004
486.4040000000421,28.57698170930161
486.4080000000421,18.125946809554318
486.4120000000421,-17.756210158998943
486.4160000000421,-13.458038821478915
486.4200000000421,1.0130426227468026
486.4240000000421,36.28743483359254
486.4280000000421,-28.620219101778222
486.4320000000421,-9.891443265361831
486.4360000000421,-21.069207921732822
486.4400000000421,-27.931011655271323
486.4440000000421,-4.338271289100563
486.4480000000421,26.51350632604028
486.4520000000421,-7.974625410909253
486.4560000000421,-27.13858028439102
486.4600000000421,-0.6627082347573223
486.4640000000421,0.34055556947023513
486.4680000000421,-37.92720351795718
486.4720000000421,-21.169068117098337
486.4760000000421,-6.067785015892926
486.4800000000421,2.62847336492539
486.4840000000421,23.503159014333278
486.4880000000421,-4.932277080476514
486.4920000000421,14.91342515481039
486.4960000000421,-7.9621579924100105
486.5000000000421,10.168524186843593
486.50400000004214,42.30005428168556
486.5080000000421,-1.6137763157957945
486.5120000000421,2.58385205075484
486.51600000004214,13.62183687708798
486.5200000000421,-20.99404822357677
486.5240000000421,4.648717375270611
486.52800000004214,-3.36410280879282
486.5320000000421,6.6504805966107075
486.5360000000421,20.47837560353662
486.54000000004214,-3.966603661785403
486.5440000000421,-26.242120445441767
486.5480000000421,-15.693837485225131
486.55200000004214,11.675383482540452
486.5560000000421,-15.00630780419911
486.5600000000421,12.057436215513706
486.56400000004214,-8.760069130544911
486.5680000000421,-1.4888001471317494
486.5720000000421,-0.08421918398922912
486.57600000004214,-4.337486187471994
486.5800000000421,12.730153590261345
486.5840000000421,-9.444664391024368
486.58800000004214,23.787362739473767
486.5920000000421,-0.8148844044761328
486.5960000000421,2.365538913447084
486.60000000004214,-4.9517099281903425
486.60400000004216,7.780851564122372
486.6080000000421,1.726961410880985
486.61200000004214,-21.744107191071606
486.61600000004216,-8.848305986098088
486.6200000000421,23.677818131750627
486.62400000004214,-14.927256518026143
486.62800000004216,-8.032744880788487
486.6320000000421,-2.7124202804087503
486.63600000004215,-4.475208421210181
486.64000000004216,-27.66437532903187
486.6440000000421,0.7952089200885268
486.64800000004215,14.6620557044504
486.65200000004216,4.761912253477375
486.6560000000421,-3.4487783558161835
486.66000000004215,-1.1728019116445596
486.66400000004217,9.801461473032852
486.6680000000421,-22.238949107541007
486.67200000004215,37.48579275587533
486.67600000004217,-28.261574528594885
486.6800000000421,10.204648576350174
486.68400000004215,11.021010088768813
486.68800000004217,-18.907444011462886
486.6920000000421,20.61217805274895
486.69600000004215,5.662827623604397
486.70000000004217,-0.07121477097130646
486.7040000000422,-4.785244246782811
486.70800000004215,-8.232288202984904
486.71200000004217,-21.308583644715057
486.7160000000422,-0.9758536369818791
486.72000000004215,13.596841175105247
486.72400000004217,-12.260470252412677
486.7280000000422,19.73164439968046
486.73200000004215,1.6137946822252118
486.73600000004217,1.7141849388733084
486.7400000000422,-3.8471504836710775
486.74400000004215,-4.307506611136547
486.74800000004217,1.7114847578408519
486.7520000000422,9.253946305764641
486.75600000004215,-15.789346101694377
486.76000000004217,6.242280498919984
486.7640000000422,-9.994545165049791
486.76800000004215,0.8791015093848674
486.77200000004217,2.3047725786489934
486.7760000000422,-7.126030856237195
486.78000000004215,3.143596247424963
486.78400000004217,11.88244201928909
486.7880000000422,42.63932446272062
486.79200000004215,29.352247169773143
486.79600000004217,-16.930554595036224
486.8000000000422,-32.883831670436244
486.8040000000422,26.799794513191596
486.80800000004217,-0.34639253775617784
486.8120000000422,-24.84972462666947
486.8160000000422,12.702056360963233
486.82000000004217,-60.69631745851315
486.8240000000422,10.071536254865732
486.8280000000422,-2.6214865608314013
486.83200000004217,-21.452649521276104
486.8360000000422,24.266323312087827
486.8400000000422,-7.028616565529858
486.8440000000422,-11.721527580391868
486.8480000000422,11.813094243770315
486.8520000000422,2.854421795029095
486.8560000000422,4.748318916058452
486.8600000000422,16.087093168631448
486.8640000000422,-8.065074519469407
486.8680000000422,-10.933235983378719
486.8720000000422,1.6424330907306577
486.8760000000422,-3.266823379464327
486.8800000000422,-17.579480763795697
486.8840000000422,8.669831555932191
486.8880000000422,-6.002400644872786
486.8920000000422,5.928929556549541
486.8960000000422,-16.246473925482515
486.9000000000422,6.659747648249561
486.90400000004223,5.119969678336675
486.9080000000422,12.149824359119771
486.9120000000422,0.11582600936086784
486.91600000004223,9.155966599417283
486.9200000000422,-14.917100485018135
486.9240000000422,0.4653511212307941
486.92800000004223,5.926692115041433
486.9320000000422,4.6746724244281594
486.9360000000422,-1.494909940376432
486.94000000004223,-0.5014626616306748
486.9440000000422,27.174326581691158
486.9480000000422,1.2083001712305297
486.95200000004223,6.154125982093043
486.9560000000422,9.930008178368674
486.9600000000422,36.27396693606145
486.96400000004223,15.672333609100544
486.9680000000422,8.92542599798783
486.9720000000422,11.3095044142134
486.97600000004223,2.526420167613386
486.9800000000422,-3.3640721218063128
486.9840000000422,-19.267743100187623
486.98800000004223,15.51239353657075
486.9920000000422,12.229218458174962
486.9960000000422,32.9480938684151
487.00000000004223,25.134473097312288
487.00400000004225,-3.702758547008883
487.0080000000422,10.550164103712667
487.01200000004224,-12.305702719569302
487.01600000004225,-7.521279822116439
487.0200000000422,1.2902975451019172
487.02400000004224,-5.0098060694142195
487.02800000004225,7.532200444222034
487.0320000000422,16.454497384687023
487.03600000004224,-31.940031050787958
487.04000000004226,1.0129198633418057
487.0440000000422,10.577439566689725
487.04800000004224,-34.50107511072689
487.05200000004226,3.5665721745455254
487.0560000000422,-2.2219316284337154
487.06000000004224,-7.75136572806195
487.06400000004226,-19.554622803768506
487.0680000000422,-6.955380554011277
487.07200000004224,18.039562840007434
487.07600000004226,2.2194327114770953
487.0800000000422,8.176736491977001
487.08400000004224,-3.507095898964485
487.08800000004226,5.515877796560516
487.0920000000422,-4.269112210191951
487.09600000004224,4.319855942902885
487.10000000004226,-11.176084698594261
487.1040000000423,25.691667280069296
487.10800000004224,-11.477165161694053
487.11200000004226,-2.535204141713592
487.1160000000423,13.7429242485263
487.12000000004224,20.29105249139471
487.12400000004226,6.293588816736833
487.1280000000423,2.3117298569126294
487.13200000004224,-15.826612700888122
487.13600000004226,-23.17669078023386
487.1400000000423,-12.602095087634531
487.14400000004224,-49.55295915651891
487.14800000004226,-12.504541142295391
487.1520000000423,-21.92186689209706
487.15600000004224,14.797664105303296
487.16000000004226,-4.9441420246434395
487.1640000000423,4.796724234855453
487.16800000004224,-0.3508624252810355
487.17200000004226,1.5328137350724476
487.1760000000423,-17.248859499362823
487.18000000004224,6.6346207683090626
487.18400000004226,22.90661232994591
487.1880000000423,13.741035001516059
487.19200000004224,1.2184378275871408
487.19600000004226,14.252256813520582
487.2000000000423,2.352462600481884
487.2040000000423,12.47245111318068
487.20800000004226,46.29035735719526
487.2120000000423,-4.9660494607326084
487.2160000000423,-23.111979684885746
487.22000000004226,-15.503541428417556
487.2240000000423,-23.700554898364786
487.2280000000423,8.728798808238942
487.23200000004226,-5.920257020220787
487.2360000000423,9.191420677470582
487.2400000000423,-34.02342443396785
487.24400000004226,-46.12930748444765
487.2480000000423,-1.13037581695054
487.2520000000423,-11.754385915530744
487.25600000004226,7.573882719633042
487.2600000000423,-7.924621012327799
487.2640000000423,2.626664883812614
487.26800000004226,3.3489323586261377
487.2720000000423,-10.283115297049797
487.2760000000423,-12.899840712077124
487.28000000004226,17.674453065544025
487.2840000000423,-12.619599739216287
487.2880000000423,20.291546460167417
487.29200000004226,-12.572689538265202
487.2960000000423,18.104003529543316
487.3000000000423,17.803487001824468
487.3040000000423,6.632633691240929
487.3080000000423,9.48091600371906
487.3120000000423,-9.366317550479808
487.3160000000423,-5.974339424834809
487.3200000000423,27.70868615226812
487.3240000000423,13.46281917981349
487.3280000000423,-5.206450195537842
487.3320000000423,27.84487642850829
487.3360000000423,-7.781681956849151
487.3400000000423,-21.3621417979001
487.3440000000423,-6.593349837827388
487.3480000000423,-4.8525345944606535
487.3520000000423,-9.22030054868397
487.3560000000423,-3.6897980861847626
487.3600000000423,-17.003962597276363
487.3640000000423,-28.243018183749406
487.3680000000423,15.652369634260968
487.3720000000423,1.558488111951515
487.3760000000423,-15.364608015420485
487.3800000000423,19.39379470502977
487.3840000000423,-10.728859554860989
487.3880000000423,-18.326276304977203
487.3920000000423,-7.431654477876311
487.3960000000423,-14.29016662371955
487.4000000000423,-17.83429805221646
487.40400000004234,-18.760445461301607
487.4080000000423,4.678855352823927
487.4120000000423,0.26530492310797626
487.41600000004235,23.553278061189356
487.4200000000423,8.758606022935657
487.4240000000423,9.471236389904364
487.42800000004235,0.12159109395532042
487.4320000000423,22.88995999498915
487.4360000000423,2.3451772418918413
487.44000000004235,32.547231749697566
487.4440000000423,8.238610192906453
487.4480000000423,-0.7397496798681686
487.45200000004235,-19.246254940841247
487.4560000000423,5.61105979411338
487.4600000000423,-5.849370367006901
487.46400000004235,-13.13200267016797
487.4680000000423,-16.204998564152085
487.4720000000423,17.243848624632697
487.47600000004235,31.186861759697223
487.4800000000423,-12.499402700611256
487.48400000004233,5.939486778016779
487.48800000004235,-4.46692117570236
487.4920000000423,6.598682867910341
487.49600000004233,28.906909333392683
487.50000000004235,-31.030860427932055
487.50400000004237,-20.751616853692536
487.50800000004233,7.0812422341653285
487.51200000004235,-17.03093455635723
487.51600000004237,25.854438546973686
487.52000000004233,16.100228700864225
487.52400000004235,12.821609030442971
487.52800000004237,-5.652042575405017
487.53200000004233,25.236588752967144
487.53600000004235,-18.010843229084312
487.54000000004237,-6.6441269254819515
487.54400000004233,-11.266772033008444
487.54800000004235,-29.802785021151667
487.55200000004237,18.698878143037586
487.55600000004233,1.6801797002324568
487.56000000004235,-12.330870623354203
487.56400000004237,13.384012762757543
487.56800000004233,2.3698703718373317
487.57200000004235,8.649248431718098
487.57600000004237,-3.5814213574160454
487.58000000004233,-0.5612852095584087
487.58400000004235,-15.684417344679535
487.58800000004237,1.667118381652323
487.59200000004233,32.650636688327765
487.59600000004235,-12.084813239320443
487.60000000004237,-5.591317581555916
487.6040000000424,-14.592287015243746
487.60800000004235,-22.398649564108897
487.61200000004237,3.741417623006391
487.6160000000424,-7.466350880747425
487.62000000004235,1.8062282933747098
487.6240000000424,-14.069598950421117
487.6280000000424,11.394156964974634
487.63200000004235,-9.755896510447943
487.6360000000424,11.830157759705344
487.6400000000424,10.216430550883667
487.64400000004235,21.080436557854846
487.6480000000424,0.9522748327305788
487.6520000000424,-23.933945992712886
487.65600000004235,4.299065775310231
487.6600000000424,-24.085921214057173
487.6640000000424,-12.606648719009163
487.66800000004235,-21.4223561239514
487.6720000000424,-11.271867880873536
487.6760000000424,11.853541665843391
487.68000000004236,18.42089915014083
487.6840000000424,16.7598534536342
487.6880000000424,15.1545063700212
487.69200000004236,-6.090911866925293
487.6960000000424,11.342116932132736
487.7000000000424,-0.8433793329041579
487.7040000000424,18.743798631296073
487.7080000000424,25.626026749957287
487.7120000000424,3.437781587416282
487.7160000000424,-6.35967834938093
487.7200000000424,0.6154954583662945
487.7240000000424,-11.43727074596985
487.7280000000424,-5.192121298186883
487.7320000000424,-2.3412496407984937
487.7360000000424,-10.921498091874163
487.7400000000424,-9.001567228647003
487.7440000000424,-4.812329193850361
487.7480000000424,17.861791711359444
487.7520000000424,-15.355186214088222
487.7560000000424,0.3315800393732218
487.7600000000424,-10.987695654928883
487.7640000000424,-17.926961567913796
487.7680000000424,2.2053810526564783
487.7720000000424,3.074282675078613
487.7760000000424,0.47772028534967426
487.7800000000424,22.419511461685275
487.7840000000424,-14.014562733698527
487.7880000000424,-25.6626638846973
487.7920000000424,2.506374066133195
487.7960000000424,-4.150910485302109
487.8000000000424,20.748752290730028
487.80400000004244,0.7433220678280579
487.8080000000424,22.574266007893613
487.8120000000424,10.453165928130863
487.81600000004244,-20.6386056725312
487.8200000000424,-27.576093069072694
487.8240000000424,8.99655894717651
487.82800000004244,-25.285532398390558
487.8320000000424,-10.30396306462125
487.8360000000424,12.971683701602887
487.84000000004244,-7.527236456570016
487.8440000000424,14.488907919654935
487.8480000000424,-30.226085503951857
487.85200000004244,-17.519779055186294
487.8560000000424,15.802355872477472
487.8600000000424,1.6853067467334575
487.86400000004244,-4.298934373442499
487.8680000000424,-10.500069011484669
487.8720000000424,-19.495087983449388
487.87600000004244,-19.164833738973346
487.8800000000424,-0.8918113916039445
487.8840000000424,-25.31425616369959
487.88800000004244,42.92051616542259
487.8920000000424,-9.525521360863861
487.8960000000424,-12.212581017954918
487.90000000004244,-4.913459215230427
487.90400000004246,8.249073742601851
487.9080000000424,-14.883168397242372
487.91200000004244,-10.075725117938775
487.91600000004246,-5.9399134712989365
487.9200000000424,26.432824101868064
487.92400000004244,-23.203375268843143
487.92800000004246,12.011399797631764
487.9320000000424,-16.64812502260843
487.93600000004244,-2.781247525869108
487.94000000004246,-4.301882550303796
487.9440000000424,-32.62191615890699
487.94800000004244,-15.228419155697036
487.95200000004246,2.71967925819719
487.9560000000424,-12.1203711676303
487.96000000004244,-0.5638259104362648
487.96400000004246,3.788744945074357
487.9680000000424,13.340265484029933
487.97200000004244,31.829992890743664
487.97600000004246,-24.181305952244315
487.9800000000424,1.8976883622739802
487.98400000004244,-11.855867707855158
487.98800000004246,14.325818317030398
487.9920000000424,10.822616212460286
487.99600000004244,-27.843924502024194
488.00000000004246,7.494617795739238
488.0040000000425,-7.276782785247436
488.00800000004244,-8.815113485640254
488.01200000004246,-6.680283308267939
488.0160000000425,-7.876322397624427
488.02000000004244,-11.878420165363135
488.02400000004246,-25.742480184172024
488.0280000000425,-7.166747703121238
488.03200000004244,-0.9559435442425253
488.03600000004246,3.2362384918509
488.0400000000425,-9.440890624820467
488.04400000004244,-33.616030929719905
488.04800000004246,-18.543503152218346
488.0520000000425,-19.566085112958557
488.05600000004245,-7.545395213873992
488.06000000004246,6.075245586780583
488.0640000000425,16.015493021184437
488.06800000004245,0.4158336160846847
488.07200000004246,-14.159353446507268
488.0760000000425,5.979094948737917
488.08000000004245,-6.843980759474153
488.08400000004247,16.736813871809648
488.0880000000425,9.292865657966285
488.09200000004245,-9.779127369621833
488.09600000004247,1.05701468757022
488.1000000000425,13.542706731322994
488.1040000000425,-0.6959227688364136
488.10800000004247,-7.494442918001162
488.1120000000425,-16.480018435172674
488.1160000000425,55.11773441108035
488.12000000004247,13.253970218530753
488.1240000000425,-3.728367384026577
488.1280000000425,12.67882561325554
488.13200000004247,-6.243558407319032
488.1360000000425,22.562457649090355
488.1400000000425,-19.332518515387054
488.14400000004247,2.601048190259566
488.1480000000425,-12.541721634744317
488.1520000000425,6.9221873389010735
488.15600000004247,18.011864966986735
488.1600000000425,20.884425853816737
488.1640000000425,-2.0800482776263873
488.16800000004247,-0.9512500853937729
488.1720000000425,16.842178222490762
488.1760000000425,7.790693566447571
488.18000000004247,-0.353492601266272
488.1840000000425,-23.077228810830455
488.1880000000425,-15.93767002743114
488.19200000004247,-21.10676213294151
488.1960000000425,-28.048276389550445
488.2000000000425,10.799768546001568
488.2040000000425,-19.26448396256517
488.2080000000425,16.386576989597586
488.2120000000425,-22.879835334015624
488.2160000000425,3.5686308105907436
488.2200000000425,-6.035094192033106
488.2240000000425,-8.797500461253739
488.2280000000425,-12.988828813182245
488.2320000000425,-2.2900941827667722
488.2360000000425,-19.269123297604143
488.2400000000425,17.37418427759154
488.2440000000425,1.673009447629946
488.2480000000425,-6.700862638287117
488.25200000004253,21.465682267067166
488.2560000000425,1.4792876302391322
488.2600000000425,-9.675306237927796
488.26400000004253,-31.621359996047946
488.2680000000425,-3.2150930275066485
488.2720000000425,25.900597353033277
488.27600000004253,6.936796998462927
488.2800000000425,-8.268433579009368
488.2840000000425,-24.154988979474986
488.28800000004253,-16.527035807425047
488.2920000000425,-15.630166940423734
488.2960000000425,5.843718783411331
488.30000000004253,10.063694832842534
488.30400000004255,2.624035714270377
488.3080000000425,8.151441105059494
488.31200000004253,-2.0906465009816033
488.31600000004255,-22.076274810520303
488.3200000000425,15.3643526373964
488.32400000004253,-7.069123548264762
488.32800000004255,19.995402850235934
488.3320000000425,9.581282954587023
488.33600000004253,-0.3528106706885732
488.34000000004255,28.332933633877218
488.3440000000425,11.104001623556325
488.34800000004253,4.326235811114106
488.35200000004255,17.00935013329258
488.3560000000425,-0.3288714859218693
488.36000000004253,2.0258798615935563
488.36400000004255,-2.8314224317190897
488.3680000000425,4.209086945837784
488.37200000004253,4.326412217128838
488.37600000004255,-8.364780086225855
488.3800000000425,10.371248059125866
488.38400000004253,12.387567876386735
488.38800000004255,17.577855709840385
488.3920000000425,0.43550117084249074
488.39600000004253,-15.559760310168366
488.40000000004255,-9.260273001615898
488.4040000000426,-12.095941237324794
488.40800000004253,-11.737218734276752
488.41200000004255,-20.29714426872655
488.4160000000426,-7.007418381293363
488.42000000004253,1.372011295553461
488.42400000004255,12.547216390336754
488.4280000000426,-8.774657913087628
488.43200000004254,16.788601884931843
488.43600000004255,-3.095649575521483
488.4400000000426,18.01186675651037
488.44400000004254,4.276157809398448
488.44800000004255,-10.837310944789413
488.4520000000426,-8.121847810921826
488.45600000004254,26.892616297095824
488.46000000004256,36.41913593035309
488.4640000000426,-29.52625787646304
488.46800000004254,1.77123089303258
488.47200000004256,14.94105783382134
488.4760000000426,5.461292969040745
488.48000000004254,4.31362053762524
488.48400000004256,-8.25664545987342
488.4880000000426,-34.64019487053858
488.49200000004254,-6.592870969091351
488.49600000004256,21.20760098583987
488.5000000000426,-0.9845123522868849
488.5040000000426,4.979226087245303
488.50800000004256,5.044553594520966
488.5120000000426,-33.734992251212645
488.5160000000426,7.137232773972533
488.52000000004256,20.900894075651465
488.5240000000426,15.348914420319726
488.5280000000426,-14.046653315592687
488.53200000004256,34.4222756300148
488.5360000000426,-22.710032395754745
488.5400000000426,-1.843573698559213
488.54400000004256,-8.812480418422368
488.5480000000426,0.2333876567765163
488.5520000000426,12.189422583260939
488.55600000004256,35.008279073544735
488.5600000000426,-0.9561527400492711
488.5640000000426,-5.067568119686451
488.56800000004256,1.662159502540657
488.5720000000426,-7.847821886405358
488.5760000000426,-4.321732907131391
488.58000000004256,-14.454642983497365
488.5840000000426,-11.550667117605746
488.5880000000426,-18.153165518849978
488.59200000004256,6.843276219505134
488.5960000000426,15.637741322640464
488.6000000000426,6.714325135448211
488.6040000000426,-13.1134612674361
488.6080000000426,-1.6649694873215264
488.6120000000426,-0.3583842439946332
488.6160000000426,-0.8279782219820954
488.6200000000426,16.597523711986586
488.6240000000426,14.478403005404646
488.6280000000426,4.577292497555303
488.6320000000426,-29.739531870424265
488.6360000000426,-5.121091859089445
488.6400000000426,-1.5579713140389124
488.6440000000426,3.101538234333898
488.6480000000426,-3.4779503737252915
488.6520000000426,-25.29805323560932
488.6560000000426,9.431949330770657
488.6600000000426,11.036020410260369
488.6640000000426,-7.825517724131117
488.6680000000426,1.4087817046925228
488.6720000000426,3.7408738650262627
488.6760000000426,-35.35448839131136
488.6800000000426,-14.65516374382792
488.6840000000426,-7.21156363739936
488.6880000000426,6.006853283434729
488.6920000000426,-6.658621414479846
488.6960000000426,-11.096301107689252
488.7000000000426,-43.38203874096462
488.70400000004264,-19.05185687099865
488.7080000000426,20.90224502342066
488.7120000000426,5.969165703159702
488.71600000004264,24.321743041492034
488.7200000000426,32.04228693571902
488.7240000000426,-37.82413220973415
488.72800000004264,9.17693165968495
488.7320000000426,14.304463945899142
488.7360000000426,-12.222566059225905
488.74000000004264,0.27608026396341656
488.7440000000426,14.676128824263428
488.7480000000426,-16.331620896702997
488.75200000004264,18.53532378234628
488.7560000000426,-40.261132144402005
488.7600000000426,-5.737405482883617
488.76400000004264,35.314301601627015
488.7680000000426,17.084565028614374
488.7720000000426,11.781997213626934
488.77600000004264,20.980144472566586
488.7800000000426,31.81857064364131
488.7840000000426,4.666634587199312
488.78800000004264,-0.20219715921198347
488.7920000000426,-1.0983177834098674
488.7960000000426,19.229236795705425
488.80000000004264,-18.125751766531536
488.80400000004266,10.317491880270905
488.8080000000426,26.077397030690594
488.81200000004264,-14.110846167166109
488.81600000004266,0.5482903169853934
488.8200000000426,-10.359584286306294
488.82400000004264,-15.457819667976276
488.82800000004266,4.19154970031319
488.8320000000426,0.9202955416161298
488.83600000004265,-16.95368952174056
488.84000000004266,6.639312640779046
488.8440000000426,-5.257080680108841
488.84800000004265,21.62262519999363
488.85200000004266,14.25256416308464
488.8560000000426,12.382831937091677
488.86000000004265,-6.507899552031023
488.86400000004267,-0.49629386578704004
488.8680000000426,-5.401301722129663
488.87200000004265,-2.8578357973721116
488.87600000004267,13.710974473939546
488.8800000000426,10.254210386712517
488.88400000004265,2.1973397083327955
488.88800000004267,-2.6744841535662465
488.89200000004263,13.21430587497826
488.89600000004265,-22.239619227542175
488.90000000004267,23.454370592990486
488.9040000000427,-9.225854806436606
488.90800000004265,-2.5031753903163554
488.91200000004267,-2.386485866293542
488.9160000000427,16.071186386225726
488.92000000004265,-0.6021359211899187
488.92400000004267,18.905605894476217
488.9280000000427,4.05270043047183
488.93200000004265,-20.101029235685726
488.93600000004267,2.1279893974494435
488.9400000000427,3.3066932528424555
488.94400000004265,-1.8557124067177226
488.94800000004267,-1.2200951932074675
488.9520000000427,-42.67088475553153
488.95600000004265,25.915493520514453
488.96000000004267,23.703622618942163
488.9640000000427,3.1802465835022407
488.96800000004265,12.580243199961908
488.97200000004267,-23.68411384336439
488.9760000000427,-22.46515024153092
488.98000000004265,-11.512539601286523
488.98400000004267,-27.19943410311263
488.9880000000427,-14.727614417037978
488.99200000004265,-1.4680376957303296
488.99600000004267,2.3760611947034
489.0000000000427,-15.165684650761671
489.0040000000427,-7.545415002205916
489.00800000004267,-15.110293395583591
489.0120000000427,-0.5292128303039656
489.0160000000427,0.125718880233068
489.02000000004267,6.057016185652881
489.0240000000427,7.392368355353771
489.0280000000427,9.829396045272338
489.0320000000427,-14.746906618152854
489.0360000000427,-19.914641239509262
489.0400000000427,8.077829228967211
489.0440000000427,-10.76002553845343
489.0480000000427,0.17533335422891705
489.0520000000427,-0.614679772789205
489.0560000000427,-17.96964839691353
489.0600000000427,19.616368625767294
489.0640000000427,-9.287141962838797
489.0680000000427,1.4355525378737604
489.0720000000427,-3.580467998267735
489.0760000000427,18.98999248508961
489.0800000000427,14.836896762771712
489.0840000000427,0.716245020026202
489.0880000000427,-29.323829045009997
489.0920000000427,1.7011225416408127
489.0960000000427,4.253958425420025
489.1000000000427,-3.6297213029624484
489.10400000004273,-8.815763823926265
489.1080000000427,-12.13748868699087
489.1120000000427,-0.22745554383973968
489.11600000004273,-18.364172125527496
489.1200000000427,-12.964510672659976
489.1240000000427,-3.8570779589647737
489.12800000004273,-0.7039111593160292
489.1320000000427,19.756251620572645
489.1360000000427,37.50696321092459
489.14000000004273,-1.2397541016407139
489.1440000000427,-11.962063724729195
489.1480000000427,7.620586382350817
489.15200000004273,8.564988881236763
489.1560000000427,0.47355188991944486
489.1600000000427,-3.378222952182445
489.16400000004273,18.14764132335496
489.1680000000427,4.749583314772799
489.1720000000427,-1.4101697459544518
489.17600000004273,14.905346375468937
489.1800000000427,-1.2117027079356482
489.1840000000427,-13.187361668470354
489.18800000004273,13.183078363295191
489.1920000000427,23.509117536923196
489.1960000000427,-0.8969561829762658
489.20000000004273,18.158709801669463
489.20400000004275,3.1081153291913255
489.2080000000427,-22.254074296204287
489.21200000004274,-20.338321118930196
489.21600000004275,6.361351667827973
489.2200000000427,13.844125412082542
489.22400000004274,7.676909520178033
489.22800000004275,-9.383229813842865
489.2320000000427,4.734125926555902
489.23600000004274,-22.104633366874825
489.24000000004276,15.756738574400568
489.2440000000427,-12.513919063363995
489.24800000004274,-0.45013097492508214
489.25200000004276,22.389465541642174
489.2560000000427,-6.681917683123907
489.26000000004274,-9.73918410283644
489.26400000004276,-3.6253111705277288
489.2680000000427,11.759196966682959
489.27200000004274,-7.848524033423636
489.27600000004276,4.228689653333414
489.2800000000427,14.181722734034317
489.28400000004274,1.3907076326553511
489.28800000004276,12.205038949876126
489.2920000000427,-5.967199370378261
489.29600000004274,-29.268390671634098
489.30000000004276,-13.071705366094442
489.3040000000428,-18.191369307752055
489.30800000004274,-2.8399037035549455
489.31200000004276,9.067389421767775
489.3160000000428,-38.09932993517964
489.32000000004274,3.2389346036646325
489.32400000004276,8.164846347740303
489.3280000000428,14.574187111820272
489.33200000004274,-4.228013916137648
489.33600000004276,10.458155398254652
489.3400000000428,2.651108537573789
489.34400000004274,5.089547420988766
489.34800000004276,-3.715443072601729
489.3520000000428,-0.059204774395273885
489.35600000004274,-19.210433946378117
489.36000000004276,3.298961731764866
489.3640000000428,0.1653800590041507
489.36800000004274,7.8086666630578065
489.37200000004276,-1.3915517796059742
489.3760000000428,-18.32803374427533
489.38000000004274,-8.840540478582827
489.38400000004276,4.512336195727726
489.3880000000428,13.066268150558953
489.39200000004274,13.881014598028736
489.39600000004276,16.46594992044922
489.4000000000428,-2.7337402965963937
489.4040000000428,16.268894484477965
489.40800000004276,1.7405323212476442
489.4120000000428,1.7253550902259163
489.4160000000428,10.949820863362188
489.42000000004276,23.46276607114254
489.4240000000428,8.3147714714562
489.4280000000428,-5.479386644424817
489.43200000004276,-0.5710870762052416
489.4360000000428,-37.31747276576871
489.4400000000428,16.439303723856806
489.44400000004276,-17.526812206720386
489.4480000000428,5.865878030353485
489.4520000000428,16.304283800474128
489.45600000004276,5.215071678830004
489.4600000000428,6.844027828155717
489.4640000000428,4.461073225843538
489.46800000004276,11.617107132827776
489.4720000000428,28.31392900433973
489.4760000000428,23.21537540461524
489.48000000004276,-15.380443468005229
489.4840000000428,16.88329407266533
489.4880000000428,-5.387152941357538
489.49200000004276,7.7728542037183965
489.4960000000428,19.163219549906092
489.5000000000428,6.673916252908738
489.5040000000428,3.8807610071080467
489.5080000000428,-16.300334715171328
489.5120000000428,-15.034399916481405
489.5160000000428,7.10773818745735
489.5200000000428,1.5844859361528725
489.5240000000428,-4.722011959955898
489.5280000000428,17.12089789254859
489.5320000000428,10.111141330014497
489.5360000000428,0.25750381996826693
489.5400000000428,-0.30365001300769623
489.5440000000428,43.3982492749032
489.5480000000428,18.5775725494898
489.5520000000428,16.49090049586583
489.5560000000428,-10.485989333072444
489.5600000000428,6.241966240796291
489.5640000000428,-6.524947492111033
489.5680000000428,-1.7758444962451092
489.5720000000428,-11.335904894101644
489.5760000000428,27.891594119686303
489.5800000000428,2.286948696929754
489.5840000000428,0.23249170825950882
489.5880000000428,7.861973766399301
489.5920000000428,3.10483759779739
489.5960000000428,-5.149645286350166
489.6000000000428,-6.086165411526348
489.60400000004284,-8.977521713789361
489.6080000000428,-3.4860444220710503
489.6120000000428,-16.045536489874838
489.61600000004285,-2.0410521530644252
489.6200000000428,52.26554476488545
489.6240000000428,9.596960178150429
489.62800000004285,11.940689669177008
489.6320000000428,-4.578779009960286
489.6360000000428,26.096060060843694
489.64000000004285,-5.632011159868501
489.6440000000428,-11.108914364842033
489.6480000000428,-8.005298790877793
489.65200000004285,8.425422820695081
489.6560000000428,8.517536523029719
489.6600000000428,8.21747719264441
489.66400000004285,11.89446729768643
489.6680000000428,5.907564762489023
489.67200000004283,14.992929962173985
489.67600000004285,-16.38428893660897
489.6800000000428,7.180349880744467
489.68400000004283,-38.271069408662534
489.68800000004285,-13.643786177525788
489.6920000000428,5.54556602366929
489.69600000004283,32.84593025248807
489.70000000004285,-9.826635201081878
489.70400000004287,-0.17830610829386195
489.70800000004283,33.555265120898746
489.71200000004285,5.4844209660753265
489.71600000004287,-3.976577065665098
489.72000000004283,5.409528061080365
489.72400000004285,0.2990462361389079
489.72800000004287,6.0410130230532975
489.73200000004283,-21.86008197622928
489.73600000004285,-7.652633268229055
489.74000000004287,-12.431318755489306
489.74400000004283,15.196193962798532
489.74800000004285,-21.020097105725714
489.75200000004287,-21.7705042294984
489.75600000004283,-20.123661154287724
489.76000000004285,3.326300801587257
489.76400000004287,-6.5832674843897685
489.76800000004283,1.4587393044862043
489.77200000004285,-6.625999753793446
489.77600000004287,20.105213658153485
489.78000000004283,6.621125496752596
489.78400000004285,30.90060292719044
489.78800000004287,4.366044202585678
489.79200000004283,-13.348086827301206
489.79600000004285,8.087101639385093
489.80000000004287,18.762304147337826
489.8040000000429,-4.889927001783601
489.80800000004285,-9.786076849789634
489.8120000000429,-1.1987114569630957
489.8160000000429,-15.700065106267948
489.82000000004285,6.286500597988757
489.8240000000429,16.39216826983995
489.8280000000429,-22.736077589835972
489.83200000004285,-7.3326676228789065
489.8360000000429,6.024722743748335
489.8400000000429,-35.73506427342409
489.84400000004285,13.21349451351337
489.8480000000429,6.98695537365123
489.8520000000429,8.699573736027105
489.85600000004285,-18.468333846000807
489.8600000000429,16.435498824038604
489.8640000000429,12.510533933183222
489.86800000004285,8.819560556612181
489.8720000000429,-13.396109322866856
489.8760000000429,9.489145751869454
489.88000000004286,13.105784351381574
489.8840000000429,-27.127374518716223
489.8880000000429,-13.467789992188129
489.89200000004286,17.168770271797598
489.8960000000429,-2.693491267900506
489.9000000000429,-5.358102868559563
489.9040000000429,-9.064482819704981
489.9080000000429,-13.017383101526471
489.9120000000429,-15.071106819318068
489.9160000000429,-1.7526028289810833
489.9200000000429,0.9126380968384917
489.9240000000429,-23.457033877729224
489.9280000000429,35.22678823557314
489.9320000000429,-16.79399751848636
489.9360000000429,16.23771964852322
489.9400000000429,6.9646798228462465
489.9440000000429,29.49869726424558
489.9480000000429,39.8111113889631
489.9520000000429,-14.429881093526053
489.9560000000429,20.617719989980323
489.9600000000429,-4.569931476685567
489.9640000000429,-9.628513222414233
489.9680000000429,7.958304436017087
489.9720000000429,-3.644865553382238
489.9760000000429,6.9252535287709724
489.9800000000429,-24.959568849268035
489.9840000000429,4.771966488999775
489.9880000000429,-7.529247059151793
489.9920000000429,-19.963534847862622
489.9960000000429,-14.719575118849733
490.0000000000429,-3.429518630405122
490.00400000004294,-16.663723451953913
490.0080000000429,-17.501880330415755
490.0120000000429,16.828876030577213
490.01600000004294,-19.383779569920335
490.0200000000429,-5.506249072543209
490.0240000000429,-11.500249674147614
490.02800000004294,25.384278283112998
490.0320000000429,-4.030794643191965
490.0360000000429,-29.838378377884638
490.04000000004294,7.8047297573893735
490.0440000000429,1.9235931618654072
490.0480000000429,-4.051112922959916
490.05200000004294,-9.167440640069582
490.0560000000429,30.365315402941693
490.0600000000429,8.06468954520961
490.06400000004294,32.385036652367965
490.0680000000429,-38.1323401825702
490.0720000000429,-13.877404734539471
490.07600000004294,12.124797177735388
490.0800000000429,10.996487367144539
490.0840000000429,19.10199034700905
490.08800000004294,3.629550110615439
490.0920000000429,30.48935665055764
490.0960000000429,13.264123660267462
490.10000000004294,19.61309008682307
490.10400000004296,-33.75594915742683
490.1080000000429,-11.561867518494793
490.11200000004294,-1.6806383665287337
490.11600000004296,-8.169838642026392
490.1200000000429,2.2967876528749462
490.12400000004294,23.26362752834865
490.12800000004296,-7.930173486521276
490.1320000000429,2.8571762352954635
490.13600000004294,1.6881458772051463
490.14000000004296,12.12189563154773
490.1440000000429,-16.456933772699085
490.14800000004294,-29.06698801630051
490.15200000004296,-22.202560262365115
490.1560000000429,0.4392786689114323
490.16000000004294,-5.458999251096682
490.16400000004296,2.504195382809502
490.1680000000429,4.2804429804399895
490.17200000004294,-8.913414738078618
490.17600000004296,-6.840426045807964
490.1800000000429,8.555449327941277
490.18400000004294,-5.812638572509278
490.18800000004296,-9.703420546413238
490.1920000000429,10.340166837142055
490.19600000004294,2.482724909210761
490.20000000004296,-3.1720731164948766
490.204000000043,29.091053452750007
490.20800000004294,1.7115891854980694
490.21200000004296,-4.659470142805162
490.216000000043,23.42023877162107
490.22000000004294,-20.110807978497917
490.22400000004296,-4.774991170891049
490.228000000043,-23.84012177469981
490.23200000004294,0.4386837334083288
490.23600000004296,-18.049955028008476
490.240000000043,-8.126057087792288
490.24400000004294,32.82601316579711
490.24800000004296,-28.64860680337526
490.252000000043,-3.8478256991895523
490.25600000004295,-18.278092514501424
490.26000000004296,-25.571296400629226
490.264000000043,-8.495596405439318
490.26800000004295,2.6659331202683725
490.27200000004296,6.609683552837788
490.276000000043,12.15297358765708
490.28000000004295,0.6766321053109481
490.28400000004297,-22.033488909126195
490.288000000043,-47.80232362547993
490.29200000004295,7.1574923155978
490.29600000004297,-3.4824519078247036
490.300000000043,24.05648841208748
490.304000000043,24.917571310987235
490.30800000004297,2.930942103176161
490.312000000043,-3.2148209681961113
490.316000000043,-18.372283138563958
490.32000000004297,-6.337453604006695
490.324000000043,-16.427657808268243
490.328000000043,-1.7635192997640807
490.33200000004297,-1.6019109582357656
490.336000000043,0.4097389569552208
490.340000000043,11.652698791789627
490.34400000004297,12.382285027060341
490.348000000043,33.3833399264743
490.352000000043,1.5618296303694619
490.35600000004297,2.491297016450683
490.360000000043,-15.29107276620366
490.364000000043,-12.47387808448863
490.36800000004297,0.5573846487290168
490.372000000043,-10.100901125202396
490.376000000043,-17.795106013735154
490.38000000004297,-21.213612389288343
490.384000000043,12.507377851309917
490.388000000043,-20.50046731135196
490.39200000004297,26.46146943815924
490.396000000043,-3.9855942622608613
490.400000000043,-10.451454753008939
490.404000000043,22.556164062967795
490.408000000043,-19.025347812712674
490.412000000043,-15.983049523733794
490.416000000043,9.473726362079141
490.420000000043,3.5443313877962854
490.424000000043,4.624503657727917
490.428000000043,-36.558466682843765
490.432000000043,-17.471156488275305
490.436000000043,10.958189062312758
490.440000000043,-14.068016775231216
490.444000000043,28.317663844454
490.448000000043,0.8665912626094072
490.45200000004303,8.963208690098572
490.456000000043,-11.791574891659886
490.460000000043,-9.825090027184801
490.46400000004303,3.5658758782716187
490.468000000043,-6.48686996962707
490.472000000043,-5.9382498180414895
490.47600000004303,22.90039152685719
490.480000000043,2.3118867425835115
490.484000000043,6.9416960677498345
490.48800000004303,-7.236033367662057
490.492000000043,-18.885651221579366
490.496000000043,-10.229831699014358
490.50000000004303,-7.777752371300032
490.50400000004305,-15.84199094378034
490.508000000043,-15.167698128880264
490.51200000004303,-6.300166414942546
490.51600000004305,5.642168286683892
490.520000000043,36.317855156998924
490.52400000004303,-24.223589251549768
490.52800000004305,2.919716615294168
490.532000000043,-14.62660771226393
490.53600000004303,6.672328261202571
490.54000000004305,-25.744714110726107
490.544000000043,-12.272881554576468
490.54800000004303,3.7051365830335614
490.55200000004305,-35.86035961609863
490.556000000043,1.563404012681234
490.56000000004303,15.517210336369672
490.56400000004305,3.824827171476062
490.568000000043,18.498422964717324
490.57200000004303,6.148659287251996
490.57600000004305,24.177265064120096
490.580000000043,10.459003322950702
490.58400000004303,-9.825321590981513
490.58800000004305,11.643515488449374
490.592000000043,-7.389768101661864
490.59600000004303,19.0355823425818
490.60000000004305,-30.081701719155156
490.6040000000431,-22.39091124549918
490.60800000004303,-27.19744706333155
490.61200000004305,-3.1476580129788285
490.6160000000431,-29.870961305616973
490.62000000004304,1.285031140079412
490.62400000004305,3.4469990317845953
490.6280000000431,-26.165317553401575
490.63200000004304,6.22171447718363
490.63600000004305,2.8650539058988906
490.6400000000431,10.387598826070914
490.64400000004304,-21.067034921000335
490.64800000004306,-12.030123378139304
490.6520000000431,6.625372723365208
490.65600000004304,-10.20627367671953
490.66000000004306,28.766704232913455
490.6640000000431,2.3925554599494836
490.66800000004304,26.658753655495698
490.67200000004306,24.408925473675833
490.6760000000431,35.897931423189426
490.68000000004304,-2.1379772990678916
490.68400000004306,29.028534892599943
490.6880000000431,-13.86253618545523
490.69200000004304,8.15264357388316
490.69600000004306,2.0966540852531095
490.7000000000431,1.5279627072316126
490.7040000000431,17.426250133093383
490.70800000004306,0.23464016132257082
490.7120000000431,-8.770554650093423
490.7160000000431,-3.2722993559359645
490.72000000004306,6.72976517508038
490.7240000000431,11.751213432494826
490.7280000000431,6.608312875297107
490.73200000004306,10.539324937931003
490.7360000000431,-26.316583959922
490.7400000000431,10.862095460470444
490.74400000004306,-18.49653164718764
490.7480000000431,-4.888598014306157
490.7520000000431,-38.912112265863854
490.75600000004306,4.917433160485796
490.7600000000431,13.156204472740123
490.7640000000431,10.841284219993018
490.76800000004306,-0.05049124895499002
490.7720000000431,5.269209827713727
490.7760000000431,17.033116014237766
490.78000000004306,9.7444161167555
490.7840000000431,4.62962793255667
490.7880000000431,26.563673310728557
490.79200000004306,26.89771155226752
490.7960000000431,-2.255605089504389
490.8000000000431,-0.6980096614921494
490.8040000000431,3.027579915900883
490.8080000000431,45.52201432558001
490.8120000000431,21.592371366794623
490.8160000000431,-4.077848984169438
490.8200000000431,5.246623431303211
490.8240000000431,-0.9666280031133033
490.8280000000431,-36.46601615201153
490.8320000000431,11.724912071078762
490.8360000000431,-16.469806121985002
490.8400000000431,9.982068658252965
490.8440000000431,-43.75268328579388
490.8480000000431,-7.893434467034021
490.8520000000431,-20.845428661815877
490.8560000000431,-24.191397012541056
490.8600000000431,16.12977223067989
490.8640000000431,-12.735800110664194
490.8680000000431,-17.104566803504802
490.8720000000431,-4.235528664172291
490.8760000000431,4.666576521529784
490.8800000000431,-11.365621654804352
490.8840000000431,12.811440310706814
490.8880000000431,16.666247234703153
490.8920000000431,2.5068049231862632
490.8960000000431,-6.112286902356269
490.9000000000431,0.4682480762854846
490.90400000004314,-19.619099098401513
490.9080000000431,37.16064050352388
490.9120000000431,-13.112185248463302
490.91600000004314,-10.501657633721546
490.9200000000431,10.833192397275768
490.9240000000431,-4.0627629446363365
490.92800000004314,-2.67081208897172
490.9320000000431,16.595298101046033
490.9360000000431,17.660904547948714
490.94000000004314,-13.129028854043431
490.9440000000431,25.95353307292509
490.9480000000431,-23.311212688443593
490.95200000004314,-3.1095466466126256
490.9560000000431,1.0341232863689231
490.9600000000431,-5.794677772116469
490.96400000004314,-18.18827434556971
490.9680000000431,-30.899412641954335
490.9720000000431,-18.218238622529164
490.97600000004314,-18.765159680233566
490.9800000000431,-2.4150591774226244
490.9840000000431,-0.05721248567767656
490.98800000004314,-22.466299998746766
490.9920000000431,13.372413798535494
490.9960000000431,-6.367667896343165
491.00000000004314,-13.58219554542591
491.00400000004316,12.025187014194326
491.0080000000431,-10.721723170224797
491.01200000004314,14.495136206894381
491.01600000004316,-8.378214836491605
491.0200000000431,11.242280790536505
491.02400000004315,6.689058973568057
491.02800000004316,2.3583656102828248
491.0320000000431,1.1884876115533696
491.03600000004315,-22.70018427928544
491.04000000004316,-19.16359757506943
491.0440000000431,19.108294875528088
491.04800000004315,7.467952533982309
491.05200000004317,28.20136756048298
491.0560000000431,18.516144366799377
491.06000000004315,-3.410127217667989
491.06400000004317,-7.298300500278315
491.0680000000431,-27.06530876983865
491.07200000004315,-16.691778390387654
491.07600000004317,9.463384425682138
491.0800000000431,-16.449094650158074
491.08400000004315,16.019207475678584
491.08800000004317,28.159105475817057
491.09200000004313,47.1586390070353
491.09600000004315,-8.045689438599183
491.10000000004317,18.619057492519076
491.1040000000432,10.575544118650653
491.10800000004315,-0.28062052463206477
491.11200000004317,25.329940500273683
491.1160000000432,35.265344346752585
491.12000000004315,-10.595034036229952
491.12400000004317,38.814644784022875
491.1280000000432,15.457720058121764
491.13200000004315,15.142028549565252
491.13600000004317,-23.82094869953308
491.1400000000432,8.007055828903793
491.14400000004315,-21.786627622477056
491.14800000004317,-11.319819988517814
491.1520000000432,15.771656791336596
491.15600000004315,14.49060974887657
491.16000000004317,10.690044618159838
491.1640000000432,0.3740296609830107
491.16800000004315,-34.70118350191451
491.17200000004317,-17.577449380504742
491.1760000000432,-14.149369789377033
491.18000000004315,7.095805045465264
491.18400000004317,18.461513557588432
491.1880000000432,-5.769070598302543
491.19200000004315,1.6626245965397812
491.19600000004317,2.215198163712217
491.2000000000432,-24.30458723040382
491.2040000000432,-1.3306456488071794
491.20800000004317,5.948045482004178
491.2120000000432,-12.296465215269336
491.2160000000432,-5.828380986696015
491.22000000004317,7.262708343294961
491.2240000000432,12.562645650653625
491.2280000000432,0.2539639757456297
491.2320000000432,28.545856767005862
491.2360000000432,-1.4659929554222777
491.2400000000432,7.101471380229539
491.2440000000432,-14.083020601763486
491.2480000000432,1.0215317388661729
491.2520000000432,15.029989943515542
491.2560000000432,32.82452924465693
491.2600000000432,7.279077064598594
491.2640000000432,-4.884539798043845
491.2680000000432,-6.8803746547630364
491.2720000000432,-3.0191526778411486
491.2760000000432,54.00613462851257
491.2800000000432,5.141944774325711
491.2840000000432,19.523006004014974
491.2880000000432,9.698249327099457
491.2920000000432,16.0820272473093
491.2960000000432,9.472423131387224
491.3000000000432,10.848912457461921
491.30400000004323,6.4196446107325125
491.3080000000432,-23.787633978762727
491.3120000000432,5.533918519107822
491.31600000004323,-14.289012315614485
491.3200000000432,11.823302794674307
491.3240000000432,-7.113259352484185
491.32800000004323,2.442554860100861
491.3320000000432,-9.989291171877412
491.3360000000432,7.89215099759728
491.34000000004323,-5.496832272417972
491.3440000000432,10.761942951405189
491.3480000000432,15.222652300505354
491.35200000004323,5.977563107380567
491.3560000000432,12.517055315541192
491.3600000000432,5.824027250758588
491.36400000004323,-16.492642247024225
491.3680000000432,7.294267031922659
491.3720000000432,25.436617390709245
491.37600000004323,3.1010049918070965
491.3800000000432,13.452323993109111
491.3840000000432,7.5189177926161275
491.38800000004323,22.558832045179443
491.3920000000432,24.16656209263326
491.3960000000432,6.779150556969855
491.40000000004324,-18.78806626209841
491.40400000004325,13.541585848404784
491.4080000000432,34.88523645158661
491.41200000004324,16.076764524333342
491.41600000004325,12.01783173634562
491.4200000000432,0.6629981376446796
491.42400000004324,2.755008120691701
491.42800000004326,-2.376912694140242
491.4320000000432,-8.782080260286204
491.43600000004324,7.152565100885867
491.44000000004326,25.659554452858792
491.4440000000432,17.722356909785372
491.44800000004324,7.705773467652578
491.45200000004326,10.04929969636901
491.4560000000432,-30.576420387733457
491.46000000004324,-46.74995563863901
491.46400000004326,-2.6170606747299394
491.4680000000432,-10.20226638461166
491.47200000004324,-15.576782201841105
491.47600000004326,-1.059671842339268
491.4800000000432,-11.088373685107014
491.48400000004324,-15.408617684511157
491.48800000004326,14.207927321898309
491.4920000000432,-22.733250559254373
491.49600000004324,-11.834022228579123
491.50000000004326,-2.614877697582018
491.5040000000433,18.635944851728656
491.50800000004324,5.329634829937157
491.51200000004326,-26.52018008281457
491.5160000000433,-22.96311622743333
491.52000000004324,0.7801513038649204
491.52400000004326,11.013853473341284
491.5280000000433,6.949780238094148
491.53200000004324,-0.7277978500014823
491.53600000004326,14.80485181147733
491.5400000000433,-8.711451154046445
491.54400000004324,-11.338255773129777
491.54800000004326,0.8085647545055745
491.5520000000433,-7.401386936807201
491.55600000004324,4.736264779506151
491.56000000004326,-3.037718585057143
491.5640000000433,-8.820133942580412
491.56800000004324,-31.88722847608877
491.57200000004326,-8.5614991110408
491.5760000000433,-9.484211695439901
491.58000000004324,10.644389686497362
491.58400000004326,-21.751574311711703
491.5880000000433,14.38807653833489
491.59200000004324,-8.321565210462829
491.59600000004326,5.498949161363473
491.6000000000433,4.234494445943008
491.6040000000433,8.28970817460672
491.60800000004326,17.533510546541986
491.6120000000433,-1.6880252282309862
491.6160000000433,-23.081082802499946
491.62000000004326,-4.03606645185065
491.6240000000433,-1.9600617583808735
491.6280000000433,-6.132981937893661
491.63200000004326,24.640815634424094
491.6360000000433,6.227124325759658
491.6400000000433,-28.00923044008629
491.64400000004326,12.33775903524725
491.6480000000433,-18.79107791269731
491.6520000000433,2.9679438531274664
491.65600000004326,-16.419129354242088
491.6600000000433,23.173619950626726
491.6640000000433,-16.944666185673398
491.66800000004326,33.457973457979726
491.6720000000433,-5.717551394969075
491.6760000000433,6.726338714038395
491.68000000004326,-29.8127226006373
491.6840000000433,-16.319211508214927
491.6880000000433,-7.255241434847572
491.69200000004327,-0.01971813564511926
491.6960000000433,11.963675055249052
491.7000000000433,-4.8083009492232485
491.7040000000433,-0.6802638207334618
491.7080000000433,-0.9116250029888322
491.7120000000433,-6.2589133408942
491.7160000000433,-4.977249294101008
491.7200000000433,7.154239895192508
491.7240000000433,-6.825303123056489
491.7280000000433,28.917583569950455
491.7320000000433,15.885646982813787
491.7360000000433,-22.44568221053705
491.7400000000433,4.898447800342037
491.7440000000433,26.358512655448234
491.7480000000433,-7.7479211269000245
491.7520000000433,12.697565589449145
491.7560000000433,20.365557638994492
491.7600000000433,6.5527338796097645
491.7640000000433,-5.2943763691736585
491.7680000000433,0.5035451338598936
491.7720000000433,-18.124338048455336
491.7760000000433,-9.57747839788438
491.7800000000433,-14.581615433508329
491.7840000000433,4.608786500523063
491.7880000000433,36.30760293967822
491.7920000000433,5.481613973618788
491.7960000000433,-26.28917201270934
491.8000000000433,-3.6374137682434586
491.80400000004335,0.8285499006283261
491.8080000000433,-3.8585226069915626
491.8120000000433,-24.047507126905238
491.81600000004335,21.63772584444879
491.8200000000433,-6.474482123305723
491.8240000000433,16.330108154705517
491.82800000004335,10.956311351042286
491.8320000000433,-4.22474567401556
491.8360000000433,2.5414681043752267
491.84000000004335,-5.446697104187822
491.8440000000433,-0.869488453641738
491.8480000000433,35.70976284762674
491.85200000004335,22.530558343196883
491.8560000000433,-26.19718098114269
491.8600000000433,4.851020038349572
491.86400000004335,14.423111311407947
491.8680000000433,-9.423271636402475
491.87200000004333,15.797873478838804
491.87600000004335,3.21116925219905
491.8800000000433,24.970122632159914
491.88400000004333,8.457829508187864
491.88800000004335,-6.4952826162044515
491.8920000000433,13.278455877795139
491.89600000004333,-21.248328550312483
491.90000000004335,-16.97540350931058
491.90400000004337,-5.178549445213135
491.90800000004333,5.651315271781417
491.91200000004335,-20.521247309187412
491.91600000004337,4.1363581488275525
491.92000000004333,6.118356041174974
491.92400000004335,-13.986772121154623
491.92800000004337,-22.60064057326286
491.93200000004333,-6.306841466617233
491.93600000004335,-10.839410231026877
491.94000000004337,13.299813017616708
491.94400000004333,-12.286223997966465
491.94800000004335,-7.606046785829314
491.95200000004337,3.7341143983278604
491.95600000004333,-36.39051737562582
491.96000000004335,-14.929955555422147
491.96400000004337,6.132576576889461
491.96800000004333,19.91381640660064
491.97200000004335,17.239503354299217
491.97600000004337,-0.3227552147236077
491.98000000004333,17.360289414903615
491.98400000004335,-3.6363390386931864
491.98800000004337,-29.1604746029302
491.99200000004333,-23.038212672808513
491.99600000004335,-14.758650449047629
492.00000000004337,22.01818050989591
492.0040000000434,-34.687840142780864
492.00800000004335,-30.706952994325388
492.0120000000434,-6.543486002129959
492.0160000000434,22.749080079774693
492.02000000004335,13.503348417789903
492.0240000000434,17.321906588678832
492.0280000000434,-0.7228789063940257
492.03200000004335,2.6803388824507755
492.0360000000434,7.561764134854044
492.0400000000434,-3.582596013187474
492.04400000004335,41.824684910632214
492.0480000000434,15.345501313884508
492.0520000000434,10.303546964983902
492.05600000004335,-2.2850055972060144
492.0600000000434,-8.63090155368175
492.0640000000434,-3.342912420689778
492.06800000004336,-38.10981334043081
492.0720000000434,-3.2739649158080337
492.0760000000434,16.680498456685694
492.08000000004336,-4.107142143530493
492.0840000000434,6.297834179678153
492.0880000000434,-7.885410276053937
492.09200000004336,5.2824242902920835
492.0960000000434,11.023027001230679
492.1000000000434,16.014058542170012
492.1040000000434,10.14439776997257
492.1080000000434,23.633133180918637
492.1120000000434,-11.963989710204345
492.1160000000434,-8.706264328764718
492.1200000000434,21.087935501516498
492.1240000000434,9.085354975362304
492.1280000000434,0.8327626354796884
492.1320000000434,-18.839442152255327
492.1360000000434,-8.780899323430146
492.1400000000434,-23.151866219870545
492.1440000000434,-2.338641057314195
492.1480000000434,4.576436801499323
492.1520000000434,-0.5848095217059741
492.1560000000434,18.429761605624815
492.1600000000434,-16.9799805991167
492.1640000000434,3.2850353058797617
492.1680000000434,-1.5103246127650363
492.1720000000434,-13.183029133663684
492.1760000000434,5.65629137896066
492.1800000000434,18.131258844864085
492.1840000000434,-15.21619248832861
492.1880000000434,-8.064453849450842
492.1920000000434,20.519396281418874
492.1960000000434,-41.609288513914954
492.2000000000434,-1.3772101761968218
492.20400000004344,-11.214767093601541
492.2080000000434,-2.152670593689681
492.2120000000434,0.5883250718029704
492.21600000004344,12.662171447173723
492.2200000000434,3.6160808024385123
492.2240000000434,5.364963127790145
492.22800000004344,27.892769234056583
492.2320000000434,-5.360671209085138
492.2360000000434,-9.54674214189537
492.24000000004344,7.075558611914477
492.2440000000434,17.21442762888249
492.2480000000434,9.274309327548055
492.25200000004344,7.026602841025873
492.2560000000434,13.234589730567237
492.2600000000434,-50.71870148749241
492.26400000004344,22.801538978596795
492.2680000000434,-11.309668942304524
492.2720000000434,-5.01327230259878
492.27600000004344,31.27404345318279
492.2800000000434,28.17719898490672
492.2840000000434,2.4476885090532567
492.28800000004344,14.696048267521334
492.2920000000434,6.568761233307668
492.2960000000434,-16.6888737335137
492.30000000004344,20.553899085777488
492.30400000004346,12.83952348441995
492.3080000000434,-2.8300073133839674
492.31200000004344,14.613913248067139
492.31600000004346,-6.388283679946002
492.3200000000434,9.257873583616261
492.32400000004344,-9.602247601893072
492.32800000004346,3.3000607653928755
492.3320000000434,33.99952561374491
492.33600000004344,-14.564578569047988
492.34000000004346,-23.274288575288935
492.3440000000434,11.724469015123066
492.34800000004344,9.470324008846065
492.35200000004346,1.601352394107313
492.3560000000434,-21.75934017158233
492.36000000004344,1.177716854309652
492.36400000004346,0.382692417989672
492.3680000000434,27.035439774538776
492.37200000004344,3.285474796046503
492.37600000004346,4.507039385944837
492.3800000000434,10.852747934554428
492.38400000004344,-6.627225342684896
492.38800000004346,-16.847564921716142
492.3920000000434,27.098594831584553
492.39600000004344,-2.3214010935055436
492.40000000004346,-11.705278551022783
492.4040000000435,16.031679265225943
492.40800000004344,-24.185699772581113
492.41200000004346,-37.097479943983274
492.4160000000435,-10.799152683456791
492.42000000004344,4.581281057800218
492.42400000004346,-1.2404304570824496
492.4280000000435,0.1336488592349545
492.43200000004344,-0.1598498676254314
492.43600000004346,-15.535576307251976
492.4400000000435,9.240656650455135
492.44400000004345,1.6557502790132128
492.44800000004346,22.958916764787254
492.4520000000435,-9.515669266097117
492.45600000004345,10.306786813332083
492.46000000004346,17.413263229607207
492.4640000000435,6.21624424672579
492.46800000004345,-17.324582895229987
492.47200000004347,-1.2964274251319923
492.4760000000435,-7.1442248768491785
492.48000000004345,-11.509622390137716
492.48400000004347,-7.615652359072847
492.4880000000435,12.577865061222694
492.49200000004345,1.5294260313626118
492.49600000004347,-4.782412961559207
492.5000000000435,-4.141351997117992
492.5040000000435,13.799545752189452
492.50800000004347,-37.49557403087779
492.5120000000435,-10.765543241965133
492.5160000000435,-13.258400152129125
492.52000000004347,16.105960934636638
492.5240000000435,-19.092510359860665
492.5280000000435,37.98369784626624
492.53200000004347,-26.4311287935464
492.5360000000435,-3.918193893489503
492.5400000000435,15.83003455707535
492.54400000004347,3.920221998588681
492.5480000000435,-28.844944887155638
492.5520000000435,14.825872442407208
492.55600000004347,-29.707750935923407
492.5600000000435,5.7432880719673
492.5640000000435,-13.38350692005935
492.56800000004347,4.3276739324690245
492.5720000000435,-31.40713711298815
492.5760000000435,3.5964184554718037
492.58000000004347,-15.257381298294527
492.5840000000435,0.8403483860069302
492.5880000000435,-29.824360104219984
492.59200000004347,32.97261941908744
492.5960000000435,-15.277989393118155
492.6000000000435,-25.565933246613035
492.6040000000435,-14.085529580706984
492.6080000000435,4.867255316045533
492.6120000000435,18.427442614802164
492.6160000000435,15.994423082274057
492.6200000000435,11.901253559779281
492.6240000000435,15.776538299393891
492.6280000000435,-3.6490928363733555
492.6320000000435,12.428323613472813
492.6360000000435,14.712528646357924
492.6400000000435,-34.052698085138005
492.6440000000435,-0.1769647409752204
492.6480000000435,22.435080011546738
492.65200000004353,1.3117007184085043
492.6560000000435,28.872343753359985
492.6600000000435,4.265780482288184
492.66400000004353,0.15660432001648872
492.6680000000435,-16.953958821493945
492.6720000000435,3.7419156485029568
492.67600000004353,10.64598101264586
492.6800000000435,0.9402488378297701
492.6840000000435,29.660121646283553
492.68800000004353,-31.14692602289719
492.6920000000435,18.636643462848294
492.6960000000435,-1.0866860997789898
492.70000000004353,-5.35870463422533
492.70400000004355,-11.838367488115171
492.7080000000435,9.371422595702192
492.71200000004353,-5.887678754963618
492.71600000004355,2.239069659385693
492.7200000000435,-7.982468087882854
492.72400000004353,3.1028734780693368
492.72800000004355,11.592170597999846
492.7320000000435,-12.734960487117478
492.73600000004353,-3.0794570047175807
492.74000000004355,7.900974935870623
492.7440000000435,0.4357752109040158
492.74800000004353,2.9591858725913855
492.75200000004355,-21.284374196805484
492.7560000000435,-19.746248103182808
492.76000000004353,11.253702179972919
492.76400000004355,-5.514618756258645
492.7680000000435,-1.982602157573207
492.77200000004353,23.91354236658215
492.77600000004355,-13.899159669313358
492.7800000000435,33.35674763842635
492.78400000004353,-7.073904180714354
492.78800000004355,-1.142847773661603
492.7920000000435,13.008288661798492
492.79600000004353,-1.9821164754970682
492.80000000004355,31.48323468375725
492.8040000000436,-0.025232392559178196
492.80800000004353,-24.593505424089898
492.81200000004355,-18.276341741869587
492.8160000000436,7.977685726297091
492.82000000004354,-12.041975723036542
492.82400000004355,13.148495856470968
492.8280000000436,11.23406387275973
492.83200000004354,1.5734203925418202
492.83600000004355,3.7329509043530735
492.8400000000436,-30.40049004528269
492.84400000004354,20.78479741550532
492.84800000004356,-9.472637744443372
492.8520000000436,14.643217892361644
492.85600000004354,0.8674686287839724
492.86000000004356,-4.314933900750938
492.8640000000436,16.580466930904187
492.86800000004354,16.468478314350506
492.87200000004356,3.432115769724537
492.8760000000436,27.9251521779649
492.88000000004354,13.919941389007452
492.88400000004356,-11.044416430546697
492.8880000000436,-3.091177958915259
492.89200000004354,7.164096420723295
492.89600000004356,-13.577839462770909
492.9000000000436,33.24456924412911
492.9040000000436,-6.238202474764548
492.90800000004356,9.036816290899575
492.9120000000436,-47.47857669696855
492.9160000000436,18.712832199900948
492.92000000004356,7.462958763252752
492.9240000000436,-6.974035030536094
492.9280000000436,-1.9521634694811965
492.93200000004356,14.516310596066704
492.9360000000436,4.3479736089298795
492.9400000000436,12.996686923670337
492.94400000004356,15.379434082486842
492.9480000000436,-32.57036701776654
492.9520000000436,3.9392342243825738
492.95600000004356,-4.809239166811322
492.9600000000436,-14.43876370792185
492.9640000000436,-16.013105439486
492.96800000004356,-0.8347124924150621
492.9720000000436,-12.97059205806673
492.9760000000436,19.84068081400552
492.98000000004356,-16.46233773948636
492.9840000000436,-15.569561100695992
492.9880000000436,-15.60598951093485
492.99200000004356,-5.836604449273603
492.9960000000436,29.350140716906814
493.0000000000436,-10.610949025057018
493.0040000000436,-2.843191236790072
493.0080000000436,22.408568985617983
493.0120000000436,7.253687509310527
493.0160000000436,-25.968826250385334
493.0200000000436,38.295200299444694
493.0240000000436,5.759612606502975
493.0280000000436,-4.246979132255712
493.0320000000436,6.980809082371513
493.0360000000436,-29.4670270995774
493.0400000000436,-28.39454399126211
493.0440000000436,1.51791710168363
493.0480000000436,0.4162863366829245
493.0520000000436,22.773743848328223
493.0560000000436,31.42996890183744
493.0600000000436,-15.082592717747795
493.0640000000436,20.730556680731677
493.0680000000436,20.87771752556877
493.0720000000436,-6.396940399384409
493.0760000000436,34.146401288747626
493.0800000000436,12.849480901164142
493.0840000000436,-5.215829640959534
493.0880000000436,-7.253532507593607
493.0920000000436,-12.632298130041898
493.0960000000436,-30.885636165182703
493.1000000000436,-5.099123536783003
493.10400000004364,-34.165188003360846
493.1080000000436,8.655233412380118
493.1120000000436,-1.2981010496803869
493.11600000004364,-5.095708104255294
493.1200000000436,-1.8173989588092259
493.1240000000436,13.112710258217733
493.12800000004364,-2.28326597873997
493.1320000000436,29.91909940885251
493.1360000000436,-2.4335608012923062
493.14000000004364,-32.71174854973094
493.1440000000436,11.152938922264106
493.1480000000436,0.7741971127167857
493.15200000004364,-3.6576138779329033
493.1560000000436,-28.108537674927383
493.1600000000436,17.594396513304865
493.16400000004364,4.773957415653023
493.1680000000436,-25.020206806136866
493.1720000000436,15.391624840456002
493.17600000004364,-16.700669840326576
493.1800000000436,-11.121711968393422
493.1840000000436,-4.814022136528223
493.18800000004364,-40.54510313211246
493.1920000000436,1.7906267399170994
493.1960000000436,5.42345422250741
493.20000000004364,-7.317457306382308
493.20400000004366,14.020145219698874
493.2080000000436,-6.703135393540297
493.21200000004364,-13.955081295027659
493.21600000004366,-40.04033869891933
493.2200000000436,21.658276428747353
493.22400000004365,12.199833698864282
493.22800000004366,17.633894972081002
493.2320000000436,3.545065575522719
493.23600000004365,8.206200713768363
493.24000000004366,6.971147172772641
493.2440000000436,-8.014777654859415
493.24800000004365,27.76731787097342
493.25200000004367,21.782788538306438
493.2560000000436,-32.82166944791841
493.26000000004365,-23.21129737948931
493.26400000004367,-1.650240235698734
493.2680000000436,-11.292957760030403
493.27200000004365,-8.32427821298359
493.27600000004367,3.244785452485286
493.28000000004363,4.507368821406936
493.28400000004365,-6.482350013409782
493.28800000004367,10.07490502263665
493.29200000004363,-15.821112777634301
493.29600000004365,20.940434800766862
493.30000000004367,-4.244841749999087
493.3040000000437,13.1559079052255
493.30800000004365,14.720195119286279
493.31200000004367,-0.4287244047867892
493.3160000000437,-5.255286119939389
493.32000000004365,-13.161408127998708
493.32400000004367,-10.513203376216136
493.3280000000437,18.4844444876098
493.33200000004365,16.045919795295994
493.33600000004367,-6.135507659487278
493.3400000000437,10.883701276064718
493.34400000004365,-7.680554475141639
493.34800000004367,-9.714349512798153
493.3520000000437,-21.900776267096127
493.35600000004365,10.087030410973513
493.36000000004367,4.7807410178962755
493.3640000000437,5.569996618055718
493.36800000004365,-9.28672552625498
493.37200000004367,-20.800632787594445
493.3760000000437,4.510771253842927
493.38000000004365,-18.148182970346948
493.38400000004367,21.98338194768172
493.3880000000437,1.6910077300603743
493.39200000004365,-10.676360194392199
493.39600000004367,13.952840644029992
493.4000000000437,-11.99421131385554
493.4040000000437,-1.8252989369359
493.40800000004367,18.006847772383626
493.4120000000437,8.946995724971211
493.4160000000437,-10.074666836158569
493.4200000000437,11.997304017242545
493.4240000000437,13.764372753110433
493.4280000000437,13.849171519161446
493.4320000000437,0.4334297246367369
493.4360000000437,-6.2315412890456425
493.4400000000437,-4.501013788553616
493.4440000000437,6.791429487155014
493.4480000000437,1.581048504941017
493.4520000000437,8.503398949920713
493.4560000000437,-18.27016505933335
493.4600000000437,11.373210243685575
493.4640000000437,0.09651433487555805
493.4680000000437,-12.782006724583168
493.4720000000437,12.418371876158119
493.4760000000437,-15.596438196833926
493.4800000000437,5.032595540932934
493.4840000000437,-20.39625250325172
493.4880000000437,-2.4862412653613735
493.4920000000437,-1.3569999785079698
493.4960000000437,35.17221102089689
493.5000000000437,9.380852421970678
493.50400000004373,-20.847190949362183
493.5080000000437,-18.84646850732972
493.5120000000437,1.9192334842051035
493.51600000004373,-4.08585436277707
493.5200000000437,-3.405120965875371
493.5240000000437,-0.4940817976683305
493.52800000004373,-25.519646377581534
493.5320000000437,-10.297122919284197
493.5360000000437,7.575586871826148
493.54000000004373,-5.775345046725585
493.5440000000437,3.2517558926486245
493.5480000000437,6.2163453701453
493.55200000004373,1.6327017963829586
493.5560000000437,-8.925173056601249
493.5600000000437,-27.346265678022036
493.56400000004373,-14.464771657244219
493.5680000000437,17.82345549871471
493.5720000000437,-18.759294118243467
493.57600000004373,-13.339976493101371
493.5800000000437,8.635307728998926
493.5840000000437,47.03888710828536
493.58800000004373,-5.493063528150599
493.5920000000437,-14.015752101796659
493.5960000000437,21.118274196639334
493.60000000004374,4.822847349484396
493.60400000004375,-13.473985914253525
493.6080000000437,-33.54631568038537
493.61200000004374,-16.72440092511907
493.61600000004375,-1.2269716305442628
493.6200000000437,-8.662340467147079
493.62400000004374,20.71668224503939
493.62800000004376,-19.148967596902946
493.6320000000437,-16.85420289679117
493.63600000004374,3.694001116322227
493.64000000004376,2.1297359989106397
493.6440000000437,6.799207258591694
493.64800000004374,-34.6608395147176
493.65200000004376,-13.557915240362465
493.6560000000437,-33.17116286166437
493.66000000004374,4.550321297380721
493.66400000004376,28.13507604452092
493.6680000000437,-28.197228030654248
493.67200000004374,22.923224619338196
493.67600000004376,-19.3641593657932
493.6800000000437,-9.285660987932303
493.68400000004374,1.2292925880422745
493.68800000004376,5.610622350929881
493.6920000000437,-17.990693996911858
493.69600000004374,-30.988345124233522
493.70000000004376,25.83010984989617
493.7040000000438,4.560409145694301
493.70800000004374,9.095308978204338
493.71200000004376,-13.245808623278108
493.7160000000438,0.60810647843374
493.72000000004374,-11.008925178688957
493.72400000004376,-34.10311680719232
493.7280000000438,14.261144906327635
493.73200000004374,-28.71194510348258
493.73600000004376,9.243442659054097
493.7400000000438,-3.326675715423381
493.74400000004374,-11.520109400957633
493.74800000004376,22.915969097083682
493.7520000000438,-6.716693907825481
493.75600000004374,-7.1377732053585135
493.76000000004376,-12.698799787561754
493.7640000000438,-12.851213674802
493.76800000004374,-32.20190108376498
493.77200000004376,-22.647329026454315
493.7760000000438,-17.598905307116738
493.78000000004374,-8.760723345432472
493.78400000004376,28.60969977507479
493.7880000000438,-5.533821425337564
493.79200000004374,-17.430775049882328
493.79600000004376,-2.086814120907941
493.8000000000438,-8.416552851731554
493.8040000000438,2.407327116865053
493.80800000004376,-10.583583400683839
493.8120000000438,-29.092062160148295
493.8160000000438,2.377952209624983
493.82000000004376,-21.816002939191875
493.8240000000438,2.9463686894886667
493.8280000000438,1.331303198056537
493.83200000004376,-19.397440554544303
493.8360000000438,13.132736182812424
493.8400000000438,11.42138122425468
493.84400000004376,27.97944583332001
493.8480000000438,-3.0883871172054205
493.8520000000438,12.840601574371254
493.85600000004376,2.770287615765268
493.8600000000438,3.8653904454570136
493.8640000000438,-8.277824177900735
493.86800000004376,8.126932161078633
493.8720000000438,-13.802843359536542
493.8760000000438,-38.73832031444338
493.88000000004376,-13.006780062937798
493.8840000000438,-1.4256146209268608
493.8880000000438,-17.447772504778243
493.89200000004377,1.6020806724830445
493.8960000000438,3.4718303841651568
493.9000000000438,4.786829607622821
493.9040000000438,-14.780259702028303
493.9080000000438,-12.625110908236483
493.9120000000438,26.193227274164393
493.9160000000438,22.86665204481488
493.9200000000438,24.23863768887238
493.9240000000438,-40.62728888876714
493.9280000000438,-20.749661376709852
493.9320000000438,-4.365268470608983
493.9360000000438,-6.533464945621259
493.9400000000438,9.706978702784928
493.9440000000438,-18.31900643482801
493.9480000000438,9.539185560958774
493.9520000000438,7.137432043363747
493.9560000000438,2.232709033301459
493.9600000000438,11.689885957601803
493.9640000000438,37.57838394081394
493.9680000000438,-0.816050672462421
493.9720000000438,33.205223236351394
493.9760000000438,13.271968867175255
493.9800000000438,-5.142059484895243
493.9840000000438,-11.683260390749481
493.9880000000438,35.58625564184078
493.9920000000438,-7.936659279640274
493.9960000000438,-2.9768027539695727
494.0000000000438,-7.999782953180098
494.00400000004385,3.7790811159040936
494.0080000000438,2.8045085319167353
494.0120000000438,-2.824985634337704
494.01600000004385,16.572009520955483
494.0200000000438,19.68743437640305
494.0240000000438,-0.8759669464258261
494.02800000004385,-12.625625079618558
494.0320000000438,-16.973873545911704
494.0360000000438,-18.245367856285124
494.04000000004385,17.611033124683974
494.0440000000438,-1.2237346884844986
494.0480000000438,16.114229698300154
494.05200000004385,-30.048075933122533
494.0560000000438,23.038726507763684
494.06000000004383,-5.845153425290294
494.06400000004385,-0.010740354488789128
494.0680000000438,18.013727249113785
494.07200000004383,9.091131308136479
494.07600000004385,18.013021123118286
494.0800000000438,-19.60353008580416
494.08400000004383,-9.106488572719968
494.08800000004385,2.2525193884630457
494.0920000000438,7.147550531889721
494.09600000004383,-18.071652080271797
494.10000000004385,-8.741692404290779
494.10400000004387,7.706296011028906
494.10800000004383,-8.79763786101989
494.11200000004385,-0.5560514898450384
494.11600000004387,-5.0812773504710504
494.12000000004383,11.126714358459783
494.12400000004385,-13.10863292969783
494.12800000004387,0.3440419460521904
494.13200000004383,10.70353163940442
494.13600000004385,-2.1130382509831116
494.14000000004387,-3.1824013059299796
494.14400000004383,-6.988499090722184
494.14800000004385,7.279878754519567
494.15200000004387,18.251473068513626
494.15600000004383,-3.2728807283430417
494.16000000004385,7.2812895948798015
494.16400000004387,20.216999606810962
494.16800000004383,1.7837780448739613
494.17200000004385,-13.80151519255361
494.17600000004387,-7.045991777432503
494.18000000004383,-32.826842613496154
494.18400000004385,-28.482233320682926
494.18800000004387,26.745882256264945
494.19200000004383,-23.02383677894425
494.19600000004385,31.459018273999906
494.2000000000439,-10.59385151233122
494.2040000000439,-3.5270594180117816
494.20800000004385,26.003790291173274
494.2120000000439,-0.8519991624776477
494.2160000000439,-23.956633673566195
494.22000000004385,-23.481158802616722
494.2240000000439,-35.76412084980371
494.2280000000439,6.299383014445431
494.23200000004385,-18.942984889804478
494.2360000000439,3.8218016050841483
494.2400000000439,4.126322907803748
494.24400000004385,2.4320220053965906
494.2480000000439,-24.083087579504504
494.2520000000439,34.72170996566933
494.25600000004385,-17.49984008801649
494.2600000000439,-18.72588625253968
494.2640000000439,-5.716488871065382
494.26800000004386,21.091224340761077
494.2720000000439,-0.0374582689456473
494.2760000000439,-18.33535151958195
494.28000000004386,20.0341803064998
494.2840000000439,-4.231937255525691
494.2880000000439,27.26063302940576
494.29200000004386,-16.36004141240612
494.2960000000439,-5.550636407321363
494.3000000000439,4.12664064549009
494.3040000000439,-41.89374845593248
494.3080000000439,-2.675132823379978
494.3120000000439,0.047523952553513826
494.3160000000439,20.94951814478875
494.3200000000439,-22.98294965657933
494.3240000000439,3.7702093244183654
494.3280000000439,0.1578828641645993
494.3320000000439,22.30400274972642
494.3360000000439,11.356930870071679
494.3400000000439,38.57504024776607
494.3440000000439,-22.23610893117929
494.3480000000439,-27.043517222407157
494.3520000000439,-9.83764565969202
494.3560000000439,60.59082386395212
494.3600000000439,-1.292507516363342
494.3640000000439,4.284640065333465
494.3680000000439,1.6815977575891616
494.3720000000439,33.980065449174184
494.3760000000439,-4.3301144531422455
494.3800000000439,21.31005263631565
494.3840000000439,22.264449769495435
494.3880000000439,1.8437121922236364
494.3920000000439,14.86866903264909
494.3960000000439,-2.1903079443220226
494.4000000000439,-5.451924881795485
494.40400000004394,-0.38899508873544164
494.4080000000439,29.183562729995423
494.4120000000439,10.408797266535508
494.41600000004394,2.8350331399437363
494.4200000000439,-20.48698847930946
494.4240000000439,-1.9317746013734372
494.42800000004394,4.6010097919813635
494.4320000000439,4.908284871264504
494.4360000000439,8.87877927031744
494.44000000004394,27.000783901366056
494.4440000000439,-18.508503925359445
494.4480000000439,7.153067803216534
494.45200000004394,7.974308287658886
494.4560000000439,24.825459044647094
494.4600000000439,-3.4763155032583324
494.46400000004394,5.804248031692789
494.4680000000439,-6.64485634794192
494.4720000000439,23.030087408618407
494.47600000004394,14.698941143321473
494.4800000000439,-5.10646306082761
494.4840000000439,-10.983192809442627
494.48800000004394,-29.93814399702748
494.4920000000439,22.46644105348687
494.4960000000439,15.083692851233796
494.50000000004394,21.20408512156604
494.50400000004396,6.346942442834496
494.5080000000439,-21.022196979793303
494.51200000004394,12.044378837505457
494.51600000004396,4.162739182249885
494.5200000000439,-7.423242980414642
494.52400000004394,19.461657975977666
494.52800000004396,-3.078262847521299
494.5320000000439,4.445885413195623
494.53600000004394,15.802705265860807
494.54000000004396,2.834061547510183
494.5440000000439,33.113002370517144
494.54800000004394,-9.873539557473482
494.55200000004396,10.655091449563564
494.5560000000439,15.480738168204557
494.56000000004394,-2.171594788863617
494.56400000004396,-7.232998241309203
494.5680000000439,18.38992393355744
494.57200000004394,-4.629040143104641
494.57600000004396,17.980960122058427
494.5800000000439,20.6052320211358
494.58400000004394,14.62604435799437
494.58800000004396,-4.283391808008501
494.5920000000439,-17.060410434688702
494.59600000004394,32.147726895998076
494.60000000004396,10.381790156495631
494.604000000044,-8.731714734393892
494.60800000004394,8.362915216442476
494.61200000004396,27.182025585728663
494.616000000044,-16.932475576020558
494.62000000004394,4.527855800080381
494.62400000004396,-8.503194527600582
494.628000000044,58.5037612181808
494.63200000004394,-15.481299813570072
494.63600000004396,-3.2921778768938994
494.640000000044,-10.488519617766471
494.64400000004395,2.2823041417006737
494.64800000004396,22.959469635634076
494.652000000044,10.371174752455794
494.65600000004395,38.434731655058066
494.66000000004396,-6.41718842682889
494.664000000044,24.801411983783503
494.66800000004395,-10.119280962826597
494.67200000004397,-1.0037701673538217
494.676000000044,-29.717105972413993
494.68000000004395,-29.004756297550966
494.68400000004397,-3.239986577645813
494.688000000044,2.8707635194795635
494.69200000004395,-6.688950863249591
494.69600000004397,9.541542692814582
494.700000000044,0.33817819644283187
494.704000000044,22.16481155130465
494.70800000004397,-10.023199218453355
494.712000000044,18.88189628121007
494.716000000044,-34.71993078127676
494.72000000004397,-6.770872739319087
494.724000000044,-32.59594807751343
494.728000000044,-13.990041754846473
494.73200000004397,-16.65558701791166
494.736000000044,-14.88490976224158
494.740000000044,18.409629383031408
494.74400000004397,-4.831469749867214
494.748000000044,-12.889065094035557
494.752000000044,12.440572815583053
494.75600000004397,-7.378264182524841
494.760000000044,9.861376193694573
494.764000000044,-6.6106296419124355
494.76800000004397,-12.808016310652828
494.772000000044,3.3348936810267724
494.776000000044,7.47907627951708
494.78000000004397,-14.95857215467428
494.784000000044,3.144472665562215
494.788000000044,10.598811830347985
494.79200000004397,19.047863980139468
494.796000000044,-9.595892661728275
494.800000000044,-3.986376121764253
494.804000000044,3.5851508477526197
494.808000000044,4.17569718517207
494.812000000044,2.585619457179
494.816000000044,14.980489119115711
494.820000000044,-0.45048838394660917
494.824000000044,-29.766588559174906
494.828000000044,-7.793327031444674
494.832000000044,34.87028949125074
494.836000000044,5.294128927809379
494.84000000004403,6.353209118927364
494.844000000044,23.151982335948336
494.848000000044,5.235819217782251
494.85200000004403,-30.446309131128494
494.856000000044,-13.990088801482853
494.860000000044,5.83704871200727
494.86400000004403,17.771860203038027
494.868000000044,8.298103136317293
494.872000000044,-14.41725869438128
494.87600000004403,14.492539528161297
494.880000000044,20.609034018259372
494.884000000044,-32.2321044626996
494.88800000004403,-17.12570741046219
494.892000000044,-7.688337482308587
494.896000000044,10.584990612416876
494.90000000004403,-8.878886898141404
494.90400000004405,-12.473710042319645
494.908000000044,-15.91859712426984
494.91200000004403,0.708939648521083
494.91600000004405,-9.98973235337134
494.920000000044,11.57131761249739
494.92400000004403,0.6749659291394168
494.92800000004405,-19.73792676181142
494.932000000044,-25.719202922306856
494.93600000004403,-5.3009786667313294
494.94000000004405,-3.653235883841573
494.944000000044,-0.45720531678852616
494.94800000004403,-10.074386824906675
494.95200000004405,-1.153036518754294
494.956000000044,-5.492594296965393
494.96000000004403,11.890246319322532
494.96400000004405,3.2428254801849663
494.968000000044,12.70202325443725
494.97200000004403,2.095835795440575
494.97600000004405,9.195859997226862
494.980000000044,-27.737499907928548
494.98400000004403,-5.252659788653537
494.98800000004405,4.426044323761541
494.992000000044,-17.35328736974428
494.99600000004403,-7.315974271160971
495.00000000004405,13.156153115509644
495.0040000000441,-11.877454142648538
495.00800000004404,-10.506001888295645
495.01200000004405,0.945374456766976
495.0160000000441,9.561004769899473
495.02000000004404,7.823185380995878
495.02400000004405,-6.379796102068676
495.0280000000441,-9.791472567775049
495.03200000004404,-19.967491862586982
495.03600000004406,-25.38816841056279
495.0400000000441,-18.470654817054587
495.04400000004404,-35.34343327105893
495.04800000004406,1.335573299745798
495.0520000000441,15.023955516294658
495.05600000004404,25.88556724295753
495.06000000004406,-19.524929257460446
495.0640000000441,-8.123965651975357
495.06800000004404,4.334676942085191
495.07200000004406,27.44794217970691
495.0760000000441,18.379478847109855
495.08000000004404,1.7391910668815243
495.08400000004406,-26.196809189777017
495.0880000000441,-9.590899874589992
495.09200000004404,-16.364162698878783
495.09600000004406,26.284661375568074
495.1000000000441,-7.652288478248694
495.1040000000441,0.7695221394646543
495.10800000004406,32.04421334372293
495.1120000000441,-13.537751640719085
495.1160000000441,-31.70325522222498
495.12000000004406,-4.447704939195887
495.1240000000441,-0.6252683895786624
495.1280000000441,-2.851208203729305
495.13200000004406,-4.239622184549764
495.1360000000441,4.816054214165131
495.1400000000441,13.710220077354052
495.14400000004406,16.54263585889256
495.1480000000441,-27.83646978308628
495.1520000000441,36.171493210065606
495.15600000004406,2.782471920133473
495.1600000000441,-31.7734780880361
495.1640000000441,-15.212180498873327
495.16800000004406,-4.349313032884294
495.1720000000441,-5.041014104551832
495.1760000000441,3.8796354464924994
495.18000000004406,-5.018724135714458
495.1840000000441,-12.163308555829591
495.1880000000441,24.291539007333732
495.19200000004406,15.115845142449402
495.1960000000441,-11.813534170545477
495.2000000000441,14.058578354023831
495.2040000000441,14.427353514490218
495.2080000000441,11.400791089197435
495.2120000000441,-1.0732470746512819
495.2160000000441,-12.655169020910801
495.2200000000441,-9.03123299597424
495.2240000000441,16.304239305596553
495.2280000000441,3.821135035541296
495.2320000000441,-2.7809639307259384
495.2360000000441,0.6469954513454448
495.2400000000441,40.72751369271618
495.2440000000441,0.2558700244040306
495.2480000000441,18.321738052479986
495.2520000000441,2.6815731406162966
495.2560000000441,1.3613948857327902
495.2600000000441,-12.126767156253848
495.2640000000441,16.812221607910622
495.2680000000441,14.608024967321846
495.2720000000441,9.915840198693935
495.2760000000441,6.772081377162619
495.2800000000441,20.636252875294172
495.2840000000441,3.019518014086377
495.2880000000441,-10.503899403882752
495.2920000000441,-0.5905739745458238
495.2960000000441,-2.5833930422163136
495.3000000000441,-12.723348703247414
495.30400000004414,-9.095757832352046
495.3080000000441,19.286404544128306
495.3120000000441,-20.597896148624663
495.31600000004414,-0.23790496468806221
495.3200000000441,-5.37802666869668
495.3240000000441,12.407557416044316
495.32800000004414,-9.516816677122405
495.3320000000441,13.074112764758059
495.3360000000441,8.292367516083042
495.34000000004414,18.219357938342416
495.3440000000441,29.04492897099991
495.3480000000441,-32.249585505569186
495.35200000004414,1.2021436681775408
495.3560000000441,-0.23092616351458384
495.3600000000441,-9.334063953791272
495.36400000004414,3.8264354940101732
495.3680000000441,16.672691497541006
495.3720000000441,4.669882672369939
495.37600000004414,11.729162397789901
495.3800000000441,-15.813394047198726
495.3840000000441,8.79023081132422
495.38800000004414,10.84193445219822
495.3920000000441,-39.743299115011276
495.3960000000441,-13.203510556402438
495.40000000004414,-3.770117135365052
495.40400000004416,28.507597275356936
495.4080000000441,26.83138236091193
495.41200000004415,-14.197580475651804
495.41600000004416,-13.120336679398662
495.4200000000441,7.29434398824191
495.42400000004415,-16.823720856392313
495.42800000004416,14.133177281617352
495.4320000000441,-24.942936349055632
495.43600000004415,14.218249685867843
495.44000000004417,-3.1362494803588983
495.4440000000441,-13.390882444540622
495.44800000004415,5.8054237088550344
495.45200000004417,-16.527166527680173
495.4560000000441,-2.780851477968332
495.46000000004415,19.507177073739935
495.46400000004417,21.69922763669712
495.4680000000441,-27.894599832946493
495.47200000004415,-26.9065370922249
495.47600000004417,-5.66080188410998
495.48000000004413,7.117272137872168
495.48400000004415,11.533203243253055
495.48800000004417,-10.908292333524257
495.49200000004413,-6.009961058343451
495.49600000004415,-10.03440022109646
495.50000000004417,0.08235946749884326
495.5040000000442,-14.514391508309743
495.50800000004415,-30.816608555071316
495.51200000004417,8.639623416130734
495.5160000000442,-2.1049906428256318
495.52000000004415,39.305575345089814
495.52400000004417,-8.406261014938945
495.5280000000442,31.770236077389455
495.53200000004415,-5.381572860279082
495.53600000004417,-33.46984294027205
495.5400000000442,-7.10806708537099
495.54400000004415,-13.091834116760154
495.54800000004417,-16.88388798670881
495.5520000000442,5.793654740703603
495.55600000004415,2.2128253584147872
495.56000000004417,-31.756524946349174
495.5640000000442,1.6272056812097948
495.56800000004415,1.2451244139622237
495.57200000004417,-2.986481072681505
495.5760000000442,-22.311264024907032
495.58000000004415,7.251094801326
495.58400000004417,22.34988507194335
495.5880000000442,-4.8607942118100755
495.59200000004415,13.20046760811495
495.59600000004417,2.8971378120258753
495.6000000000442,9.103367825181769
495.6040000000442,-18.921103684933087
495.60800000004417,-3.3480690693525057
495.6120000000442,-9.056573824382902
495.6160000000442,11.479987576463323
495.6200000000442,-15.291180999071036
495.6240000000442,-12.798944684684008
495.6280000000442,10.807215683225799
495.6320000000442,6.925224039621964
495.6360000000442,18.027761292022305
495.6400000000442,17.374271270420493
495.6440000000442,-28.92626097382509
495.6480000000442,-3.5103432262922745
495.6520000000442,11.001931703344265
495.6560000000442,19.441518454155794
495.6600000000442,-17.46285138471459
495.6640000000442,-4.9655975027357915
495.6680000000442,2.0784382164097854
495.6720000000442,20.051433328745986
495.6760000000442,1.4730106198412725
495.6800000000442,30.10957454034788
495.6840000000442,1.051256746741804
495.6880000000442,20.486329125013746
495.6920000000442,-33.686906396383534
495.6960000000442,0.5259565157642605
495.7000000000442,9.740492415929614
495.70400000004423,38.047300192002325
495.7080000000442,-11.168667946157417
495.7120000000442,5.449374116091893
495.71600000004423,9.452514635914365
495.7200000000442,-11.645967756603104
495.7240000000442,25.207148037458253
495.72800000004423,8.70088488559098
495.7320000000442,4.667807589708103
495.7360000000442,11.155948437601328
495.74000000004423,-14.9144081423765
495.7440000000442,8.25761799144792
495.7480000000442,-21.334377194248813
495.75200000004423,2.821037051683116
495.7560000000442,-2.947218837821053
495.7600000000442,-9.834748725506664
495.76400000004423,5.168636619126087
495.7680000000442,-2.8705306689360754
495.7720000000442,-10.50315738010184
495.77600000004423,12.000910884535795
495.7800000000442,-13.78807929262056
495.7840000000442,-1.1518924672794322
495.78800000004424,11.53758305899474
495.7920000000442,1.5896541533247583
495.7960000000442,-15.559466153207032
495.80000000004424,-9.575345645163642
495.80400000004425,1.0292545524035837
495.8080000000442,-39.840902448529725
495.81200000004424,-13.858488417019345
495.81600000004426,-11.159866394749407
495.8200000000442,-4.3356218636316
495.82400000004424,17.43408349217772
495.82800000004426,-4.691650905131727
495.8320000000442,-20.268477907936067
495.83600000004424,-6.8886902774044225
495.84000000004426,-9.03508089440187
495.8440000000442,-16.275130243966814
495.84800000004424,1.2728319190004092
495.85200000004426,25.603422855418263
495.8560000000442,17.182457126079715
495.86000000004424,24.984150270041702
495.86400000004426,26.49834030019259
495.8680000000442,-2.6872881063214433
495.87200000004424,-20.848406604824262
495.87600000004426,15.96467994633685
495.8800000000442,-0.12466966105284483
495.88400000004424,-19.72822421163314
495.88800000004426,8.372952210078077
495.8920000000442,19.28126937355983
495.89600000004424,19.37544830466248
495.90000000004426,10.365281255035086
495.9040000000443,-1.265017338268352
495.90800000004424,-12.956224528836607
495.91200000004426,-11.834049730803251
495.9160000000443,4.453297876722966
495.92000000004424,7.077768199703013
495.92400000004426,-3.2939526377107207
495.9280000000443,24.34887118858186
495.93200000004424,0.45713079271668877
495.93600000004426,-17.388535752815088
495.9400000000443,4.592584205514699
495.94400000004424,-10.009943040693129
495.94800000004426,12.799259564428496
495.9520000000443,-16.609658336001782
495.95600000004424,-1.4073317074086398
495.96000000004426,18.231368635045484
495.9640000000443,-7.6815554218717965
495.96800000004424,10.288116676916871
495.97200000004426,-18.687909845265207
495.9760000000443,-26.54403844196643
495.98000000004424,-28.859884259026035
495.98400000004426,5.748959190775361
495.9880000000443,19.685499502068517
495.99200000004424,-20.12755117750868
495.99600000004426,-28.146954504552646
496.0000000000443,-9.481143713947688
496.0040000000443,28.37689988633875
496.00800000004426,8.230533510572043
496.0120000000443,-2.5341062912008705
496.0160000000443,1.2107683319774525
496.02000000004426,-7.969831604932419
496.0240000000443,1.2039909437866232
496.0280000000443,27.692312991501584
496.03200000004426,7.734969873366319
496.0360000000443,-28.847354702634455
496.0400000000443,-1.075365132312955
496.04400000004426,3.2614790435315797
496.0480000000443,-15.37769688421957
496.0520000000443,-10.646445474745825
496.05600000004426,32.61444589892559
496.0600000000443,0.5957049983523677
496.0640000000443,-6.234533968520356
496.06800000004426,-11.372323720118054
496.0720000000443,35.25555676903265
496.0760000000443,32.214129297597225
496.08000000004427,42.90958042793404
496.0840000000443,17.666100399217083
496.0880000000443,1.819126600785332
496.09200000004427,16.475637517368448
496.0960000000443,-10.364693578113704
496.1000000000443,0.18189955882707576
496.1040000000443,5.045296442962172
496.1080000000443,-13.68967717101079
496.1120000000443,-12.582677668196833
496.1160000000443,-3.9857402887502875
496.1200000000443,23.118572455346595
496.1240000000443,-11.509209810104984
496.1280000000443,-5.946029506567607
496.1320000000443,-8.718328730754687
496.1360000000443,-2.304145878433361
496.1400000000443,-6.006691649822152
496.1440000000443,5.381734192199543
496.1480000000443,5.24326418926823
496.1520000000443,-8.614262249659948
496.1560000000443,24.28376155108503
496.1600000000443,2.4429313388275418
496.1640000000443,-15.291758282929148
496.1680000000443,-5.89873531288686
496.1720000000443,-5.268044882850816
496.1760000000443,-16.77359087905261
496.1800000000443,-18.31511589668871
496.1840000000443,-7.110510854865537
496.1880000000443,-14.788857154633755
496.1920000000443,-38.131134190875486
496.1960000000443,-19.78845959259305
496.2000000000443,0.11764717230244459
496.20400000004435,10.53750583031571
496.2080000000443,6.139314906984812
496.2120000000443,8.030640550630748
496.21600000004435,0.5653866944811909
496.2200000000443,14.034201649198328
496.2240000000443,5.542960666658151
496.22800000004435,-3.801230221412468
496.2320000000443,-6.897436516927242
496.2360000000443,20.840083911030288
496.24000000004435,16.705558386610697
496.2440000000443,9.149954648195514
496.2480000000443,-9.929760422445824
496.25200000004435,-5.6297083584295375
496.2560000000443,6.076550373172047
496.26000000004433,28.08189712437811
496.26400000004435,-9.576129361924925
496.2680000000443,-4.824237213672788
496.27200000004433,-0.827408977655681
496.27600000004435,-9.201835777571892
496.2800000000443,23.733196947907366
496.28400000004433,3.5121717868254936
496.28800000004435,8.339157354021223
496.2920000000443,2.874563611390989
496.29600000004433,-1.9689083749364658
496.30000000004435,3.0856214664102817
496.30400000004437,15.87327956385059
496.30800000004433,8.262606384415275
496.31200000004435,2.4760212485118793
496.31600000004437,-9.930206325105482
496.32000000004433,2.4781133892367913
496.32400000004435,-5.4760484926163535
496.32800000004437,-15.364345195189724
496.33200000004433,-9.909075673922729
496.33600000004435,-9.280785024613271
496.34000000004437,-7.357711509512626
496.34400000004433,3.8469093128314893
496.34800000004435,14.256058115846542
496.35200000004437,1.1692522589363763
496.35600000004433,13.503889395519513
496.36000000004435,-3.192228124250864
496.36400000004437,-3.9890592579597683
496.36800000004433,2.759426473552625
496.37200000004435,23.55443828272098
496.37600000004437,12.68316758987377
496.38000000004433,28.548748030440954
496.38400000004435,14.040968214662
496.38800000004437,-3.8625246833694242
496.39200000004433,0.42214712198878845
496.39600000004435,-0.6648353346982098
496.4000000000444,1.8719679423533206
496.4040000000444,3.600072841976156
496.40800000004435,14.344401905863347
496.4120000000444,-12.552967458390324
496.4160000000444,3.9548729745780506
496.42000000004435,1.485211762067775
496.4240000000444,-8.7319938108144
496.4280000000444,-16.66017936180779
496.43200000004435,-16.99397839473402
496.4360000000444,15.687004957664847
496.4400000000444,8.041267709733019
496.44400000004435,-24.765305598472754
496.4480000000444,-8.905655813753347
496.4520000000444,12.523985042561574
496.45600000004436,-19.55182414645871
496.4600000000444,7.642764710450926
496.4640000000444,-23.941195173308678
496.46800000004436,-4.99774525383458
496.4720000000444,23.488423849763873
496.4760000000444,-10.536717798521435
496.48000000004436,-20.34417508750368
496.4840000000444,19.597735136110344
496.4880000000444,10.3989395971151
496.49200000004436,-11.892531202814114
496.4960000000444,-11.508735976405852
496.5000000000444,-26.840359074039586
496.5040000000444,-12.738693472702165
496.5080000000444,16.442748227198685
496.5120000000444,12.854496726237274
496.5160000000444,3.721878799150735
496.5200000000444,-17.048176582831424
496.5240000000444,-4.2306702142113615
496.5280000000444,-4.828038902812198
496.5320000000444,-40.39229746598716
496.5360000000444,9.585947684832679
496.5400000000444,0.5821597095936877
496.5440000000444,-16.864730692279885
496.5480000000444,19.367005285209103
496.5520000000444,-5.769967140234442
496.5560000000444,3.106626707743535
496.5600000000444,-13.921023084155811
496.5640000000444,-12.357836249660373
496.5680000000444,-20.699077129984747
496.5720000000444,-0.3987363673693505
496.5760000000444,30.42931197765554
496.5800000000444,15.098290567774082
496.5840000000444,16.458890565283866
496.5880000000444,-10.5340218543869
496.5920000000444,32.03851906658198
496.5960000000444,8.057159825275727
496.6000000000444,-11.391007191384118
496.60400000004444,6.749853581593005
496.6080000000444,5.601807323805746
496.6120000000444,10.816500287083084
496.61600000004444,-9.700363906076781
496.6200000000444,-10.745176602137546
496.6240000000444,-4.6584352423302855
496.62800000004444,-8.104876568996202
496.6320000000444,-46.1415874913597
496.6360000000444,-27.931473542489332
496.64000000004444,-9.892591735269026
496.6440000000444,-4.026267855184934
496.6480000000444,-3.073654440165253
496.65200000004444,-2.3477127019283897
496.6560000000444,-26.61381013699089
496.6600000000444,-5.337992665367267
496.66400000004444,14.543761700422346
496.6680000000444,-8.511470466959072
496.6720000000444,-2.276362295825983
496.67600000004444,-13.413238400936695
496.6800000000444,-13.428552358872354
496.6840000000444,22.810103699998987
496.68800000004444,23.85050709669475
496.6920000000444,22.5074631306624
496.6960000000444,-2.402467382928214
496.70000000004444,-0.462584397744942
496.70400000004446,-19.787833900989355
496.7080000000444,6.62067192271628
496.71200000004444,12.922111722955224
496.71600000004446,10.76323905940473
496.7200000000444,-21.362432730497865
496.72400000004444,5.3200484982984815
496.72800000004446,17.86628639013783
496.7320000000444,25.156128687965786
496.73600000004444,-10.916643771839162
496.74000000004446,3.387452976017445
496.7440000000444,11.159300988075643
496.74800000004444,16.82664133506517
496.75200000004446,-1.3224002648455069
496.7560000000444,-20.921280995896574
496.76000000004444,-7.566108414089183
496.76400000004446,-11.629167199580174
496.7680000000444,4.027867537247852
496.77200000004444,7.718395399281808
496.77600000004446,-1.8110484338286867
496.7800000000444,16.618181736481496
496.78400000004444,-6.633502155183891
496.78800000004446,16.39219492791398
496.7920000000444,-4.136300736653887
496.79600000004444,2.8242855740757813
496.80000000004446,5.642553410781004
496.8040000000445,-6.279631523215821
496.80800000004444,7.536063342429833
496.81200000004446,-4.833630230797666
496.8160000000445,-13.258632573733388
496.82000000004444,24.544012376196772
496.82400000004446,4.61080643971585
496.8280000000445,-10.612944073268325
496.83200000004445,4.638360497058997
496.83600000004446,-16.73034502637163
496.8400000000445,6.355940795937939
496.84400000004445,-26.801426499479792
496.84800000004446,18.92694314979419
496.8520000000445,36.320167703450224
496.85600000004445,20.198975677227068
496.86000000004447,10.501862746457638
496.8640000000445,-11.835476301394392
496.86800000004445,-12.991933683842168
496.87200000004447,-18.194033915773936
496.8760000000445,-4.971956658253164
496.88000000004445,4.804247561806086
496.88400000004447,-2.0615677529067944
496.8880000000445,16.767232713903514
496.89200000004445,29.611580911935924
496.89600000004447,-8.967930702650614
496.9000000000445,-5.148975628466285
496.9040000000445,4.88258978028911
496.90800000004447,0.6149120818519456
496.9120000000445,-7.4975245872239
496.9160000000445,12.86226617661192
496.92000000004447,-28.76820491913603
496.9240000000445,12.042031929387319
496.9280000000445,-6.311031670074218
496.93200000004447,10.745724651464812
496.9360000000445,-0.06537629569510078
496.9400000000445,-15.488375884108972
496.94400000004447,-27.503496382385762
496.9480000000445,-3.274204971697523
496.9520000000445,-9.601186859928834
496.95600000004447,-7.3005439798145275
496.9600000000445,-11.292807898142216
496.9640000000445,16.385332552595447
496.96800000004447,-10.85068070574255
496.9720000000445,-17.69137417854246
496.9760000000445,21.706099303847584
496.98000000004447,-7.832041708429617
496.9840000000445,40.58598316886421
496.9880000000445,-25.087627478559398
496.99200000004447,-22.812615431159703
496.9960000000445,-18.884870071819496
497.0000000000445,22.278913378676847
497.0040000000445,34.347454672181776
497.0080000000445,-22.969573286064453
497.0120000000445,-15.39685996301248
497.0160000000445,-11.576206720247823
497.0200000000445,-0.050015965345207136
497.0240000000445,-23.21112241416026
497.0280000000445,32.24144217984383
497.0320000000445,20.443298339031482
497.0360000000445,7.97594541201607
497.04000000004453,-14.516737662539231
497.0440000000445,0.024585926254722335
497.0480000000445,11.616197764879386
497.05200000004453,22.124642252230267
497.0560000000445,14.511888032700488
497.0600000000445,-2.8782772021945946
497.06400000004453,-2.9327963918818067
497.0680000000445,-9.872255634477229
497.0720000000445,14.197772118796056
497.07600000004453,-12.394769849015923
497.0800000000445,-1.0965689292385923
497.0840000000445,-11.080136733584675
497.08800000004453,-22.582639855471808
497.0920000000445,18.01444235052569
497.0960000000445,2.066564113252065
497.10000000004453,-29.165502260910422
497.10400000004455,-3.9042206217992907
497.1080000000445,-9.620836837399647
497.11200000004453,-12.965205220799255
497.11600000004455,10.499719613341211
497.1200000000445,12.303140456947597
497.12400000004453,-10.26136677399705
497.12800000004455,-8.795207815956164
497.1320000000445,7.904611603885264
497.13600000004453,0.08450935138650051
497.14000000004455,22.91522446228109
497.1440000000445,-16.616231576202107
497.14800000004453,-26.807398602695407
497.15200000004455,4.88336344789092
497.1560000000445,10.50344388207391
497.16000000004453,45.051785449549506
497.16400000004455,-9.662625334148409
497.1680000000445,5.508741521683888
497.17200000004453,7.203789700989074
497.17600000004455,9.286750036589792
497.1800000000445,8.26978439849469
497.18400000004453,19.942093810825767
497.18800000004455,20.006058255794834
497.1920000000445,-1.3301956587434836
497.19600000004453,8.173500697521382
497.20000000004455,10.234578084504655
497.2040000000446,-3.7686822085678378
497.20800000004454,-3.233819297126266
497.21200000004455,13.243958693899573
497.2160000000446,28.485044990290987
497.22000000004454,21.15684627665653
497.22400000004455,-24.325483191708695
497.2280000000446,-22.029458378083547
497.23200000004454,3.050789289028897
497.23600000004456,8.909256470543523
497.2400000000446,-35.23342007430869
497.24400000004454,19.527796812195596
497.24800000004456,17.42891428256151
497.2520000000446,5.789602495793495
497.25600000004454,5.986581982895952
497.26000000004456,-12.626378042065257
497.2640000000446,-6.162212860860249
497.26800000004454,-8.811339317009722
497.27200000004456,-4.494043816630473
497.2760000000446,16.70461098334647
497.28000000004454,9.360536822631666
497.28400000004456,-7.178796659298088
497.2880000000446,1.4897222108342705
497.29200000004454,25.3215976746624
497.29600000004456,9.382454371422478
497.3000000000446,-11.725993488056387
497.3040000000446,25.111238787787627
497.30800000004456,23.738428946333237
497.3120000000446,-4.011677837960991
497.3160000000446,18.394598192082903
497.32000000004456,26.332228053514513
497.3240000000446,8.111143573494218
497.3280000000446,-8.633785953934945
497.33200000004456,10.903022313325398
497.3360000000446,-5.232126158713349
497.3400000000446,-0.07108988717623177
497.34400000004456,15.200484082482252
497.3480000000446,14.370639081841006
497.3520000000446,-1.6513907536446926
497.35600000004456,8.818422512306745
497.3600000000446,-5.38494939466979
497.3640000000446,-3.1539975723054825
497.36800000004456,-0.5188602410332219
497.3720000000446,-14.667000341182135
497.3760000000446,27.07901037078406
497.38000000004456,17.990622325772186
497.3840000000446,-13.689816979796229
497.3880000000446,33.31072351334302
497.39200000004456,20.518659145718036
497.3960000000446,9.029183604787955
497.4000000000446,0.4137369410788738
497.4040000000446,16.1234135906039
497.4080000000446,-7.759542680531428
497.4120000000446,12.48004456271663
497.4160000000446,-30.411282740402395
497.4200000000446,4.581814132888098
497.4240000000446,5.429073743687553
497.4280000000446,5.761440616423819
497.4320000000446,10.774962478341068
497.4360000000446,-17.620193808147846
497.4400000000446,-28.253691083025657
497.4440000000446,-32.89214046574755
497.4480000000446,-32.86279598828186
497.4520000000446,-13.734569717697076
497.4560000000446,0.38915458424865346
497.4600000000446,17.580546991353213
497.4640000000446,12.651233713023311
497.4680000000446,15.601672974283174
497.4720000000446,-22.096868762330292
497.4760000000446,29.057192296068557
497.4800000000446,20.95613609001572
497.4840000000446,-10.019389549148398
497.4880000000446,-26.033751975740078
497.4920000000446,-22.044268452103044
497.4960000000446,-12.591742998479667
497.5000000000446,-11.188966269852715
497.50400000004464,-6.984305423294687
497.5080000000446,17.00730312663514
497.5120000000446,23.689420594999163
497.51600000004464,-23.14591676715683
497.5200000000446,17.93628390467805
497.5240000000446,-3.291331462639495
497.52800000004464,-20.000812221538546
497.5320000000446,-11.956607401813095
497.5360000000446,15.875918187021584
497.54000000004464,5.441774149357508
497.5440000000446,-12.474982851850292
497.5480000000446,-18.068063366130335
497.55200000004464,-0.8358391194924053
497.5560000000446,-20.846850902851127
497.5600000000446,-8.325552894988407
497.56400000004464,-2.6136982112543756
497.5680000000446,-33.1842459654222
497.5720000000446,-24.21395911514355
497.57600000004464,8.623221532003171
497.5800000000446,-22.76305695842586
497.5840000000446,1.5988578901272836
497.58800000004464,7.5203219805203725
497.5920000000446,5.900906677007692
497.5960000000446,-18.009215739951724
497.60000000004464,-9.260476843072256
497.60400000004466,0.6733956929760646
497.6080000000446,-9.587579025550566
497.61200000004465,-11.06244658925409
497.61600000004466,19.403699669172894
497.6200000000446,-2.9561107027531586
497.62400000004465,-9.640673146624628
497.62800000004466,-17.43218552216576
497.6320000000446,-28.45348027720052
497.63600000004465,12.958279716254344
497.64000000004467,-24.25829049093434
497.6440000000446,-4.183659417199764
497.64800000004465,-9.537755012111049
497.65200000004467,-24.165868813203478
497.6560000000446,-10.487816528439746
497.66000000004465,-8.484248066563888
497.66400000004467,2.5740638339408295
497.66800000004463,5.121891503805015
497.67200000004465,15.429486885321946
497.67600000004467,-16.36214166843665
497.68000000004463,7.806434820977614
497.68400000004465,19.15683805344414
497.68800000004467,-2.4346636740229965
497.69200000004463,15.160089420955822
497.69600000004465,19.55411111988219
497.70000000004467,-6.320297893021122
497.7040000000447,-21.25207959132623
497.70800000004465,26.432814988902788
497.71200000004467,-25.20032998625574
497.7160000000447,-15.923813545270697
497.72000000004465,16.584373704807696
497.72400000004467,28.230093880060835
497.7280000000447,11.43523508930538
497.73200000004465,16.33836238492796
497.73600000004467,20.680983046528045
497.7400000000447,12.750893992859561
497.74400000004465,-20.19588324790675
497.74800000004467,-9.329991325759426
497.7520000000447,8.088166579281062
497.75600000004465,23.03164575444922
497.76000000004467,0.853412324681619
497.7640000000447,16.300293244847605
497.76800000004465,26.682226168472493
497.77200000004467,-0.5033266765644
497.7760000000447,-12.688121062979691
497.78000000004465,24.50040980110667
497.78400000004467,0.6955051454024737
497.7880000000447,-0.4386227714662958
497.79200000004465,18.71013355292126
497.79600000004467,21.100509460019328
497.8000000000447,-31.103339374287923
497.8040000000447,13.149824783964108
497.8080000000447,20.669359911170524
497.8120000000447,8.06890069909177
497.8160000000447,10.090967046034672
497.8200000000447,-1.6536734219907174
497.8240000000447,-1.4319379161743941
497.8280000000447,27.68957778851989
497.8320000000447,8.77250729408707
497.8360000000447,-0.7225014000365413
497.8400000000447,1.5712675529458426
497.8440000000447,37.9640566062662
497.8480000000447,6.084908605284696
497.8520000000447,27.95287727981424
497.8560000000447,1.3040183598486506
497.8600000000447,15.184169420188395
497.8640000000447,-27.67704820269465
497.8680000000447,-9.549864013475581
497.8720000000447,-12.023631955943491
497.8760000000447,-8.154242261278716
497.8800000000447,26.641536563121836
497.8840000000447,-2.0068766931503097
497.8880000000447,-6.480853514083204
497.8920000000447,11.186993712277928
497.8960000000447,8.392114669913067
497.9000000000447,9.891728563486922
497.90400000004473,-3.54033142124865
497.9080000000447,26.953089627857732
497.9120000000447,-15.080809512625558
497.91600000004473,-11.012420434445934
497.9200000000447,1.653220261164817
497.9240000000447,-16.562892061256697
497.92800000004473,5.8444018781042
497.9320000000447,17.305395754869103
497.9360000000447,3.8322326760411123
497.94000000004473,10.917902443526025
497.9440000000447,-12.919554052158864
497.9480000000447,17.64488913010934
497.95200000004473,-15.807461855600119
497.9560000000447,9.857009250875823
497.9600000000447,-20.533960698965
497.96400000004473,-20.9836299747275
497.9680000000447,-5.915565235382415
497.9720000000447,-9.1175267467915
497.97600000004473,-1.8699366143969933
497.9800000000447,13.176509567043196
497.9840000000447,-11.083212569496288
497.98800000004474,11.353352453890725
497.9920000000447,15.984330143999497
497.9960000000447,-9.35041353952268
498.00000000004474,-12.129229092543014
498.00400000004475,-2.1733454733450333
498.0080000000447,-8.13010602761139
498.01200000004474,-25.389720524849217
498.01600000004476,5.337748852823705
498.0200000000447,0.9089048723424882
498.02400000004474,-6.354948974627753
498.02800000004476,-15.624193570263216
498.0320000000447,2.7433950687645847
498.03600000004474,26.733579597221638
498.04000000004476,3.1375550921963287
498.0440000000447,-5.864180497428956
498.04800000004474,-28.58125759489592
498.05200000004476,-18.455414784482002
498.0560000000447,27.502571886934387
498.06000000004474,-9.967426029192227
498.06400000004476,-14.646982432305958
498.0680000000447,2.742369845310719
498.07200000004474,-44.5100556717579
498.07600000004476,19.870404272401544
498.0800000000447,15.318526201148131
498.08400000004474,-20.777047040963367
498.08800000004476,-7.691477895365468
498.0920000000447,-18.920257076826093
498.09600000004474,-12.961363623408833
498.10000000004476,-2.8120105623468223
498.1040000000448,-1.9639225402260916
498.10800000004474,13.793718647236954
498.11200000004476,39.709089976421886
498.1160000000448,-5.036414506171833
498.12000000004474,-12.777413454825956
498.12400000004476,2.0494854251155044
498.1280000000448,-29.60657020840431
498.13200000004474,10.87130192334497
498.13600000004476,16.1804352640131
498.1400000000448,-6.99071963691453
498.14400000004474,13.73627784475268
498.14800000004476,-8.725185299798783
498.1520000000448,15.43542846537671
498.15600000004474,7.548150858431434
498.16000000004476,23.93254322164444
498.1640000000448,24.388678663791367
498.16800000004474,-41.560704084810084
498.17200000004476,-1.9614456995882263
498.1760000000448,11.702701802473376
498.18000000004474,-10.871465561540166
498.18400000004476,-3.909424423195737
498.1880000000448,9.533381868152306
498.19200000004474,-17.091665545911237
498.19600000004476,15.464434194420058
498.2000000000448,-8.555274472322585
498.2040000000448,-19.18669099001574
498.20800000004476,24.565076647921146
498.2120000000448,-6.2604951273797855
498.2160000000448,26.598194584658675
498.22000000004476,-6.652966510995805
498.2240000000448,9.911417578739616
498.2280000000448,31.946379430425875
498.23200000004476,-9.464777211493484
498.2360000000448,-0.87981768304311
498.2400000000448,-0.5878540008016309
498.24400000004476,-19.04356493442404
498.2480000000448,14.129213278465166
498.2520000000448,-3.6362560740402454
498.25600000004476,1.9829796317024937
498.2600000000448,5.451655594496874
498.2640000000448,2.739315954297707
498.26800000004476,-22.593195955060203
498.2720000000448,10.247543497398324
498.2760000000448,6.6541400674316815
498.28000000004477,24.1390351519576
498.2840000000448,5.44314229642278
498.2880000000448,-0.826076639128854
498.29200000004477,19.412061229037924
498.2960000000448,5.001461188884611
498.3000000000448,-5.535397765372266
498.3040000000448,5.388199751318614
498.3080000000448,-16.736587190555447
498.3120000000448,14.821762229172126
498.3160000000448,4.416018932306949
498.3200000000448,6.812556398111933
498.3240000000448,-1.3021232302225554
498.3280000000448,-38.58072943555956
498.3320000000448,-23.63690318732102
498.3360000000448,-13.256934751346812
498.3400000000448,24.432944922031872
498.3440000000448,-19.996926189652573
498.3480000000448,44.74958084260815
498.3520000000448,3.9120482897188125
498.3560000000448,2.2547602300305236
498.3600000000448,18.773169584696888
498.3640000000448,12.18663641603878
498.3680000000448,-22.04876818194049
498.3720000000448,-11.024604636350976
498.3760000000448,-13.263881048991237
498.3800000000448,8.83016132459687
498.3840000000448,-14.920895848622049
498.3880000000448,-10.12377936112038
498.3920000000448,-19.67866642214771
498.3960000000448,0.3337413997965779
498.4000000000448,-6.6628043278221964
498.40400000004485,28.194057186103
498.4080000000448,-14.57911223939155
498.4120000000448,10.442402690941304
498.41600000004485,-6.510801689274988
498.4200000000448,-11.670301043915103
498.4240000000448,-3.124772789528074
498.42800000004485,-8.40754495706696
498.4320000000448,-14.838450263658732
498.4360000000448,15.038823326248032
498.44000000004485,-11.934595868448422
498.4440000000448,30.293342542591272
498.44800000004483,16.37139380263487
498.45200000004485,-23.870169140479874
498.4560000000448,20.632550108457888
498.46000000004483,-25.65305212948937
498.46400000004485,8.992553255528849
498.4680000000448,8.335771001351105
498.47200000004483,-23.112017581430297
498.47600000004485,26.16169256207367
498.4800000000448,3.944682563013913
498.48400000004483,-0.8867998411668234
498.48800000004485,11.556999897190591
498.4920000000448,19.98397163708533
498.49600000004483,-2.577583383715954
498.50000000004485,-3.536689763970308
498.50400000004487,-8.49713361039998
498.50800000004483,-5.333972960879485
498.51200000004485,18.41879439196813
498.51600000004487,14.488746038648989
498.52000000004483,-6.126957518332831
498.52400000004485,30.714490940989258
498.52800000004487,2.419842536481749
498.53200000004483,20.44617042929776
498.53600000004485,-15.17926065200169
498.54000000004487,-4.059485501485883
498.54400000004483,4.709450103132529
498.54800000004485,0.6743605250775174
498.55200000004487,-16.365241338074615
498.55600000004483,-11.23919541508157
498.56000000004485,-5.511421359891605
498.56400000004487,-6.547211011218856
498.56800000004483,-13.96598413579529
498.57200000004485,15.970633080478459
498.57600000004487,-10.765445952982821
498.58000000004483,-16.070139300268547
498.58400000004485,30.465366507502488
498.5880000000449,-23.165142404527625
498.59200000004483,-26.401109314241786
498.59600000004485,2.6173360064669717
498.6000000000449,-8.83924333321684
498.6040000000449,-7.704032933568055
498.60800000004485,17.43439050599214
498.6120000000449,-0.4058833394159147
498.6160000000449,-28.671364274909166
498.62000000004485,-20.75464340717233
498.6240000000449,0.7829207169916612
498.6280000000449,-1.9856221470976547
498.63200000004485,-10.820894351221135
498.6360000000449,3.732892717569353
498.6400000000449,-41.90147213586242
498.64400000004485,-30.556772977833987
498.6480000000449,-11.350845492233159
498.6520000000449,14.084106592996509
498.65600000004486,-5.873666645925854
498.6600000000449,-8.324902784031757
498.6640000000449,-0.9871131942723861
498.66800000004486,25.773411788886428
498.6720000000449,26.028154112905902
498.6760000000449,8.682390068018998
498.68000000004486,6.234842648783783
498.6840000000449,20.647869613550593
498.6880000000449,-1.8890876652310342
498.69200000004486,-9.09555268579401
498.6960000000449,4.619351268136725
498.7000000000449,-10.797597729683693
498.7040000000449,6.274935157632463
498.7080000000449,24.71633836862653
498.7120000000449,-2.683897087960493
498.7160000000449,7.284913959686071
498.7200000000449,-18.11506774794313
498.7240000000449,-20.526235868727497
498.7280000000449,24.009630652223418
498.7320000000449,-10.238057986274887
498.7360000000449,1.0993212684201683
498.7400000000449,-13.465185621738447
498.7440000000449,-8.181270583809997
498.7480000000449,-2.5434231670389815
498.7520000000449,29.099759295218888
498.7560000000449,30.93980752309635
498.7600000000449,27.20939475187571
498.7640000000449,-14.797610858225223
498.7680000000449,-8.584412760706586
498.7720000000449,-4.688060208768555
498.7760000000449,14.051907836432171
498.7800000000449,2.0117716223137325
498.7840000000449,5.770566069156037
498.7880000000449,12.154047047095588
498.7920000000449,1.2245541669065139
498.7960000000449,-6.4758758775649685
498.8000000000449,43.31505649088867
498.80400000004494,-7.646219969697271
498.8080000000449,6.2604125652322145
498.8120000000449,-14.629945354766168
498.81600000004494,-11.835746800660697
498.8200000000449,-21.154793249876263
498.8240000000449,6.321541407639963
498.82800000004494,-2.298336316409161
498.8320000000449,-11.872697821738285
498.8360000000449,5.22569900056996
498.84000000004494,21.99724462536798
498.8440000000449,-23.750278829038148
498.8480000000449,-25.344457036430853
498.85200000004494,3.3415897615918513
498.8560000000449,17.26630630028213
498.8600000000449,-10.250379580165355
498.86400000004494,-10.542852830084948
498.8680000000449,-24.00796062002635
498.8720000000449,-3.6340181734061634
498.87600000004494,41.23431438518052
498.8800000000449,8.767352909582462
498.8840000000449,-42.467133789528326
498.88800000004494,-3.2021738632338987
498.8920000000449,-7.217232664103088
498.8960000000449,-13.496650212813632
498.90000000004494,4.6625855616017695
498.90400000004496,8.744217466839158
498.9080000000449,6.184872971523701
498.91200000004494,5.314905144464262
498.91600000004496,-22.116952686638452
498.9200000000449,-8.536050468685634
498.92400000004494,4.080235538326539
498.92800000004496,4.4264425958175915
498.9320000000449,4.724269435212863
498.93600000004494,-11.574299300986755
498.94000000004496,-5.49815240200635
498.9440000000449,-3.168300080321502
498.94800000004494,-6.399095813308229
498.95200000004496,-16.988911449092768
498.9560000000449,7.3779961778819585
498.96000000004494,5.674226740904716
498.96400000004496,23.25903619360297
498.9680000000449,-19.37705042775846
498.97200000004494,2.7417341827391244
498.97600000004496,12.900132226023908
498.9800000000449,7.491815393630664
498.98400000004494,-14.862846413483751
498.98800000004496,-11.0393420903789
498.9920000000449,-14.712494779921398
498.99600000004494,-3.143554392016778
499.00000000004496,-2.2541349175341066
499.004000000045,16.951225945429726
499.00800000004494,27.149750940591844
499.01200000004496,-24.548936558724346
499.016000000045,-1.9462414424935006
499.02000000004494,30.47664945073269
499.02400000004496,-9.000300150726309
499.028000000045,-17.623744676679223
499.03200000004495,12.550604664793983
499.03600000004496,16.760357970572343
499.040000000045,-6.378445559759095
499.04400000004495,4.570816296428054
499.04800000004496,-14.595315318589769
499.052000000045,-2.31327867427143
499.05600000004495,-3.9165770454437654
499.06000000004497,20.628786186476585
499.064000000045,19.095531029763528
499.06800000004495,-7.527208475837678
499.07200000004497,16.4476202347464
499.076000000045,-4.706182735260356
499.08000000004495,6.4773433670708505
499.08400000004497,-9.577877960463518
499.088000000045,20.08645502503502
499.09200000004495,27.72741100063791
499.09600000004497,2.7710902481817716
499.100000000045,-5.112462617051439
499.104000000045,10.086417505477183
499.10800000004497,11.3912547458723
499.112000000045,-13.82068298914813
499.116000000045,10.426123194358315
499.12000000004497,-3.953795457677875
499.124000000045,-7.076255382623214
499.128000000045,10.598339952310669
499.13200000004497,-2.8666592425160733
499.136000000045,-1.901495079684005
499.140000000045,15.428696035431166
499.14400000004497,-14.960142631845226
499.148000000045,28.666366636304023
499.152000000045,13.932234406412356
499.15600000004497,18.947978015315474
499.160000000045,-5.493041408933449
499.164000000045,-26.45919153687766
499.16800000004497,-18.573636110486813
499.172000000045,1.7079053638588242
499.176000000045,-22.852952618880213
499.18000000004497,-26.094589235984333
499.184000000045,-9.531453694408055
499.188000000045,-3.8437692186824295
499.19200000004497,-25.38338668707361
499.196000000045,-25.99176715328643
499.200000000045,-20.699476873435753
499.204000000045,-2.4550909435411796
499.208000000045,1.554733408010497
499.212000000045,-5.548085798614921
499.216000000045,12.945465603448973
499.220000000045,-11.416895213585105
499.224000000045,-29.16581206614585
499.22800000004503,-3.4460286654217507
499.232000000045,-2.722783475003037
499.236000000045,0.21586988044497524
499.24000000004503,9.431556758844765
499.244000000045,-4.4430162266246205
499.248000000045,5.792894264678621
499.25200000004503,-0.2591577277679394
499.256000000045,-33.048164671829944
499.260000000045,-20.300312228125748
499.26400000004503,10.122311753508226
499.268000000045,42.67541183234824
499.272000000045,-6.714057630926927
499.27600000004503,-6.391346730926523
499.280000000045,8.79269294623592
499.284000000045,12.891644371612166
499.28800000004503,6.890996766277458
499.292000000045,0.13082992954362194
499.296000000045,-2.279798652340001
499.30000000004503,10.700834301136842
499.30400000004505,15.107635754975849
499.308000000045,-1.8384528091905858
499.31200000004503,2.9916724826305083
499.31600000004505,-4.1127397620911985
499.320000000045,31.21168177543613
499.32400000004503,-32.68833064708217
499.32800000004505,7.887080886675365
499.332000000045,7.0028983122955815
499.33600000004503,-14.115519062523312
499.34000000004505,12.163598017426219
499.344000000045,-31.64034850688458
499.34800000004503,17.416972560786363
499.35200000004505,-1.8845301523306235
499.356000000045,-24.014238747579842
499.36000000004503,6.318318115230049
499.36400000004505,6.198998319098321
499.368000000045,-11.630947207912985
499.37200000004503,-26.71329978993888
499.37600000004505,-16.2044160952299
499.380000000045,15.077798326819565
499.38400000004503,-17.1911271328618
499.38800000004505,7.9215363823045415
499.392000000045,17.834550774627186
499.39600000004503,-7.791899330177268
499.40000000004505,13.13906431531337
499.4040000000451,1.0594149523743863
499.40800000004504,-17.62819380633752
499.41200000004505,-22.25687333996329
499.4160000000451,1.919568903996094
499.42000000004504,3.786541713680447
499.42400000004506,22.746219949569227
499.4280000000451,-25.334024651253902
499.43200000004504,8.585967552398104
499.43600000004506,13.538236209645012
499.4400000000451,-10.06599389221644
499.44400000004504,24.454514139422653
499.44800000004506,0.9084522025788513
499.4520000000451,0.18555565858117706
499.45600000004504,-16.316353034723598
499.46000000004506,36.36470129268013
499.4640000000451,18.58326710533542
499.46800000004504,13.723508073196232
499.47200000004506,15.445336463614273
499.4760000000451,19.65595078428422
499.48000000004504,23.296500871997825
499.48400000004506,5.070543487077668
499.4880000000451,-10.001165038310736
499.49200000004504,-10.203584371104027
499.49600000004506,-6.956731687385274
499.5000000000451,23.681249454344588
499.5040000000451,-21.555588184010617
499.50800000004506,-18.466793247009328
499.5120000000451,3.6485381388553764
499.5160000000451,36.510099100003124
499.52000000004506,-20.146345428041535
499.5240000000451,-8.583705454134655
499.5280000000451,28.04249184972618
499.53200000004506,7.332123048340942
499.5360000000451,2.0912147263541376
499.5400000000451,18.043672237469238
499.54400000004506,-1.5745827984811687
499.5480000000451,10.008199148536908
499.5520000000451,0.20758936651530877
499.55600000004506,8.063659366271917
499.5600000000451,10.276373326308894
499.5640000000451,11.071229176196727
499.56800000004506,-11.909452624702006
499.5720000000451,8.25314734901022
499.5760000000451,1.8500847049923799
499.58000000004506,37.941974872382104
499.5840000000451,12.621069196881823
499.5880000000451,-0.18984136955542485
499.59200000004506,-0.39726012686965007
499.5960000000451,-14.164284727547884
499.6000000000451,4.447238047133197
499.6040000000451,-9.044097905117553
499.6080000000451,18.88132280856371
499.6120000000451,-22.801186069736374
499.6160000000451,26.848021254143003
499.6200000000451,0.5714776552544665
499.6240000000451,-15.962568131622378
499.6280000000451,-17.95848794387951
499.6320000000451,-10.050376674616865
499.6360000000451,-0.09070403390833803
499.6400000000451,-12.031245917069763
499.6440000000451,-19.281195528145496
499.6480000000451,-3.7807360001630026
499.6520000000451,-5.625708657005855
499.6560000000451,17.282149676315985
499.6600000000451,5.570496707550322
499.6640000000451,6.173211013504792
499.6680000000451,-23.837372839589843
499.6720000000451,5.00683808519765
499.6760000000451,0.8280962275615723
499.6800000000451,18.49120033347124
499.6840000000451,5.071109393263942
499.6880000000451,1.6491950726897415
499.6920000000451,6.74539030452505
499.6960000000451,-12.621190962291198
499.7000000000451,11.315870120550407
499.70400000004514,-31.84123733980882
499.7080000000451,21.32020058192619
499.7120000000451,6.743517489985891
499.71600000004514,6.930147741057661
499.7200000000451,4.389806724578366
499.7240000000451,13.14652958200472
499.72800000004514,-35.81012538078854
499.7320000000451,-31.260894991351346
499.7360000000451,-8.13190612088251
499.74000000004514,11.623309081949742
499.7440000000451,17.42736587667245
499.7480000000451,29.3710538308748
499.75200000004514,-1.9298903672494858
499.7560000000451,8.496408974751992
499.7600000000451,27.221803751312912
499.76400000004514,37.85377524713423
499.7680000000451,-9.239816267906905
499.7720000000451,-12.341434409997186
499.77600000004514,13.161472479311938
499.7800000000451,6.532683078874389
499.7840000000451,6.153680817990812
499.78800000004514,-20.529124864174875
499.7920000000451,17.455711790981844
499.7960000000451,-8.833325443695292
499.80000000004515,8.496144219953196
499.80400000004516,4.9661722637076675
499.8080000000451,11.843503536379426
499.81200000004515,1.652092129105346
499.81600000004516,2.2929833272410285
499.8200000000451,-4.826065899296124
499.82400000004515,26.287534262904625
499.82800000004517,13.540738880227893
499.8320000000451,-21.155306797311308
499.83600000004515,-13.149187064274642
499.84000000004517,-30.86672353735615
499.8440000000451,3.1890592779537363
499.84800000004515,1.511527822841153
499.85200000004517,12.05504371855803
499.8560000000451,-19.97818997828002
499.86000000004515,-20.808829327319263
499.86400000004517,-24.386970094927257
499.86800000004513,-7.540163421173773
499.87200000004515,1.1087517090405359
499.87600000004517,-3.6946591205152703
499.88000000004513,-14.31340620693017
499.88400000004515,-2.9579670074388518
499.88800000004517,-2.3313063032924375
499.89200000004513,-41.714615059090065
499.89600000004515,25.01923307393565
499.90000000004517,12.618160505789321
499.9040000000452,-27.000650556246445
499.90800000004515,-20.591137963691665
499.91200000004517,6.097946386056657
499.9160000000452,-8.965561436471901
499.92000000004515,10.071186405440123
499.92400000004517,0.984894275761045
499.9280000000452,4.656080099108126
499.93200000004515,-15.077052057426073
499.93600000004517,24.688001459424047
499.9400000000452,7.2463225988055715
499.94400000004515,-56.58009770743004
499.94800000004517,-22.720292661741457
499.9520000000452,-16.519663111074166
499.95600000004515,10.11298486297597
499.96000000004517,-11.714867602825995
499.9640000000452,-21.19944481669333
499.96800000004515,3.749259048409921
499.97200000004517,40.48537325983727
499.9760000000452,-21.830315899067543
499.98000000004515,-11.98365635508058
499.98400000004517,-0.07262797864173809
499.9880000000452,-14.2811442491855
499.99200000004515,36.85062764915618
499.99600000004517,-9.35568784978335
500.0000000000452,-8.184956008190039
500.0040000000452,25.107686808837066
500.0080000000452,12.646057552251325
500.0120000000452,-11.651701848594575
500.0160000000452,-7.669338596625828
500.0200000000452,-28.21879048250511
500.0240000000452,13.821783608209067
500.0280000000452,0.6988276668479869
500.0320000000452,-4.191993826979183
500.0360000000452,3.4102665142119597
500.0400000000452,-12.256403338369545
500.0440000000452,16.15033448424672
500.0480000000452,23.33033938860164
500.0520000000452,13.76363682122917
500.0560000000452,9.762151117914824
500.0600000000452,-5.5058383904485515
500.0640000000452,-21.122870819726423
500.0680000000452,-10.940424568209076
500.0720000000452,-9.04444087482169
500.0760000000452,14.520908519471687
500.0800000000452,3.806634809953832
500.0840000000452,-5.989442003809162
500.0880000000452,-10.703676254068627
500.0920000000452,-5.631434381138905
500.0960000000452,-0.04392247891404469
500.1000000000452,11.103636576544499
500.10400000004523,-12.968621411040644
500.1080000000452,15.746513285743536
500.1120000000452,-10.04657397636404
500.11600000004523,-4.758889175387502
500.1200000000452,33.41763708471455
500.1240000000452,-15.179266855236122
500.12800000004523,-26.036545063164695
500.1320000000452,-1.876853244231488
500.1360000000452,7.272878355349272
500.14000000004523,13.011405878857099
500.1440000000452,11.92653432242078
500.1480000000452,-23.218334127520375
500.15200000004523,-0.838018902282755
500.1560000000452,-1.9891825795368225
500.1600000000452,12.324647765235296
500.16400000004523,3.0113656073657054
500.1680000000452,9.075282098393767
500.1720000000452,23.248792955716016
500.17600000004524,13.436554020412974
500.1800000000452,-14.16236793674624
500.1840000000452,-7.572859012474243
500.18800000004524,17.564067809971444
500.1920000000452,9.159383898446285
500.1960000000452,3.502666102681882
500.20000000004524,-0.6428879618451522
500.20400000004526,-20.684160970710053
500.2080000000452,-10.601183039804067
500.21200000004524,6.657108965022472
500.21600000004526,18.038891821751694
500.2200000000452,-46.17722164585477
500.22400000004524,-10.58206182235282
500.22800000004526,43.36621033920507
500.2320000000452,15.591571043431333
500.23600000004524,15.112327723590811
500.24000000004526,-23.10841163577718
500.2440000000452,18.807534359725317
500.24800000004524,-6.597695507687394
500.25200000004526,16.99867747632758
500.2560000000452,-21.01637560416099
500.26000000004524,22.579391434367892
500.26400000004526,21.106338290724672
500.2680000000452,-7.756880200703709
500.27200000004524,16.81868540162424
500.27600000004526,15.384015711000966
500.2800000000452,3.212981434038614
500.28400000004524,-22.97100713090406
500.28800000004526,-19.16050382156338
500.2920000000452,-13.206910880204086
500.29600000004524,-26.343042220425783
500.30000000004526,18.580060226410374
500.3040000000453,-11.108187752039075
500.30800000004524,-14.12430253192439
500.31200000004526,-35.44345588477803
500.3160000000453,15.47191032641543
500.32000000004524,-30.51627616545443
500.32400000004526,13.312941594325503
500.3280000000453,-0.33447714886387137
500.33200000004524,-8.388853019178093
500.33600000004526,-7.296429148867553
500.3400000000453,8.740746439214213
500.34400000004524,5.32073154753121
500.34800000004526,1.6748314896642689
500.3520000000453,-14.22059452998916
500.35600000004524,-10.391378138680155
500.36000000004526,-20.576465816283054
500.3640000000453,22.04756388635552
500.36800000004524,9.211899286585215
500.37200000004526,34.62586235561084
500.3760000000453,2.2213726626896757
500.38000000004524,-10.583855303785771
500.38400000004526,4.580301667834936
500.3880000000453,4.6349211638961645
500.39200000004524,-13.110264791265315
500.39600000004526,17.37221883000022
500.4000000000453,1.1777055851519815
500.4040000000453,-7.713451036025318
500.40800000004526,12.292971066670114
500.4120000000453,-16.650463649243594
500.4160000000453,12.949248488582633
500.42000000004526,7.4486258287869305
500.4240000000453,-21.102002103050502
500.4280000000453,-2.9309625256564673
500.43200000004526,-15.485168854635711
500.4360000000453,23.21133303850923
500.4400000000453,3.9934102667185636
500.44400000004526,-11.94223817335565
500.4480000000453,-6.738903097130441
500.4520000000453,-36.30817887369749
500.45600000004526,-5.086426742754503
500.4600000000453,5.689637767850523
500.4640000000453,2.5744128700460043
500.46800000004527,4.077433740479913
500.4720000000453,9.337603476201995
500.4760000000453,-1.2237442372333946
500.48000000004527,0.1935696612879969
500.4840000000453,9.602813649055577
500.4880000000453,8.08156544606165
500.49200000004527,15.266639125305185
500.4960000000453,-25.85828363476731
500.5000000000453,-4.656145816095483
500.5040000000453,13.046346261411703
500.5080000000453,3.7484850070822002
500.5120000000453,2.386102882076108
500.5160000000453,-4.789425490226332
500.5200000000453,-6.644206444737598
500.5240000000453,9.105271565671284
500.5280000000453,-15.185291972847322
500.5320000000453,-0.5748424431430017
500.5360000000453,-17.82779308419433
500.5400000000453,1.686109061726677
500.5440000000453,-18.292351762544882
500.5480000000453,-21.957445819576467
500.5520000000453,-35.24170225544661
500.5560000000453,9.151439430353724
500.5600000000453,9.087856028744055
500.5640000000453,32.15728732898718
500.5680000000453,7.569157999935466
500.5720000000453,5.573041055845375
500.5760000000453,-1.8341285119633266
500.5800000000453,1.0559395556294384
500.5840000000453,11.26343169763727
500.5880000000453,-5.602599579240151
500.5920000000453,5.726536216518516
500.5960000000453,-1.304647086322826
500.6000000000453,45.03813261210204
500.60400000004535,-0.9370040140674045
500.6080000000453,3.5925301095855233
500.6120000000453,6.641359857138397
500.61600000004535,10.766976741033783
500.6200000000453,-11.53380554079987
500.6240000000453,19.897288976253186
500.62800000004535,-3.0394808900433565
500.6320000000453,-24.235098950153205
500.6360000000453,16.693408863722386
500.64000000004535,-8.939899512714677
500.6440000000453,-18.17180472736608
500.64800000004533,2.9998858783233198
500.65200000004535,26.110523359364755
500.6560000000453,-8.097513563028404
500.66000000004533,13.448520787066943
500.66400000004535,-9.853351370172739
500.6680000000453,-7.763892463460775
500.67200000004533,-11.120969866066053
500.67600000004535,-4.582055040322987
500.6800000000453,20.074384312153796
500.68400000004533,-17.51622530032428
500.68800000004535,-5.882556230634508
500.6920000000453,2.954278236910712
500.69600000004533,-21.063728243136413
500.70000000004535,16.092144171650787
500.70400000004537,-11.390363544192272
500.70800000004533,7.182442834564026
500.71200000004535,-7.107174291917963
500.71600000004537,0.3148240205360492
500.72000000004533,1.9226066521923113
500.72400000004535,14.287848628747543
500.72800000004537,7.243962780142228
500.73200000004533,12.821928126228643
500.73600000004535,23.16081051450068
500.74000000004537,5.250523932478195
500.74400000004533,9.712233189905758
500.74800000004535,24.495628349855807
500.75200000004537,8.826053745543216
500.75600000004533,5.746206592153638
500.76000000004535,-26.290422118064832
500.76400000004537,-11.976633973630594
500.76800000004533,13.20138765089851
500.77200000004535,1.2622671166752963
500.77600000004537,9.091866777984354
500.78000000004533,-2.3123414480499616
500.78400000004535,8.542915801671041
500.7880000000454,2.697548665957838
500.79200000004533,-9.818992974379388
500.79600000004535,-3.0577776634455693
500.8000000000454,-38.03941219031134
500.8040000000454,6.143657756300346
500.80800000004535,22.12535122180981
500.8120000000454,10.93789833523771
500.8160000000454,-26.06394672444973
500.82000000004535,19.379212677266256
500.8240000000454,5.050709237657232
500.8280000000454,-6.7690064376139825
500.83200000004535,-10.998618911526238
500.8360000000454,3.360544464514234
500.8400000000454,17.78739771609322
500.84400000004536,-2.7229166971048686
500.8480000000454,10.672827514360934
500.8520000000454,10.898183925827134
500.85600000004536,-3.7174587330161266
500.8600000000454,2.059669193023061
500.8640000000454,-16.75756287248324
500.86800000004536,42.87347881085594
500.8720000000454,-8.556614894072034
500.8760000000454,-29.62333050609963
500.88000000004536,-4.905853830428859
500.8840000000454,-11.77559388516751
500.8880000000454,-14.219428988068438
500.89200000004536,-14.157398149483383
500.8960000000454,6.442700232478849
500.9000000000454,17.235732519427266
500.9040000000454,-11.059180824231975
500.9080000000454,-28.454033695857056
500.9120000000454,4.429458826533141
500.9160000000454,4.943996841016544
500.9200000000454,-5.801502715682376
500.9240000000454,16.963156451849148
500.9280000000454,4.030804209486642
500.9320000000454,-10.000134769140622
500.9360000000454,-29.86145365789595
500.9400000000454,2.750034043611217
500.9440000000454,4.063380934397056
500.9480000000454,-9.371089298210546
500.9520000000454,-22.33715272613669
500.9560000000454,16.52790555979425
500.9600000000454,12.351697682880783
500.9640000000454,12.287685210912802
500.9680000000454,13.502462082924055
500.9720000000454,-17.698002779324554
500.9760000000454,2.806041756434334
500.9800000000454,-13.361302185554404
500.9840000000454,-25.22076144496748
500.9880000000454,17.301509363189208
500.9920000000454,-3.2257341621421363
500.9960000000454,6.85539842469234
501.0000000000454,14.661689761354165
501.00400000004544,-6.985904026438471
501.0080000000454,10.25418177588147
501.0120000000454,9.635207382872828
501.01600000004544,2.530553581944842
501.0200000000454,3.762982875781512
501.0240000000454,28.287102576999175
501.02800000004544,-5.7800205539751515
501.0320000000454,15.056076568845862
501.0360000000454,-27.100638831014773
501.04000000004544,-3.438784430995918
501.0440000000454,-5.1828600416667845
501.0480000000454,-18.399401723421587
501.05200000004544,-9.479892326726173
501.0560000000454,-5.5638956580691055
501.0600000000454,-12.74174423364576
501.06400000004544,-3.717696711665753
501.0680000000454,0.060048002028905034
501.0720000000454,6.308546240111807
501.07600000004544,16.081818830457394
501.0800000000454,-9.985460252873468
501.0840000000454,-1.6439563180750545
501.08800000004544,-3.5063633805133385
501.0920000000454,-5.449896875686246
501.0960000000454,19.59774131733966
501.10000000004544,-12.932643121727327
501.10400000004546,-1.9524722597732094
501.1080000000454,4.5234109381542495
501.11200000004544,14.311808249273266
501.11600000004546,-9.045152597898403
501.1200000000454,7.287085736639458
501.12400000004544,-20.272396640482814
501.12800000004546,11.312214544760074
501.1320000000454,14.219008474252554
501.13600000004544,1.5847227013022533
501.14000000004546,-13.157499028860137
501.1440000000454,-4.580163561442947
501.14800000004544,-33.03959230796559
501.15200000004546,22.583065100062225
501.1560000000454,-8.968248257363491
501.16000000004544,-10.977248810092913
501.16400000004546,11.019006475643941
501.1680000000454,-22.527771535797733
501.17200000004544,1.79421082416222
501.17600000004546,-15.155371587475917
501.1800000000454,23.035838290744657
501.18400000004544,-28.869662298339616
501.18800000004546,-10.509650370339031
501.1920000000454,-4.834216143815766
501.19600000004544,-1.9952545710526053
501.20000000004546,31.516594573230172
501.2040000000455,9.714071574463482
501.20800000004544,-0.8315172933674118
501.21200000004546,12.63216724899342
501.2160000000455,-27.009047651247975
501.22000000004545,-5.159853956731042
501.22400000004546,32.16729926274912
501.2280000000455,-5.201705253437418
501.23200000004545,-21.49812978446264
501.23600000004546,11.945511715348188
501.2400000000455,-11.355520621696463
501.24400000004545,16.229404862285676
501.24800000004547,-5.112773104620749
501.2520000000455,2.628040472485865
501.25600000004545,-6.831618566721896
501.26000000004547,-5.55730590185218
501.2640000000455,11.612913908758879
501.26800000004545,-3.588822918126643
501.27200000004547,-12.9272327441332
501.2760000000455,-26.347515816322527
501.28000000004545,-18.862448546268116
501.28400000004547,-5.102303817803467
501.2880000000455,22.931968231478425
501.29200000004545,-3.6378681952810297
501.29600000004547,-6.904888511926817
501.3000000000455,11.567519094492939
501.3040000000455,30.304406222313396
501.30800000004547,12.55729882242826
501.3120000000455,20.845216548510386
501.3160000000455,3.8328037984314083
501.32000000004547,5.968797532255925
501.3240000000455,-13.939127943212872
501.3280000000455,9.896651952206517
501.33200000004547,2.4090235436559864
501.3360000000455,18.220841018998005
501.3400000000455,7.7101253268879475
501.34400000004547,-20.027976869420165
501.3480000000455,18.937071147300333
501.3520000000455,24.306174885915834
501.35600000004547,4.6504183241163535
501.3600000000455,-17.290495429933582
501.3640000000455,6.800929798527215
501.36800000004547,-9.345849799962018
501.3720000000455,10.522836574113317
501.3760000000455,15.546208524326513
501.38000000004547,10.217463684333051
501.3840000000455,-12.642590960902545
501.3880000000455,17.316627296085226
501.39200000004547,-7.755778200935895
501.3960000000455,-13.128319944307709
501.4000000000455,0.14969619570574588
501.4040000000455,12.015248811130773
501.4080000000455,-21.877501754017562
501.4120000000455,16.620133508710428
501.4160000000455,8.692879185105129
501.4200000000455,-17.276613030865615
501.4240000000455,-10.978889652359506
501.42800000004553,-17.727176486028213
501.4320000000455,-25.528160312565593
501.4360000000455,-11.42394543693335
501.44000000004553,6.734343127892106
501.4440000000455,-10.684332886985262
501.4480000000455,16.730401693104845
501.45200000004553,8.743537535838145
501.4560000000455,6.962846084226966
501.4600000000455,0.031208611583239954
501.46400000004553,-0.6463024455045974
501.4680000000455,-1.4713824160181312
501.4720000000455,-6.781656231962246
501.47600000004553,13.987315097966922
501.4800000000455,-33.215911944879664
501.4840000000455,30.512513027979566
501.48800000004553,24.96167602049651
501.4920000000455,45.07541181935777
501.4960000000455,-2.7569261000241245
501.50000000004553,13.941128859558141
501.50400000004555,-6.4456325575268965
501.5080000000455,19.047070467205995
501.51200000004553,0.8387390226465858
501.51600000004555,-9.251994650596309
501.5200000000455,-21.3962509758913
501.52400000004553,-14.816553194546442
501.52800000004555,14.957180163147658
501.5320000000455,7.288790509199104
501.53600000004553,1.1156695269998071
501.54000000004555,11.23480597510028
501.5440000000455,-0.3726262914922791
501.54800000004553,-22.88378374933194
501.55200000004555,18.7896661219493
501.5560000000455,9.39449196796938
501.56000000004553,-1.882945902741762
501.56400000004555,3.8309214438037067
501.5680000000455,18.820839944766135
501.57200000004553,-19.77054797918344
501.57600000004555,16.831980169583048
501.5800000000455,5.136300571578048
501.58400000004553,-12.600779241560558
501.58800000004555,-30.161407250133124
501.5920000000455,-4.934696742652204
501.59600000004554,-3.0097395735613564
501.60000000004555,6.4104455169144225
501.6040000000456,2.6085593699113243
501.60800000004554,-36.19865643699662
501.61200000004555,11.711987821747982
501.6160000000456,-18.050195550016454
501.62000000004554,3.9867185748734726
501.62400000004556,-13.363813285417493
501.6280000000456,33.21263059427571
501.63200000004554,-28.773033402422428
501.63600000004556,4.985744950790745
501.6400000000456,-0.23585013357965262
501.64400000004554,0.8089955291107951
501.64800000004556,-11.799293564335331
501.6520000000456,-19.25682394530376
501.65600000004554,40.063093671956665
501.66000000004556,-16.498023860752856
501.6640000000456,21.672643380931216
501.66800000004554,-12.315411876173954
501.67200000004556,13.07968932679085
501.6760000000456,26.158423936186423
501.68000000004554,12.743045814538704
501.68400000004556,2.41013625998668
501.6880000000456,-2.082231036502179
501.69200000004554,25.691149493648382
501.69600000004556,0.6822287900807056
501.7000000000456,-11.231143355609976
501.7040000000456,8.895062385833917
501.70800000004556,-22.660186124809353
501.7120000000456,1.5716098682577617
501.7160000000456,20.886246888235227
501.72000000004556,11.149960002008282
501.7240000000456,-4.379963410945805
501.7280000000456,12.285162558943966
501.73200000004556,-3.7866682569576526
501.7360000000456,-17.909954431554144
501.7400000000456,1.2164389153806336
501.74400000004556,9.16463006362418
501.7480000000456,0.7693319090946817
501.7520000000456,-11.74693080784082
501.75600000004556,-3.7547874284732417
501.7600000000456,-6.104272924922995
501.7640000000456,2.508101818431708
501.76800000004556,-9.104813123195722
501.7720000000456,13.879233147017553
501.7760000000456,-16.29210738132086
501.78000000004556,1.062617270578401
501.7840000000456,3.3605954341827604
501.7880000000456,-15.691960324105082
501.79200000004556,-40.84042815464579
501.7960000000456,-22.981210272982985
501.8000000000456,-18.593376840145776
501.8040000000456,-22.415513648861015
501.8080000000456,-2.3622407252704694
501.8120000000456,-1.8184583400500682
501.8160000000456,-1.625865249291053
501.8200000000456,-0.10384096200891002
501.8240000000456,-16.439104987657945
501.8280000000456,-10.372335458840295
501.8320000000456,9.061582466865074
501.8360000000456,20.290377443658492
501.8400000000456,-7.166308961892244
501.8440000000456,-2.134161110554559
501.8480000000456,3.2173359362915432
501.8520000000456,-16.535121084625423
501.8560000000456,-1.8353656524945403
501.8600000000456,-29.192916997928723
501.8640000000456,-28.11659330817486
501.8680000000456,15.776351673804125
501.8720000000456,-0.35745537602725597
501.8760000000456,-21.031642061658815
501.8800000000456,9.145683967956321
501.8840000000456,-13.09900625444534
501.8880000000456,-25.783923064917595
501.8920000000456,-19.09816173515344
501.8960000000456,-17.487094118694145
501.9000000000456,7.180686036085354
501.90400000004564,-6.158894845542035
501.9080000000456,22.86822375647882
501.9120000000456,-2.5023714984450702
501.91600000004564,-15.562020335178733
501.9200000000456,-4.335132557367457
501.9240000000456,20.55946598730663
501.92800000004564,21.253431058403525
501.9320000000456,15.089551062669345
501.9360000000456,-19.545163108456382
501.94000000004564,-14.32920401139521
501.9440000000456,2.4473630588079427
501.9480000000456,-35.486133700623945
501.95200000004564,16.233431985759292
501.9560000000456,-1.536247716569601
501.9600000000456,-40.83697184270345
501.96400000004564,-7.88983548204217
501.9680000000456,-10.96365170306756
501.9720000000456,-10.141792825365247
501.97600000004564,-36.14603354496425
501.9800000000456,4.034288557159027
501.9840000000456,4.857352818011842
501.98800000004564,-1.8369244813070635
501.9920000000456,-1.9935395860620035
501.9960000000456,12.923797282550701
502.00000000004565,-5.053221894271022
502.00400000004566,-15.06707365624686
502.0080000000456,-8.302314848541759
502.01200000004565,-3.7426959849351418
502.01600000004566,-2.554777194360243
502.0200000000456,-27.678187634523518
502.02400000004565,13.599040914507892
502.02800000004567,3.2688220162242843
502.0320000000456,-10.737438697422082
502.03600000004565,-17.91127882910706
502.04000000004567,-2.3181244137003785
502.0440000000456,-3.55020315134653
502.04800000004565,12.674145109505904
502.05200000004567,7.120695895461396
502.05600000004563,9.534806284061117
502.06000000004565,11.533970063953156
502.06400000004567,-13.371732584413948
502.06800000004563,2.6747115724419928
502.07200000004565,-6.211057939376917
502.07600000004567,-9.563395468915964
502.08000000004563,-13.370087076534709
502.08400000004565,0.44840072706480116
502.08800000004567,12.228298069580426
502.09200000004563,-19.26760292289056
502.09600000004565,12.31289913746162
502.10000000004567,-14.0365936234753
502.1040000000457,-24.894102437986927
502.10800000004565,-14.67920006718635
502.11200000004567,-5.043480492028811
502.1160000000457,8.797337876281315
502.12000000004565,-12.118089452674544
502.12400000004567,-6.368520052461551
502.1280000000457,-0.5233260491411744
502.13200000004565,8.726879827593764
502.13600000004567,40.40622959357112
502.1400000000457,8.118552966361163
502.14400000004565,-9.80283593363755
502.14800000004567,9.004685576555866
502.1520000000457,-10.057971972737267
502.15600000004565,0.22963211380621917
502.16000000004567,38.01738292353458
502.1640000000457,3.0463741686829833
502.16800000004565,-20.035256116453116
502.17200000004567,16.577203551778755
502.1760000000457,-4.979023602038754
502.18000000004565,-8.503181634975736
502.18400000004567,-7.372891573645942
502.1880000000457,-20.201064902865316
502.19200000004565,-16.74976454402274
502.1960000000457,-16.440393556299004
502.2000000000457,18.62996885130056
502.2040000000457,19.087219971127453
502.2080000000457,-6.011833340083408
502.2120000000457,4.2193968012928185
502.2160000000457,-6.268993414367823
502.2200000000457,-6.9821426794914725
502.2240000000457,-27.762225297849398
502.2280000000457,7.451878374076859
502.2320000000457,-26.214206938920274
502.2360000000457,5.944359417298529
502.2400000000457,28.206571554058307
502.2440000000457,-14.034069172305657
502.2480000000457,22.621064520589808
502.2520000000457,14.001574553497159
502.2560000000457,19.42049001599013
502.2600000000457,17.007668530062187
502.2640000000457,7.058741019083465
502.2680000000457,-3.0075246806401514
502.2720000000457,-3.801508463610732
502.2760000000457,12.809086278804678
502.2800000000457,20.14588442967891
502.2840000000457,12.486868895436075
502.2880000000457,-6.120829330272789
502.2920000000457,31.61502274581985
502.2960000000457,-3.926550257055406
502.3000000000457,18.1167645312668
502.30400000004573,-13.480519097893058
502.3080000000457,-0.7988041998311162
502.3120000000457,-34.79241950767738
502.31600000004573,42.12989508222727
502.3200000000457,6.344444719487661
502.3240000000457,10.834869682486124
502.32800000004573,-10.733367736566354
502.3320000000457,-10.211876966692849
502.3360000000457,12.320556174969923
502.34000000004573,14.30163889762056
502.3440000000457,-12.934206363416955
502.3480000000457,5.967096160559437
502.35200000004573,-10.184400947782063
502.3560000000457,0.7158072509786861
502.3600000000457,-20.71274482890877
502.36400000004573,7.708099583497521
502.3680000000457,-22.280160875554134
502.3720000000457,-18.176596189892415
502.37600000004574,14.732370999025989
502.3800000000457,12.530640646581759
502.3840000000457,-11.067169869387762
502.38800000004574,-25.085226715087654
502.3920000000457,2.397599370487971
502.3960000000457,25.066413047257225
502.40000000004574,8.749257868417255
502.40400000004576,-10.787253483491861
502.4080000000457,-8.318958617430193
502.41200000004574,-10.993316351740956
502.41600000004576,-27.050257605345664
502.4200000000457,15.866145642887872
502.42400000004574,5.78199603092313
502.42800000004576,4.791681241194286
502.4320000000457,18.297289312386567
502.43600000004574,6.826675441743686
502.44000000004576,-12.841962369248156
502.4440000000457,25.72170748443444
502.44800000004574,-24.57253396272994
502.45200000004576,11.947639991417391
502.4560000000457,5.154596140167063
502.46000000004574,-25.910257545928175
502.46400000004576,-11.555023962616268
502.4680000000457,-0.5549960979600375
502.47200000004574,14.631453377584464
502.47600000004576,11.468184073086784
502.4800000000457,12.98506422318154
502.48400000004574,-1.343105870210219
502.48800000004576,-6.979385311483536
502.4920000000457,-18.22880296264081
502.49600000004574,7.796745948891367
502.50000000004576,0.3781552278386968
502.5040000000458,-5.958541242606126
502.50800000004574,28.189492112773834
502.51200000004576,1.069330251818335
502.5160000000458,-14.174222631003664
502.52000000004574,18.222764548448176
502.52400000004576,2.6218362522596568
502.5280000000458,-5.210492657630464
502.53200000004574,0.6958139450172931
502.53600000004576,6.689431373476594
502.5400000000458,-1.6031717473832203
502.54400000004574,0.10539727076230054
502.54800000004576,-11.884557034828628
502.5520000000458,29.213461890416497
502.55600000004574,12.650393040329051
502.56000000004576,-1.0066663255341608
502.5640000000458,-11.313143320943261
502.56800000004574,-3.328538974782245
502.57200000004576,-10.807526293639922
502.5760000000458,-22.8440578046646
502.58000000004574,-4.970412677528903
502.58400000004576,-0.1464143665046782
502.5880000000458,-17.300834986968223
502.59200000004574,-22.63324066644579
502.59600000004576,-9.60845403796048
502.6000000000458,1.5609336076991003
502.6040000000458,33.92418296104777
502.60800000004576,-4.040090629520675
502.6120000000458,-26.803100449318947
502.6160000000458,0.5876349832646528
502.62000000004576,-31.42228874618826
502.6240000000458,-36.56310337121057
502.6280000000458,-6.695518086697236
502.63200000004576,10.970608255466313
502.6360000000458,17.872909365042055
502.6400000000458,33.64719688047708
502.64400000004576,6.995779757491161
502.6480000000458,-15.661986912556525
502.6520000000458,28.139972457263063
502.65600000004576,5.744610606577111
502.6600000000458,8.511987685939326
502.6640000000458,16.21569952803716
502.66800000004577,11.03110849460416
502.6720000000458,-5.479593970133314
502.6760000000458,-11.369670426341468
502.68000000004577,-23.363630898415717
502.6840000000458,8.76186423203179
502.6880000000458,-32.06350925665669
502.69200000004577,-42.55851141868687
502.6960000000458,-15.847372201025138
502.7000000000458,-4.6442051884533875
502.7040000000458,-10.23823720999023
502.7080000000458,-39.16193041001381
502.7120000000458,-4.201427137133557
502.7160000000458,8.54243244017492
502.7200000000458,24.453520001112256
502.7240000000458,24.791094807390465
502.7280000000458,-15.434794206018353
502.7320000000458,-15.299588513778435
502.7360000000458,23.925208738621105
502.7400000000458,9.812408968566716
502.7440000000458,26.045068906083934
502.7480000000458,-13.540798015142633
502.7520000000458,13.452311075642239
502.7560000000458,10.144791630623354
502.7600000000458,-15.35142902326628
502.7640000000458,14.085301081065062
502.7680000000458,22.519262488917427
502.7720000000458,-6.319924308452985
502.7760000000458,6.373100699985321
502.7800000000458,6.220236203563648
502.7840000000458,-5.418515939972677
502.7880000000458,23.363010928953422
502.7920000000458,-2.770070563945531
502.7960000000458,-6.044301501716273
502.8000000000458,1.1651304351779503
502.80400000004585,3.2610118157620915
502.8080000000458,-4.586423193215023
502.8120000000458,10.647048818990209
502.81600000004585,2.7677114149792392
502.8200000000458,-23.525599223376783
502.8240000000458,-19.342601249948917
502.82800000004585,6.728653765082877
502.8320000000458,19.340876953029618
502.83600000004583,4.132592571946109
502.84000000004585,34.67750272361959
502.8440000000458,-26.7803769577041
502.84800000004583,8.79513162827176
502.85200000004585,-8.33739685686693
502.8560000000458,19.862508598798367
502.86000000004583,-36.31922843995194
502.86400000004585,-5.47739320710323
502.8680000000458,14.86046069873792
502.87200000004583,30.939868193571478
502.87600000004585,11.44910180322675
502.8800000000458,18.812927335316644
502.88400000004583,-30.542093028579636
502.88800000004585,6.81880564242174
502.8920000000458,-17.602975483068356
502.89600000004583,-24.47979145022303
502.90000000004585,-11.927404583850947
502.90400000004587,-2.7691298508793647
502.90800000004583,-29.512591035369027
502.91200000004585,-26.097243469894245
502.91600000004587,-21.316770914779706
502.92000000004583,-1.2182949292264467
502.92400000004585,-1.094342174052716
502.92800000004587,-0.9707492001521171
502.93200000004583,0.44553195482161634
502.93600000004585,0.2004722653390587
502.94000000004587,16.513603623062004
502.94400000004583,-26.881846804071756
502.94800000004585,-1.2813235288966462
502.95200000004587,-6.367955997972647
502.95600000004583,40.00370814357991
502.96000000004585,7.498725166784217
502.96400000004587,-15.328578951959518
502.96800000004583,5.578961041826915
502.97200000004585,-2.445882854698463
502.9760000000459,1.9011480983307232
502.98000000004583,-12.698053885830733
502.98400000004585,-5.503760834862156
502.9880000000459,3.5321541275335884
502.99200000004583,28.31316609309475
502.99600000004585,-15.795758450259662
503.0000000000459,1.5620332569466684
503.0040000000459,34.21833214189748
503.00800000004585,-3.045665991821677
503.0120000000459,2.182600636342946
503.0160000000459,35.598030741809566
503.02000000004585,10.462222185250576
503.0240000000459,32.34189806960095
503.0280000000459,4.929584739533328
503.03200000004585,8.567355380604733
503.0360000000459,-12.614018528643257
503.0400000000459,15.650117206500427
503.04400000004586,29.68821172234686
503.0480000000459,23.408471400095543
503.0520000000459,-18.038502480002744
503.05600000004586,-3.806563404369749
503.0600000000459,-19.616341046539272
503.0640000000459,-7.796583671350674
503.06800000004586,-0.8466547843371339
503.0720000000459,0.2605531726813761
503.0760000000459,-20.217942355868686
503.08000000004586,24.725385779360323
503.0840000000459,-3.0495270008955986
503.0880000000459,-10.593006110328503
503.09200000004586,-4.687263750115615
503.0960000000459,16.888139897263976
503.1000000000459,27.632625227378057
503.1040000000459,-17.732657341407982
503.1080000000459,12.484199238409046
503.1120000000459,4.863830353184169
503.1160000000459,-0.35703031962635645
503.1200000000459,3.937233380125278
503.1240000000459,1.5525383632034193
503.1280000000459,0.5830506851048523
503.1320000000459,-20.492881160771883
503.1360000000459,-0.37194292246508365
503.1400000000459,14.503108131921243
503.1440000000459,-25.60348786751674
503.1480000000459,-47.72724903060243
503.1520000000459,-1.3168973500013887
503.1560000000459,11.748579301275914
503.1600000000459,-13.525160647172351
503.1640000000459,-11.753505224334873
503.1680000000459,-6.302093799623456
503.1720000000459,13.558021602218163
503.1760000000459,36.10559185403753
503.1800000000459,-1.3563546488484022
503.1840000000459,6.594885539050671
503.1880000000459,6.360155607047812
503.1920000000459,-24.280991633042085
503.1960000000459,-0.975041822970006
503.2000000000459,18.446499135388375
503.20400000004594,-6.033905189862592
503.2080000000459,0.418423823359306
503.2120000000459,21.39505125077773
503.21600000004594,1.5197624197515651
503.2200000000459,8.414163330119958
503.2240000000459,-12.954405318485149
503.22800000004594,-16.302526909113627
503.2320000000459,-1.725323233813831
503.2360000000459,16.53352196868117
503.24000000004594,3.256174727700965
503.2440000000459,-23.226976030098214
503.2480000000459,-37.56724670392622
503.25200000004594,4.226538694355756
503.2560000000459,-1.5657730886572248
503.2600000000459,-26.717873496357612
503.26400000004594,-5.094189207015932
503.2680000000459,-10.436409587482254
503.2720000000459,11.46721462724268
503.27600000004594,-6.946666426523067
503.2800000000459,-6.294972395674709
503.2840000000459,24.788757647553304
503.28800000004594,-30.111659444899672
503.2920000000459,-9.200289447637212
503.2960000000459,-21.288895380261874
503.30000000004594,7.173715954579506
503.30400000004596,15.423364919223022
503.3080000000459,-5.886897180156037
503.31200000004594,-17.328214862430315
503.31600000004596,4.352978204322821
503.3200000000459,-13.08478305926489
503.32400000004594,-2.1733043357723543
503.32800000004596,-9.172542754485303
503.3320000000459,17.86247767972924
503.33600000004594,10.530165500771115
503.34000000004596,5.165107870962412
503.3440000000459,22.61305520293866
503.34800000004594,-13.855533986398338
503.35200000004596,-20.73396942832813
503.3560000000459,0.04689098177596851
503.36000000004594,-18.20162572689205
503.36400000004596,14.266969932629387
503.3680000000459,17.479737975712794
503.37200000004594,-6.6743184475549615
503.37600000004596,1.9930206174478946
503.3800000000459,17.350517034910762
503.38400000004594,-9.281948827376526
503.38800000004596,-27.611246775145514
503.3920000000459,-8.605137617339176
503.39600000004594,20.449660629246278
503.40000000004596,3.01870947972822
503.404000000046,40.607622423416665
503.40800000004594,26.06861213161876
503.41200000004596,-19.150935327605794
503.416000000046,-6.565376004288672
503.42000000004595,16.924504318107864
503.42400000004596,7.791317123876494
503.428000000046,-27.965805419839434
503.43200000004595,-12.265372190363562
503.43600000004596,14.299980651806841
503.440000000046,0.03936177312288036
503.44400000004595,-5.438212923342961
503.44800000004597,12.86690242759521
503.452000000046,2.738212967366748
503.45600000004595,-2.133375973556264
503.46000000004597,-6.114390315080249
503.464000000046,-3.143016477717816
503.46800000004595,28.635906227211855
503.47200000004597,-14.654797640295895
503.476000000046,-4.347385029050546
503.48000000004595,0.32808211086557193
503.48400000004597,-4.360835627569854
503.488000000046,-14.549674852049694
503.49200000004595,5.23710213328855
503.49600000004597,-8.686366866687777
503.500000000046,-6.538566023258168
503.504000000046,-13.690250046108659
503.50800000004597,-12.805426163862922
503.512000000046,0.7671437937832417
503.516000000046,-5.203501705001084
503.52000000004597,5.259710418039937
503.524000000046,-17.195709670439275
503.528000000046,7.032759335637038
503.53200000004597,-9.492874363818814
503.536000000046,5.397268380411555
503.540000000046,-18.045393983378027
503.54400000004597,-30.470499135089657
503.548000000046,16.991794234869456
503.552000000046,2.671368532121132
503.55600000004597,-28.937064633956425
503.560000000046,-22.73687801278623
503.564000000046,18.893980157295694
503.56800000004597,-4.882544326799072
503.572000000046,-3.0588859905837147
503.576000000046,-15.898244858663768
503.58000000004597,11.420977889253418
503.584000000046,-40.32268222445753
503.588000000046,-10.891819713077027
503.59200000004597,19.541845457931387
503.596000000046,25.015866199928215
503.600000000046,-14.44259364797005
503.604000000046,-8.55649192090057
503.608000000046,16.178155312242374
503.612000000046,-16.502197099726917
503.61600000004603,10.432178454990495
503.620000000046,3.9389453870683955
503.624000000046,-11.239978282756793
503.62800000004603,9.909619854975082
503.632000000046,59.31777662490017
503.636000000046,24.152978550154955
503.64000000004603,0.9406419458408504
503.644000000046,8.319572864207036
503.648000000046,-16.748188240222753
503.65200000004603,-3.868619427258763
503.656000000046,-25.402417152378824
503.660000000046,-8.203701058202338
503.66400000004603,13.399190193710542
503.668000000046,-9.360944997130684
503.672000000046,-7.675429076104398
503.67600000004603,6.658524495702365
503.680000000046,12.368353030744807
503.684000000046,37.95072964072974
503.68800000004603,-6.873734271411083
503.692000000046,12.040325194018706
503.696000000046,-3.1161670321351584
503.70000000004603,-7.639263432678513
503.70400000004605,-0.7394747203771743
503.708000000046,-21.59911778094563
503.71200000004603,-2.6966776968615873
503.71600000004605,-21.657629503254597
503.720000000046,13.876964643483767
503.72400000004603,-0.35477291337908756
503.72800000004605,-11.96802366032382
503.732000000046,-18.50603312521129
503.73600000004603,1.3435138863235838
503.74000000004605,30.71456860743384
503.744000000046,22.40412064819621
503.74800000004603,2.518300959601745
503.75200000004605,8.863617968309487
503.756000000046,-9.547977092250273
503.76000000004603,7.111043623744657
503.76400000004605,-10.81678111734574
503.768000000046,21.12415581977863
503.77200000004603,-4.472889932954052
503.77600000004605,13.809726281659094
503.780000000046,18.42020579925928
503.78400000004603,3.871557769201601
503.78800000004605,-7.861301516771179
503.792000000046,3.165418722370628
503.79600000004604,11.501386663393266
503.80000000004605,-33.56963331239799
503.8040000000461,2.5887705400856964
503.80800000004604,-1.128333149356858
503.81200000004605,21.528136662064988
503.8160000000461,-15.339147751370465
503.82000000004604,-6.799529989339465
503.82400000004606,22.043351479983166
503.8280000000461,-8.647064048792148
503.83200000004604,11.384104888613534
503.83600000004606,-31.99335163075198
503.8400000000461,12.379867725103031
503.84400000004604,13.798407828118263
503.84800000004606,5.073124743827116
503.8520000000461,-12.6270943134305
503.85600000004604,4.497787396014076
503.86000000004606,-7.07349383510752
503.8640000000461,-17.82209574438327
503.86800000004604,-9.192251868113612
503.87200000004606,24.959803685570105
503.8760000000461,35.81807434053037
503.88000000004604,-2.9807681459746553
503.88400000004606,-16.07296060601449
503.8880000000461,3.37787785232873
503.89200000004604,15.484000433678222
503.89600000004606,33.44941458550806
503.9000000000461,-5.510290643810497
503.9040000000461,22.926464902334672
503.90800000004606,13.364237105244733
503.9120000000461,20.633457452709273
503.9160000000461,16.489771341588114
503.92000000004606,22.997580096087383
503.9240000000461,5.764554782632048
503.9280000000461,-6.899255947889696
503.93200000004606,-27.11806794728508
503.9360000000461,-0.5411509728297796
503.9400000000461,-33.11765554035148
503.94400000004606,4.434197463637881
503.9480000000461,0.2938983492107061
503.9520000000461,22.772090198758182
503.95600000004606,15.488601187602415
503.9600000000461,-2.8911390136717223
503.9640000000461,-4.762198242177481
503.96800000004606,15.340572475126642
503.9720000000461,-8.717021924115876
503.9760000000461,3.704298280102436
503.98000000004606,15.728027754493823
503.9840000000461,-49.57190396940822
503.9880000000461,24.36831661898058
503.99200000004606,5.14796808173408
503.9960000000461,-16.643621155513664
504.0000000000461,13.746611868780228
504.0040000000461,-31.647477925752938
504.0080000000461,0.7892145202777705
504.0120000000461,-17.558314950385228
504.0160000000461,-19.688222624766507
504.0200000000461,-9.400066083635597
504.0240000000461,16.799093456249242
504.0280000000461,-7.115954800465821
504.0320000000461,24.99468068210772
504.0360000000461,2.211730813625197
504.0400000000461,6.7053667681216345
504.0440000000461,3.928976071236354
504.0480000000461,8.931159788574409
504.0520000000461,6.289416641795195
504.0560000000461,-12.334190841590939
504.0600000000461,7.4307687015182715
504.0640000000461,0.8768640546401786
504.0680000000461,10.433030214484756
504.0720000000461,-1.3145701847992686
504.0760000000461,-1.5370376852299277
504.0800000000461,16.867905479616105
504.0840000000461,-18.75443974926684
504.0880000000461,-3.3207290914088494
504.0920000000461,0.7863537899980533
504.0960000000461,-3.6434085705664336
504.1000000000461,-32.13540109783895
504.10400000004614,13.662275124915606
504.1080000000461,10.596376362509067
504.1120000000461,-11.177170991513908
504.11600000004614,6.98103917702954
504.1200000000461,20.306697836753163
504.1240000000461,-10.944704448704034
504.12800000004614,-21.808200230688534
504.1320000000461,-16.08295946311408
504.1360000000461,-21.02518564836384
504.14000000004614,-2.347620366437112
504.1440000000461,-20.713045454254427
504.1480000000461,-5.381488691772912
504.15200000004614,12.125512805314115
504.1560000000461,19.8182907256759
504.1600000000461,23.633657918573213
504.16400000004614,-8.363065346500875
504.1680000000461,25.18089752978843
504.1720000000461,-7.466344689195107
504.17600000004614,4.967126474254014
504.1800000000461,-0.6800854091459786
504.1840000000461,-3.736531221664641
504.18800000004615,-17.446186556540468
504.1920000000461,-7.352191770678169
504.1960000000461,20.081121113237405
504.20000000004615,7.78518846214679
504.20400000004616,-29.423899575987644
504.2080000000461,-22.076098132199462
504.21200000004615,-20.91787124303333
504.21600000004617,0.08842910241667146
504.2200000000461,-14.872951458348219
504.22400000004615,-2.808215187329753
504.22800000004617,-0.2005940253331926
504.2320000000461,26.11187808635004
504.23600000004615,21.65911758855831
504.24000000004617,2.272206303045291
504.2440000000461,12.205054543710318
504.24800000004615,16.00432801525361
504.25200000004617,10.267367340216873
504.25600000004613,7.454408099205426
504.26000000004615,-21.32446167300496
504.26400000004617,19.392989274114342
504.26800000004613,27.700778030503884
504.27200000004615,-2.9129165094844627
504.27600000004617,27.0289168112042
504.28000000004613,9.242227937846716
504.28400000004615,5.601581990656008
504.28800000004617,0.04355324166975172
504.29200000004613,0.3245545615931835
504.29600000004615,31.168471278117668
504.30000000004617,-19.618003404744584
504.3040000000462,-3.642028874498919
504.30800000004615,-1.82584954351691
504.31200000004617,-22.671337544418684
504.3160000000462,-27.67237873762475
504.32000000004615,33.4751027281839
504.32400000004617,-2.072388765929676
504.3280000000462,20.598954681399952
504.33200000004615,-23.54810449061118
504.33600000004617,5.763924253406941
504.3400000000462,15.884964451567557
504.34400000004615,7.377703551006846
504.34800000004617,-11.1181154347588
504.3520000000462,3.420017803375541
504.35600000004615,1.49525364279907
504.36000000004617,39.08381309359439
504.3640000000462,9.594258792832443
504.36800000004615,-42.080767344140334
504.37200000004617,-0.05098806272081535
504.3760000000462,-4.0480436448260875
504.38000000004615,-6.424460076913151
504.38400000004617,-2.261053300256149
504.3880000000462,-6.210078036042597
504.39200000004615,-16.81897983191337
504.3960000000462,15.690590264840637
504.4000000000462,-23.447143302293806
504.4040000000462,3.651995279900694
504.4080000000462,18.986603404439908
504.4120000000462,-3.2264532666516423
504.4160000000462,-15.120776320233695
504.4200000000462,1.4566680238440792
504.4240000000462,-10.501573479620284
504.4280000000462,-8.837777479286299
504.4320000000462,-9.696332092602388
504.4360000000462,18.001546374066482
504.4400000000462,-5.917225213103583
504.4440000000462,9.482674737730681
504.4480000000462,7.781825055855496
504.4520000000462,1.0617526009487488
504.4560000000462,12.552243052898136
504.4600000000462,-4.404008727157446
504.4640000000462,3.3103303067663643
504.4680000000462,3.9674626379981888
504.4720000000462,-40.26253760500888
504.4760000000462,11.206087145883652
504.4800000000462,-9.694117281966426
504.4840000000462,-25.3161757777265
504.4880000000462,9.953713545403541
504.4920000000462,29.83030926213932
504.4960000000462,-8.459007744492745
504.5000000000462,14.753769049966788
504.50400000004623,7.00346819115339
504.5080000000462,23.100102923774493
504.5120000000462,-24.981454651098467
504.51600000004623,7.196530225416906
504.5200000000462,9.02589773720391
504.5240000000462,6.6518977251183475
504.52800000004623,-6.424449731432894
504.5320000000462,-15.860911512698854
504.5360000000462,-36.58178146220823
504.54000000004623,-17.939307045739422
504.5440000000462,-1.4542048642280048
504.5480000000462,9.998642406419318
504.55200000004623,5.48532575948761
504.5560000000462,-6.360023394008594
504.5600000000462,-5.373616668284064
504.56400000004624,22.98175462638466
504.5680000000462,6.867877967642989
504.5720000000462,31.498733900725426
504.57600000004624,2.541292452182963
504.5800000000462,9.928665746972527
504.5840000000462,-19.526758156109256
504.58800000004624,9.835847406609956
504.5920000000462,6.921365005120618
504.5960000000462,15.037295105405931
504.60000000004624,17.331923406113344
504.60400000004626,6.699076885359979
504.6080000000462,7.357419462686765
504.61200000004624,0.6182038416597107
504.61600000004626,10.508965222519096
504.6200000000462,-8.244887410732431
504.62400000004624,-14.4651950006888
504.62800000004626,-13.559813329481104
504.6320000000462,-10.154765980056238
504.63600000004624,-15.70935211353586
504.64000000004626,-20.993847332036424
504.6440000000462,-2.6437621627648125
504.64800000004624,5.106944291501115
504.65200000004626,2.36496008384311
504.6560000000462,-27.565945851380565
504.66000000004624,30.563765151298874
504.66400000004626,4.449963661584571
504.6680000000462,8.751363658449083
504.67200000004624,-29.18703325016636
504.67600000004626,-15.379854229554109
504.6800000000462,-11.401019491909143
504.68400000004624,-6.243932889985333
504.68800000004626,-11.334853744208122
504.6920000000462,6.738729068077184
504.69600000004624,6.735891698043204
504.70000000004626,-18.382999330679173
504.7040000000463,6.504288593961983
504.70800000004624,13.891463106613129
504.71200000004626,13.726771875082534
504.7160000000463,-24.141844125274503
504.72000000004624,14.40377264888015
504.72400000004626,1.1729730674201702
504.7280000000463,-0.29443092152134503
504.73200000004624,1.0327288720114929
504.73600000004626,33.5454542382185
504.7400000000463,0.5249042217269237
504.74400000004624,1.6750048387967365
504.74800000004626,5.141084313955308
504.7520000000463,-14.772432693444784
504.75600000004624,-12.506633124801398
504.76000000004626,-35.086983729221295
504.7640000000463,10.922532356541822
504.76800000004624,9.258080162211332
504.77200000004626,10.422984593531185
504.7760000000463,-29.213713307344104
504.78000000004624,15.957161646663575
504.78400000004626,15.423769045455831
504.7880000000463,30.08701535664444
504.79200000004624,30.29808031753855
504.79600000004626,-8.28491926802113
504.8000000000463,-15.782803897298201
504.8040000000463,-5.704628436103765
504.80800000004626,-12.469923771983913
504.8120000000463,10.164405242211762
504.8160000000463,-16.328193869030734
504.82000000004626,21.921837186922676
504.8240000000463,0.18858079474277245
504.8280000000463,6.01291974990074
504.83200000004626,25.472113790906207
504.8360000000463,7.660280861811739
504.8400000000463,-19.125429209400295
504.84400000004626,-0.08918347089587098
504.8480000000463,1.2656214751541879
504.8520000000463,4.8219046355694495
504.85600000004627,13.700285876349431
504.8600000000463,5.4618203041313
504.8640000000463,-33.546146340941945
504.86800000004627,-2.992765548814641
504.8720000000463,5.285065682399116
504.8760000000463,-1.0326904326097448
504.88000000004627,-21.42251159154973
504.8840000000463,-26.497468732675138
504.8880000000463,18.095450003876973
504.89200000004627,13.847405072172647
504.8960000000463,13.43525220391578
504.9000000000463,-8.606194914840803
504.9040000000463,7.602629400303195
504.9080000000463,9.718043316183916
504.9120000000463,-11.87650700261086
504.9160000000463,-19.554843785567876
504.9200000000463,-4.851915867419808
504.9240000000463,31.882641569747562
504.9280000000463,-2.637468343619106
504.9320000000463,2.173678802725539
504.9360000000463,21.16959560505205
504.9400000000463,-11.97750072421799
504.9440000000463,5.0490705552018325
504.9480000000463,-2.386546423757288
504.9520000000463,15.21440058172939
504.9560000000463,-1.5324556333689192
504.9600000000463,-5.009023942796504
504.9640000000463,-28.49650877535602
504.9680000000463,25.773349556875083
504.9720000000463,-7.525873549366188
504.9760000000463,5.876646292478903
504.9800000000463,-26.538232413087055
504.9840000000463,-21.95328445214759
504.9880000000463,-5.715459610442161
504.9920000000463,-3.39682003611114
504.9960000000463,1.396814615288057
505.0000000000463,7.455399504220513
505.00400000004635,3.043091910564154
505.0080000000463,7.528050937126126
505.0120000000463,-8.792762613658724
505.01600000004635,-30.955053388858417
505.0200000000463,11.959333039154352
505.0240000000463,9.298108449644598
505.02800000004635,-29.91417558717002
505.0320000000463,-16.571877225295562
505.03600000004633,-0.4475746075583251
505.04000000004635,-19.3350434658996
505.0440000000463,3.767722744906897
505.04800000004633,9.89743714518819
505.05200000004635,-14.011771552831094
505.0560000000463,22.080799406995844
505.06000000004633,-12.523506913429795
505.06400000004635,31.18662045560491
505.0680000000463,-20.845412770626297
505.07200000004633,4.322795634834213
505.07600000004635,1.9370922296397508
505.0800000000463,8.400900303529813
505.08400000004633,2.8533703325136077
505.08800000004635,-24.773887446507555
505.0920000000463,0.7128939881695456
505.09600000004633,-7.84483359317496
505.10000000004635,18.60050057411774
505.10400000004637,33.6318311427978
505.10800000004633,12.036729578309172
505.11200000004635,-11.975363400832629
505.11600000004637,-27.82308973103471
505.12000000004633,8.651373013684088
505.12400000004635,-33.857455410941796
505.12800000004637,5.090611913336792
505.13200000004633,7.947149471693159
505.13600000004635,21.637022263995952
505.14000000004637,4.370260020090557
505.14400000004633,23.044397956697907
505.14800000004635,11.876865717026341
505.15200000004637,3.6126850797792924
505.15600000004633,-2.4004176331376414
505.16000000004635,-21.77034794199754
505.16400000004637,-8.826901034043177
505.16800000004633,1.1231257151273428
505.17200000004635,-14.707674410956917
505.1760000000464,-0.14209637001368214
505.18000000004633,11.140288303488383
505.18400000004635,-3.2076640324684975
505.1880000000464,-5.6207104476768865
505.19200000004633,-23.851379001267762
505.19600000004635,-12.174539168935617
505.2000000000464,23.18493933155552
505.2040000000464,18.380249271990454
505.20800000004635,-10.019891635358801
505.2120000000464,0.9085906469412072
505.2160000000464,17.065808319382384
505.22000000004635,6.552006685067282
505.2240000000464,5.625303542277125
505.2280000000464,-9.796796954958683
505.23200000004636,-26.17817447477113
505.2360000000464,-0.9963091343976747
505.2400000000464,-3.204064414952168
505.24400000004636,-38.639723383419195
505.2480000000464,0.9365918200467982
505.2520000000464,-6.93406235602568
505.25600000004636,-24.911454024837496
505.2600000000464,-3.1119561421577426
505.2640000000464,-24.60553063346452
505.26800000004636,-30.30376521167253
505.2720000000464,5.940705410604421
505.2760000000464,-0.3254559087081029
505.28000000004636,15.055413651774778
505.2840000000464,-3.991565353666828
505.2880000000464,16.39444836037021
505.29200000004636,-5.360135010336904
505.2960000000464,-5.843926289619678
505.3000000000464,34.16941631164731
505.3040000000464,12.884523435099416
505.3080000000464,29.502180349641183
505.3120000000464,-9.7008957971384
505.3160000000464,-26.051764854896597
505.3200000000464,-21.601865166833672
505.3240000000464,-14.286498697570456
505.3280000000464,-9.582414987330482
505.3320000000464,10.779185336199994
505.3360000000464,5.688895178804216
505.3400000000464,13.687514775068445
505.3440000000464,11.907333787322447
505.3480000000464,-4.896130160589492
505.3520000000464,23.04373514925325
505.3560000000464,12.809187082638587
505.3600000000464,9.938116212916748
505.3640000000464,17.206436836051754
505.3680000000464,5.80675442682006
505.3720000000464,16.614342477750323
505.3760000000464,23.829427577054595
505.3800000000464,-0.05428829034136662
505.3840000000464,-7.399726525172257
505.3880000000464,5.726775872584188
505.3920000000464,22.41011249877765
505.3960000000464,-8.202650078707551
505.4000000000464,-10.539197748556552
505.40400000004644,-25.560846031790206
505.4080000000464,0.29157237553452453
505.4120000000464,-17.360454900524246
505.41600000004644,4.298336465374384
505.4200000000464,-17.585440029078676
505.4240000000464,9.140355019207576
505.42800000004644,-5.6904642278816695
505.4320000000464,-15.649616093296139
505.4360000000464,19.027405654119008
505.44000000004644,-28.87558105771526
505.4440000000464,6.9632960574533485
505.4480000000464,6.3734188126389135
505.45200000004644,-8.190885356609558
505.4560000000464,10.700086574053998
505.4600000000464,5.8493060261074445
505.46400000004644,-11.905598389477381
505.4680000000464,15.8286253484802
505.4720000000464,17.3963532642836
505.47600000004644,-16.430695420851965
505.4800000000464,-14.449358475219565
505.4840000000464,-29.419468169959067
505.48800000004644,-40.00196097768391
505.4920000000464,-4.274600130657696
505.4960000000464,6.096750645627608
505.50000000004644,9.713734410031769
505.50400000004646,-2.1272978234829187
505.5080000000464,-16.064118782829453
505.51200000004644,0.5678096586049787
505.51600000004646,-7.152717350981495
505.5200000000464,-21.189974520716266
505.52400000004644,14.375366532157628
505.52800000004646,-16.04548952182041
505.5320000000464,1.135962886930687
505.53600000004644,9.201798922885132
505.54000000004646,-16.039218141179376
505.5440000000464,0.8819445022937198
505.54800000004644,-3.835042051951392
505.55200000004646,0.48097614586287096
505.5560000000464,3.3242906478389673
505.56000000004644,-11.74760492514529
505.56400000004646,11.251023662174333
505.5680000000464,-0.9693231704913039
505.57200000004644,-22.899717793934517
505.57600000004646,12.247344361904613
505.5800000000464,-13.819782038347018
505.58400000004644,5.312534419456447
505.58800000004646,-11.534064647214395
505.5920000000464,-19.020294375759377
505.59600000004644,6.813248524132941
505.60000000004646,9.882797642545974
505.6040000000465,5.275945550054985
505.60800000004645,18.63306692443681
505.61200000004646,0.6537911349913437
505.6160000000465,-0.594221644654215
505.62000000004645,8.276923092751296
505.62400000004646,22.39483690510304
505.6280000000465,-15.865008459641258
505.63200000004645,-6.990115786867003
505.63600000004647,-16.602897192918082
505.6400000000465,13.630424860433362
505.64400000004645,3.034210862774358
505.64800000004647,4.263715669352388
505.6520000000465,4.361617655272825
505.65600000004645,0.8595805827783729
505.66000000004647,1.9865172318287077
505.6640000000465,38.939247591966286
505.66800000004645,-42.91056544827833
505.67200000004647,-13.86338990153074
505.6760000000465,43.778197492760846
505.68000000004645,-19.757259998260515
505.68400000004647,13.258134905793842
505.6880000000465,-4.268810175492595
505.69200000004645,17.80761661531306
505.69600000004647,3.026561989239828
505.7000000000465,-13.485661115907241
505.7040000000465,0.47963461436290894
505.70800000004647,-0.9900303366768739
505.7120000000465,-4.380823177232195
505.7160000000465,-26.066247969417212
505.72000000004647,3.459434376850482
505.7240000000465,12.066982102815484
505.7280000000465,12.988353168354706
505.73200000004647,20.546077043811476
505.7360000000465,-9.294038483766432
505.7400000000465,-26.40019719295122
505.74400000004647,-10.64900731539821
505.7480000000465,10.011456998695795
505.7520000000465,3.202243786229951
505.75600000004647,-2.4862118149182466
505.7600000000465,-7.408184082903897
505.7640000000465,-12.185225840690002
505.76800000004647,-2.8450743572493242
505.7720000000465,-17.127097018969575
505.7760000000465,3.6576212290053167
505.78000000004647,53.07958360624676
505.7840000000465,5.082742575505431
505.7880000000465,-25.520900226701244
505.79200000004647,-6.269528807473135
505.7960000000465,-12.996461590241411
505.8000000000465,-11.580646903637376
505.8040000000465,-22.610541716601823
505.8080000000465,-30.960251183901175
505.8120000000465,15.626968087598815
505.81600000004653,-17.4309335507391
505.8200000000465,5.153541693407235
505.8240000000465,-6.9965541918713825
505.82800000004653,27.123236870000355
505.8320000000465,9.981508968140812
505.8360000000465,32.317097384975575
505.84000000004653,-11.72906421847545
505.8440000000465,8.302991107926568
505.8480000000465,-2.677284026433859
505.85200000004653,-15.109658616346511
505.8560000000465,-9.9655116778067
505.8600000000465,-19.826503242390608
505.86400000004653,-3.5402397403859514
505.8680000000465,-13.276552145509973
505.8720000000465,-21.136537005949137
505.87600000004653,-0.6363655582281802
505.8800000000465,0.8092699431939385
505.8840000000465,-45.08578171835039
505.88800000004653,-6.357533437047162
505.8920000000465,2.4353173778032255
505.8960000000465,-29.87646466604295
505.90000000004653,-3.479750725326836
505.90400000004655,-22.960805118488892
505.9080000000465,-20.301848740330396
505.91200000004653,4.210126966416999
505.91600000004655,-0.5882502169849334
505.9200000000465,-4.523153589488363
505.92400000004653,-19.888065157855774
505.92800000004655,19.758140424061462
505.9320000000465,0.24700250968067228
505.93600000004653,10.219992974529585
505.94000000004655,25.779854287465927
505.9440000000465,-23.060185343416887
505.94800000004653,0.8232465394730708
505.95200000004655,-4.7695484943953135
505.9560000000465,31.534812237118658
505.96000000004653,-27.836012774030092
505.96400000004655,9.851561758589902
505.9680000000465,2.047301839351005
505.97200000004653,-8.86956591387542
505.97600000004655,-42.17156446818794
505.9800000000465,17.080457889930198
505.98400000004654,0.3578625394866206
505.98800000004655,-54.22422902458012
505.9920000000465,-21.381040767754396
505.99600000004654,14.5372467862593
506.00000000004655,12.685841749453973
506.0040000000466,6.479472550257675
506.00800000004654,2.425166607890215
506.01200000004656,-7.998615558215829
506.0160000000466,1.273368689231936
506.02000000004654,-4.495278425640403
506.02400000004656,8.0019966044133
506.0280000000466,-1.8705452039284407
506.03200000004654,-17.290338774074858
506.03600000004656,-1.1140889988987515
506.0400000000466,19.360799065412355
506.04400000004654,-1.531817846509175
506.04800000004656,-9.23009194591924
506.0520000000466,16.34147167974813
506.05600000004654,-3.929916848149274
506.06000000004656,11.1010516484704
506.0640000000466,6.100399695017854
506.06800000004654,1.4949932430343242
506.07200000004656,-26.549486861689225
506.0760000000466,7.374643395459627
506.08000000004654,-0.5947579524255714
506.08400000004656,-10.848306624525849
506.0880000000466,13.218061344075041
506.09200000004654,-19.013190310481285
506.09600000004656,8.558687710429457
506.1000000000466,22.530094986144363
506.1040000000466,-34.71574536434904
506.10800000004656,-25.870978059461148
506.1120000000466,6.999422234593743
506.1160000000466,-21.869000872466735
506.12000000004656,-5.701149894486007
506.1240000000466,-21.43531114958651
506.1280000000466,5.600121969038773
506.13200000004656,25.41975796566111
506.1360000000466,-13.26638335070087
506.1400000000466,5.906784329983988
506.14400000004656,16.129242132064
506.1480000000466,-1.8491107280940766
506.1520000000466,20.084721992872883
506.15600000004656,-16.01233577044657
506.1600000000466,-12.632132314433408
506.1640000000466,-16.512052407329406
506.16800000004656,-13.272338829567834
506.1720000000466,-7.942047141859192
506.1760000000466,6.10800692538534
506.18000000004656,4.5971990824516755
506.1840000000466,-12.330672906530587
506.1880000000466,-17.677779885500854
506.19200000004656,9.192240387348404
506.1960000000466,-34.82520159863334
506.2000000000466,-8.59079025909368
506.2040000000466,-6.781316214392893
506.2080000000466,-14.489705813457181
506.2120000000466,-0.379624326946834
506.2160000000466,-20.167865347797882
506.2200000000466,3.7107101532923
506.2240000000466,6.77127703180992
506.2280000000466,6.863782154136324
506.2320000000466,-3.2470237202788996
506.2360000000466,-4.113968329067681
506.2400000000466,-30.799815954339905
506.2440000000466,13.13182126807055
506.2480000000466,6.172778772911526
506.2520000000466,16.472748890611914
506.2560000000466,24.062218476767754
506.2600000000466,-13.355720528758823
506.2640000000466,-36.89655341407604
506.2680000000466,-11.962079950464297
506.2720000000466,-10.593103581943351
506.2760000000466,-12.917551386751411
506.2800000000466,-17.062392806860174
506.2840000000466,0.9923888922708892
506.2880000000466,11.758247856982852
506.2920000000466,12.27440843611987
506.2960000000466,-22.658455118597033
506.3000000000466,6.949218348772049
506.30400000004664,5.882514966068329
506.3080000000466,-9.671777224753704
506.3120000000466,-4.036271999452217
506.31600000004664,-6.508555772439862
506.3200000000466,1.179753898993257
506.3240000000466,22.266626516266562
506.32800000004664,-5.762827964532672
506.3320000000466,3.6494534466853508
506.3360000000466,36.721227480964735
506.34000000004664,20.022257694139377
506.3440000000466,13.051835757507261
506.3480000000466,15.202031708413873
506.35200000004664,12.064374371861522
506.3560000000466,-11.83253192457711
506.3600000000466,-15.167782465463542
506.36400000004664,-16.649186893727464
506.3680000000466,9.955970603521681
506.3720000000466,-4.943586409881488
506.37600000004664,-47.613934073182264
506.3800000000466,2.0087806194632987
506.3840000000466,8.606450758445385
506.38800000004665,18.345115458707667
506.3920000000466,4.4513069902677564
506.3960000000466,16.78137058929919
506.40000000004665,10.20352727607011
506.40400000004666,-32.41314446127063
506.4080000000466,22.413845676006773
506.41200000004665,-28.233386095342322
506.41600000004667,-2.2947098136434576
506.4200000000466,3.924338446984737
506.42400000004665,37.61867657600065
506.42800000004667,34.78206041852667
506.4320000000466,-5.381175831890891
506.43600000004665,15.240476336453092
506.44000000004667,-4.539011295791611
506.44400000004663,10.09944418544158
506.44800000004665,-20.04465716148922
506.45200000004667,17.973872193689783
506.45600000004663,21.955197272652008
506.46000000004665,13.60763923223027
506.46400000004667,5.603387061458114
506.46800000004663,12.781086789016431
506.47200000004665,8.959870150113113
506.47600000004667,16.72081696715173
506.48000000004663,-3.260133360900931
506.48400000004665,-2.5262055896595994
506.48800000004667,-0.9656734003189612
506.49200000004663,-6.972280976537546
506.49600000004665,26.485685648369444
506.50000000004667,-32.106644599185884
506.5040000000467,13.721955895565522
506.50800000004665,40.34690448645032
506.51200000004667,-32.08897412956716
506.5160000000467,-24.252877207252794
506.52000000004665,4.053964063420148
506.52400000004667,-11.204538514286181
506.5280000000467,12.661788439804415
506.53200000004665,-14.529719903301832
506.53600000004667,-8.634981926501727
506.5400000000467,-15.647022619947847
506.54400000004665,-41.912145431427405
506.54800000004667,2.319350050813421
506.5520000000467,-6.601180244569813
506.55600000004665,-13.850660700801981
506.56000000004667,-15.465840677670917
506.5640000000467,-2.052109199653008
506.56800000004665,1.7906948028561611
506.57200000004667,14.825676739907633
506.5760000000467,-45.19841916119453
506.58000000004665,12.429239313485752
506.5840000000467,2.252246224416438
506.5880000000467,-25.021285708208122
506.59200000004665,8.820390877241813
506.5960000000467,-24.964217468128506
506.6000000000467,-8.269799664762193
506.6040000000467,7.823849906648734
506.6080000000467,-12.983592267579848
506.6120000000467,17.668290861118027
506.6160000000467,12.792522436858652
506.6200000000467,23.978984428761823
506.6240000000467,-0.8224327917321266
506.6280000000467,-31.626888801310738
506.6320000000467,6.270773648361968
506.6360000000467,-16.059012598620406
506.6400000000467,-7.325512232127343
506.6440000000467,13.474260321484532
506.6480000000467,4.473480507639188
506.6520000000467,11.206351419530803
506.6560000000467,-6.524432387770007
506.6600000000467,9.146396867809255
506.6640000000467,-9.219987931924878
506.6680000000467,-11.270543694526111
506.6720000000467,0.1577981252703129
506.6760000000467,-14.68350623637441
506.6800000000467,25.661554838862422
506.6840000000467,15.788377021630465
506.6880000000467,-6.2079461496032
506.6920000000467,15.349514026505307
506.6960000000467,19.239473844383795
506.7000000000467,13.106947797480075
506.70400000004673,2.343961809780956
506.7080000000467,-23.83139661151921
506.7120000000467,18.77858333426404
506.71600000004673,-3.5657124978530836
506.7200000000467,19.812727001899244
506.7240000000467,22.44847766828286
506.72800000004673,3.2972801915986274
506.7320000000467,2.6754192279605933
506.7360000000467,27.123347298460384
506.74000000004673,-12.521515096361902
506.7440000000467,20.474219464683006
506.7480000000467,-0.13752574337863965
506.75200000004673,-7.263504722719596
506.7560000000467,29.031183155370226
506.7600000000467,5.252632630324664
506.76400000004674,-41.245964803463536
506.7680000000467,-7.385592741565669
506.7720000000467,18.17243277303514
506.77600000004674,-29.42421919675938
506.7800000000467,-23.040756273683122
506.7840000000467,14.008337735475948
506.78800000004674,19.92247484941408
506.7920000000467,14.907355333779792
506.7960000000467,-27.92572861751514
506.80000000004674,0.7650864479627764
506.80400000004676,-11.313813861355019
506.8080000000467,-10.479125146905082
506.81200000004674,8.259515600281972
506.81600000004676,6.6170658313647115
506.8200000000467,11.958574556165713
506.82400000004674,12.671309105673561
506.82800000004676,-7.847323445678102
506.8320000000467,11.82386978524684
506.83600000004674,9.309863238551497
506.84000000004676,26.854808515012284
506.8440000000467,1.1726129015966653
506.84800000004674,23.079955898183606
506.85200000004676,21.32689189630375
506.8560000000467,38.2247152480514
506.86000000004674,20.39184971842707
506.86400000004676,-4.014467117574574
506.8680000000467,11.930980767876983
506.87200000004674,-11.855427594611596
506.87600000004676,16.359089699671333
506.8800000000467,8.892955605846582
506.88400000004674,-8.287695660475034
506.88800000004676,4.974089038274514
506.8920000000467,-10.547920207781816
506.89600000004674,21.369631131239785
506.90000000004676,8.652477082360393
506.9040000000468,3.3056649808828675
506.90800000004674,-0.5414367481702644
506.91200000004676,19.051629232273445
506.9160000000468,16.138125142618225
506.92000000004674,-1.4071603362129101
506.92400000004676,-5.235561139876966
506.9280000000468,12.595178587115955
506.93200000004674,31.696146546313013
506.93600000004676,-8.676447831442955
506.9400000000468,15.24240883382594
506.94400000004674,33.276209705679435
506.94800000004676,10.717145738095777
506.9520000000468,5.967606191270889
506.95600000004674,32.310113041776084
506.96000000004676,-33.1540488738499
506.9640000000468,32.09915931770185
506.96800000004674,28.831665432303975
506.97200000004676,16.850359846493106
506.9760000000468,14.213945462471901
506.98000000004674,-11.638207933843054
506.98400000004676,6.836535636991825
506.9880000000468,-2.470381425446669
506.99200000004674,-15.444595645374072
506.99600000004676,-26.577368276508132
507.0000000000468,0.8743657281979971
507.0040000000468,-9.468951157604124
507.00800000004676,0.1567397263487389
507.0120000000468,11.451835252683269
507.0160000000468,32.3170643025072
507.02000000004676,-12.94093079703012
507.0240000000468,-22.233346296524964
507.0280000000468,8.695054055350084
507.03200000004676,21.989828189203568
507.0360000000468,-22.16124396706414
507.0400000000468,-3.491939218579032
507.04400000004676,-4.198670832538612
507.0480000000468,3.7248955760857165
507.0520000000468,-2.6209326950892455
507.05600000004677,-15.25731140503989
507.0600000000468,-4.342532218547557
507.0640000000468,29.601260166909437
507.06800000004677,-12.217513453878926
507.0720000000468,30.57906646641695
507.0760000000468,-10.623108021603098
507.08000000004677,35.78592908004854
507.0840000000468,27.033314996798982
507.0880000000468,15.095169033296003
507.09200000004677,16.46415434422984
507.0960000000468,42.205478648911715
507.1000000000468,13.603482143611494
507.1040000000468,-13.677014882104974
507.1080000000468,35.238922478576946
507.1120000000468,-13.627438139940859
507.1160000000468,-1.8309232632224544
507.1200000000468,0.1267374970635533
507.1240000000468,-6.794462069144742
507.1280000000468,-6.969591366443893
507.1320000000468,-6.00405754259811
507.1360000000468,-5.401297613216088
507.1400000000468,5.222669501914869
507.1440000000468,-24.511505040764664
507.1480000000468,-7.716973446106122
507.1520000000468,18.894339637854948
507.1560000000468,10.22557306786074
507.1600000000468,12.88474777944786
507.1640000000468,-3.509488190383156
507.1680000000468,-8.377136685942148
507.1720000000468,0.6719726721104173
507.1760000000468,4.666100340522848
507.1800000000468,-6.069240905563255
507.1840000000468,4.00695117108751
507.1880000000468,-14.03154917916239
507.1920000000468,-10.336516997066747
507.1960000000468,-4.703493876314305
507.2000000000468,-5.07860574968556
507.20400000004685,2.192227580097869
507.2080000000468,-10.244085274610121
507.2120000000468,-16.51827411126771
507.21600000004685,3.475244494143154
507.2200000000468,15.931719778729496
507.22400000004683,-10.602547431428878
507.22800000004685,3.8879622706326606
507.2320000000468,12.800261872809001
507.23600000004683,14.172262492987457
507.24000000004685,33.776539346687414
507.2440000000468,-1.4279627551354928
507.24800000004683,-4.712110106462295
507.25200000004685,-12.911969110393558
507.2560000000468,48.08701760231171
507.26000000004683,35.54088768875564
507.26400000004685,19.71324910827567
507.2680000000468,14.411351258064755
507.27200000004683,-18.55900327576647
507.27600000004685,4.091554879622766
507.2800000000468,28.22042465070533
507.28400000004683,28.79321701396706
507.28800000004685,-7.4352869671626545
507.2920000000468,6.248261065377054
507.29600000004683,-0.7583022358554559
507.30000000004685,-9.914013112906174
507.30400000004687,3.8556036213491707
507.30800000004683,-7.666119651249534
507.31200000004685,0.519871626221426
507.31600000004687,10.135693988726779
507.32000000004683,-4.496902414880243
507.32400000004685,13.958404130711767
507.32800000004687,-29.18089901678932
507.33200000004683,7.24955351313888
507.33600000004685,-11.985745022169285
507.34000000004687,14.126607911449192
507.34400000004683,-7.2747612377476525
507.34800000004685,33.5066510092382
507.35200000004687,39.07151181524109
507.35600000004683,6.1093845236303945
507.36000000004685,8.15501488578014
507.3640000000469,0.23414877238911913
507.36800000004683,12.109289370002566
507.37200000004685,6.405533878619243
507.3760000000469,15.311617346734312
507.38000000004683,-9.453040883405349
507.38400000004685,-3.172991605029928
507.3880000000469,-29.313731430133572
507.39200000004683,4.468910444432414
507.39600000004685,-3.0873536517481863
507.4000000000469,20.464108640460072
507.4040000000469,6.466453932371321
507.40800000004685,19.168201745133832
507.4120000000469,-0.7786743364219006
507.4160000000469,-3.4014943019553723
507.42000000004685,-28.131426561403188
507.4240000000469,-1.4382500612542088
507.4280000000469,14.559171741932117
507.43200000004686,9.569588848118613
507.4360000000469,6.683437384161513
507.4400000000469,-25.347073336074796
507.44400000004686,-0.6150730043904002
507.4480000000469,-19.497573223218755
507.4520000000469,-11.72939463323976
507.45600000004686,-5.775197221642052
507.4600000000469,-9.117870078063422
507.4640000000469,17.715115336582176
507.46800000004686,2.9108706888485507
507.4720000000469,-40.992808573219534
507.4760000000469,-27.949949809336104
507.48000000004686,5.071755077423844
507.4840000000469,-2.6431314762670093
507.4880000000469,-16.52093361299341
507.49200000004686,15.197012272240181
507.4960000000469,3.07418207768913
507.5000000000469,24.39744881992784
507.5040000000469,15.015237554220434
507.5080000000469,1.4364550929355935
507.5120000000469,3.2392879863908806
507.5160000000469,21.61191010187028
507.5200000000469,7.73369511448308
507.5240000000469,-10.27520954017124
507.5280000000469,5.718790035289693
507.5320000000469,-2.157624900851591
507.5360000000469,3.2580600677277536
507.5400000000469,14.537174849120479
507.5440000000469,42.392998518202454
507.5480000000469,5.473897491756521
507.5520000000469,-7.812199699930214
507.5560000000469,-3.181701910297635
507.5600000000469,36.98078088745314
507.5640000000469,-28.76441142128592
507.5680000000469,29.41776658915716
507.5720000000469,2.369070776062631
507.5760000000469,6.157974852223729
507.5800000000469,-8.099744697963992
507.5840000000469,-10.529600635719145
507.5880000000469,6.479663730589449
507.5920000000469,2.3319307280074852
507.5960000000469,22.18107459924494
507.6000000000469,-2.8841552823386154
507.60400000004694,13.110697203350856
507.6080000000469,4.513772842359171
507.6120000000469,10.965972563464572
507.61600000004694,3.9878104254765265
507.6200000000469,-13.90797845845649
507.6240000000469,-5.231867467397534
507.62800000004694,6.4541941044387565
507.6320000000469,10.25355021583573
507.6360000000469,-0.1413816089286838
507.64000000004694,-20.325584904899895
507.6440000000469,-6.860779542837853
507.6480000000469,-12.534871361503782
507.65200000004694,-2.4736832322916804
507.6560000000469,-20.085859620891206
507.6600000000469,-13.759042332654765
507.66400000004694,-36.30504864265414
507.6680000000469,7.381880677953333
507.6720000000469,3.4498661580914782
507.67600000004694,-5.801921145796622
507.6800000000469,4.078889065541113
507.6840000000469,2.5202688980003716
507.68800000004694,22.220212740690307
507.6920000000469,10.506559420584603
507.6960000000469,-14.958975536098173
507.70000000004694,-2.3944952296220774
507.70400000004696,-1.2662003873905254
507.7080000000469,-3.5553039668645963
507.71200000004694,2.4518458263572525
507.71600000004696,3.635131518667312
507.7200000000469,-1.2201132587698131
507.72400000004694,-32.65091202085095
507.72800000004696,-5.126338195106388
507.7320000000469,-6.602445994031866
507.73600000004694,-0.7748228762011593
507.74000000004696,-6.927008932502932
507.7440000000469,-1.5224732156612184
507.74800000004694,-14.881427807294784
507.75200000004696,13.31768099117787
507.7560000000469,2.2114790811167633
507.76000000004694,-18.51933433738902
507.76400000004696,20.400332237600566
507.7680000000469,1.9942026868179754
507.77200000004694,34.733491435473184
507.77600000004696,13.852851290205336
507.7800000000469,29.165420438828278
507.78400000004694,16.306868544445443
507.78800000004696,31.82515243893646
507.7920000000469,8.84810265902654
507.79600000004694,11.302097648114986
507.80000000004696,-2.673705593767587
507.804000000047,22.32635608838616
507.80800000004695,45.95149443054098
507.81200000004696,21.020133531862392
507.816000000047,-1.2443257524503888
507.82000000004695,2.0775155340507006
507.82400000004696,-0.7535875971084882
507.828000000047,-10.333099271599815
507.83200000004695,46.18884363164939
507.83600000004697,17.91722341493352
507.840000000047,2.0366887602024573
507.84400000004695,17.031012605467335
507.84800000004697,-19.14876065922825
507.852000000047,-20.651730212407543
507.85600000004695,24.318963623936007
507.86000000004697,0.27919404307446793
507.864000000047,2.779493510612513
507.86800000004695,16.488044229885006
507.87200000004697,-6.739661934888052
507.876000000047,-60.30269199825056
507.88000000004695,-4.1501500673024685
507.88400000004697,-23.029658861879316
507.888000000047,-7.525609976570143
507.89200000004695,-4.165773713046915
507.89600000004697,-21.544103731154124
507.900000000047,-23.71779344016151
507.904000000047,30.09324777323243
507.90800000004697,21.166467887152365
507.912000000047,-4.685594242006054
507.916000000047,-11.762801409799405
507.92000000004697,2.48671201837849
507.924000000047,10.796370183855926
507.928000000047,-21.995998455738622
507.93200000004697,-30.054961649844547
507.936000000047,30.892701154552388
507.940000000047,-12.283211645523487
507.94400000004697,16.25830092828486
507.948000000047,16.87872751162956
507.952000000047,-7.659909203921162
507.95600000004697,-24.584653291141127
507.960000000047,2.3867909136743712
507.964000000047,-21.911003138132344
507.96800000004697,-5.29011276592683
507.972000000047,12.347828419186966
507.976000000047,-13.514684512423319
507.98000000004697,-1.6329472725794298
507.984000000047,10.261078956253861
507.988000000047,22.006627621682846
507.99200000004697,5.972658683172528
507.996000000047,17.560738823183332
508.000000000047,21.372818313849347
508.00400000004703,19.69630369604397
508.008000000047,-14.190640017425043
508.012000000047,-19.03455573461996
508.01600000004703,14.79553714672058
508.020000000047,22.7974277718629
508.024000000047,20.00853479706839
508.02800000004703,-7.829194820898976
508.032000000047,-15.700526350643257
508.036000000047,-0.10087450163516698
508.04000000004703,1.6380090614855214
508.044000000047,16.882866505841868
508.048000000047,2.9807912167014194
508.05200000004703,-16.565495870395544
508.056000000047,21.699825763794045
508.060000000047,23.193912789206564
508.06400000004703,-1.7910598597945215
508.068000000047,2.114532069419229
508.072000000047,-3.8323135905487327
508.07600000004703,32.818716160231595
508.080000000047,-8.520323680571018
508.084000000047,-23.383064696456074
508.08800000004703,-19.80178151974468
508.092000000047,15.700962957319254
508.096000000047,4.249484721434851
508.10000000004703,12.46313952702103
508.10400000004705,18.679901924372267
508.108000000047,6.202188554181303
508.11200000004703,17.50474522634129
508.11600000004705,0.08385570066152237
508.120000000047,-2.5232079620943426
508.12400000004703,-13.442351559946587
508.12800000004705,4.294348536647199
508.132000000047,17.924739393942602
508.13600000004703,24.66654741622167
508.14000000004705,-3.1922632620807425
508.144000000047,31.128047103420535
508.14800000004703,11.806347310555287
508.15200000004705,-0.5749044052324424
508.156000000047,15.794223776424394
508.16000000004703,23.87837365212706
508.16400000004705,-20.705460964332858
508.168000000047,-15.364251075389301
508.17200000004703,29.407124319002612
508.17600000004705,10.665898825391672
508.180000000047,-8.2342374279126
508.18400000004704,-2.150006669001262
508.18800000004705,-9.163126891039543
508.192000000047,-2.8154569188045047
508.19600000004704,7.106602594340504
508.20000000004705,-12.149685110493227
508.2040000000471,-7.627783291210647
508.20800000004704,19.083804431037336
508.21200000004706,-17.974456004791946
508.2160000000471,15.706469730451374
508.22000000004704,2.350384035015563
508.22400000004706,23.588452221184706
508.2280000000471,24.659241787268943
508.23200000004704,6.923266569374412
508.23600000004706,-14.836778084892728
508.2400000000471,-9.29164104053369
508.24400000004704,1.2036553860159187
508.24800000004706,24.223866294639908
508.2520000000471,6.120888511878579
508.25600000004704,-0.3456238719573629
508.26000000004706,13.518597253411171
508.2640000000471,-13.195443854379103
508.26800000004704,23.909193958768807
508.27200000004706,-13.097911294943716
508.2760000000471,18.43137969176642
508.28000000004704,5.29358593950956
508.28400000004706,6.774536759622402
508.2880000000471,-4.5830556594564555
508.29200000004704,6.500424342662163
508.29600000004706,17.80445876377516
508.3000000000471,5.040994469718083
508.3040000000471,26.207805722623124
508.30800000004706,-29.3163801100713
508.3120000000471,3.742563194139359
508.3160000000471,5.599690749303945
508.32000000004706,-4.887886438357116
508.3240000000471,7.068033819902875
508.3280000000471,1.4072149254314823
508.33200000004706,20.25764967056321
508.3360000000471,-25.999990426279705
508.3400000000471,23.11734369881773
508.34400000004706,4.744371803864403
508.3480000000471,-5.610001989136736
508.3520000000471,26.35813168833332
508.35600000004706,6.674683798463864
508.3600000000471,18.77415206666432
508.3640000000471,11.189185816958535
508.36800000004706,28.34937430431359
508.3720000000471,-0.8456240896135205
508.3760000000471,-8.473925542604178
508.38000000004706,-0.10858242507548055
508.3840000000471,12.779616485584475
508.3880000000471,6.44667129721584
508.39200000004706,-31.843210335785244
508.3960000000471,25.605457719609493
508.4000000000471,10.363618964519432
508.4040000000471,32.803093737486556
508.4080000000471,-19.245941506142454
508.4120000000471,13.551202141480701
508.4160000000471,-14.416278838479048
508.4200000000471,-10.452676535421622
508.4240000000471,13.510155550338219
508.4280000000471,-13.763309578727647
508.4320000000471,-5.731284767003231
508.4360000000471,-13.979929213439082
508.4400000000471,6.555334234687386
508.4440000000471,27.612674517386665
508.4480000000471,-2.639161531587141
508.4520000000471,-4.60168941161386
508.4560000000471,-0.7745614710408346
508.4600000000471,18.329811982685026
508.4640000000471,-8.021776497426627
508.4680000000471,0.6224708888976371
508.4720000000471,5.325971727039438
508.4760000000471,17.08758627731353
508.4800000000471,20.756694240202727
508.4840000000471,18.783015548886336
508.4880000000471,-17.616316632374247
508.4920000000471,21.701786658261142
508.4960000000471,-14.041350975997794
508.5000000000471,40.26278679853078
508.50400000004714,-14.9444101459865
508.5080000000471,-8.699433896021823
508.5120000000471,-32.490278314841156
508.51600000004714,-1.682309499204092
508.5200000000471,2.1457101681071737
508.5240000000471,-4.452022404999715
508.52800000004714,8.913323892138283
508.5320000000471,32.67918430743365
508.5360000000471,18.436254902017584
508.54000000004714,-2.1247497256345103
508.5440000000471,-25.27049070417081
508.5480000000471,-8.74795694366963
508.55200000004714,37.642624806812854
508.5560000000471,-25.644850947719025
508.5600000000471,-2.332439114935779
508.56400000004714,30.26874933435198
508.5680000000471,-9.713346166668362
508.5720000000471,0.4211745248449603
508.57600000004715,-4.976825360442355
508.5800000000471,-8.043742582478894
508.5840000000471,-2.681617909967767
508.58800000004715,-14.892830709510736
508.5920000000471,10.835605085226824
508.5960000000471,2.753379080874792
508.60000000004715,9.260381591312958
508.60400000004717,-4.732113665213409
508.6080000000471,-8.993872610839867
508.61200000004715,-17.89673382656658
508.61600000004717,1.201754272665855
508.6200000000471,-2.694044104969887
508.62400000004715,16.165943752369408
508.62800000004717,0.15670911627352546
508.6320000000471,-3.7555783707278914
508.63600000004715,-3.3056907442327716
508.64000000004717,-25.430913179356324
508.64400000004713,14.718966384135804
508.64800000004715,-9.337543651697755
508.65200000004717,-10.75311845243575
508.65600000004713,5.644864153966234
508.66000000004715,-18.587540443042116
508.66400000004717,-15.619336229466768
508.66800000004713,8.294483070983821
508.67200000004715,11.618800206969704
508.67600000004717,-13.680860294927925
508.68000000004713,19.164238600457274
508.68400000004715,-25.50087402379196
508.68800000004717,-1.24828784100273
508.69200000004713,3.3613026565458117
508.69600000004715,-6.857750934792886
508.70000000004717,-9.767810975197577
508.7040000000472,2.593231487319426
508.70800000004715,-8.572429826608305
508.71200000004717,-5.540064387921235
508.7160000000472,18.231726093932984
508.72000000004715,-14.307716262192788
508.72400000004717,31.25128560557027
508.7280000000472,25.300209951340335
508.73200000004715,-13.31143792381427
508.73600000004717,0.9021950903218621
508.7400000000472,13.686495263589451
508.74400000004715,-8.853911678542243
508.74800000004717,-2.8431758203510644
508.7520000000472,10.40528746423381
508.75600000004715,2.676224887947307
508.76000000004717,2.797722771136539
508.7640000000472,-0.7284542335150956
508.76800000004715,-18.87611220992466
508.77200000004717,22.5311941084839
508.7760000000472,-17.93984840063437
508.78000000004715,-25.979727003851472
508.7840000000472,6.720532387033129
508.7880000000472,4.48026405443095
508.79200000004715,-0.009914529462971066
508.7960000000472,4.4176859979752106
508.8000000000472,2.701373379655881
508.8040000000472,-8.098313762237549
508.8080000000472,-0.6815365022689255
508.8120000000472,14.459494509662818
508.8160000000472,-2.6978249191257637
508.8200000000472,-1.0865755418586807
508.8240000000472,23.802207749388913
508.8280000000472,-7.3385061956900435
508.8320000000472,2.5878150613489272
508.8360000000472,-3.668548042433264
508.8400000000472,7.64654181195255
508.8440000000472,-8.794878062646838
508.8480000000472,11.232075356452937
508.8520000000472,12.121281855015708
508.8560000000472,-12.640085008924325
508.8600000000472,-13.43449027503596
508.8640000000472,4.435995150797016
508.8680000000472,-7.2336774042807
508.8720000000472,-1.4725917087901732
508.8760000000472,41.640052992531864
508.8800000000472,-7.249890174697148
508.8840000000472,6.927586966520572
508.8880000000472,12.583093826118875
508.8920000000472,22.960686274644438
508.8960000000472,-6.499968838658043
508.9000000000472,-41.75348746602456
508.90400000004723,3.395643163114782
508.9080000000472,3.3397164344932166
508.9120000000472,26.464667130035554
508.91600000004723,13.73793626435795
508.9200000000472,-33.8076615640067
508.9240000000472,9.546625317121624
508.92800000004723,13.588641750869987
508.9320000000472,-5.376016415509301
508.9360000000472,-1.9633558223054375
508.94000000004723,-6.248582920338977
508.9440000000472,-3.8117434268960086
508.9480000000472,-1.7291002986503758
508.95200000004724,-11.14818905166752
508.9560000000472,-9.935469788824815
508.9600000000472,34.76201168690575
508.96400000004724,-6.180513923617029
508.9680000000472,-6.195382283641972
508.9720000000472,2.0204744937944046
508.97600000004724,28.930909445412446
508.9800000000472,-11.93302385317382
508.9840000000472,28.470241136652085
508.98800000004724,-25.19173989205841
508.9920000000472,-7.820191804163092
508.9960000000472,-25.84904779511865
509.00000000004724,-2.3190628045642376
509.00400000004726,-28.866922642951533
509.0080000000472,-8.241492041120456
509.01200000004724,-10.263203280821978
509.01600000004726,-23.33832556376858
509.0200000000472,3.582375690466928
509.02400000004724,26.819272906838936
509.02800000004726,34.51262263808869
509.0320000000472,14.775416221970591
509.03600000004724,-13.881093071903843
509.04000000004726,-3.680281687098214
509.0440000000472,4.518841949839399
509.04800000004724,-1.8715004051451363
509.05200000004726,28.36047082414482
509.0560000000472,-7.196231322557535
509.06000000004724,16.21702631001174
509.06400000004726,-39.329095764831614
509.0680000000472,-31.478994061565285
509.07200000004724,-26.671686842826674
509.07600000004726,14.526201194946545
509.0800000000472,-9.897184907965455
509.08400000004724,6.8489281833864375
509.08800000004726,6.092537780787109
509.0920000000472,-23.230487641811834
509.09600000004724,3.4783351310982886
509.10000000004726,1.1497355806800713
509.1040000000473,7.483806222389634
509.10800000004724,-23.603950311141517
509.11200000004726,-18.94478405007427
509.1160000000473,5.481058847097914
509.12000000004724,8.858745691655946
509.12400000004726,-7.905649440736755
509.1280000000473,-0.11236791065098573
509.13200000004724,8.773070904536809
509.13600000004726,2.548114229270227
509.1400000000473,10.32313274675802
509.14400000004724,-15.534074167135438
509.14800000004726,4.46759931058615
509.1520000000473,14.205786338044923
509.15600000004724,11.952692543969883
509.16000000004726,-4.481002631492786
509.1640000000473,10.489723204502319
509.16800000004724,-11.531407547719438
509.17200000004726,2.850537292921838
509.1760000000473,-15.758223107788053
509.18000000004724,22.80147276139044
509.18400000004726,0.9190477495496863
509.1880000000473,43.51492237085081
509.19200000004724,-0.734021252296176
509.19600000004726,-16.18078964910605
509.2000000000473,13.70872599343842
509.2040000000473,16.177213317013244
509.20800000004726,-10.882391192626638
509.2120000000473,6.164968029937127
509.2160000000473,4.70473323623001
509.22000000004726,-15.155344314888714
509.2240000000473,4.2093325426013655
509.2280000000473,11.054090300709996
509.23200000004726,4.783877218069259
509.2360000000473,-7.662915193343609
509.2400000000473,5.644805074449884
509.24400000004727,-6.416281284744005
509.2480000000473,-13.002971911511919
509.2520000000473,-27.65303805439165
509.25600000004727,3.0458463588730416
509.2600000000473,-20.455079205366854
509.2640000000473,-0.010746787329509289
509.26800000004727,-17.71067282892749
509.2720000000473,-8.75099539445206
509.2760000000473,-11.157027726677082
509.28000000004727,0.19768920051337735
509.2840000000473,-15.815480709913267
509.2880000000473,11.387702489081942
509.29200000004727,-6.554765351921197
509.2960000000473,3.9288401857115858
509.3000000000473,-4.374728185984151
509.3040000000473,-29.44692066027075
509.3080000000473,-8.557782967600556
509.3120000000473,6.15173289662026
509.3160000000473,-7.413674293609817
509.3200000000473,8.605090058736126
509.3240000000473,11.862643599306429
509.3280000000473,-10.68327892835796
509.3320000000473,-4.443805933171125
509.3360000000473,31.601981337164528
509.3400000000473,7.486618135072994
509.3440000000473,14.240526048881328
509.3480000000473,-1.6415138919554515
509.3520000000473,15.384744017224397
509.3560000000473,21.937726747252054
509.3600000000473,-6.2272773679251685
509.3640000000473,-5.571620142593071
509.3680000000473,13.166913634566303
509.3720000000473,-3.761418337198344
509.3760000000473,1.7927432559678986
509.3800000000473,-25.655721064871813
509.3840000000473,-17.814313112817725
509.3880000000473,10.953957512119647
509.3920000000473,-7.755015111055113
509.3960000000473,-11.399303457009989
509.4000000000473,-9.53499131408438
509.40400000004735,17.925584261805138
509.4080000000473,-4.157989531801697
509.4120000000473,5.535232968197379
509.41600000004735,1.23117621863625
509.4200000000473,15.927474253295005
509.42400000004733,15.955399740076869
509.42800000004735,-3.904952714333639
509.4320000000473,-1.2160934996730735
509.43600000004733,3.0192960908612436
509.44000000004735,18.559472017348337
509.4440000000473,-40.01708197671205
509.44800000004733,18.35709270418871
509.45200000004735,0.1554495675848807
509.4560000000473,-1.9520297313620478
509.46000000004733,8.039463773096548
509.46400000004735,-4.8642565769519495
509.4680000000473,0.8166322618133515
509.47200000004733,-2.6717004263777633
509.47600000004735,3.6251893402341873
509.4800000000473,-29.998557055557388
509.48400000004733,-15.828735698473821
509.48800000004735,6.180636787511168
509.4920000000473,2.6175065857757804
509.49600000004733,-28.17809198301004
509.50000000004735,-0.8842385658699232
509.50400000004737,23.61609616785549
509.50800000004733,5.724725243508546
509.51200000004735,-18.9469045555341
509.51600000004737,-12.02731287232956
509.52000000004733,-6.551936096799329
509.52400000004735,-5.336449906742264
509.52800000004737,-4.417755983443826
509.53200000004733,4.42185085150844
509.53600000004735,-24.511947129741024
509.54000000004737,-18.223610892397218
509.54400000004733,-11.625455506771758
509.54800000004735,-6.596881063792008
509.55200000004737,2.4427397736026153
509.55600000004733,-9.766487130855072
509.56000000004735,-12.072844000717446
509.5640000000474,24.362981008172863
509.56800000004733,15.276137824788764
509.57200000004735,-26.949088077138043
509.5760000000474,-5.845032462630799
509.58000000004733,-22.66551876571253
509.58400000004735,11.04501913179716
509.5880000000474,1.1016233706570484
509.59200000004734,8.36099615391005
509.59600000004735,-15.56691578065883
509.6000000000474,1.1968030960232132
509.6040000000474,-0.2581721420350389
509.60800000004735,-14.699975043387717
509.6120000000474,-10.601356045127543
509.6160000000474,5.985519946216268
509.62000000004736,-18.525190996449115
509.6240000000474,7.675027800943663
509.6280000000474,23.417819926202167
509.63200000004736,-24.57872527532116
509.6360000000474,-0.9131506018444853
509.6400000000474,15.688535474213044
509.64400000004736,9.698075543022572
509.6480000000474,-7.946184595749374
509.6520000000474,-11.002433375536572
509.65600000004736,32.738198067322394
509.6600000000474,9.242337624593983
509.6640000000474,8.365998054580068
509.66800000004736,5.445617017671427
509.6720000000474,8.65103140550511
509.6760000000474,8.916623981677843
509.68000000004736,-0.4278494352257909
509.6840000000474,1.5595240521246563
509.6880000000474,-4.437261378789627
509.69200000004736,35.152052839125126
509.6960000000474,-15.238423956516378
509.7000000000474,25.46833825879974
509.7040000000474,22.92693329733811
509.7080000000474,14.144360524297586
509.7120000000474,-2.6300867587767964
509.7160000000474,12.726451116036971
509.7200000000474,-5.934448219962557
509.7240000000474,-14.236069935372619
509.7280000000474,-8.483923724860093
509.7320000000474,-11.286740474353303
509.7360000000474,-35.571533488827285
509.7400000000474,-8.816453376992438
509.7440000000474,-1.4197878964626685
509.7480000000474,16.85502933909217
509.7520000000474,-8.182950695015323
509.7560000000474,1.5667008016959745
509.7600000000474,-7.488922665148857
509.7640000000474,10.863555150241794
509.7680000000474,-12.025556793080913
509.7720000000474,-14.323837305368727
509.7760000000474,46.17155248300091
509.7800000000474,9.793986263842822
509.7840000000474,-1.4641455810877158
509.7880000000474,-10.513582920230538
509.7920000000474,-13.400042049383773
509.7960000000474,10.853441177711183
509.8000000000474,6.2859531755313025
509.80400000004744,-6.140440755648913
509.8080000000474,-6.786390497761468
509.8120000000474,18.384895164471935
509.81600000004744,6.250316012542217
509.8200000000474,-0.22023625692186144
509.8240000000474,9.354631527719217
509.82800000004744,-18.127599323502718
509.8320000000474,-9.473232338124118
509.8360000000474,-29.307901283604064
509.84000000004744,-17.86288973283408
509.8440000000474,-20.18400482198709
509.8480000000474,-24.19224692283604
509.85200000004744,5.2126671648308776
509.8560000000474,0.06012681240711926
509.8600000000474,4.536163081924216
509.86400000004744,-2.6613877615203885
509.8680000000474,-7.8725412634204
509.8720000000474,30.81672288836288
509.87600000004744,16.226716076961228
509.8800000000474,12.695508354766556
509.8840000000474,-25.5797044021931
509.88800000004744,0.3789401384694034
509.8920000000474,-11.977909148427145
509.8960000000474,-10.27753788706816
509.90000000004744,-24.740218867130572
509.90400000004746,10.752907500796134
509.9080000000474,-4.047800720781846
509.91200000004744,9.832286332500745
509.91600000004746,-8.727497729260458
509.9200000000474,6.3416885513711305
509.92400000004744,-6.682871700737419
509.92800000004746,1.9298965353992186
509.9320000000474,-5.251638896666109
509.93600000004744,14.996314033535418
509.94000000004746,-6.567501770903327
509.9440000000474,-8.766902056783097
509.94800000004744,-10.500005290441099
509.95200000004746,12.751026592686898
509.9560000000474,12.852773507968164
509.96000000004744,-13.705583872515849
509.96400000004746,-13.0171528555021
509.9680000000474,-32.73794894124768
509.97200000004744,-10.987693643855359
509.97600000004746,-13.198920584695092
509.9800000000474,-1.859266725375634
509.98400000004744,28.40510230757338
509.98800000004746,8.18156016157268
509.9920000000474,-0.4642468292055817
509.99600000004745,-17.69554106394006
510.00000000004746,-9.693020548130805
510.0040000000475,-23.171067796158795
510.00800000004745,5.046779812008415
510.01200000004746,-9.238796597140102
510.0160000000475,-0.07712585730521848
510.02000000004745,-24.28276843797394
510.02400000004747,1.5908725015219156
510.0280000000475,8.890964953264593
510.03200000004745,2.0919155918754764
510.03600000004747,-12.19339202387221
510.0400000000475,4.224071947448814
510.04400000004745,-17.668540167067352
510.04800000004747,5.557521966351382
510.0520000000475,33.66610740895197
510.05600000004745,-19.43983909973694
510.06000000004747,-4.3086614497720825
510.0640000000475,-13.630471182144108
510.06800000004745,-2.4243484897846397
510.07200000004747,-3.7997526390119236
510.0760000000475,-20.55038614566124
510.08000000004745,37.95403335813623
510.08400000004747,-10.766917726973709
510.0880000000475,-8.40704632339197
510.09200000004745,19.070015206368453
510.09600000004747,-17.045684122325635
510.1000000000475,13.367264723331807
510.1040000000475,-0.943182933527102
510.10800000004747,21.814232748904686
510.1120000000475,-7.167726531077371
510.1160000000475,-1.1647731028367796
510.12000000004747,6.556163483371627
510.1240000000475,30.761083705121834
510.1280000000475,16.57278288599404
510.13200000004747,-41.49134804049456
510.1360000000475,-0.7423398572173641
510.1400000000475,13.466483788700215
510.14400000004747,2.2685508749131356
510.1480000000475,3.1454391041394354
510.1520000000475,-5.646892488844438
510.15600000004747,12.647923641143672
510.1600000000475,-2.0920159423228917
510.1640000000475,-25.78787677021519
510.16800000004747,1.3310500600237667
510.1720000000475,-15.056646781282229
510.1760000000475,-11.560734655222834
510.18000000004747,18.11673895913298
510.1840000000475,-4.14642552007561
510.1880000000475,-5.2594453151312734
510.19200000004747,9.179180154148078
510.1960000000475,31.32646810575266
510.2000000000475,3.6223062889839373
510.20400000004753,10.438992368666405
510.2080000000475,7.8091710427144285
510.2120000000475,13.46241635447537
510.21600000004753,-14.954372178845519
510.2200000000475,15.03083898223896
510.2240000000475,-11.548986422580285
510.22800000004753,4.8447138468232716
510.2320000000475,-19.385709012131752
510.2360000000475,-24.455139608464567
510.24000000004753,3.1983721013866164
510.2440000000475,2.2187670994381734
510.2480000000475,0.42287640154949224
510.25200000004753,39.50694562045739
510.2560000000475,-6.0194755917755005
510.2600000000475,-4.178030333204994
510.26400000004753,-2.7252383493259713
510.2680000000475,-14.669817298874882
510.2720000000475,-16.27835627586206
510.27600000004753,22.327558543442343
510.2800000000475,-19.78991416842097
510.2840000000475,20.19493789939977
510.28800000004753,-10.389399648852441
510.2920000000475,-1.9806209069129155
510.2960000000475,19.932543678980707
510.30000000004753,3.1770699258683837
510.30400000004755,-12.403372826645544
510.3080000000475,3.0930611028187167
510.31200000004753,8.50993347357342
510.31600000004755,-21.583512320996668
510.3200000000475,-5.189525617411083
510.32400000004753,-1.2815624194275137
510.32800000004755,-23.48998651978121
510.3320000000475,16.643456735974105
510.33600000004753,5.853978365826185
510.34000000004755,-9.8972218516141
510.3440000000475,14.244464498429265
510.34800000004753,-11.407475236449882
510.35200000004755,-17.96184285346704
510.3560000000475,8.186081535627917
510.36000000004753,-10.344471628463664
510.36400000004755,-13.702395008844723
510.3680000000475,-4.28006970939206
510.37200000004754,19.47585349562138
510.37600000004755,15.79129854726197
510.3800000000475,24.25341103546525
510.38400000004754,8.220387656831027
510.38800000004755,21.2494801363843
510.3920000000475,-12.111471750651187
510.39600000004754,-7.553053329167107
510.40000000004756,-7.534101873874052
510.4040000000476,-5.633732396440762
510.40800000004754,-18.12572125779284
510.41200000004756,3.6190008154700504
510.4160000000476,-3.6725123938184145
510.42000000004754,-9.288615141841266
510.42400000004756,14.201917345309953
510.4280000000476,-3.9236835763480387
510.43200000004754,-30.00788631690837
510.43600000004756,13.431631305431944
510.4400000000476,20.23517362205672
510.44400000004754,2.5036332204659884
510.44800000004756,-5.086644109455703
510.4520000000476,3.0551092760101715
510.45600000004754,-14.262815105282888
510.46000000004756,-7.399000400502203
510.4640000000476,-1.0412603188446563
510.46800000004754,-18.453646220240667
510.47200000004756,-6.554616103057851
510.4760000000476,-2.831841245097414
510.48000000004754,-3.5710002507624106
510.48400000004756,4.698029895440209
510.4880000000476,20.811844620590374
510.49200000004754,-33.19486125915957
510.49600000004756,3.625185609658468
510.5000000000476,-12.536259318717459
510.5040000000476,-15.575879813817874
510.50800000004756,10.971866491309791
510.5120000000476,-23.670167786161695
510.5160000000476,3.5868814360565695
510.52000000004756,1.9983590090354848
510.5240000000476,30.74707473458339
510.5280000000476,10.489635301036417
510.53200000004756,-26.534573940033184
510.5360000000476,-13.733621790728437
510.5400000000476,6.3143309480484655
510.54400000004756,8.20748360538462
510.5480000000476,37.39988385725987
510.5520000000476,16.417504915206703
510.55600000004756,21.959879293533465
510.5600000000476,-19.855846504147106
510.5640000000476,-27.640261364716867
510.56800000004756,18.366706039013092
510.5720000000476,-10.978934347138834
510.5760000000476,26.11886527881496
510.58000000004756,-9.886204463091067
510.5840000000476,-1.7891939599938858
510.5880000000476,-4.430638244019406
510.59200000004756,5.990436837942808
510.5960000000476,7.977902105553227
510.6000000000476,-22.06332298022033
510.6040000000476,10.665122654407051
510.6080000000476,8.849696343727134
510.6120000000476,6.323575639899103
510.6160000000476,4.862377049268108
510.6200000000476,8.489050407460718
510.6240000000476,-11.911411262595802
510.6280000000476,3.063160917808208
510.6320000000476,-0.25135320973130515
510.6360000000476,-19.609081453646155
510.6400000000476,-17.643446897239265
510.6440000000476,16.782237358662407
510.6480000000476,-13.88146518901902
510.6520000000476,32.31249487816213
510.6560000000476,9.549556253138665
510.6600000000476,-2.539733197411839
510.6640000000476,7.2287608429357375
510.6680000000476,-5.932256501313383
510.6720000000476,-20.314744357277164
510.6760000000476,-25.521249215428387
510.6800000000476,1.2739599992266841
510.6840000000476,-9.667977376489985
510.6880000000476,-22.04483301238792
510.6920000000476,-6.752141712846574
510.6960000000476,7.1164380331027335
510.7000000000476,-6.318165043286925
510.70400000004764,1.4344780695242378
510.7080000000476,2.139598977394768
510.7120000000476,10.282610886641528
510.71600000004764,4.248836084572893
510.7200000000476,-3.9056042891624245
510.7240000000476,-0.9680957004319364
510.72800000004764,14.214180008415045
510.7320000000476,-12.375080455266572
510.7360000000476,18.384479055755214
510.74000000004764,19.134733508812406
510.7440000000476,0.08404305450674232
510.7480000000476,7.791177411310971
510.75200000004764,14.580024052344095
510.7560000000476,10.75433028827391
510.7600000000476,12.423247907559256
510.76400000004764,8.119952577632954
510.7680000000476,0.526399816816717
510.7720000000476,8.548943949335163
510.77600000004765,-4.392435373233728
510.7800000000476,-6.9683138644995335
510.7840000000476,13.435704735758677
510.78800000004765,-27.675774414011904
510.7920000000476,-13.313332942043093
510.7960000000476,18.738887797495238
510.80000000004765,-11.745059787946145
510.80400000004767,17.754193387559134
510.8080000000476,-23.57623446090188
510.81200000004765,-49.55837310919294
510.81600000004767,6.904242611726052
510.8200000000476,11.372512530205412
510.82400000004765,21.091057884635365
510.82800000004767,-9.207304276339599
510.8320000000476,25.069488324790992
510.83600000004765,-10.971121198710623
510.84000000004767,4.4357159035836595
510.84400000004763,1.1666149677849997
510.84800000004765,10.55208370000592
510.85200000004767,-48.99590343528557
510.85600000004763,8.305943547220597
510.86000000004765,0.5757744582956414
510.86400000004767,25.0738339411271
510.86800000004763,-15.904003649636431
510.87200000004765,20.674311888710424
510.87600000004767,0.7486063553781002
510.88000000004763,17.439462603318965
510.88400000004765,11.004918441534732
510.88800000004767,4.379721194367171
510.89200000004763,30.710439385667954
510.89600000004765,14.861328156413968
510.90000000004767,9.05455823622591
510.9040000000477,19.428006023655154
510.90800000004765,12.883456586975505
510.91200000004767,17.679791849158292
510.9160000000477,16.867990831925983
510.92000000004765,-7.355152305135441
510.92400000004767,13.387161268403574
510.9280000000477,-1.3320372155517015
510.93200000004765,-17.553725899253585
510.93600000004767,-22.101737046234618
510.9400000000477,1.962897866810688
510.94400000004765,9.988724146545447
510.94800000004767,10.606754720446922
510.9520000000477,5.494472239444273
510.95600000004765,34.67835556913826
510.96000000004767,-0.7400824073579768
510.9640000000477,13.008678765152679
510.96800000004765,-4.199655134562561
510.9720000000477,-14.787687513055756
510.9760000000477,-29.378695985373813
510.98000000004765,-29.804362275562166
510.9840000000477,25.76445098576744
510.9880000000477,4.534156766691604
510.99200000004765,-36.72539581440599
510.9960000000477,-2.5413362026106565
511.0000000000477,-13.480193325635112
511.0040000000477,14.402572443314014
511.0080000000477,10.301465996508957
511.0120000000477,6.138642100078569
511.0160000000477,-4.140138256011777
511.0200000000477,16.925505362818157
511.0240000000477,12.236199857844351
511.0280000000477,-7.368712486129988
511.0320000000477,0.6399907877282915
511.0360000000477,-5.5740200659790595
511.0400000000477,19.305588160054704
511.0440000000477,1.2221984930994583
511.0480000000477,-17.841626130776845
511.0520000000477,11.37247754577357
511.0560000000477,-11.996086360873235
511.0600000000477,-10.542522634322815
511.0640000000477,-5.09850670647944
511.0680000000477,-22.034392930342122
511.0720000000477,12.067286550774664
511.0760000000477,-32.769980631631434
511.0800000000477,-12.053493745694158
511.0840000000477,-10.891930152905847
511.0880000000477,-15.439751738160789
511.0920000000477,-7.179795362785029
511.0960000000477,-4.242359185304405
511.1000000000477,4.6314821893788265
511.10400000004773,19.708689165395974
511.1080000000477,18.435384691968267
511.1120000000477,-21.90560716666792
511.11600000004773,1.8005195937870904
511.1200000000477,-2.73699354873127
511.1240000000477,23.90691558226237
511.12800000004773,30.83444780590264
511.1320000000477,-21.009794357977302
511.1360000000477,-1.9139695534674148
511.14000000004773,8.463098686380292
511.1440000000477,-17.62095825462845
511.1480000000477,-6.140990642904334
511.15200000004774,-2.497836546030915
511.1560000000477,-1.2165921085205285
511.1600000000477,13.77344034924438
511.16400000004774,-2.352284280152984
511.1680000000477,-21.184459400908757
511.1720000000477,12.929889191486662
511.17600000004774,-27.217934062043867
511.1800000000477,-4.884901512191506
511.1840000000477,-13.343668137456838
511.18800000004774,2.4639551336544754
511.1920000000477,-47.63393383595255
511.1960000000477,-3.331435214132002
511.20000000004774,-36.83329743044901
511.20400000004776,9.671763388375506
511.2080000000477,-17.43026747168663
511.21200000004774,-2.482247684172364
511.21600000004776,13.366676156252261
511.2200000000477,19.583837325956466
511.22400000004774,-31.347152905586213
511.22800000004776,-12.109731413904068
511.2320000000477,7.252759196213848
511.23600000004774,23.30904624392914
511.24000000004776,-37.19035839632134
511.2440000000477,-21.27550439631859
511.24800000004774,-6.244272391486418
511.25200000004776,-19.33428458942167
511.2560000000477,-8.551363344647715
511.26000000004774,9.652173077815648
511.26400000004776,-16.866210053393978
511.2680000000477,43.34759529080614
511.27200000004774,3.874022288221226
511.27600000004776,-15.062201020933419
511.2800000000477,25.742327297941408
511.28400000004774,8.023445291252257
511.28800000004776,7.910073918418769
511.2920000000477,-27.63437285873378
511.29600000004774,-28.214884616620047
511.30000000004776,-15.332496077716437
511.3040000000478,35.22207685949595
511.30800000004774,9.111192686321086
511.31200000004776,-5.978024384938502
511.3160000000478,-21.247367832326947
511.32000000004774,25.363938729592718
511.32400000004776,11.216785224901823
511.3280000000478,32.03368678287103
511.33200000004774,6.233309168530137
511.33600000004776,9.573565425510417
511.3400000000478,49.472768947859
511.34400000004774,-2.9591393373351433
511.34800000004776,-0.02026368273097301
511.3520000000478,8.041436182789475
511.35600000004774,38.09173959919423
511.36000000004776,-13.107714416082953
511.3640000000478,11.971219554367961
511.36800000004774,6.980567120368743
511.37200000004776,-22.707565667140408
511.3760000000478,-30.436743191396033
511.38000000004774,10.080607320481764
511.38400000004776,-1.4984994321577148
511.3880000000478,2.3143378619816053
511.39200000004774,-48.32075021173104
511.39600000004776,-4.742026129643261
511.4000000000478,9.926785202333367
511.4040000000478,17.834234474017435
511.40800000004776,15.76161265331665
511.4120000000478,-9.155725306633737
511.4160000000478,8.920206319373873
511.42000000004776,10.095366339378549
511.4240000000478,-1.0941490949252302
511.4280000000478,-7.600511234293267
511.43200000004776,-1.5898095951764382
511.4360000000478,-0.14354932525628117
511.4400000000478,-9.041111833401613
511.44400000004777,-13.46334517986328
511.4480000000478,4.088275253921786
511.4520000000478,5.658181292575373
511.45600000004777,22.539031562553017
511.4600000000478,9.467780320436171
511.4640000000478,0.17775369107725403
511.46800000004777,18.096452379078674
511.4720000000478,29.36756136216986
511.4760000000478,4.306598487624389
511.48000000004777,-5.188404509869416
511.4840000000478,-4.828772069409462
511.4880000000478,-0.03491840882278163
511.49200000004777,-7.329131304014709
511.4960000000478,11.318816455571913
511.5000000000478,-37.51922996127984
511.5040000000478,-8.538384329152034
511.5080000000478,9.357761789702987
511.5120000000478,21.142470267195144
511.5160000000478,18.02222190220265
511.5200000000478,-12.611021858161303
511.5240000000478,-27.611104552084917
511.5280000000478,1.6405811084531803
511.5320000000478,5.072267334808295
511.5360000000478,28.19351866541262
511.5400000000478,-2.659082531850645
511.5440000000478,5.37116009475811
511.5480000000478,11.762988269910117
511.5520000000478,14.364175560705217
511.5560000000478,22.519380883284754
511.5600000000478,15.909440691214096
511.5640000000478,-4.968809469923039
511.5680000000478,4.878312964687594
511.5720000000478,12.253500228606534
511.5760000000478,24.12701487304099
511.5800000000478,-10.844928194327444
511.5840000000478,5.189008074817609
511.5880000000478,10.44088364431133
511.5920000000478,-42.11107858915437
511.5960000000478,-24.1980148319545
511.6000000000478,14.907392128082357
511.60400000004785,8.488427083298594
511.6080000000478,-2.372578186201625
511.61200000004783,-9.241771603970768
511.61600000004785,-24.666903725017928
511.6200000000478,-17.561021998653125
511.62400000004783,4.2948538894499535
511.62800000004785,17.07569001907953
511.6320000000478,-16.949406396310778
511.63600000004783,17.17649684534573
511.64000000004785,9.708704555763726
511.6440000000478,21.66392868851171
511.64800000004783,15.978951657816822
511.65200000004785,11.064867400207909
511.6560000000478,15.396593932316225
511.66000000004783,-5.585507165316013
511.66400000004785,-9.771331594598477
511.6680000000478,-5.7519838344575405
511.67200000004783,-1.4183142629050596
511.67600000004785,-26.528231530686323
511.6800000000478,3.4786114719226555
511.68400000004783,-8.685913634121405
511.68800000004785,-8.318103078737296
511.6920000000478,12.087439567349156
511.69600000004783,13.47317694890013
511.70000000004785,9.629686467193585
511.70400000004787,-20.43251110396538
511.70800000004783,-9.676513719193265
511.71200000004785,-23.8211846420401
511.71600000004787,19.030681087017204
511.72000000004783,8.62847303547149
511.72400000004785,-15.209512164587803
511.72800000004787,16.06647797690786
511.73200000004783,22.70462946165953
511.73600000004785,5.524820123079586
511.74000000004787,-7.090918096761827
511.74400000004783,21.0323949675256
511.74800000004785,-20.88742315661128
511.7520000000479,-12.694378957166917
511.75600000004783,-26.296687372390856
511.76000000004785,8.301147679773738
511.7640000000479,-9.864913609887212
511.76800000004783,-11.043223114155618
511.77200000004785,-3.0663841952812545
511.7760000000479,19.276617234070372
511.78000000004783,1.494613611554981
511.78400000004785,17.628816897685475
511.7880000000479,7.7396670088157435
511.79200000004784,-1.3254596861932335
511.79600000004785,19.144282753103834
511.8000000000479,27.213695269015478
511.8040000000479,-21.461574203761266
511.80800000004785,-22.875152769068414
511.8120000000479,-1.5022035950125174
511.8160000000479,25.614690547807314
511.82000000004786,-15.218243890926058
511.8240000000479,3.3163643638696243
511.8280000000479,-6.847290688497875
511.83200000004786,15.820069149894803
511.8360000000479,20.58695074084808
511.8400000000479,17.211472222089633
511.84400000004786,2.7036632966538954
511.8480000000479,8.085459123621664
511.8520000000479,22.455168882947522
511.85600000004786,-24.19223945846463
511.8600000000479,-38.66224209149002
511.8640000000479,12.332823686462342
511.86800000004786,8.160783407072849
511.8720000000479,-26.766324356238474
511.8760000000479,-8.609474617451482
511.88000000004786,30.867924256335126
511.8840000000479,-1.2037894489362078
511.8880000000479,-7.192923581175252
511.89200000004786,-5.039891921514105
511.8960000000479,-6.248074303103122
511.9000000000479,22.845168515951926
511.9040000000479,-0.5028613798634423
511.9080000000479,-9.034386988503465
511.9120000000479,-30.036981921214746
511.9160000000479,16.69518645827609
511.9200000000479,1.3724480744686987
511.9240000000479,0.4844198844948564
511.9280000000479,-14.332886665172003
511.9320000000479,12.488935833441449
511.9360000000479,31.006068457819264
511.9400000000479,-29.376937093225408
511.9440000000479,30.279227100744645
511.9480000000479,12.962865803628306
511.9520000000479,-22.649141379662467
511.9560000000479,-18.705791830512787
511.9600000000479,5.364453598287188
511.9640000000479,24.933301495322123
511.9680000000479,6.920794283084094
511.9720000000479,51.16246309917098
511.9760000000479,-29.907170707644077
511.9800000000479,11.295632584725862
511.9840000000479,-0.20650628101990665
511.9880000000479,-9.767705992791804
511.9920000000479,7.997260819028508
511.9960000000479,-5.743073957745184
512.0000000000479,8.83767963548072
512.0040000000479,-16.594730076414727
512.0080000000479,-18.001343756237905
512.0120000000478,-13.925277690589297
512.0160000000478,21.80730222918181
512.0200000000478,-2.992768223706993
512.0240000000479,-2.13342349378727
512.0280000000479,-5.004891028529823
512.0320000000479,-7.321585313339664
512.0360000000478,-24.48235212306058
512.0400000000478,3.6945272678067296
512.0440000000478,-16.488839059935046
512.0480000000479,-26.089597373457433
512.0520000000479,21.7407020446525
512.0560000000479,9.53250854888351
512.0600000000478,-20.802067074185235
512.0640000000478,-1.1350391779708668
512.0680000000478,5.707439619575852
512.0720000000479,1.159624395383623
512.0760000000479,-2.6419752114948265
512.0800000000479,-10.721293991612086
512.0840000000478,26.691306124754398
512.0880000000478,-23.82586899253582
512.0920000000478,12.296137412459407
512.0960000000479,-27.829642326874136
512.1000000000479,5.155752773122841
512.1040000000479,-6.942750027607564
512.1080000000479,-2.5102908047680157
512.1120000000478,-51.3398436707521
512.1160000000478,2.2427829737247844
512.1200000000479,-27.276958362175957
512.1240000000479,8.111965849005305
512.1280000000479,-6.603695748994468
512.1320000000479,17.910397398742838
512.1360000000478,1.5711475651581719
512.1400000000478,3.9311354876529436
512.1440000000479,-11.911832855285386
512.1480000000479,-2.0981630549128467
512.1520000000479,6.027688323738843
512.1560000000479,-16.06044711175422
512.1600000000478,-2.493054259034844
512.1640000000478,-15.15725001124412
512.1680000000479,0.6559349896439284
512.1720000000479,-7.057529382767884
512.1760000000479,24.039656130184582
512.1800000000479,17.019579497083303
512.1840000000478,-13.726148681072914
512.1880000000479,-0.1632313931623659
512.1920000000479,-8.548847782411167
512.1960000000479,9.585020320068931
512.2000000000479,-10.10905562734789
512.2040000000479,-6.19284427924683
512.208000000048,-16.658073386469535
512.2120000000479,-19.077957924400675
512.2160000000479,34.514859572395906
512.2200000000479,-20.454042497882813
512.2240000000479,-40.84998349537298
512.2280000000479,-18.472826424583772
512.232000000048,25.612168997654788
512.2360000000479,-1.859608311849214
512.2400000000479,12.879841295381546
512.2440000000479,-22.462923969766518
512.2480000000479,-33.26256094092423
512.2520000000479,8.495777943730506
512.256000000048,6.1711784752779435
512.2600000000479,-18.48157138094581
512.2640000000479,25.726950050380434
512.2680000000479,12.663059475753636
512.2720000000479,-11.739213783833215
512.2760000000479,26.349803252271634
512.280000000048,-12.30369859070966
512.2840000000479,-10.485160621096966
512.2880000000479,-4.052538103632804
512.2920000000479,-1.0242350446979762
512.2960000000479,28.12139971649489
512.3000000000479,3.438323863469698
512.304000000048,-27.145270883537062
512.308000000048,-2.658856971059242
512.3120000000479,-6.722073703864313
512.3160000000479,-30.475741747581345
512.3200000000479,25.08749366084418
512.3240000000479,14.770582353836147
512.328000000048,11.674051793372755
512.332000000048,-17.450078691177573
512.3360000000479,12.534890942818558
512.3400000000479,-16.822885088162824
512.3440000000479,-11.971406173972039
512.3480000000479,17.98022607660813
512.352000000048,-22.896690665948395
512.356000000048,-16.371097522145682
512.3600000000479,13.020669400614862
512.3640000000479,20.446585809936202
512.3680000000479,4.398428156185057
512.3720000000479,-19.137422353365835
512.376000000048,-4.842905445874913
512.380000000048,-24.80809271222886
512.3840000000479,-1.8069154946440642
512.3880000000479,-0.505939769957509
512.3920000000479,25.575661527048467
512.3960000000479,3.6022024111951807
512.400000000048,-11.080920784015058
512.404000000048,-24.026675613883057
512.408000000048,-11.422126798124062
512.4120000000479,13.018357874651581
512.4160000000479,-14.054312521268212
512.4200000000479,-33.99784671306275
512.424000000048,-26.053005677886542
512.428000000048,-5.317594666330302
512.432000000048,-0.05661402219665512
512.4360000000479,-6.07697410320236
512.4400000000479,20.93788868535331
512.4440000000479,11.696538337752578
512.448000000048,-0.21419584217314025
512.452000000048,-25.31027660776281
512.456000000048,15.121019576250697
512.4600000000479,-11.868753923601748
512.4640000000479,-2.5214564445441487
512.4680000000479,1.5057663363569014
512.472000000048,-19.847292614778077
512.476000000048,16.008587584360896
512.480000000048,-7.721833507393245
512.4840000000479,13.431256708989752
512.4880000000479,-14.84826459800616
512.4920000000479,-1.679771859280984
512.496000000048,-11.534944794639301
512.500000000048,20.71443178645516
512.504000000048,-24.609130900612012
512.508000000048,-11.527275579683215
512.5120000000479,3.08044109709819
512.5160000000479,9.846593222531247
512.520000000048,28.192834029163084
512.524000000048,-23.20556967942215
512.528000000048,-14.537991542989895
512.532000000048,-36.44506542299877
512.5360000000479,4.958557811894591
512.5400000000479,-0.953427325767636
512.544000000048,-25.661777341801066
512.548000000048,-5.622582741913761
512.552000000048,-9.734440546256252
512.556000000048,17.395539820746592
512.5600000000479,17.65246175291889
512.5640000000479,3.751453875393601
512.568000000048,4.578066395225303
512.572000000048,-3.3470910969429566
512.576000000048,15.822932457893323
512.580000000048,19.645090234577715
512.5840000000479,-22.306040726920898
512.5880000000479,-20.73915631299221
512.592000000048,-17.34110174597289
512.596000000048,9.822342555487516
512.600000000048,10.316657293275362
512.604000000048,-4.698638280020354
512.608000000048,-18.514798242784767
512.6120000000479,8.81148816338321
512.616000000048,18.03732255058644
512.620000000048,10.996693407319674
512.624000000048,-20.77393552623808
512.628000000048,-3.5297248588692103
512.632000000048,30.34124658888566
512.6360000000479,-5.795192502217566
512.640000000048,2.744388003646089
512.644000000048,-19.106812808556406
512.648000000048,-7.845593708026135
512.652000000048,17.827077140351367
512.656000000048,5.950139775839494
512.660000000048,-1.5664221119332686
512.664000000048,13.316430423789743
512.668000000048,19.13205545849715
512.672000000048,-32.1853379037683
512.676000000048,-14.570233414283106
512.680000000048,13.477605887451613
512.684000000048,4.586898879243163
512.688000000048,-14.340346572831201
512.692000000048,-40.979229016117806
512.696000000048,-18.52497112715898
512.700000000048,-33.7683634539229
512.704000000048,15.222474005720553
512.7080000000481,-27.878767301015777
512.712000000048,6.562308630403528
512.716000000048,-3.8918649355289388
512.720000000048,2.841645415969076
512.724000000048,12.736604720086307
512.728000000048,35.600142233019604
512.7320000000481,-2.8844710567489344
512.736000000048,5.8137146663936665
512.740000000048,3.7194063047354238
512.744000000048,-12.956676609844965
512.748000000048,10.333910973070033
512.752000000048,7.860091151666355
512.7560000000481,0.7905196504160197
512.760000000048,-0.28863063163840197
512.764000000048,11.259985086941736
512.768000000048,-5.110575342707027
512.772000000048,5.672034503337034
512.776000000048,-23.421919615337085
512.7800000000481,7.640513661607097
512.784000000048,-2.0296872975063516
512.788000000048,-19.30585977355578
512.792000000048,23.332148845833547
512.796000000048,4.022499064038368
512.800000000048,-8.86982707643479
512.8040000000481,-9.045881853665849
512.8080000000481,-2.3182669736385524
512.812000000048,-15.89706681404554
512.816000000048,-17.507564611030343
512.820000000048,7.987622014675552
512.824000000048,33.72516755612114
512.8280000000481,14.044703279025402
512.8320000000481,-13.522600108790247
512.836000000048,17.685668779218588
512.840000000048,2.6131280990298302
512.844000000048,-10.462927655502146
512.848000000048,2.548263819150158
512.8520000000481,-2.380252772608893
512.8560000000481,12.993055831214281
512.860000000048,-3.84979891328117
512.864000000048,2.3922684161970884
512.868000000048,-10.35473220434116
512.872000000048,33.359991026762486
512.8760000000481,37.290111221213216
512.8800000000481,-5.985643123403117
512.884000000048,19.578476642366482
512.888000000048,16.154048049885866
512.892000000048,22.00145922766043
512.896000000048,-7.6639221681716725
512.9000000000481,33.24809849427309
512.9040000000481,-10.3793407886008
512.9080000000481,-12.657984201126343
512.912000000048,-0.3991187589368115
512.916000000048,-12.747397533098056
512.920000000048,-44.06583018074111
512.9240000000481,-4.588390419081122
512.9280000000481,17.08042622541182
512.9320000000481,6.701521215253967
512.936000000048,21.08888388996337
512.940000000048,4.682440963561438
512.944000000048,2.401715983942019
512.9480000000481,10.558502471216684
512.9520000000481,7.930919686835833
512.9560000000481,34.210864581222445
512.960000000048,-9.899371977177022
512.964000000048,-8.141710741375162
512.968000000048,-11.031680353818865
512.9720000000481,2.742392617324795
512.9760000000481,7.060068590503503
512.9800000000481,22.863152722463585
512.984000000048,24.69324197098827
512.988000000048,23.830164431560576
512.992000000048,-7.3200586853467
512.9960000000481,-8.490224521228583
513.0000000000481,7.57930443658428
513.0040000000481,-18.869635810682283
513.0080000000481,6.023393392952044
513.012000000048,7.111502886888452
513.016000000048,-23.28191293316696
513.0200000000481,-0.3697405596369141
513.0240000000481,18.720502209151327
513.0280000000481,9.447844996789334
513.0320000000481,-13.340628834508092
513.036000000048,15.420658359158216
513.040000000048,23.802573891169345
513.0440000000481,-1.8738511426510644
513.0480000000481,4.5800039387466995
513.0520000000481,-37.001793273658286
513.0560000000481,21.93709782009748
513.060000000048,0.07168136541806869
513.064000000048,5.161950161858932
513.0680000000481,-9.470813995162972
513.0720000000481,44.76463071968615
513.0760000000481,15.615760651305722
513.0800000000481,-8.565144576407265
513.084000000048,-14.896081144750697
513.088000000048,-8.729424379365529
513.0920000000481,5.733117246176976
513.0960000000481,27.95878093175317
513.1000000000481,-13.438229073291557
513.1040000000481,1.3483572089272222
513.1080000000482,11.315738048466848
513.112000000048,-19.363598404218962
513.1160000000481,-4.699043562679795
513.1200000000481,20.956354309935648
513.1240000000481,-5.9620928978445455
513.1280000000481,9.682534802178914
513.1320000000482,-15.002737186439555
513.136000000048,12.871713528925635
513.1400000000481,1.9438008399562114
513.1440000000481,-17.078565991947535
513.1480000000481,5.726202032971676
513.1520000000481,-2.5961570376845837
513.1560000000482,21.19499622109653
513.1600000000481,-31.28305263885072
513.1640000000481,-16.390271325519915
513.1680000000481,-15.942444343165382
513.1720000000481,8.922883045156675
513.1760000000481,40.57450572814021
513.1800000000482,-17.940792455943434
513.1840000000481,11.176471203969376
513.1880000000481,21.647166934508952
513.1920000000481,5.508503028963651
513.1960000000481,-10.295206036488008
513.2000000000481,16.580914533556882
513.2040000000482,-15.801180807144142
513.2080000000482,5.557558395677985
513.2120000000481,-0.48509364202896077
513.2160000000481,-10.293202328223167
513.2200000000481,-8.43114445233505
513.2240000000481,-3.8472552136234697
513.2280000000482,11.879573386326644
513.2320000000482,23.427809699378752
513.2360000000481,-12.976361764599158
513.2400000000481,5.396160458724676
513.2440000000481,-19.35932005484475
513.2480000000481,-8.187791634708116
513.2520000000482,-8.053463254249994
513.2560000000482,2.051351010845364
513.2600000000481,-30.97751750513985
513.2640000000481,-5.035358688744302
513.2680000000481,-14.468203907805675
513.2720000000481,-2.027409219103589
513.2760000000482,-4.753402308207574
513.2800000000482,1.0796964114346754
513.2840000000481,-15.068981759935184
513.2880000000481,28.624200731839565
513.2920000000481,-12.313544108705532
513.2960000000481,7.090759403541877
513.3000000000482,9.335538264344333
513.3040000000482,13.814486917590335
513.3080000000482,1.9011708446825808
513.3120000000481,24.163786036558243
513.3160000000481,-3.983981764785176
513.3200000000481,12.137521190934502
513.3240000000482,40.185224738364944
513.3280000000482,-4.236720294866644
513.3320000000482,9.82961886759995
513.3360000000481,-5.122998150237994
513.3400000000481,-18.758952478870103
513.3440000000481,17.885807730095863
513.3480000000482,-10.37967004343514
513.3520000000482,-7.220919810635868
513.3560000000482,-4.675405014498428
513.3600000000481,22.562775986990523
513.3640000000481,-32.00811332966809
513.3680000000481,6.045671333722108
513.3720000000482,1.5069464391073517
513.3760000000482,20.266226660733388
513.3800000000482,-5.474827480871143
513.3840000000481,29.327917199472164
513.3880000000481,7.894958680007004
513.3920000000481,-44.22830917529021
513.3960000000482,-4.644125747650036
513.4000000000482,-11.663962501148411
513.4040000000482,-0.8714042378105319
513.4080000000482,-5.085721954148937
513.4120000000481,17.90149605118149
513.4160000000481,0.05700480781429906
513.4200000000482,-0.7557235057397353
513.4240000000482,12.177214145429236
513.4280000000482,12.254787516573447
513.4320000000482,18.17616568991074
513.4360000000481,12.887420669511137
513.4400000000481,4.934491043564935
513.4440000000482,21.1999786791781
513.4480000000482,28.56853493823646
513.4520000000482,6.218006701857381
513.4560000000482,-2.6966286183871833
513.4600000000481,6.4172315711145105
513.4640000000481,28.986083277966344
513.4680000000482,1.4927081768630455
513.4720000000482,0.06271846414005156
513.4760000000482,6.085979634622027
513.4800000000482,-13.046463503697998
513.4840000000481,-19.07041400053357
513.4880000000481,-12.085144803214211
513.4920000000482,6.598249746578377
513.4960000000482,-6.682154526723227
513.5000000000482,17.34112501575342
513.5040000000482,-24.022582334768323
513.5080000000482,20.099179427912908
513.5120000000481,-7.940636659637211
513.5160000000482,6.838301849023992
513.5200000000482,-6.547399024925664
513.5240000000482,-14.011065708605898
513.5280000000482,-0.6633583420467253
513.5320000000482,19.508418266506816
513.5360000000481,31.924407822374768
513.5400000000482,23.16514131265759
513.5440000000482,29.53764380032737
513.5480000000482,-11.014630316716211
513.5520000000482,24.47710479016663
513.5560000000482,18.941541360534135
513.5600000000481,3.3748136719674964
513.5640000000482,-6.506222286987082
513.5680000000482,9.421982063706446
513.5720000000482,20.095142037965903
513.5760000000482,-19.244335074968557
513.5800000000482,-25.18886010296637
513.5840000000481,-19.884581023282326
513.5880000000482,4.618577052370029
513.5920000000482,-27.227431535588625
513.5960000000482,9.47159171300785
513.6000000000482,-12.839062333108815
513.6040000000482,27.19117703405021
513.6080000000483,-0.8349435635247666
513.6120000000482,19.54271732307757
513.6160000000482,-1.1445101344469426
513.6200000000482,29.47542470031046
513.6240000000482,0.7903078233327601
513.6280000000482,-1.7189463511501746
513.6320000000483,-18.241606391635592
513.6360000000482,-4.588306457215317
513.6400000000482,2.5248159989536356
513.6440000000482,36.38636694277513
513.6480000000482,2.1338977863380673
513.6520000000482,23.923492579953198
513.6560000000483,7.3261869727488955
513.6600000000482,-6.220755902136542
513.6640000000482,-1.590385079576291
513.6680000000482,-6.062533219764683
513.6720000000482,44.983898175023704
513.6760000000482,15.006555192116528
513.6800000000483,-0.15166541422953295
513.6840000000482,5.787279385306764
513.6880000000482,-12.825077279903239
513.6920000000482,13.554762853070637
513.6960000000482,-10.78228287364825
513.7000000000482,-15.482265480689257
513.7040000000483,-16.092596835357266
513.7080000000483,24.956010175746375
513.7120000000482,-2.7786787301020093
513.7160000000482,-29.510279191977187
513.7200000000482,-9.311794815893585
513.7240000000482,24.605940188147407
513.7280000000483,17.335713015668045
513.7320000000483,18.929966289327446
513.7360000000482,6.498058688778742
513.7400000000482,-0.9470827270249609
513.7440000000482,-12.909807401111765
513.7480000000483,15.228624700653633
513.7520000000483,7.364524253878807
513.7560000000483,11.032351676636608
513.7600000000482,-6.160882564308767
513.7640000000482,-22.73098704276787
513.7680000000482,-11.46500700314512
513.7720000000483,-1.3803030816454127
513.7760000000483,21.0378943768981
513.7800000000483,-15.757232980987778
513.7840000000482,2.3948377509100793
513.7880000000482,7.357396559090072
513.7920000000482,-32.56073199800457
513.7960000000483,-8.887149437883128
513.8000000000483,-20.076656589429685
513.8040000000483,-10.76983415054527
513.8080000000483,19.953544880015293
513.8120000000482,23.759600104976133
513.8160000000482,-11.491535187991882
513.8200000000483,6.587428823780225
513.8240000000483,-5.487949748643317
513.8280000000483,-13.952139366463554
513.8320000000483,6.150947438221774
513.8360000000482,5.530817264867448
513.8400000000482,-12.230666199793166
513.8440000000483,9.132686099505243
513.8480000000483,-8.845358355720514
513.8520000000483,0.8438368820812738
513.8560000000483,14.182715646526512
513.8600000000482,16.950869014406262
513.8640000000482,-12.282736076384117
513.8680000000483,-17.91854303279181
513.8720000000483,-16.863111337073867
513.8760000000483,-9.862621652813386
513.8800000000483,-8.805768261337796
513.8840000000482,-17.441062875361055
513.8880000000482,15.807991824902642
513.8920000000483,5.229799602344962
513.8960000000483,-37.933876069452815
513.9000000000483,36.5061532089975
513.9040000000483,21.29180184799487
513.9080000000483,17.55190959454926
513.9120000000482,4.880832766495344
513.9160000000483,2.9354468734276633
513.9200000000483,-12.700099120340216
513.9240000000483,-38.72601818765112
513.9280000000483,12.175165482689039
513.9320000000483,-3.057160934184533
513.9360000000482,5.929125643662644
513.9400000000483,-1.5991941382526131
513.9440000000483,-22.62412442381523
513.9480000000483,10.81380263480742
513.9520000000483,-24.062642045186333
513.9560000000483,-0.9516488498385458
513.9600000000482,-6.928678380291533
513.9640000000483,0.7440116990849077
513.9680000000483,22.45975127025479
513.9720000000483,36.104073359269556
513.9760000000483,-9.955918602982509
513.9800000000483,25.96821314746376
513.9840000000482,-31.581567816825597
513.9880000000483,3.6372540252944816
513.9920000000483,-6.153795600916148
513.9960000000483,-20.53383689996679
514.0000000000483,9.30454925209163
514.0040000000483,-42.72768194999734
514.0080000000484,12.690974776687604
514.0120000000483,12.835081136921463
514.0160000000483,1.393059878632879
514.0200000000483,-9.207299831944717
514.0240000000483,-2.2194015449722864
514.0280000000483,1.2727672652375261
514.0320000000484,1.6471206561925906
514.0360000000483,26.904373229761745
514.0400000000483,-11.692313517171135
514.0440000000483,27.2056934833158
514.0480000000483,-2.48608364316977
514.0520000000483,-9.611511424145448
514.0560000000484,-3.71155645497035
514.0600000000483,0.272510889249995
514.0640000000483,18.854540979605765
514.0680000000483,2.789387899702756
514.0720000000483,27.580318445117786
514.0760000000483,17.053524542830203
514.0800000000484,12.154991665857597
514.0840000000483,5.747302136275422
514.0880000000483,29.897892954385917
514.0920000000483,-11.293390445267134
514.0960000000483,1.0013527704210916
514.1000000000483,26.590259366269144
514.1040000000484,-13.37005854274002
514.1080000000484,-0.3255638695284513
514.1120000000483,7.133977284985494
514.1160000000483,4.99753416999658
514.1200000000483,19.10618361184828
514.1240000000483,0.19734396685223032
514.1280000000484,-12.288612420478472
514.1320000000484,8.656954349840413
514.1360000000483,7.450150688371263
514.1400000000483,4.9662499027823745
514.1440000000483,12.764856017174253
514.1480000000483,-10.774011829182706
514.1520000000484,-32.89640144184704
514.1560000000484,-0.35674167442883453
514.1600000000483,-6.681198540730488
514.1640000000483,22.14115223584058
514.1680000000483,11.329384782389475
514.1720000000483,14.993409246511
514.1760000000484,18.03826323509371
514.1800000000484,3.822126467987263
514.1840000000483,21.613514670161784
514.1880000000483,-23.353009472321475
514.1920000000483,-5.088247684675302
514.1960000000483,12.372887976098257
514.2000000000484,19.580544911988056
514.2040000000484,-18.16452664881821
514.2080000000484,4.536700312153916
514.2120000000483,-7.390853254598864
514.2160000000483,-15.963510257432489
514.2200000000483,-13.622997669404523
514.2240000000484,-6.855042993168803
514.2280000000484,4.256919571334475
514.2320000000484,32.687298260508854
514.2360000000483,13.186239118961895
514.2400000000483,18.23331196592884
514.2440000000483,-11.955771919537252
514.2480000000484,-0.8687070751457923
514.2520000000484,10.42174719173486
514.2560000000484,-0.30707195885774485
514.2600000000483,-20.608495487331833
514.2640000000483,4.984283811036517
514.2680000000483,-7.649954038645239
514.2720000000484,-16.27157754460094
514.2760000000484,-32.68644208676114
514.2800000000484,-23.85449491980786
514.2840000000483,-29.739990769998833
514.2880000000483,-0.6000047244166793
514.2920000000483,-9.969952823833607
514.2960000000484,-9.87164586407317
514.3000000000484,1.3056191219323878
514.3040000000484,6.443244959566716
514.3080000000484,22.467394621721876
514.3120000000483,-10.854073600982742
514.3160000000483,7.502002224417671
514.3200000000484,-15.15391937455075
514.3240000000484,-4.840937039576117
514.3280000000484,-23.27149621606727
514.3320000000484,-4.356429887475066
514.3360000000483,-13.94342814046727
514.3400000000483,0.9577650424937758
514.3440000000484,-10.41006624398188
514.3480000000484,-6.947404784561347
514.3520000000484,-16.49756665800167
514.3560000000484,10.76158612990918
514.3600000000483,16.806562461533172
514.3640000000483,-21.020958715841612
514.3680000000484,-8.331275102963327
514.3720000000484,-26.878161265944733
514.3760000000484,-26.15754208440004
514.3800000000484,1.9396166705678608
514.3840000000483,6.638367379726315
514.3880000000484,-32.755007614580656
514.3920000000484,3.613042761815136
514.3960000000484,-3.076557199321894
514.4000000000484,-3.139360510508144
514.4040000000484,10.508700438240837
514.4080000000484,0.012172947774292897
514.4120000000484,-1.7788077525934942
514.4160000000484,-10.830718778788624
514.4200000000484,-12.073362958199125
514.4240000000484,26.463247070306537
514.4280000000484,-10.490790212146678
514.4320000000484,4.100910547170411
514.4360000000484,5.61315750256177
514.4400000000484,5.858128493432474
514.4440000000484,-23.34916125667009
514.4480000000484,14.0299098681075
514.4520000000484,0.399441083479541
514.4560000000484,0.5160579633229466
514.4600000000484,18.52041911181428
514.4640000000484,-3.35477357939311
514.4680000000484,11.5059700454199
514.4720000000484,25.032082382773538
514.4760000000484,-4.574370529800311
514.4800000000484,-15.75369073914187
514.4840000000484,36.15171657881192
514.4880000000484,-2.661216103626262
514.4920000000484,4.054080940024304
514.4960000000484,26.352669965409135
514.5000000000484,3.3485822247642494
514.5040000000484,40.942354855569114
514.5080000000485,6.7650869783586245
514.5120000000484,-5.821988197216931
514.5160000000484,6.595401960879174
514.5200000000484,0.9665808758541421
514.5240000000484,9.820968154633615
514.5280000000485,-14.559507518270932
514.5320000000485,-2.349061054583945
514.5360000000484,32.64288895375861
514.5400000000484,-3.423949001258549
514.5440000000484,-12.949849395836573
514.5480000000484,-27.61152279229161
514.5520000000485,-2.029548361458149
514.5560000000485,-16.966540626130218
514.5600000000484,-14.441227575735308
514.5640000000484,22.84652980055119
514.5680000000484,5.4549836054796135
514.5720000000484,15.91150085186094
514.5760000000485,6.537451249611037
514.5800000000485,24.61667113637989
514.5840000000484,24.359000493460126
514.5880000000484,-21.610300324971902
514.5920000000484,19.343453541066708
514.5960000000484,0.061159452506569956
514.6000000000485,-5.374757114957282
514.6040000000485,-12.479824595130074
514.6080000000485,20.629867993743368
514.6120000000484,-20.473897914322944
514.6160000000484,-1.0138341479677724
514.6200000000484,13.849776038116206
514.6240000000485,-5.1530463098898736
514.6280000000485,15.83691196527581
514.6320000000485,32.18727051723967
514.6360000000484,26.91677257100437
514.6400000000484,3.0814717003811416
514.6440000000484,16.293406292516664
514.6480000000485,18.10980962051209
514.6520000000485,-12.187708651585655
514.6560000000485,-1.2427969784292303
514.6600000000484,-3.219660671910044
514.6640000000484,-6.2090178046409115
514.6680000000484,47.061146572142235
514.6720000000485,-10.410167746106152
514.6760000000485,2.1080365484243617
514.6800000000485,13.16999104328895
514.6840000000484,-12.388704608750931
514.6880000000484,-16.499120862108423
514.6920000000484,27.369857866957137
514.6960000000485,-3.2053486158095383
514.7000000000485,-25.92344834065567
514.7040000000485,-1.1902297642312947
514.7080000000485,-11.381039824350658
514.7120000000484,-14.305684899252547
514.7160000000484,-2.3271602682895365
514.7200000000485,10.891898947428022
514.7240000000485,12.427862989253017
514.7280000000485,-6.351551850570561
514.7320000000485,-5.921271938380383
514.7360000000484,0.5382498470319694
514.7400000000484,-12.686371511516441
514.7440000000485,34.059821174459415
514.7480000000485,6.584956348062342
514.7520000000485,-0.3770356274333123
514.7560000000485,-15.302153525354056
514.7600000000484,-15.9912306639834
514.7640000000484,-9.352670615373992
514.7680000000485,13.14917358517425
514.7720000000485,-21.576105874743284
514.7760000000485,36.177693697001054
514.7800000000485,-8.237894866409679
514.7840000000484,-19.921468600192718
514.7880000000484,-22.844434443693057
514.7920000000485,26.351123043944437
514.7960000000485,-12.28929374984394
514.8000000000485,-33.96488547621713
514.8040000000485,37.658048579324394
514.8080000000485,21.260626189391857
514.8120000000484,1.2548969034042528
514.8160000000485,-12.330659728174847
514.8200000000485,1.4476436558361176
514.8240000000485,9.938001333235803
514.8280000000485,15.141542253117706
514.8320000000485,24.543245320190426
514.8360000000484,34.441633172583366
514.8400000000485,-13.011647207980584
514.8440000000485,-28.203759482668147
514.8480000000485,13.897578963938331
514.8520000000485,0.1087597510063496
514.8560000000485,-24.618743376009242
514.8600000000484,4.068987538959095
514.8640000000485,11.046235492286952
514.8680000000485,-8.543619524734453
514.8720000000485,4.682742455501371
514.8760000000485,4.646151591923989
514.8800000000485,7.87187302348191
514.8840000000484,19.830383176670097
514.8880000000485,-10.213013093716391
514.8920000000485,-18.794332020140615
514.8960000000485,-2.313669179054896
514.9000000000485,29.81153506640513
514.9040000000485,12.938194121370334
514.9080000000486,1.8467219261595669
514.9120000000485,-18.14285942022567
514.9160000000485,9.288383675064217
514.9200000000485,-24.88036736636076
514.9240000000485,-2.9401582763130247
514.9280000000485,11.957659745856606
514.9320000000486,36.2523923955707
514.9360000000485,-12.288387328075668
514.9400000000485,11.999669748057515
514.9440000000485,-3.1645212494893395
514.9480000000485,-2.99879734407675
514.9520000000485,5.299554606068533
514.9560000000486,-16.789306570485703
514.9600000000485,0.7847182299626737
514.9640000000485,-0.8051191067017975
514.9680000000485,-4.797289340949169
514.9720000000485,21.885055087015452
514.9760000000485,14.756663988347452
514.9800000000486,0.24468871156733485
514.9840000000485,3.2877401816511123
514.9880000000485,13.378439015760362
514.9920000000485,-10.688608080967853
514.9960000000485,3.6669956438632805
515.0000000000485,27.292770484888855
515.0040000000486,-5.016228300192076
515.0080000000486,-39.84890917296076
515.0120000000485,-13.816463740881055
515.0160000000485,-13.752286560882453
515.0200000000485,23.626181112228892
515.0240000000485,-9.138639898072245
515.0280000000486,-17.35586326878247
515.0320000000486,10.012697918255636
515.0360000000485,-3.779207543926452
515.0400000000485,3.8830149863621353
515.0440000000485,1.092217463505813
515.0480000000485,-2.62483931522497
515.0520000000486,2.1440900772007687
515.0560000000486,-15.93230758699274
515.0600000000485,1.6098161682565342
515.0640000000485,20.451933957580483
515.0680000000485,-11.99714056114657
515.0720000000485,-36.788726816515286
515.0760000000486,11.560239504183944
515.0800000000486,-21.00796467011272
515.0840000000485,4.4551306166792966
515.0880000000485,-10.428261452308359
515.0920000000485,-10.83146390565105
515.0960000000485,7.813207175856618
515.1000000000486,4.273660438846116
515.1040000000486,-7.172144052281222
515.1080000000486,-45.242272650105534
515.1120000000485,10.88776134799678
515.1160000000485,7.291573020520498
515.1200000000485,-25.11430854902627
515.1240000000486,-1.5824841927512374
515.1280000000486,23.130403993751248
515.1320000000486,26.17221213290032
515.1360000000485,25.787954015832867
515.1400000000485,-27.435536879666415
515.1440000000485,-3.9528194202311258
515.1480000000486,27.91135546824786
515.1520000000486,-7.629244226721342
515.1560000000486,6.8608161185098435
515.1600000000485,11.442607854001665
515.1640000000485,5.3093000657917875
515.1680000000486,-14.98402575766633
515.1720000000486,-9.33864738468144
515.1760000000486,-15.003452659197773
515.1800000000486,-17.680249201267333
515.1840000000485,15.298817618577708
515.1880000000485,8.237050792302076
515.1920000000486,-31.066276927969774
515.1960000000486,12.43985374072953
515.2000000000486,-36.46199055641192
515.2040000000486,18.80246768028563
515.2080000000486,16.33308565062667
515.2120000000485,12.779575438156257
515.2160000000486,-16.411174821758355
515.2200000000486,-14.14961706309661
515.2240000000486,-15.827199600971067
515.2280000000486,27.030862915521254
515.2320000000486,-20.02738002819362
515.2360000000485,-23.243904031527713
515.2400000000486,-12.777202212228815
515.2440000000486,3.888731519723215
515.2480000000486,-1.9682477444194006
515.2520000000486,25.573503630649952
515.2560000000486,-0.8154239467587834
515.2600000000485,-6.982757563375681
515.2640000000486,0.6290095590553673
515.2680000000486,-3.459234634825539
515.2720000000486,37.47020053930832
515.2760000000486,18.50222151061557
515.2800000000486,14.853235606965159
515.2840000000485,-19.708970823823073
515.2880000000486,-13.722495197395947
515.2920000000486,-8.143334807940093
515.2960000000486,-14.793067022166989
515.3000000000486,-3.7482540968303604
515.3040000000486,-3.7663059477306637
515.3080000000487,-19.814270580337507
515.3120000000486,4.074505126751543
515.3160000000486,15.709819081734896
515.3200000000486,13.364926029440362
515.3240000000486,-26.36578587378278
515.3280000000486,-15.836878729434872
515.3320000000487,11.93517298823288
515.3360000000486,17.102560471125816
515.3400000000486,3.5971485539426635
515.3440000000486,23.75868078468086
515.3480000000486,17.421764333952215
515.3520000000486,-28.353756361287623
515.3560000000487,-11.007287469324776
515.3600000000486,3.8196871626753843
515.3640000000486,-22.277479832683067
515.3680000000486,5.713232333269179
515.3720000000486,-0.21684739563518374
515.3760000000486,-4.955294138317191
515.3800000000487,0.6769095401006702
515.3840000000486,-13.892781455020174
515.3880000000486,-17.754854019661725
515.3920000000486,13.421508543638756
515.3960000000486,25.328926293255627
515.4000000000486,-14.539644064691966
515.4040000000487,-8.379463998845388
515.4080000000487,-19.31464018687234
515.4120000000486,-13.915421033745966
515.4160000000486,-35.90027551285955
515.4200000000486,-2.5487390990459677
515.4240000000486,19.56270617388916
515.4280000000487,-23.6321085173122
515.4320000000487,36.44740435138978
515.4360000000486,14.490738277894454
515.4400000000486,12.134176528934795
515.4440000000486,6.564113966611975
515.4480000000486,-34.73896690333192
515.4520000000487,-12.652162030229533
515.4560000000487,-45.103818444097755
515.4600000000486,-0.038681081847972365
515.4640000000486,23.853702018186286
515.4680000000486,-8.568935802917661
515.4720000000486,-16.12454549385576
515.4760000000487,-21.079310771685662
515.4800000000487,-9.94349027647635
515.4840000000486,-17.671902414691885
515.4880000000486,17.754985454144023
515.4920000000486,-4.921993036181488
515.4960000000486,-22.90747391894402
515.5000000000487,15.331496501443846
515.5040000000487,-15.076178833287363
515.5080000000487,14.227987168727028
515.5120000000486,-24.496102747767125
515.5160000000486,-13.889148516453897
515.5200000000486,24.149810475055318
515.5240000000487,5.578369104627403
515.5280000000487,8.862979533190108
515.5320000000487,-19.820541510292724
515.5360000000486,-1.6778701534800318
515.5400000000486,3.241366886743532
515.5440000000486,33.00737467859526
515.5480000000487,0.8814858397481758
515.5520000000487,14.751181371173287
515.5560000000487,24.506300840046055
515.5600000000486,24.00964164694243
515.5640000000486,3.612049302478298
515.5680000000486,7.70047522942176
515.5720000000487,19.410103036624534
515.5760000000487,-35.83663971122491
515.5800000000487,3.0684592286029924
515.5840000000486,9.686313625336775
515.5880000000486,-23.43712498600651
515.5920000000486,-30.362950863364365
515.5960000000487,-7.145996451142551
515.6000000000487,1.9143240911817716
515.6040000000487,23.17560632499448
515.6080000000487,7.962473913369392
515.6120000000486,-3.3740670509467092
515.6160000000486,4.027295433319955
515.6200000000487,-2.3132881715718643
515.6240000000487,5.943017902481564
515.6280000000487,-3.9799797979828235
515.6320000000487,-6.656045073092747
515.6360000000486,-10.586673548147541
515.6400000000486,7.211173941462782
515.6440000000487,2.990206292121746
515.6480000000487,3.4169551664525435
515.6520000000487,29.171969726788802
515.6560000000487,-0.9270932494355217
515.6600000000486,30.5884012112475
515.6640000000486,-37.20741609316535
515.6680000000487,10.95660538383364
515.6720000000487,-9.94840320077251
515.6760000000487,20.27403213389413
515.6800000000487,-19.06703635761312
515.6840000000486,15.842852644619636
515.6880000000486,10.539722972809736
515.6920000000487,-4.9304946002296415
515.6960000000487,-5.176525883295219
515.7000000000487,3.3969634335829384
515.7040000000487,-18.49330612491444
515.7080000000487,-19.068873819576087
515.7120000000486,-1.7885731292323541
515.7160000000487,-15.405400903076595
515.7200000000487,-6.876069316457827
515.7240000000487,22.3939952989114
515.7280000000487,-29.932624637031463
515.7320000000487,-19.832502892253846
515.7360000000486,21.20069642766624
515.7400000000487,14.677872034360789
515.7440000000487,-0.3340077116639375
515.7480000000487,-26.880443108082947
515.7520000000487,18.364807807640762
515.7560000000487,8.760163332041316
515.7600000000486,-9.66827755559565
515.7640000000487,27.116132370855546
515.7680000000487,1.0404362170955372
515.7720000000487,-3.709187514767329
515.7760000000487,-18.093723251152245
515.7800000000487,-4.198204704644602
515.7840000000486,-10.962341188157135
515.7880000000487,-2.0922522609147274
515.7920000000487,6.104875212268644
515.7960000000487,5.5407298669732
515.8000000000487,-8.057431957853462
515.8040000000487,35.253798237012404
515.8080000000488,21.12513948147901
515.8120000000487,-9.85165979011705
515.8160000000487,-13.78991662311989
515.8200000000487,-25.794913851266344
515.8240000000487,11.549768740089405
515.8280000000487,-22.76991582520221
515.8320000000488,0.11729269191870006
515.8360000000487,-1.8423827574841418
515.8400000000487,24.647363595518478
515.8440000000487,12.349381428600022
515.8480000000487,-8.041591687832572
515.8520000000487,-21.657289803883238
515.8560000000488,-15.186806743916044
515.8600000000487,-48.54702782682647
515.8640000000487,26.10262904155832
515.8680000000487,-39.40087744304046
515.8720000000487,-9.639682387311689
515.8760000000487,27.841127360814003
515.8800000000488,-7.618234631630328
515.8840000000487,-3.7605703444176655
515.8880000000487,-5.52075804642325
515.8920000000487,-14.90550035662553
515.8960000000487,17.349017071680706
515.9000000000487,8.232125107734069
515.9040000000488,0.8225102282812538
515.9080000000488,10.772612428625518
515.9120000000487,-12.947427436558138
515.9160000000487,15.752424014421905
515.9200000000487,-10.631334976919026
515.9240000000487,6.319914342111745
515.9280000000488,0.2822972572552134
515.9320000000488,-2.6582899118805017
515.9360000000487,0.6673168165041043
515.9400000000487,-12.179613331875197
515.9440000000487,-6.534673941832661
515.9480000000488,2.5072286244144384
515.9520000000488,6.59014305536472
515.9560000000488,2.263648383198066
515.9600000000487,15.717075607923668
515.9640000000487,-7.4956643264239915
515.9680000000487,-3.024840785231737
515.9720000000488,6.488401148557216
515.9760000000488,12.151729738441208
515.9800000000488,-22.176966037440025
515.9840000000487,17.925583371943134
515.9880000000487,-25.95701082604441
515.9920000000487,6.77037477139608
515.9960000000488,-31.49873766980428
516.0000000000488,17.600483812690317
516.0040000000488,-25.43370663844016
516.0080000000488,-50.80268721297294
516.0120000000487,5.214023623696118
516.0160000000487,-10.554453091405257
516.0200000000488,-8.364515667561864
516.0240000000488,4.721525997253749
516.0280000000488,-5.659693997096637
516.0320000000488,-12.75717630342087
516.0360000000487,-0.993037842043401
516.0400000000487,18.90235715774859
516.0440000000488,16.404660255740012
516.0480000000488,21.222430560446117
516.0520000000488,6.070849573629337
516.0560000000488,-0.944001572678526
516.0600000000487,20.2263940182259
516.0640000000487,40.51682605428639
516.0680000000488,14.083235112516446
516.0720000000488,7.898192501462862
516.0760000000488,2.8013709300542224
516.0800000000488,-21.038243406367016
516.0840000000487,4.41410904331592
516.0880000000487,5.332359177603317
516.0920000000488,2.2835026992649565
516.0960000000488,6.1690744758349325
516.1000000000488,-20.831506451534864
516.1040000000488,-17.34017951470129
516.1080000000488,10.302852551877503
516.1120000000487,-9.159652949999067
516.1160000000488,-21.21735238526859
516.1200000000488,-15.819217475281093
516.1240000000488,-2.4577909333431958
516.1280000000488,-6.487548656740856
516.1320000000488,1.9386889603486628
516.1360000000487,-17.94463685331742
516.1400000000488,25.240649632831794
516.1440000000488,-23.903331117553208
516.1480000000488,-18.25473921745868
516.1520000000488,-3.9215126710971413
516.1560000000488,-2.803512817867994
516.1600000000487,-9.481195353573106
516.1640000000488,3.9159925436536436
516.1680000000488,-29.87803235126385
516.1720000000488,11.959254942106806
516.1760000000488,-8.557259500844346
516.1800000000488,-36.306740979929295
516.1840000000487,-17.767250506705892
516.1880000000488,6.342110323039304
516.1920000000488,15.482349711756388
516.1960000000488,5.942338870282603
516.2000000000488,-5.7717335505556395
516.2040000000488,-11.01212420546956
516.2080000000489,-21.65889705449154
516.2120000000488,-10.341613172546218
516.2160000000488,-34.848502117367374
516.2200000000488,-0.3255346639868
516.2240000000488,14.50230693882537
516.2280000000488,17.725818468633644
516.2320000000489,-8.197678859505196
516.2360000000488,20.063227112891312
516.2400000000488,18.47921502806771
516.2440000000488,11.266394011424289
516.2480000000488,23.744431545963742
516.2520000000488,-27.043037657461543
516.2560000000489,25.781753381978998
516.2600000000488,5.3386760002861
516.2640000000488,-7.411860652231325
516.2680000000488,20.866583463809135
516.2720000000488,4.367571739923202
516.2760000000488,-20.19062022798153
516.2800000000489,-2.207875303016699
516.2840000000488,7.076876610619497
516.2880000000488,1.2615548356011825
516.2920000000488,25.76251238442851
516.2960000000488,-20.639635215345816
516.3000000000488,-4.07468044267971
516.3040000000489,2.6827661463724004
516.3080000000489,3.6797933963871863
516.3120000000488,-13.320134195409489
516.3160000000488,-2.520354061344176
516.3200000000488,-26.72454865550857
516.3240000000488,12.064663677334915
516.3280000000489,9.314549100076732
516.3320000000489,13.299782661812742
516.3360000000488,-0.012546894648148843
516.3400000000488,4.999932332660038
516.3440000000488,-3.211073070369124
516.3480000000488,40.278767560508626
516.3520000000489,-17.83795141208353
516.3560000000489,6.728148898200376
516.3600000000488,-4.477547713652765
516.3640000000488,17.479005678695938
516.3680000000488,27.784406768305015
516.3720000000488,-6.161527468160033
516.3760000000489,9.66890952064924
516.3800000000489,8.196105052995328
516.3840000000488,22.29071933514145
516.3880000000488,-29.41503654138051
516.3920000000488,-3.850783638958925
516.3960000000488,-22.944292025560657
516.4000000000489,18.17705979134412
516.4040000000489,-5.4619260030706185
516.4080000000489,18.788234504713255
516.4120000000488,29.320013555658832
516.4160000000488,-2.576220900789118
516.4200000000488,-4.973229903633211
516.4240000000489,1.1759885849134641
516.4280000000489,5.019635297788405
516.4320000000489,-6.257523152445
516.4360000000488,-6.2725978906290285
516.4400000000488,-23.83472707073425
516.4440000000488,-14.960252365974307
516.4480000000489,13.510195225012925
516.4520000000489,26.879379679923648
516.4560000000489,1.8555841069163388
516.4600000000488,18.240966251676234
516.4640000000488,0.42778252369860015
516.4680000000488,-23.218874707137573
516.4720000000489,-21.397972238305243
516.4760000000489,-4.571605019327395
516.4800000000489,0.9123386154343149
516.4840000000488,4.964177346017949
516.4880000000488,32.19986479954302
516.4920000000488,18.303449731201674
516.4960000000489,4.789605721544678
516.5000000000489,-43.75415810396873
516.5040000000489,-33.388123186371004
516.5080000000489,9.87328341865692
516.5120000000488,22.394019534718367
516.5160000000488,-3.503932122890532
516.5200000000489,-2.1733931852160495
516.5240000000489,4.934180595113432
516.5280000000489,7.456989258431318
516.5320000000489,6.319855243888713
516.5360000000488,27.571334465638017
516.5400000000488,-17.652767410819905
516.5440000000489,7.307399700642614
516.5480000000489,20.409647665621883
516.5520000000489,19.052966604133804
516.5560000000489,-11.773324221674493
516.5600000000488,12.464491389566355
516.5640000000488,-27.73112516161576
516.5680000000489,-16.10720626945099
516.5720000000489,39.489480180606634
516.5760000000489,-36.93716773076715
516.5800000000489,9.945832771695276
516.5840000000488,16.07041257925188
516.5880000000489,-2.611032008221751
516.5920000000489,-15.969730973688511
516.5960000000489,-12.52362839150512
516.6000000000489,-16.555261115617263
516.6040000000489,12.92283234349307
516.608000000049,1.304095510630837
516.6120000000489,-6.904051665210723
516.6160000000489,0.14415351055659587
516.6200000000489,27.397107490615504
516.6240000000489,9.554510229228674
516.6280000000489,11.630969501670148
516.632000000049,-14.420478073304938
516.6360000000489,21.607208914494848
516.6400000000489,-26.00257204793555
516.6440000000489,15.722209762251198
516.6480000000489,-3.846481717833199
516.6520000000489,32.73026149378635
516.656000000049,3.5879051897598284
516.6600000000489,-9.246776725720874
516.6640000000489,-16.516649273459667
516.6680000000489,-13.796242693921831
516.6720000000489,-26.94368756351774
516.6760000000489,2.9484402517580093
516.680000000049,-8.331897677786205
516.6840000000489,-4.60573112831839
516.6880000000489,2.6267085409171873
516.6920000000489,36.61014681129224
516.6960000000489,24.523605710142
516.7000000000489,7.415359043801674
516.704000000049,41.74343612528848
516.708000000049,-22.21402707101771
516.7120000000489,11.044102212987006
516.7160000000489,10.504847619787492
516.7200000000489,-1.1618217148422767
516.7240000000489,-20.739659262590983
516.728000000049,0.5077989650580883
516.732000000049,-8.83782575679684
516.7360000000489,-2.240190080509102
516.7400000000489,6.983605339171704
516.7440000000489,0.6393861589834056
516.7480000000489,-5.651231439718153
516.752000000049,14.722680195741058
516.756000000049,-10.943370689438037
516.7600000000489,-17.822432923758882
516.7640000000489,27.041801649602363
516.7680000000489,3.136384286249306
516.7720000000489,7.495898197916638
516.776000000049,-20.086123315175403
516.780000000049,10.188906622613262
516.7840000000489,4.096534202981703
516.7880000000489,24.162285559832146
516.7920000000489,29.063636612681616
516.7960000000489,7.796771282799316
516.800000000049,-8.21720752502525
516.804000000049,-8.040253006400743
516.808000000049,-5.755959168700242
516.8120000000489,7.2156720740875
516.8160000000489,-5.074196008330315
516.8200000000489,4.599446088355253
516.824000000049,-15.906486694511964
516.828000000049,-10.284206687907512
516.832000000049,-9.625550185233683
516.8360000000489,12.754365822072769
516.8400000000489,-19.640279030090074
516.8440000000489,13.625208459933758
516.848000000049,20.296264517495604
516.852000000049,16.240175042300987
516.856000000049,16.38137110366952
516.8600000000489,0.5803568378126909
516.8640000000489,-13.229360489384137
516.8680000000489,10.364334777830742
516.872000000049,-23.367397092946295
516.876000000049,-7.6653689494586645
516.880000000049,20.790621286532375
516.8840000000489,-4.435716413668086
516.8880000000489,-16.07339951761431
516.8920000000489,9.880277183787333
516.896000000049,39.60689757031525
516.900000000049,-12.277527366196086
516.904000000049,0.3676494112891797
516.908000000049,10.622250441511438
516.9120000000489,23.75879047388331
516.9160000000489,1.4919571350623655
516.920000000049,-25.51253189730216
516.924000000049,11.094996926321944
516.928000000049,-2.71613787475845
516.932000000049,-33.126372538712744
516.9360000000489,9.737715568421898
516.9400000000489,-1.741646985443742
516.944000000049,7.935116742479325
516.948000000049,5.447453161367667
516.952000000049,12.608796282695367
516.956000000049,10.376558508661912
516.9600000000489,21.319162336635106
516.9640000000489,13.668783321139614
516.968000000049,5.108155561783148
516.972000000049,-5.970932198397126
516.976000000049,10.43828526457802
516.980000000049,-21.585455915343914
516.9840000000489,-5.639793731703981
516.9880000000489,3.2377039081702765
516.992000000049,7.383706673471478
516.996000000049,0.5703019783192684
517.000000000049,-3.822456657396795
517.004000000049,-23.585483362975452
517.008000000049,16.162380287173246
517.0120000000489,-22.155759763590638
517.016000000049,-1.208302928267809
517.020000000049,5.39079051141841
517.024000000049,-8.29026407354699
517.028000000049,-6.541850349071239
517.032000000049,12.894237658220046
517.036000000049,5.911293533203085
517.040000000049,-4.060896828234809
517.044000000049,-2.0837012435212845
517.048000000049,-29.538936883276435
517.052000000049,-12.682511578714207
517.056000000049,11.295159930325767
517.060000000049,-1.7722926440591533
517.064000000049,2.622421767667275
517.068000000049,17.64048994228204
517.072000000049,12.365719197150273
517.076000000049,13.003140001384502
517.080000000049,-16.687906861641288
517.084000000049,-1.483946731954154
517.088000000049,22.78295129586043
517.092000000049,5.417744469569244
517.096000000049,32.65508222636111
517.100000000049,-46.78033347092114
517.104000000049,-1.4285381914939728
517.1080000000491,-23.885670174151503
517.112000000049,5.482247099320388
517.116000000049,-3.827097991321997
517.120000000049,17.61325145438335
517.124000000049,-14.951121942226195
517.128000000049,8.681439917811355
517.1320000000491,-4.6344630331395305
517.136000000049,-18.928761519491623
517.140000000049,3.923043856544126
517.144000000049,19.01080572855133
517.148000000049,35.767990516892596
517.152000000049,22.175344604071533
517.1560000000491,9.119104941271218
517.160000000049,-2.343619266465724
517.164000000049,39.88060022088177
517.168000000049,-5.018576035727481
517.172000000049,6.956122302485361
517.176000000049,10.867965127182625
517.1800000000491,5.344157831259183
517.184000000049,33.77470078392573
517.188000000049,-17.633881783366952
517.192000000049,31.36105614630246
517.196000000049,15.782380962147329
517.200000000049,30.768642627429283
517.2040000000491,1.4521084242792863
517.2080000000491,12.767176955322359
517.212000000049,-21.934938227347846
517.216000000049,11.102849346634715
517.220000000049,-13.080116482693663
517.224000000049,19.921859050013886
517.2280000000491,19.811886975194195
517.2320000000491,-11.280421234207816
517.236000000049,5.198558272626761
517.240000000049,5.194260703833459
517.244000000049,14.632754989998254
517.248000000049,-20.213844490303387
517.2520000000491,3.1147636485447006
517.2560000000491,16.13486055303727
517.260000000049,37.38726276049254
517.264000000049,-19.35643515357786
517.268000000049,2.5628962687490735
517.272000000049,-0.8896261553587733
517.2760000000491,-29.27638627129091
517.2800000000491,5.6323972070128425
517.284000000049,-7.047640381284046
517.288000000049,-12.43188147569261
517.292000000049,-16.59007589126045
517.296000000049,0.12341702248187925
517.3000000000491,11.524380095638099
517.3040000000491,4.714997244397932
517.3080000000491,20.352726183503563
517.312000000049,5.279894516620048
517.316000000049,0.8953331076060334
517.320000000049,5.950987773412628
517.3240000000491,-35.03595738657708
517.3280000000491,-12.368104567482359
517.3320000000491,-15.15836245638496
517.336000000049,-34.16839038997516
517.340000000049,3.809187546163774
517.344000000049,-9.594511900226683
517.3480000000491,11.859203778101262
517.3520000000491,-13.449201836428992
517.3560000000491,-0.5492206534412127
517.360000000049,27.293651693821616
517.364000000049,22.97583225422435
517.368000000049,3.439904748947893
517.3720000000491,38.93743451973036
517.3760000000491,6.022780382681695
517.3800000000491,-29.624459079349904
517.384000000049,-0.3697361819952289
517.388000000049,-4.968145830104753
517.392000000049,10.261096033344169
517.3960000000491,5.276263870556111
517.4000000000491,-19.565129263538864
517.4040000000491,-3.027825910926684
517.4080000000491,8.500946470200878
517.412000000049,1.3367911331432014
517.416000000049,-17.33811748966632
517.4200000000491,-26.954730030512927
517.4240000000491,1.1619656622405379
517.4280000000491,-19.64740048125939
517.4320000000491,9.602795734660372
517.436000000049,-20.372630095931996
517.440000000049,7.410632847555876
517.4440000000491,-11.024614745313439
517.4480000000491,15.456755245152756
517.4520000000491,-18.14255841926763
517.4560000000491,12.035349123684139
517.460000000049,-18.854210939230974
517.464000000049,-16.106782125162557
517.4680000000491,28.32343746868029
517.4720000000491,-9.659899694646027
517.4760000000491,45.73222092032093
517.4800000000491,14.191180026581868
517.484000000049,-11.618039251066145
517.488000000049,-21.41583494573424
517.4920000000491,-16.050687775423793
517.4960000000491,-7.5001952740548194
517.5000000000491,-25.693587081370413
517.5040000000491,-11.111635481317512
517.5080000000492,21.058003891595057
517.512000000049,-20.517546659247287
517.5160000000491,-16.53532353685503
517.5200000000491,3.3556456713410405
517.5240000000491,1.2453701252469536
517.5280000000491,-9.640281239818659
517.5320000000492,10.485974029963485
517.5360000000491,21.249342153343104
517.5400000000491,8.897005158754872
517.5440000000491,-12.38492271759953
517.5480000000491,22.30996453711398
517.5520000000491,-15.31274253300008
517.5560000000492,-21.99411537182231
517.5600000000491,7.400548259138054
517.5640000000491,-5.521769293103764
517.5680000000491,-15.446209295378159
517.5720000000491,2.6628400384832784
517.5760000000491,-2.860639018501422
517.5800000000492,-9.530063016449912
517.5840000000491,6.400919362113509
517.5880000000491,-20.903647113212088
517.5920000000491,4.168994140455596
517.5960000000491,-21.96874829622881
517.6000000000491,3.9962237767163558
517.6040000000492,-0.7511425813794701
517.6080000000492,-19.12241593115586
517.6120000000491,8.14923997323254
517.6160000000491,-16.14713017629841
517.6200000000491,21.1781536762984
517.6240000000491,13.824914295987412
517.6280000000492,10.397437875019317
517.6320000000492,17.244634483701944
517.6360000000491,3.5732388273550484
517.6400000000491,0.11647604685974833
517.6440000000491,8.936161622177694
517.6480000000491,-7.80220159003064
517.6520000000492,1.037448540525296
517.6560000000492,4.046355962395517
517.6600000000491,-10.993349276779172
517.6640000000491,-5.057355146936434
517.6680000000491,-11.025736886185022
517.6720000000491,6.740062322388302
517.6760000000492,-20.044817937252194
517.6800000000492,13.921361535612172
517.6840000000491,-1.953849242173691
517.6880000000491,2.119826189114895
517.6920000000491,40.170754288143634
517.6960000000491,-5.144895916990184
517.7000000000492,-13.02770568479351
517.7040000000492,-21.646324556749686
517.7080000000492,23.248707003914483
517.7120000000491,-12.870385126807534
517.7160000000491,-8.227584945935094
517.7200000000491,-16.440615790801584
517.7240000000492,-16.341158336623735
517.7280000000492,16.32787891053617
517.7320000000492,18.27216081610826
517.7360000000491,18.349008176076044
517.7400000000491,-44.70236611308959
517.7440000000491,-12.901697295344347
517.7480000000492,-16.205477064083727
517.7520000000492,-13.707382312952644
517.7560000000492,2.255999587443657
517.7600000000491,-15.682792707266856
517.7640000000491,-13.65930968495958
517.7680000000491,-26.600460168766233
517.7720000000492,-12.273467513056168
517.7760000000492,25.501077573201165
517.7800000000492,24.11396614039822
517.7840000000491,-5.48016157361057
517.7880000000491,-26.19769702546325
517.7920000000491,1.7985561438531628
517.7960000000492,0.6299108461838145
517.8000000000492,15.586952301410903
517.8040000000492,-23.64610722514127
517.8080000000492,-11.392735734386124
517.8120000000491,2.066685007977647
517.8160000000491,-30.41158127075139
517.8200000000492,14.035568535741628
517.8240000000492,-6.552963283341693
517.8280000000492,8.323953703516407
517.8320000000492,-5.823508386307002
517.8360000000491,11.390907059714099
517.8400000000491,7.2410858983077855
517.8440000000492,13.671899508404465
517.8480000000492,-3.039406023416196
517.8520000000492,2.443775879409012
517.8560000000492,-40.39701318930018
517.8600000000491,4.44112747300382
517.8640000000491,-18.281995927568598
517.8680000000492,-10.71990900891666
517.8720000000492,-13.06647705895681
517.8760000000492,36.014263601956294
517.8800000000492,-2.0468952430926417
517.8840000000491,-12.373560323292544
517.8880000000491,-14.982211630117176
517.8920000000492,0.908674699399191
517.8960000000492,-38.23509435973992
517.9000000000492,23.15671586968061
517.9040000000492,15.234999187138758
517.9080000000492,30.75904421370346
517.9120000000491,9.452097759708579
517.9160000000492,1.9212930578982268
517.9200000000492,7.8214400662337855
517.9240000000492,4.481167253289157
517.9280000000492,9.129945186887864
517.9320000000492,-15.488007286274136
517.9360000000491,4.418567919949693
517.9400000000492,11.756364252918894
517.9440000000492,7.609672574347172
517.9480000000492,-27.828575232825113
517.9520000000492,11.360049376518656
517.9560000000492,-23.90939559412825
517.9600000000491,-0.3326089629791218
517.9640000000492,-17.140665432343187
517.9680000000492,-16.950321042452714
517.9720000000492,-17.892118855326565
517.9760000000492,-19.70508187269488
517.9800000000492,17.32664047003798
517.9840000000492,5.63815441903092
517.9880000000492,13.330772222197112
517.9920000000492,-24.37997948736187
517.9960000000492,-25.932424345826846
518.0000000000492,3.780714093285053
518.0040000000492,14.387990270238253
518.0080000000493,-1.1251859560031987
518.0120000000492,-3.017685538006688
518.0160000000492,13.688881575459671
518.0200000000492,-31.05082054074952
518.0240000000492,-35.6739167078214
518.0280000000492,29.15325949025481
518.0320000000493,-8.265334500219122
518.0360000000492,-18.173225601715227
518.0400000000492,-11.31331690050532
518.0440000000492,-3.0192895754015736
518.0480000000492,10.547602745962447
518.0520000000492,11.286618432271265
518.0560000000493,-10.769215366751908
518.0600000000492,24.695909723034212
518.0640000000492,2.793855752039631
518.0680000000492,9.41552845730142
518.0720000000492,7.710893028625048
518.0760000000492,25.985029222538493
518.0800000000493,-11.296132780671114
518.0840000000492,3.6457155695842003
518.0880000000492,-4.129393100599228
518.0920000000492,-13.045197388082851
518.0960000000492,-16.07806177282033
518.1000000000492,6.813062355309653
518.1040000000493,5.669261672319198
518.1080000000493,19.605361318951818
518.1120000000492,13.95685974289728
518.1160000000492,0.3743518329105515
518.1200000000492,15.543732557745736
518.1240000000493,0.14678804525133
518.1280000000493,-7.513484542680379
518.1320000000493,-35.88047506696173
518.1360000000492,-4.728136598167835
518.1400000000492,26.156241568358094
518.1440000000492,3.9641061293867015
518.1480000000493,10.855700605437457
518.1520000000493,-14.683677046524556
518.1560000000493,-18.250606559220127
518.1600000000492,3.9786448043478067
518.1640000000492,-13.760584330830017
518.1680000000492,-0.25072116305858705
518.1720000000493,-20.82682942226537
518.1760000000493,13.047473753481146
518.1800000000493,-9.162149772559042
518.1840000000492,13.050337754387437
518.1880000000492,-6.648676276745162
518.1920000000492,-5.841714248343656
518.1960000000493,-9.197210821962395
518.2000000000493,-11.656334734146629
518.2040000000493,20.71569105860403
518.2080000000493,-12.640126287970332
518.2120000000492,-9.665164131877459
518.2160000000492,25.403145701381273
518.2200000000493,-14.366230970997249
518.2240000000493,-4.359278317354908
518.2280000000493,30.630647921864956
518.2320000000493,-1.7264981909766517
518.2360000000492,-28.774099217280238
518.2400000000492,11.863691847960887
518.2440000000493,-5.384833201885277
518.2480000000493,18.210745465838407
518.2520000000493,28.234265936536403
518.2560000000493,6.978474126196602
518.2600000000492,-0.643836087621644
518.2640000000492,-5.430896046368925
518.2680000000493,-19.83290238769667
518.2720000000493,-13.58888101491221
518.2760000000493,4.161656522035336
518.2800000000493,-20.77448598161684
518.2840000000492,1.5141585623385723
518.2880000000492,6.384410439474825
518.2920000000493,-31.479996766755757
518.2960000000493,4.603794971738939
518.3000000000493,-4.439702362421075
518.3040000000493,-2.77964540635247
518.3080000000493,-11.481311331916363
518.3120000000492,13.726403605530287
518.3160000000493,25.254186590661803
518.3200000000493,-12.348789228714823
518.3240000000493,1.3775360179768916
518.3280000000493,-25.820836460054434
518.3320000000493,16.044583298072588
518.3360000000492,-3.8993536944829548
518.3400000000493,-2.0197483656967066
518.3440000000493,-3.739999011011196
518.3480000000493,41.86327536691156
518.3520000000493,6.495548076393848
518.3560000000493,-0.3641162249415788
518.3600000000492,0.5092510034335915
518.3640000000493,-16.447381204183685
518.3680000000493,13.064490264107603
518.3720000000493,-8.607744697593787
518.3760000000493,-0.491931862044372
518.3800000000493,44.53435341959582
518.3840000000492,4.4623678967867315
518.3880000000493,10.336549713744738
518.3920000000493,-1.53944060519613
518.3960000000493,-16.937070658593246
518.4000000000493,-21.14187584116695
518.4040000000493,13.369599671975031
518.4080000000494,-7.770798884997832
518.4120000000493,24.48366658869858
518.4160000000493,11.117872843756672
518.4200000000493,-2.5891060652167974
518.4240000000493,-16.911403615173327
518.4280000000493,3.884310644647633
518.4320000000494,21.452230754661212
518.4360000000493,-17.249311910455187
518.4400000000493,0.046286802595193244
518.4440000000493,-6.093929461139931
518.4480000000493,1.2941896914936049
518.4520000000493,-1.7516013743538226
518.4560000000494,-30.893216964237446
518.4600000000493,-1.0764561295104398
518.4640000000493,9.634592829258496
518.4680000000493,-8.390155127922242
518.4720000000493,18.414498893783385
518.4760000000493,-14.0655285994019
518.4800000000494,-3.9606587213139735
518.4840000000493,-5.14488348227421
518.4880000000493,5.335189782817778
518.4920000000493,-22.7265723315982
518.4960000000493,10.763274291231953
518.5000000000493,-31.54865922377939
518.5040000000494,17.31898850879014
518.5080000000494,-7.182697904400871
518.5120000000493,5.2311557863027165
518.5160000000493,-6.389831894834447
518.5200000000493,-8.665065993442939
518.5240000000493,1.285593354845278
518.5280000000494,9.388199366915709
518.5320000000494,-10.275032535831095
518.5360000000493,27.29440273531727
518.5400000000493,-6.84936603000661
518.5440000000493,-13.164154870100536
518.5480000000493,-41.19328100096046
518.5520000000494,-13.20201519490084
518.5560000000494,-0.6898096283585362
518.5600000000493,12.855109434237427
518.5640000000493,-5.212497888226821
518.5680000000493,-5.950367525197263
518.5720000000493,-21.816652797289816
518.5760000000494,-8.463026288376046
518.5800000000494,1.991687675093921
518.5840000000493,0.630295318894126
518.5880000000493,16.93327743085527
518.5920000000493,-10.682135828709624
518.5960000000493,7.460622604029661
518.6000000000494,-2.8241361444731905
518.6040000000494,0.8018586219582504
518.6080000000494,-3.4710848020744494
518.6120000000493,-9.30181616794273
518.6160000000493,-15.705762243057833
518.6200000000493,-2.1390928888029044
518.6240000000494,-8.638903416969741
518.6280000000494,-21.815195009788017
518.6320000000494,5.2747368415285045
518.6360000000493,9.995069359828724
518.6400000000493,15.099189977323777
518.6440000000493,-11.930158802671691
518.6480000000494,-4.370971268976691
518.6520000000494,6.9107965055432885
518.6560000000494,8.588080372931486
518.6600000000493,-47.801135325316515
518.6640000000493,0.6418654279131832
518.6680000000493,-9.463791257864676
518.6720000000494,22.94387510062947
518.6760000000494,8.624155851549224
518.6800000000494,3.1778050574924643
518.6840000000493,5.6021375514799985
518.6880000000493,22.8221983250743
518.6920000000493,-52.77023570913628
518.6960000000494,-11.725595770844395
518.7000000000494,-10.936698800398887
518.7040000000494,-16.651866032260163
518.7080000000494,-11.835364386139071
518.7120000000493,-13.429409423616333
518.7160000000493,2.573863997186617
518.7200000000494,-0.7987284344969767
518.7240000000494,3.2472056093366835
518.7280000000494,9.30119678707921
518.7320000000494,-8.814681886676581
518.7360000000493,-0.45225604836308175
518.7400000000493,27.18234690122733
518.7440000000494,4.899195267740101
518.7480000000494,-4.126997025504502
518.7520000000494,5.05458614599854
518.7560000000494,-3.080100419021315
518.7600000000493,-55.67582463918223
518.7640000000494,-3.819008997408506
518.7680000000494,31.518721211903863
518.7720000000494,-2.3234793727209473
518.7760000000494,-5.869526629772829
518.7800000000494,-25.253147181404426
518.7840000000493,-27.716252353941965
518.7880000000494,-31.065179436699005
518.7920000000494,-30.363691244135396
518.7960000000494,-14.12135717361759
518.8000000000494,30.701569829140333
518.8040000000494,12.475416447765326
518.8080000000494,7.75670040918701
518.8120000000494,-10.290058335736818
518.8160000000494,-12.686416965057493
518.8200000000494,-12.740418014223462
518.8240000000494,-6.11062312719263
518.8280000000494,-0.8259632822377472
518.8320000000494,-16.095728581046263
518.8360000000494,6.750163228105105
518.8400000000494,-4.439507154427439
518.8440000000494,3.4543400494388763
518.8480000000494,-23.76026016157202
518.8520000000494,-26.20953691656404
518.8560000000494,7.474463769572405
518.8600000000494,23.80011090389294
518.8640000000494,-2.415413677437946
518.8680000000494,4.6502738677445885
518.8720000000494,7.164567789345189
518.8760000000494,22.37293806927657
518.8800000000494,13.494881420751664
518.8840000000494,-35.49481892206415
518.8880000000494,0.8691984727420676
518.8920000000494,23.74523961109329
518.8960000000494,1.72913364996466
518.9000000000494,-12.58852921555994
518.9040000000495,-11.235206856497982
518.9080000000495,-11.085066550934695
518.9120000000494,0.333021279650203
518.9160000000494,4.887571709050665
518.9200000000494,-20.055510111389232
518.9240000000494,-1.3104265254324101
518.9280000000495,33.46251460391595
518.9320000000495,4.31553586660541
518.9360000000494,0.4016042926815059
518.9400000000494,-55.26374103010356
518.9440000000494,-10.309085559193278
518.9480000000494,7.817773868443679
518.9520000000495,8.365835165016232
518.9560000000495,-0.040772672994058956
518.9600000000494,-7.076274757750808
518.9640000000494,26.196980984113402
518.9680000000494,-1.566715412178827
518.9720000000494,4.954118122314932
518.9760000000495,-17.239595695050003
518.9800000000495,-14.722623006071753
518.9840000000494,9.169689200766353
518.9880000000494,3.9333670253463158
518.9920000000494,-10.082015249342653
518.9960000000494,-7.35509155860157
519.0000000000495,-15.75592012923616
519.0040000000495,27.561168351885694
519.0080000000495,3.7001371700590004
519.0120000000494,-9.940037242427234
519.0160000000494,18.291879034110607
519.0200000000494,16.1246159469859
519.0240000000495,12.973129396734851
519.0280000000495,15.597239470390015
519.0320000000495,-31.513105089798223
519.0360000000494,2.5702512127301964
519.0400000000494,9.600139466038852
519.0440000000494,11.114040290788072
519.0480000000495,-14.267186961764601
519.0520000000495,-23.093477962993212
519.0560000000495,-11.0780673578058
519.0600000000494,-33.12342722486084
519.0640000000494,-16.289147293160816
519.0680000000494,-14.387746199904608
519.0720000000495,23.85977609056916
519.0760000000495,-20.168526054793816
519.0800000000495,38.578311215704794
519.0840000000494,9.467667246135578
519.0880000000494,-1.6650151784240141
519.0920000000494,-19.366400312963968
519.0960000000495,27.93804020618986
519.1000000000495,-12.280327713833586
519.1040000000495,6.895313206940264
519.1080000000495,-16.854240685986547
519.1120000000494,-0.0007484140162645758
519.1160000000494,20.380888934129356
519.1200000000495,-28.72038576239249
519.1240000000495,-34.041327787653266
519.1280000000495,-14.940035128686294
519.1320000000495,3.2661168524467037
519.1360000000494,3.8969214664901433
519.1400000000494,0.47051350313671847
519.1440000000495,5.500680677145564
519.1480000000495,9.879012172836955
519.1520000000495,14.006664920055417
519.1560000000495,-33.03837268872402
519.1600000000494,-26.810698362800846
519.1640000000494,3.0894674259690564
519.1680000000495,-10.322102425366342
519.1720000000495,7.112546392908945
519.1760000000495,-15.809273211212913
519.1800000000495,-16.48871261768007
519.1840000000494,3.7973324174679326
519.1880000000494,-16.636694600457428
519.1920000000495,-14.02026105247323
519.1960000000495,-10.013475810826534
519.2000000000495,6.753475330678911
519.2040000000495,-24.27529837762421
519.2080000000495,-7.2242869957783835
519.2120000000494,2.2738776443098097
519.2160000000495,31.053266614031173
519.2200000000495,22.925268338211247
519.2240000000495,14.905697029324875
519.2280000000495,7.05260032526888
519.2320000000495,-16.38727688322735
519.2360000000494,13.547165927031093
519.2400000000495,-9.997147712949273
519.2440000000495,-18.908043139245343
519.2480000000495,-25.456884465871266
519.2520000000495,-27.806768594099633
519.2560000000495,26.62672311812919
519.2600000000494,-4.462040983990714
519.2640000000495,4.1334686825748035
519.2680000000495,-10.092765719688451
519.2720000000495,2.841796355276693
519.2760000000495,16.245064613948262
519.2800000000495,2.1907044524081467
519.2840000000494,-3.340309043793944
519.2880000000495,12.671189783863644
519.2920000000495,8.197749642196746
519.2960000000495,-26.867651154919454
519.3000000000495,-5.992771489634456
519.3040000000495,-13.280602844329028
519.3080000000496,-18.61661421079119
519.3120000000495,-4.038488496253483
519.3160000000495,3.311953661456952
519.3200000000495,-38.54955570113704
519.3240000000495,4.491165102071438
519.3280000000495,-7.713552279734879
519.3320000000496,-6.862850238616881
519.3360000000495,21.8086259562141
519.3400000000495,13.646479366582223
519.3440000000495,-38.320055593617894
519.3480000000495,10.33133589245411
519.3520000000495,10.273938638428262
519.3560000000496,17.32758689801897
519.3600000000495,-18.176985421320996
519.3640000000495,14.4074324926858
519.3680000000495,22.422322803722164
519.3720000000495,15.184629714780664
519.3760000000495,45.37048462959367
519.3800000000496,0.21265566177122608
519.3840000000495,4.1365658962494605
519.3880000000495,-1.88857895190761
519.3920000000495,-18.318610902922735
519.3960000000495,9.941659993056103
519.4000000000495,8.10196955037253
519.4040000000496,-24.599916992087685
519.4080000000496,25.198603625106827
519.4120000000495,3.0572566838079593
519.4160000000495,-9.23844577934549
519.4200000000495,0.6361088187963075
519.4240000000495,9.62801821161371
519.4280000000496,-12.156154339248255
519.4320000000496,9.717693783635795
519.4360000000495,-5.308017320807844
519.4400000000495,-15.544228482004494
519.4440000000495,14.034546217498711
519.4480000000495,-6.771537316545168
519.4520000000496,-0.5482336720022838
519.4560000000496,-13.191281455452351
519.4600000000495,-16.774531891160308
519.4640000000495,2.8105168181446363
519.4680000000495,16.384267188507067
519.4720000000495,-11.775741594610318
519.4760000000496,7.8500510277374165
519.4800000000496,6.337009316016111
519.4840000000495,-9.402729785154099
519.4880000000495,7.833142826330615
519.4920000000495,3.5693722196310924
519.4960000000495,1.3373402257895177
519.5000000000496,2.6632180384994877
519.5040000000496,-26.50865389487073
519.5080000000496,8.24771227616048
519.5120000000495,16.047820037301815
519.5160000000495,-11.657977187986631
519.5200000000495,-7.165016544343311
519.5240000000496,15.545733349640852
519.5280000000496,12.604077228876726
519.5320000000496,14.39599615571916
519.5360000000495,12.117689231842096
519.5400000000495,-3.751652631987398
519.5440000000496,8.953829925474889
519.5480000000496,11.507060811554243
519.5520000000496,29.117281451145285
519.5560000000496,16.07690690689675
519.5600000000495,37.526309616474656
519.5640000000495,20.171265973540702
519.5680000000496,-11.570935167939602
519.5720000000496,-8.400514543197696
519.5760000000496,-5.891498581009098
519.5800000000496,6.660165767547177
519.5840000000495,20.04041489506397
519.5880000000495,15.91003736070204
519.5920000000496,21.20508851115258
519.5960000000496,28.71967334018058
519.6000000000496,-1.8409403256764536
519.6040000000496,-9.638532407497614
519.6080000000496,23.53468063799659
519.6120000000495,9.86381117452029
519.6160000000496,-14.7255494847716
519.6200000000496,-5.290650169781415
519.6240000000496,15.386967220981074
519.6280000000496,6.997052140425432
519.6320000000496,7.572874757729112
519.6360000000495,8.306048858459013
519.6400000000496,8.616726843248308
519.6440000000496,1.186965805726615
519.6480000000496,-8.768270670406357
519.6520000000496,3.106190591958658
519.6560000000496,9.800539849053598
519.6600000000495,-4.325654306659379
519.6640000000496,1.941651357886004
519.6680000000496,-23.697832805954175
519.6720000000496,2.0236032101136177
519.6760000000496,10.743757535582578
519.6800000000496,-36.28499942518292
519.6840000000495,-6.933709529941265
519.6880000000496,-15.908981347940546
519.6920000000496,-7.161039960192059
519.6960000000496,11.77369974642708
519.7000000000496,-23.99225389139553
519.7040000000496,27.52379625010821
519.7080000000497,10.68291158954636
519.7120000000496,23.581602269092627
519.7160000000496,-5.279812219148655
519.7200000000496,11.847309192344682
519.7240000000496,-32.573057859848646
519.7280000000496,-11.331539346388883
519.7320000000497,17.495217558264997
519.7360000000496,-26.812410614423996
519.7400000000496,-28.672354122042012
519.7440000000496,-5.849706916646609
519.7480000000496,17.187781739367445
519.7520000000496,-14.772390369505269
519.7560000000497,-14.943222023074734
519.7600000000496,10.983351390541719
519.7640000000496,16.08903103996257
519.7680000000496,-1.4140486732280884
519.7720000000496,-1.4379104950646941
519.7760000000496,-3.687650556942681
519.7800000000497,11.751278979068859
519.7840000000496,-24.706786095015612
519.7880000000496,-5.737379490570655
519.7920000000496,19.875947156244465
519.7960000000496,-13.187415876092935
519.8000000000496,-32.853253852198876
519.8040000000497,3.6722590752120454
519.8080000000497,0.7123852096176155
519.8120000000496,-3.250493283431009
519.8160000000496,-4.523994148647977
519.8200000000496,26.40094043169137
519.8240000000496,-16.340521880576144
519.8280000000497,3.2586025827855183
519.8320000000497,23.58706052526051
519.8360000000496,9.92840751391361
519.8400000000496,5.084955787486343
519.8440000000496,-18.010322376065563
519.8480000000496,-13.153866408883836
519.8520000000497,42.07238493367498
519.8560000000497,-11.963299274982313
519.8600000000496,-20.226867101825967
519.8640000000496,-21.123520857834013
519.8680000000496,7.0773465630624255
519.8720000000496,1.5730586105223254
519.8760000000497,15.046044768637593
519.8800000000497,27.90085445014849
519.8840000000496,14.977379277738395
519.8880000000496,15.196069892213082
519.8920000000496,-8.1762559976295
519.8960000000496,12.765291042510523
519.9000000000497,3.552158540696493
519.9040000000497,-18.774883075560087
519.9080000000497,10.58225195859883
519.9120000000496,-27.345477752180376
519.9160000000496,12.98158598565588
519.9200000000496,16.50334077316952
519.9240000000497,-5.446558060190996
519.9280000000497,-2.8554718450353556
519.9320000000497,10.354584168465532
519.9360000000496,0.002525703874772245
519.9400000000496,-5.861253647643878
519.9440000000496,-1.615538152349008
519.9480000000497,5.156535700552028
519.9520000000497,-20.085317072131154
519.9560000000497,-16.789127820458106
519.9600000000496,6.517619193689441
519.9640000000496,-1.4315824354354267
519.9680000000496,4.313024806477462
519.9720000000497,-37.92483122179114
519.9760000000497,4.850048303391635
519.9800000000497,-7.933299837576311
519.9840000000496,-16.552839091147444
519.9880000000496,-17.48235556931393
519.9920000000496,35.57768132946105
519.9960000000497,-12.156874741429055
520.0000000000497,15.786588540020698
520.0040000000497,-16.335089287352638
520.0080000000497,1.2510007408988943
520.0120000000496,19.11300559463187
520.0160000000496,-20.307827016144717
520.0200000000497,13.456430875332451
520.0240000000497,1.9682877683768805
520.0280000000497,43.77056766606794
520.0320000000497,-2.4388173178496593
520.0360000000496,-3.6664392312704432
520.0400000000496,-11.808323824769344
520.0440000000497,11.489564481935366
520.0480000000497,6.311808171276715
520.0520000000497,2.893491529294699
520.0560000000497,-20.68709745742751
520.0600000000496,-3.6858021015764213
520.0640000000496,7.827993911622052
520.0680000000497,22.93727811300686
520.0720000000497,0.13018323900379758
520.0760000000497,19.819834227080253
520.0800000000497,-26.141649199924487
520.0840000000496,20.974992126805805
520.0880000000496,-11.414088852173112
520.0920000000497,-8.660858288469804
520.0960000000497,-3.420527460906123
520.1000000000497,-14.947987168360637
520.1040000000497,-28.692220518550222
520.1080000000497,-16.92231144638356
520.1120000000496,-24.04711820130323
520.1160000000497,-18.816640511776928
520.1200000000497,11.084326579078741
520.1240000000497,28.53655185996804
520.1280000000497,8.685473316706313
520.1320000000497,-14.617345282992218
520.1360000000496,18.140694617547364
520.1400000000497,11.135459259957038
520.1440000000497,-5.940107982341447
520.1480000000497,3.845012734308298
520.1520000000497,-20.485210167372763
520.1560000000497,-11.201909866021406
520.1600000000496,-24.417443182237427
520.1640000000497,18.966413063361255
520.1680000000497,-17.16295222404947
520.1720000000497,-2.7613877496297516
520.1760000000497,21.115858837436335
520.1800000000497,-9.291405468612483
520.1840000000497,-1.9901477023625402
520.1880000000497,33.97730907719571
520.1920000000497,-11.791748612467506
520.1960000000497,-14.594127232375351
520.2000000000497,21.41700134727662
520.2040000000497,-23.534228188372605
520.2080000000498,-35.08803248088962
520.2120000000497,16.978915592911548
520.2160000000497,25.66092045150916
520.2200000000497,1.9566867702065813
520.2240000000497,-14.343021705849575
520.2280000000497,0.7675316810050528
520.2320000000498,6.690173275495818
520.2360000000497,9.784377052838154
520.2400000000497,17.590949553845466
520.2440000000497,23.674473318579384
520.2480000000497,-16.445944117665356
520.2520000000497,-11.45858274514134
520.2560000000498,-17.664555624386583
520.2600000000497,-5.178785378164529
520.2640000000497,-11.780559692387298
520.2680000000497,20.073433073823434
520.2720000000497,27.538678626801772
520.2760000000497,1.0782076740847564
520.2800000000498,-7.230435441760866
520.2840000000497,0.230542354816046
520.2880000000497,-4.227636663722288
520.2920000000497,-0.07494501927721609
520.2960000000497,26.81170764763257
520.3000000000497,-14.699811306813528
520.3040000000498,-0.9536504060058458
520.3080000000498,-0.14593009100819965
520.3120000000497,0.030478877362540846
520.3160000000497,20.715919293550726
520.3200000000497,4.892800055027096
520.3240000000498,11.601739617880636
520.3280000000498,-12.540863958452015
520.3320000000498,1.2116597182046913
520.3360000000497,17.45368030244866
520.3400000000497,5.380163736799375
520.3440000000497,27.92937642854977
520.3480000000498,1.8331298664372715
520.3520000000498,-21.991955833403047
520.3560000000498,10.837704510534392
520.3600000000497,-17.40581400858435
520.3640000000497,-23.172129461125955
520.3680000000497,8.534007555102942
520.3720000000498,-7.786405160478628
520.3760000000498,12.759292573814912
520.3800000000498,-32.20583083351789
520.3840000000497,-43.51290575783975
520.3880000000497,1.2930395251434437
520.3920000000497,-25.255429276354263
520.3960000000498,3.086197757055851
520.4000000000498,-7.9885235993205095
520.4040000000498,24.460440758530712
520.4080000000498,31.25704364196019
520.4120000000497,23.21081602964451
520.4160000000497,-0.8196882702718378
520.4200000000498,19.74558894186979
520.4240000000498,-9.47930321659106
520.4280000000498,-10.514635320296849
520.4320000000498,-0.4515808833077706
520.4360000000497,2.3935077316494273
520.4400000000497,4.3668918845303475
520.4440000000498,9.00570748500092
520.4480000000498,-1.18302660443785
520.4520000000498,-1.5982723699580064
520.4560000000498,-9.43126699423479
520.4600000000497,-15.661241749436977
520.4640000000497,31.001148837495105
520.4680000000498,-11.915718518241198
520.4720000000498,21.53951349280008
520.4760000000498,-20.746554671661823
520.4800000000498,-14.035372239402163
520.4840000000497,17.876126455046865
520.4880000000497,-11.821517862858167
520.4920000000498,-2.9902191766834876
520.4960000000498,-22.92058192971274
520.5000000000498,29.015890288682133
520.5040000000498,-16.08188364685802
520.5080000000498,23.683674547061287
520.5120000000497,-11.302678918060035
520.5160000000498,2.038840498983603
520.5200000000498,8.249764107010462
520.5240000000498,15.27334169176687
520.5280000000498,10.883151917333251
520.5320000000498,8.562096451423901
520.5360000000497,-11.9359738178195
520.5400000000498,-20.522071084388564
520.5440000000498,4.228986601861672
520.5480000000498,-24.402251322359547
520.5520000000498,-39.50290026135787
520.5560000000498,2.5651850252448503
520.5600000000497,9.185859639081642
520.5640000000498,9.429532991487187
520.5680000000498,5.3358466847508925
520.5720000000498,-17.7465491860442
520.5760000000498,-20.991944540564855
520.5800000000498,-28.102734809242268
520.5840000000497,-12.233176691822724
520.5880000000498,24.155463997715614
520.5920000000498,-1.7458671765904337
520.5960000000498,-6.643000760793056
520.6000000000498,-0.044359610035452635
520.6040000000498,13.696013214753357
520.6080000000499,-24.47839580441203
520.6120000000498,-3.1303219246320078
520.6160000000498,1.6742053848130964
520.6200000000498,2.753753661566284
520.6240000000498,-11.325686419784187
520.6280000000498,-16.20470825031798
520.6320000000499,0.7470172577276788
520.6360000000498,-13.563022102218483
520.6400000000498,19.390906517210738
520.6440000000498,37.712059872278274
520.6480000000498,-22.818538541184328
520.6520000000498,-19.830682658558693
520.6560000000499,-50.06390257753863
520.6600000000498,-3.432793814121221
520.6640000000498,6.39068657874607
520.6680000000498,-0.8872585778772959
520.6720000000498,-12.100615489039539
520.6760000000498,10.97200550176631
520.6800000000499,-15.970604799486432
520.6840000000498,0.8906005996651642
520.6880000000498,-17.566320253308476
520.6920000000498,-1.1901533266883628
520.6960000000498,29.17151243685295
520.7000000000498,4.36623523046985
520.7040000000499,-34.742582301254174
520.7080000000499,-2.2466744039959354
520.7120000000498,-25.889117915738076
520.7160000000498,24.92061738490356
520.7200000000498,0.8834318376916597
520.7240000000498,-5.28054133426988
520.7280000000499,30.463734949036592
520.7320000000499,3.8654678998281087
520.7360000000498,-7.655704059599866
520.7400000000498,-3.171258489683604
520.7440000000498,18.755803752607484
520.7480000000498,-14.935715005641862
520.7520000000499,1.2038646756244251
520.7560000000499,-7.272520416043973
520.7600000000498,-3.6346746949407676
520.7640000000498,9.653034870712585
520.7680000000498,29.054483677581395
520.7720000000498,39.457443308963335
520.7760000000499,-12.871549820841048
520.7800000000499,-21.682605320369426
520.7840000000498,6.125755965037588
520.7880000000498,-1.6739693306147703
520.7920000000498,-9.090609670932423
520.7960000000498,4.300332269646487
520.8000000000499,-7.228517734962688
520.8040000000499,-13.095933953629276
520.8080000000499,5.712805260567933
520.8120000000498,-0.15415632705946375
520.8160000000498,36.13298960449943
520.8200000000498,-0.04080221435367376
520.8240000000499,-2.7070392733214295
520.8280000000499,-1.3711866534454762
520.8320000000499,-32.48020682959657
520.8360000000498,-21.38396438736548
520.8400000000498,1.4489847520213348
520.8440000000498,13.154046928869189
520.8480000000499,10.956085494913381
520.8520000000499,8.945020987228327
520.8560000000499,-14.17612174961525
520.8600000000498,14.390040768263573
520.8640000000498,18.18084137019503
520.8680000000498,16.844852602510574
520.8720000000499,-0.5036043014553295
520.8760000000499,2.0467913555283808
520.8800000000499,28.364543818729008
520.8840000000498,21.28551803566646
520.8880000000498,-7.780154095347729
520.8920000000498,19.252837229752583
520.8960000000499,22.461930752854332
520.9000000000499,31.70314557179668
520.9040000000499,-6.491435119005272
520.9080000000499,4.149900195492945
520.9120000000498,11.981975697149881
520.9160000000498,15.568480570674346
520.9200000000499,-0.7900418841094066
520.9240000000499,-21.63353542740988
520.9280000000499,43.22431451121227
520.9320000000499,33.17124221872804
520.9360000000498,-5.741344681567802
520.9400000000498,-10.259979590348147
520.9440000000499,8.310309345508996
520.9480000000499,13.370042462916523
520.9520000000499,2.3370739245896615
520.9560000000499,-3.6563371000648375
520.9600000000498,3.436862742708273
520.9640000000499,17.95208359963247
520.9680000000499,29.160825269808313
520.9720000000499,11.567778034943913
520.9760000000499,-13.448859039233737
520.9800000000499,-5.091284572684216
520.9840000000498,18.539590972069757
520.9880000000499,-24.170268846763705
520.9920000000499,7.861461479635084
520.9960000000499,-9.136514861117973
521.0000000000499,-6.844730812400308
521.0040000000499,0.7814642283589143
521.00800000005,-4.371550204016508
521.0120000000499,-4.142567158450246
521.0160000000499,17.47317164988371
521.0200000000499,11.075922616288512
521.0240000000499,24.770039629382744
521.0280000000499,21.831788745486232
521.03200000005,-14.934670871715063
521.0360000000499,1.1796688648432987
521.0400000000499,-6.366080703829398
521.0440000000499,5.13319862111244
521.0480000000499,-3.408434913182974
521.0520000000499,21.210719322447922
521.05600000005,4.574246902739224
521.0600000000499,2.4125112705350023
521.0640000000499,33.01590977039731
521.0680000000499,-19.237634467446338
521.0720000000499,21.09254725442189
521.0760000000499,-17.27393531201202
521.08000000005,3.9143391899460425
521.0840000000499,22.113502289082255
521.0880000000499,22.012310658146426
521.0920000000499,11.35611201228948
521.0960000000499,8.123291579644366
521.1000000000499,-28.99076344965955
521.10400000005,15.06645442544159
521.10800000005,-17.860041669388785
521.1120000000499,-9.686739477843473
521.1160000000499,-0.03718498072967291
521.1200000000499,-4.0781238863671705
521.1240000000499,6.309321167159681
521.12800000005,15.255388854866982
521.13200000005,16.52132573325735
521.1360000000499,-19.693221749137447
521.1400000000499,4.388165737809079
521.1440000000499,3.604844535491362
521.1480000000499,10.942792352740774
521.15200000005,1.5289069458290552
521.15600000005,-7.263268196816372
521.1600000000499,-8.278390501625637
521.1640000000499,-27.098596642164864
521.1680000000499,3.449553194727568
521.1720000000499,11.920460253568171
521.17600000005,34.4191586604668
521.18000000005,8.860391200392954
521.1840000000499,2.3633454442486257
521.1880000000499,-6.44192855328696
521.1920000000499,7.828026882774072
521.1960000000499,4.366793981571296
521.20000000005,-24.097147806819365
521.20400000005,-16.39021659324319
521.20800000005,-6.4838631348727365
521.2120000000499,8.148160916407027
521.2160000000499,-6.017506731943482
521.2200000000499,10.446603355948534
521.22400000005,-11.054022896591679
521.22800000005,-2.0442224698681124
521.23200000005,-15.139313018628028
521.2360000000499,-12.695882911115929
521.2400000000499,4.430499643941923
521.2440000000499,20.261227253843625
521.24800000005,-12.782922187653481
521.25200000005,22.593705376059322
521.25600000005,15.429399004428879
521.2600000000499,9.835265387395205
521.2640000000499,5.964390901762106
521.2680000000499,26.63896574302498
521.27200000005,31.138239841725895
521.27600000005,11.493860127551082
521.28000000005,-11.84792254686955
521.2840000000499,-15.455701062442444
521.2880000000499,-3.1154420039615585
521.2920000000499,24.231075246708397
521.29600000005,27.393130617589115
521.30000000005,-6.977540479733986
521.30400000005,-15.970077330182107
521.30800000005,-14.417285501722851
521.3120000000499,4.204813868158279
521.3160000000499,20.114048258849955
521.32000000005,-0.9144926633597694
521.32400000005,-10.202966667501272
521.32800000005,3.8969630729803084
521.33200000005,2.8169561636664726
521.3360000000499,27.982127577428876
521.3400000000499,19.635004846212453
521.34400000005,-5.317267723875279
521.34800000005,-3.2325712709971866
521.35200000005,-31.584399740953813
521.35600000005,-25.471331916224603
521.3600000000499,18.372135437719766
521.3640000000499,-22.98214272853561
521.36800000005,17.08803593716109
521.37200000005,13.666742975432676
521.37600000005,-8.757724059085373
521.38000000005,-0.5642186609289518
521.3840000000499,4.615390749475875
521.3880000000499,6.399883876700619
521.39200000005,6.802089920534705
521.39600000005,-14.981753476231686
521.40000000005,14.11579142278328
521.40400000005,-20.84063908687521
521.40800000005,-14.508291573249755
521.4120000000499,5.969313073424471
521.41600000005,8.332707512165735
521.42000000005,16.20754608607088
521.42400000005,0.024836733787709286
521.42800000005,5.529277129725871
521.43200000005,-29.28347964715328
521.43600000005,6.093064413479301
521.44000000005,-16.80379338954191
521.44400000005,-35.24025024179616
521.44800000005,-16.903782340117708
521.45200000005,10.297172609265411
521.45600000005,-19.131889778935665
521.46000000005,13.55270165686866
521.46400000005,-45.18784449201466
521.46800000005,-21.89653937604614
521.47200000005,8.248258257511171
521.47600000005,-24.490021325589225
521.48000000005,-8.813294064517887
521.48400000005,3.4169566389058077
521.48800000005,14.621215362010892
521.49200000005,11.455020134117005
521.49600000005,-8.164501252503204
521.50000000005,13.605446328016347
521.50400000005,-16.508119397825293
521.5080000000501,-2.405180480938032
521.51200000005,20.451452601442295
521.51600000005,-0.3350342540737068
521.52000000005,2.7975125769201035
521.52400000005,2.4664204899788533
521.52800000005,10.84649807090839
521.5320000000501,-17.672310244343517
521.53600000005,-27.34250289533916
521.54000000005,16.492378710452847
521.54400000005,9.230903861072415
521.54800000005,2.4343926359900347
521.55200000005,11.201876481166131
521.5560000000501,-1.031998809642523
521.56000000005,-13.144508297911909
521.56400000005,15.456756194130628
521.56800000005,3.3526645699255573
521.57200000005,5.151581877034619
521.57600000005,5.010058025465426
521.5800000000501,-5.899217773764746
521.58400000005,-7.700088630684968
521.58800000005,2.409410952771502
521.59200000005,18.582630819559704
521.59600000005,12.604943616497902
521.60000000005,-11.467369687290773
521.6040000000501,16.098166342528494
521.6080000000501,7.825815818422712
521.61200000005,-2.278197370275132
521.61600000005,2.3044041914422184
521.62000000005,-20.105398688269496
521.62400000005,4.237238928313524
521.6280000000501,7.04533053294814
521.6320000000501,19.468113218016974
521.63600000005,-10.08522400030409
521.64000000005,-2.6880683667007266
521.64400000005,-3.4463611285255764
521.64800000005,-11.551854060314026
521.6520000000501,-2.1058698619402767
521.6560000000501,-14.216765976706434
521.66000000005,-7.442436541573484
521.66400000005,26.705763360085996
521.66800000005,5.068569210058329
521.67200000005,-2.50604344203081
521.6760000000501,-9.629539053282997
521.6800000000501,1.56945246863501
521.68400000005,10.214774840127445
521.68800000005,-13.073533402159342
521.69200000005,-3.007007211342083
521.69600000005,33.054537268045436
521.7000000000501,-9.262226266150464
521.7040000000501,22.75970901381355
521.7080000000501,-10.999350032988971
521.71200000005,-0.057147613618586834
521.71600000005,-2.6004281783496705
521.72000000005,34.479411056941494
521.7240000000501,14.524277586254511
521.7280000000501,0.5149622405126242
521.7320000000501,-9.719184091522756
521.73600000005,-9.92125396076188
521.74000000005,-12.910305752938632
521.74400000005,-8.711318432717977
521.7480000000501,-0.7941192018586201
521.7520000000501,-10.087862117972996
521.7560000000501,-18.86256825466219
521.76000000005,15.613540575367482
521.76400000005,-18.73458147165423
521.76800000005,-2.714935532478097
521.7720000000501,2.8516092411068885
521.7760000000501,-0.9489156289614056
521.7800000000501,-8.602895998514851
521.78400000005,23.9686143582233
521.78800000005,12.764660146186419
521.79200000005,2.609146938896637
521.7960000000501,-44.20644869572777
521.8000000000501,21.580873447943752
521.8040000000501,-3.7270839532136186
521.8080000000501,7.053054066007529
521.81200000005,-13.102814040821782
521.81600000005,19.284056845078947
521.8200000000501,-8.186737377329859
521.8240000000501,7.998901083554519
521.8280000000501,-8.856424802307863
521.8320000000501,19.485076763293968
521.83600000005,-0.1479389349465272
521.84000000005,22.231791089456742
521.8440000000501,19.706044607875626
521.8480000000501,3.707943319910088
521.8520000000501,-6.755996092889004
521.8560000000501,-4.308085982065943
521.86000000005,25.282376913040892
521.86400000005,34.65910029137245
521.8680000000501,-18.067779476446887
521.8720000000501,-1.2350395511283279
521.8760000000501,-13.734242259086631
521.8800000000501,22.691440115239967
521.88400000005,8.729590562206928
521.88800000005,11.480622380705043
521.8920000000501,11.1632872547397
521.8960000000501,-4.5905954500015795
521.9000000000501,-18.28518542394127
521.9040000000501,6.4986197548044515
521.9080000000502,-26.953066890904655
521.91200000005,-27.91034503606496
521.9160000000501,15.048646021417436
521.9200000000501,-33.581059659288364
521.9240000000501,-0.46043061176433264
521.9280000000501,43.04921298249671
521.9320000000502,-16.783194586239198
521.9360000000501,-45.824634219677726
521.9400000000501,3.389942734814566
521.9440000000501,1.9923748896177098
521.9480000000501,-0.935617119811863
521.9520000000501,-8.146475116526437
521.9560000000502,17.274372961195198
521.9600000000501,-5.760605550943513
521.9640000000501,12.78970736667713
521.9680000000501,-11.640038699049315
521.9720000000501,7.193688789244548
521.9760000000501,0.5672041506664474
521.9800000000502,-3.246078439946137
521.9840000000501,8.577992422602184
521.9880000000501,18.466402631579584
521.9920000000501,10.76757072636923
521.9960000000501,-30.375594763362635
522.0000000000501,-8.930520897393095
522.0040000000502,0.2811079860903112
522.0080000000502,26.08911413888457
522.0120000000501,-5.877218074351986
522.0160000000501,-0.5603882676259578
522.0200000000501,30.770562491876554
522.0240000000501,-3.380052262833707
522.0280000000502,-30.318703623760697
522.0320000000502,9.225167289343002
522.0360000000501,0.49171099137684765
522.0400000000501,-11.673074122452025
522.0440000000501,21.405040425356447
522.0480000000501,-31.258995584942024
522.0520000000502,-7.54668656562106
522.0560000000502,4.782651669466761
522.0600000000501,2.411475915031571
522.0640000000501,-20.085502983951944
522.0680000000501,-32.68842660434016
522.0720000000501,0.6300972926256405
522.0760000000502,-1.7071120604111993
522.0800000000502,-20.43191405238005
522.0840000000501,-7.075445324681409
522.0880000000501,6.674414230862314
522.0920000000501,3.0239661531857953
522.0960000000501,-1.9515762733713347
522.1000000000502,38.5321836500112
522.1040000000502,-22.306601398582075
522.1080000000502,-31.417986801853562
522.1120000000501,-4.151586105349386
522.1160000000501,2.6928635099894533
522.1200000000501,-5.886509902335314
522.1240000000502,-15.203647770604796
522.1280000000502,-5.958784958942907
522.1320000000502,6.7560667244957635
522.1360000000501,4.681366723745636
522.1400000000501,-1.177522878295989
522.1440000000501,-9.356939640634552
522.1480000000502,-23.31052063033723
522.1520000000502,20.826171645536665
522.1560000000502,-35.44088040115732
522.1600000000501,-8.26446589805907
522.1640000000501,45.39877272648653
522.1680000000501,22.857322216684157
522.1720000000502,25.38152173047981
522.1760000000502,-3.430493097760585
522.1800000000502,-2.087504289335583
522.1840000000501,17.243288996679098
522.1880000000501,0.035300231842661844
522.1920000000501,-3.4653690207404266
522.1960000000502,1.2747869415641895
522.2000000000502,37.275740552803164
522.2040000000502,3.1332058762537582
522.2080000000502,4.598321262765396
522.2120000000501,-6.96428394376406
522.2160000000501,26.339764388070986
522.2200000000502,3.732403764361913
522.2240000000502,-9.97309385047555
522.2280000000502,6.929647866305406
522.2320000000502,-13.786796049307066
522.2360000000501,-6.653255963982718
522.2400000000501,7.6576864756783225
522.2440000000502,-2.1186907424853403
522.2480000000502,-20.523269244786615
522.2520000000502,14.339984779753749
522.2560000000502,32.920772224198195
522.2600000000501,3.8506577609163317
522.2640000000501,0.44180457307431253
522.2680000000502,-11.974127767482091
522.2720000000502,5.672507001069989
522.2760000000502,12.62877730041237
522.2800000000502,-6.159233434455474
522.2840000000501,7.481479193090753
522.2880000000501,36.484466758110166
522.2920000000502,21.364660968965552
522.2960000000502,12.13644241643548
522.3000000000502,-15.98101327403349
522.3040000000502,36.19252442050977
522.3080000000502,37.40937600154484
522.3120000000501,12.456637800319157
522.3160000000502,-18.742911115659457
522.3200000000502,15.787003806236232
522.3240000000502,-7.910853060906011
522.3280000000502,-4.83773773166375
522.3320000000502,-18.932682381340822
522.3360000000501,10.662779634582991
522.3400000000502,13.106546960690643
522.3440000000502,0.12387462670587224
522.3480000000502,-13.275137195918738
522.3520000000502,-12.892540778828037
522.3560000000502,-24.396756010990973
522.3600000000501,-9.514635668356553
522.3640000000502,-16.647816684177567
522.3680000000502,-45.162482993481966
522.3720000000502,-2.40294749703098
522.3760000000502,-11.34169527370409
522.3800000000502,-5.398723560350644
522.3840000000502,9.706586950012142
522.3880000000502,10.973895520403255
522.3920000000502,-12.858150860680134
522.3960000000502,7.836827410527568
522.4000000000502,0.29464403201316003
522.4040000000502,-0.5388487214759192
522.4080000000503,9.977742694750141
522.4120000000502,0.5687298691994108
522.4160000000502,-1.7473868283083176
522.4200000000502,-18.430902138135878
522.4240000000502,-10.870965791588969
522.4280000000502,7.283103033129356
522.4320000000503,9.04878198480564
522.4360000000502,26.398484123719967
522.4400000000502,-2.051416355707911
522.4440000000502,-6.0540592773917705
522.4480000000502,-0.5637710551502351
522.4520000000502,10.000012229983378
522.4560000000503,-10.693914489851599
522.4600000000502,13.181972233109688
522.4640000000502,28.597853291299117
522.4680000000502,17.61737515877058
522.4720000000502,-3.515107643590175
522.4760000000502,2.749827366586886
522.4800000000503,28.288962554733825
522.4840000000502,-29.915002550191094
522.4880000000502,-18.547576703813395
522.4920000000502,-25.520498930218263
522.4960000000502,18.888540060132662
522.5000000000502,-31.08569336288855
522.5040000000503,8.469538880698233
522.5080000000503,-2.565351616577494
522.5120000000502,-10.596639653080363
522.5160000000502,8.761280468727254
522.5200000000502,-11.898219251395904
522.5240000000503,-14.282411197426157
522.5280000000503,9.732188155936853
522.5320000000503,15.68758406293397
522.5360000000502,1.376605918799004
522.5400000000502,-24.71421457958265
522.5440000000502,4.562863581390728
522.5480000000503,1.162396501713002
522.5520000000503,12.82239462681789
522.5560000000503,3.870356367961059
522.5600000000502,25.016665353952035
522.5640000000502,-13.522604560187851
522.5680000000502,-10.182817243524994
522.5720000000503,-32.21998558013139
522.5760000000503,-19.90976166974089
522.5800000000503,2.083974071447818
522.5840000000502,2.570559022481957
522.5880000000502,-21.539958277764562
522.5920000000502,-22.34372116956519
522.5960000000503,20.177338064535935
522.6000000000503,7.842248172186917
522.6040000000503,8.114904438297181
522.6080000000503,-17.62581320601856
522.6120000000502,0.9964312939129565
522.6160000000502,1.4508756890408523
522.6200000000503,11.927899066348278
522.6240000000503,-1.5851678839562613
522.6280000000503,-1.887239839334879
522.6320000000503,9.564640333982137
522.6360000000502,-12.582599206485646
522.6400000000502,19.507805810585204
522.6440000000503,-16.424378568336433
522.6480000000503,15.6311406333609
522.6520000000503,-27.142150062573368
522.6560000000503,2.5574426227751292
522.6600000000502,0.19853248200544982
522.6640000000502,-7.431373325502395
522.6680000000503,2.5604332337818994
522.6720000000503,-10.203739556278848
522.6760000000503,2.354455961776152
522.6800000000503,-18.48388505008163
522.6840000000502,11.563561485305364
522.6880000000502,-11.745699945783144
522.6920000000503,-5.547741206316099
522.6960000000503,16.387900319859998
522.7000000000503,-19.287449815378842
522.7040000000503,10.950700004183618
522.7080000000503,12.809707306598046
522.7120000000502,12.54404540300872
522.7160000000503,1.3236139486479939
522.7200000000503,-6.285398560409941
522.7240000000503,5.982838578254423
522.7280000000503,-0.42024680636655254
522.7320000000503,-18.70441745523066
522.7360000000502,17.792263710010356
522.7400000000503,-37.33663025486198
522.7440000000503,-11.10196814294912
522.7480000000503,-4.3376584844241775
522.7520000000503,-8.947281974083532
522.7560000000503,-9.072747440962518
522.7600000000502,-4.050220940366946
522.7640000000503,-9.388974888117628
522.7680000000503,-10.237760554814713
522.7720000000503,15.106126496868516
522.7760000000503,10.558692890595413
522.7800000000503,20.815898908575967
522.7840000000502,-31.206278661050927
522.7880000000503,-3.2475786484663947
522.7920000000503,-5.006960102406502
522.7960000000503,8.766166748659309
522.8000000000503,-0.13937921325673486
522.8040000000503,-6.514864661314343
522.8080000000504,12.82849550315621
522.8120000000503,-21.39145005457396
522.8160000000503,19.88696122990011
522.8200000000503,30.55236159785704
522.8240000000503,10.907858180179922
522.8280000000503,10.49447008041954
522.8320000000504,21.933807682772898
522.8360000000503,4.885197127864147
522.8400000000503,20.64597990197414
522.8440000000503,0.11249499099133153
522.8480000000503,-1.483460895079892
522.8520000000503,31.086922973461053
522.8560000000504,-0.04956996529426139
522.8600000000503,-3.4206642806796377
522.8640000000503,-6.051109525156537
522.8680000000503,-1.0019429248098413
522.8720000000503,3.133492904772375
522.8760000000503,-1.0922000795812217
522.8800000000504,3.1416920440742087
522.8840000000503,1.916498564483522
522.8880000000503,28.420701310990907
522.8920000000503,19.560817145457474
522.8960000000503,-3.216301944097532
522.9000000000503,-3.468636453789272
522.9040000000504,-3.8203202929771276
522.9080000000504,7.519610811428554
522.9120000000503,7.420651746458619
522.9160000000503,5.60885025083762
522.9200000000503,16.872569035652397
522.9240000000503,-1.9267981436010448
522.9280000000504,-9.585170212563694
522.9320000000504,22.795402507529626
522.9360000000503,11.502011071988127
522.9400000000503,26.96329969442965
522.9440000000503,-9.83684944228372
522.9480000000503,6.327694299979039
522.9520000000504,11.603303352532588
522.9560000000504,-13.939022910085068
522.9600000000503,-15.351973781329281
522.9640000000503,23.056332620235175
522.9680000000503,9.640596821283081
522.9720000000503,-6.629121079499199
522.9760000000504,20.594107164559595
522.9800000000504,14.945687188060692
522.9840000000503,2.2886510708565124
522.9880000000503,10.934644138415406
522.9920000000503,-47.43290556109238
522.9960000000503,-21.015284452805524
523.0000000000504,17.476168916402017
523.0040000000504,5.186465610558232
523.0080000000504,27.197717996298888
523.0120000000503,-2.530674590814346
523.0160000000503,0.6431222023229451
523.0200000000503,11.918371334079211
523.0240000000504,-0.962177004081143
523.0280000000504,-7.395014889293592
523.0320000000504,7.0076295499786525
523.0360000000503,0.04249494802900866
523.0400000000503,-9.53218460790951
523.0440000000503,10.192453945121162
523.0480000000504,5.000825305395539
523.0520000000504,-28.250268147301885
523.0560000000504,-26.264872012064828
523.0600000000503,-24.019177204825247
523.0640000000503,29.251354924479788
523.0680000000503,-7.137472794969884
523.0720000000504,-19.036737885767483
523.0760000000504,-9.208030989093155
523.0800000000504,32.31819912012633
523.0840000000503,26.259734812976145
523.0880000000503,37.456010880454215
523.0920000000503,-38.268254756144444
523.0960000000504,-39.78280900736839
523.1000000000504,-2.0087981154729375
523.1040000000504,-2.8624366901126743
523.1080000000504,15.88245660669472
523.1120000000503,-5.82480963954316
523.1160000000503,-0.21452880956387332
523.1200000000504,-12.051780474085533
523.1240000000504,-17.935264873497033
523.1280000000504,-13.725842077942248
523.1320000000504,21.76411501629158
523.1360000000503,-2.9824868802823947
523.1400000000503,-13.964160377215444
523.1440000000504,15.456439186508259
523.1480000000504,-26.29699416625567
523.1520000000504,9.337668656782823
523.1560000000504,0.7675838192303639
523.1600000000503,0.7153367839767704
523.1640000000504,20.802343946752835
523.1680000000504,-17.947813757719167
523.1720000000504,21.457006044500385
523.1760000000504,26.150138462057043
523.1800000000504,15.316712394504655
523.1840000000503,-2.4214502994558758
523.1880000000504,-2.5255687418239434
523.1920000000504,-3.5182849133266165
523.1960000000504,-10.55987321272737
523.2000000000504,35.31330282138548
523.2040000000504,-13.06097263577926
523.2080000000504,-40.06199681910609
523.2120000000504,-22.431407033442117
523.2160000000504,6.0167948985649815
523.2200000000504,19.70592301159657
523.2240000000504,7.359181462827953
523.2280000000504,17.057684176936398
523.2320000000504,6.432058912591904
523.2360000000504,4.190627150535038
523.2400000000504,5.342626996973321
523.2440000000504,1.8730596001904887
523.2480000000504,-9.087500288053246
523.2520000000504,-10.87967949324824
523.2560000000504,-7.342932267561688
523.2600000000504,-14.180852227177262
523.2640000000504,8.463423139424377
523.2680000000504,7.409057956378574
523.2720000000504,-10.002237745049943
523.2760000000504,7.63713894376196
523.2800000000504,15.432542072160462
523.2840000000504,17.31977639312355
523.2880000000504,23.378246746309067
523.2920000000504,-2.47893591824986
523.2960000000504,15.711605257890726
