timestamp,value
1772937132.640133,-64877.489970981835
1772937132.6401875,-33302.511790162425
1772937132.6402256,3089.470202863692
1772937132.6402624,17442.464616571244
1772937132.6402948,7459.454455862918
1772937132.6403267,-7241.213842703084
1772937132.6403587,-9044.062161084734
1772937132.6403909,527.0919080735754
1772937132.6404223,7430.043899618854
1772937132.6404543,3930.6304737207183
1772937132.6404865,-3658.2508779691398
1772937132.6404996,-5185.81213099981
1772937132.640512,300.59811575343065
1772937132.640525,4824.1537319992785
1772937132.6405385,2748.5386085414857
1772937132.6405485,-2420.3698299977573
1772937132.6405578,-3634.712622910282
1772937132.6405668,254.96579051553772
1772937132.6405756,3659.4167996467395
1772937132.6405847,2176.2355774004272
1772937132.6405969,-1796.2763057408497
1772937132.6406105,-2805.160997617626
1772937132.6406257,248.9403968316319
1772937132.640636,3015.9927445134804
1772937132.6406455,1849.0498870506772
1772937132.6406548,-1422.714652334822
1772937132.6406848,-2292.901110858894
1772937132.640694,260.29024037031814
1772937132.6407027,2627.3425293983614
1772937132.640712,1653.5515630881
1772937132.640721,-1169.5407317728273
1772937132.6407304,-1946.251759426524
1772937132.6407392,278.23899744482117
1772937132.640751,2375.453806285916
1772937132.6407652,1526.4379232884885
1772937132.6407814,-994.4398568002694
1772937132.64079,-1704.788419244351
1772937132.6407988,298.18038613012874
1772937132.6408072,2211.5337786499076
1772937132.640816,1448.53818388899
1772937132.6408243,-863.7153273522863
1772937132.640833,-1527.891890561991
1772937132.6408455,322.28282511837756
1772937132.64086,2108.6055210172567
1772937132.6408699,1403.892124882048
1772937132.6408784,-767.2224027280472
1772937132.6408868,-1402.0605821093618
1772937132.6408958,343.9522545669037
1772937132.6409106,2046.7293950930741
1772937132.6409228,1383.4322609656454
1772937132.6409316,-694.0616311639808
1772937132.6409435,-1311.063364018176
1772937132.640956,367.71972756439027
1772937132.6409647,2018.7410571731582
1772937132.640973,1380.0654649114917
1772937132.640982,-645.1850094567262
1772937132.6409905,-1254.2682504373724
1772937132.6409988,391.27906074620086
1772937132.6410074,2023.13031668814
1772937132.641016,1399.495984159916
1772937132.6410246,-608.6168823662218
1772937132.6410327,-1221.9742260401795
1772937132.6410413,415.0125493738158
1772937132.6410532,2051.6571110358263
1772937132.641066,1430.4814773467901
1772937132.6410787,-593.7671445665427
1772937132.6410923,-1219.105469483465
1772937132.6411033,440.2858211679451
1772937132.641112,2111.9323238639186
1772937132.6411247,1482.8537627298833
1772937132.6412177,-594.5049668468188
1772937132.6412265,-1245.4006051029073
1772937132.641235,464.81026268402724
1772937132.641244,2202.676046868598
1772937132.6412525,1555.2714912148099
1772937132.6412644,-614.8705831335745
1772937132.6412768,-1305.354364752058
1772937132.6412892,489.49023655189467
1772937132.641301,2330.4317185284867
1772937132.641312,1651.0626959195415
1772937132.6413836,-662.209998255171
1772937132.6413925,-1411.0459347191747
1772937132.641401,511.74443058454744
1772937132.6414092,2505.6916195225494
1772937132.6414187,1779.5215907630547
1772937132.6414273,-742.4189805923161
1772937132.641436,-1575.9899606115293
1772937132.6414452,532.0790665485943
1772937132.6414535,2747.5967718232014
1772937132.641462,1954.1561263459525
1772937132.64147,-870.1224243751826
1772937132.6414783,-1827.5113519125032
1772937132.641487,550.4645809610167
1772937132.6414955,3092.499341703776
1772937132.641526,2203.1036593433946
1772937132.6415353,-1069.2288766752076
1772937132.641544,-2215.9455484080268
1772937132.6415527,564.919939573182
1772937132.6415615,3606.5738681059947
1772937132.6415703,2575.5061131353045
1772937132.6415787,-1396.7748934822987
1772937132.6415875,-2854.579372739279
1772937132.641596,566.7584079041842
1772937132.6416051,4439.673734624136
1772937132.6416144,3195.7346524168174
1772937132.6416233,-1973.5298413973842
1772937132.6416326,-4015.5931745541625
1772937132.6416416,530.5912687997196
1772937132.641651,5992.753458910853
1772937132.6416595,4421.501748563494
1772937132.641668,-3168.905353546525
1772937132.641709,-6616.761919495609
1772937132.6417181,323.84572893615353
1772937132.6417267,9856.06068384677
1772937132.6417356,7976.089944649253
1772937132.641744,-6726.341302406734
1772937132.6417525,-16594.702785874466
1772937132.6417613,-2144.3850492153833
1772937132.64177,34108.80754809073
1772937132.6417785,65223.62299850442
1772937133.1245823,2926.6346915033528
1772937133.124622,2367.3754103653787
1772937133.124648,200.17098341094936
1772937133.1246746,-481.54100863704923
1772937133.1247013,1497.4416038998888
1772937133.1247284,3453.2066464156574
1772937133.1247551,2457.2522238075226
1772937133.1247816,-312.94312994302203
1772937133.124808,-885.8018070794291
1772937133.12484,1873.435585202172
1772937133.1248665,4222.956811437424
1772937133.124893,2559.755379605457
1772937133.124902,-1139.6327051352107
1772937133.12491,-1534.4999535675718
1772937133.1249175,2497.1312830295556
1772937133.1249256,5514.144020171745
1772937133.1249332,2704.821247963734
1772937133.1249409,-2680.8975773635243
1772937133.1249487,-2791.8706382937557
1772937133.1249566,3728.088607899472
1772937133.124964,8239.819818126696
1772937133.1249723,3031.391419398027
1772937133.1249804,-6516.22469477038
1772937133.1249888,-6382.849500277909
1772937133.124997,7290.886439291161
1772937133.1250043,18329.01991704522
1772937133.1250124,5676.705515985692
1772937133.1250205,-30643.335024896616
1772937133.125029,-63717.847059215565
1772937133.1250372,-64530.6682158435
1772937133.1250448,-31926.239638686326
1772937133.1250525,5760.476314362915
1772937133.12506,19705.514786271382
1772937133.125068,8076.927178136282
1772937133.1250756,-7224.8484285273125
1772937133.1250832,-7712.175601505884
1772937133.1250908,3273.2628519505247
1772937133.1250985,9699.623256825771
1772937133.125106,4478.46864999704
1772937133.1251135,-3668.73945656043
1772937133.125121,-3792.349223201519
1772937133.1251287,3103.6494526277606
1772937133.1251364,7055.586091671616
1772937133.125144,3210.3712072424237
1772937133.1251519,-2444.9844531126973
1772937133.1251593,-2162.13026905758
1772937133.125167,3119.552573177878
1772937133.1251743,5845.492547486002
1772937133.125182,2545.4003238836667
1772937133.12519,-1831.7946637725033
1772937133.1251976,-1242.4656394537515
1772937133.1252055,3184.2329449917042
1772937133.1252131,5158.279667748812
1772937133.1252205,2123.572314293446
1772937133.1252282,-1467.2407651547976
1772937133.1252358,-634.7672271313548
1772937133.1252432,3265.705248635099
1772937133.1252508,4713.0903761380505
1772937133.125258,1815.4444497878228
1772937133.1252654,-1232.3407583461353
1772937133.1252728,-188.37512520196242
1772937133.12528,3361.9957452913095
1772937133.1252875,4405.818333847585
1772937133.1252952,1572.0889630581767
1772937133.1253028,-1072.5197696128644
1772937133.1253107,164.96158235792768
1772937133.1253183,3468.8330351776017
1772937133.125326,4179.580899269043
1772937133.1253335,1362.177265692845
1772937133.125341,-962.7635595863017
1772937133.1253529,464.8787183536675
1772937133.1253655,3592.522873202771
1772937133.1253774,4011.341885638975
1772937133.1253886,1172.0564016066003
1772937133.1253965,-889.1739657148195
1772937133.1254036,731.6516159176142
1772937133.1254156,3732.203704561873
1772937133.1254277,3880.2432800173606
1772937133.1254401,985.1844795854948
1772937133.125448,-848.7598853038326
1772937133.1254568,977.7112338356385
1772937133.1254692,3890.519532140026
1772937133.1254816,3775.1405790426506
1772937133.1254933,790.7710332641025
1772937133.1255047,-838.5858504811367
1772937133.125517,1216.1141598823087
1772937133.1255257,4075.0371223711586
1772937133.125533,3689.4023960556456
1772937133.1255405,576.573900824358
1772937133.1255488,-860.715523186338
1772937133.1255565,1458.964159831285
1772937133.1255639,4298.722459405242
1772937133.1255713,3621.9605903248944
1772937133.1255789,330.06120916763945
1772937133.1255865,-921.0746270107907
1772937133.1255937,1717.2538895029732
1772937133.1256013,4576.1207099202675
1772937133.1256087,3569.1540611042965
1772937133.1256163,30.097113698304398
1772937133.125624,-1030.371287241821
1772937133.1256313,2010.8248139451719
1772937133.1256387,4937.3064847993855
1772937133.1256464,3529.686812371605
1772937133.1256535,-362.64672649661475
1772937133.1256611,-1218.6926251138327
1772937133.1256683,2363.1677159828546
1772937133.125676,5433.142172352541
1772937133.1256833,3506.339638783388
1772937133.1256907,-915.1389286957494
1772937133.1256983,-1540.2921559964511
1772937133.1257057,2822.692350554782
1772937133.1257133,6171.943552365562
1772937133.1257207,3513.556395567864
1772937133.1257281,-1765.2107348827167
1772937133.1257355,-2116.3645107302405
1772937133.125743,3500.243446330093
1772937133.1257503,7429.0598904283115
1772937133.1257582,3626.630429488579
1772937133.1257656,-3252.2457169698932
1772937133.1257732,-3407.759407074219
1772937133.6039982,610.407641804662
1772937133.604048,2431.964980207399
1772937133.6040728,2694.934510311831
1772937133.6040957,1045.5273581208778
1772937133.6041155,-191.74398917349416
1772937133.6041355,721.3161454273176
1772937133.6041553,2505.5760323562804
1772937133.6041749,2666.050843495522
1772937133.6041846,989.8334784173275
1772937133.6041942,-161.80914369064703
1772937133.6042037,832.3263910211539
1772937133.6042128,2582.8011606862133
1772937133.6042218,2641.290162608984
1772937133.6042309,933.7041898581867
1772937133.6042404,-137.7926542795098
1772937133.6042597,935.9782680766359
1772937133.6042683,2655.1824355481363
1772937133.6042776,2614.4165252353573
1772937133.6042867,876.7687072779871
1772937133.6042953,-112.80879946909845
1772937133.6043038,1043.8453485221635
1772937133.6043124,2733.7609908711497
1772937133.6043212,2591.5420168434075
1772937133.6043303,819.2110389548819
1772937133.604339,-90.55295132279635
1772937133.6043477,1151.1956344892142
1772937133.6043568,2814.762400856261
1772937133.6043649,2570.9778888912174
1772937133.604374,762.087615419504
1772937133.6043825,-67.48568962443824
1772937133.6043909,1262.1837942136995
1772937133.6043992,2900.1379962981364
1772937133.6044073,2550.7382286000466
1772937133.604416,700.2505633446291
1772937133.6044245,-49.466520460557895
1772937133.6044328,1372.1758802182887
1772937133.6044412,2986.8178811363127
1772937133.6044493,2529.014317446267
1772937133.604458,633.4977041848239
1772937133.6044664,-34.460492626315364
1772937133.6044745,1484.8542671275404
1772937133.6044831,3078.043770116788
1772937133.6044917,2506.866275869198
1772937133.6045,561.1837579632995
1772937133.604508,-22.72558628852079
1772937133.6045165,1601.5374229863428
1772937133.6045246,3175.6984717778364
1772937133.6045327,2485.1193391484812
1772937133.6045437,483.17524491758167
1772937133.6045566,-13.680730229461231
1772937133.6045704,1724.2586015125364
1772937133.604581,3281.6743343054677
1772937133.6045892,2463.471774892328
1772937133.6045976,397.24568442162683
1772937133.6046057,-9.083660130011966
1772937133.6046147,1853.0671199974965
1772937133.604623,3396.2198879977673
1772937133.6046312,2440.043214771081
1772937133.6046395,299.84552879182087
1772937133.6046479,-11.115701698180812
1772937133.6046562,1988.6926670630658
1772937133.6046643,3520.6000968977796
1772937133.6046724,2413.3967931053194
1772937133.6046808,187.59039795635292
1772937133.604689,-20.59251940359804
1772937133.6046972,2135.353758193356
1772937133.6047056,3660.615268788774
1772937133.604714,2385.444367421281
1772937133.604722,58.17962622558512
1772937133.6047304,-38.52560367945954
1772937133.6047387,2297.153333100995
1772937133.6047468,3821.75823621734
1772937133.604756,2356.199794830325
1772937133.60477,-94.33467863171967
1772937133.6047828,-69.52957765434729
1772937133.6047964,2476.0414015455945
1772937133.604805,4007.6962333256256
1772937133.6048133,2322.2576232791234
1772937133.6048217,-279.7365693401024
1772937133.6048298,-117.96837842226773
1772937133.604838,2680.8091271327557
1772937133.6048462,4231.346572781142
1772937133.6048548,2284.1286773203256
1772937133.6048632,-511.9057631786873
1772937133.6048713,-194.51794461440562
1772937133.6048791,2918.7569481707615
1772937133.6048875,4508.153726968323
1772937133.6048958,2242.144259212104
1772937133.604904,-808.7413167311761
1772937133.6049123,-308.68387871255675
1772937133.6049204,3210.7443126994285
1772937133.6049287,4870.601880886932
1772937133.604937,2198.2309777578635
1772937133.6049452,-1206.6396918258538
1772937133.6049535,-488.02133459218476
1772937133.6049628,3582.071135370953
1772937133.6049712,5368.9434001266045
1772937133.6049795,2151.250961649793
1772937133.6049879,-1777.019558700093
1772937133.6049964,-787.4578829670459
1772937133.6050045,4083.721412493233
1772937133.605013,6110.305166512638
1772937133.6050212,2105.903758044374
1772937133.6050296,-2668.33064395081
1772937133.6050377,-1324.3990801655614
1772937133.605046,4844.996301382016
1772937133.6050541,7372.772363762121
1772937133.6050625,2090.0896208505383
1772937133.6050708,-4281.640019356061
1772937133.6050792,-2460.360077270766
1772937133.6050875,6227.669580811298
1772937133.6050956,10069.056336608037
1772937133.605104,2242.124364797855
1772937133.6051123,-8196.444651070204
1772937133.6051207,-5925.037465762488
1772937133.6051288,9945.41163239036
1772937133.605137,20129.526703217456
1772937133.6051457,4735.267266701945
1772937133.605154,-32379.920964566347
1772937133.605162,-63274.14466124065
1772937134.080567,-4084.5826807003486
1772937134.0806103,-2425.2198098663894
1772937134.080642,1266.9248943696039
1772937134.0806737,1676.8638404412404
1772937134.0807009,-2320.0210538065835
1772937134.0807276,-5315.496213463263
1772937134.0807548,-2517.9732681516684
1772937134.0807817,2848.5172740671987
1772937134.0808089,2976.4520226586023
1772937134.0808356,-3490.8924891815773
1772937134.0808632,-7970.042012739587
1772937134.080881,-2790.491847945096
1772937134.0808926,6707.77382465639
1772937134.0809224,6593.34389569941
1772937134.0809336,-6974.772649675547
1772937134.080944,-17931.457422108422
1772937134.0809548,-5362.275322932512
1772937134.0809655,30710.41527441193
1772937134.080976,63557.12487744766
1772937134.0809867,64367.062215489495
1772937134.0809972,32003.181864111408
1772937134.081008,-5393.865477118878
1772937134.0810187,-19214.307810491107
1772937134.0810292,-7655.786886951834
1772937134.08104,7534.694270584468
1772937134.0810504,8017.359386822239
1772937134.0810611,-2875.6116367021295
1772937134.0810716,-9233.242613745084
1772937134.0810823,-4036.3134671484895
1772937134.081093,4050.7638765509987
1772937134.0811045,4172.371351516737
1772937134.0811148,-2659.1356274199393
1772937134.0811267,-6557.541388658308
1772937134.0811393,-2724.3609962556875
1772937134.0811498,2889.715526904623
1772937134.081159,2607.590117298799
1772937134.0811684,-2621.6998719287717
1772937134.0811777,-5303.279183523555
1772937134.081187,-2011.410463380017
1772937134.0811963,2334.147119896061
1772937134.0812056,1749.0274980778283
1772937134.0812151,-2629.9082686438555
1772937134.081225,-4564.582412008258
1772937134.0812345,-1537.6315188325927
1772937134.0812435,2024.6859375141905
1772937134.081253,1196.1056751252208
1772937134.0812624,-2661.4311694446415
1772937134.0812716,-4073.970240091946
1772937134.081281,-1184.1100092318613
1772937134.0812902,1838.4920566722024
1772937134.0812995,800.8481660134404
1772937134.081309,-2707.034824358875
1772937134.0813184,-3717.510298206949
1772937134.0813277,-891.6222199283042
1772937134.081337,1729.1958997394106
1772937134.0813465,498.9371634519049
1772937134.0813556,-2763.096646732016
1772937134.0813649,-3441.5881612176486
1772937134.0813744,-631.7959301191727
1772937134.0813837,1671.196499056438
1772937134.081393,252.82546591273044
1772937134.0814023,-2832.1860553242796
1772937134.081412,-3219.218218770045
1772937134.0814211,-388.0313428579937
1772937134.0814307,1651.7298388450406
1772937134.08144,41.16715021797642
1772937134.0814495,-2916.6984162012436
1772937134.0814595,-3034.6100478244034
1772937134.0814688,-150.0076182861738
1772937134.0814784,1661.3612817022465
1772937134.0814877,-153.92245918394534
1772937134.0814972,-3022.447089116637
1772937134.0815065,-2876.6318251619723
1772937134.0815158,96.10253259736439
1772937134.081525,1701.9714648349895
1772937134.0815344,-340.9348084104392
1772937134.081544,-3154.639567963581
1772937134.0815532,-2739.466872417062
1772937134.0815625,359.17957310499065
1772937134.0815718,1771.8812792736935
1772937134.081581,-533.3281257523843
1772937134.081591,-3323.380651347107
1772937134.0816,-2615.3470977767565
1772937134.0816092,659.714822271094
1772937134.0816188,1882.86709870809
1772937134.081628,-740.670442006401
1772937134.0816371,-3546.4894385420707
1772937134.0816467,-2507.058636022037
1772937134.081656,1011.7003890777992
1772937134.0816653,2040.4544627667585
1772937134.0816748,-983.9607097655177
1772937134.081684,-3850.759877955851
1772937134.0816934,-2407.553742132788
1772937134.0817027,1459.1858610379861
1772937134.081712,2275.867233435695
1772937134.0817215,-1288.7759358506403
1772937134.0817308,-4290.066072600693
1772937134.0817401,-2322.6038083559097
1772937134.0817506,2064.242877212291
1772937134.0817628,2634.962639891448
1772937134.0817752,-1711.7939852594868
1772937134.0817833,-4972.780219319515
1772937134.0817912,-2254.947192798385
1772937134.0817988,2978.9003199175977
1772937134.0818071,3239.834560686529
1772937134.0818148,-2376.833763232968
1772937134.0818229,-6172.541003086265
1772937134.0818305,-2232.183521693304
1772937134.0818388,4598.974677268507
1772937134.0818465,4444.823817127295
1772937134.081854,-3646.914686908824
1772937134.0818615,-8792.970654711271
1772937134.0818696,-2381.7153795212616
1772937134.0818772,8498.13453063424
1772937134.081885,7952.902199990202
1772937134.0818925,-7246.473799592421
1772937134.0819004,-18703.15384873848
1772937134.081908,-4772.082014589174
1772937134.0819159,32546.046006521723
1772937134.0819235,64546.399070616135
1772937134.5586066,809.7497838480242
1772937134.5586517,-1828.272994170181
1772937134.558678,-1903.338733899112
1772937134.5587044,769.0152415180446
1772937134.5587316,2484.8529974285634
1772937134.5587604,786.5458920094237
1772937134.5587883,-2016.0020506248013
1772937134.5588152,-1969.572963671286
1772937134.5588417,967.5436770490359
1772937134.5588684,2729.5542858161793
1772937134.5588953,769.0309400596233
1772937134.558922,-2263.1038409917833
1772937134.5589304,-2079.3333660181684
1772937134.5589385,1209.5432275057258
1772937134.5589464,3056.7238563000205
1772937134.5589547,755.63758076338
1772937134.5589628,-2607.014121460655
1772937134.5589707,-2261.0188679747553
1772937134.5589788,1518.5019409913748
1772937134.558987,3515.169480345711
1772937134.558995,745.9753906578645
1772937134.5590029,-3116.2343351170757
1772937134.5590105,-2565.712042672657
1772937134.5590208,1950.1235678372043
1772937134.5590286,4218.954142116432
1772937134.5590365,753.7246952159214
1772937134.5590448,-3931.895608045876
1772937134.5590527,-3109.830652546867
1772937134.5590603,2627.820424566525
1772937134.5590682,5438.492315936378
1772937134.559076,803.2716653462962
1772937134.5590837,-5454.268746996129
1772937134.559092,-4256.420245335294
1772937134.5590997,3903.370337736121
1772937134.5591075,8072.167267239478
1772937134.5591152,1029.8897865310696
1772937134.5591233,-9242.250276293005
1772937134.559131,-7704.997638118903
1772937134.5591385,7485.372189122137
1772937134.5591464,17979.45079826626
1772937134.559154,3542.700164040569
1772937134.5591617,-33083.14190728891
1772937134.5591693,-64256.678183208096
1772937134.5591772,-63419.129507420956
1772937134.5591848,-31745.175391831926
1772937134.5591924,3512.344055139227
1772937134.5592003,16652.45605656737
1772937134.559208,6775.671912248906
1772937134.559216,-6736.7436678054555
1772937134.5592237,-7885.747802109976
1772937134.559231,948.7485862846074
1772937134.5592387,6765.971318133913
1772937134.5592463,3329.3096324478342
1772937134.559254,-3152.8358595196
1772937134.5592616,-4077.56259839482
1772937134.5592694,671.6759681086037
1772937134.559277,4153.646603837885
1772937134.5592844,2189.8050707706475
1772937134.5592928,-1872.392465023291
1772937134.5593004,-2538.3108365667504
1772937134.5593083,569.9382038980661
1772937134.559316,2958.9504677190293
1772937134.5593238,1655.7602124592286
1772937134.5593317,-1188.5426782635739
1772937134.5593393,-1705.9959115582767
1772937134.5593472,505.7803820115454
1772937134.5593548,2277.3011033272956
1772937134.5593626,1367.8393082440673
1772937134.5593705,-746.1887688945662
1772937134.559378,-1188.1887901948649
1772937134.5593855,448.78915654772476
1772937134.5593934,1836.5366676833814
1772937134.5594013,1206.146311931341
1772937134.559409,-421.5826593637385
1772937134.5594163,-834.8335677574798
1772937134.559424,394.70132187306814
1772937134.5594318,1531.9554173856295
1772937134.5594394,1122.3624439058574
1772937134.5594473,-161.31256765222213
1772937134.559455,-581.3617393622005
1772937134.5594623,336.43080889136786
1772937134.55947,1308.0879401590182
1772937134.5594776,1088.7337997541174
1772937134.5594852,58.960966873467086
1772937134.559493,-396.1827885397503
1772937134.5595126,269.92909950304545
1772937134.5595202,1137.4049072208445
1772937134.559528,1094.6192668452532
1772937134.5595355,256.97694811517397
1772937134.5595431,-260.27132151072425
1772937134.5595508,191.09257157893933
1772937134.5595584,1001.7948888779092
1772937134.559566,1133.472132976146
1772937134.5595741,444.57842448992704
1772937134.559582,-160.54249570661784
1772937134.5595896,99.58713684477156
1772937134.5595975,893.739834649052
1772937134.5596051,1204.97653554037
1772937134.5596128,629.1591278937057
1772937134.5596204,-94.77494473431771
1772937134.559628,-13.611353802503553
1772937134.5596356,803.1489806361012
1772937134.5596435,1309.686678458569
1772937134.559651,818.2110549352607
1772937134.5596585,-61.94609000788257
1772937134.559666,-156.8005577930467
1772937134.5596735,725.1587789328922
1772937134.5596817,1455.9030373211988
1772937134.5596895,1024.004466433638
1772937134.5596972,-62.399649080845414
1772937134.5597053,-341.9170675581306
1772937134.5597126,656.8617784394363
1772937134.5597205,1661.2195294254145
1772937134.5597284,1264.853869985607
1772937134.559736,-107.39527011344548
1772937134.559744,-604.8124843817067
1772937134.559752,589.1209183832459
1772937134.5597596,1984.2015305633372
1772937134.5597708,1612.2157457586031
1772937134.559787,-298.45376867663896
1772937134.5597997,-1472.117603376764
1772937135.03779,1376.279007151048
1772937135.0378447,-617.590469193963
1772937135.0378797,-1680.995938250257
1772937135.03791,-324.6910394875252
1772937135.037949,1541.912563278176
1772937135.0379815,1308.2542979335342
1772937135.03801,-677.221009975318
1772937135.0380385,-1613.984086005559
1772937135.0380669,-187.2377397566043
1772937135.0380957,1598.035150853727
1772937135.0381143,1244.0023518623664
1772937135.0381231,-736.3427215082033
1772937135.0381317,-1551.4139494290241
1772937135.0381403,-54.64306027186243
1772937135.0381496,1653.1806812977497
1772937135.038158,1181.2728635539029
1772937135.0381665,-795.691745062518
1772937135.038175,-1491.6527281586411
1772937135.0381842,75.88128981554648
1772937135.0381951,1709.3153389477181
1772937135.038204,1120.8057864623304
1772937135.0382128,-854.2694106267151
1772937135.0382216,-1432.1670197179849
1772937135.03823,207.70219133941154
1772937135.0382385,1768.7440436360368
1772937135.038247,1062.9241908633696
1772937135.0382557,-913.0106746378425
1772937135.0382757,-1374.3532092117505
1772937135.0382845,338.3516034529828
1772937135.0382931,1826.72509187881
1772937135.0383017,1000.9971945489015
1772937135.03831,-977.8123466710123
1772937135.0383189,-1320.4466175558155
1772937135.0383272,470.12317104626703
1772937135.0383356,1888.673553727054
1772937135.038344,941.5827551165123
1772937135.0383527,-1042.3453773767565
1772937135.0383613,-1265.6381327666893
1772937135.0383697,604.4933089377785
1772937135.0383778,1951.5876566453637
1772937135.038386,878.7183776727549
1772937135.0383945,-1111.4867242308262
1772937135.0384033,-1210.2508404804883
1772937135.0384116,745.5015614321874
1772937135.03842,2020.458226212184
1772937135.0384283,815.2324539006923
1772937135.0384371,-1184.8397965397276
1772937135.0384457,-1154.8408246898407
1772937135.0384538,892.1207502432501
1772937135.038465,2092.749656652361
1772937135.0384784,746.7494677453905
1772937135.0384922,-1266.7483409659988
1772937135.038504,-1101.4034156304447
1772937135.0385125,1044.657349946685
1772937135.0385213,2168.8931881306453
1772937135.0385299,672.8752656799209
1772937135.0385382,-1356.2630638304079
1772937135.0385466,-1045.0813259554013
1772937135.038555,1210.618972681102
1772937135.0385635,2254.065691800844
1772937135.0385716,592.7792832454909
1772937135.038605,-1458.7035215429094
1772937135.038613,-991.2328307072571
1772937135.0386214,1386.5781016958724
1772937135.03863,2345.032643608566
1772937135.0386384,502.4997964141292
1772937135.0386493,-1575.4574500016831
1772937135.0386624,-934.7877187897445
1772937135.0386765,1582.002863956002
1772937135.038685,2447.8658394808667
1772937135.0386937,399.7031629377287
1772937135.0387015,-1713.0169525371566
1772937135.03871,-877.789492420271
1772937135.0387185,1801.275992812738
1772937135.0387268,2566.0994080028045
1772937135.038735,280.6052006052379
1772937135.0387433,-1878.6187136562373
1772937135.0387516,-821.5808804257955
1772937135.03876,2050.0769540151578
1772937135.038768,2702.23869935162
1772937135.0387762,137.06103988568393
1772937135.0387845,-2082.8738170757756
1772937135.0387928,-763.6469316227799
1772937135.0388012,2345.513444500536
1772937135.0388093,2870.000290131672
1772937135.0388174,-35.91963642944069
1772937135.038826,-2339.955069312888
1772937135.0388348,-703.6011367048221
1772937135.0388432,2706.6942839124863
1772937135.0388525,3081.1738382521125
1772937135.0388608,-256.4417549851746
1772937135.0388691,-2680.4972834466844
1772937135.0388777,-643.500030636575
1772937135.0388865,3167.724242864366
1772937135.038895,3359.3061214536992
1772937135.0389032,-554.8877512776688
1772937135.0389116,-3160.0513285342913
1772937135.0389216,-586.5158329694656
1772937135.0389352,3797.8078975469566
1772937135.0389488,3759.319293229413
1772937135.038962,-981.2997360136588
1772937135.0389705,-3885.6433083635593
1772937135.0389788,-538.752507665586
1772937135.038987,4744.095687570953
1772937135.0389955,4400.630552363564
1772937135.0390036,-1657.7155332587533
1772937135.039012,-5125.480327207834
1772937135.0390203,-522.7799765966361
1772937135.0390291,6402.756936229444
1772937135.0390377,5633.425845482795
1772937135.0390463,-2950.8374124566126
1772937135.0390544,-7783.365823955692
1772937135.0390632,-667.5958446878192
1772937135.039071,10338.110888498772
1772937135.0390797,9151.6053609284
1772937135.0390878,-6570.508179818359
1772937135.039096,-17684.78972335729
1772937135.039104,-3028.883921746389
1772937135.0391123,34276.46160809828
1772937135.039121,65334.91273503116
1772937135.5185935,25.002995330880264
1772937135.518634,33.071606407502316
1772937135.5186572,44.981364257011826
1772937135.518679,51.51399637775621
1772937135.5187056,50.700610884176754
1772937135.5187235,50.65628962399211
1772937135.518741,58.33927586544966
1772937135.5187616,69.92338026541093
1772937135.5187817,76.25332574564693
1772937135.5187907,75.73067400583363
1772937135.5187995,76.55226122602544
1772937135.5188084,85.15353566890506
1772937135.5188167,97.08717136942438
1772937135.5188255,103.18311767917879
1772937135.5188344,102.38555573101543
1772937135.5188427,103.2446458971262
1772937135.518852,111.93533114852279
1772937135.5188603,123.61208521599966
1772937135.5188692,129.25775015059898
1772937135.5188775,128.40603047921383
1772937135.5188856,129.81213991547753
1772937135.5188942,139.07998385191954
1772937135.518903,150.67703051068565
1772937135.518912,155.68168618365786
1772937135.5189207,154.4268406933954
1772937135.5189333,156.14779737741793
1772937135.5189471,165.95176611761394
1772937135.5189612,177.4230584147124
1772937135.5189695,181.48263829892727
1772937135.5189784,179.25786652728618
1772937135.5189872,180.80395073430654
1772937135.5189955,191.18034591832674
1772937135.519004,203.26027345710952
1772937135.5190132,207.49898232772895
1772937135.5190227,205.2040257166294
1772937135.519031,206.7641476403454
1772937135.5190394,217.18021083531747
1772937135.519048,229.04950206483866
1772937135.519056,232.8570098287381
1772937135.5190644,230.24491208172176
1772937135.5190728,231.70597235408482
1772937135.519081,241.9313563327145
1772937135.51909,253.36863166493467
1772937135.5190983,257.0189782978042
1772937135.5191069,255.2153042552873
1772937135.5191152,258.2796642667647
1772937135.5191236,269.731485063281
1772937135.519132,281.0569937269634
1772937135.5191402,283.6771133602758
1772937135.5191488,281.28981936773823
1772937135.5191567,284.89198670304484
1772937135.5191653,297.1869991742806
1772937135.5191736,308.44804722367496
1772937135.519182,310.0833914852388
1772937135.51919,306.981759668889
1772937135.5191984,310.92021677445194
1772937135.5192068,323.8917411356705
1772937135.5192149,334.91032526803724
1772937135.5192232,335.3258491258788
1772937135.5192316,331.36893526324684
1772937135.51924,335.86845752234245
1772937135.5192482,350.1986353581616
1772937135.5192564,361.8484176237101
1772937135.5192647,361.6426418966234
1772937135.519273,356.8195903469175
1772937135.5192814,361.2639063575617
1772937135.5192895,376.03774987663155
1772937135.519298,387.54497535582016
1772937135.5193064,386.46647984196454
1772937135.519315,381.1805161300189
1772937135.519323,386.3914105577689
1772937135.5193317,402.35171919464295
1772937135.51934,413.9789339354682
1772937135.5193481,411.8303315484634
1772937135.5193565,405.80899423469964
1772937135.5193648,411.7829633947908
1772937135.5193732,429.19764040886065
1772937135.5193815,441.277450901813
1772937135.5193899,438.36017589440456
1772937135.519398,431.89235391521686
1772937135.5194063,438.7063895862795
1772937135.5194144,456.94275850648745
1772937135.5194228,467.8897922500744
1772937135.519431,462.3214507045909
1772937135.5194397,454.55765132250275
1772937135.519448,463.22597860495233
1772937135.5194564,484.55282902072724
1772937135.5194645,496.2907890705647
1772937135.519473,488.5315272574465
1772937135.5194812,478.7178580339837
1772937135.5194895,488.2726942078065
1772937135.519498,512.0656997971846
1772937135.5195065,524.2067384700738
1772937135.519515,514.1517945448419
1772937135.5195231,503.0212344109359
1772937135.5195312,515.1445646266095
1772937135.519544,542.7653966758581
1772937135.5195572,554.6055285177273
1772937135.51957,539.4499773194723
1772937135.5195787,524.3821899255547
1772937135.5195868,538.8517216772839
1772937135.5195951,571.8416468429471
1772937135.5196035,583.9336234284395
1772937135.5196116,562.2959348783705
1772937135.5196207,542.7629865267206
1772937135.5196288,562.7780271172552
1772937135.519637,605.8090098357687
1772937135.5196457,618.0245939137764
1772937135.519654,582.9954442543412
1772937135.5196624,552.9454853109402
1772937135.5196705,583.0273777284801
1772937135.519679,648.4414913947865
1772937135.5196872,663.8516457290762
1772937135.5196986,598.4493219205964
1772937135.5197115,539.4956606843394
1772937135.5197256,597.4088976662186
1772937135.519734,742.6778727890417
1772937135.5197425,778.5350539463001
1772937135.5197508,519.3888865090372
1772937135.5197592,0.4136306358618094
1772937135.6620207,485.4868182581312
1772937135.66207,497.4188278880754
1772937135.6620824,489.8567232295979
1772937135.6620922,479.7101615001265
1772937135.6621013,488.50914469049695
1772937135.662111,511.7590769841451
1772937135.6621428,523.9288408361706
1772937135.662156,514.1077624760363
1772937135.6621685,502.8100934815409
1772937135.6621878,514.3069646214999
1772937135.6622,541.4095436043472
1772937135.6622107,553.3252940751563
1772937135.6622236,538.679326800454
1772937135.6622348,524.0329271584018
1772937135.6622531,538.651536655255
1772937135.662262,571.8330337289465
1772937135.66227,584.4040881834381
1772937135.662278,563.2349803298309
1772937135.6622863,543.6529989156752
1772937135.662294,563.1288431148755
1772937135.662302,605.827946557161
1772937135.6623096,618.5308827224464
1772937135.6623185,584.5728381907272
1772937135.6623435,555.2847914049837
1772937135.6623557,585.2178504604065
1772937135.662367,649.8553196899506
1772937135.6623795,664.6151728387953
1772937135.6623924,599.0742759518486
1772937135.6624014,540.2586718294729
1772937135.6624093,598.2433236868366
1772937135.6624243,743.5614998500897
1772937135.662433,779.7200871880838
1772937135.6624408,521.1304189530593
1772937136.1365983,27.64918908019319
1772937136.1366336,32.49557088920051
1772937136.1366603,42.25520344157911
1772937136.136687,53.236449195107795
1772937136.13671,58.02592663006246
1772937136.1367328,56.48578397733833
1772937136.1367557,56.9862512906752
1772937136.1367784,65.38941043576223
1772937136.1368012,76.92832263350469
1772937136.136829,82.64532112521673
1772937136.136856,81.80870636798839
1772937136.1368692,83.05050557471095
1772937136.1368823,92.42657925193268
1772937136.1368911,104.89188547721331
1772937136.1368988,111.13237301903551
1772937136.1369066,110.3691161506222
1772937136.1369143,111.3491863970393
1772937136.136922,120.13528801156694
1772937136.1369317,131.71469637043165
1772937136.1369398,137.11205277376246
1772937136.136948,135.99751739218615
1772937136.136956,137.09201672362875
1772937136.1369636,145.8192121532869
1772937136.1369715,156.6204347951226
1772937136.136979,160.84029686393905
1772937136.1369867,159.13270265983422
1772937136.1369948,160.80673547286938
1772937136.1370025,170.8072823227218
1772937136.13701,182.5596217242065
1772937136.1370175,186.9173138196725
1772937136.1370254,184.88910298095178
1772937136.1370332,186.32122974311915
1772937136.137041,196.23182469893038
1772937136.1370487,207.83660667211257
1772937136.1370564,212.05623691318942
1772937136.1370645,210.22970110896154
1772937136.137072,212.20374907565235
1772937136.1370797,222.46115345615908
1772937136.1370873,233.8012358476488
1772937136.1370947,237.51643530939145
1772937136.1371024,235.74068677351428
1772937136.13711,238.47077250385354
1772937136.1371176,249.36379367110663
1772937136.1371255,260.42433878545637
1772937136.137133,263.297582404151
1772937136.1371408,261.2960019690505
1772937136.1371484,264.9245516142602
1772937136.137156,276.91168144814174
1772937136.1371639,287.95939746793806
1772937136.1371715,289.67696097469576
1772937136.1371791,286.7354636625728
1772937136.1371868,290.78629034196496
1772937136.1371946,304.14050892280034
1772937136.137202,316.08116604475276
1772937136.13721,317.4823684788583
1772937136.1372173,313.6226168036205
1772937136.137225,317.0549794895859
1772937136.1372328,330.1113214846246
1772937136.137241,341.5057262224624
1772937136.1372483,342.1446975526632
1772937136.137256,338.180715352234
1772937136.137264,342.70844519835657
1772937136.1372716,357.31815604130725
1772937136.1372793,369.41708517646975
1772937136.1372871,369.5680675023211
1772937136.1372948,364.8182978224205
1772937136.1373024,369.03024909659536
1772937136.13731,383.34823978227473
1772937136.1373177,394.29688035642425
1772937136.137325,392.7051409011788
1772937136.137333,387.0889024693123
1772937136.1373403,392.1905056258472
1772937136.137348,408.1653673660457
1772937136.1373556,419.791105976501
1772937136.1373632,417.5701102529123
1772937136.1373708,411.4478369396549
1772937136.1373787,417.32515711105714
1772937136.1373863,434.59570156688386
1772937136.137394,446.4074166581704
1772937136.1374016,443.11572692821034
1772937136.1374094,436.31022842778776
1772937136.137417,443.0023152331732
1772937136.1374247,461.4315047586905
1772937136.1374345,472.8479233199371
1772937136.1374466,467.8555403543313
1772937136.1374588,460.53142714747156
1772937136.1374707,469.31982000298837
1772937136.1374788,490.48860603716935
1772937136.1374867,502.0909702102466
1772937136.1374943,494.5487817371547
1772937136.137502,485.3099442994625
1772937136.13751,495.36900006831263
1772937136.1375177,519.0793537351936
1772937136.137525,530.4653921108226
1772937136.1375327,519.4677062225974
1772937136.1375403,507.8105975851826
1772937136.137548,519.9469817205514
1772937136.1375558,547.6729110079137
1772937136.1375637,559.2362382586684
1772937136.137571,543.5010448831537
1772937136.1375787,528.1219948333013
1772937136.1375864,542.9477889341247
1772937136.1375945,576.6684616880995
1772937136.1376023,589.1279515163159
1772937136.13761,567.0956826977945
1772937136.1376176,546.8076005752632
1772937136.1376276,566.519818088329
1772937136.13764,610.0876847756795
1772937136.137653,623.248617120375
1772937136.1376617,588.7678621266552
1772937136.1376696,558.460647529905
1772937136.1376772,587.761500616066
1772937136.1376848,652.4591554250645
1772937136.1376956,667.5904129561118
1772937136.1377084,602.3987275169832
1772937136.1377196,544.0948793220101
1772937136.137728,602.9761991102392
1772937136.137736,749.0479381931465
1772937136.1377444,784.5998985445832
1772937136.1377528,523.2282826857363
1772937136.6159823,25.489629335106933
1772937136.6160352,26.03734045191946
1772937136.6160665,33.89331581510097
1772937136.616098,45.13346769569741
1772937136.6161308,50.73465235277101
1772937136.6161582,49.433186216913775
1772937136.616185,49.86003898382318
1772937136.6162121,58.683618657321176
1772937136.6162393,71.22016630213243
1772937136.6162667,77.76512073735887
1772937136.6162803,76.9913399844171
1772937136.6162927,77.74851822598733
1772937136.6163046,86.6675965811696
1772937136.6163163,98.82267184012616
1772937136.6163282,104.53998639977
1772937136.6163397,102.92701669668547
1772937136.6163514,103.23447799293048
1772937136.6163628,112.07558032180104
1772937136.6163747,124.27801928785824
1772937136.6163867,130.12021736838955
1772937136.6163986,128.85040627623988
1772937136.6164105,129.62266418993093
1772937136.6164224,138.59341494480148
1772937136.6164336,150.29173326480205
1772937136.616445,155.3723565622967
1772937136.6164567,153.85702831136743
1772937136.6164677,155.21806930243795
1772937136.6164796,165.10147820792812
1772937136.6164913,177.30586467944758
1772937136.6165035,182.35783334557456
1772937136.6165164,180.74162029749837
1772937136.6165287,182.2143921760107
1772937136.6165416,192.096667181358
1772937136.6165502,203.75248092971114
1772937136.6165583,207.86919836682523
1772937136.6165707,205.55803204607753
1772937136.616586,206.84860515127932
1772937136.6166017,216.6354367779232
1772937136.6166108,227.84118271739612
1772937136.6166196,231.48451911060152
1772937136.616631,229.4962196201951
1772937136.616644,232.1094439331607
1772937136.616656,243.34324506846562
1772937136.6166685,255.05827489560576
1772937136.6166809,258.18765969215656
1772937136.6166928,255.48833818993975
1772937136.6167054,257.76035123054317
1772937136.616718,268.6766218146519
1772937136.6167305,279.6134806292076
1772937136.6167436,281.9634151322965
1772937136.6167588,279.6036926293026
1772937136.6167722,283.6247996317699
1772937136.6167853,296.42861721299465
1772937136.616798,307.78319810254874
1772937136.6168106,308.98438676499916
1772937136.6168237,305.492033076606
1772937136.6168365,309.8425117266004
1772937136.6168497,324.134365652978
1772937136.6168623,336.6020884229695
1772937136.6168754,337.659281568409
1772937136.6168883,333.37470816976685
1772937136.6169012,337.2834058699899
1772937136.6169136,351.49174701729663
1772937136.6169264,363.4570872278912
1772937136.6169395,363.38118979743996
1772937136.616952,358.16559134745484
1772937136.616965,362.12561715940586
1772937136.6169777,377.008794157031
1772937136.6169908,389.2886192850381
1772937136.6170037,388.95257937842393
1772937136.6170166,383.69519971508066
1772937136.6170287,388.32056929617204
1772937136.6170404,403.8336342550421
1772937136.6170523,415.7082780874717
1772937136.6170638,414.2978220739442
1772937136.6170757,408.8476796285315
1772937136.617088,414.82523709025617
1772937136.6171012,431.8024037979386
1772937136.6171145,443.31013958091097
1772937136.6171265,439.7948417801144
1772937136.617166,432.68854505627104
1772937136.617178,438.97907909860356
1772937136.61719,457.10806242414304
1772937136.6172023,468.436729431143
1772937136.617215,463.38939948766637
1772937136.6172276,455.8356548210037
1772937136.61724,464.32724884765304
1772937136.6172526,485.4161475774111
1772937136.617266,497.13051817432313
1772937136.6172788,489.449405894125
1772937136.6172917,479.5114307245404
1772937136.6173043,488.6678357429322
1772937136.6173172,512.0023435448389
1772937136.6173296,523.7534213756056
1772937136.6173418,513.1919012467064
1772937136.6173544,501.23596024705006
1772937136.6173675,512.4375740747106
1772937136.61738,539.6164959016434
1772937136.6173923,551.8292633047854
1772937136.6174047,537.5573306066294
1772937136.6174173,523.268788971673
1772937136.6174297,538.1395304223702
1772937136.6174424,571.3740951237777
1772937136.617455,583.7639760983512
1772937136.6174676,562.2471352975947
1772937136.6174803,542.2830386940716
1772937136.6174932,561.4553471823887
1772937136.6175056,603.9725339491683
1772937136.6175184,616.5943840197534
1772937136.6175308,582.5998388238992
1772937136.6175437,553.2493849294044
1772937136.6175563,583.0307034538496
1772937136.6175692,647.4093393242821
1772937136.617582,661.8791195477354
1772937136.6175945,596.2003857255727
1772937136.617607,537.6061458584388
1772937136.6176205,596.190757142834
1772937136.617633,742.0853886463044
1772937136.6176455,777.9769846751735
1772937136.6176584,517.495143163956
1772937137.0596948,85.20671062780474
1772937137.0597355,96.52669101877962
1772937137.0597625,102.06367923633039
1772937137.0597887,101.23568352217845
1772937137.059816,102.70970999981054
1772937137.0598423,112.18907996867702
1772937137.0598693,124.14567283800466
1772937137.0598965,129.32104257983775
1772937137.0599227,127.69101794071464
1772937137.0599492,128.6975388842654
1772937137.0599747,138.2122970589659
1772937137.0599823,150.34108753567034
1772937137.059991,155.5810826788905
1772937137.059999,154.0209036723281
1772937137.060007,155.14107469735708
1772937137.060015,164.47282003262325
1772937137.0600233,175.822353964851
1772937137.0600312,180.02958258561372
1772937137.0600393,178.00094602529146
1772937137.0600471,179.62430050996872
1772937137.0600553,189.93039594624938
1772937137.0600634,201.89939582769824
1772937137.0600712,206.16089822341465
1772937137.0600789,204.10936973159207
1772937137.0600865,205.9707048047579
1772937137.0600948,216.3789052198838
1772937137.0601025,227.70329781745565
1772937137.0601103,230.6906775548595
1772937137.0601184,227.63703191255516
1772937137.0601263,229.47875089035603
1772937137.060134,240.60835719637487
1772937137.060142,252.6270242703514
1772937137.06015,255.9918699209641
1772937137.0601575,253.4286776920031
1772937137.0601652,256.24877298167485
1772937137.0601733,268.5179038027707
1772937137.0601811,281.1975752990544
1772937137.0601888,284.62006212084367
1772937137.0601964,281.945736741231
1772937137.0602043,284.6819389223912
1772937137.060212,296.4398673540141
1772937137.0602198,307.77972898240927
1772937137.0602276,309.5650742337968
1772937137.0602355,306.0949390566585
1772937137.0602436,309.3024957351783
1772937137.0602512,321.9141569847105
1772937137.0602589,333.35109456498884
1772937137.0602667,334.52057862858965
1772937137.0602744,330.85429676705496
1772937137.060282,334.9340614881475
1772937137.0602899,348.6790340862231
1772937137.0602973,360.24077829448424
1772937137.060305,360.48351945564633
1772937137.0603127,356.1219137348136
1772937137.0603204,360.6608371858782
1772937137.060328,375.36168922717627
1772937137.0603356,387.0604332952335
1772937137.0603604,386.4720946396402
1772937137.060368,381.5186907194645
1772937137.0603757,386.51116355734626
1772937137.060383,401.86457436353237
1772937137.060391,413.0391658716184
1772937137.0603986,410.8948418143493
1772937137.060406,405.0680699631659
1772937137.0604143,410.9019048266222
1772937137.060422,427.619174198948
1772937137.0604296,438.74054948820594
1772937137.0604372,435.15516508689325
1772937137.0604448,428.71052816424657
1772937137.0604527,436.2707625958134
1772937137.0604603,455.6439607579419
1772937137.060468,467.56703580541705
1772937137.0604756,462.3173475123789
1772937137.060483,454.11662443395926
1772937137.0604906,462.041019428885
1772937137.0604982,483.0125177850061
1772937137.060506,495.1416265962898
1772937137.0605135,488.2217601368634
1772937137.0605211,479.0416417627058
1772937137.0605288,488.628418811992
1772937137.0605361,511.99105764789715
1772937137.060544,523.6164893047231
1772937137.060552,513.142128973188
1772937137.0605595,501.6356638359069
1772937137.0605671,513.4511053099225
1772937137.0605748,541.0856145450606
1772937137.0605826,553.481104423519
1772937137.0605905,539.2750783394962
1772937137.060598,525.0860056160033
1772937137.060606,539.9616157357083
1772937137.0606136,572.7952704849721
1772937137.0606215,584.296027666518
1772937137.0606296,561.8300485080546
1772937137.0606372,541.58128429607
1772937137.0606449,561.5657374205357
1772937137.0606527,605.6894134766163
1772937137.0606604,619.80611941092
1772937137.060668,586.3275027324229
1772937137.0606756,556.3338508821969
1772937137.0606835,584.9502097919308
1772937137.060691,648.5892062647166
1772937137.0606992,663.2410997614351
1772937137.0607069,598.3101191356869
1772937137.0607145,540.1426534264951
1772937137.060722,598.2520940564275
1772937137.0607295,743.1548989233565
1772937137.0607371,778.7368429276104
1772937137.060745,519.6811754634084
1772937137.0607529,0.69078870067549
1772937137.5460255,62390.76172951925
1772937137.546064,31157.75986973642
1772937137.5460904,-5138.197486608262
1772937137.5461168,-18774.7325592783
1772937137.546144,-7729.699055743586
1772937137.5461707,7119.38752191228
1772937137.546198,7834.916819833589
1772937137.5462248,-2681.131569695067
1772937137.5462515,-9063.653515260748
1772937137.546278,-4211.323481369566
1772937137.5463047,3731.210668686387
1772937137.546331,4103.308578521983
1772937137.5463436,-2461.244526266881
1772937137.5463517,-6462.004273633034
1772937137.5463595,-2946.5649104506997
1772937137.5463672,2593.2001674573403
1772937137.5463753,2584.955813880714
1772937137.5463831,-2416.0421363830965
1772937137.5463915,-5243.11862099576
1772937137.5463996,-2266.038540516653
1772937137.5464077,2042.7455009292794
1772937137.5464156,1753.8667063804073
1772937137.546424,-2414.8130799634077
1772937137.5464315,-4527.616612851865
1772937137.5464396,-1821.0286341139624
1772937137.5464475,1732.6411660551466
1772937137.5464556,1227.3371048401405
1772937137.5464635,-2426.497462961939
1772937137.546471,-4047.3660810748966
1772937137.5464787,-1491.9986383852188
1772937137.5464864,1542.9945439947592
1772937137.5464945,858.1383368965522
1772937137.5465024,-2447.0809167868515
1772937137.54651,-3697.627691343004
1772937137.5465176,-1227.7656135940708
1772937137.5465252,1423.3095348136062
1772937137.5465333,580.3307491799728
1772937137.5465412,-2474.725202046843
1772937137.5465488,-3427.070684396027
1772937137.5465565,-1000.3974219564041
1772937137.546564,1351.4590205457266
1772937137.5465715,362.5809745217115
1772937137.5465796,-2507.1880426514986
1772937137.5465875,-3208.8652062944584
1772937137.546595,-798.1025016883771
1772937137.5466027,1308.8860082628746
1772937137.5466104,179.91593016294763
1772937137.546618,-2548.4237116506615
1772937137.5466259,-3028.3966162329743
1772937137.5466335,-610.9854760261364
1772937137.546641,1289.1180966415964
1772937137.5466487,21.50359115523845
1772937137.5466566,-2597.25723381098
1772937137.5466642,-2873.0802549203067
1772937137.546672,-429.4445981942406
1772937137.5466797,1290.1812331659096
1772937137.5466876,-119.7559864580715
1772937137.5466952,-2655.161671817947
1772937137.5467029,-2737.989981543887
1772937137.5467107,-250.90998327187333
1772937137.5467184,1306.7047195069374
1772937137.546726,-251.9232333128578
1772937137.5467336,-2723.3109430366094
1772937137.5467415,-2615.1660897060306
1772937137.5467494,-65.81147718511801
1772937137.5467577,1341.5340766193076
1772937137.546765,-378.9599139973244
1772937137.5467732,-2805.5599233820444
1772937137.5467813,-2503.6473431729964
1772937137.5467887,128.46008483822922
1772937137.5467963,1392.4263699515184
1772937137.5468042,-508.87920348653466
1772937137.546812,-2909.014330551478
1772937137.5468197,-2403.195698944221
1772937137.5468273,337.49659411444424
1772937137.546835,1462.108631791073
1772937137.5468433,-645.6471280328756
1772937137.5468507,-3038.2525036203438
1772937137.5468585,-2310.8457097618466
1772937137.5468662,570.0776102032385
1772937137.546874,1554.0697723532105
1772937137.5468817,-796.9443985609488
1772937137.5468893,-3202.6682252604437
1772937137.5468972,-2223.1924523821863
1772937137.5469048,841.847033843169
1772937137.5469124,1677.8585051719783
1772937137.5469203,-972.9605709542516
1772937137.546928,-3420.8283395232243
1772937137.5469356,-2142.5706821916115
1772937137.5469432,1171.5198266999785
1772937137.5469508,1848.187216552127
1772937137.5469587,-1185.5543559298549
1772937137.5469663,-3716.110062875459
1772937137.5469742,-2065.968112475661
1772937137.5469816,1595.2476798422958
1772937137.5469892,2089.9863766827257
1772937137.546997,-1462.2231104239136
1772937137.5470047,-4141.354281824862
1772937137.5470126,-1998.3513172500059
1772937137.5470202,2174.2077108724247
1772937137.5470278,2447.682867050495
1772937137.5470357,-1860.1672024187278
1772937137.547043,-4805.284471860742
1772937137.5470507,-1944.3680242638122
1772937137.5470583,3058.2644476543537
1772937137.547066,3046.1958621912695
1772937137.5470736,-2492.357516897031
1772937137.5470812,-5969.271648452212
1772937137.547089,-1931.1435097756564
1772937137.5470967,4627.512711017243
1772937137.5471044,4223.264723341439
1772937137.5471125,-3717.7319284675536
1772937137.54712,-8515.094526846246
1772937137.5471275,-2082.612008032677
1772937137.547135,8413.824313956933
1772937137.5471427,7636.647762353508
1772937137.5471506,-7211.363288718384
1772937137.547158,-18147.580541917203
1772937137.5471656,-4409.971038981139
1772937137.5471733,31782.78081890917
1772937137.5471811,62631.72356779813
1772937138.0277245,-833.0897687673419
1772937138.0277612,-2286.0194045863923
1772937138.0277889,-2227.9802152907955
1772937138.0278156,-731.6812299787312
1772937138.0278423,108.90221803225658
1772937138.0278695,-881.501126779601
1772937138.027896,-2306.4534680744105
1772937138.0279229,-2155.927973278455
1772937138.0279496,-630.5551893695599
1772937138.0279763,135.183341511686
1772937138.0280025,-930.8028878708488
1772937138.0280292,-2327.150718923073
1772937138.0280468,-2082.2513918333034
1772937138.0280552,-526.4172333253147
1772937138.028063,163.3722132434082
1772937138.0280707,-981.1356879901609
1772937138.0280786,-2350.97148577514
1772937138.0280876,-2011.7553872505036
1772937138.0280955,-425.1073231043285
1772937138.028103,188.02274101139977
1772937138.028111,-1035.2623474645543
1772937138.028119,-2375.8688725805505
1772937138.028127,-1937.5228686050232
1772937138.0281348,-317.4971132153858
1772937138.0281425,216.84342659270322
1772937138.02815,-1088.911777901192
1772937138.028158,-2400.623792693432
1772937138.0281656,-1860.1603197785078
1772937138.0281737,-205.69363171636383
1772937138.0281813,245.8537895519747
1772937138.0281892,-1147.4307113818863
1772937138.028197,-2429.9885351885805
1772937138.028205,-1781.8197889483567
1772937138.0282123,-88.90954897024855
1772937138.02822,277.457034027559
1772937138.0282278,-1208.3670857452958
1772937138.0282354,-2462.423430881946
1772937138.0282433,-1702.6754801557122
1772937138.0282512,30.089125074337588
1772937138.0282588,306.53968221319815
1772937138.0282664,-1276.595832462355
1772937138.0282743,-2498.867240467473
1772937138.028282,-1618.3278329954667
1772937138.0282898,158.17977887369494
1772937138.0282974,337.565688689237
1772937138.0283053,-1352.5413577565494
1772937138.0283127,-2542.860561465264
1772937138.0283203,-1532.0555617325008
1772937138.028328,293.6843192624587
1772937138.0283356,369.47138082344816
1772937138.0283432,-1437.213627863613
1772937138.0283508,-2594.035563859719
1772937138.0283585,-1440.9591856531342
1772937138.028366,440.51647010137395
1772937138.028374,404.0894820303008
1772937138.0283816,-1531.8278072212163
1772937138.0283892,-2654.2429842573647
1772937138.0283968,-1345.0078106084793
1772937138.0284045,599.7520652060829
1772937138.0284123,440.7726168550883
1772937138.02842,-1638.802151407933
1772937138.028428,-2723.904422874753
1772937138.0284357,-1239.9831005280437
1772937138.0284436,777.0553573336061
1772937138.0284514,480.2733000681983
1772937138.0284593,-1764.084963467155
1772937138.0284672,-2810.065012191943
1772937138.0284748,-1127.577394664552
1772937138.0284822,975.5207160798078
1772937138.02849,524.3226098441221
1772937138.0284977,-1909.9235477803547
1772937138.028505,-2913.9549302398646
1772937138.0285132,-1002.9285536317578
1772937138.0285208,1202.1369275102768
1772937138.0285285,572.3246683876199
1772937138.028536,-2086.6102873260343
1772937138.028544,-3044.7221269246047
1772937138.0285516,-862.559437709532
1772937138.0285592,1469.630374066165
1772937138.028567,630.9814893024636
1772937138.0285747,-2300.7364064870394
1772937138.0285826,-3210.8379350209307
1772937138.0285902,-701.9085243454983
1772937138.0285976,1791.6525919955568
1772937138.0286057,702.9517340244519
1772937138.0286133,-2568.6887875924585
1772937138.028621,-3427.933108138442
1772937138.0286288,-511.49559807883065
1772937138.0286365,2195.837237465735
1772937138.028644,798.5486283434398
1772937138.028652,-2915.4839125911385
1772937138.0286598,-3726.7937851137485
1772937138.0286825,-284.94907244075534
1772937138.02869,2720.4352086750773
1772937138.0286977,931.9684307676991
1772937138.0287051,-3383.0508773155893
1772937138.0287127,-4156.589051026291
1772937138.0287204,-1.540574182931101
1772937138.028728,3449.2146182104443
1772937138.0287356,1143.1069976853066
1772937138.0287433,-4048.0385689840896
1772937138.028751,-4824.670676946845
1772937138.0287583,363.1316194202006
1772937138.028766,4546.571500286892
1772937138.0287735,1518.9234762706799
1772937138.0287814,-5083.124075944063
1772937138.028789,-5997.362741675597
1772937138.028797,851.2546731948231
1772937138.0288043,6451.044799906364
1772937138.028812,2354.637203091733
1772937138.0288196,-6946.5647281099655
1772937138.0288272,-8561.502827329614
1772937138.0288348,1476.9107630154972
1772937138.0288424,10799.940737799468
1772937138.02885,5179.7333785048095
1772937138.0288577,-11570.15974149764
1772937138.028865,-18221.560545476856
1772937138.0288725,627.8573139020731
1772937138.0288801,35240.239595381216
1772937138.0288877,58789.51593612997
1772937138.5072048,26.812308456541402
1772937138.5072508,34.0978235182112
1772937138.5072775,45.55236424461252
1772937138.5073037,52.131429120352635
1772937138.5073304,51.97461610798337
1772937138.507357,53.02710086080348
1772937138.5073836,61.69330015971814
1772937138.5074105,73.54268492437193
1772937138.5074375,79.30403325507821
1772937138.507464,77.88157617157617
1772937138.5074909,78.10070976920281
1772937138.5075173,86.56088207663257
1772937138.5075257,98.48084246356576
1772937138.5075336,104.36255145574795
1772937138.507542,103.21795046887041
1772937138.5075498,103.886423793637
1772937138.5075579,112.60596239040682
1772937138.5075657,124.25271891877586
1772937138.5075738,129.53696995076277
1772937138.5075817,128.0665044925607
1772937138.5075896,128.93136184816038
1772937138.5075972,137.96404766833138
1772937138.5076048,149.5632760906024
1772937138.5076127,154.58990460853101
1772937138.5076203,153.23987344700555
1772937138.5076282,154.74900807676215
1772937138.507636,164.30807698833547
1772937138.507644,175.66384403825427
1772937138.5076516,179.9676268936623
1772937138.5076594,178.47072101559996
1772937138.5076673,181.0170988542824
1772937138.5076747,192.17724120170723
1772937138.5076826,204.47586856170375
1772937138.5076902,208.50522473845174
1772937138.507698,206.01464799254947
1772937138.5077057,207.60940296413963
1772937138.5077133,218.0728694197493
1772937138.507721,229.76173946892598
1772937138.5077286,233.38364976061607
1772937138.5077364,231.09783788769363
1772937138.5077443,233.4808859572949
1772937138.5077517,244.5111072058083
1772937138.5077596,255.73227155339882
1772937138.5077672,258.04630089025477
1772937138.5077748,254.7149755971056
1772937138.5077825,257.1360133504983
1772937138.50779,269.01889598612195
1772937138.507798,281.0982759578976
1772937138.5078058,283.9982963494554
1772937138.5078137,281.3423686824776
1772937138.507821,284.61968408200164
1772937138.5078287,296.89114495664506
1772937138.5078368,308.3308755027539
1772937138.5078444,310.1165775104363
1772937138.5078523,307.13923832846433
1772937138.5078604,311.27846155582324
1772937138.507868,324.37552313657187
1772937138.5078757,335.08866508676056
1772937138.5078835,334.68695272259305
1772937138.5078912,329.84479112269196
1772937138.5078988,333.95980699074096
1772937138.507907,348.50269774559
1772937138.5079143,360.5511483240875
1772937138.507922,360.5830158080469
1772937138.50793,355.98122839535483
1772937138.5079377,360.9920710271072
1772937138.5079453,376.6607462825969
1772937138.5079532,388.8888334531523
1772937138.5079608,387.9098683636105
1772937138.5079684,382.20067212700707
1772937138.507976,386.93747408540855
1772937138.5079837,402.6524079516671
1772937138.5079916,414.14454086569464
1772937138.5079997,411.81127184587564
1772937138.5080073,405.6832743626597
1772937138.508015,411.83213828874824
1772937138.5080223,429.5508782868511
1772937138.50803,441.61797870077476
1772937138.5080376,438.24116567798063
1772937138.5080452,431.4100907745621
1772937138.5080528,438.66045412351633
1772937138.5080607,458.0975597876719
1772937138.508068,470.05679933998397
1772937138.5080757,464.33339941814967
1772937138.5080836,455.2764163645891
1772937138.5080912,462.5638143926325
1772937138.508099,483.46509396116613
1772937138.5081067,495.83313115376166
1772937138.5081143,489.0252923730226
1772937138.508122,479.7865656686651
1772937138.5081298,489.4601924555726
1772937138.5081377,513.2159858360416
1772937138.5081453,525.2896920947081
1772937138.508153,514.978803925588
1772937138.5081608,503.3431748515985
1772937138.5081685,515.011915245559
1772937138.508176,542.6320899432709
1772937138.5081837,554.978838962077
1772937138.508191,540.4637107188887
1772937138.5081987,525.7528636747384
1772937138.5082066,540.2078319815869
1772937138.5082145,573.022533743744
1772937138.508222,584.9909664924534
1772937138.5082297,563.3382088645266
1772937138.5082376,543.9118002616617
1772937138.5082452,564.2478971408526
1772937138.508253,607.8880890708311
1772937138.5082607,620.8529835832554
1772937138.5082684,586.3370982167008
1772937138.5082765,556.2235562555315
1772937138.508284,585.6404988370642
1772937138.5082915,650.1021601111644
1772937138.508299,664.6880454155221
1772937138.5083065,598.8460509173129
1772937138.5083141,539.8450054181889
1772937138.508322,597.9415289994905
1772937138.5083296,743.4168899428563
1772937138.5083373,779.3234062698436
1772937138.508345,519.9347679600373
1772937138.5083525,0.3430874045079327
1772937138.9874575,26.393800330238403
1772937138.9875154,25.343334860347504
1772937138.987542,25.260536387613843
1772937138.9875722,33.288083835736906
1772937138.9875963,45.491250361403914
1772937138.9876192,52.31228980085558
1772937138.9876428,51.775468225852
1772937138.9876535,52.10975577449007
1772937138.9876623,60.21462981556709
1772937138.9876726,72.10187876166233
1772937138.9876823,78.5927942580221
1772937138.9876912,78.18275448645973
1772937138.9876995,79.03003858674622
1772937138.987708,87.37243472727604
1772937138.9877167,98.73567421927365
1772937138.9877253,104.30998907338775
1772937138.9877336,103.47056395030263
1772937138.9877417,104.73167003955312
1772937138.98775,113.72099446650641
1772937138.9877584,125.12673362118565
1772937138.9877667,130.0754673767381
1772937138.9877753,128.6546706591661
1772937138.9877837,129.91081562879282
1772937138.9877949,139.18936254868424
1772937138.9878078,150.5775821713616
1772937138.987822,155.1772319568199
1772937138.9878323,153.66667273611856
1772937138.9878411,155.43006380587084
1772937138.9878497,165.3465786125029
1772937138.987858,176.81479373384443
1772937138.9878664,180.9842025524604
1772937138.9878747,179.3214675575181
1772937138.9878833,181.7103247390879
1772937138.9878917,192.52235802176398
1772937138.9879,204.22512889968309
1772937138.9879084,207.78240421252104
1772937138.9879167,205.4592415863817
1772937138.987925,207.90986430319737
1772937138.9879332,219.28225156866063
1772937138.987942,231.11994590041445
1772937138.9879506,233.8940415248091
1772937138.987959,230.34450218753403
1772937138.9879673,231.95092780313112
1772937138.9879756,243.19062870391687
1772937138.987984,255.39299681000662
1772937138.987992,258.80366182221024
1772937138.9880004,256.0878264953066
1772937138.988012,258.4238718329767
1772937138.9880252,269.6883739148307
1772937138.9880393,280.9929905700137
1772937138.98805,283.3295159995013
1772937138.9880583,280.48857081612766
1772937138.988067,283.82562957734945
1772937138.9880753,296.0384159518366
1772937138.9880836,306.96266829071635
1772937138.9880917,307.75908501736086
1772937138.9881003,303.7337021966032
1772937138.988109,307.4016282832394
1772937138.9881177,321.0253284884322
1772937138.9881256,333.1206226940938
1772937138.988134,334.29134093860415
1772937138.9881423,330.48293692348426
1772937138.9881504,334.83467254243186
1772937138.9881587,349.1709561617177
1772937138.9881668,361.1339046792396
1772937138.9881752,361.40682797471845
1772937138.9881835,357.05271359489547
1772937138.9881916,361.8797401764498
1772937138.9881997,376.908760621518
1772937138.9882078,388.4907158390433
1772937138.9882162,387.3022311234892
1772937138.9882245,381.7890272736057
1772937138.9882329,386.70060257478315
1772937138.9882412,402.26182036516326
1772937138.9882493,413.42310452834346
1772937138.988258,410.9803411402005
1772937138.988266,405.1392869166892
1772937138.9882746,411.75445170002234
1772937138.988283,429.778936853858
1772937138.9882908,441.8403367713334
1772937138.9882991,438.1826586876305
1772937138.9883077,430.84022534949975
1772937138.9883156,437.4084939166546
1772937138.988324,456.2641094790337
1772937138.9883325,468.2123624266295
1772937138.9883409,463.2933227440387
1772937138.9883492,455.45405633387657
1772937138.9883578,463.5000954815238
1772937138.988366,484.11153402253666
1772937138.9883745,495.41405634678927
1772937138.9883828,487.649353933594
1772937138.9883912,478.21394164354155
1772937138.9883993,488.3236771051887
1772937138.988408,512.5247111046532
1772937138.9884162,524.6378855146844
1772937138.9884243,514.0756246269632
1772937138.988433,502.22461659297943
1772937138.9884412,513.8009088079284
1772937138.9884496,541.2719383098556
1772937138.988458,553.3073493182598
1772937138.9884665,538.4929775923814
1772937138.9884746,523.7647363876076
1772937138.9884827,538.5488775082615
1772937138.9884915,571.8584988584221
1772937138.9884996,584.2702930237737
1772937138.988508,562.9075965985246
1772937138.9885163,543.587835681695
1772937138.988525,563.8271375560497
1772937138.9885333,607.2339377397816
1772937138.9885416,620.0508200993354
1772937138.98855,585.6851670721474
1772937138.9885583,555.9355852251745
1772937138.988567,585.5284482229245
1772937138.9885757,649.6581201082394
1772937138.988584,663.5903263776976
1772937138.9885921,597.3816734058652
1772937138.9886007,538.7412915379765
1772937138.988609,597.7137970132403
1772937138.9886172,743.8910681458327
1772937138.9886255,779.8340168904595
1772937139.0025816,519.9916110777266
1772937139.0026248,0.08906219873153896
1772937139.520259,52.86925769569041
1772937139.520288,73.45495662201232
1772937139.5203109,83.74342936005873
1772937139.5203297,83.4461582575469
1772937139.5203493,80.44707768842346
1772937139.5203693,84.50155508445779
1772937139.5203953,96.7619871569567
1772937139.520418,108.33605562061433
1772937139.5204368,111.22916135845354
1772937139.5204563,108.49545153778284
1772937139.5204656,110.21447362775827
1772937139.5204713,120.18628172154786
1772937139.5204773,130.99476548774635
1772937139.5204828,134.24158120547486
1772937139.5204887,132.1666769395963
1772937139.5204947,134.6791079374704
1772937139.520501,145.66025471135652
1772937139.5205069,157.35224968663744
1772937139.5205126,160.8044454989016
1772937139.520518,158.20005555871154
1772937139.5205235,160.0075119306899
1772937139.5205295,170.67840543104987
1772937139.5205352,182.54701740283377
1772937139.5205407,186.42585255769308
1772937139.5205464,184.2985702351777
1772937139.520552,186.50021360986972
1772937139.5205576,197.26219736666764
1772937139.5205631,208.7567473231642
1772937139.5205688,212.03742938591824
1772937139.5205743,209.67143595056905
1772937139.5205803,212.32370342648292
1772937139.5205872,223.8806808258888
1772937139.5205953,235.8650314767874
1772937139.5206037,239.1192933008411
1772937139.520612,236.58616411806116
1772937139.52062,239.26180525928848
1772937139.5206285,250.80884848814645
1772937139.5206363,262.3223579685483
1772937139.5206447,264.737177302559
1772937139.5206532,261.63609970478626
1772937139.5206616,264.41803651798824
1772937139.5206697,276.3839955204235
1772937139.520678,288.01371785252053
1772937139.5206864,290.24913745005114
1772937139.5206947,287.28679307764656
1772937139.520703,290.7831325053813
1772937139.5207117,303.3693835202621
1772937139.5207195,314.67145855847446
1772937139.5207279,315.7770314172275
1772937139.520736,312.0362045845625
1772937139.5207443,315.938434286207
1772937139.5207524,329.60367600748816
1772937139.5207608,341.422904458309
1772937139.5207691,342.02504688213304
1772937139.5207777,337.55009028746053
1772937139.5207858,341.42658953934705
1772937139.520794,355.70071654923265
1772937139.5208025,367.9541322658429
1772937139.5208106,368.473984312356
1772937139.5208192,363.9113393654368
1772937139.5208273,368.12623208713785
1772937139.5208356,382.70495268479726
1772937139.5208435,394.47869406376094
1772937139.520852,393.9188685347802
1772937139.5208602,388.80920454164516
1772937139.5208685,393.6635869783177
1772937139.520877,409.26106247816165
1772937139.520885,421.0854512763267
1772937139.520893,419.43099589023535
1772937139.520902,413.26761565974715
1772937139.52091,418.0251961118131
1772937139.5209184,433.91753266172077
1772937139.5209267,445.34222741172533
1772937139.520935,442.81383379117574
1772937139.5209432,436.83100560319065
1772937139.5209515,443.5743523478051
1772937139.5209627,461.8620839635482
1772937139.520976,474.02034801006374
1772937139.52099,470.4130153008491
1772937139.5210035,463.53288772407126
1772937139.5210133,471.0667841715103
1772937139.5210216,490.8396938414698
1772937139.5210297,503.12832543295417
1772937139.521038,498.197640216469
1772937139.521046,490.67826857413144
1772937139.5210545,499.51072750145266
1772937139.5210629,520.6465739424953
1772937139.521071,531.5408662500727
1772937139.5210793,522.7820929397088
1772937139.5210874,512.7597722994304
1772937139.5210955,523.0489568930112
1772937139.5211036,547.4904868004586
1772937139.521112,559.2218920366033
1772937139.5211205,548.1080162978872
1772937139.521129,536.581763643793
1772937139.521137,549.3799349731264
1772937139.5211473,577.5466650557134
1772937139.52116,588.536540127439
1772937139.5211737,571.6414646189926
1772937139.5211828,555.7825354119954
1772937139.5211911,571.2097607192885
1772937139.5211997,605.4911584675214
1772937139.5212078,617.3631152822525
1772937139.5212162,594.2719939873277
1772937139.5212245,574.276277093656
1772937139.5212328,596.0386180063426
1772937139.5212412,641.3556515680011
1772937139.5212495,653.7844362759544
1772937139.5212584,616.8414680472149
1772937139.5212667,585.5616224911868
1772937139.5212748,617.0440339474876
1772937139.5212836,684.5610959759234
1772937139.5212917,699.179108347015
1772937139.5213,630.1057477397194
1772937139.5213084,569.6084588638386
1772937139.5213165,632.4445118581144
1772937139.5213249,785.817740804171
1772937139.5213332,822.5819475834868
1772937139.5213413,548.9198593827753
1772937139.5213501,2.9107793065511216
1772937140.0010083,29.68443918081443
1772937140.001043,37.68771100205959
1772937140.0010662,49.33240035750685
1772937140.0010989,55.358722487180714
1772937140.001125,54.44877498936719
1772937140.0011597,55.07925309707344
1772937140.001187,63.63927004979114
1772937140.0012133,75.43858389064312
1772937140.001229,81.26353390702104
1772937140.001238,80.34306047682755
1772937140.0012467,81.49049337197543
1772937140.0012555,90.6974255142565
1772937140.0012643,102.55467411630211
1772937140.001273,107.68492397029853
1772937140.0012813,105.94193928298665
1772937140.0012894,106.85081311056918
1772937140.0012977,116.45133304757171
1772937140.001306,128.7952744964329
1772937140.001315,134.04630281261214
1772937140.001324,132.02702719827326
1772937140.0013323,132.384671147855
1772937140.0013437,141.157600900013
1772937140.0013573,152.50880288912282
1772937140.0013704,157.15954847369338
1772937140.0013835,155.6351822632198
1772937140.001399,157.6316581670458
1772937140.0014129,168.2862820746781
1772937140.0014265,180.66009163486845
1772937140.0014348,185.19981709495735
1772937140.0014431,183.10385400771023
1772937140.0014515,184.8070366521057
1772937140.0014603,195.48597961345303
1772937140.0014687,207.7619062041602
1772937140.0014772,211.90566901715457
1772937140.0014856,209.40359085606522
1772937140.0014963,210.92119127941947
1772937140.001505,221.44847500975663
1772937140.0015132,233.39347285760124
1772937140.0015213,237.31480949597832
1772937140.0015297,235.21994727711098
1772937140.001538,237.67127274185688
1772937140.0015461,248.70464937866026
1772937140.0015545,259.8781549184542
1772937140.0015628,262.084040863653
1772937140.0015712,258.6413620543774
1772937140.0015795,261.0436680107249
1772937140.001588,272.9829551011963
1772937140.0015965,285.0114656722382
1772937140.0016053,287.59157768346745
1772937140.0016165,284.439823627064
1772937140.00163,287.3608900515606
1772937140.001644,299.6284738351881
1772937140.0016572,311.2640092221113
1772937140.0016737,313.064241230537
1772937140.0016873,309.74235978836793
1772937140.0016987,313.458754454835
1772937140.00171,326.5632878189438
1772937140.0017211,337.94896239306746
1772937140.0017328,338.589560963646
1772937140.0017445,334.5801390616632
1772937140.0017567,338.9391968572421
1772937140.0017688,353.2070785281956
1772937140.0017805,364.8101906252639
1772937140.0017931,364.51101900361186
1772937140.0018048,359.7437849199342
1772937140.0018167,364.66241475008616
1772937140.001829,380.2382337969056
1772937140.0018406,392.3718629411852
1772937140.0018528,391.3288716960948
1772937140.001865,385.62742415502237
1772937140.0018773,390.5053938202478
1772937140.0018897,406.5398702224772
1772937140.0019011,418.45295793167594
1772937140.0019224,416.3937786034213
1772937140.0019343,410.1072155273883
1772937140.0019467,415.5938853701546
1772937140.001958,432.42080087979167
1772937140.0019703,443.82327313736585
1772937140.0019825,440.30351487273515
1772937140.0019944,433.76634694445994
1772937140.002006,441.4036571981975
1772937140.0020175,461.0623152338615
1772937140.0020292,473.1350392152855
1772937140.0020406,467.6751482347009
1772937140.0020516,459.14643011125435
1772937140.0020628,466.9890943827483
1772937140.0020742,488.0547646245059
1772937140.0020854,500.0052886780683
1772937140.0020978,492.4546930664352
1772937140.0021105,482.62856302419823
1772937140.002123,492.1178971615298
1772937140.0021365,515.9062934724724
1772937140.0021482,527.8904326658223
1772937140.0021603,517.3153773678298
1772937140.0021713,505.5458434594678
1772937140.0021825,517.4772277746924
1772937140.0021932,545.6083951004005
1772937140.0022044,558.2883294855494
1772937140.0022156,543.7297139360444
1772937140.0022268,528.8576192852078
1772937140.0022388,543.3852365506834
1772937140.0022504,576.4607421816266
1772937140.002262,588.5021859899279
1772937140.002274,566.5958490392868
1772937140.0022871,546.9430916283382
1772937140.0023,567.4017536305447
1772937140.0023122,611.1676326302273
1772937140.0023243,623.5422793486595
1772937140.0023372,587.7224579320355
1772937140.0023496,556.7394068283181
1772937140.0023625,586.8051113165068
1772937140.002374,652.8256035990397
1772937140.0023851,667.8663871391227
1772937140.0023973,600.4924967224706
1772937140.0024095,540.0891780046283
1772937140.0024228,600.0697699028744
1772937140.0024352,750.1557128123958
1772937140.002448,786.9445105110049
1772937140.0024605,516.8477741898217
1772937140.0024953,-26.062944734294703
1772937140.233534,357.8027502532797
1772937140.233584,362.70831012623
1772937140.233611,377.7492692841125
1772937140.233627,389.20278140256113
1772937140.2336411,387.6066325836504
1772937140.2336552,381.485895520208
1772937140.2336693,386.0149905506347
1772937140.2336829,401.8673729869746
1772937140.2336962,413.95551177758153
1772937140.2337096,412.45017014130576
1772937140.2337224,406.8711856820268
1772937140.2337356,412.978807596269
1772937140.2337513,430.3065145548985
1772937140.2337644,442.1602814097197
1772937140.2337782,438.946865817423
1772937140.233791,432.3092626095015
1772937140.2338035,439.36416908495113
1772937140.2338161,458.31530844378204
1772937140.2338288,470.0716611330089
1772937140.2338412,464.82694741677824
1772937140.2338548,456.67952028918
1772937140.233869,464.677877942671
1772937140.233882,485.7488974239645
1772937140.2338943,497.94617652549397
1772937140.2339065,490.9770168318944
1772937140.2339182,481.62161883525704
1772937140.23393,491.0103340537945
1772937140.2339437,514.2872570642855
1772937140.2339554,525.9943589458202
1772937140.2339685,515.6919169516652
1772937140.2339814,504.28694126867623
1772937140.2339947,516.024721366014
1772937140.2340076,543.4731063603564
1772937140.2340205,555.7879216322199
1772937140.2340336,541.722591621663
1772937140.2340467,527.7013090311748
1772937140.234059,542.4127585162786
1772937140.2340713,574.6950987802416
1772937140.2340834,585.7613553999753
1772937140.2340956,563.6098878821
1772937140.2341073,544.3760127221335
1772937140.2341197,565.1125146671008
1772937140.234132,608.6961722822753
1772937140.234144,621.0644804342185
1772937140.234156,585.9755687621335
1772937140.2341676,555.8637787605466
1772937140.2341795,585.805998864071
1772937140.2341914,650.7892497672983
1772937140.234203,665.520564423133
1772937140.2342153,599.6165908941653
1772937140.234227,540.7955200995365
1772937140.2342389,599.4735904983547
1772937140.2342508,745.5510834128556
1772937140.2342627,781.4678732306845
1772937140.2342744,521.1982758545823
1772937140.7043676,-62004.090396764965
1772937140.7044065,-31038.867591410697
1772937140.7044337,4255.4561423370615
1772937140.7044566,16965.82185160821
1772937140.7044852,5933.252983264801
1772937140.7045107,-8108.717000746751
1772937140.7045343,-8263.840774585093
1772937140.7045496,1895.3140369890634
1772937140.7045648,7532.598516925958
1772937140.7045748,2557.668918885028
1772937140.704584,-4731.627909126907
1772937140.7045932,-4563.091342902878
1772937140.7046018,1713.5588444893233
1772937140.7046108,5020.852437006613
1772937140.70462,1376.7138761475608
1772937140.70463,-3543.1071335181414
1772937140.7046504,-3014.322121364535
1772937140.7046592,1703.6413535755016
1772937140.704668,3855.6872650623463
1772937140.7046778,764.4463264711942
1772937140.704686,-2926.771611609108
1772937140.7046947,-2135.870707203451
1772937140.704703,1733.4984770428348
1772937140.7047117,3177.1999210357517
1772937140.7047203,380.510471896135
1772937140.7047286,-2541.9039710413963
1772937140.7047367,-1550.0682589824535
1772937140.7047453,1778.0349099839343
1772937140.704775,2727.3358000793105
1772937140.7047837,108.29676063467353
1772937140.7047915,-2274.7926148282468
1772937140.7047997,-1117.5846754490444
1772937140.704808,1830.8410373704585
1772937140.7048163,2405.161932023572
1772937140.7048247,-97.2845531067045
1772937140.704833,-2070.0746429662368
1772937140.7048414,-769.9904224122986
1772937140.7048495,1890.0971899343333
1772937140.704858,2156.7322010110624
1772937140.7048664,-269.0818200313635
1772937140.7048748,-1911.3163474127045
1772937140.704883,-480.3149821814816
1772937140.7048917,1951.9922240289427
1772937140.7048998,1956.7119253571304
1772937140.7049084,-415.10728051968664
1772937140.7049167,-1775.637194418449
1772937140.704925,-221.2830948213581
1772937140.7049332,2018.350475027311
1772937140.7049415,1783.3652366897875
1772937140.7049496,-555.1233581262231
1772937140.704958,-1665.01824142826
1772937140.7049663,14.89927028733492
1772937140.7049747,2092.5099273530764
1772937140.7049828,1635.7265490665836
1772937140.7049968,-683.1256052599284
1772937140.7050045,-1563.1276827212591
1772937140.7050123,242.99652419447807
1772937140.7050202,2174.1936979945094
1772937140.705028,1499.434142112312
1772937140.7050357,-814.0836578706159
1772937140.7050433,-1475.7208085902075
1772937140.7050507,463.0395124770289
1772937140.7050583,2260.335365480188
1772937140.705066,1367.5648402324068
1772937140.7050743,-949.910961387246
1772937140.705082,-1393.2828831465715
1772937140.7050898,690.1832029796434
1772937140.7050974,2359.070529837515
1772937140.705105,1235.8445786306477
1772937140.7051127,-1099.7988967104077
1772937140.70512,-1319.1908317983764
1772937140.7051277,928.2006199956096
1772937140.7051356,2473.4561922196094
1772937140.7051432,1101.7318079839865
1772937140.7051508,-1266.3587852199348
1772937140.7051585,-1248.3451756335105
1772937140.705166,1186.6470461918186
1772937140.7051737,2604.0746697656023
1772937140.7051814,950.0191704109079
1772937140.7051892,-1469.1726760366457
1772937140.7051969,-1186.3044958783482
1772937140.7052045,1476.804187826062
1772937140.7052124,2761.912932944523
1772937140.7052195,776.7362049670638
1772937140.7052271,-1718.2484814842767
1772937140.7052348,-1127.4840763835166
1772937140.7052426,1822.1701785160628
1772937140.7052505,2962.3966072494677
1772937140.7052581,567.6328996056494
1772937140.7052658,-2040.5158124519967
1772937140.7052734,-1072.0347555963758
1772937140.7052813,2256.7392524987163
1772937140.705289,3229.37326490902
1772937140.7052965,295.0348514440528
1772937140.705304,-2488.592808094301
1772937140.7053115,-1024.7674565009145
1772937140.7053192,2842.425368092537
1772937140.7053268,3610.4020864044064
1772937140.7053344,-92.11495484721986
1772937140.7053423,-3165.203460166476
1772937140.7053497,-989.8532394968812
1772937140.7053573,3722.3085331778907
1772937140.7053647,4221.819208687883
1772937140.7053723,-709.5275760429923
1772937140.7053804,-4328.292626932747
1772937140.705388,-993.142282359765
1772937140.7053957,5270.540586507077
1772937140.7054036,5397.5136211133895
1772937140.7054112,-1903.3521039349814
1772937140.705419,-6835.765397612144
1772937140.7054267,-1156.32636597957
1772937140.7054343,8977.682867796426
1772937140.705442,8751.7184415056
1772937140.7054498,-5303.3382828190925
1772937140.7054574,-16240.694187615876
1772937140.705465,-3437.2913307077924
1772937140.7054727,31748.53082030198
1772937140.70548,62319.33464159204
1772937140.8007321,61335.65826257001
1772937141.272539,30308.677062466468
1772937141.2725916,-4045.4260494258397
1772937141.2726178,-15969.436971774869
1772937141.2726443,-5316.112354501445
1772937141.2726715,7750.118454129445
1772937141.272698,7706.255927502325
1772937141.2727249,-1596.5564459689167
1772937141.2727516,-6515.127676580897
1772937141.2727785,-1950.48068405146
1772937141.272805,4394.933682104761
1772937141.272832,4091.285933990268
1772937141.27285,-1307.852180654431
1772937141.2728581,-3945.0689843171817
1772937141.272866,-766.6266269372727
1772937141.2728748,3221.6446856428893
1772937141.2728827,2622.6183490339677
1772937141.2728903,-1188.3419216801112
1772937141.2728982,-2718.2297442964177
1772937141.2729063,-154.5268231779167
1772937141.2729142,2613.7219992502405
1772937141.272922,1820.6829295576565
1772937141.2729297,-1107.320940504569
1772937141.2729373,-1976.4554003575827
1772937141.2729454,227.70447734285588
1772937141.2729535,2234.628098458488
1772937141.272961,1311.397243820765
1772937141.2729685,-1038.7180988316463
1772937141.2729764,-1462.7311173937935
1772937141.2729843,495.33637813197356
1772937141.272992,1969.8929981569859
1772937141.273,954.8864422927331
1772937141.2730079,-976.9413331566564
1772937141.2730155,-1076.5556453078655
1772937141.2730234,695.1361607216161
1772937141.2730312,1769.0885789188976
1772937141.2730389,689.7464755940023
1772937141.2730465,-914.416884078113
1772937141.2730544,-762.7375283168913
1772937141.273062,856.0816971325413
1772937141.2730696,1609.098693775583
1772937141.2730775,482.7015561149288
1772937141.273085,-851.1920661463021
1772937141.2730927,-496.56518190283794
1772937141.2731004,989.0930869868556
1772937141.2731082,1472.9710136815095
1772937141.273116,312.79771941365397
1772937141.273124,-786.8818562433415
1772937141.2731314,-261.4537893752754
1772937141.2731395,1102.8737627337798
1772937141.273147,1351.598756930817
1772937141.2731547,167.0768383778967
1772937141.2731624,-722.1729554919461
1772937141.27317,-48.083653237462975
1772937141.273178,1202.4900054798816
1772937141.2731855,1240.3722130642934
1772937141.2731931,40.815614429676906
1772937141.273201,-652.0559323849408
1772937141.2732086,154.53843531809235
1772937141.2732165,1292.6832729172654
1772937141.273224,1132.8174334073276
1772937141.2732317,-76.13111628908548
1772937141.2732394,-581.0221229805702
1772937141.2732475,347.50344747370946
1772937141.2732556,1373.2458967984364
1772937141.2732632,1024.8136749314158
1772937141.273271,-186.3997775582287
1772937141.273279,-504.894499360204
1772937141.2732868,539.0480199293298
1772937141.2732944,1448.872401747312
1772937141.273302,914.925158713883
1772937141.2733097,-292.19204156585585
1772937141.2733173,-421.1428345565032
1772937141.2733252,734.3301931222248
1772937141.273333,1520.535174854392
1772937141.2733407,797.8754140059286
1772937141.273348,-399.31263341381236
1772937141.2733557,-330.12880975625364
1772937141.273363,936.9402409146701
1772937141.2733712,1589.5830292553535
1772937141.2733788,671.1847154811501
1772937141.2733867,-508.5567990777121
1772937141.2733943,-226.8134549925658
1772937141.273402,1152.783253395808
1772937141.2734098,1653.5600731063985
1772937141.2734175,522.8959656519538
1772937141.273425,-631.2769545164865
1772937141.2734327,-112.2590504278501
1772937141.2734404,1388.492531324873
1772937141.2734482,1716.130678223159
1772937141.2734559,350.22406093459114
1772937141.2734635,-767.9289731086886
1772937141.273471,22.917390458406647
1772937141.2734792,1655.671958068995
1772937141.2734869,1775.7436732357028
1772937141.2734947,137.00453585083562
1772937141.2735023,-930.8817709146506
1772937141.27351,186.2254820717331
1772937141.2735176,1972.3050160213606
1772937141.2735252,1835.8280361710554
1772937141.2735329,-134.08229600920995
1772937141.2735405,-1133.2045970408606
1772937141.2735481,392.38303530148977
1772937141.2735558,2365.536122379517
1772937141.2735636,1895.92258597582
1772937141.2735713,-499.22856773276607
1772937141.273579,-1400.8659582948576
1772937141.2735865,669.5955831352904
1772937141.2735941,2890.430765351899
1772937141.2736018,1960.9100441270532
1772937141.2736094,-1024.4979735065351
1772937141.2736173,-1784.7239062283745
1772937141.273625,1072.5053986972164
1772937141.2736325,3655.592408857935
1772937141.2736404,2028.7667317826863
1772937141.273648,-1873.5512523029329
1772937141.2736557,-2406.3167210037354
1772937141.2736633,1765.2589530060804
1772937141.2736712,4988.712946573684
1772937141.2736788,2036.6574742880464
1772937141.2736864,-3967.3995404392595
1772937141.3780327,1100.1817542951726
1772937141.378065,2400.5839305518184
1772937141.3780808,1142.5870508479904
1772937141.3780951,-1114.016102247113
1772937141.3781087,-1124.4167141194373
1772937141.3781233,1436.1967312709198
1772937141.3781364,3099.041286713686
1772937141.3781497,1246.9905892759296
1772937141.3781629,-1855.4015914980146
1772937141.378176,-1716.6919910396448
1772937141.3781888,1999.4986396147494
1772937141.3782022,4283.853554633434
1772937141.378215,1393.3278832085612
1772937141.3782282,-3264.5160253189765
1772937141.3782413,-2883.0671980710226
1772937141.378255,3124.834506596624
1772937141.3782675,6812.073391888827
1772937141.3782809,1718.4110500317488
1772937141.3782935,-6818.174216842847
1772937141.3783064,-6250.655497486663
1772937141.3783195,6411.401278946267
1772937141.3783324,16249.252483727454
1772937141.3783514,4279.185976341641
1772937141.3783631,-29355.576156556148
1772937141.3783753,-60207.16141762846
1772937141.7906792,-63690.4013956688
1772937141.7907155,-32060.869283419423
1772937141.790742,4168.217101038723
1772937141.7907686,16524.08077288814
1772937141.790795,4152.178693096446
1772937141.7908225,-10377.919807474682
1772937141.7908497,-9421.731818370601
1772937141.7908757,1939.4990593203866
1772937141.7909021,7159.5103493289735
1772937141.7909276,684.2127476643133
1772937141.7909365,-7083.428613924451
1772937141.7909443,-5653.218444588257
1772937141.7909527,1878.479610281818
1772937141.7909608,4638.062695818491
1772937141.7909694,-631.9800774924904
1772937141.7909777,-5962.921145532966
1772937141.7909865,-4001.0240315836177
1772937141.790995,2001.3551031380846
1772937141.7910028,3441.0031804246605
1772937141.7910113,-1406.7284268501862
1772937141.7910192,-5413.021576292935
1772937141.7910273,-2990.8272493879103
1772937141.7910352,2182.6168126482335
1772937141.7910435,2714.6888160447475
1772937141.7910511,-1982.348568739472
1772937141.7910595,-5095.028158793032
1772937141.7910671,-2239.478681129344
1772937141.7910745,2403.047828813164
1772937141.7910826,2195.8402952005335
1772937141.7910905,-2488.605109393634
1772937141.791098,-4900.069448756375
1772937141.7911112,-1597.5368331139944
1772937141.791124,2666.3933640756973
1772937141.7911367,1776.0898524708527
1772937141.791147,-2989.8404690222565
1772937141.7911549,-4779.427364701085
1772937141.7911625,-981.0933150352093
1772937141.7911701,2986.6443268867197
1772937141.7911785,1393.4879662096398
1772937141.791186,-3538.8080000878426
1772937141.7911937,-4710.816392234255
1772937141.7912014,-323.00821222752194
1772937141.791209,3389.4335438335443
1772937141.7912169,995.9441680482523
1772937141.7912245,-4202.245792530124
1772937141.791232,-4685.181530844264
1772937141.79124,461.6011519553736
1772937141.7912476,3927.7981078653856
1772937141.7912552,518.1426225160417
1772937141.791263,-5097.4194264924345
1772937141.7912707,-4707.254177356176
1772937141.7912784,1523.3771607877388
1772937141.7912862,4719.425205933122
1772937141.7912939,-164.13185763058067
1772937141.7913017,-6490.573889443692
1772937141.7913096,-4800.639888615936
1772937141.7913175,3248.474652304207
1772937141.791325,6110.747446081061
1772937141.791333,-1391.582850013306
1772937141.7913406,-9243.127472614591
1772937141.7913485,-5098.260818505949
1772937141.791356,7113.340590420662
1772937141.7913637,9712.445208746512
1772937141.791371,-4772.293717264079
1772937141.7913792,-18876.791304743318
1772937141.791387,-7588.132698343251
1772937141.7913947,29848.263019174115
1772937141.7914023,63280.74587042106
1772937141.7914102,61847.78875298377
1772937141.7914176,27444.45998254745
1772937141.7914252,-7758.0457570125445
1772937141.7914329,-16518.39636201547
1772937141.7914405,-2945.0683668636493
1772937141.791448,8586.276156536904
1772937141.791456,4512.921750098709
1772937141.791464,-5622.367160631755
1772937141.7914715,-6766.23916651686
1772937141.791479,984.1416232491212
1772937141.7914872,5234.733474615314
1772937141.7914948,236.3162752971208
1772937141.7915027,-5774.04411698002
1772937141.79151,-3710.6169565488167
1772937141.7915175,3011.8517140268955
1772937141.7915251,4049.686594671624
1772937141.791533,-2253.5814038391086
1772937141.7915404,-6338.6536076301
1772937141.7915487,-1710.7842745799949
1772937141.7915564,4998.022957742789
1772937141.7915645,3435.409128194954
1772937141.791572,-4787.100094972056
1772937141.79158,-7463.050375170881
1772937141.791588,431.0720039024331
1772937141.7915964,7984.99831147565
1772937141.791604,3049.092528161369
1772937141.7916121,-8928.77208775513
1772937141.79162,-10101.722448441988
1772937141.791628,4311.956656784583
1772937141.7916355,15159.192917889495
1772937141.7916431,2772.1935835414733
1772937141.7916505,-21932.880657787504
1772937141.7916582,-21731.117975852467
1772937141.7916656,24786.721813028194
1772937141.7916734,90994.81366482184
1772937142.149342,2685.0862283758006
1772937142.1493628,1529.4324037245515
1772937142.1493745,-637.7631694465684
1772937142.149387,-726.0421557005807
1772937142.149396,1310.190097233293
1772937142.1494052,2554.621628763943
1772937142.1494133,1308.923133952214
1772937142.1494217,-592.8264392023855
1772937142.1494303,-468.8901114267345
1772937142.1494384,1446.6807936059743
1772937142.149446,2431.1552077415417
1772937142.149454,1148.83754756578
1772937142.149462,-533.3620776169985
1772937142.1494699,-248.89476650667936
1772937142.1494775,1554.5173515226645
1772937142.1494856,2323.6072467218014
1772937142.1494935,1021.1739703721512
1772937142.149501,-471.6187916926106
1772937142.1495087,-60.873781666942406
1772937142.1495163,1635.6626879246855
1772937142.1495245,2226.4624843752886
1772937142.149532,927.6462706364391
1772937142.14954,-394.220960783996
1772937142.1495476,100.56363046821463
1772937142.1495557,1673.107036533508
1772937142.1495633,2128.2550357730106
1772937142.1495707,911.0842309954353
1772937142.1495783,-231.69749850955708
1772937142.149586,132.4484232316073
1772937142.149594,1052.1636815064628
1772937142.6770988,559.3737073357491
1772937142.6771345,-877.9820956191096
1772937142.6771617,-2478.8485139087943
1772937142.677188,-1982.1750205726514
1772937142.6772141,-101.60792407570192
1772937142.6772408,515.2310108312605
1772937142.6772676,-976.5070022068547
1772937142.6772945,-2453.454112332132
1772937142.677321,-1834.0378791008186
1772937142.677348,0.5354127587915863
1772937142.6773741,470.20181996160505
1772937142.677401,-1066.9227803346762
1772937142.6774087,-2428.4940701314804
1772937142.6774168,-1694.2367377567011
1772937142.6774247,98.11529878274933
1772937142.6774328,429.96028988755313
1772937142.6774404,-1149.8185883647134
1772937142.6774483,-2402.2399204470853
1772937142.677456,-1559.6715108181304
1772937142.6774642,190.84591976078787
1772937142.677472,389.6066831088986
1772937142.6774797,-1230.845033349851
1772937142.6774876,-2376.801756844711
1772937142.6774955,-1428.7621869140726
1772937142.677503,280.861403851131
1772937142.6775107,349.9891041689302
1772937142.6775184,-1308.7172092894396
1772937142.677526,-2347.911004852755
1772937142.6775336,-1294.9187482249988
1772937142.6775413,373.0090298779183
1772937142.677549,310.5936902037449
1772937142.6775568,-1389.179120044107
1772937142.6775644,-2323.354461339843
1772937142.677572,-1164.8495534870158
1772937142.67758,463.0529565732321
1772937142.677588,270.2044894496398
1772937142.677596,-1469.784375870726
1772937142.6776035,-2297.2224162978223
1772937142.677611,-1031.517802308433
1772937142.6776192,555.6875114294608
1772937142.6776268,229.50145796726073
1772937142.6776347,-1552.2843492404359
1772937142.6776426,-2270.860112050517
1772937142.6776505,-894.915365946163
1772937142.677658,650.8448407749438
1772937142.6776657,187.05215927415273
1772937142.677673,-1638.6530583061754
1772937142.6776807,-2245.078721003096
1772937142.6776884,-754.6827769636855
1772937142.677696,748.2396640391371
1772937142.6777036,140.99249943297409
1772937142.6777115,-1730.640980467613
1772937142.677719,-2219.1826583726547
1772937142.6777267,-608.0350072351744
1772937142.6777344,849.6757565802287
1772937142.6777422,90.11518718822336
1772937142.67775,-1830.7434359803822
1772937142.6777575,-2193.659633828492
1772937142.6777651,-453.0331547629242
1772937142.677773,956.3391832262053
1772937142.677781,32.344683117840844
1772937142.6777887,-1942.4908514926
1772937142.6777964,-2169.495632265895
1772937142.677804,-287.2027802468278
1772937142.677812,1070.8352841582735
1772937142.6778202,-32.29221346697438
1772937142.677828,-2066.304373545403
1772937142.6778357,-2143.4105344139393
1772937142.677843,-103.94731350303348
1772937142.6778507,1197.23520642527
1772937142.6778584,-106.44898351247959
1772937142.6778665,-2208.133799013399
1772937142.677874,-2117.658550830413
1772937142.6778817,99.05485298888549
1772937142.6778893,1335.2686005286844
1772937142.677897,-198.32374138633094
1772937142.6779048,-2378.528767114933
1772937142.6779125,-2093.8774250168976
1772937142.67792,331.64414634954136
1772937142.6779275,1495.7644976412425
1772937142.6779356,-306.48282351352
1772937142.6779432,-2581.8167968849634
1772937142.6779509,-2069.9015540779783
1772937142.6779585,604.3076353034041
1772937142.677966,1683.2424431201928
1772937142.6779737,-443.6854274575412
1772937142.6779819,-2836.8562854767497
1772937142.6779895,-2047.422921326892
1772937142.6779974,936.19518523282
1772937142.6780052,1912.0080563714448
1772937142.678013,-623.3687414777139
1772937142.6780207,-3169.7463653762775
1772937142.678028,-2026.6321045498548
1772937142.6780357,1360.9897442347203
1772937142.6780436,2206.2704971784256
1772937142.6780512,-872.1420446608308
1772937142.6780589,-3632.1305258471607
1772937142.6780665,-2011.8558036224
1772937142.6780744,1941.4360990803902
1772937142.6780822,2616.1977356176653
1772937142.67809,-1236.3412881318466
1772937142.6780977,-4321.691675205258
1772937142.6781056,-2004.7266202353592
1772937142.6781135,2819.4340247728906
1772937142.678121,3254.959175776834
1772937142.6781287,-1834.3881362973275
1772937142.6781363,-5499.301680973349
1772937142.678144,-2037.848870703789
1772937142.678152,4358.371743360415
1772937142.6781597,4450.332183724171
1772937142.678167,-3002.5942626318188
1772937142.678175,-7999.489263592379
1772937142.6781828,-2218.6500228167715
1772937142.6781907,8033.079216735159
1772937142.6781983,7788.05009403954
1772937142.6782062,-6355.862225700768
1772937142.678214,-17293.397650031628
1772937142.6782217,-4467.788325853441
1772937142.6782293,30475.01479500859
1772937142.6782372,60459.3904190826
1772937143.1551676,-7698.135682910997
1772937143.1552114,-9391.58781598127
1772937143.1552365,4666.991569535995
1772937143.1552596,16974.155798589007
1772937143.1552832,8382.492350198618
1772937143.1553063,-14537.569534790779
1772937143.155326,-21765.623399719403
1772937143.1553454,5718.125146255253
1772937143.1553652,48398.937000924445
1772937143.155385,63342.28632945985
1772937143.155394,29279.99024919782
1772937143.1554031,-28060.006992387578
1772937143.1554174,-60195.400079586885
1772937143.1554291,-44188.6168477394
1772937143.1554403,-2857.333056736515
1772937143.1554525,22806.66348774773
1772937143.155465,15931.900731044241
1772937143.1554816,-4949.219387643009
1772937143.1554933,-12764.70338193568
1772937143.155504,-2099.986097428565
1772937143.1555147,10248.642574873105
1772937143.155526,9277.073444801856
1772937143.155538,-1228.9786805081678
1772937143.1555495,-6776.653288052029
1772937143.1555605,-1395.9223878968621
1772937143.1555717,6583.2788901549075
1772937143.1555824,6907.707640027666
1772937143.1555943,229.20792663180922
1772937143.1556072,-4219.943696587389
1772937143.1556184,-1146.1600478724722
1772937143.1556263,4754.810356133132
1772937143.155634,5797.055561366085
1772937143.155642,1166.3443115986508
1772937143.1556497,-2798.120934599794
1772937143.1556578,-1176.1639017140997
1772937143.1556656,3566.8512971709865
1772937143.1556735,5269.20125695252
1772937143.1556811,1990.0371252963039
1772937143.1556892,-1886.6018894004346
1772937143.1556969,-1458.5527885162217
1772937143.1557045,2608.3896251848396
1772937143.155712,5123.536984180847
1772937143.1557195,2918.822632590299
1772937143.1557276,-1244.1597377631826
1772937143.1557355,-2091.1105187710314
1772937143.1557431,1618.0597044091344
1772937143.1557512,5365.268086309218
1772937143.155759,4258.799619816766
1772937143.155767,-733.4378664733181
1772937143.1557748,-3420.1363283404617
1772937143.1557825,190.32649989644298
1772937143.1557903,6268.9481907436175
1772937143.1557984,6871.745492596399
1772937143.1558063,-172.96881829197892
1772937143.1558144,-6887.297580604386
1772937143.1558225,-3298.5733446738254
1772937143.155831,9388.038743060799
1772937143.1558397,16216.795698278514
1772937143.155848,2433.0687934873476
1772937143.1558561,-29009.275274379044
1772937143.1558645,-56071.61142634424
1772937143.1558728,-56648.38842121735
1772937143.155881,-29863.064400010997
1772937143.155889,2621.9441382813343
1772937143.1558971,17227.165305831888
1772937143.1559052,9762.64407465111
1772937143.1559136,-4078.194363011934
1772937143.1559217,-7583.310268234266
1772937143.155965,396.39038499171846
1772937143.155973,8030.969037136506
1772937143.1559808,6417.728801950074
1772937143.1559887,-811.0994785694745
1772937143.1559968,-3946.3987147115567
1772937143.1560047,248.49576097603236
1772937143.1560123,5573.502155518172
1772937143.15602,5250.608907403622
1772937143.1560276,360.063753449556
1772937143.1560352,-2421.4182481976413
1772937143.1560428,217.54322518946486
1772937143.1560504,4407.615507664994
1772937143.156058,4676.184590693617
1772937143.1560657,1021.4136559699665
1772937143.156073,-1558.958175845272
1772937143.1560805,166.58426614446287
1772937143.1560884,3684.5983735730824
1772937143.156096,4364.8801271404745
1772937143.156104,1516.6405434892777
1772937143.1561117,-988.7259958817126
1772937143.1561196,57.47691423389386
1772937143.1561272,3143.5288011490034
1772937143.1561348,4219.270685711173
1772937143.1561425,1986.2917667337779
1772937143.1561599,-568.7978725007634
1772937143.1561673,-145.3926481536897
1772937143.156175,2658.8380666283565
1772937143.1561828,4211.272529238138
1772937143.1561904,2523.7392486833232
1772937143.1561983,-234.7189128314833
1772937143.156206,-505.5012682446777
1772937143.156214,2133.751077378093
1772937143.1562216,4363.988267560836
1772937143.1562295,3254.700364198532
1772937143.1562371,55.65923730296618
1772937143.1562448,-1158.1816420425419
1772937143.1562524,1428.98030774587
1772937143.15626,4773.665178598936
1772937143.1562676,4442.959872409667
1772937143.1562753,346.85305257710513
1772937143.156283,-2472.0986747720185
1772937143.1562905,193.79950982240308
1772937143.1562984,5762.9014779432
1772937143.156306,6941.390912436776
1772937143.156314,785.9459635868781
1772937143.1563215,-5901.605872253237
1772937143.1563292,-3186.5862771325196
1772937143.1563368,8893.757146334763
1772937143.1563444,16225.140821326648
1772937143.1563523,3397.686392082118
1772937143.15636,-28026.289569388187
1772937143.1563675,-56346.10793610384
1772937143.6333392,1563.6743394508176
1772937143.6333747,-171.79593741463964
1772937143.633406,59.80399085050391
1772937143.6334326,1903.9914116479165
1772937143.6334596,2774.845574213031
1772937143.6334865,1488.3657390397088
1772937143.6335135,-119.98958884259658
1772937143.633546,199.2048881763808
1772937143.6335733,1976.1721577765143
1772937143.6336,2722.40257303074
1772937143.6336272,1424.810539900758
1772937143.633654,-69.9859642053144
1772937143.6336625,329.13558073444307
1772937143.63367,2044.1950639097784
1772937143.6336777,2673.65183936768
1772937143.6336856,1363.3008542157152
1772937143.6336937,-26.571235609166905
1772937143.6337013,449.08215303819276
1772937143.6337092,2108.7509529920344
1772937143.633717,2629.3008959725266
1772937143.633725,1305.9488335824249
1772937143.6337347,14.717991751736786
1772937143.633751,564.3016291250709
1772937143.633764,2173.4709599392404
1772937143.6337752,2590.876358837738
1772937143.633786,1253.7243503840166
1772937143.6337965,55.35194013644511
1772937143.6338067,675.8260335143083
1772937143.6338177,2237.4889273233807
1772937143.6338289,2555.8564281788786
1772937143.6338415,1204.2350954490078
1772937143.6338525,94.14484289329627
1772937143.6338603,782.8811489960889
1772937143.6338685,2299.3029086036986
1772937143.6338763,2522.601159122916
1772937143.6338847,1157.7193878185276
1772937143.6338923,134.25094364082838
1772937143.6339,890.1618001907058
1772937143.6339076,2362.668215105892
1772937143.6339154,2492.63047459511
1772937143.6339233,1113.835391624447
1772937143.6339314,174.0727262054193
1772937143.6339393,994.7149620374078
1772937143.633947,2423.4095629906424
1772937143.6339595,2462.095191215411
1772937143.6339705,1071.1915035333925
1772937143.6339817,215.07551356952055
1772937143.6339934,1098.6536622332121
1772937143.634006,2481.4991884171945
1772937143.6340184,2428.267094925743
1772937143.6340308,1026.4455737835362
1772937143.6340427,255.79299490016956
1772937143.634055,1203.1646914382457
1772937143.6340663,2539.988529881554
1772937143.6340792,2395.0944302692114
1772937143.6340904,983.6778946887213
1772937143.6340988,299.17584368001815
1772937143.6341069,1308.5064503145945
1772937143.6341145,2596.3028341007084
1772937143.634122,2359.4518603015235
1772937143.6341305,942.0993695703032
1772937143.6341383,347.17903762640805
1772937143.634146,1416.7635501475404
1772937143.634154,2650.010624782078
1772937143.634162,2318.6383230686793
1772937143.6341696,899.0634842594862
1772937143.6341772,398.3680387339679
1772937143.6341848,1526.681561938965
1772937143.6341925,2699.4444666211225
1772937143.6342,2272.5619582087015
1772937143.6342075,858.3881103612482
1772937143.6342163,459.0780128237354
1772937143.6342292,1642.2630897399713
1772937143.6342404,2743.437307820975
1772937143.634251,2217.814770097478
1772937143.6342623,819.4113811840415
1772937143.634273,531.5538343421207
1772937143.6342838,1763.5974403698058
1772937143.6342947,2777.217494490605
1772937143.6343074,2149.639843246741
1772937143.6343184,784.1257099912604
1772937143.634329,623.035734922568
1772937143.6343396,1893.6203598380507
1772937143.63435,2794.220088883001
1772937143.6343613,2059.422645930949
1772937143.634375,752.7571880626492
1772937143.634395,740.9217891112622
1772937143.6344073,2033.31168953422
1772937143.634421,2783.375369791876
1772937143.6344316,1938.3524777761288
1772937143.63444,735.5505028948784
1772937143.6344516,906.5452906156593
1772937143.634465,2186.388183132421
1772937143.6344793,2720.1608836249643
1772937143.6344883,1763.9422533573993
1772937143.6344967,748.737839728009
1772937143.6345053,1162.4939403177211
1772937143.6345134,2364.911066853233
1772937143.6345215,2561.222868625786
1772937143.63453,1494.618413202389
1772937143.6345384,825.9081255039566
1772937143.6345468,1590.4494143003315
1772937143.634555,2575.340902531305
1772937143.6345632,2185.133379587099
1772937143.6345716,1021.4807894926868
1772937143.6345801,1058.8877679362247
1772937143.6345885,2423.241727708177
1772937143.6345968,2859.445642311726
1772937143.6346052,1265.5354312319992
1772937143.6346133,27.615236965907737
1772937143.634627,1744.013020910168
1772937143.6346405,4457.3823826269645
1772937143.6346552,3357.290304036731
1772937143.6346688,-1593.003363572935
1772937143.6346824,-3060.6036116455184
1772937143.6346912,4390.221434346725
1772937143.6346996,13073.540134429608
1772937143.634708,6104.435550903304
1772937143.634718,-22780.825588046773
1772937143.634732,-55592.75019474067
1772937144.1140835,25.192298250069975
1772937144.1141214,26.77942779719757
1772937144.1141484,35.25365373256093
1772937144.1141708,46.83074434691963
1772937144.1141937,52.8503118799503
1772937144.114216,51.95159578551554
1772937144.1142387,52.2752622510443
1772937144.1142614,60.369858610088734
1772937144.1142843,72.15920260725218
1772937144.114307,78.61085572557064
1772937144.1143293,78.26051406291616
1772937144.1143477,79.13189242534392
1772937144.1143565,87.39951617395494
1772937144.1143644,98.70306261404136
1772937144.1143723,104.30346846863054
1772937144.1143801,103.42642323205926
1772937144.114388,104.40832451764263
1772937144.1143956,112.97306322666086
1772937144.1144035,124.11822344842935
1772937144.1144114,129.11611101401283
1772937144.1144192,127.88773807085428
1772937144.114427,129.31436448425885
1772937144.1144352,138.87413292525986
1772937144.114443,150.84849322839065
1772937144.1144507,156.10339689255184
1772937144.1144583,154.69093041597452
1772937144.1144662,155.70251320361606
1772937144.1144738,164.5903688992404
1772937144.1144817,175.7013089839323
1772937144.1144893,180.42696582393376
1772937144.1144974,179.4243367644711
1772937144.114505,181.65409466421931
1772937144.1145127,191.60651690933076
1772937144.1145205,202.82562833737668
1772937144.1145284,206.99962595507805
1772937144.1145363,205.8075120772392
1772937144.1145442,208.62924519915396
1772937144.114552,219.16602914844484
1772937144.1145597,229.93124725158995
1772937144.1145675,232.70835124922107
1772937144.1145754,230.40979804761102
1772937144.1145833,233.3833430778528
1772937144.114591,244.96111664463675
1772937144.1145985,256.5151678503136
1772937144.1146061,259.30147099590516
1772937144.114614,256.71926515988866
1772937144.1146216,259.64070842624176
1772937144.1146293,271.0888376361374
1772937144.114637,281.794513461694
1772937144.1146443,283.1958583423544
1772937144.1146524,279.79428233081416
1772937144.1146605,283.2269427456642
1772937144.1146684,295.9555576686077
1772937144.1146762,307.47136530529053
1772937144.114684,308.7863183458017
1772937144.114692,305.1754980959808
1772937144.1146994,309.04977312555957
1772937144.1147072,322.52009915352056
1772937144.1147149,334.109897770468
1772937144.1147227,334.6967514265162
1772937144.1147304,330.62549799458384
1772937144.114738,335.2806138564966
1772937144.1147456,350.3667203160597
1772937144.1147535,363.05456730534127
1772937144.1147654,363.48806931005197
1772937144.1147757,358.5443963307581
1772937144.114786,362.42961379565514
1772937144.1147966,376.89436489051894
1772937144.1148093,388.7448048202983
1772937144.1148193,388.4406276079159
1772937144.114827,383.7918378844061
1772937144.1148348,389.1533683944699
1772937144.1148424,404.92866801681
1772937144.1148503,416.451096617788
1772937144.1148582,414.5088121001492
1772937144.1148658,408.8521753778044
1772937144.1148736,415.00410760213384
1772937144.1148813,432.18758226168296
1772937144.1148891,443.6572639530435
1772937144.1148968,439.9506146402467
1772937144.1149044,432.7626498591376
1772937144.114912,439.15234612541656
1772937144.11492,457.3735032092106
1772937144.1149278,468.59303846902145
1772937144.1149356,463.24680661116855
1772937144.1149433,455.37184478932994
1772937144.114951,463.67971650011697
1772937144.1149588,484.81705805637364
1772937144.1149664,496.8646131748715
1772937144.1149743,489.7685874937468
1772937144.114982,480.47872205101345
1772937144.1149895,490.0919012905308
1772937144.1149979,513.6164082148882
1772937144.1150055,525.4968919416685
1772937144.1150131,515.2530073337813
1772937144.1150208,503.752322417998
1772937144.1150286,515.1849019221418
1772937144.1150365,542.0722464550933
1772937144.115044,553.5587237821932
1772937144.1150517,538.4835251439904
1772937144.1150596,523.5626254075303
1772937144.1150672,537.9684926985168
1772937144.1150749,570.8950970472594
1772937144.1150825,583.3386182809154
1772937144.11509,562.4696627333107
1772937144.1151114,543.6128929619247
1772937144.1151192,563.7999011799061
1772937144.1151268,606.7195194378168
1772937144.1151345,619.1033724896395
1772937144.115142,584.6455164837636
1772937144.1151495,555.0223052186543
1772937144.1151574,584.85237939114
1772937144.115165,649.5505485969288
1772937144.1151726,664.5295090507814
1772937144.1151803,599.3264476363405
1772937144.115188,540.710443835083
1772937144.1151955,598.459970623601
1772937144.1152031,743.2166546923493
1772937144.1152108,779.0605516136396
1772937144.1152184,520.8247048604063
1772937144.596694,-51.03449262505396
1772937144.5967326,-50.04406297282697
1772937144.596759,-50.68724762802183
1772937144.5967858,-44.38853745859928
1772937144.5968125,-32.57878083297792
1772937144.596839,-24.587901236019242
1772937144.5968657,-24.542999063449738
1772937144.596892,-25.62113500898768
1772937144.5969188,-19.578289442645286
1772937144.5969455,-8.117896555323721
1772937144.596972,-0.26031565606845836
1772937144.5969996,0.39946689115377376
1772937144.5970166,0.5778786008113821
1772937144.597025,7.585356213975291
1772937144.5970328,18.856049566572473
1772937144.597041,25.56466905117895
1772937144.5970485,25.23341669140589
1772937144.5970569,25.481367253193792
1772937144.5970645,33.48392812649688
1772937144.5970724,45.857852005987894
1772937144.59708,53.214470568960024
1772937144.5970879,53.1107691697019
1772937144.5970957,53.32982167317558
1772937144.5971036,60.92693103581126
1772937144.5971112,72.3891870313547
1772937144.5971189,78.66274169899224
1772937144.5971272,77.93757950158856
1772937144.5971348,78.2152561700278
1772937144.5971427,86.06459977149184
1772937144.59715,97.39534654266157
1772937144.597158,103.24800543915237
1772937144.5971656,102.46569563728339
1772937144.5971732,103.38929599203223
1772937144.597181,112.12981413653566
1772937144.5971887,123.89892128588411
1772937144.5971963,129.66042182898335
1772937144.5972044,128.82944009795048
1772937144.5972123,130.15243016793724
1772937144.59722,139.43959938337053
1772937144.5972278,151.33849268394454
1772937144.5972352,156.7546620098601
1772937144.5972428,155.56461596257972
1772937144.5972507,156.77071254678717
1772937144.5972583,165.85499590330357
1772937144.5972662,177.11447845439253
1772937144.5972743,181.78707218568633
1772937144.5972817,180.51218387099507
1772937144.5972893,182.48137527356607
1772937144.5972967,192.39188643294264
1772937144.5973043,203.65586565774854
1772937144.597312,207.62987066035143
1772937144.5973196,205.94409932486278
1772937144.5973272,208.384637401978
1772937144.5973349,219.07366102446548
1772937144.5973425,230.44590836939537
1772937144.59735,233.81091842040047
1772937144.5973577,231.8098531722825
1772937144.5973651,234.98938817834568
1772937144.5973732,246.90101043091283
1772937144.597381,258.6391911547178
1772937144.5973887,260.93483800536245
1772937144.5973964,257.23065968863773
1772937144.597404,259.28890971736985
1772937144.5974116,271.050661450235
1772937144.5974195,283.14136567568266
1772937144.5974274,285.89644682238065
1772937144.5974352,282.89289633319123
1772937144.597443,285.98352645919937
1772937144.5974505,298.5871216900646
1772937144.5974584,310.6496988752693
1772937144.597466,312.59655176652274
1772937144.597474,308.88362660955875
1772937144.597482,311.9685885161898
1772937144.5974896,324.856462746303
1772937144.5974975,336.6959801970096
1772937144.597505,337.9079025713018
1772937144.5975132,333.8004464921143
1772937144.5975208,337.3482962778524
1772937144.5975287,350.9476400052273
1772937144.5975363,362.7984468488562
1772937144.5975444,363.3587144940944
1772937144.5975523,358.9333253830806
1772937144.5975602,363.0174979861476
1772937144.597568,377.2143013435749
1772937144.597576,388.68749810358526
1772937144.597584,388.2153784492641
1772937144.5975919,383.57935369780165
1772937144.5975995,388.9327921139699
1772937144.5976071,404.59271683908844
1772937144.5976152,415.95635188999273
1772937144.5976229,413.87425446477147
1772937144.5976305,408.0867776448672
1772937144.597638,414.1047105956287
1772937144.5976455,431.1992511960229
1772937144.5976532,442.71039216289716
1772937144.5976605,439.2570898803512
1772937144.5976684,432.5848588382419
1772937144.597676,439.69790010565447
1772937144.597684,458.6016446073888
1772937144.5976913,470.10349679479856
1772937144.5976992,464.47536415002145
1772937144.597707,456.01798933326745
1772937144.597715,463.939135528394
1772937144.5977228,485.1134548866555
1772937144.5977304,497.35242262585115
1772937144.597738,490.20822167567803
1772937144.5977457,480.6589980660364
1772937144.5977533,490.2532360411821
1772937144.597761,514.2631453614996
1772937144.5977683,526.7560610009301
1772937144.5977762,516.5943895694925
1772937144.5977838,504.5242797834523
1772937144.5977912,515.4087688252152
1772937144.5977988,542.5400499967157
1772937144.5978065,555.0530668309781
1772937144.597814,540.9703584281665
1772937144.597822,526.2339851694404
1772937144.5978298,540.0175049157239
1772937144.5978372,572.1240403366761
1772937144.5978453,584.0333923498861
1772937144.5978527,562.8923776884627
1772937144.6710806,543.7891515950799
1772937144.6711268,563.7224114021366
1772937144.6711483,606.5195663693871
1772937144.671172,618.9058699221082
1772937144.6711872,584.3715305927388
1772937144.6712,554.4899843484187
1772937144.6712115,584.05694831048
1772937144.6712234,648.7201581622846
1772937144.6712327,663.8962594561856
1772937144.6712465,598.9854867100262
1772937144.6712608,540.7634513316311
1772937144.6712742,599.0935739704481
1772937144.6712887,744.3502708738689
1772937144.6713023,779.8998738221064
1772937144.6713111,520.0992895041554
1772937144.67132,-0.04276455367248127
1772937144.7529168,117264.88714493657
1772937144.8688085,28441.900133518775
1772937144.8688335,-2186.0838189425467
1772937144.8688455,-14396.817980585045
1772937144.8688557,-7262.862292134645
1772937144.8688655,4093.8354280621443
1772937144.8688753,6626.003269096026
1772937144.868884,642.1293656155851
1772937144.8688931,-4965.013595138401
1772937144.8689048,-4359.414134189056
1772937144.8689137,250.99668770022183
1772937144.8689225,3140.953931210346
1772937144.8689313,1669.4194054393813
1772937144.86894,-1962.4502312175925
1772937144.8689485,-3789.4063686736395
1772937144.868957,-1954.725297323146
1772937144.8689651,1695.864331839149
1772937144.8689735,3183.5852093852977
1772937144.8689816,290.8771968023765
1772937144.8689902,-4325.676331410198
1772937144.8689988,-4909.1737605408025
1772937144.8690069,741.9576272991648
1772937144.8690152,6740.606124879641
1772937144.8690236,4169.900567002262
1772937144.869032,-7218.388245800503
1772937144.8690407,-14293.711690274899
1772937144.869053,-1962.033606384193
1772937144.869066,28676.04278316795
1772937144.8690794,56229.25012029413
1772937145.4925108,-943.10666796161
1772937145.492548,406.0794174381442
1772937145.4925709,-273.15191142125815
1772937145.492594,-1864.3834555817155
1772937145.4926193,-2103.1081517372104
1772937145.4926484,-758.7695939747632
1772937145.492668,204.82749733840186
1772937145.4926877,-508.6523104277717
1772937145.4927068,-1788.8823893893787
1772937145.4927292,-1817.510151386823
1772937145.4927392,-630.4159854120226
1772937145.492748,52.343992312851945
1772937145.4927564,-680.631272812215
1772937145.492765,-1715.2496541150274
1772937145.4927733,-1583.092026720544
1772937145.4927816,-528.1387911040949
1772937145.4927897,-69.47409845516552
1772937145.4927983,-808.624135635444
1772937145.4928071,-1637.2758800242882
1772937145.4928155,-1379.4044952864583
1772937145.492824,-444.7950746666752
1772937145.4928324,-175.35514451964573
1772937145.4928412,-912.5961360744145
1772937145.4928493,-1562.4329525913286
1772937145.4928577,-1202.700178156526
1772937145.492866,-378.67617801043997
1772937145.4928749,-270.8830269296337
1772937145.4928834,-997.2264189171964
1772937145.4928918,-1486.2619182063986
1772937145.4929004,-1042.8641891398659
1772937145.4929085,-323.95345709992597
1772937145.4929168,-357.5627647306833
1772937145.4929252,-1064.5360674857714
1772937145.4929335,-1404.9104257237614
1772937145.492942,-893.0319679881553
1772937145.49295,-278.853496481451
1772937145.4929583,-441.534495891295
1772937145.4929664,-1123.0506331712352
1772937145.4929748,-1322.6973616594096
1772937145.492983,-752.7887428128831
1772937145.4929914,-241.9740423650092
1772937145.4929996,-521.7657411756179
1772937145.493008,-1169.4328724019192
1772937145.4930162,-1232.4639135137681
1772937145.4930248,-614.8261521360579
1772937145.493033,-211.4803138708215
1772937145.4930413,-603.0834097681495
1772937145.4930496,-1210.7390268697218
1772937145.4930575,-1138.6712321654445
1772937145.493066,-480.3844714400333
1772937145.4930742,-187.55871709990717
1772937145.4930823,-685.4024427984211
1772937145.4930909,-1245.5400797059112
1772937145.493099,-1039.1114352571542
1772937145.4931073,-350.0356921834856
1772937145.4931157,-176.10634638322344
1772937145.493124,-777.0513341000647
1772937145.4931324,-1278.0435741157978
1772937145.4931407,-930.4305993782135
1772937145.4931488,-216.1364733977787
1772937145.4931571,-171.13966031233448
1772937145.4931655,-875.9302007574822
1772937145.4931738,-1307.7510183755942
1772937145.493182,-811.8069699434913
1772937145.4931962,-78.88043083647243
1772937145.4932044,-175.182711326938
1772937145.4932122,-984.0682775600683
1772937145.49322,-1331.5273118282705
1772937145.493228,-675.1270604316632
1772937145.4932358,68.20093572376017
1772937145.4932437,-189.29118587581254
1772937145.4932516,-1107.936795921024
1772937145.4932594,-1353.9559098826182
1772937145.4932673,-520.3974598502759
1772937145.4932747,224.32271795529036
1772937145.4932823,-219.94754231734154
1772937145.49329,-1255.2184023230775
1772937145.4932976,-1374.278850653443
1772937145.4933052,-337.1520588866705
1772937145.4933128,398.40107606812126
1772937145.4933207,-270.39836440284927
1772937145.4933283,-1437.0064353916216
1772937145.4933364,-1397.212553971501
1772937145.4933443,-119.18026878514141
1772937145.4933524,595.1792649433124
1772937145.49336,-348.99745520806977
1772937145.493368,-1665.854732040235
1772937145.493376,-1418.690521368879
1772937145.4933836,156.86626956631616
1772937145.4933913,831.8665133888649
1772937145.493399,-467.39572630722984
1772937145.4934063,-1967.6564582372146
1772937145.4934144,-1440.199823063771
1772937145.493422,523.7516199687833
1772937145.4934297,1134.811396365053
1772937145.4934373,-646.5032448999707
1772937145.493445,-2388.098919505579
1772937145.4934528,-1464.6348478614314
1772937145.4934604,1039.243745365622
1772937145.493468,1545.3024015350077
1772937145.493476,-941.9204965089947
1772937145.4934838,-3034.071552634824
1772937145.4934916,-1504.4626061906379
1772937145.4934995,1834.3587109502932
1772937145.493507,2172.591599602035
1772937145.4935148,-1462.9229910198353
1772937145.4935226,-4147.9329524972045
1772937145.4935305,-1576.8511262726738
1772937145.4935384,3277.105242740447
1772937145.4935462,3345.739989097498
1772937145.493554,-2535.0098256284596
1772937145.4935615,-6549.22182097616
1772937145.4935694,-1798.4190452139317
1772937145.4935772,6793.343268445153
1772937145.4935849,6604.4289471852635
1772937145.4935925,-5731.770752142602
1772937145.4936004,-15567.246439310768
1772937145.493608,-4036.0589862005713
1772937145.4936159,28607.06185986491
1772937145.4936235,57977.94326494688
1772937145.98334,33.857719348223135
1772937145.9833827,32.04739575445984
1772937145.98341,30.209398945036956
1772937145.9834363,37.85271781027131
1772937145.9834633,51.31141617394431
1772937145.98349,58.807447438620265
1772937145.9835174,56.890994269013
1772937145.983544,55.29328441635659
1772937145.9835703,63.37501865457959
1772937145.9835975,77.08927526501095
1772937145.9836245,84.66928705053643
1772937145.983646,83.0620422009653
1772937145.983657,82.11898329725292
1772937145.9836698,90.73551829551079
1772937145.9836822,104.40712875112601
1772937145.983695,111.61653859000407
1772937145.9837084,110.00920903169303
1772937145.9837208,109.61415808960368
1772937145.9837332,118.64052214010505
1772937145.983745,131.90115619725245
1772937145.9837568,138.17249799032754
1772937145.9837644,136.06534716158117
1772937145.9837725,135.94771252171452
1772937145.9837804,145.16718843263214
1772937145.9837885,157.5127299243751
1772937145.983796,161.98616416498626
1772937145.983804,158.6087610082702
1772937145.983812,158.77986400082563
1772937145.98382,169.35281649677347
1772937145.983828,182.7843745921656
1772937145.9838357,187.513911147136
1772937145.9838433,184.25371250778682
1772937145.983851,185.18669585457718
1772937145.9838588,196.85426653419702
1772937145.9838665,210.65700919371542
1772937145.983878,214.5973971116235
1772937145.9838896,210.11639471701264
1772937145.9839003,210.3638713354794
1772937145.9839115,222.00238312510302
1772937145.9839218,235.88030739299657
1772937145.9839325,239.80247320584485
1772937145.9839435,235.6931547722347
1772937145.9839563,237.01312800476063
1772937145.9839675,249.79547171964626
1772937145.9839785,263.83224625100644
1772937145.9839892,266.6491893351982
1772937145.9840004,260.98684517117744
1772937145.984012,261.27770812259035
1772937145.9840238,273.7971228233042
1772937145.984042,288.11536674437826
1772937145.9840584,291.8175811292611
1772937145.98407,287.8458564150879
1772937145.9840782,290.06223734711415
1772937145.9840865,303.30919551628864
1772937145.9840963,316.296109871707
1772937145.9841094,317.6676124316087
1772937145.9841225,312.58413070066086
1772937145.984136,315.8963280858675
1772937145.9841444,330.99992078752337
1772937145.9841664,344.3534121499346
1772937145.9841747,344.17419525122915
1772937145.9841833,337.43607015358407
1772937145.9841917,340.756532296176
1772937145.9842,357.17877834963804
1772937145.9842086,371.4095825966946
1772937145.9842172,370.9258497050846
1772937145.9842255,363.8067879068122
1772937145.9842343,367.8392181807129
1772937145.984243,385.45260547998294
1772937145.9842515,399.66538971326196
1772937145.98426,397.5158347525128
1772937145.9842684,388.6038363312885
1772937145.9842768,392.2542720231472
1772937145.9842908,410.51817898100364
1772937145.9843037,424.88221160975195
1772937145.9843183,422.0612788004956
1772937145.9843314,413.07091372367273
1772937145.9843447,418.2071196299875
1772937145.9843569,438.2669669509466
1772937145.9843652,452.6935060189591
1772937145.984374,448.3027058499304
1772937145.9843824,438.57934359287685
1772937145.9843905,445.40189735001326
1772937145.984399,467.7817032430612
1772937145.9844072,482.0200418797345
1772937145.9844155,474.68398987622834
1772937145.9844253,462.66028711553497
1772937145.9844396,470.6867066867467
1772937145.984454,496.2616756427174
1772937145.9844666,511.62447929176165
1772937145.98448,502.067825040429
1772937145.9844937,487.6666543628677
1772937145.9845023,496.30351218724263
1772937145.984511,523.9570702095534
1772937145.9845195,538.6507242068215
1772937145.9845283,525.0575555910558
1772937145.9845366,507.9639957400454
1772937145.984545,519.2026935736235
1772937145.9845536,551.9087077541567
1772937145.9845617,567.4953047792602
1772937145.98457,549.3533532333304
1772937145.9845784,529.0163893543298
1772937145.9845867,544.2907040612255
1772937145.9845948,584.2335041004463
1772937145.9846032,600.1386233025283
1772937145.9846115,573.2107005719056
1772937145.9846203,545.8537580233295
1772937145.984629,566.453221456483
1772937145.9846375,618.3179289193622
1772937145.984646,635.4216742139425
1772937145.9846542,593.7633852853035
1772937145.9846623,554.4789026657368
1772937145.9846709,586.9607259522973
1772937145.9846792,665.0268435812442
1772937145.9846897,685.3852013996872
1772937145.9847033,606.9608466861883
1772937145.9847174,532.67912673024
1772937145.9847314,597.8305427127558
1772937145.9847443,770.7242054929596
1772937145.984758,816.2232418862415
1772937145.9847665,511.5443593508538
1772937146.4932652,28.167131372223636
1772937146.4933014,49.757499167429884
1772937146.493328,68.26518432316932
1772937146.4933543,78.99319793425627
1772937146.4933808,80.2801140610092
1772937146.4934075,77.98133195311411
1772937146.4934344,81.21005040550749
1772937146.4934607,92.17948990557902
1772937146.4934871,103.20049681689869
1772937146.4935136,106.22897489287539
1772937146.4935405,103.42078276214056
1772937146.4935584,104.56438856468202
1772937146.4935665,114.25571960932007
1772937146.4935744,125.82565699512526
1772937146.4935825,130.36706396578734
1772937146.4935904,128.75477318075573
1772937146.4935982,130.2878902215724
1772937146.4936063,139.82689737135416
1772937146.4936144,151.16721790196243
1772937146.4936223,155.8031334473351
1772937146.4936304,154.85216242778318
1772937146.493638,157.44205965312923
1772937146.4936464,167.75103745807456
1772937146.493654,178.90452247864752
1772937146.493662,182.5028930284127
1772937146.4936695,180.582363965737
1772937146.4936771,183.08543033786225
1772937146.4936852,194.04347003938267
1772937146.4936929,205.71288875105319
1772937146.4937005,209.13685026424926
1772937146.4937086,206.65536658866722
1772937146.4937165,208.83936693326746
1772937146.493724,219.86105645676918
1772937146.4937315,231.61062895757638
1772937146.4937396,234.93098343078015
1772937146.4937472,232.45767807295303
1772937146.4937549,235.06932676079944
1772937146.4937625,246.69482047941966
1772937146.4937701,258.6396931007579
1772937146.493778,261.54103504200447
1772937146.4937856,258.4401017168644
1772937146.4937932,260.6759544479315
1772937146.493801,272.161683880067
1772937146.493809,283.93964201154864
1772937146.4938169,286.70134563945567
1772937146.4938245,283.81803065428795
1772937146.493832,286.5791405917594
1772937146.4938583,298.2397772132987
1772937146.4938664,309.33520906795763
1772937146.493874,311.03683800906236
1772937146.4938815,307.8336076497822
1772937146.4938889,311.4618409757285
1772937146.4938967,324.323921069048
1772937146.493904,335.7821066987506
1772937146.4939117,336.94618550498757
1772937146.4939194,333.3895595924376
1772937146.4939272,337.627547714445
1772937146.4939349,351.47758671738086
1772937146.4939425,363.0851697493659
1772937146.49395,363.2679957650417
1772937146.4939575,358.5557572649615
1772937146.4939654,362.3836369119124
1772937146.493973,376.36508355768564
1772937146.4939806,387.90899812639543
1772937146.4939888,387.9079877351483
1772937146.4939969,383.8276568231339
1772937146.4940042,389.43546046078325
1772937146.4940119,405.16545667958155
1772937146.4940193,416.8960197241457
1772937146.4940271,415.5331228436923
1772937146.4940345,410.1682795813518
1772937146.494042,415.7910777123057
1772937146.4940495,432.1589552771667
1772937146.4940572,443.63738235853043
1772937146.4940648,440.9944817267332
1772937146.4940724,434.84601877560465
1772937146.49408,441.22998742970344
1772937146.4940877,458.8527823942149
1772937146.494095,470.2330759811487
1772937146.494103,466.1050446446942
1772937146.4941106,459.1105327646354
1772937146.4941182,466.6470427385329
1772937146.494126,486.0345603277944
1772937146.494134,497.30065708528423
1772937146.4941416,491.00969863690057
1772937146.4941492,482.47811039192396
1772937146.4941573,491.20297323213333
1772937146.4941647,513.1059361123939
1772937146.4941723,525.0349794865231
1772937146.4941802,516.9017308814041
1772937146.4941895,506.90692382782703
1772937146.494202,516.9870209756868
1772937146.4942136,541.3986650907557
1772937146.4942255,553.2498126364281
1772937146.4942384,542.0078444453312
1772937146.4942498,529.9029732195543
1772937146.4942577,542.0152320123623
1772937146.4942656,569.9615933755897
1772937146.4942737,581.3954729010699
1772937146.4942813,565.294455324021
1772937146.4942887,550.2181187012019
1772937146.4942963,566.4063651843943
1772937146.4943044,601.5290264522835
1772937146.494312,614.0258175688708
1772937146.4943197,590.7249878947201
1772937146.4943273,569.5216971479332
1772937146.4943352,589.8743025357522
1772937146.4943428,634.712923893998
1772937146.4943511,647.8527585667968
1772937146.4943588,611.855383066858
1772937146.4943664,580.696746523668
1772937146.4943743,611.63351459459
1772937146.494382,679.1698460495351
1772937146.4943893,695.0846416344355
1772937146.494397,627.6171753094261
1772937146.4944043,567.2152837640107
1772937146.4944122,628.0329803568678
1772937146.4944198,778.8533030544278
1772937146.4944272,814.9410000417452
1772937146.4944353,543.4345195507353
1772937146.9734952,28.18252649537318
1772937146.973543,28.39342392817483
1772937146.9735692,36.05931851108
1772937146.9735963,47.796590811346135
1772937146.9736228,54.46510759612136
1772937146.9736495,53.941181619256895
1772937146.9736767,54.065178939429536
1772937146.9737031,61.62974461961602
1772937146.97373,72.89293726854154
1772937146.9737566,78.94877601601448
1772937146.9737833,78.37154701286154
1772937146.97381,79.28652537586186
1772937146.973818,87.8955146777446
1772937146.973826,99.61703338749777
1772937146.973834,105.41830166588893
1772937146.973842,104.53916192843867
1772937146.9738495,105.6841671405328
1772937146.9738576,114.86206895715935
1772937146.9738655,126.87783298836405
1772937146.9738731,132.5087182621876
1772937146.9738808,131.4231649698043
1772937146.9738889,132.72935610870067
1772937146.9738967,142.282279718682
1772937146.9739044,154.46946446918724
1772937146.973912,160.0048213371662
1772937146.9739196,158.84442466618353
1772937146.9739275,160.12796597874686
1772937146.9739351,169.25527096294059
1772937146.9739432,180.31087617949362
1772937146.9739509,184.53374725542392
1772937146.9739585,182.86299274287643
1772937146.973966,184.72373066579487
1772937146.9739735,194.61361840634154
1772937146.9739811,205.47503001610843
1772937146.9739888,208.50811738571986
1772937146.9739966,205.82013802896918
1772937146.9740045,207.92659877124098
1772937146.974012,219.21899327375746
1772937146.9740195,231.66895813258697
1772937146.9740276,235.84500980273197
1772937146.9740353,234.04548981527304
1772937146.974043,237.07543584032294
1772937146.9740505,248.95173019925772
1772937146.9740584,260.94946739199594
1772937146.9740665,263.6065720105768
1772937146.974074,260.0992583310735
1772937146.9740815,262.13660793697636
1772937146.9740891,273.80548049258255
1772937146.9740973,285.8507476950599
1772937146.974105,288.5466495733552
1772937146.9741125,285.29633623105354
1772937146.97412,287.8688744148895
1772937146.9741273,299.82750109738475
1772937146.974135,311.42532704948326
1772937146.9741426,313.3113216855413
1772937146.9741504,309.84986819443986
1772937146.974158,313.1200547388424
1772937146.974166,325.80741624459677
1772937146.9741735,337.18291456625496
1772937146.9741814,338.2246480706945
1772937146.9741893,334.7279224494541
1772937146.974197,339.52053306682444
1772937146.9742045,354.2129702175377
1772937146.9742122,366.24727609479135
1772937146.97422,366.0750726717583
1772937146.9742277,360.77596448115537
1772937146.9742355,364.66604435974637
1772937146.9742432,379.44739000070155
1772937146.9742508,391.6306446093533
1772937146.974259,391.28880830009706
1772937146.9742668,386.12493126947726
1772937146.9742744,390.8320655333455
1772937146.974282,406.28409258727095
1772937146.9742897,417.9310864799928
1772937146.9742975,416.2172336389473
1772937146.9743052,410.47512612946963
1772937146.9743125,416.16361829649895
1772937146.9743204,432.8216538353337
1772937146.974328,444.09482213301374
1772937146.9743357,440.7331101242312
1772937146.9743433,434.432591906028
1772937146.9743507,442.07744081857334
1772937146.9743588,461.56912746728665
1772937146.9743664,473.6379751860757
1772937146.974374,468.4684449800229
1772937146.9743817,460.2398793856152
1772937146.9743896,468.0571359581178
1772937146.9743977,488.8362937790381
1772937146.9744053,500.6459984641126
1772937146.974413,493.36754359990005
1772937146.9744208,484.06113354780274
1772937146.9744284,493.93545866817425
1772937146.974436,517.7625334109051
1772937146.9744437,529.4888196367532
1772937146.9744513,518.4802569932879
1772937146.9744594,506.1900410283803
1772937146.974467,517.6671471085918
1772937146.974475,545.6417824189455
1772937146.9744823,558.5286759761132
1772937146.97449,544.2475218756596
1772937146.974498,529.3084066147803
1772937146.9745057,543.376186767349
1772937146.9745133,576.0346669568484
1772937146.9745212,588.1250894836686
1772937146.9745288,566.6033640097945
1772937146.9745364,547.1239746143331
1772937146.974544,567.3010142213029
1772937146.974552,610.7985801054831
1772937146.9745595,623.6032639235564
1772937146.9745674,588.933046505142
1772937146.974575,558.980159458237
1772937146.974583,589.0608590661636
1772937146.9745905,654.0608430572588
1772937146.974599,667.9075583221288
1772937146.9746065,599.9939438780232
1772937146.9746144,539.7061517230901
1772937146.974622,599.8328264735994
1772937146.97463,749.763547721778
1772937146.9746382,786.6267983377284
1772937146.974646,517.7931068445179
1772937147.4543056,24.968324588429343
1772937147.454349,26.083910255684373
1772937147.4543772,34.1474040499322
1772937147.454406,45.554285633858996
1772937147.4544349,51.59006717114676
1772937147.4544635,50.81154673128485
1772937147.4544992,51.33080011548077
1772937147.4545329,59.6039291876682
1772937147.4545605,71.36217557907689
1772937147.454589,77.47905221054037
1772937147.4546175,76.66868653774073
1772937147.454646,77.25494576856147
1772937147.4546556,85.50515268154852
1772937147.4546647,96.87406293108798
1772937147.4546788,102.4532606209694
1772937147.4546926,101.5604875492512
1772937147.4547045,102.72893942372377
1772937147.454713,111.65663001325994
1772937147.4547217,123.09981554618187
1772937147.4547305,128.23805733989744
1772937147.4547389,127.21746274538103
1772937147.454747,129.10438170116834
1772937147.4547555,139.09876378037427
1772937147.4547644,150.94526156606125
1772937147.4547727,155.44034336873753
1772937147.454781,153.34715659400408
1772937147.454805,154.582395419914
1772937147.4548135,164.57682549432363
1772937147.4548218,176.75684291997928
1772937147.4548304,181.71972571751186
1772937147.4548388,180.34905987783858
1772937147.454847,182.49292912204302
1772937147.454856,192.99859289892245
1772937147.4548645,204.72100749413084
1772937147.4548726,208.46403759825958
1772937147.4548812,206.0000795895671
1772937147.4548895,207.78681495337293
1772937147.4548979,218.38476724895736
1772937147.454909,230.00588797807094
1772937147.4549224,233.41781915244738
1772937147.4549367,231.0236752183317
1772937147.4549472,233.63677445694077
1772937147.454956,245.25931627264686
1772937147.454965,257.2337735826337
1772937147.454974,260.2385718419645
1772937147.4549825,257.4806886969125
1772937147.4549906,260.4208046290311
1772937147.454999,272.72409066843977
1772937147.4550078,284.8959929879734
1772937147.4550164,287.38907909818823
1772937147.455025,284.0169637288608
1772937147.4550333,286.7551640132042
1772937147.4550416,298.9706212427116
1772937147.4550502,310.5856357254845
1772937147.4550586,312.19943190492273
1772937147.4550672,308.47867632121114
1772937147.4550755,311.8069882864376
1772937147.455084,324.8205572598561
1772937147.4550924,336.4203172758911
1772937147.4551008,337.250762647739
1772937147.455154,333.1036051369753
1772937147.4551623,337.1231568813474
1772937147.4551709,351.33938540590896
1772937147.455179,363.48875387922715
1772937147.4552052,364.02010169100663
1772937147.4552135,359.62194670773357
1772937147.455222,363.9550294118983
1772937147.45523,378.22624729879936
1772937147.4552383,389.0779935206317
1772937147.4552467,387.35529389303485
1772937147.4552548,381.5692641649953
1772937147.4552631,386.5535857357995
1772937147.4552712,402.59735839162755
1772937147.4552796,414.5380652670978
1772937147.4552877,412.88583097115685
1772937147.455296,407.6262408163631
1772937147.455304,414.64414900728457
1772937147.4553125,433.0486652557355
1772937147.4553204,445.47189625747444
1772937147.4553287,441.95836686715637
1772937147.4553368,434.38630047441393
1772937147.4553452,440.4477124497521
1772937147.4553535,458.76008516630753
1772937147.4553618,470.25968130818814
1772937147.45537,464.97706483713966
1772937147.4553783,456.92113442205
1772937147.4553866,465.11077583248357
1772937147.4553947,486.3315364091532
1772937147.4554029,498.43347928842456
1772937147.4554112,491.16942807833306
1772937147.4554193,481.75228191600706
1772937147.4554276,491.766827568445
1772937147.455436,516.2794664679209
1772937147.4554443,529.1455788860594
1772937147.455453,519.2071612435423
1772937147.4554608,507.2487489459363
1772937147.4554691,517.9891048605795
1772937147.4554772,544.5232325297657
1772937147.4554856,556.2152668327533
1772937147.455494,541.8909611406467
1772937147.4555023,528.2083241455606
1772937147.4555104,544.0538247327207
1772937147.4555185,577.8975221359624
1772937147.4555268,589.9770723076268
1772937147.455535,567.5062016087703
1772937147.4555433,546.8931442366356
1772937147.4555511,566.3868870585395
1772937147.4555595,609.8463624335367
1772937147.455568,623.0426124201676
1772937147.4555762,588.7131041834157
1772937147.4555843,558.5512198999573
1772937147.4555926,587.8236745474621
1772937147.4556007,652.16558660889
1772937147.4556088,666.5473833067646
1772937147.455617,600.3383175785825
1772937147.4556253,541.0995912831214
1772937147.4556334,599.5270905347537
1772937147.4556415,745.7747004189231
1772937147.4556496,781.9205120951121
1772937147.4556577,521.2279223428893
1772937147.9049137,76.78906632485344
1772937147.904951,77.38281642937402
1772937147.904974,85.23887589058222
1772937147.904997,96.07567644703481
1772937147.9050171,101.37752793365351
1772937147.905037,100.63797139850223
1772937147.905057,102.19824108970059
1772937147.9050767,111.41802103544045
1772937147.9050963,122.93105910467881
1772937147.9051147,128.10558788421287
1772937147.9051244,127.31241428117363
1772937147.9051332,129.57134192709267
1772937147.9051423,139.79813980592067
1772937147.905151,151.5401229445715
1772937147.9051592,155.7003103795657
1772937147.9051676,153.32291596531977
1772937147.905176,154.5015057545581
1772937147.905184,164.64541740793538
1772937147.9051924,177.08142667155718
1772937147.9052005,182.31306853106292
1772937147.9052093,181.07661765728832
1772937147.9052207,183.02695515855223
1772937147.9052312,193.0144273427807
1772937147.9052389,204.32163873742175
1772937147.9052465,208.39371435599168
1772937147.9052546,207.23461817373783
1772937147.9052622,210.71598262246675
1772937147.90527,222.3557194323714
1772937147.9052775,233.74369233135616
1772937147.9052851,235.96068077628777
1772937147.9052932,232.28329667415227
1772937147.9053009,234.13255809206626
1772937147.9053087,245.46131326885458
1772937147.905317,257.25481383624475
1772937147.9053247,260.05592326181244
1772937147.9053323,257.2099617883819
1772937147.9053402,260.2205390363981
1772937147.905348,272.5161319113893
1772937147.9053557,284.381226550941
1772937147.9053633,286.42189970182267
1772937147.9053712,282.85702970987404
1772937147.9053788,285.8090834225454
1772937147.9053864,298.28548234712525
1772937147.905394,309.7196400676764
1772937147.905402,310.673359131364
1772937147.9054098,306.31109021935345
1772937147.9054182,309.5282905999363
1772937147.9054258,322.97700395624497
1772937147.9055371,335.1533150256005
1772937147.905545,336.38290049085884
1772937147.9055526,332.5180795142923
1772937147.9055603,336.9079719686998
1772937147.905568,351.54007386160936
1772937147.9055755,363.85572346215497
1772937147.9055834,364.1518170800998
1772937147.9055912,359.39229213910806
1772937147.905599,363.7305722642244
1772937147.905607,378.59876878234985
1772937147.9056149,390.3814915181772
1772937147.9056232,389.4561589787728
1772937147.9056308,384.0857858016206
1772937147.9056385,389.19735296724576
1772937147.905646,405.2586170030836
1772937147.905654,417.0856031202454
1772937147.905662,414.98277161115954
1772937147.9056697,408.8208123417922
1772937147.9056773,414.6759191534771
1772937147.9056847,432.0863818652172
1772937147.9056926,444.077729804997
1772937147.9057002,440.82295071066983
1772937147.905708,434.03561043140536
1772937147.9057157,441.08161299535936
1772937147.905723,460.2509346757323
1772937147.9057307,472.2612490731193
1772937147.9057384,467.0897834608139
1772937147.905746,458.8567842125671
1772937147.9057536,466.7723444772786
1772937147.9057612,487.7425678242286
1772937147.9057689,499.56763330033317
1772937147.9057765,491.8539015101774
1772937147.9057841,481.7791170999172
1772937147.9057918,491.12380464897734
1772937147.9057996,515.2373758525988
1772937147.9058073,528.0614976696071
1772937147.9058146,518.2451844321288
1772937147.9058225,506.3725569345348
1772937147.9058301,517.2783673251304
1772937147.905838,544.4024115716218
1772937147.9058454,557.1667950803243
1772937147.905853,543.8159659363137
1772937147.9058607,530.1616231738786
1772937147.9058683,544.842391625198
1772937147.9058757,577.0930480015678
1772937147.9058836,588.2962306289153
1772937147.905899,566.0731603440266
1772937147.905907,546.1143933769339
1772937147.9059143,565.648710241425
1772937147.9059217,608.3461229003783
1772937147.9059296,620.7728529716111
1772937147.9059372,586.4637849083726
1772937147.9059448,556.9915159700033
1772937147.9059525,586.8285003606701
1772937147.90596,651.2016955541545
1772937147.9059677,665.5642555212813
1772937147.9059756,599.9541325773456
1772937147.9059832,541.7881456175826
1772937147.9059908,600.8471385488165
1772937147.9059987,746.7038207407948
1772937147.906006,781.9727118450503
1772937147.906014,520.9841123748927
1772937147.9060216,-0.6696844037049523
1772937148.395056,35.499059518186606
1772937148.3950973,47.98408789956869
1772937148.3951287,59.302380567036614
1772937148.395161,63.06006872982618
1772937148.3951929,60.63831842010064
1772937148.3952248,60.953455208653644
1772937148.3952565,69.40886347158911
1772937148.3952837,80.83471169556515
1772937148.3953109,86.50847000513083
1772937148.3953376,85.98548072233896
1772937148.3953507,87.48291998181438
1772937148.3953624,96.25243445158148
1772937148.3953736,107.15773842052388
1772937148.3953843,111.91297111871897
1772937148.3953955,110.88359924978735
1772937148.3954067,112.77654319147803
1772937148.3954177,122.44530631891507
1772937148.395429,133.88411051570094
1772937148.39544,138.45088599465407
1772937148.3954515,136.98973446134565
1772937148.3954625,138.79612746840422
1772937148.3954737,148.65249663494095
1772937148.3954844,160.03191136186388
1772937148.3954954,164.1644895205513
1772937148.3955064,162.4241524407475
1772937148.3955173,164.59199526496943
1772937148.3955283,175.20258024053646
1772937148.3955395,187.05393351215943
1772937148.3955505,191.1848835017842
1772937148.3955617,189.5268360606928
1772937148.3955736,192.38630681631867
1772937148.3955872,203.9782517712629
1772937148.3955998,216.16707080575586
1772937148.3956108,219.4366425340969
1772937148.395622,216.07297900624738
1772937148.3956327,217.1790521216283
1772937148.395644,227.49304641469666
1772937148.3956556,239.0448700506422
1772937148.3956673,242.4771185022076
1772937148.3956785,240.19867614435137
1772937148.3956895,242.9199968867107
1772937148.3957007,254.4137687834312
1772937148.3957117,266.00453569978777
1772937148.395723,268.74566369574933
1772937148.3957348,266.24813097715486
1772937148.3957467,269.8815913691712
1772937148.3957584,282.73961967281105
1772937148.3957696,294.8781696190165
1772937148.3957803,296.89536152452683
1772937148.3957913,293.12567773452207
1772937148.395803,295.84135351337335
1772937148.395815,308.2471599128571
1772937148.3958263,319.9740979274977
1772937148.395838,321.5676146746635
1772937148.3958488,317.8199324701191
1772937148.3958604,321.1486330095116
1772937148.395871,334.1266707210546
1772937148.3958812,345.73378979163783
1772937148.3958929,346.8388186021652
1772937148.3959045,343.22506942472694
1772937148.3959162,347.5652679577855
1772937148.3959253,361.3597883852292
1772937148.3959332,372.4364939924892
1772937148.3959408,372.03275681666753
1772937148.3959486,367.56856483881813
1772937148.3959565,372.6384359252916
1772937148.3959641,387.7627895470645
1772937148.3959718,399.1498070147468
1772937148.3959794,397.9198758231277
1772937148.3959873,393.04094247589813
1772937148.395995,399.1936298374807
1772937148.396003,415.91830730402796
1772937148.3960109,427.5311884654616
1772937148.3960185,424.8203124301436
1772937148.3960264,418.4622188990599
1772937148.396034,424.67562532269295
1772937148.3960416,442.4310630382696
1772937148.3960493,454.35260206534053
1772937148.396057,450.93951760171143
1772937148.3960643,444.4268009234283
1772937148.396072,452.0179983896008
1772937148.3960795,471.2064857299408
1772937148.396087,482.3014843508563
1772937148.3960948,475.9281347890823
1772937148.3961027,467.2641249263591
1772937148.3961103,475.7663033076126
1772937148.3961177,497.52867654814116
1772937148.3961256,509.5293604884185
1772937148.3961332,501.52065131507305
1772937148.3961408,491.41845655247874
1772937148.3961484,501.13221305445114
1772937148.3961585,525.186314521754
1772937148.396164,536.835131003809
1772937148.39617,525.3047965317734
1772937148.3961751,512.5738885090528
1772937148.396181,524.0424309222922
1772937148.3961864,552.0811706883381
1772937148.3961923,564.5845434349186
1772937148.396198,549.6454352784801
1772937148.3962038,534.5588614455548
1772937148.3962092,549.4063181887625
1772937148.396215,583.2235630162897
1772937148.3962204,595.9151425339841
1772937148.396226,574.1157902135865
1772937148.3962317,553.9712518876012
1772937148.3962371,573.6893352228345
1772937148.3962429,617.0411689116314
1772937148.3962483,629.8233513161254
1772937148.396254,595.2268160955286
1772937148.3962595,565.5775647678736
1772937148.3962653,596.1957171553148
1772937148.396283,661.9082245041319
1772937148.396288,676.8186720482751
1772937148.3962936,610.4485216657957
1772937148.3962991,551.4628219784896
1772937148.3963046,611.207046871974
1772937148.39631,758.82132422417
1772937148.3963156,794.2721808028754
1772937148.3963213,529.6167700014767
1772937148.3963268,1.2288309644076363
1772937148.745237,208.49842948292363
1772937148.745276,210.86910615318683
1772937148.745303,221.9238686149893
1772937148.7453291,233.73414967964007
1772937148.7453556,236.99568455514574
1772937148.7453823,234.1863334952131
1772937148.7454088,236.41032869366236
1772937148.7454352,248.0212832910133
1772937148.745453,260.43499443222584
1772937148.7454617,263.96571983963696
1772937148.7454696,261.2974272494021
1772937148.745478,263.7001840020797
1772937148.7454863,275.17334987690424
1772937148.7454948,286.76260234127585
1772937148.7455027,289.1815598030582
1772937148.7455108,286.0789857944769
1772937148.7455187,289.1258064295117
1772937148.7455268,301.58378979637445
1772937148.7455344,313.4901426999014
1772937148.745542,315.5344351678857
1772937148.74555,312.2899059294106
1772937148.7455575,315.98184931926943
1772937148.7455654,329.24503868385324
1772937148.7455733,341.1652660614477
1772937148.7455812,342.53782852266625
1772937148.7455888,339.03322525781283
1772937148.7455966,343.4053387371501
1772937148.7456045,357.29913140043743
1772937148.745612,368.4109966561784
1772937148.7456203,367.6322104050074
1772937148.745628,362.37590983164614
1772937148.745636,366.86464312038885
1772937148.7456434,382.3063347978694
1772937148.745651,394.7442914596372
1772937148.745659,394.21999966811757
1772937148.7456667,388.78888365895716
1772937148.7456744,393.4450991030074
1772937148.745682,409.0233428996511
1772937148.7456899,420.78357394011186
1772937148.745698,419.20788887614026
1772937148.7457056,413.9213597063873
1772937148.7457137,420.5221810954704
1772937148.7457213,438.204841101522
1772937148.7457292,449.9920340084379
1772937148.7457373,446.27970087263395
1772937148.745745,438.95103138226625
1772937148.7457528,445.34556702975476
1772937148.7457604,463.6584636686567
1772937148.745768,474.67752890424885
1772937148.745776,468.6722399888323
1772937148.7457836,460.0735536808759
1772937148.7457914,468.1766452901977
1772937148.7457993,489.7335584877212
1772937148.7458067,502.34554690014966
1772937148.7458143,495.47625033917404
1772937148.7458224,486.06980072356134
1772937148.74583,495.46934993855837
1772937148.7458377,518.6848394131162
1772937148.7458453,529.9674132921294
1772937148.745853,518.9911071984445
1772937148.7458608,507.24870154722004
1772937148.7458687,519.3298378981362
1772937148.7459047,547.2947452759956
1772937148.7459123,559.4183095367082
1772937148.7459202,544.388627218768
1772937148.7459283,529.7597736018205
1772937148.745936,545.3811905158773
1772937148.7459433,579.811598289399
1772937148.7459507,592.6279999763384
1772937148.7459586,570.5595934480299
1772937148.7459664,550.1976758612443
1772937148.745974,570.1055280298574
1772937148.7459817,613.8751898169868
1772937148.745989,626.6852453169846
1772937148.7459967,591.3527837098549
1772937148.7460043,560.6089119566285
1772937148.746012,590.5884405852931
1772937148.74602,656.360872402651
1772937148.7460277,671.3208330016377
1772937148.746035,604.2069820669195
1772937148.746043,544.0074078868176
1772937148.7460504,603.391383999999
1772937148.7460585,752.2728151240269
1772937148.746066,789.6064889650652
1772937148.746074,525.4087763028455
1772937149.281601,-488.0227808840312
1772937149.2816415,-1513.7243554232075
1772937149.2816684,-341.5247708085587
1772937149.2816992,1452.1294489053953
1772937149.2817311,1364.8591279955656
1772937149.281758,-516.1931443439536
1772937149.2817848,-1570.6185439725612
1772937149.2818117,-280.41996250207313
1772937149.281839,1598.4034863006602
1772937149.2818656,1431.4591846039211
1772937149.2818925,-594.4081767241382
1772937149.281921,-1657.024918479429
1772937149.2819335,-214.96091828089092
1772937149.2819448,1773.2940336228926
1772937149.281956,1513.861182095546
1772937149.2819684,-692.5602920142854
1772937149.2819805,-1773.9621809279488
1772937149.281993,-145.87876303025195
1772937149.2820055,1988.3237384004258
1772937149.282018,1622.2995231453767
1772937149.2820313,-817.1964028697163
1772937149.2820437,-1938.202553308791
1772937149.2820554,-78.81609046113293
1772937149.2820685,2254.849804285301
1772937149.28208,1764.1779121014579
1772937149.2820914,-984.6041786059466
1772937149.2820992,-2175.8720146140913
1772937149.282107,-14.677627806608333
1772937149.2821147,2604.4106059182286
1772937149.2821229,1963.6984550625962
1772937149.2821305,-1216.1173399257227
1772937149.2821383,-2530.5801300774806
1772937149.282146,46.76828524225653
1772937149.282154,3098.7288104577897
1772937149.2821617,2269.706060622781
1772937149.2821696,-1554.363616958761
1772937149.2821772,-3095.0551833807435
1772937149.282185,100.30193413109112
1772937149.2821927,3866.3981658695548
1772937149.2822003,2786.6311188761715
1772937149.282208,-2107.159965478113
1772937149.2822158,-4106.902257694391
1772937149.2822237,123.63133207942208
1772937149.282231,5256.248388710902
1772937149.282239,3827.925461096144
1772937149.2822468,-3190.875417841577
1772937149.2822542,-6362.275009488589
1772937149.2822618,-6.319980869538791
1772937149.2822697,8636.831662182487
1772937149.282277,6887.175068749979
1772937149.2822847,-6307.438851877695
1772937149.282297,-15011.70691829982
1772937149.2823076,-2141.543201739906
1772937149.2823184,29651.325428877473
1772937149.2823484,56636.497561628
1772937149.2823594,56069.113513242606
1772937149.2823718,28773.725200000525
1772937149.2823842,-2042.9321597511062
1772937149.2823954,-14042.946005208978
1772937149.2824037,-5818.577047467376
1772937149.2824113,6246.87353861229
1772937149.2824197,7863.220482841959
1772937149.2824273,300.78913686955184
1772937149.2824347,-5298.678919710912
1772937149.2824426,-2782.1275489856494
1772937149.2824502,3115.630917896395
1772937149.2824576,4593.195409594772
1772937149.2824652,644.509522298479
1772937149.2824728,-2953.252248578962
1772937149.2824805,-1790.584609338903
1772937149.282488,1996.97291544177
1772937149.2824955,3323.1983249533537
1772937149.2825031,848.4242108127034
1772937149.2825108,-1850.7587151132352
1772937149.2825181,-1342.1936844942177
1772937149.282526,1397.321833404878
1772937149.2825336,2689.6330451285617
1772937149.2825413,1040.3934153403823
1772937149.2825487,-1200.1380296915277
1772937149.2825563,-1135.7820189369713
1772937149.2825637,990.5343915940621
1772937149.2825713,2344.5285354531966
1772937149.2825787,1252.1524262128598
1772937149.2825866,-760.6584837051053
1772937149.282594,-1070.9602887296046
1772937149.2826016,667.8076571770515
1772937149.2826092,2170.702397009721
1772937149.2826169,1507.1419376608078
1772937149.2826247,-437.0611351660145
1772937149.2826355,-1123.6662628659603
1772937149.2826464,363.824445662873
1772937149.2826588,2114.9892831904367
1772937149.2826705,1827.3887607093209
1772937149.2826815,-183.98555218425503
1772937149.282689,-1298.9308965567416
1772937149.2826967,38.86399365648252
1772937149.2827067,2177.9104726995197
1772937149.2827148,2267.2806607892085
1772937149.2827225,29.70365332524106
1772937149.28273,-1643.8228648612871
1772937149.282738,-370.34982345942706
1772937149.2827456,2382.872034319006
1772937149.2827535,2920.803554582728
1772937149.282761,226.22897613153748
1772937149.2827687,-2277.573689375031
1772937149.2827764,-975.8747623391431
1772937149.282784,2827.460537195921
1772937149.2827916,4028.5334402462136
1772937149.2827992,439.6184377200438
1772937149.2828069,-3545.996568522886
1772937149.2828145,-2102.7501488740804
1772937149.282822,3816.2910325541525
1772937149.2828295,6390.221173309161
1772937149.2828372,805.4231521106165
1772937149.2828445,-6820.416283608791
1772937149.2828522,-5272.084802331879
1772937149.2828596,6828.49467951016
1772937149.2828674,15183.15192568824
1772937149.282875,3238.000057010218
1772937149.2828827,-27790.930282086098
1772937149.2828903,-55576.83309401538
1772937149.7606776,184.86881166579084
1772937149.7607176,115.47491502039088
1772937149.7607481,-40.02542705757642
1772937149.760775,-101.39705770443054
1772937149.7608025,11.155153773396043
1772937149.7608297,184.13518546209835
1772937149.760856,217.48646367095157
1772937149.7608829,54.923950358348314
1772937149.7609096,-114.06881056489516
1772937149.760936,-55.38691418402386
1772937149.760962,196.53134926063916
1772937149.760989,330.2988108927794
1772937149.7609973,144.82327580588054
1772937149.7610056,-140.31358834268198
1772937149.7610133,-125.01393050083519
1772937149.7610211,221.75472430362692
1772937149.7610292,455.2856214541551
1772937149.761037,228.6995427249116
1772937149.7610452,-185.1748630391024
1772937149.7610528,-202.59051880255342
1772937149.7610605,260.3480719930921
1772937149.761068,597.350448561551
1772937149.7610762,309.535917541694
1772937149.761084,-250.37320822008374
1772937149.7610922,-289.53492562056505
1772937149.7610996,316.92357318429083
1772937149.7611077,764.4214877343782
1772937149.7611153,389.79466987190375
1772937149.7611227,-341.7207815244211
1772937149.7611308,-391.83328879659126
1772937149.7611384,393.5576934233287
1772937149.761146,962.3896570133759
1772937149.7611537,467.0191221345407
1772937149.7611716,-472.1460348246796
1772937149.7611794,-518.7195771749541
1772937149.7611873,497.4710227501411
1772937149.7611952,1206.469589572383
1772937149.7612035,542.6018140090071
1772937149.7612112,-659.4667793754184
1772937149.761219,-684.7047205755847
1772937149.761227,639.7391556426195
1772937149.7612343,1521.6030371772292
1772937149.7612422,620.414742301992
1772937149.76125,-929.9292962885365
1772937149.761258,-908.4573341394596
1772937149.7612653,846.4723337299905
1772937149.761273,1955.1876820150903
1772937149.7612808,702.570748738556
1772937149.7612884,-1344.9892753729669
1772937149.7612963,-1240.3869362054832
1772937149.7613037,1158.4323479278733
1772937149.7613113,2599.449885114147
1772937149.761319,795.4680740539914
1772937149.7613268,-2031.4377045952008
1772937149.7613344,-1783.4415161796178
1772937149.761342,1684.9801546598637
1772937149.7613497,3694.7795761073976
1772937149.7613575,925.5927868801172
1772937149.7613652,-3334.5487715719887
1772937149.7613728,-2851.4546892428602
1772937149.7613804,2736.6399996701693
1772937149.761388,6029.058794750978
1772937149.7613957,1211.866856892743
1772937149.7614036,-6619.360472987866
1772937149.7614117,-5933.432138021422
1772937149.7614193,5807.0470468700305
1772937149.761427,14729.401866724716
1772937149.7614348,3500.734557804224
1772937149.7614424,-27449.30106105492
1772937149.76145,-55481.144190513696
1772937149.7614577,-56299.51178771383
1772937149.7614653,-28749.51878847565
1772937149.7614737,3561.4567483396736
1772937149.7614813,16093.699300368238
1772937149.761489,6598.212183552082
1772937149.7614968,-6773.820818187596
1772937149.7615044,-7841.405541442016
1772937149.7615125,1412.8638701295629
1772937149.76152,7475.4404261085265
1772937149.7615278,3513.69895504376
1772937149.7615356,-3706.1684599057066
1772937149.7615433,-4474.296997138953
1772937149.761551,1268.2406049909964
1772937149.7615588,5220.7143060582985
1772937149.7615666,2441.201840532128
1772937149.7615745,-2660.296313422253
1772937149.7615821,-3093.321386685894
1772937149.7615902,1279.9373837401188
1772937149.761598,4206.706458905835
1772937149.7616055,1894.2192978491678
1772937149.7616136,-2139.5517709051724
1772937149.7616215,-2327.29888879582
1772937149.761629,1331.7494640589628
1772937149.761637,3643.9652251820344
1772937149.7616448,1557.8522817860553
1772937149.7616527,-1834.0403901783184
1772937149.7616606,-1832.1789904941018
1772937149.7616684,1397.9717436373753
1772937149.7616763,3292.4896053761167
1772937149.761684,1321.9693470771572
1772937149.761692,-1640.747053325425
1772937149.7616997,-1478.2857500252621
1772937149.7617075,1476.627536342286
1772937149.7617154,3062.3020455869964
1772937149.7617233,1144.0643710878624
1772937149.761731,-1512.743583394047
1772937149.7617388,-1206.296402065022
1772937149.761747,1564.31893614337
1772937149.7617545,2902.820455158126
1772937149.7617624,994.4276237416078
1772937149.76177,-1427.7806913717702
1772937149.7617776,-974.8366800083976
1772937149.7617853,1673.518164506976
1772937149.7617931,2786.8204209789615
1772937149.7618008,837.6693812542633
1772937149.7618084,-1385.147266144949
1772937149.7618163,-728.0186432577467
1772937149.761824,1863.0614047599715
1772937149.761832,2607.524326590152
1772937149.76184,134.13377592091356
1772937150.2383885,-560.1318084357399
1772937150.2384298,-891.2016910511409
1772937150.2384615,44.57865641633584
1772937150.238488,943.8739904635519
1772937150.238515,591.4652326475211
1772937150.2385414,-490.37570896384204
1772937150.238568,-800.7510458999403
1772937150.2385948,70.8058255672071
1772937150.2386217,913.3706320532604
1772937150.2386482,584.7317347067772
1772937150.238675,-432.87207001087205
1772937150.2386928,-727.3396000186575
1772937150.2387009,95.77022354056159
1772937150.2387087,895.5321000198285
1772937150.2387173,584.7315050434574
1772937150.2387252,-384.7855864277416
1772937150.2387338,-667.2471532315935
1772937150.238742,120.64507038256802
1772937150.2387512,890.2400830765004
1772937150.23876,593.8165107686734
1772937150.2387683,-340.65471040093666
1772937150.2387764,-615.8395610946808
1772937150.2387848,145.14767664119174
1772937150.2387931,892.5733661706419
1772937150.2388012,606.4373202042814
1772937150.2388096,-303.1696984590028
1772937150.238818,-572.5420440230627
1772937150.238826,171.65248790164566
1772937150.238834,905.5602669483558
1772937150.2388415,625.6993657013636
1772937150.2388494,-270.1483701104261
1772937150.2388575,-537.3594586957665
1772937150.2388656,197.90254486626998
1772937150.2388735,926.3656342615483
1772937150.238881,650.0735376373968
1772937150.2388895,-241.59349485137517
1772937150.2388978,-510.15571328498334
1772937150.2389061,222.99947437916475
1772937150.238914,953.4652686317963
1772937150.2389224,678.9367967576412
1772937150.2389297,-216.0286576844207
1772937150.2389376,-487.37912568902146
1772937150.2389452,251.37682048131205
1772937150.2389529,990.2969337017884
1772937150.2389607,712.874332202007
1772937150.2389684,-196.5637108851775
1772937150.2389762,-474.96050155932994
1772937150.238984,276.3269539726656
1772937150.238992,1031.0028752589883
1772937150.2389996,747.1575956697613
1772937150.2390072,-186.97296278855018
1772937150.2390149,-474.8077917760671
1772937150.2390225,299.762772395675
1772937150.2390304,1082.410577120356
1772937150.239038,792.2602977109518
1772937150.2390456,-176.03142613702488
1772937150.2390532,-477.5589196052704
1772937150.239061,327.57609796838204
1772937150.2390687,1145.7061589028604
1772937150.2390764,843.9169865283177
1772937150.239084,-172.09806281451793
1772937150.2390916,-491.6140989331009
1772937150.239099,355.3090588796954
1772937150.2391064,1220.3721674041674
1772937150.2391148,901.4785488176288
1772937150.2391229,-179.31051477979904
1772937150.2391305,-523.0563556672817
1772937150.239138,379.43567988451
1772937150.2391458,1307.0155667471504
1772937150.2391534,966.3621193197174
1772937150.239161,-198.63663509176857
1772937150.2391686,-572.9672443378461
1772937150.2391765,404.179551932855
1772937150.2391841,1415.9974225618892
1772937150.239192,1048.7420977557124
1772937150.2391994,-226.4501295555434
1772937150.2392073,-642.9059885771997
1772937150.239215,429.14278102383196
1772937150.2392223,1549.2273176507754
1772937150.23923,1145.95010618838
1772937150.2392375,-274.46751073760834
1772937150.2392452,-745.7548971514935
1772937150.2392716,453.6533233907205
1772937150.2392793,1719.3278669805052
1772937150.2392867,1268.198106780049
1772937150.2392943,-348.5804229265497
1772937150.239302,-895.611344631185
1772937150.2393095,476.70071884682545
1772937150.2393172,1943.7808389863626
1772937150.2393248,1429.9823955496734
1772937150.2393324,-458.27579436985053
1772937150.23934,-1114.2487891524015
1772937150.2393477,497.422992762215
1772937150.239355,2249.7630626081673
1772937150.2393627,1648.5874601295036
1772937150.23937,-631.8595753038591
1772937150.2393775,-1450.596217978116
1772937150.2393851,512.8918670524763
1772937150.2393928,2697.8396877383384
1772937150.2394004,1973.4028133721986
1772937150.239408,-910.2191746019461
1772937150.239416,-1995.404923927512
1772937150.2394233,519.0006249270297
1772937150.239431,3416.5015687584587
1772937150.2394383,2508.389636176574
1772937150.239446,-1400.9712880748152
1772937150.2394536,-2986.066194290552
1772937150.239462,491.0873493084739
1772937150.2394695,4748.2271838102915
1772937150.2394772,3560.49991094275
1772937150.2394848,-2419.24793649731
1772937150.2394924,-5206.671104295478
1772937150.2395,319.0436468617206
1772937150.2395077,8059.221844553632
1772937150.239515,6606.401683041165
1772937150.2395227,-5466.044518159443
1772937150.2395303,-13755.221365773807
1772937150.239538,-1789.0508749639826
1772937150.2395456,28871.771748309573
1772937150.2395532,55725.95965740001
1772937150.2984548,-783.2661293300243
1772937150.2984765,3311.020151785185
1772937150.2984872,5355.340033758492
1772937150.2984962,2201.26391278323
1772937150.2985048,-2036.4765338619823
1772937150.2985134,-1265.8674336498275
1772937150.298522,3936.8398699245704
1772937150.2985303,6450.780404438125
1772937150.2985384,2229.4654541450227
1772937150.2985463,-3405.1220848721537
1772937150.298555,-2268.869267594133
1772937150.298563,5113.024700206739
1772937150.377715,8840.427841344059
1772937150.37774,2495.1229762094736
1772937150.377751,-6674.680827002074
1772937150.377761,-5244.877173711221
1772937150.37777,8291.16261614344
1772937150.3777788,17550.8003506259
1772937150.3777876,4733.446210422489
1772937150.3777957,-27537.29219732265
1772937150.377804,-54931.48651162451
1772937150.9972363,-56303.723259669554
1772937150.9972844,-27802.0777815578
1772937150.9973068,4342.470173325653
1772937150.99733,15694.338614957214
1772937150.99735,5542.88058416958
1772937150.9973693,-7081.13394740163
1772937150.9973783,-7025.13844377223
1772937150.9973872,2177.544434323192
1772937150.997396,7083.218238574717
1772937150.997405,2465.67230900067
1772937150.9974132,-3992.869848395668
1772937150.9974227,-3640.319160278178
1772937150.9974313,2015.5168793968246
1772937150.9974399,4787.711554271578
1772937150.9974484,1382.4445708543337
1772937150.997457,-2906.9001749291774
1772937150.9974656,-2218.204661098373
1772937150.9974744,2012.3384358247076
1772937150.9974828,3720.336136856963
1772937150.9974916,817.3555125176632
1772937150.9975,-2339.806837711868
1772937150.9975088,-1401.4368104584412
1772937150.9975178,2048.989068345704
1772937150.9975264,3094.1565550626924
1772937150.9975352,454.5444883418556
1772937150.9975436,-1986.952670740332
1772937150.997552,-849.9864531413393
1772937150.9975607,2101.37774986306
1772937150.997569,2675.9780063542717
1772937150.9975777,192.22818555652282
1772937150.997586,-1739.370418427939
1772937150.9975944,-433.1207657476014
1772937150.9976027,2163.6727531361244
1772937150.997611,2369.8546494296265
1772937150.9976194,-16.274296844298718
1772937150.9976275,-1550.6022213495708
1772937150.997636,-89.5196749242174
1772937150.9976444,2234.7787591514325
1772937150.9976528,2126.7661381745197
1772937150.997661,-201.45540650151764
1772937150.9976697,-1405.643824722398
1772937150.997678,206.5546052675913
1772937150.9976869,2312.3393363540836
1772937150.9976952,1923.7379306169246
1772937150.997705,-370.158333090527
1772937150.9977133,-1280.3324537372198
1772937150.9977217,486.4538366708504
1772937150.9977303,2404.926436504052
1772937150.9977388,1745.5620418952014
1772937150.997747,-537.8380849980842
1772937150.9977553,-1174.5453882985282
1772937150.9977634,756.8666996843266
1772937150.9977715,2508.254193067571
1772937150.99778,1576.1237243662983
1772937150.9977884,-715.0176320341386
1772937150.9977968,-1080.1096036197612
1772937150.997805,1036.0304030123802
1772937150.9978135,2629.869533874443
1772937150.9978216,1404.1811439488142
1772937150.99783,-917.7584716866525
1772937150.9978385,-999.6277338637495
1772937150.9978468,1334.397364163086
1772937150.9978552,2775.399687571777
1772937150.9978638,1220.1933697458794
1772937150.997872,-1157.0159852882462
1772937150.9978807,-923.8827806724674
1772937150.9978888,1679.7080085268942
1772937150.9978974,2962.4481423431534
1772937150.9979057,1010.4739307210244
1772937150.997914,-1460.5673716733854
1772937150.9979224,-857.5348040945652
1772937150.9979308,2096.486856065546
1772937150.997939,3204.22264597231
1772937150.9979477,741.9555728395165
1772937150.997956,-1879.2405915721445
1772937150.9979641,-800.7828673761177
1772937150.9979725,2650.432137073213
1772937150.9979808,3554.2007139983066
1772937150.9979892,375.62489943669516
1772937150.9979973,-2503.3476629914076
1772937150.9980059,-758.7506687700239
1772937150.998014,3466.4259235710233
1772937150.9980223,4110.834651349047
1772937150.9980307,-199.573184995482
1772937150.998039,-3567.8385549210743
1772937150.998047,-748.8039724155973
1772937150.9980555,4893.86789016916
1772937150.9980636,5184.196368233826
1772937150.998072,-1297.5444920438897
1772937150.9980805,-5854.785149491705
1772937150.9980886,-881.4043743856656
1772937150.9980977,8290.329569867698
1772937150.9981058,8238.563057814636
1772937150.998114,-4415.718934907181
1772937150.9981225,-14430.955942086212
1772937150.9981306,-2928.312127100641
1772937150.998139,29080.01364021092
1772937150.9981472,57012.71658328763
1772937151.8320963,56137.54132650215
1772937151.8321335,27919.23718970465
1772937151.83216,-3515.497259709768
1772937151.8321865,-14446.419746046768
1772937151.8322134,-4608.549360041248
1772937151.8322403,7444.903577297559
1772937151.8322675,7355.132802691398
1772937151.8322947,-1304.1531668239304
1772937151.832322,-5845.916243553282
1772937151.8323543,-1537.4398352682842
1772937151.832384,4396.733229999388
1772937151.8323967,4062.770300055775
1772937151.8324049,-1045.8920809843282
1772937151.8324127,-3507.787397722833
1772937151.8324208,-457.53680250186346
1772937151.8324287,3331.4903226338424
1772937151.8324363,2727.3650619787754
1772937151.8324444,-935.9993546352745
1772937151.8324523,-2388.6062339377845
1772937151.83246,103.80797240592388
1772937151.8324678,2782.7621243068425
1772937151.832476,2000.746565701018
1772937151.8324845,-860.5461893492231
1772937151.832492,-1711.5410956589083
1772937151.8325007,455.9101509947811
1772937151.8325086,2443.7555264467615
1772937151.8325164,1541.9198821513485
1772937151.8325245,-796.9190916158468
1772937151.832533,-1244.3548549591383
1772937151.8325405,701.5726623480978
1772937151.8325484,2208.12740032602
1772937151.8325565,1222.2179170523964
1772937151.832564,-739.570613994639
1772937151.832572,-892.8703359385198
1772937151.83258,887.6574332525721
1772937151.8325877,2034.3991260680828
1772937151.8325975,988.821508729931
1772937151.8326051,-680.743092665286
1772937151.8326128,-608.4355899501525
1772937151.8326209,1036.5037775998874
1772937151.8326285,1895.1961489463856
1772937151.8326368,803.659649715554
1772937151.832649,-627.6106525290411
1772937151.832662,-372.0761510241283
1772937151.8326745,1160.374266785875
1772937151.832685,1783.014128808136
1772937151.8326929,658.1487884167684
1772937151.8327005,-571.0376655734549
1772937151.8327084,-164.74742926384508
1772937151.8327162,1265.7442482260876
1772937151.8327236,1684.5029199260362
1772937151.8327315,534.6423301368803
1772937151.832739,-515.79098559379
1772937151.8327467,20.807590107537806
1772937151.8327546,1358.3245173967791
1772937151.8327625,1596.7728221044895
1772937151.83277,428.04337935483784
1772937151.8327775,-460.88891068186877
1772937151.8327851,190.03411465019826
1772937151.832793,1440.052745052679
1772937151.8328006,1516.0581613120582
1772937151.8328085,335.83686790797975
1772937151.832816,-400.8997631327377
1772937151.8328238,353.7233914449175
1772937151.8328316,1518.1769699219312
1772937151.8328395,1441.1404012856908
1772937151.832847,251.73495810165537
1772937151.8328547,-341.2651837698389
1772937151.8328624,508.6919068823358
1772937151.8328702,1589.330969664429
1772937151.832878,1367.9731321173163
1772937151.8328855,174.33914753311802
1772937151.8328934,-278.2423774160831
1772937151.8329015,661.1659444279712
1772937151.832909,1656.772488531347
1772937151.832917,1294.6614592536982
1772937151.8329248,99.49896186795971
1772937151.8329325,-214.72959608388902
1772937151.83294,809.2523253810067
1772937151.832948,1717.2047283918325
1772937151.8329556,1216.8645808988256
1772937151.8329632,25.92238930532092
1772937151.8329709,-145.9679554216552
1772937151.8329792,961.3402647568175
1772937151.832987,1776.9021254951426
1772937151.8329947,1135.7384910651065
1772937151.8330023,-48.20857531448431
1772937151.8330104,-73.34314886743879
1772937151.83302,1116.671954422851
1772937151.8330314,1833.7307800470319
1772937151.8330443,1048.1172238982026
1772937151.8330543,-123.4719744571005
1772937151.8330626,7.289289033137262
1772937151.8330708,1280.7819571148714
1772937151.833079,1888.8856409838882
1772937151.8330872,949.6536338249415
1772937151.8330956,-204.82090768640117
1772937151.833104,95.07159004080157
1772937151.8331122,1455.3144048756958
1772937151.8331206,1941.399522490507
1772937151.8331287,836.2977088959725
1772937151.8331373,-293.36687162862904
1772937151.8331454,196.0959240742638
1772937151.8331535,1648.590329055584
1772937151.8331618,1992.5759244412673
1772937151.8331702,701.4142293891565
1772937151.8331783,-393.3621394858654
1772937151.833187,316.79541093281097
1772937151.8331957,1870.8758185620736
1772937151.8332043,2041.410511332868
1772937151.8332124,530.9192906555279
1772937151.8332207,-513.48137383232
1772937151.8332288,469.3806810497977
1772937151.8332372,2139.8515734602324
1772937151.8332455,2075.438824895853
1772937151.8332539,278.2293500505103
1772937151.833262,-674.1423749694222
1772937151.8332703,728.4724206818827
1772937151.833279,2567.3541632215843
1772937151.8332872,1956.8871156632365
1772937151.914853,51.34101510136225
1772937151.9148784,-914.258369888762
1772937151.9148896,576.397828054664
1772937151.9148996,2490.2360687959103
1772937151.914909,2043.6059024367119
1772937151.9149168,-256.1025409726808
1772937151.914925,-1135.4824732434647
1772937151.914937,818.2877382190838
1772937151.9149537,2937.6218482698573
1772937151.914966,2100.4598291034436
1772937151.9149764,-690.1688594406057
1772937151.9149866,-1446.5662868021564
1772937151.914997,1150.253464752062
1772937151.915008,3548.804338821827
1772937151.91502,2154.638708550688
1772937151.9150336,-1307.680221894078
1772937151.9150448,-1848.5132096438842
1772937151.9150536,1546.2047274372803
1772937152.456708,1938.852005043645
1772937152.4567518,741.9667561972689
1772937152.456784,75.27488933794268
1772937152.4568155,908.8710767549533
1772937152.4568477,2090.0952255198445
1772937152.4568775,1964.633830989851
1772937152.4569092,709.6916433176864
1772937152.4569364,94.10824298554269
1772937152.4569647,994.3386412049509
1772937152.4569962,2156.330131831234
1772937152.4570098,1952.129720663307
1772937152.4570215,670.6718498733537
1772937152.4570339,119.62576948694394
1772937152.4570463,1086.548859674384
1772937152.4570582,2224.237009777548
1772937152.4570704,1937.355779523442
1772937152.4570818,629.0588377181815
1772937152.457094,144.78635278401003
1772937152.457106,1180.2377228839746
1772937152.4571185,2293.219463681802
1772937152.4571304,1922.4029611943156
1772937152.4571428,588.0803584551969
1772937152.4571552,173.76886472742075
1772937152.4571671,1279.7696900087203
1772937152.4571826,2365.6279785388515
1772937152.4571943,1905.6018847778757
1772937152.4572062,542.1572923204643
1772937152.4572182,199.15436045688816
1772937152.45723,1378.1455165060224
1772937152.457242,2436.2389455982757
1772937152.4572544,1884.413041936755
1772937152.4572668,492.3948294070213
1772937152.4572787,225.84172910198197
1772937152.457291,1482.1558163231368
1772937152.4573028,2510.3209444258177
1772937152.4573147,1860.1381916508083
1772937152.457327,436.5889384068424
1772937152.4573388,250.74439730901975
1772937152.4573507,1590.1566653442387
1772937152.4573627,2588.333765674825
1772937152.4573743,1835.080106745067
1772937152.4573865,378.68427427084987
1772937152.457398,278.73354557940075
1772937152.45741,1705.669911254068
1772937152.4574223,2669.5464535382575
1772937152.457433,1803.5454315020909
1772937152.4574437,310.95239929391334
1772937152.4574547,304.35378022463544
1772937152.4574676,1827.397846957873
1772937152.4574845,2755.284039050742
1772937152.4574983,1767.3208543764408
1772937152.4575129,235.59604546975834
1772937152.4575274,331.3558031116955
1772937152.4575384,1959.8993562745025
1772937152.4575493,2847.863105285975
1772937152.45756,1724.5138830121166
1772937152.4575708,148.46550700038998
1772937152.4575813,357.298185408503
1772937152.4575932,2103.8878695345293
1772937152.4576051,2948.904201233768
1772937152.4576175,1675.5180942625502
1772937152.4576297,50.083524780181236
1772937152.4576433,385.4810943196521
1772937152.4576545,2264.3963615359776
1772937152.4576666,3060.162755763
1772937152.457678,1615.8143792742371
1772937152.4576857,-66.80036696726806
1772937152.4576936,412.1429550288868
1772937152.4577014,2442.045784377152
1772937152.457709,3181.008977690123
1772937152.4577165,1539.5870629083809
1772937152.4577255,-208.54907773045358
1772937152.4577336,438.7046492416244
1772937152.4577413,2646.6490677525308
1772937152.4577522,3320.153753298176
1772937152.457763,1446.2960014883704
1772937152.4577732,-380.96178733584264
1772937152.4577837,464.9550909083244
1772937152.457794,2885.8074773192056
1772937152.457805,3482.4232824783967
1772937152.4578152,1329.356381116543
1772937152.4578257,-594.5307994015085
1772937152.457836,491.93905992989176
1772937152.457846,3173.21530597221
1772937152.457857,3675.9253935961665
1772937152.457868,1177.301768657539
1772937152.457879,-867.5865047998021
1772937152.4578905,520.8580559552786
1772937152.4579012,3533.1192861991785
1772937152.4579127,3918.3535063084983
1772937152.4579237,975.5931264124653
1772937152.457935,-1229.9792565325947
1772937152.4579465,548.6002532581928
1772937152.457957,3997.172027889239
1772937152.457968,4230.26569093369
1772937152.4579785,693.1649773892179
1772937152.4579892,-1733.3127611342934
1772937152.4579997,577.6816116136815
1772937152.4580102,4635.398994158885
1772937152.4580212,4661.4021950608285
1772937152.458032,277.2828891570758
1772937152.4580429,-2478.324254762657
1772937152.4580534,607.5355971058959
1772937152.4580636,5583.285564925171
1772937152.4580746,5309.244991777091
1772937152.4580846,-391.3117865451843
1772937152.4580944,-3692.449487381516
1772937152.458105,639.1706187127608
1772937152.4581158,7174.158451216782
1772937152.4581265,6426.155831479912
1772937152.4581373,-1626.6994324331347
1772937152.458148,-6015.298526962148
1772937152.458158,673.4782430789423
1772937152.4581685,10477.170566513341
1772937152.458179,8889.886027533394
1772937152.458189,-4644.064668464949
1772937152.4582024,-12218.460052655173
1772937152.4582243,721.6679317125846
1772937152.458238,21925.6054070005
1772937152.4582503,19460.539733403333
1772937152.485123,-22794.683333685814
1772937152.4851477,-80630.42897451462
1772937152.4851592,-107732.45067258662
1772937152.5173264,-80836.58567609858
1772937152.6317563,-22825.03147864397
1772937152.6317935,19504.420479940007
1772937152.6318092,21878.36679403289
1772937152.6318185,580.9578255005679
1772937152.631827,-12326.959169266209
1772937152.6318357,-4645.328224527946
1772937152.6318443,8934.023784916053
1772937152.6318524,10466.261104148341
1772937152.6318603,604.5731222051373
1772937152.6318684,-6052.362879462629
1772937152.6318765,-1576.7633258955132
1772937152.6318843,6510.342849670079
1772937152.6318927,7208.344929537828
1772937152.6319013,625.1227303805441
1772937152.631909,-3669.6265164242573
1772937152.6319177,-282.0326501531383
1772937152.6319263,5447.4075906893595
1772937152.631934,5662.571174341515
1772937152.6319425,634.15605056942
1772937152.6319501,-2405.2676397579203
1772937152.631958,453.762837774897
1772937152.6319664,4866.171946556147
1772937152.6319745,4751.192624201117
1772937152.6320057,614.421371794211
1772937152.6320133,-1618.079002330137
1772937152.6320217,997.6104036659724
1772937152.6320293,4583.831298928409
1772937152.6320393,4047.298555909509
1772937153.5301208,-53959.853680157714
1772937153.5301633,-29262.507729817815
1772937153.530195,3350.4700039683376
1772937153.5302217,18239.784197217425
1772937153.5302484,9486.639306458492
1772937153.530275,-5787.73031234192
1772937153.5303016,-8640.4995434018
1772937153.530328,1420.718851407763
1772937153.5303547,9672.6033477455
1772937153.5303817,6227.802101430666
1772937153.530408,-2785.7998744494507
1772937153.530417,-5119.603662132584
1772937153.5304253,1406.1317884882267
1772937153.530434,7330.263310204724
1772937153.5304418,4984.729110714903
1772937153.53045,-1748.414307426187
1772937153.5304585,-3582.850152478706
1772937153.5304737,1512.8730705255557
1772937153.5304813,6226.2860691740925
1772937153.5304945,4301.109649945024
1772937153.5305107,-1220.388771255672
1772937153.5305226,-2686.329551338926
1772937153.5305333,1632.2901735113935
1772937153.5305433,5582.862751179192
1772937153.5305538,3857.873301131337
1772937153.5305643,-901.5085167480476
1772937153.5305748,-2086.7014763851157
1772937153.5305848,1744.9326366770274
1772937153.5305948,5163.290422981901
1772937153.5306048,3543.36286691491
1772937153.5306149,-689.5251435463789
1772937153.5306273,-1652.4919141220623
1772937153.5306382,1848.620890828911
1772937153.5306485,4872.799796918547
1772937153.5306592,3309.9880799697107
1772937153.5306695,-537.4165183155108
1772937153.53068,-1319.282216541602
1772937153.530691,1946.1144004647876
1772937153.530701,4666.1735694525505
1772937153.530711,3132.371547797515
1772937153.5307212,-423.17889198714823
1772937153.5307317,-1054.9680815288082
1772937153.5307543,2036.7634648363407
1772937153.5307655,4515.037272645144
1772937153.5307765,2991.6458731204484
1772937153.5307868,-338.0517911876226
1772937153.5307975,-841.4504880898093
1772937153.5308084,2123.8591954557487
1772937153.530819,4408.762457931485
1772937153.53083,2882.129591771625
1772937153.5308409,-274.4480883773938
1772937153.530852,-669.7355286315661
1772937153.5308628,2204.212366868364
1772937153.5308735,4335.023273654011
1772937153.5308845,2796.6447824693387
1772937153.5308948,-227.8851038905033
1772937153.5309052,-531.6954870271809
1772937153.5309162,2279.116068439565
1772937153.5309265,4288.378303497511
1772937153.5309367,2731.7339606066885
1772937153.5309465,-194.23471479667094
1772937153.5309572,-418.74257498928205
1772937153.530968,2355.1930996157034
1772937153.5309787,4270.791665299317
1772937153.5309904,2685.9024236817863
1772937153.5310013,-177.2659374955648
1772937153.5310123,-336.7024450697433
1772937153.531024,2426.1095940482364
1772937153.5310347,4278.638516212001
1772937153.5310452,2660.1093429025073
1772937153.5310562,-172.7835404776996
1772937153.5310674,-280.72923858250584
1772937153.5310793,2496.0162814564
1772937153.5310905,4314.628420981966
1772937153.5311007,2654.056888706327
1772937153.5311115,-184.59351784209017
1772937153.5311236,-254.6531773634695
1772937153.5311391,2566.1037422053214
1772937153.5311563,4384.445678050861
1772937153.531168,2669.888329026971
1772937153.531181,-220.76639413353533
1772937153.531193,-272.19964106878706
1772937153.5312045,2629.1567947530575
1772937153.531216,4492.253211088608
1772937153.531227,2714.2551114960124
1772937153.5312395,-281.8626769710938
1772937153.531251,-335.8965142692754
1772937153.5312805,2694.945002008659
1772937153.531293,4659.983989945514
1772937153.5313058,2799.221157592341
1772937153.5313184,-383.71996481887214
1772937153.5313325,-474.72352073300186
1772937153.5313435,2756.422152467878
1772937153.5313523,4911.346270817828
1772937153.5313606,2943.0146794453617
1772937153.5313692,-549.5258551347177
1772937153.5313778,-731.7696282062293
1772937153.5313866,2812.991098279743
1772937153.5313954,5305.197777454165
1772937153.5314038,3193.4977413269803
1772937153.5314126,-817.3618920861836
1772937153.5314212,-1192.2660228340217
1772937153.53143,2862.264574764994
1772937153.5314384,5964.310941574151
1772937153.5314472,3646.260790834375
1772937153.5314555,-1297.6160719199843
1772937153.531464,-2089.9668233028474
1772937153.5314724,2880.6894045560803
1772937153.5314808,7223.613878572809
1772937153.5314891,4601.526650084361
1772937153.5314977,-2294.6318649925524
1772937153.5315068,-4183.834361263871
1772937153.5315156,2764.146104760566
1772937153.531524,10409.284820115286
1772937153.5315323,7487.095007396589
1772937153.5315406,-5271.064267203093
1772937153.5315487,-12414.137668131576
1772937153.5315573,798.5671861646548
1772937153.531566,30590.113157209307
1772937153.5315745,54967.91019243375
1772937154.0136776,177.0695031908826
1772937154.0137243,1771.2247039399479
1772937154.0137513,2467.194018048662
1772937154.0137777,1286.3483462024499
1772937154.0138044,-108.13037351767177
1772937154.013831,257.81977504988413
1772937154.013858,1886.4966768392335
1772937154.0138843,2494.851024203286
1772937154.0139112,1223.8053163272516
1772937154.013938,-139.29499378765345
1772937154.0139651,336.41957777240407
1772937154.0139916,2000.916125111141
1772937154.0139997,2520.178880028451
1772937154.014008,1157.9227779688024
1772937154.0140164,-170.4242560153322
1772937154.0140247,420.58915335715574
1772937154.0140326,2121.7711879999088
1772937154.0140405,2545.890544273332
1772937154.0140486,1086.1085663166602
1772937154.0140567,-206.30409189105018
1772937154.0140643,507.12972077223264
1772937154.0140724,2248.6809999530687
1772937154.0140803,2573.181432843281
1772937154.0140884,1009.9019122104759
1772937154.014096,-245.02590732954286
1772937154.014104,598.2485455213507
1772937154.014112,2382.6418935351
1772937154.01412,2600.202154484039
1772937154.0141277,925.3810553163058
1772937154.0141356,-289.44545514312335
1772937154.0141437,694.3739385550476
1772937154.0141516,2526.121034746415
1772937154.0141594,2628.4449675515657
1772937154.0141673,832.1558159092879
1772937154.0141752,-339.82767082557046
1772937154.0141828,796.7854356282758
1772937154.014191,2679.868520190692
1772937154.0141988,2654.809824547139
1772937154.0142066,723.5921582127581
1772937154.0142145,-401.64154941965745
1772937154.0142224,905.1718269631576
1772937154.0142305,2847.554211304963
1772937154.014238,2682.985361529063
1772937154.0142457,602.807976880054
1772937154.0142536,-468.5790112232678
1772937154.0142624,1030.602283609625
1772937154.01427,3039.1059366653485
1772937154.0142777,2712.995828908173
1772937154.0142856,458.49908295217483
1772937154.0142932,-554.7394230887916
1772937154.0143013,1165.2527821836095
1772937154.014309,3252.8268114133166
1772937154.0143168,2742.9069609842322
1772937154.0143244,287.54078286750894
1772937154.014332,-656.9381126471862
1772937154.0143397,1322.7505332956723
1772937154.0143473,3502.8616662580193
1772937154.0143547,2771.761344140912
1772937154.0143623,72.70804629585112
1772937154.01437,-790.4698435223576
1772937154.0143776,1506.3624992546322
1772937154.0143852,3804.2714617272686
1772937154.0143929,2804.331899793848
1772937154.0144002,-198.24011246814644
1772937154.014408,-964.3297444280978
1772937154.014416,1729.6108764248686
1772937154.0144236,4179.147562036336
1772937154.0144312,2837.004416409208
1772937154.0144389,-559.969029393249
1772937154.0144465,-1202.4518066337343
1772937154.014454,2018.0334973281906
1772937154.0144615,4677.836223523632
1772937154.0144691,2876.6912973912545
1772937154.0144768,-1068.0712820061015
1772937154.0144844,-1549.1017693030199
1772937154.014492,2417.223037245833
1772937154.0145,5395.030183489182
1772937154.0145075,2930.7562990350334
1772937154.0145154,-1849.063617077699
1772937154.0145233,-2110.1196421560444
1772937154.014531,3026.7355469349754
1772937154.0145383,6556.988502655233
1772937154.014546,3018.4317231507353
1772937154.0145538,-3240.72599644012
1772937154.0145612,-3187.3692306676894
1772937154.0145693,4152.274220329802
1772937154.014577,8929.487365667992
1772937154.0145845,3255.87772448732
1772937154.0145922,-6559.71535386871
1772937154.0145998,-6215.825707365025
1772937154.0146077,7229.559760353032
1772937154.0146153,17439.296378947267
1772937154.0146236,5416.99651311825
1772937154.0146313,-26740.094612335564
1772937154.0146387,-53834.65423618325
1772937154.0146463,-52180.001353527965
1772937154.0146537,-24045.561877563945
1772937154.0146613,5457.393058545433
1772937154.014669,14789.805675419022
1772937154.0146768,5592.652084596381
1772937154.0146844,-4474.954460361644
1772937154.0146918,-3711.3972047013262
1772937154.0146995,3365.5073683320134
1772937154.014707,6188.470901867207
1772937154.0147147,2441.219509938515
1772937154.014722,-1283.3388852905452
1772937154.014734,-91.44972403624247
1772937154.014751,3207.211466144377
1772937154.0147657,3561.694182000452
1772937154.0147777,1118.7981303784575
1772937154.014786,66.23590749089374
1772937154.014794,1825.1364388829452
1772937154.014802,3218.6206866584153
1772937154.0148096,1872.2969871918783
1772937154.0148177,81.91505752846176
1772937154.0148256,1080.9418090558106
1772937154.014836,3575.906877149446
1772937154.0148475,3376.1567612409385
1772937154.014858,120.41093273004645
1772937154.0148697,-1388.307361082068
1772937154.350588,-545.5981284235577
1772937154.3506324,598.5023267001864
1772937154.3506744,2660.9989420493907
1772937154.3507085,2686.622574797949
1772937154.3507428,773.4434797324009
1772937154.3507757,-249.69436891795695
1772937154.3507988,1029.5366442927314
1772937154.350813,2681.3110435560616
1772937154.350826,2336.1269741452043
1772937154.350835,579.5338619781481
1772937154.350844,-3.5534975632252173
1772937154.350854,1395.3860126819256
1772937154.3508625,2704.2546554097976
1772937154.350871,2036.343210267237
1772937154.35088,411.01611903073245
1772937154.3508887,219.92071992450838
1772937154.3508978,1733.2555818575993
1772937154.350906,2730.364181420927
1772937154.3509147,1756.7139634813545
1772937154.3509233,248.72344666920276
1772937154.3509312,433.80652957923525
1772937154.35094,2064.229449054409
1772937154.3509486,2755.7113433581508
1772937154.350957,1470.808041988913
1772937154.3509655,77.25907158162445
1772937154.350974,653.495486092668
1772937154.3509822,2414.4563664920965
1772937154.3509905,2783.861031545388
1772937154.3509989,1157.7130931735617
1772937154.3510072,-115.26398211629036
1772937154.3510156,900.1929575751261
1772937154.3510244,2816.5145516787193
1772937154.3510327,2815.18271561862
1772937154.3510416,779.2995730653322
1772937154.3510532,-358.5651323144931
1772937154.351066,1194.5748923056074
1772937154.3510835,3316.075459732118
1772937154.3510969,2851.5762861303765
1772937154.3511105,276.52016484943624
1772937154.3511188,-697.4227079574156
1772937154.3511271,1583.1770787876053
1772937154.3511355,4008.448420755345
1772937154.351144,2902.010450975022
1772937154.3511524,-471.75002540400334
1772937154.3511608,-1228.8173776180647
1772937154.351169,2173.8729487624223
1772937154.3511777,5124.4351755431435
1772937154.3511858,2986.6187848686213
1772937154.351194,-1805.7997384926855
1772937154.3512025,-2263.2709721308943
1772937154.3512106,3256.158867757151
1772937154.3512187,7413.13886006609
1772937154.3512273,3217.497688709478
1772937154.3512354,-5028.795979725118
1772937154.3512435,-5217.729334417954
1772937154.351252,6268.094780187831
1772937154.3512607,15785.791633442586
1772937154.3512688,5364.8594309631535
1772937154.351277,-25021.036287243634
1772937154.3512855,-52595.88657570502
1772937154.3512993,-53040.947972599475
1772937154.351313,-25737.52840112678
1772937154.3513267,5381.185050052621
1772937154.3513403,16541.229871756626
1772937154.3513527,6760.815056010356
1772937154.3513613,-5617.055056182454
1772937154.3513691,-5704.596771912134
1772937154.3513775,3283.281581039978
1772937154.3513858,8235.936435800482
1772937154.351394,3817.4948353090726
1772937154.3514023,-2617.3101829668767
1772937154.3514109,-2454.0828724913476
1772937154.3514187,3098.0781603607406
1772937154.3514273,6027.785621880726
1772937154.3514357,2813.8695475737054
1772937154.351448,-1555.6755437377337
1772937154.3514607,-1129.6605839760412
1772937154.3514755,3053.9222898830967
1772937154.3514848,5059.685394304404
1772937154.3514936,2386.9839602462325
1772937154.351502,-1087.5477422037252
1772937154.35151,-922.4178880015517
1772937154.8141036,2845.70367227739
1772937154.8141408,4139.259181389557
1772937154.8141673,1155.7601713637093
1772937154.814194,-1741.1628827273346
1772937154.814221,-526.321093715373
1772937154.8142471,2931.0729043238443
1772937154.814274,3725.3553536256386
1772937154.8143003,859.4140699390397
1772937154.8143272,-1519.9167849989963
1772937154.8143537,-91.76828050323064
1772937154.8143804,3028.3938968062766
1772937154.814402,3418.197274337021
1772937154.81441,610.1890070899167
1772937154.8144178,-1357.7971529574156
1772937154.814426,275.42729771653376
1772937154.814434,3139.1542141390705
1772937154.814442,3173.0062233447024
1772937154.81445,383.0498081241958
1772937154.814458,-1232.141542064409
1772937154.8144655,610.1252938716673
1772937154.8144732,3266.8616745982968
1772937154.8144813,2964.284600953496
1772937154.8144896,160.50607365452453
1772937154.8144977,-1131.827417326795
1772937154.814505,933.0056914016782
1772937154.8145163,3411.1930509679955
1772937154.8145244,2767.7391600449364
1772937154.8145323,-78.92536785214767
1772937154.8145404,-1052.8173214635103
1772937154.8145485,1265.4882306798231
1772937154.814556,3583.6399867791642
1772937154.8145642,2572.772339912408
1772937154.814572,-350.48316707198506
1772937154.81458,-991.4733499400435
1772937154.8145883,1627.1780065589342
1772937154.8145962,3791.6397576503177
1772937154.814604,2358.618575518577
1772937154.814612,-680.1606566607819
1772937154.81462,-940.9416837299245
1772937154.814628,2059.317660259871
1772937154.8146355,4064.3890679152964
1772937154.8146434,2102.9739709426412
1772937154.8146513,-1116.5539821231323
1772937154.814659,-909.6457748020445
1772937154.8146675,2611.02099145101
1772937154.814675,4437.724616603705
1772937154.814683,1756.2588072079138
1772937154.8146913,-1751.0768099136274
1772937154.814699,-898.3919053716629
1772937154.8147068,3413.027255106843
1772937154.8147144,5018.618794645455
1772937154.8147223,1219.907170123355
1772937154.81473,-2808.857451674533
1772937154.8147376,-928.6371185343143
1772937154.8147452,4797.006392693894
1772937154.8147533,6105.441800197007
1772937154.8147607,193.41145840972732
1772937154.814768,-5047.117965725496
1772937154.814776,-1118.7576736728502
1772937154.8147838,8062.222556216648
1772937154.8147917,9119.258467363901
1772937154.8147993,-2742.2509400672284
1772937154.8148067,-13347.447069852471
1772937154.8148143,-3226.646655126357
1772937154.8148224,28036.162081305258
1772937154.8148303,56408.92296396807
1772937154.814838,56427.4240067873
1772937154.8148458,28057.11913833439
1772937154.8148537,-3239.5087755428244
1772937154.8148613,-13348.694666366824
1772937154.8148687,-2664.0013897477666
1772937154.8148763,9242.803016803478
1772937154.8148847,8118.292506578713
1772937154.8148923,-1149.1683381552893
1772937154.8149002,-5026.172657814624
1772937154.8149078,378.0005928011461
1772937154.8149157,6351.51093274647
1772937154.8149233,4897.134016535718
1772937154.814931,-986.0377723305105
1772937154.8149388,-2778.8218271547094
1772937154.8149464,1515.0334772979372
1772937154.814954,5404.198281971661
1772937154.8149617,3560.0885067736613
1772937154.8149693,-1004.0497560369585
1772937154.8149767,-1730.5732392302107
1772937154.8149843,2174.909554986204
1772937154.8149924,4992.9863405388105
1772937154.8149998,2807.4955556883515
1772937154.8150074,-1100.4433352491599
1772937154.8150153,-1134.285034581932
1772937154.8150227,2670.9404964348164
1772937154.8150303,4842.229415876067
1772937154.815038,2309.0806492195825
1772937154.8150458,-1280.5510030410258
1772937154.8150532,-785.5907579150137
1772937154.8150609,3120.6882715404445
1772937154.8150685,4884.965865812933
1772937154.815076,1938.7185322182002
1772937154.815084,-1590.2545323137913
1772937154.8150916,-628.1110243884676
1772937154.8150992,3616.7644079316087
1772937154.8151066,5167.906485832573
1772937154.8151145,1646.599018313474
1772937154.815122,-2145.1347638093607
1772937154.8151295,-715.5168594808997
1772937154.8151374,4275.093463546079
1772937154.815145,5879.680301173519
1772937154.815153,1417.6534409272108
1772937154.8151605,-3265.897390960828
1772937154.815168,-1306.5851365787937
1772937154.8151755,5411.744043137883
1772937154.8151832,7755.410216948113
1772937154.8151908,1348.9097966362895
1772937154.8151987,-6241.591070261581
1772937154.8152063,-3800.8567956122906
1772937154.815214,8445.650657263692
1772937154.8152215,15670.973674108822
1772937154.8152292,3219.3040704597124
1772937154.8152373,-25935.937047867323
1772937154.8152452,-50911.65700792516
1772937155.044288,1100.9232431401651
1772937155.0443304,2101.604114797463
1772937155.0443573,710.2727951762108
1772937155.0443835,-1156.0195856203866
1772937155.0444102,-894.389322664978
1772937155.0444188,1178.6342006691998
1772937155.0444274,2220.4661862080748
1772937155.0444357,757.6992352178022
1772937155.0444443,-1240.0510802807548
1772937155.044453,-998.798369685758
1772937155.044461,1241.866247019398
1772937155.044469,2454.0532897046255
1772937155.0444767,899.7840599738159
1772937155.0444849,-1403.7922363445227
1772937155.044493,-1276.4797441915991
1772937155.0445013,1294.1518125345956
1772937155.0445092,2916.9506777927572
1772937155.0445173,1226.699818348013
1772937155.0445251,-1745.484526302648
1772937155.0445335,-1944.024855757629
1772937155.044542,1306.7025402766712
1772937155.04455,3914.1817032960275
1772937155.044558,2019.4386767634637
1772937155.0445662,-2547.8571656451077
1772937155.044574,-3721.817357941716
1772937155.044582,1172.0795996657278
1772937155.04459,6714.534316125924
1772937155.044598,4669.7566609982305
1772937155.0446062,-5207.578170506913
1772937155.0446143,-11434.996064644944
1772937155.044622,-862.9022336289897
1772937155.04463,26036.1586697744
1772937155.044638,51340.83062466237
1772937155.0446458,54127.5323823436
1772937155.0446537,30605.896208968792
1772937155.0446613,-770.4603628733726
1772937155.0446692,-16033.682213302738
1772937155.044677,-8198.036885975804
1772937155.0446846,7656.500878535712
1772937155.0446925,11936.635075241558
1772937155.0447,1460.3787175845498
1772937155.0447075,-9156.497204711508
1772937155.0447156,-6357.159095648823
1772937155.0447245,5807.638959958102
1772937155.044732,11116.986143153652
1772937155.0447395,1944.7190504758769
1772937155.0447476,-10223.101338495213
1772937155.0447552,-8377.372535655908
1772937155.0447628,7783.001291118806
1772937155.0447853,18279.11781714698
1772937155.0448048,4251.744681270594
1772937155.044816,-29213.205971546526
1772937155.0448267,-55510.037020921496
1772937155.181928,2247.2995395871058
1772937155.181962,5102.177699713454
1772937155.181975,1672.4935893452391
1772937155.1819851,-3314.4933601723824
1772937155.181995,-2994.852106137162
1772937155.1820047,2248.7249505650198
1772937155.1820138,5226.758902216088
1772937155.182023,1750.2768063753556
1772937155.182032,-3489.6833975965205
1772937155.1820407,-3190.0527438689123
1772937155.18205,2452.9122987851783
1772937155.1820583,5709.464820903685
1772937155.1820664,1837.4735376514905
1772937155.1820748,-4059.1350254494955
1772937155.1820836,-3667.168436853358
1772937155.1820917,2928.8358093095553
1772937155.1821003,6729.482606186956
1772937155.1821084,1960.6297983881573
1772937155.1821167,-5316.478386958611
1772937155.182125,-4706.582286183735
1772937155.1821327,3964.315733926671
1772937155.1821408,9032.53650483907
1772937155.1821496,2245.4991680729827
1772937155.182158,-8554.502964441028
1772937155.1821663,-7743.317969165713
1772937155.182175,6962.5427449233775
1772937155.1821835,17519.52179819697
1772937155.1821914,4497.408380478285
1772937155.1821997,-28626.083516096405
1772937155.1822119,-55419.205047533134
1772937155.659718,-55352.40655847402
1772937155.659756,-33650.46621204371
1772937155.659782,-186.97384897809255
1772937155.6598082,19379.45326101364
1772937155.6598403,11585.074045246676
1772937155.659867,-11389.265369925939
1772937155.659894,-22191.989155714975
1772937155.6599205,-4366.462124645107
1772937155.6599472,31097.521334603716
1772937155.6599736,55690.51174018749
1772937155.6600003,50277.458414668516
1772937155.6600227,22069.210875179193
1772937155.6600313,-4539.13142479901
1772937155.6600392,-12128.133366302887
1772937155.6600473,-4014.3198793372094
1772937155.6600552,4320.531992111757
1772937155.6600635,3485.3595649030303
1772937155.6600714,-2468.2800947899264
1772937155.6600795,-4784.407382038101
1772937155.6600876,-1509.3950360740864
1772937155.6600957,1870.8148792556265
1772937155.660107,937.3392831099372
1772937155.660115,-2260.3422605904734
1772937155.6601229,-3049.7207253561646
1772937155.6601305,-718.0938488296483
1772937155.6601381,1130.501997664132
1772937155.6601465,14.470287405782438
1772937155.6601543,-2187.2905001970817
1772937155.660162,-2289.271446373009
1772937155.6601698,-324.27953211389286
1772937155.6601777,787.5205291813494
1772937155.660185,-458.79475315316637
1772937155.6601927,-2145.9139716612044
1772937155.6602108,-1846.8496081696467
1772937155.6602185,-75.0895332237276
1772937155.6602263,589.8153342993339
1772937155.6602345,-751.7255512833003
1772937155.660242,-2109.9326654991232
1772937155.66025,-1534.6379631477796
1772937155.660258,110.9717902970952
1772937155.6602657,455.4482320880948
1772937155.6602733,-964.4617036999565
1772937155.6602807,-2080.513005049152
1772937155.6602888,-1288.803422780207
1772937155.660297,265.1321377377468
1772937155.6603043,355.15290199229935
1772937155.6603124,-1132.3711199643706
1772937155.6603203,-2050.579305904924
1772937155.660328,-1075.1876946421694
1772937155.6603358,402.23493304784597
1772937155.6603436,269.61325733792034
1772937155.6603515,-1281.177497355597
1772937155.6603591,-2023.800495096521
1772937155.6603668,-879.5820772565045
1772937155.6603746,530.4584294744096
1772937155.6603823,191.0923975440869
1772937155.66039,-1420.8541434797776
1772937155.6603975,-1996.7824228702443
1772937155.6604054,-688.3306052940227
1772937155.6604133,657.7166539755613
1772937155.660421,114.11201634549722
1772937155.6604288,-1561.2639038047419
1772937155.6604364,-1971.3609722379258
1772937155.6604443,-495.1430510258656
1772937155.660452,787.9765944945933
1772937155.6604602,34.497756684389316
1772937155.660468,-1708.1058386574462
1772937155.6604755,-1945.2131694135933
1772937155.6604838,-290.8568524970076
1772937155.6604917,926.0479124355174
1772937155.6604993,-53.838924496357095
1772937155.6605072,-1870.8575992880417
1772937155.6605153,-1918.581788150668
1772937155.6605227,-65.21673984412489
1772937155.6605306,1080.2686644118567
1772937155.660538,-154.65958420639888
1772937155.6605456,-2059.6541835441335
1772937155.6605532,-1893.9288594168092
1772937155.6605608,189.47192479558936
1772937155.6605687,1254.6101406843807
1772937155.6605763,-278.6998643499727
1772937155.660584,-2289.7204683352684
1772937155.660592,-1870.0513521656828
1772937155.6606317,493.0630116191596
1772937155.6606393,1463.0872660786013
1772937155.6606472,-438.719326322051
1772937155.660655,-2586.102279260506
1772937155.660663,-1848.3030683220056
1772937155.6606705,875.9427504356029
1772937155.6606784,1729.1373814713563
1772937155.660686,-655.9083422931006
1772937155.6606936,-2992.9658681932874
1772937155.6607015,-1832.6610833456957
1772937155.6607094,1391.5380327129733
1772937155.6607172,2093.657229113775
1772937155.6607249,-975.0209865225768
1772937155.6607325,-3599.6736307087895
1772937155.660756,-1826.100960444607
1772937155.6607635,2165.578969106911
1772937155.6607711,2659.2152787801883
1772937155.6607785,-1495.4446545211115
1772937155.660786,-4628.766509407636
1772937155.6607935,-1848.0765939465637
1772937155.6608012,3526.613545021737
1772937155.6608088,3716.482174186418
1772937155.6608164,-2522.8385186600585
1772937155.660824,-6834.000697981367
1772937155.660832,-2010.2682742588115
1772937155.66084,6769.599517101763
1772937155.6608477,6669.455156652661
1772937155.6608553,-5477.670506427259
1772937155.660863,-15048.126817111497
1772937155.6608706,-4004.833301722322
1772937155.6608784,26633.200299056633
1772937155.660886,53341.86295982831
1772937156.0633686,-1925.4377450117631
1772937156.0634103,-1438.6168307673265
1772937156.0634422,-179.97257859416538
1772937156.063474,88.23426664336448
1772937156.0635006,-1017.9564821724206
1772937156.0635276,-1943.7968020417518
1772937156.0635536,-1370.1494763386436
1772937156.06358,-82.36373178770428
1772937156.0636058,113.20464861048096
1772937156.0636168,-1068.5226639630052
1772937156.0636282,-1966.8460409983925
1772937156.0636387,-1298.42301021595
1772937156.0636492,20.35179459947109
1772937156.06366,138.1911617587702
1772937156.0636706,-1123.3883158361464
1772937156.0636811,-1990.9071830250878
1772937156.0636916,-1220.1907024152656
1772937156.0637023,131.64972935177664
1772937156.0637133,165.3539493604616
1772937156.063724,-1182.7470222007325
1772937156.0637343,-2017.696860627502
1772937156.0637455,-1137.4400592565753
1772937156.063758,249.18560976405803
1772937156.0637684,191.21383587844505
1772937156.063779,-1250.6309374704585
1772937156.06379,-2049.7104755806968
1772937156.0638003,-1049.9897008571934
1772937156.0638113,374.24415679546667
1772937156.0638216,215.62020654708093
1772937156.0638323,-1328.8452942652532
1772937156.0638433,-2087.9876952443337
1772937156.0638537,-956.4518606292407
1772937156.0638645,508.9700855439803
1772937156.0638747,238.56483808529387
1772937156.0638857,-1419.4724708381061
1772937156.0638962,-2133.2223497848304
1772937156.063907,-853.8375925499191
1772937156.0639176,657.6226035909485
1772937156.063928,261.18200258246486
1772937156.0639389,-1525.0504968191135
1772937156.0639496,-2187.3745325323985
1772937156.0639603,-740.2383224882975
1772937156.0639708,823.5269102710799
1772937156.0639813,283.314502846109
1772937156.0639923,-1649.1352074381598
1772937156.0640028,-2251.3866401336445
1772937156.0640135,-610.1024845522563
1772937156.064024,1013.9172921335958
1772937156.0640347,305.33329850609044
1772937156.0640457,-1799.2896476546357
1772937156.0640564,-2332.0542626405536
1772937156.064067,-462.06646919822
1772937156.0640776,1234.140780788234
1772937156.0640883,326.1840261185973
1772937156.0640993,-1984.6483800201183
1772937156.0641096,-2435.939383002245
1772937156.06412,-291.7586856935516
1772937156.0641303,1492.053059516954
1772937156.0641408,342.4554115269988
1772937156.0641513,-2220.137315090809
1772937156.0641615,-2570.79015925734
1772937156.0641725,-85.57926529342006
1772937156.0641828,1810.3375884389357
1772937156.0641932,360.00462350147313
1772937156.064204,-2520.960242340813
1772937156.0642145,-2746.0215093867923
1772937156.064225,174.88326984460653
1772937156.0642357,2216.243614054445
1772937156.064246,373.75035140290413
1772937156.0642567,-2929.751028613982
1772937156.0642672,-2993.130499739646
1772937156.0642776,512.1667806890543
1772937156.0642881,2757.8144652110764
1772937156.0642989,384.6505957301153
1772937156.0643096,-3507.002201083043
1772937156.06432,-3351.400701487995
1772937156.0643306,984.4858710441421
1772937156.0643413,3534.96817701911
1772937156.0643516,390.2036636362785
1772937156.0643623,-4389.691874589993
1772937156.0643728,-3919.6329568673445
1772937156.0643835,1706.5456757319148
1772937156.0643945,4769.8421942109335
1772937156.0644047,391.74511011063964
1772937156.0644157,-5898.874490513889
1772937156.0644264,-4940.778968040902
1772937156.0644372,2982.8868543383833
1772937156.0644476,7078.575867662361
1772937156.0644584,380.0938183645064
1772937156.0644689,-9079.518468815759
1772937156.064479,-7267.628023329345
1772937156.06449,5999.314565609245
1772937156.0645,13160.37409887638
1772937156.0645108,352.37897809194436
1772937156.064521,-20167.35289544779
1772937156.064531,-17455.605589738043
1772937156.064542,23678.783705161055
1772937156.0645528,79432.85290197027
1772937156.0645633,105063.29502623856
1772937156.1456544,29866.604555596925
1772937156.145687,-1582.0905164251928
1772937156.1456983,-15877.602164324493
1772937156.1457076,-7271.70892880354
1772937156.145717,8051.745090218095
1772937156.145726,11213.100689214676
1772937156.1457343,643.7661570357021
1772937156.1457424,-8858.167618035544
1772937156.1457512,-5338.963103715467
1772937156.145759,6046.3645562167785
1772937156.1457677,10159.072206906587
1772937156.1457756,1165.910534207163
1772937156.145784,-9601.931634116892
1772937156.1457922,-7177.043735625703
1772937156.1458004,7737.203082647877
1772937156.145811,16851.540422067894
1772937156.1458192,3479.743910246301
1772937156.1458275,-27788.58398428406
1772937156.1458356,-53036.64877005088
1772937156.1458437,-51522.59488864954
1772937156.511158,-24416.19381872574
1772937156.5112047,2696.394460949324
1772937156.5112357,12247.719525469583
1772937156.511268,5075.273974051401
1772937156.5112948,-4368.055568841604
1772937156.5113215,-5189.7285880393965
1772937156.5113387,658.3440912452423
1772937156.5113504,4509.309054140558
1772937156.5113618,2411.416080499771
1772937156.5113733,-1654.904125575535
1772937156.5113842,-2328.5842016012657
1772937156.5113952,492.23683850550447
1772937156.5114057,2642.3378850531353
1772937156.5114167,1586.3559135221553
1772937156.5114272,-780.7956538142272
1772937156.5114377,-1256.7408925556033
1772937156.511448,464.40823281946655
1772937156.5114586,1869.3166900156525
1772937156.5114691,1218.4039413489281
1772937156.51148,-363.34547752625576
1772937156.51149,-713.2030104980184
1772937156.5115004,469.54410555689003
1772937156.511511,1474.466434756946
1772937156.5115216,1025.7879189828645
1772937156.511532,-122.04358073770489
1772937156.5115428,-390.1062079272934
1772937156.5115533,486.07208112418317
1772937156.5115635,1250.4415889082957
1772937156.5115745,918.6977921755696
1772937156.5115857,38.12084493002668
1772937156.5115957,-174.4830502867447
1772937156.5116065,508.8516145575866
1772937156.5116167,1115.2851388354777
1772937156.5116272,855.8719467940055
1772937156.5116377,151.26291873329703
1772937156.5116484,-21.858045190508246
1772937156.511659,532.8704542553176
1772937156.5116692,1030.3462597032906
1772937156.51168,818.5489338774461
1772937156.5116906,236.01343184154453
1772937156.511701,92.75351356808038
1772937156.5117111,558.8704697332395
1772937156.5117218,978.9718569842762
1772937156.5117323,799.8538172722851
1772937156.5117428,304.3186745251585
1772937156.511753,182.88673435122544
1772937156.5117636,584.5367237008401
1772937156.5117743,947.028769056444
1772937156.5117846,791.0854801705946
1772937156.5117953,361.0020552121857
1772937156.5118053,258.8511812697183
1772937156.5118158,614.6609179473304
1772937156.5118263,932.7144098239396
1772937156.5118363,790.0916402852223
1772937156.5118473,406.42468276747724
1772937156.5118577,319.94407086975406
1772937156.511868,644.4223955671248
1772937156.5118792,930.2502937660823
1772937156.5118911,796.1891569761932
1772937156.5119016,446.77481514380065
1772937156.511912,374.7947347452021
1772937156.5119226,678.5802547046535
1772937156.511933,936.9733036221305
1772937156.5119436,800.0194956055378
1772937156.5119545,470.9254788299081
1772937156.511965,418.1412897057911
1772937156.5119755,722.2899920989222
1772937156.511986,962.3069074262937
1772937156.5119965,800.8853820602272
1772937156.512007,464.84764324426743
1772937156.5120175,448.47916021147114
1772937156.512028,820.3927637882304
1772937156.5120385,1065.83874182843
1772937156.5120487,702.0617917018151
1772937156.821437,2460.9054969041854
1772937156.8214755,2427.7918721283377
1772937156.821504,821.9618838760014
1772937156.82153,-101.68225559697207
1772937156.8215568,999.0749099250231
1772937156.8215835,2617.0738103968724
1772937156.8215995,2467.126630522274
1772937156.8216083,721.4812051521009
1772937156.8216164,-168.10010807454213
1772937156.8216248,1098.7070204936697
1772937156.8216329,2784.7840987061895
1772937156.821641,2504.9462611392773
1772937156.821649,607.6914135834943
1772937156.8216572,-241.16239402183774
1772937156.8216653,1209.1429776757625
1772937156.821673,2967.2815235453913
1772937156.8216813,2540.400116136982
1772937156.8216891,475.25112390985083
1772937156.8216972,-324.848092958153
1772937156.8217053,1332.4845982027537
1772937156.8217134,3169.5552994895734
1772937156.8217213,2574.059115900123
1772937156.8217294,319.07117913004805
1772937156.8217373,-422.5587153769862
1772937156.8217454,1473.192018970293
1772937156.8217533,3399.5763856233257
1772937156.821761,2607.3323477639174
1772937156.8217688,132.03736371073475
1772937156.8217769,-539.9069973951457
1772937156.8217845,1636.1100208526732
1772937156.8217924,3667.3854518620756
1772937156.8218033,2641.9500665169617
1772937156.8218117,-95.36977550806455
1772937156.8218193,-684.5059598037004
1772937156.8218272,1826.8477161615751
1772937156.8218353,3983.289617310435
1772937156.821843,2673.964427397227
1772937156.8218505,-382.9714096076493
1772937156.8218584,-868.9340987027311
1772937156.821866,2059.2039406430713
1772937156.821874,4373.29435684213
1772937156.8218818,2708.01610244595
1772937156.8218896,-755.1322659061404
1772937156.8218975,-1112.6763510043565
1772937156.8219051,2350.6647211799027
1772937156.8219275,4873.0873704124615
1772937156.8219354,2746.6166422953047
1772937156.8219433,-1253.9000038639847
1772937156.821951,-1445.653097089037
1772937156.8219588,2737.1741358475733
1772937156.8219664,5549.292493093243
1772937156.8219745,2791.668047737338
1772937156.821982,-1966.2584219161502
1772937156.8219895,-1937.0150179804043
1772937156.8219976,3278.1082493883073
1772937156.8220055,6531.425903583027
1772937156.8220131,2853.1121362374965
1772937156.8220208,-3062.9276247780167
1772937156.8220284,-2723.0634171824745
1772937156.8220365,4119.788755756689
1772937156.822044,8133.00247101566
1772937156.8220515,2960.6227581984735
1772937156.8220592,-4988.51587188401
1772937156.822067,-4197.420364925766
1772937156.822075,5651.10825951811
1772937156.8220825,11312.91430915048
1772937156.8220901,3249.2988177589177
1772937156.822098,-9342.937666107846
1772937156.822106,-8050.49696120005
1772937156.8221135,9547.446058223684
1772937156.8221214,21588.387202301757
1772937156.8221292,5558.3815583431415
1772937156.8221369,-31912.0283162812
1772937156.8221445,-57130.06724122866
1772937156.822152,-45449.321555110466
1772937156.82216,-10797.06602678147
1772937156.8221679,7731.738992008066
1772937156.8221753,-10912.314666853556
1772937156.822184,-45999.18060937123
1772937157.3098447,-57844.530518351334
1772937157.3098824,-32496.5471258021
1772937157.3099089,5093.18660903799
1772937157.3099353,21070.69905702547
1772937157.309964,8875.640761048318
1772937157.309991,-8754.618684888974
1772937157.3100183,-9891.955094956913
1772937157.3100462,2848.510238768466
1772937157.310074,10862.384121418574
1772937157.310102,5032.397022500954
1772937157.3101337,-4857.390465625603
1772937157.31019,-5489.5950614652675
1772937157.310198,2616.04842632613
1772937157.310206,7741.7884152330325
1772937157.310214,3557.0872234325207
1772937157.310222,-3331.587775853537
1772937157.31023,-3513.9617240179796
1772937157.3102376,2560.2752393859532
1772937157.3102462,6193.777019393142
1772937157.310254,2768.8165116539085
1772937157.3102624,-2493.6581866843903
1772937157.3102703,-2366.3388755311967
1772937157.310279,2550.1368269630516
1772937157.3102877,5263.261491422657
1772937157.3102958,2278.526493056883
1772937157.3103037,-1953.0738456300421
1772937157.310312,-1604.636654773966
1772937157.3103209,2556.529465409072
1772937157.3103292,4640.787364141803
1772937157.3103373,1946.5695454010367
1772937157.3103454,-1565.729660737349
1772937157.3103535,-1051.420211377711
1772937157.3103619,2572.3830740708604
1772937157.31037,4193.900669463268
1772937157.310378,1705.2304179673588
1772937157.310388,-1273.1470768703286
1772937157.3103957,-628.4902992611304
1772937157.310404,2592.0472349371553
1772937157.310412,3857.9298360875264
1772937157.31042,1524.4583100892557
1772937157.310428,-1038.6509855256063
1772937157.310436,-289.2086708047856
1772937157.310444,2613.6313807603897
1772937157.3104515,3593.9874518114107
1772937157.3104596,1381.8617996143028
1772937157.3104675,-846.259729231365
1772937157.3104756,-8.90953592774272
1772937157.3104837,2636.8325592147576
1772937157.3104916,3382.3187597527954
1772937157.3104997,1268.6221072241701
1772937157.3105073,-682.0531611965932
1772937157.3105152,229.56508010052332
1772937157.310523,2660.4407940764163
1772937157.310531,3207.2739124084897
1772937157.3105388,1175.4953254481327
1772937157.3105464,-539.6157581139812
1772937157.3105543,436.47776543513964
1772937157.310562,2684.2600600956744
1772937157.3105698,3060.244620574749
1772937157.3105776,1098.9742100528144
1772937157.3105853,-411.387517177518
1772937157.3105931,621.9397672272111
1772937157.3106012,2710.2949705160704
1772937157.3106089,2935.643176919217
1772937157.3106167,1034.866482673038
1772937157.3106248,-295.6346253940321
1772937157.3106325,788.5728709074801
1772937157.3106403,2735.693764623872
1772937157.310649,2826.5948754628666
1772937157.3106568,979.4497844948338
1772937157.310665,-189.47038045874132
1772937157.3106728,941.7764981965483
1772937157.310681,2762.7421788126503
1772937157.3106887,2732.0612515693715
1772937157.3106968,932.4193409231431
1772937157.3107047,-90.76675688569473
1772937157.3107126,1082.8763232187068
1772937157.3107202,2788.4761331583804
1772937157.310728,2646.2222335831366
1772937157.310736,890.1315222115121
1772937157.310744,1.7837440807225649
1772937157.310752,1215.9047224324638
1772937157.3107605,2815.823925729248
1772937157.3107684,2570.033618136397
1772937157.3107762,853.6018727967697
1772937157.3107843,90.3599114703302
1772937157.3107922,1342.3936171089088
1772937157.3108,2843.3688471580203
1772937157.310808,2499.6223262257877
1772937157.3108156,819.4639195701319
1772937157.3108232,174.1182690690402
1772937157.3108308,1463.0350668171784
1772937157.3108387,2871.030445664798
1772937157.3108468,2433.430354585226
1772937157.310855,786.0206573706334
1772937157.3108628,252.4337154755937
1772937157.3108706,1577.7896210279464
1772937157.3108785,2898.276776813062
1772937157.3108864,2370.8620325234124
1772937157.3108943,754.6065869175001
1772937157.310902,329.76760905459616
1772937157.31091,1692.6657951041861
1772937157.3109179,2929.2968846023787
1772937157.3109255,2312.320056094913
1772937157.3109336,723.2242715446712
1772937157.3109412,404.8067438004757
1772937157.310949,1808.0680408592839
1772937157.3109572,2963.6611282788836
1772937157.3109653,2253.6769960858805
1772937157.310973,685.9788233399541
1772937157.3109808,476.66564615723445
1772937157.310989,1931.7136820164471
1772937157.3109965,3009.622907029668
1772937157.3110044,2188.853473374481
1772937157.3110125,621.8261077297698
1772937157.3110204,538.4828661103426
1772937157.3110282,2105.746846301309
1772937157.3110359,3127.4546551309118
1772937157.3110437,2031.8373767475748
1772937157.3110516,25.150619514558
1772937157.4900644,414.47350724038387
1772937157.4901097,1874.9650839809387
1772937157.490136,2780.3194012856507
1772937157.4901562,1865.3694217164589
1772937157.4901652,423.87332625624816
1772937157.4901736,490.4510948369544
1772937157.4901817,1980.4151837421905
1772937157.49019,2806.9093013345973
1772937157.4901984,1813.419098193566
1772937157.4902067,402.0212211931497
1772937157.490215,565.5994924707294
1772937157.4902232,2084.9145693182654
1772937157.4902313,2831.6892882378274
1772937157.4902396,1759.1379888592921
1772937157.4902475,379.15006386504973
1772937157.4902556,642.0764796664547
1772937157.4902637,2191.2722030118603
1772937157.4902716,2855.90907975699
1772937157.4902794,1701.7664951152262
1772937157.4902873,354.1076300317813
1772937157.4902952,720.0215529576466
1772937157.4903033,2300.8634683569167
1772937157.4903111,2880.978478418361
1772937157.4903188,1642.3817613407448
1772937157.4903264,328.55453367402777
1772937157.4903345,802.0404733235762
1772937157.4903421,2415.6412569316058
1772937157.49035,2906.224845620358
1772937157.490358,1578.2942908981843
1772937157.4903655,300.95736021275076
1772937157.4903736,889.4001545546017
1772937157.4903812,2536.5213067537175
1772937157.490389,2927.305649839988
1772937157.490397,1500.5028359076289
1772937157.4904048,265.75197009072593
1772937157.4904127,986.6318674901416
1772937157.4904203,2672.101464428391
1772937157.4904282,2941.643209169441
1772937157.490436,1393.0341522074314
1772937157.490444,221.50657509084837
1772937157.4904523,1140.6889600994314
1772937157.490461,2885.2162329481935
1772937157.4904687,2862.0284667415717
1772937157.9715,-17.626317179296223
1772937157.971545,-2.178505909501095
1772937157.971576,7.07190823334
1772937157.971603,6.76443886585554
1772937157.9716291,5.485849868729609
1772937157.971656,12.104653487283038
1772937157.9716976,24.074470893379825
1772937157.9717245,31.551924749524172
1772937157.9717505,31.27004938730775
1772937157.9717777,30.861030201586445
1772937157.9718041,37.928096667238776
1772937157.971814,49.42138580439615
1772937157.9718235,56.16112226315455
1772937157.971832,55.94207326972565
1772937157.97184,56.67089209069913
1772937157.971849,65.13341721436099
1772937157.9718573,77.26491640043297
1772937157.9718657,83.69454343119013
1772937157.971874,82.84051486116996
1772937157.971882,83.16819090125304
1772937157.9718907,91.39217070930728
1772937157.9718988,103.12405404670359
1772937157.971907,109.05057154823044
1772937157.9719152,107.95615858748981
1772937157.9719238,108.33607193852943
1772937157.9719317,116.40597283897188
1772937157.9719403,127.42298383495934
1772937157.971948,132.52142164198258
1772937157.971956,131.3664564657754
1772937157.9719636,132.69728026723936
1772937157.9719713,141.9266900151926
1772937157.9719791,153.3291203888202
1772937157.9719872,157.9986694717178
1772937157.971995,156.48336440308609
1772937157.9720027,158.20682215873984
1772937157.9720116,168.27716215566488
1772937157.9720194,180.1749362281526
1772937157.9720275,184.76505584122177
1772937157.972036,183.13723961794915
1772937157.9720445,185.19387274511112
1772937157.9720523,195.79586008566878
1772937157.9720604,207.86341865466594
1772937157.9720683,212.23411935330552
1772937157.972076,210.52486851807183
1772937157.972084,212.84825111704373
1772937157.972092,223.46055114275816
1772937157.9721,234.57432812546654
1772937157.972108,237.29155088276136
1772937157.972116,234.43000735529796
1772937157.972124,236.99298175837782
1772937157.9721315,248.85645075497217
1772937157.9721396,261.0783567061583
1772937157.972148,264.1129979489864
1772937157.9721558,261.10614654304106
1772937157.9721637,263.60503736255976
1772937157.9721713,275.4667972561534
1772937157.9721792,287.4390758038902
1772937157.972187,290.1423017546264
1772937157.972195,287.32281640381694
1772937157.9722023,290.6254194788552
1772937157.9722102,303.0354753317216
1772937157.972218,314.348231227629
1772937157.9722257,315.3919155265554
1772937157.9722338,311.2058953626816
1772937157.9722416,314.3885993367779
1772937157.9722495,327.54514825836526
1772937157.9722576,339.4480899557121
1772937157.9722652,340.64518113056556
1772937157.972273,336.8019840028349
1772937157.9722807,340.81344704288955
1772937157.9722884,354.4707037464965
1772937157.9722965,365.5977744391308
1772937157.972304,365.179008501013
1772937157.9723117,360.55792246268715
1772937157.9723198,365.6328541024224
1772937157.9723277,381.2149682893485
1772937157.9723353,393.2517448809746
1772937157.9723432,392.1405574667097
1772937157.9723508,386.4252320979528
1772937157.9723585,391.2274605370304
1772937157.972366,407.0279932394809
1772937157.9723735,418.652993181476
1772937157.9723816,416.54884183601973
1772937157.9723895,410.73141671880813
1772937157.9723978,417.192486638092
1772937157.9724057,435.13879557776136
1772937157.9724135,447.280167352619
1772937157.9724212,443.757985116311
1772937157.972429,436.5343227295975
1772937157.972437,443.26848925509296
1772937157.9724443,462.39235815213436
1772937157.9724524,474.6081316140003
1772937157.9724603,469.80193352917036
1772937157.972468,461.9578746161763
1772937157.9724755,470.12563576882553
1772937157.9724836,491.1415225542788
1772937157.9724915,502.9462886498878
1772937157.9724991,495.39392721369927
1772937157.9725075,485.69480440532
1772937157.972515,495.28516550133776
1772937157.9725227,519.1145051159193
1772937157.9725308,531.2096876784393
1772937157.9725385,520.8607159050747
1772937157.9725463,509.1796403991379
1772937157.972554,520.6728070223046
1772937157.9725618,547.7408403468023
1772937157.9725695,559.1479294913389
1772937157.972577,543.7687051908382
1772937157.972585,528.9272434728739
1772937157.9725928,544.2051109388516
1772937157.9726005,578.2354334630862
1772937157.9726083,590.8548557067262
1772937157.972616,568.741659681558
1772937157.972624,548.060069658036
1772937157.9726326,567.1990465304387
1772937157.9726453,610.3568450334168
1772937157.9726577,623.6076218180776
1772937157.9726696,589.7880344640032
1772937157.9726825,560.4076669063668
1772937157.9726925,590.3398560644952
1772937158.0111296,654.8913382172414
1772937158.0111587,669.0799787000963
1772937158.0111735,602.7112356803087
1772937158.0111866,543.7612084785106
1772937158.0111988,602.8314215142805
1772937158.011211,749.4350768324671
1772937158.0112228,784.9929630576523
1772937158.0112348,522.6965419582041
1772937158.0532863,653.0806199574364
1772937158.0533082,668.2118454867452
1772937158.0533223,602.8347609242616
1772937158.053332,544.3936216991542
1772937158.0533412,603.3765954584372
1772937158.0533495,749.6315100221221
1772937158.0533583,784.9954687558087
1772937158.0533671,522.7750092954852
1772937158.0694296,-1.3796914332356756
1772937158.5242386,29.679562655463904
1772937158.5242782,39.04439098963325
1772937158.5243049,50.22136495299757
1772937158.524331,55.52772556674232
1772937158.524358,54.546093299332746
1772937158.5243845,55.47598998217551
1772937158.524411,64.09862139805739
1772937158.5244377,75.62844921818848
1772937158.5244644,81.17491982894326
1772937158.5244908,80.13458443412674
1772937158.5245173,81.19195271742322
1772937158.5245354,90.27136002026859
1772937158.524544,102.12782877300566
1772937158.5245523,107.46324136611109
1772937158.52456,105.86136512799246
1772937158.524568,106.53499685891555
1772937158.5245757,115.69169334559393
1772937158.5245836,127.9809220187912
1772937158.5245917,133.90366854981386
1772937158.5245993,132.88879032654773
1772937158.5246072,133.87401527581721
1772937158.524615,142.6936065193362
1772937158.5246236,153.9795944303048
1772937158.5246317,158.87413145035762
1772937158.52464,157.61595947735722
1772937158.5246482,159.22426773533826
1772937158.5246558,168.70756023196043
1772937158.5246637,179.88484512756108
1772937158.5246713,184.0725735079378
1772937158.5246792,182.4601421431335
1772937158.5246873,184.6028786971138
1772937158.524695,194.9447293163853
1772937158.524706,206.33971812739165
1772937158.5247135,209.94110767882447
1772937158.5247211,207.75798705767463
1772937158.5247295,210.11540297968585
1772937158.5247371,221.2837383841556
1772937158.5247447,233.34078533904395
1772937158.5247574,237.0707726425866
1772937158.52477,234.82879681912064
1772937158.524783,237.31125340260192
1772937158.524792,248.59889798105874
1772937158.5247996,260.4018594591657
1772937158.5248072,263.6910414356182
1772937158.524815,261.45532467161473
1772937158.5248227,264.55563865964257
1772937158.5248303,276.3586364918698
1772937158.5248382,287.8185035466872
1772937158.524846,290.1621019247558
1772937158.5248537,287.41311496919417
1772937158.5248957,290.88135222267164
1772937158.5249033,303.0884388883668
1772937158.5249114,313.86745256096566
1772937158.5249193,314.57718079973836
1772937158.5249271,310.64441620056493
1772937158.5249355,314.42393075713824
1772937158.524943,327.88735400256917
1772937158.5249512,339.46335872173677
1772937158.524959,339.9919296567477
1772937158.524967,335.7423160855644
1772937158.5249748,339.942556047127
1772937158.5249827,354.2102497158167
1772937158.5249903,365.928538413255
1772937158.5249982,365.74008383376156
1772937158.525006,360.915142073908
1772937158.5250137,365.51627706029797
1772937158.5250216,380.66518424196266
1772937158.5250292,392.642381336444
1772937158.525037,392.0145457079317
1772937158.525045,387.18655118812654
1772937158.5250523,392.9076633133208
1772937158.5250604,409.3259626537426
1772937158.525068,421.17351550388463
1772937158.525076,418.9605709368324
1772937158.5250833,412.71167735806586
1772937158.5250912,418.3499715147111
1772937158.5250993,435.163256419478
1772937158.525107,446.24728593555255
1772937158.525116,442.22463941347473
1772937158.5251236,435.2101779205202
1772937158.525131,442.5092942580738
1772937158.5251389,461.9843815303168
1772937158.5251465,474.0255277618973
1772937158.525154,468.65300030359043
1772937158.525162,460.2133921595062
1772937158.5251696,468.024419357694
1772937158.5251777,488.9921171056525
1772937158.5251853,501.03911149891815
1772937158.5251932,494.00303536531754
1772937158.5252008,485.0228382333382
1772937158.5252085,495.31594855119744
1772937158.525216,519.499926050187
1772937158.5252237,531.3332829950543
1772937158.5252316,520.1055586257096
1772937158.525239,507.30091192467
1772937158.5252469,518.0777880777177
1772937158.5252545,545.4295508657054
1772937158.525262,558.1831850377473
1772937158.5252695,544.5019978661905
1772937158.5252771,530.570256998223
1772937158.525285,545.2475247439921
1772937158.5252929,577.5371921044998
1772937158.5253005,588.5385830797213
1772937158.5253081,566.0589956210587
1772937158.5253162,546.3061865067717
1772937158.525324,566.6578088652831
1772937158.525332,610.2243488952914
1772937158.52534,622.8762016934655
1772937158.5253484,588.1798079735308
1772937158.525356,558.5197935515214
1772937158.5253637,589.0223171349271
1772937158.5253713,654.5522713640935
1772937158.5253787,669.4835713780319
1772937158.5253863,603.2399919777235
1772937158.525394,543.7920811152095
1772937158.5254016,602.029887280202
1772937158.5254092,747.9747230764551
1772937158.5254169,783.6221935088848
1772937158.5254245,522.4392368177406
1772937158.525432,-0.07819117431111226
1772937158.826341,272.0933454582958
1772937158.826382,283.69680399687365
1772937158.8264089,285.3948221422893
1772937158.8264356,281.68579436517143
1772937158.8264625,284.8762755582931
1772937158.8264892,297.9357973478392
1772937158.8265164,310.06566975510754
1772937158.8265252,311.56352943850425
1772937158.8265333,307.45748571845843
1772937158.8265412,310.6780801252257
1772937158.826549,324.02138250656174
1772937158.826557,336.14275090920944
1772937158.8265648,337.4541388422223
1772937158.8265731,333.7552996254402
1772937158.8265812,338.2294317234121
1772937158.826589,352.75435468347825
1772937158.8265967,364.9064687648843
1772937158.8266046,365.3096246727036
1772937158.8266125,361.0879157391833
1772937158.8266206,366.0715190637265
1772937158.8266284,381.0595066235807
1772937158.8266363,392.11352147051133
1772937158.8266447,390.0232272483164
1772937158.8266523,383.8732175083798
1772937158.8266604,389.0084222525387
1772937158.8266685,405.50784164692067
1772937158.826676,417.4971422142426
1772937158.826684,415.1383310626971
1772937158.826692,408.8800089854549
1772937158.8267004,415.3463910392824
1772937158.8267088,433.8057498570312
1772937158.8267167,446.35371045180113
1772937158.8267243,442.55701030728466
1772937158.8267322,434.53685081326563
1772937158.8267422,440.6791685738203
1772937158.8267505,459.87062289076397
1772937158.826758,472.48146648281954
1772937158.8267665,467.69267262057775
1772937158.826774,459.245562006474
1772937158.8267817,466.6815344862907
1772937158.8267896,487.48666326125823
1772937158.8267975,499.69225030903414
1772937158.826805,492.6353069031942
1772937158.8268132,482.99795358122293
1772937158.8268209,492.183544521465
1772937158.8268285,515.5056468203711
1772937158.826836,527.2988413215569
1772937158.8268437,516.8826388630408
1772937158.8268514,505.29941194595665
1772937158.826859,517.0995072048289
1772937158.8268664,544.7519709056619
1772937158.826874,556.8654624409322
1772937158.8268816,541.9211956446962
1772937158.8268893,526.9336065522509
1772937158.826897,541.5866109762699
1772937158.8269048,575.0052163274048
1772937158.8269124,587.5478532117017
1772937158.8269205,566.0694632017312
1772937158.8269281,546.4469362971627
1772937158.8269358,566.4820914712565
1772937158.8269436,609.8124498210833
1772937158.8269513,622.323701806562
1772937158.8269591,587.2266174227498
1772937158.826967,556.810876171907
1772937158.826975,586.6240035283537
1772937158.8269832,652.0149540147905
1772937158.8269906,667.3544050118435
1772937158.8269985,601.6506219946875
1772937158.827006,542.6105858613419
1772937158.8270137,601.2657580186062
1772937158.8270216,747.7595587295077
1772937158.8270292,783.692343667217
1772937158.827037,521.8441780621117
1772937158.962929,-49331.26585418539
1772937158.9629624,-25709.843581537112
1772937158.9629831,3033.128401541146
1772937158.962993,15683.240021320224
1772937158.9630015,8555.535174254399
1772937158.9630103,-4034.4083894760174
1772937158.9630187,-6903.909012481062
1772937158.963027,824.8894855537387
1772937158.963035,7989.595268824808
1772937158.9630432,6137.857726073502
1772937158.963051,-1176.1900135178566
1772937158.9630587,-4255.016383663929
1772937158.963067,347.3228346932335
1772937158.9630747,6207.155607111519
1772937158.9630826,5757.707266067362
1772937158.963091,-147.11030861845356
1772937158.9630988,-3666.335723777852
1772937158.9631069,-184.9336123822959
1772937158.9631147,5749.591445249069
1772937158.9631224,6270.5570507306065
1772937158.9631307,438.7541209887512
1772937158.9631388,-4206.6746770244745
1772937158.963147,-1169.6926406187247
1772937158.9631548,6180.846476264317
1772937158.963163,8119.126163510525
1772937158.963171,984.934105021155
1772937158.963179,-6810.966042423786
1772937158.9631867,-4009.6698471858303
1772937158.9631948,8636.368210805487
1772937158.9632025,15920.6878436989
1772937158.96321,3328.1008109375334
1772937158.963218,-25647.013073826667
1772937158.9632256,-49763.34372500888
1772937159.0582964,1417.9397305094503
1772937159.058331,2784.52537945889
1772937159.0583465,1191.7180119024797
1772937159.058359,-1413.7411933169576
1772937159.0583673,-1545.486852047847
1772937159.0583768,1227.2615490375372
1772937159.058385,3375.1333951735824
1772937159.0583932,1823.7079982977175
1772937159.058401,-1719.2834605473183
1772937159.0584092,-2497.4586438137744
1772937159.0584176,1050.3096971402463
1772937159.0584252,4556.957473561302
1772937159.0584335,2911.4826284913765
1772937159.0584414,-2541.9610729450546
1772937159.0584495,-4580.029059299465
1772937159.0584574,767.6156638628785
1772937159.0584655,7568.368885311903
1772937159.058473,5806.823526161088
1772937159.0584812,-5258.192733198977
1772937159.0584888,-12474.090989111075
1772937159.0584967,-1268.2890375004179
1772937159.0585046,26652.700280459376
1772937159.0585127,50945.9247429701
1772937159.1226566,-2326.1497290386233
1772937159.1226916,4647.862493184406
1772937159.122707,8347.865715723781
1772937159.12272,2522.013340304086
1772937159.122733,-6171.156682987674
1772937159.1227434,-5067.233047605386
1772937159.1227527,7470.184252089639
1772937159.1227612,16265.239351081238
1772937159.1227696,4615.453506282903
1772937159.122782,-25224.733418432694
1772937159.1227973,-50673.40977803749
1772937159.381585,1592.1347260198363
1772937159.381622,1192.5665240526541
1772937159.3816488,1071.7206745886926
1772937159.3816752,1441.7839884617733
1772937159.381702,1764.636493314262
1772937159.3817196,1548.4576920266095
1772937159.3817282,1104.4144613804845
1772937159.3817365,1110.2015747194616
1772937159.381745,1592.4364512134662
1772937159.3817527,1848.6233961448804
1772937159.3817608,1476.6445567620462
1772937159.3817687,1008.3548220731327
1772937159.3817768,1161.0796653947298
1772937159.381785,1757.505658595167
1772937159.3817928,1930.870033422736
1772937159.381801,1391.0375099243643
1772937159.3818088,908.6517195159952
1772937159.3818169,1229.3519825710102
1772937159.381825,1942.994332662172
1772937159.3818328,2010.6669100997813
1772937159.3818407,1282.1293105707966
1772937159.3818483,796.2560247919753
1772937159.3818567,1315.8784892713695
1772937159.3818645,2156.0103489487124
1772937159.3818727,2088.706488462328
1772937159.3818805,1140.4207128485018
1772937159.3818884,663.5495289099846
1772937159.3818967,1426.6743926905658
1772937159.3819048,2408.9572259030983
1772937159.3819127,2164.572182650681
1772937159.3819208,948.8463554380002
1772937159.3819287,498.40999680716754
1772937159.3819368,1574.7634563829424
1772937159.3819447,2727.3600106503127
1772937159.3819544,2241.577536083779
1772937159.3819623,678.6306523030612
1772937159.3819702,275.46928818742305
1772937159.3819785,1775.514224600046
1772937159.3819864,3149.5328293150296
1772937159.381994,2322.171841266732
1772937159.382002,279.3115757063931
1772937159.3820097,-42.51154294880678
1772937159.3820176,2075.4423617812927
1772937159.3820257,3766.8055072068933
1772937159.382033,2414.8116406737727
1772937159.3820407,-367.834541018383
1772937159.3820488,-556.7253373232328
1772937159.3820565,2566.5548178504837
1772937159.382064,4793.694259006246
1772937159.3820915,2542.16958572778
1772937159.3820992,-1578.5100296979288
1772937159.3821068,-1554.7686370384854
1772937159.3821144,3533.1109177528556
1772937159.382122,6955.749427678881
1772937159.3821294,2821.641572017115
1772937159.3821368,-4598.894509669606
1772937159.3821445,-4411.640716372644
1772937159.3821523,6323.473232050054
1772937159.38216,14952.427382937127
1772937159.3821676,4992.537919291988
1772937159.3821752,-23651.647118826262
1772937159.3821828,-50016.7060303417
1772937159.4127016,-50149.33416802216
1772937159.4127195,-24673.809800221137
1772937159.4127307,5011.513328273799
1772937159.4127402,16148.566256042543
1772937159.4127502,6894.690402948009
1772937159.5934348,-55610.60697120553
1772937159.593472,-30498.78882515661
1772937159.5934987,5512.065070768345
1772937159.593513,20261.712246496605
1772937159.5935218,8549.94141244177
1772937159.593531,-7642.756643065766
1772937159.5935392,-8343.11215038037
1772937159.593547,3248.061069745444
1772937159.5935557,10117.078058235873
1772937159.5935636,4763.081424075929
1772937159.593572,-3652.0340970623893
1772937159.5935805,-3883.270522557115
1772937159.5935888,2913.6303317154197
1772937159.5935967,6816.899251636168
1772937159.593605,3284.3886272919385
1772937159.593613,-1892.083912929181
1772937159.5936208,-1730.4094732681738
1772937159.5936286,2695.49043640019
1772937159.5936365,4939.460390452788
1772937159.5936444,2466.1799760639315
1772937159.5936525,-675.1599279612843
1772937159.5936604,-287.1959776186985
1772937159.5936685,2426.8886921094972
1772937159.593676,3472.7892512728336
1772937159.5936837,1928.907510815327
1772937159.5936916,500.09210225375693
1772937159.5936992,974.4522281316505
1772937159.593707,1981.7620258955706
1772937159.5937152,1897.5014372521741
1772937159.5937233,1511.9332287775828
1772937159.5937312,2084.21686870404
1772937159.5937388,2504.531478710816
1772937159.5937467,1062.0433336254582
1772937159.5937543,-633.844856726372
1772937159.5937624,1048.467280240325
1772937159.59377,5382.994377041065
1772937159.5937777,5728.755103679214
1772937159.5937853,-1707.1672206619635
1772937159.5937932,-8835.128938775775
1772937159.5938008,-1120.2662903784264
1772937159.593809,24600.393766562047
1772937159.5938177,50892.89577561082
1772937159.60951,54050.40761665417
1772937159.6446476,26833.955882013775
1772937159.644671,-938.5497385363868
1772937159.6446826,-7780.908792055313
1772937159.6446924,2828.48759251942
1772937159.644702,7680.085763948232
1772937159.6447105,-8435.563046296385
1772937159.6447191,-36177.29869664327
1772937159.6447277,-54054.321277400486
1772937159.666689,-52353.92028346895
1772937159.6667175,-39804.41782476394
1772937159.6828067,-28566.479455655193
1772937159.9107063,-69978.76692285511
1772937159.910744,-34028.60983836381
1772937159.910771,6972.55850554716
1772937159.9108024,24605.20632498105
1772937159.9108293,12127.156268534189
1772937159.9108486,-8948.550290449684
1772937159.9108567,-13402.275535890538
1772937159.9108648,646.8678940349268
1772937159.9108727,13370.710244294898
1772937159.910881,9466.433369259279
1772937159.9108891,-4078.210263302603
1772937159.9108975,-9134.325180706846
1772937159.9109056,-147.4873158684543
1772937159.9109137,10075.608986871403
1772937159.9109218,8249.116801906957
1772937159.9109297,-2331.131479446682
1772937159.910938,-7250.519802991168
1772937159.9109457,-414.44239924979115
1772937159.9109535,8521.711167186886
1772937159.9109616,7667.589369919935
1772937159.9109693,-1382.0721292738097
1772937159.9109771,-6277.315166759081
1772937159.9109848,-662.7857336434743
1772937159.9109926,7649.606232477247
1772937159.9110005,7508.286280208258
1772937159.9110084,-690.5623116498001
1772937159.911016,-5828.515925781929
1772937159.9110236,-1069.0736686600699
1772937159.9110312,7131.428390510593
1772937159.911039,7781.624024569617
1772937159.9110465,2.744109301135526
1772937159.9110541,-5840.3767547957505
1772937159.911062,-1876.5031588534812
1772937159.91107,6819.267677744676
1772937159.9110775,8754.081318667037
1772937159.9110856,1042.7873674449002
1772937159.9110932,-6533.613279357565
1772937159.911101,-3810.6937905481395
1772937159.9111087,6559.395454652362
1772937159.9111166,11645.850105985897
1772937159.9111247,3792.502999586324
1772937159.9111323,-9250.60285477354
1772937159.9111404,-11510.077404177751
1772937159.9111483,4694.814570025912
1772937159.911156,30542.862302127578
1772937159.9111636,48410.30459380051
1772937159.9111717,46691.45461853261
1772937159.9111795,27937.809848475063
1772937159.9111872,5129.842381247861
1772937159.9111948,-8548.113879652716
1772937159.911203,-8126.945236138054
1772937159.9112103,1250.0577688558772
1772937159.9112182,9149.431688329274
1772937159.9112256,8182.529633302582
1772937159.9112337,40.814971891672116
1772937159.9112413,-6233.819601939796
1772937159.9112492,-3335.749348902933
1772937159.911257,6090.742482752489
1772937159.911265,11258.251652372894
1772937159.9112723,4708.597282490475
1772937159.9112802,-8030.656559482739
1772937159.911288,-11887.539618401945
1772937159.9112957,3064.3211834514964
1772937159.9113033,30137.53626605924
1772937159.9113111,50147.338944219264
1772937159.942902,48004.815836653936
1772937160.1185389,26921.327293544568
1772937160.1185734,80.40929982164921
1772937160.1185968,-12368.43810866409
1772937160.1186142,-6628.5638665677625
1772937160.118626,4784.711316061062
1772937160.118637,7980.401830165789
1772937160.1186535,1589.6001128450473
1772937160.1186705,-4755.646432242706
1772937160.1186817,-3496.069080621768
1772937160.1186907,2465.912502492486
1772937160.1186993,4974.420430340991
1772937160.118708,1375.7352352200844
1772937160.1187167,-2914.7326444603223
1772937160.118725,-2251.3736229722017
1772937160.118734,1963.7239812356486
1772937160.1187422,3805.818949847266
1772937160.1187508,1032.247176452008
1772937160.1187592,-2230.9559980762356
1772937160.1187675,-1494.4380782929306
1772937160.118776,1978.0894117657356
1772937160.118785,3220.446342210328
1772937160.1187935,605.2219823871422
1772937160.118802,-2014.8556794197634
1772937160.1188104,-893.9681893304252
1772937160.1188192,2290.047404606871
1772937160.1188276,2900.109672523916
1772937160.1188362,42.65208576122485
1772937160.118845,-2095.43226201065
1772937160.1188536,-293.44595313841944
1772937160.118862,2901.43562182381
1772937160.1188705,2717.938826179333
1772937160.1188788,-791.0163752024807
1772937160.1188877,-2483.068820096468
1772937160.118896,465.5014735557176
1772937160.1189044,3991.748293293726
1772937160.1189127,2624.8357332264322
1772937160.1189213,-2201.962398204882
1772937160.1189296,-3368.2238951513305
1772937160.118938,1699.6928822187604
1772937160.1189463,6134.63424492975
1772937160.118955,2583.389205583175
1772937160.118964,-5197.568815921201
1772937160.1189723,-5554.8429163610435
1772937160.1189804,4551.851321092443
1772937160.1189888,11905.781933336366
1772937160.118997,2575.6029799883645
1772937160.1190052,-15759.250727863538
1772937160.1190135,-15316.608733925077
1772937160.119022,21440.59326258195
1772937160.1345851,75456.70744024742
1772937160.1506877,103130.73179415718
1772937160.1758165,24115.28965609643
1772937160.1758475,-17845.2371509292
1772937160.175866,-44476.603277306545
1772937160.2179265,-51250.127122727055
1772937160.2179468,-48296.91498391137
1772937160.217958,-42060.856087067325
1772937160.248045,-29791.06121159491
1772937160.248064,-12083.214864506714
1772937160.2480743,-1763.4801293469213
1772937160.2480834,-11907.90428963343
1772937160.2480924,-36250.50343393652
1772937160.679772,-3327.409392827495
1772937160.6798089,-10050.982808023906
1772937160.679835,-2740.6295210141325
1772937160.6798615,7042.427192332607
1772937160.6798882,6332.224491015982
1772937160.6799147,-2577.9965896436115
1772937160.679942,-6928.200714385158
1772937160.6799688,-1365.4576255902537
1772937160.6799953,5694.592629414339
1772937160.6800225,4562.431722868338
1772937160.6800485,-2578.5284758808375
1772937160.6800652,-5528.745147132156
1772937160.6800733,-503.5471008515172
1772937160.680081,5110.835039309077
1772937160.6800888,3539.762597264556
1772937160.6800976,-2673.5954568909146
1772937160.6801057,-4693.652944995628
1772937160.6801136,111.39260775733088
1772937160.6801257,4795.734570745951
1772937160.6801336,2847.8173195489244
1772937160.6801417,-2784.5884761337143
1772937160.6801496,-4117.265431814624
1772937160.6801577,594.6395072752326
1772937160.6801653,4607.141097802068
1772937160.6801732,2327.658409809905
1772937160.6801813,-2901.5800014979886
1772937160.680189,-3680.608441586792
1772937160.6801968,1008.1216242476823
1772937160.6802049,4496.425759474391
1772937160.6802125,1909.200397826788
1772937160.6802204,-3026.48708344397
1772937160.6802282,-3333.3055810031215
1772937160.6802368,1377.4926044325623
1772937160.6802444,4433.4313639109605
1772937160.6802523,1550.549696713253
1772937160.68026,-3160.3247592857647
1772937160.6802676,-3038.421998035455
1772937160.6802757,1732.4719903714656
1772937160.6802833,4412.887439270358
1772937160.6802912,1228.31472867791
1772937160.6802993,-3313.1015499139858
1772937160.680307,-2786.8729315718824
1772937160.6803148,2079.9371490538156
1772937160.6803224,4423.2557204951645
1772937160.6803305,922.7082981122211
1772937160.6803384,-3490.1389967686237
1772937160.680346,-2562.6666133630033
1772937160.680354,2440.299405224569
1772937160.6803615,4469.097543198179
1772937160.6803696,621.9841297770031
1772937160.6803775,-3701.070288663608
1772937160.680385,-2359.117861941654
1772937160.6803932,2828.9227318016206
1772937160.680401,4554.228058813932
1772937160.6804087,311.47926544332694
1772937160.6804168,-3961.8966879599134
1772937160.6804247,-2172.4865586839464
1772937160.680432,3266.003550444345
1772937160.68044,4688.567262167964
1772937160.680448,-25.253881241580473
1772937160.6804557,-4295.454580124238
1772937160.6804633,-1997.7213551481457
1772937160.6804712,3784.95982954727
1772937160.680479,4890.741775039546
1772937160.680487,-418.09679374788004
1772937160.6804948,-4750.839853186593
1772937160.6805024,-1837.2232438187878
1772937160.6805103,4443.234909658072
1772937160.6805177,5203.304684212007
1772937160.680526,-912.8088460178878
1772937160.6805336,-5419.055358776915
1772937160.6805415,-1696.8256996092498
1772937160.680549,5360.29744087054
1772937160.6805565,5721.354822716119
1772937160.6805642,-1610.5109234456695
1772937160.680572,-6516.029144661451
1772937160.68058,-1588.6328866952215
1772937160.6805873,6865.35360151506
1772937160.680595,6738.088036775974
1772937160.6806028,-2795.0592250149075
1772937160.6806104,-8761.556732430028
1772937160.6806183,-1623.6855248905454
1772937160.680626,10188.960357762404
1772937160.6806335,9589.757768326463
1772937160.6806412,-5822.270530651864
1772937160.680649,-16774.074368384805
1772937160.680657,-3455.940356210273
1772937160.6806645,29320.54238163714
1772937160.6806724,54181.576978741825
1772937160.68068,49594.448004132726
1772937160.680688,21960.29798265134
1772937160.6806955,-3285.47736113837
1772937160.6807032,-9219.745743912075
1772937160.6807108,-1341.729175417536
1772937160.6807187,4751.1285723387355
1772937160.6807263,2780.3243730545864
1772937160.680734,-1130.4646190287735
1772937160.6807415,-788.8502212185077
1772937160.6807494,1722.279798175836
1772937160.6807573,1477.0733617554324
1772937160.680765,-874.8365178073952
1772937160.6807723,-763.9310795133244
1772937160.68078,2221.0472431561957
1772937160.6807878,3176.260916137601
1772937160.6807957,-222.1353964064295
1772937160.6808033,-3181.2248276513974
1772937160.6808112,-533.0021697228293
1772937160.680819,4709.280314995712
1772937160.680827,4583.6774957423195
1772937160.6808345,-1978.1732785910638
1772937160.6808422,-5954.661629504444
1772937160.68085,-329.2459906052616
1772937160.6808577,8372.198091343369
1772937160.6808653,7049.49821509722
1772937160.680873,-5152.784113980856
1772937160.6808808,-12027.662068860522
1772937160.6808884,-217.0374990512915
1772937160.680896,18892.476112017033
1772937160.8812397,-6925.4690392935045
1772937160.881277,-3977.482777564714
1772937160.8813217,7088.285420291532
1772937160.8813415,13138.807589435553
1772937160.8813508,1363.6088243926038
1772937160.88136,-25498.34253910853
1772937160.8813689,-48397.00543625358
1772937160.8813777,-48644.56852618302
1772937160.8813865,-25867.429984143153
1772937160.8813956,1443.1827043121216
1772937160.8814044,13588.41892193499
1772937160.8814287,7286.069712984665
1772937160.8814385,-4278.661519149015
1772937160.8814473,-7211.960133239073
1772937160.881456,-541.165497086728
1772937160.8814652,5921.480754293931
1772937160.881474,4653.02197653402
1772937160.8814824,-1490.7631546165562
1772937160.8814912,-4329.1261129433
1772937160.8815,-819.2214956781454
1772937160.881509,3963.6394570864513
1772937160.881518,3924.990497799853
1772937160.8815272,-464.04405377519316
1772937160.8815367,-3314.1226482635698
1772937160.8815455,-1067.4003186987118
1772937160.8815544,3159.000759133771
1772937160.8815632,3830.0368718294353
1772937160.8815722,144.3632105298564
1772937160.8815815,-3018.735735391725
1772937160.8815908,-1453.8323433851162
1772937160.8815997,2860.594522119683
1772937160.8816082,4212.528592377722
1772937160.8816223,608.0516805616729
1772937160.881631,-3328.6291290332556
1772937160.8816397,-2134.5752471485166
1772937160.8816483,3063.2363955191163
1772937160.8816574,5351.1729189334565
1772937160.881666,968.5661352065395
1772937160.8816743,-4801.374378672986
1772937160.8816829,-3544.22042216036
1772937160.8816912,4596.430767277201
1772937160.8816996,8813.134123860635
1772937160.881708,670.9857806333492
1772937160.8817165,-11832.262835232868
1772937160.8817253,-8580.220840251312
1772937160.881734,19947.360912282496
1772937160.8817427,55663.43828158972
1772937160.8817513,64518.509576273085
1772937160.88176,29721.281425707388
1772937160.8817687,-27522.613004120652
1772937160.8817773,-64565.0399919983
1772937160.912681,44110.82212757057
1772937161.3727324,4715.920784522751
1772937161.3727736,5020.150862526113
1772937161.3727992,-544.7098454541492
1772937161.3728335,-3695.4832699066724
1772937161.3728647,-1462.725443546802
1772937161.3728957,1985.8200027536918
1772937161.3729217,2191.863221604746
1772937161.3729484,-241.37552453289828
1772937161.372975,-1679.081821458902
1772937161.3730016,-608.3412967605
1772937161.3730285,1047.1999164957629
1772937161.3730457,1120.6703971647075
1772937161.3730538,-79.89640892507497
1772937161.373062,-758.5311874675176
1772937161.3730698,-214.3222286485695
1772937161.3730779,573.0711125646741
1772937161.373086,590.9490621302785
1772937161.373094,48.71264341518027
1772937161.3731017,-230.13331627061427
1772937161.3731096,-4.182048474874348
1772937161.3731174,283.89232042195835
1772937161.3731253,295.63744204830283
1772937161.3731327,166.86461915432824
1772937161.3731408,116.26113085980667
1772937161.3731484,114.5682412292792
1772937161.3731563,84.72113079042221
1772937161.373164,120.92581702982496
1772937161.3731718,280.9483964594704
1772937161.3731797,364.9427976588276
1772937161.3731873,182.62014571076259
1772937161.373195,-63.218380245600365
1772937161.3732028,16.960980769016782
1772937161.3732104,393.08836672000865
1772937161.3732183,553.0854647776019
1772937161.373226,215.6694685763037
1772937161.373234,-182.92114032676653
1772937161.373242,-42.79751933238981
1772937161.3732495,506.7898414175628
1772937161.3732572,705.5059717696598
1772937161.373265,227.91913867950814
1772937161.373273,-282.85552329026956
1772937161.3732808,-72.15483827705775
1772937161.3732903,621.2963880278962
1772937161.373298,830.8857240859494
1772937161.373306,221.79870520965756
1772937161.3733134,-371.0371943589524
1772937161.373321,-78.12887463739142
1772937161.3733284,740.1051587962594
1772937161.373336,937.9316113997065
1772937161.3733437,199.37918177413823
1772937161.3733513,-454.2936199783096
1772937161.3733587,-67.02198037973652
1772937161.3733668,865.6039599676072
1772937161.3733745,1034.9832634360152
1772937161.373382,166.5118651284091
1772937161.3733895,-532.4133541927171
1772937161.373397,-40.263655271820724
1772937161.373405,998.1045467296364
1772937161.3734128,1121.858638756622
1772937161.3734205,119.15973815661623
1772937161.373428,-611.3966850272632
1772937161.3734355,-0.27758564217796083
1772937161.3734431,1140.5556970228813
1772937161.373451,1202.4287879007586
1772937161.3734586,57.418483922212324
1772937161.3734665,-693.895928468906
1772937161.373474,51.90828871301992
1772937161.3734815,1294.3206400776107
1772937161.3734891,1276.4490874616843
1772937161.3734968,-22.831479606308044
1772937161.3735044,-783.8929945263918
1772937161.373512,118.01707109056413
1772937161.3735197,1466.0002033489357
1772937161.3735273,1348.470963678995
1772937161.373535,-123.20385630753032
1772937161.3735423,-885.1317010577679
1772937161.37355,198.26448999121482
1772937161.3735576,1658.7778680912052
1772937161.3735652,1417.9964256424823
1772937161.3735728,-249.32003750299873
1772937161.3735805,-1000.2060722617703
1772937161.373588,300.3236517430148
1772937161.3735957,1884.8225692731817
1772937161.3736036,1487.6885294946164
1772937161.3736112,-412.15041558930966
1772937161.3736188,-1140.8846656861551
1772937161.3736265,425.12903293809387
1772937161.373634,2152.585140037505
1772937161.3736415,1555.7438856864587
1772937161.3736491,-627.2553955635775
1772937161.373657,-1315.4672375800158
1772937161.3736646,590.8653653334372
1772937161.3736725,2492.992354571528
1772937161.3736804,1629.9792932017558
1772937161.3736882,-920.8131033035778
1772937161.373696,-1549.162671676261
1772937161.3737037,810.7978094318134
1772937161.373711,2940.7222235417266
1772937161.373719,1708.4728273850264
1772937161.3737268,-1347.957710421747
1772937161.3737342,-1884.035956025563
1772937161.373742,1126.9532797858249
1772937161.3737495,3584.258405994063
1772937161.3737571,1799.904272287922
1772937161.3737648,-2024.274540940471
1772937161.3737724,-2417.65510282572
1772937161.37378,1632.939863581039
1772937161.3737876,4638.5417378981465
1772937161.3737953,1930.1931834675447
1772937161.373803,-3258.073797575543
1772937161.3738253,-3432.44617489409
1772937161.3738327,2607.339028689446
1772937161.3738403,6815.915724314936
1772937161.373848,2215.6764490533787
1772937161.3738556,-6270.229414447973
1772937161.3738632,-6275.36960730198
1772937161.3738706,5373.294497322281
1772937161.373878,14723.548530754852
1772937161.3738856,4361.144042125211
1772937161.3738933,-24996.700611666063
1772937161.373901,-51006.0806773752
1772937161.6525748,639.3356663240969
1772937161.652617,310.37818604222986
1772937161.6526399,-19.19114325656675
1772937161.652663,116.93079199635628
1772937161.652681,544.3227038555918
1772937161.652691,679.9424060332766
1772937161.6527,337.0638253719661
1772937161.6527088,-7.321434170490553
1772937161.6527174,135.19374133777035
1772937161.6527264,583.4774176632467
1772937161.652735,725.5532785185384
1772937161.6527436,363.29083857919716
1772937161.6527522,-1.6865257844820007
1772937161.6527605,147.8414284839451
1772937161.652769,622.6486719041594
1772937161.6527774,774.0419021133437
1772937161.6527858,388.9367577955278
1772937161.6527944,-0.700012681748718
1772937161.6528027,158.11499232399277
1772937161.6528165,665.9266673998013
1772937161.65283,828.3363037592974
1772937161.6528423,414.1276184475131
1772937161.6528509,-6.189602592188865
1772937161.6528597,165.1916308877468
1772937161.652868,715.3679414777159
1772937161.6528764,891.7513682355658
1772937161.652885,439.94172567398266
1772937161.6528933,-20.689719197064637
1772937161.652902,165.10185846475838
1772937161.6529105,768.3649846991224
1772937161.6529188,963.1365403010734
1772937161.6529272,464.9231356064924
1772937161.6529355,-45.90972362252884
1772937161.652944,158.5417240890311
1772937161.6529524,829.3101904245794
1772937161.6529605,1047.2077484518143
1772937161.652969,489.1076415942084
1772937161.6529772,-86.64955599045125
1772937161.652986,141.67128445463604
1772937161.6529949,900.1096970106381
1772937161.6530032,1148.985179125379
1772937161.6530116,513.9376591976913
1772937161.65302,-146.3400896874473
1772937161.6530287,112.61543045829376
1772937161.6530373,985.1859658498995
1772937161.653046,1273.6047913077007
1772937161.6530666,535.3661926847797
1772937161.6530752,-237.51555974698056
1772937161.6530836,64.49340559419954
1772937161.6530924,1094.1197696783074
1772937161.653102,1438.5875499027095
1772937161.6531105,559.7040687329305
1772937161.6531188,-369.3265083860657
1772937161.6531272,-9.109449258977373
1772937161.6531389,1238.5200909212647
1772937161.653152,1660.019864117853
1772937161.653165,579.6283833623937
1772937161.6531763,-572.1297044410752
1772937161.65319,-123.32473756915093
1772937161.6532035,1444.2912404833571
1772937161.6532125,1970.0782177361032
1772937161.653221,574.6651997938075
1772937161.6532292,-906.3115922550348
1772937161.653237,-278.60592032963524
1772937161.6532488,1810.2008072074796
1772937161.6532629,2367.6198698039507
1772937161.6532772,50.16639041192087
1772937161.839425,-5826.236402733209
1772937161.839462,-4709.047427220839
1772937161.83949,5536.345313805175
1772937161.839517,12819.482108737715
1772937161.8395264,2669.6016140225224
1772937161.8395352,-24231.288231650346
1772937161.8395443,-48575.17007231502
1772937161.8395526,-49579.42873425967
1772937161.8395612,-25853.3558643936
1772937161.8395698,2687.143790864248
1772937161.839578,14488.59947529513
1772937161.839586,6597.9759584096655
1772937161.8395941,-5675.193797496036
1772937161.839602,-7428.965258138434
1772937161.8396099,742.0674887122536
1772937161.8396175,6956.560789578759
1772937161.8396256,3977.913217457529
1772937161.8396332,-3002.2180039475516
1772937161.839641,-4597.649567966241
1772937161.8396492,569.9155673271492
1772937161.839662,5100.447491264267
1772937161.83967,3166.7442603760437
1772937161.839678,-2142.9274813764123
1772937161.839686,-3568.2724135108433
1772937161.8396943,536.2641990344902
1772937161.839702,4395.679550981954
1772937161.83971,2859.3552459465304
1772937161.839718,-1782.2392597322425
1772937161.8397255,-3150.538055715995
1772937161.8397334,532.9505537602788
1772937161.8397412,4167.585411131929
1772937161.839749,2797.3118081740217
1772937161.8397567,-1665.9652923787116
1772937161.8397648,-3082.2025429079094
1772937161.8397727,533.6776237137027
1772937161.83978,4258.446048547385
1772937161.839788,2928.9868736261374
1772937161.8397956,-1741.8259955572714
1772937161.8398032,-3338.0711870684186
1772937161.8398108,525.3104227854437
1772937161.8398187,4705.010555328717
1772937161.8398263,3316.6624588002664
1772937161.8398345,-2067.6859221311843
1772937161.839842,-4094.8905786337896
1772937161.83985,481.23076261474597
1772937161.8398576,5819.694091394931
1772937161.8398652,4277.736038358489
1772937161.8398733,-2993.4793682082977
1772937161.8554184,-6540.461616972411
1772937162.3185575,2355.341250660828
1772937162.3186407,-1586.930860055117
1772937162.3186743,-2224.4320020791747
1772937162.3186975,2293.664930004019
1772937162.318717,5988.890076673871
1772937162.318728,2570.038725808237
1772937162.3187385,-4640.342573130109
1772937162.3187487,-5000.189413167645
1772937162.3187585,5121.307317843691
1772937162.3187685,13800.474250986346
1772937162.3187776,4560.226368433949
1772937162.3187864,-23196.66891926779
1772937162.3187957,-48881.52773175639
1772937162.3188045,-49737.30643871641
1772937162.3188136,-24574.050394173602
1772937162.3188224,4591.023068597238
1772937162.3188307,15245.587442512713
1772937162.3188396,6046.093236916466
1772937162.3188481,-5807.556058908257
1772937162.3188567,-5987.1967713552585
1772937162.3188655,2649.887224917312
1772937162.318874,7517.855974735402
1772937162.3188837,3295.888059216571
1772937162.318892,-3007.339725864985
1772937162.3189003,-2936.172610833304
1772937162.3189087,2483.6790806885524
1772937162.3189178,5434.91940687669
1772937162.318926,2337.464995572703
1772937162.318935,-1996.4252334389184
1772937162.318943,-1649.497166542401
1772937162.3189516,2452.8747596948087
1772937162.31896,4453.097753886804
1772937162.3189688,1846.091720182208
1772937162.3189776,-1455.0056721174103
1772937162.318986,-914.580390693106
1772937162.3189943,2455.750476808437
1772937162.3190029,3876.6251146806935
1772937162.3190117,1548.025826836984
1772937162.3190207,-1103.4644468890783
1772937162.3190296,-424.0460977121175
1772937162.3190553,2469.133898283375
1772937162.3190637,3491.8115189653963
1772937162.3190737,1346.382621185858
1772937162.319082,-848.6570323708283
1772937162.3190904,-62.68184554721089
1772937162.319099,2488.8900492996936
1772937162.3191073,3215.861758036382
1772937162.3191159,1202.024270614611
1772937162.3191242,-649.4801691657167
1772937162.3191326,220.554019248707
1772937162.319141,2510.032851960195
1772937162.3191493,3004.668910622227
1772937162.3191605,1092.0235728513944
1772937162.319175,-486.3804831041383
1772937162.3191884,453.30675461958026
1772937162.319203,2532.482502865948
1772937162.3192148,2837.170048100198
1772937162.3192234,1006.1122540911092
1772937162.319232,-346.78883779768273
1772937162.31924,651.7912627253821
1772937162.3192484,2555.1626217827347
1772937162.3192568,2698.5834824313633
1772937162.319265,935.0461840963214
1772937162.3192732,-226.06383954853936
1772937162.3192816,823.9922166072242
1772937162.31929,2577.2021361040984
1772937162.3192985,2581.6807574914174
1772937162.319307,877.2342781455112
1772937162.319317,-115.53474078297056
1772937162.3193307,980.7669775534845
1772937162.3193448,2602.248512359855
1772937162.3193562,2483.518122005523
1772937162.3193648,830.7757000525899
1772937162.3193731,-12.809857333589171
1772937162.3193817,1123.6858275884786
1772937162.31939,2625.261489150536
1772937162.3193984,2394.1221432607454
1772937162.3194065,788.0649121221725
1772937162.3194149,81.40237642242201
1772937162.3194232,1256.8378921376395
1772937162.3194318,2650.803947785565
1772937162.3194401,2317.455538268446
1772937162.3194487,753.9782114567032
1772937162.319457,172.36390637102235
1772937162.3194656,1382.1145470851734
1772937162.3194735,2674.6600098641547
1772937162.319482,2245.3389156509947
1772937162.319491,721.5534102374646
1772937162.3194995,257.3093585364233
1772937162.3195076,1499.615216807697
1772937162.319516,2697.2098880640424
1772937162.3195243,2178.195949185661
1772937162.3195329,692.8483387262158
1772937162.3195467,340.0973557447115
1772937162.3195603,1612.7305371714237
1772937162.3195746,2719.3987474159585
1772937162.319587,2115.422596213866
1772937162.3195956,668.2222759753691
1772937162.3196049,422.73593587746916
1772937162.319613,1723.053876911778
1772937162.3196216,2740.4530819813526
1772937162.3196297,2054.739257641153
1772937162.319638,646.3906559431772
1772937162.319646,505.72248444566037
1772937162.3196545,1831.2089475279618
1772937162.3196626,2760.008599245192
1772937162.319671,1996.400415393468
1772937162.3196793,630.0884035516642
1772937162.3196876,592.3125806841106
1772937162.319696,1936.2095229099934
1772937162.3197043,2771.936441858555
1772937162.3197129,1935.621786701492
1772937162.319721,622.4827288260478
1772937162.319729,688.8118948378033
1772937162.3197377,2032.9768302486818
1772937162.3197455,2756.9061917275335
1772937162.319754,1865.9817032179815
1772937162.3197625,664.9251697081344
1772937162.3197706,855.1061233743761
1772937162.319779,2038.1635947944294
1772937162.6938107,1711.0870215655855
1772937162.6938486,819.6351427586619
1772937162.6938748,418.3459073438912
1772937162.6939015,1085.7540147210652
1772937162.693932,1885.8617168629737
1772937162.6939592,1689.5744094953484
1772937162.6939857,776.865591881014
1772937162.6940122,447.40135949113056
1772937162.6940389,1180.742253392309
1772937162.6940496,1949.3107836002237
1772937162.694058,1667.7920238695192
1772937162.694066,735.5272522669651
1772937162.6940744,480.8566802732122
1772937162.6940825,1279.8039365810355
1772937162.6940904,2012.29453968787
1772937162.6940985,1641.7532567260826
1772937162.694106,691.7725341286692
1772937162.694114,517.3330992102846
1772937162.6941218,1383.8597116273706
1772937162.6941297,2075.7963982935676
1772937162.694138,1610.8101166639008
1772937162.6941457,643.8121625056867
1772937162.6941535,555.4515612223262
1772937162.6941617,1492.5094041130753
1772937162.6941693,2139.831549239889
1772937162.6941772,1575.2711572938638
1772937162.6941853,593.0703976961917
1772937162.6941931,597.828871596825
1772937162.6942008,1607.5799914056263
1772937162.6942089,2203.1405863372715
1772937162.6942165,1531.3831096814583
1772937162.694224,536.9989417202663
1772937162.694232,645.9785047952323
1772937162.6942399,1733.0786703628144
1772937162.6942475,2267.8286609870556
1772937162.6942554,1477.338702051991
1772937162.6942632,472.5625434530815
1772937162.694271,699.3960495000011
1772937162.6942792,1871.1177229625039
1772937162.6942873,2335.5647920308243
1772937162.6942952,1413.0780838358821
1772937162.6943033,400.50480283608334
1772937162.6943111,761.7148664200008
1772937162.6943195,2025.2419271039628
1772937162.694327,2404.2865116047433
1772937162.6943352,1330.3267689562729
1772937162.6943429,312.7784527323982
1772937162.6943505,831.1632670201021
1772937162.6943605,2197.788769913098
1772937162.694368,2473.089475750884
1772937162.6943755,1223.3033897147566
1772937162.6943831,206.49499028443452
1772937162.6943913,914.6566573162744
1772937162.694399,2400.381375485832
1772937162.6944067,2545.962670303459
1772937162.6944149,1085.439945596408
1772937162.6944225,76.86992009255918
1772937162.69443,1020.8909593512741
1772937162.6944377,2648.188904819267
1772937162.6944451,2625.4098942279907
1772937162.6944528,901.660074994914
1772937162.6944604,-89.0673262939041
1772937162.694468,1158.4308359818074
1772937162.6944757,2960.4321844803358
1772937162.6944835,2709.7763608530377
1772937162.6944919,641.4833364146086
1772937162.6944995,-315.6643979069891
1772937162.6945076,1344.8871631808427
1772937162.6945152,3378.442603476491
1772937162.694523,2805.657125095468
1772937162.6945307,258.8190549352742
1772937162.6945384,-638.1965730400568
1772937162.6945462,1624.6818763645344
1772937162.6945536,3989.478995346908
1772937162.6945612,2919.616238913567
1772937162.694569,-363.81785184716017
1772937162.6945767,-1157.930439592203
1772937162.6945844,2084.0873259546465
1772937162.6945922,5000.113165956249
1772937162.6945999,3073.9511218673215
1772937162.6946075,-1531.700245511233
1772937162.694615,-2153.829309887162
1772937162.6946225,2997.5337681082683
1772937162.6946304,7113.134875420021
1772937162.694638,3384.09843805664
1772937162.6946454,-4449.7856290796335
1772937162.6946533,-4958.924671649659
1772937162.694676,5662.864748351777
1772937162.6946836,14867.727943726313
1772937162.6946912,5533.638578107515
1772937162.6946988,-22854.135264283144
1772937162.6947064,-49072.85371658264
1772937163.1634476,-48639.332792667614
1772937163.1634853,-23806.912517792844
1772937163.163512,2736.323557513171
1772937163.1635413,11970.42852214695
1772937163.1635695,4450.445860496611
1772937163.163596,-4966.300992155928
1772937163.1636229,-5345.668205336783
1772937163.1636493,706.0289683863565
1772937163.163676,4195.47873676696
1772937163.1637025,1766.780509477398
1772937163.1637287,-2023.0554272705015
1772937163.1637504,-2247.3823422237006
1772937163.163758,399.64929238643685
1772937163.163766,1942.7879116580505
1772937163.163774,848.8311587557095
1772937163.1637816,-777.1645189949148
1772937163.1637895,-837.3940689212144
1772937163.1637974,175.81522203522664
1772937163.1638052,674.895977480672
1772937163.1638129,387.5483891737719
1772937163.1638207,133.6957622437437
1772937163.1638286,125.3346370780354
1772937163.1638365,-109.04490501370852
1772937163.1638443,-385.0221515623734
1772937163.163852,100.77413669532841
1772937163.16386,1094.0745997998692
1772937163.1638677,1035.3307689288274
1772937163.1638753,-568.928028988361
1772937163.1638832,-1650.4478919604453
1772937163.163891,-121.54202833276102
1772937163.1638987,2504.185808604114
1772937163.1639063,2281.8339668189424
1772937163.163914,-1484.1248791667288
1772937163.163922,-3900.1263135571858
1772937163.16393,-429.16658026203163
1772937163.1639376,5595.721286921363
1772937163.1639454,5219.249389443183
1772937163.1639533,-4163.502052788818
1772937163.1639607,-11661.511955838727
1772937163.1639686,-2455.3233986503333
1772937163.1639764,24024.876055928296
1772937163.163984,48813.12829649586
1772937163.1639917,50249.736488873365
1772937163.1639996,26318.136880688482
1772937163.1640077,-2521.8558516166445
1772937163.1640153,-13976.653506380826
1772937163.1640227,-5425.55467457214
1772937163.1640303,6867.66753123458
1772937163.1640399,7928.846324351744
1772937163.1640472,-622.2725701845326
1772937163.1640549,-6283.323850003247
1772937163.1640625,-2590.622873174578
1772937163.1640697,4189.840910409578
1772937163.1640773,4927.923683527864
1772937163.164085,-466.92844315097574
1772937163.1640923,-4177.997559283374
1772937163.1640997,-1539.3002622649185
1772937163.164107,3278.5416645430364
1772937163.1641147,3679.0593470789327
1772937163.164122,-440.31289905970635
1772937163.16413,-3167.7273395283805
1772937163.1641374,-961.4322378812949
1772937163.1641448,2827.7031872887883
1772937163.1641524,2983.834301143733
1772937163.1641605,-436.0155378225688
1772937163.164168,-2553.981227698418
1772937163.1641755,-576.5559920334714
1772937163.164183,2563.696763182083
1772937163.1641903,2532.625702932629
1772937163.1641977,-441.5427097523108
1772937163.1642053,-2134.9597633435615
1772937163.1642125,-293.78685144695675
1772937163.1642199,2394.9269074028953
1772937163.1642272,2216.6913679667164
1772937163.1642349,-444.6088711476915
1772937163.1642423,-1820.4680989537617
1772937163.1642497,-69.59551233384252
1772937163.1642573,2279.796717513686
1772937163.1642647,1979.6891338917353
1772937163.164272,-447.72127261729844
1772937163.1642797,-1572.7581832813307
1772937163.164287,115.30751644302288
1772937163.1642945,2197.2354422356616
1772937163.164302,1793.486761608324
1772937163.1643095,-450.29508540169104
1772937163.164317,-1368.5735666506384
1772937163.1643243,275.121596500075
1772937163.164332,2139.1788640471336
1772937163.1643395,1645.3506410926398
1772937163.164347,-449.86117661446207
1772937163.1643546,-1194.2472359277556
1772937163.164362,415.327884759956
1772937163.1643696,2094.853176711223
1772937163.164377,1520.1878319986104
1772937163.1643844,-450.96460621602114
1772937163.164392,-1043.520758720357
1772937163.1643994,541.9646153482195
1772937163.1644068,2063.7588770322527
1772937163.1644144,1415.773145480691
1772937163.164422,-450.7377307012761
1772937163.1644297,-909.5259347086595
1772937163.1644368,659.1809363383344
1772937163.164445,2044.3456720251675
1772937163.1644523,1328.5951116331519
1772937163.1644597,-450.380614409121
1772937163.164467,-791.8565507932198
1772937163.1644747,765.6892382917666
1772937163.1644824,2033.20467415828
1772937163.16449,1255.8653354179
1772937163.1644974,-450.35514660156707
1772937163.1645048,-689.3436916995847
1772937163.1645124,864.0930695218756
1772937163.1645198,2034.7784698110554
1772937163.1645272,1199.6150312484476
1772937163.1645346,-459.99925636698146
1772937163.164542,-621.6610337670355
1772937163.1645494,950.4179396697086
1772937163.1645567,2092.4136602038507
1772937163.1645644,1220.3401594075774
1772937163.164572,-561.4869920673937
1772937163.4145997,-2434.038980737961
1772937163.4146483,-1640.9482107302872
1772937163.41467,565.8835280432496
1772937163.4146972,1135.5292876586434
1772937163.4147239,-740.6694049989984
1772937163.4147415,-2473.5270241410863
1772937163.4147503,-1635.5349355727622
1772937163.4147584,653.1443775897427
1772937163.4147663,1229.0837583914008
1772937163.4147747,-736.9898549825065
1772937163.4147828,-2540.059711472348
1772937163.4147909,-1648.245667109237
1772937163.4147987,757.4806560166862
1772937163.4148068,1352.2732636973797
1772937163.414815,-734.3963461076168
1772937163.414823,-2641.5840729783845
1772937163.4148312,-1684.0304869799313
1772937163.414839,884.3161743265409
1772937163.4148471,1514.7345290349374
1772937163.4148548,-732.1352370906526
1772937163.4148629,-2787.5725538519646
1772937163.4148705,-1747.547125314354
1772937163.4148781,1045.5929099339085
1772937163.4148865,1734.3160257428335
1772937163.414894,-728.9296858363538
1772937163.4149015,-2996.4990427323373
1772937163.4149091,-1852.0870304146633
1772937163.414917,1254.420855938921
1772937163.4149249,2034.8398001565786
1772937163.4149325,-727.056993170239
1772937163.41494,-3302.55249810309
1772937163.4149477,-2021.4200051691869
1772937163.414956,1534.8128142513904
1772937163.4149635,2460.9681860249843
1772937163.4149716,-728.2430886504527
1772937163.4149797,-3767.0312593500958
1772937163.414987,-2299.147655351794
1772937163.4149947,1934.0860810526526
1772937163.4150028,3102.912151118966
1772937163.415011,-731.0924319248132
1772937163.4150188,-4509.081445178268
1772937163.415027,-2769.2154051954026
1772937163.4150348,2563.1412693209973
1772937163.4150429,4168.2316508530075
1772937163.4150505,-734.3754274300213
1772937163.4150589,-5827.706999091655
1772937163.4150667,-3659.637666741828
1772937163.4150743,3701.6947165407996
1772937163.4150827,6228.142404531635
1772937163.4150903,-744.1661361989309
1772937163.4150984,-8690.848417761192
1772937163.4151075,-5765.428938844383
1772937163.4151156,6441.343213637458
1772937163.4151232,11780.107486432118
1772937163.4151309,-762.017098745384
1772937163.4151385,-18875.737478425875
1772937163.4151464,-15161.278269264509
1772937163.415154,22768.549637755055
1772937163.415162,73146.11077186484
1772937163.4307585,96358.75424375143
1772937163.569245,73157.78384426892
1772937163.5692737,22778.334986405247
1772937163.569291,-15319.06374630837
1772937163.5693028,-19146.110657739497
1772937163.569312,-877.1658929169444
1772937163.5693212,11942.244243922567
1772937163.5693302,6646.589645062596
1772937163.5693393,-5833.515634255772
1772937163.569348,-8994.892563553552
1772937163.569357,-896.9611177015714
1772937163.5693655,6462.817549330033
1772937163.569374,4056.8270134020004
1772937163.5693824,-3637.412765156556
1772937163.5693908,-6157.9329790750635
1772937163.5693996,-925.1363630807654
1772937163.5694084,4478.914023948999
1772937163.569417,3077.4462829352033
1772937163.5694253,-2656.286500671708
1772937163.5694337,-4877.780121455032
1772937163.5694423,-964.485889533366
1772937163.569455,3508.630512034091
1772937163.569463,2630.3697485533253
1772937163.5694716,-2107.042884948013
1772937163.56948,-4219.320227412607
1772937163.5694883,-1021.7120578686361
1772937163.5694964,3027.826260688048
1772937163.569505,2503.920566596577
1772937163.569513,-1850.1149835159913
1772937163.7399237,-52916.53925905079
1772937163.7399683,-26224.758881638518
1772937163.7399845,6494.588534763938
1772937163.7399943,17653.04433056032
1772937163.740003,4940.003868736755
1772937163.740012,-9831.60713930946
1772937163.74002,-8296.976039260973
1772937163.740029,4535.9709332170305
1772937163.7400374,10408.12384732968
1772937163.7400455,2457.8321396617685
1772937163.7400534,-7372.616906007734
1772937163.7400613,-5708.288717446431
1772937163.7400694,4493.778661558258
1772937163.7400773,8913.59335222963
1772937163.7400851,1692.6221565251317
1772937163.7400932,-6932.757523588552
1772937163.740101,-4990.332325345742
1772937163.7401087,4794.499782785835
1772937163.7401173,8821.874241269346
1772937163.7401252,1368.9365140007537
1772937163.7401333,-7362.3408273213445
1772937163.740141,-5091.890738677427
1772937163.740149,5447.587710907253
1772937163.740157,9726.47764166414
1772937163.7401645,1249.4349454499081
1772937163.7401764,-8793.67788526532
1772937163.740184,-6080.105031150075
1772937163.740192,6787.92098227446
1772937163.7401996,12317.448055458455
1772937163.7402072,1378.8157618623331
1772937163.740215,-12623.637219854883
1772937163.7402227,-9430.926463179057
1772937163.7402306,10370.954495876616
1772937163.7402384,21699.367953069857
1772937163.740246,3491.9619837750315
1772937163.740254,-33605.487233724445
1772937163.7402616,-55510.61754699259
1772937163.986946,358.7918140663246
1772937163.9869933,-173.06738026032107
1772937163.9870193,-1207.747506911789
1772937163.987035,-1257.5066681392925
1772937163.987046,-333.43344228860735
1772937163.9870565,199.56337912653944
1772937163.9870656,-356.75116563181115
1772937163.9870768,-1117.1193454832119
1772937163.9870868,-992.5132275598505
1772937163.987096,-236.9244926139908
1772937163.9871051,32.20799433562369
1772937163.987114,-507.7380559078488
1772937163.9871228,-1000.2265341361631
1772937163.9871316,-741.0857795050191
1772937163.9871404,-175.1377815155451
1772937163.9871492,-147.32505165271135
1772937163.987158,-634.2419357408144
1772937163.987167,-853.6349574634745
1772937163.9871747,-492.3633792716139
1772937163.9871833,-145.920392557343
1772937163.987192,-348.9323456558395
1772937163.9872005,-743.566294839639
1772937163.987209,-671.2864400632852
1772937163.9872177,-236.90794674881874
1772937163.987226,-153.20481195718872
1772937163.9872344,-587.3705767709055
1772937163.9872427,-840.0306937576057
1772937163.9872532,-436.91371844113826
1772937163.9872675,43.59854035223235
1772937163.987281,-200.40317527424568
1772937163.9872952,-881.5833247008045
1772937163.987306,-927.0002152664466
1772937163.9873147,-127.26873450010969
1772937163.9873228,367.20760057215205
1772937163.9873312,-308.7879784653056
1772937163.9873395,-1272.9684159335968
1772937163.9873488,-1007.0859890178782
1772937163.9873571,310.79809473337883
1772937163.9873652,776.7374809573474
1772937163.9873736,-517.6947645103447
1772937163.9873943,-1848.3365668809213
1772937163.987403,-1092.2405984236077
1772937163.9874115,984.197717094498
1772937163.98742,1361.8539416886192
1772937163.987429,-919.4113442410483
1772937163.9874372,-2811.437717800134
1772937163.9874456,-1198.144558925712
1772937163.987454,2199.8696840191596
1772937163.987465,2397.906887913608
1772937163.9874783,-1785.5575324701606
1772937163.9874916,-4848.203669119971
1772937163.9875038,-1425.872877895355
1772937163.9875124,5143.706257033986
1772937163.9875207,5167.309046373163
1772937163.9875295,-4428.574493663777
1772937163.9875383,-12401.46202482233
1772937163.9875467,-3328.1153365746113
1772937163.9875553,23351.868117209462
1772937163.9875634,48059.00197635813
1772937164.221799,49160.864547983794
1772937164.221842,24949.091943028874
1772937164.2218747,-3808.2680940956675
1772937164.221907,-14742.137298323576
1772937164.2219377,-5774.479314021483
1772937164.2219496,6335.705211492159
1772937164.2219615,6839.202731752113
1772937164.2219703,-1937.0237884655533
1772937164.22198,-7197.348262677138
1772937164.2219892,-2995.9648250208943
1772937164.221998,3731.136949010077
1772937164.222006,3916.6665053343127
1772937164.222019,-1798.4883144661123
1772937164.2220268,-5161.652251874337
1772937164.222035,-1962.7765557253483
1772937164.222043,2872.52045949376
1772937164.222051,2712.282445514396
1772937164.22206,-1792.672740494077
1772937164.2220676,-4196.741107473192
1772937164.2220757,-1383.8242557857745
1772937164.222084,2466.8892263763705
1772937164.222092,2039.1860853688177
1772937164.2221005,-1820.9485315735228
1772937164.2221084,-3622.374995632561
1772937164.2221162,-990.0058641777858
1772937164.2221243,2243.095138721049
1772937164.2221327,1598.2187316836118
1772937164.2221403,-1860.522012196794
1772937164.222148,-3229.031352641605
1772937164.2221563,-683.8730977026038
1772937164.222164,2114.2955847491894
1772937164.222172,1280.0380950235156
1772937164.2221797,-1906.6245349104845
1772937164.2221875,-2937.141117005674
1772937164.222196,-429.3475286300867
1772937164.2222044,2037.6806172893098
1772937164.2222123,1031.4026763574943
1772937164.2222204,-1957.7065339358096
1772937164.2222283,-2704.9308911111475
1772937164.222236,-202.28296654164745
1772937164.2222438,1997.2635203573225
1772937164.2222517,826.3742819327751
1772937164.2222595,-2016.4732369973442
1772937164.2222676,-2516.6022849462856
1772937164.2222755,4.356502114896895
1772937164.2222831,1981.275666150008
1772937164.2222908,650.937977383212
1772937164.2222986,-2082.0022434260914
1772937164.2223065,-2359.3061975118762
1772937164.222314,201.38929089149926
1772937164.222322,1992.8949501870693
1772937164.2223296,503.7888675751882
1772937164.2223375,-2160.650748753585
1772937164.2223449,-2245.4738326595166
1772937164.2223527,388.1862792968303
1772937164.2223606,2072.409950140832
1772937164.2223682,439.92347807395436
1772937164.222376,-2345.1604959492292
1772937164.2223837,-2701.413590653318
1772937164.3894653,47580.7129522775
1772937164.389511,26988.960850347143
1772937164.3895223,-778.3970696627194
1772937164.389532,-14829.161101827882
1772937164.3895414,-8814.901812251157
1772937164.38955,4736.718970824713
1772937164.3895583,9269.915165312419
1772937164.3895679,1506.8753406904666
1772937164.3895772,-7415.652995256563
1772937164.389586,-6645.068077586925
1772937164.3895946,1833.1739854919635
1772937164.389604,6890.551942945204
1772937164.3896124,2440.156581968929
1772937164.3896203,-5484.486288187997
1772937164.3896284,-6748.191430801404
1772937164.3896365,237.52908834305313
1772937164.3896444,6687.315499107417
1772937164.389652,4291.734159905946
1772937164.38966,-4509.719283480817
1772937164.3896675,-9008.170883583478
1772937164.3896751,-2614.495524616662
1772937164.3896835,8764.94182917424
1772937164.3896916,11569.525587325159
1772937164.3896997,-2230.425306385776
1772937164.389707,-26568.072837011354
1772937164.389715,-45299.83547395713
1772937164.3897228,-45103.44960600527
1772937164.3897307,-26202.946663584935
1772937164.3897386,-2115.767483172572
1772937164.389747,11310.006988523543
1772937164.3897545,8482.816301647516
1772937164.3897624,-2496.227766491111
1772937164.3897724,-8618.719320646447
1772937164.3897853,-4634.297285253645
1772937164.8831375,52483.79704967357
1772937164.883178,27452.392746837155
1772937164.8832047,-5349.230341954922
1772937164.8832312,-18088.33953438466
1772937164.8832583,-6969.899413749815
1772937164.8832858,7970.651602826734
1772937164.883319,8476.040729720364
1772937164.8833451,-2676.9869014603746
1772937164.8833723,-9456.314562845097
1772937164.8834057,-4189.252985936214
1772937164.883446,4542.567508905896
1772937164.8834665,5095.855655729845
1772937164.8834803,-2149.5098359714634
1772937164.8834927,-6842.759454316935
1772937164.8835108,-3146.2863191240644
1772937164.88353,3220.0829668024926
1772937164.8835404,3620.8390832286254
1772937164.8835492,-1917.5221509887149
1772937164.883558,-5530.970556608711
1772937164.8835664,-2565.3408163035
1772937164.8835747,2522.000919754393
1772937164.883589,2781.6432009957493
1772937164.8836007,-1789.9884243512247
1772937164.883613,-4726.856988939279
1772937164.883626,-2175.1931540103024
1772937164.8836386,2101.2944288135814
1772937164.8836527,2238.0303888277003
1772937164.8836665,-1712.9672648026697
1772937164.88368,-4179.316909269979
1772937164.8836937,-1887.453221589384
1772937164.883707,1825.622696255066
1772937164.8837197,1855.1734919218834
1772937164.8837333,-1664.6011253391366
1772937164.8837464,-3779.4009062728396
1772937164.883757,-1659.7387428996321
1772937164.8837657,1637.4646923445632
1772937164.8837745,1571.2718998266123
1772937164.883783,-1633.3963361680303
1772937164.8837917,-3471.9976225098185
1772937164.8838007,-1468.932113296436
1772937164.8838093,1509.1430179309175
1772937164.8838203,1356.1283178461567
1772937164.883829,-1611.2246979979277
1772937164.8838377,-3227.2363766432973
1772937164.883846,-1306.130026581494
1772937164.88386,1418.0141615578193
1772937164.8838735,1185.2021616947452
1772937164.8838859,-1597.6187653502886
1772937164.8838973,-3027.374162299905
1772937164.8839085,-1162.3410227922127
1772937164.8839412,1355.5279452801346
1772937164.8839526,1048.1166256222668
1772937164.8839638,-1589.4009466709754
1772937164.8839753,-2860.7092975696046
1772937164.8839865,-1033.5145442431058
1772937164.8839977,1312.9610708391658
1772937164.8840091,934.3538985101502
1772937164.8840203,-1587.6231303096574
1772937164.8840315,-2720.844048044465
1772937164.8840427,-915.8004220913365
1772937164.884054,1287.8968872988514
1772937164.8840652,841.3034495146112
1772937164.8840764,-1589.3203050995417
1772937164.8840876,-2602.2286199470527
1772937164.8840992,-808.4358116568895
1772937164.8841107,1274.8577424535342
1772937164.884122,763.9032719016374
1772937164.8841336,-1592.6042415373736
1772937164.8841448,-2497.18695630112
1772937164.884156,-704.6966539475843
1772937164.8841677,1275.2294921741286
1772937164.8841789,699.7641672194206
1772937164.88419,-1599.9356257618456
1772937164.8842015,-2407.2235462134454
1772937164.8842132,-606.4934421840352
1772937164.8842244,1286.5403715528494
1772937164.8842356,647.9503463310874
1772937164.8842468,-1609.3031578995974
1772937164.884258,-2329.1763010480313
1772937164.8842695,-512.9407365898052
1772937164.8842807,1306.0679032587707
1772937164.884292,604.1584347526817
1772937164.884303,-1623.626737128405
1772937164.8843145,-2263.5310080948193
1772937164.8843257,-423.07413342441475
1772937164.8843372,1335.199817433306
1772937164.8843486,570.3605601400961
1772937164.88436,-1639.7893577926582
1772937164.8843715,-2206.4372791108967
1772937164.8843837,-333.8471728295206
1772937164.884395,1374.6128970032328
1772937164.884406,544.3478201490994
1772937164.8844173,-1662.172352321594
1772937164.8844287,-2163.073798791865
1772937164.88444,-249.91305194372103
1772937164.8844516,1421.051335352266
1772937164.8844628,524.7512489289106
1772937164.884474,-1689.8899067594095
1772937164.8844852,-2130.1757254897652
1772937164.8844965,-166.38246191506602
1772937164.8845077,1479.1143329864285
1772937164.8845189,513.8346146845068
1772937164.8845303,-1723.4404059401138
1772937164.8845415,-2109.331735598329
1772937164.8845527,-83.85874293324352
1772937164.884564,1549.5946107091158
1772937164.8845754,512.5440004114528
1772937164.8845868,-1762.7802225678447
1772937164.8845983,-2101.2293129258537
1772937164.8846097,-3.1573795728208496
1772937164.884621,1631.9854594943622
1772937164.884632,521.6415378331109
1772937164.8846433,-1805.212469232058
1772937164.8846548,-2104.6581848782366
1772937164.884666,67.91179644411244
1772937164.8846776,1709.8338929542974
1772937164.8846889,538.7854509468078
1772937164.8847003,-1808.9256485413873
1772937164.8847117,-2061.2851505385006
1772937164.8847232,43.847241647310554
1772937165.3635924,690.0427685266263
1772937165.3636346,-636.2649194660412
1772937165.363666,-1022.5338336758532
1772937165.3636923,81.90803988806263
1772937165.3637192,1132.051652925712
1772937165.3637495,657.9390794575775
1772937165.3637772,-668.3574678913516
1772937165.3638036,-975.2527954087549
1772937165.363831,177.77613489713147
1772937165.3638573,1178.017139887005
1772937165.363884,624.3991705637873
1772937165.3639104,-700.3443186973674
1772937165.363919,-925.5587281962668
1772937165.3639271,277.01595046635833
1772937165.3639357,1225.7089710091575
1772937165.3639436,589.7795954108524
1772937165.363952,-734.5117333809085
1772937165.3639598,-876.5130232798408
1772937165.363968,377.5942110421036
1772937165.363976,1274.7307532480086
1772937165.363984,554.9587270776909
1772937165.363992,-769.4194190669162
1772937165.364,-827.0034474791282
1772937165.3640132,479.336825458293
1772937165.364021,1323.2575898389214
1772937165.3640292,517.3747653207708
1772937165.3640373,-806.6350438289885
1772937165.3640451,-776.623575693943
1772937165.3640535,583.8457147894674
1772937165.364061,1372.422481489961
1772937165.3640687,476.9869330586513
1772937165.364077,-846.4983650930144
1772937165.3640847,-724.868404593929
1772937165.3640928,692.3970655856075
1772937165.3641007,1423.245649234966
1772937165.3641088,434.10195833334524
1772937165.3641167,-888.7621545639404
1772937165.3641243,-671.0737812111662
1772937165.364132,805.1174649468971
1772937165.3641407,1473.7953826895125
1772937165.3641484,384.8591705640823
1772937165.3641565,-936.7847463505341
1772937165.3641644,-615.5042514822419
1772937165.3641727,924.9972501019316
1772937165.3641808,1528.0947692011318
1772937165.364189,332.22949935457586
1772937165.3641973,-988.8115589543183
1772937165.3642051,-556.8272765591656
1772937165.3642132,1052.7702639866761
1772937165.364221,1585.1632884891271
1772937165.3642292,273.3213380426149
1772937165.3642373,-1048.2354406255035
1772937165.3642454,-497.7651873352261
1772937165.3642533,1185.5635038756393
1772937165.3642612,1640.5223970737877
1772937165.364269,203.079955378072
1772937165.364277,-1116.861604783933
1772937165.3642845,-434.18494758859345
1772937165.364292,1331.3607203621264
1772937165.3643,1700.8690915280695
1772937165.364308,124.29396486870759
1772937165.3643155,-1193.4299593799951
1772937165.3643231,-362.94083019299455
1772937165.3643308,1494.369525534061
1772937165.3643389,1767.0799625045981
1772937165.364347,32.58014067595604
1772937165.3643553,-1283.8210616683025
1772937165.3643627,-286.3384482050932
1772937165.364371,1675.8890301342683
1772937165.3643787,1839.53487058815
1772937165.3643868,-74.8223557313733
1772937165.3643944,-1390.4694767403246
1772937165.3644023,-202.90740547849612
1772937165.3644106,1878.1328727675375
1772937165.3644183,1914.1865734042563
1772937165.364426,-208.51186626962422
1772937165.364434,-1520.4722949505951
1772937165.3644416,-106.5936759027628
1772937165.3644495,2116.727043747322
1772937165.3644571,2002.1924168982603
1772937165.3644648,-369.6023887126759
1772937165.3644724,-1679.6985823453865
1772937165.3644803,3.0830609388313026
1772937165.364488,2396.0100360640567
1772937165.364496,2098.2497746828303
1772937165.3645036,-576.1900302403889
1772937165.3645113,-1881.7605422774839
1772937165.3645191,134.7976615789727
1772937165.3645265,2738.8435890490064
1772937165.364534,2211.25859106997
1772937165.3645415,-844.8029637734376
1772937165.3645492,-2144.0064395482327
1772937165.3645587,300.5707689704647
1772937165.3645704,3177.440503436399
1772937165.3645813,2350.4895769929353
1772937165.3645923,-1207.5976962843722
1772937165.3646047,-2499.489253851408
1772937165.364617,517.4598123288416
1772937165.3646257,3763.3034635091035
1772937165.3646336,2526.2495559350914
1772937165.3646412,-1727.9222091165386
1772937165.364649,-3009.0484686785
1772937165.3646564,824.9230994068564
1772937165.3646643,4605.554494150183
1772937165.364672,2762.781548708827
1772937165.3646796,-2539.423101223138
1772937165.3646877,-3805.771505721836
1772937165.3646955,1312.2140468028556
1772937165.3647037,5960.087426404957
1772937165.3647115,3118.9848926342715
1772937165.3647192,-3982.514629415551
1772937165.3647268,-5239.649570649178
1772937165.3647344,2253.645685297171
1772937165.3647425,8630.999213769905
1772937165.3647501,3788.162437444877
1772937165.3647585,-7342.972037687839
1772937165.364766,-8805.403855920587
1772937165.3647869,4956.087950988169
1772937165.3648012,17394.245908012286
1772937165.364809,6543.79689855434
1772937165.8440363,25.568791922625678
1772937165.8440783,25.937044724928754
1772937165.844107,32.98429588039557
1772937165.8441353,43.75941651476425
1772937165.844164,49.83590414714557
1772937165.8441925,49.373145662952886
1772937165.844221,49.909765547284394
1772937165.84425,57.850254518210484
1772937165.8442783,69.39820736769444
1772937165.8443072,75.7509621550947
1772937165.8443356,75.35578571555658
1772937165.8443687,76.05887110283233
1772937165.844382,84.12254766108204
1772937165.844391,95.51436326213107
1772937165.8443997,101.67307204874948
1772937165.844408,101.59412761551637
1772937165.8444164,103.1895627334912
1772937165.8444257,112.00919328423797
1772937165.8444345,123.27613896534373
1772937165.8444428,128.56230666915937
1772937165.8444517,127.7359062163092
1772937165.84446,129.24286648478736
1772937165.844469,138.17744215757597
1772937165.8444777,148.9520938243248
1772937165.8444884,153.08354272517616
1772937165.8444974,151.28751200896883
1772937165.8445058,152.75697358252668
1772937165.8445141,162.37956896531406
1772937165.8445227,173.76956055312064
1772937165.8445315,178.08206345460908
1772937165.84454,176.4244285680359
1772937165.8445487,178.39030928459013
1772937165.8445573,188.5709177622603
1772937165.8445656,199.92224965308858
1772937165.8445745,203.49288525377855
1772937165.8445828,201.05994953694764
1772937165.8445911,202.88087067272048
1772937165.8445995,213.4703580730004
1772937165.84461,225.23960812080523
1772937165.8446224,229.053304808026
1772937165.8446305,227.05603592135958
1772937165.844638,229.72526496851555
1772937165.8446455,241.1036929989571
1772937165.8446534,252.8973896138008
1772937165.8446612,255.91966682863992
1772937165.8446689,253.01254933383623
1772937165.8446767,255.25898639275306
1772937165.844703,266.5953414763662
1772937165.8447106,278.3360167665582
1772937165.8447182,281.3878884891953
1772937165.8447258,279.0497121353626
1772937165.8447332,282.2845214581247
1772937165.844741,293.99582152703346
1772937165.8447487,304.59626296415394
1772937165.8447564,305.48697422924175
1772937165.844764,301.61764824005616
1772937165.8447716,305.08072956277607
1772937165.8447793,318.2391185681768
1772937165.844787,330.0717522555743
1772937165.8447945,331.33191866503705
1772937165.844802,327.56379454314697
1772937165.8448095,331.5030542944282
1772937165.8448172,345.14815915295856
1772937165.844825,356.6906902177496
1772937165.8448331,357.0131636249487
1772937165.844841,352.75898147653317
1772937165.8448493,357.24276955199883
1772937165.8448572,371.53516941492006
1772937165.8448648,382.4720093688711
1772937165.8448727,381.04001407290866
1772937165.84488,375.5731380542149
1772937165.8448877,380.6529440979168
1772937165.8448954,396.58419900822093
1772937165.844903,408.3574115919911
1772937165.8449109,406.36006837695095
1772937165.8449185,400.20725404735634
1772937165.844926,405.7640458088722
1772937165.844934,422.8257600775078
1772937165.8449419,434.8599589949698
1772937165.8449495,431.97250190789924
1772937165.844957,425.22380701331
1772937165.8449652,431.5482784734989
1772937165.8449728,449.6894182708146
1772937165.8449807,461.23595045764495
1772937165.8449883,456.3577963779098
1772937165.8449965,448.4169189856786
1772937165.8450043,455.9152059253892
1772937165.8450122,476.10225136137524
1772937165.84502,487.79932763415627
1772937165.845028,480.9644717263229
1772937165.8450356,471.8878680736235
1772937165.8450434,481.2446198541173
1772937165.8450513,504.42335746072564
1772937165.8450592,516.5194016092569
1772937165.8450668,507.0544308476646
1772937165.8450747,496.1860198592797
1772937165.845082,507.58181808441987
1772937165.84509,534.0944940662822
1772937165.845098,545.5847625407135
1772937165.845106,531.0174911727229
1772937165.8451135,516.4853182123757
1772937165.8451211,530.6631207898304
1772937165.8451288,563.0668549293446
1772937165.8451364,575.3631323929419
1772937165.845144,554.7502142717518
1772937165.845152,535.8591990246629
1772937165.8451595,555.3424337585583
1772937165.8451672,597.5374202657213
1772937165.8451755,610.0948590756198
1772937165.8451831,576.5325963181205
1772937165.8451912,547.195308827193
1772937165.8451989,575.824350013448
1772937165.8452065,638.7340518558619
1772937165.845214,653.1409515466927
1772937165.8452215,589.0146608216706
1772937165.8452291,531.3469475471506
1772937165.8452365,587.9318403614175
1772937165.845244,729.9798051747445
1772937165.8452516,764.8403566794062
1772937165.8452592,510.2409522408702
1772937165.8452668,-0.004489584835835558
1772937166.324984,24.74444292860382
1772937166.3250515,31.63443642896807
1772937166.325086,42.66415067337654
1772937166.3251176,49.24746277374509
1772937166.3251455,49.33026439320887
1772937166.3251736,50.41331202890743
1772937166.3252015,58.89379588010887
1772937166.32523,70.75860386597132
1772937166.3252585,76.91434249838086
1772937166.3252814,75.86914651069732
1772937166.3252907,75.98733769544155
1772937166.3252988,84.008402943976
1772937166.3253071,95.77953023106562
1772937166.325316,102.14402709686149
1772937166.3253248,101.747873136918
1772937166.3253338,102.82895997449889
1772937166.3253417,111.50187556682917
1772937166.325349,123.0315986580089
1772937166.325357,128.42760649862535
1772937166.3253653,127.13954789567072
1772937166.325373,127.9563363313303
1772937166.325381,136.71861552666675
1772937166.3253891,148.0644615644926
1772937166.3253973,152.91490646866438
1772937166.3254056,151.32159635592853
1772937166.3254142,152.61232563561225
1772937166.3254223,162.45186701602816
1772937166.3254304,174.83884842883546
1772937166.32548,180.3038434733502
1772937166.3254972,178.9475292110488
1772937166.3255072,180.13240598620018
1772937166.3255155,189.29731642766382
1772937166.325529,200.41816117010845
1772937166.3255422,204.69873867804952
1772937166.325556,203.19552628491599
1772937166.3255696,205.4488587828716
1772937166.325583,215.9034450745011
1772937166.325596,227.30362507408762
1772937166.3256092,230.6524383345933
1772937166.3256216,227.94724340206636
1772937166.3256347,229.66940473821836
1772937166.3256447,240.2355301145832
1772937166.3256533,251.70181698586768
1772937166.3256614,254.72880480358657
1772937166.3256695,251.64120822188272
1772937166.3256776,253.26869252400556
1772937166.3256865,263.85997995654645
1772937166.325694,275.1823070370977
1772937166.325702,278.16088498895067
1772937166.32571,275.737326517222
1772937166.325718,278.75307875428734
1772937166.3257265,290.5256250175865
1772937166.325734,301.9213813716824
1772937166.3257418,304.1307641891645
1772937166.3257496,301.25171950776166
1772937166.3257575,304.69901012802484
1772937166.3257656,317.00652851987525
1772937166.3257732,327.9295008669814
1772937166.325781,328.77047850416307
1772937166.325789,324.9616931357582
1772937166.325797,328.83927329670047
1772937166.3258047,342.2957392973975
1772937166.3258126,353.750859084682
1772937166.3258204,354.2171172669285
1772937166.3258283,350.16119398921035
1772937166.3258367,354.7403967358289
1772937166.3258448,369.2401044726938
1772937166.3258564,380.86764474535556
1772937166.3258705,380.55540012795166
1772937166.32588,376.00140049016096
1772937166.3258884,381.16689129277995
1772937166.325897,396.44852103678124
1772937166.325905,407.5741179103884
1772937166.3259137,405.51601792411896
1772937166.325922,399.7282983348747
1772937166.3259308,405.47786413626454
1772937166.3259392,422.3274505012898
1772937166.3259475,434.1682664956926
1772937166.325956,431.6144886408829
1772937166.3259747,425.62223556863773
1772937166.3259833,432.4798756045967
1772937166.3259919,450.51166942323766
1772937166.326,461.63019575295937
1772937166.326008,456.68698453669447
1772937166.3260164,449.25438292928544
1772937166.326025,457.3078841388943
1772937166.3260336,477.4598718803887
1772937166.326042,488.55510954562953
1772937166.3260503,481.23527185663266
1772937166.3260589,472.3629366730904
1772937166.3260672,482.42843292648536
1772937166.326076,506.07954365741375
1772937166.3260844,517.8944758917964
1772937166.3260927,507.57508077197963
1772937166.3261013,495.86906619177574
1772937166.3261096,506.8276212809861
1772937166.3261185,533.2455791826935
1772937166.3261266,544.7709402801535
1772937166.3261347,530.3139777289241
1772937166.3261435,515.9942614193739
1772937166.326152,530.3197031329379
1772937166.3261604,562.4564702819516
1772937166.3261688,573.9173953800265
1772937166.3261771,552.2204179613796
1772937166.3261857,532.5539048671653
1772937166.3261943,551.8312243831159
1772937166.3262026,594.1380313444616
1772937166.3262117,606.7135342035848
1772937166.3262203,572.9885511678506
1772937166.326229,543.5722337596176
1772937166.3262377,572.3957822206572
1772937166.3262465,635.5968623707748
1772937166.3262544,650.0979672468457
1772937166.326263,585.9254193300084
1772937166.3262713,528.5080531081776
1772937166.3262799,585.9199796201789
1772937166.326288,729.02079641915
1772937166.3262963,764.4098741328072
1772937166.326305,509.4307506030537
1772937166.3263135,-1.6682044736493118
1772937166.8050978,24.302474373977006
1772937166.8051546,32.26064109942794
1772937166.8051767,44.1116942914032
1772937166.8052,50.47024377884764
1772937166.8052232,49.475424018318286
1772937166.805243,49.51451809776948
1772937166.8052635,57.65276818324986
1772937166.805287,69.81981372404651
1772937166.805307,76.429746802408
1772937166.805326,75.64050240398687
1772937166.8053348,75.82284074716695
1772937166.8053436,83.85850188587547
1772937166.8053524,95.61308955907859
1772937166.805361,101.80857843867292
1772937166.8053696,100.97975606293852
1772937166.8053787,101.38836834301765
1772937166.8053873,109.34669297141696
1772937166.8053956,120.44701528723695
1772937166.805404,125.98826952024527
1772937166.8054123,125.4188396688606
1772937166.805421,127.13475057276429
1772937166.8054297,136.45688376493112
1772937166.8054383,147.83233775614687
1772937166.8054466,152.47408033002657
1772937166.805455,150.82963139960944
1772937166.8054633,152.22092255359638
1772937166.805472,161.89621579565446
1772937166.8054802,173.5661595261105
1772937166.8054886,178.0352372515031
1772937166.8054972,175.9963423536065
1772937166.8055055,177.0647085737098
1772937166.805514,186.3302668113002
1772937166.805523,197.2902804839895
1772937166.8055313,201.15935422833
1772937166.8055613,199.47676875992306
1772937166.8055696,202.10310963057813
1772937166.805578,213.19337350595808
1772937166.805586,224.89668890335616
1772937166.8055944,227.9864753103602
1772937166.8056028,224.81095847760642
1772937166.8056111,226.33110802578688
1772937166.8056197,237.0760681231401
1772937166.8056283,248.90584146359316
1772937166.805637,252.39579572004715
1772937166.8056448,250.0239933747794
1772937166.805653,252.66748699290446
1772937166.8056617,264.2389991199582
1772937166.8056698,276.0577211841222
1772937166.8056781,279.01616427647105
1772937166.8056865,276.50929669440563
1772937166.8056948,279.773896723331
1772937166.805703,291.97082946251913
1772937166.8057113,303.45939106214934
1772937166.8057196,305.2353251512686
1772937166.805728,301.8013962542692
1772937166.805736,305.120114462117
1772937166.8057444,317.7903074064765
1772937166.8057525,329.12721177024576
1772937166.8057609,330.0584630826284
1772937166.8057692,326.12393440381953
1772937166.8057775,330.0206343382425
1772937166.8057857,343.7422720804402
1772937166.805794,355.4395933312629
1772937166.8058026,355.87170918259665
1772937166.8058162,351.58059864470107
1772937166.805824,355.9523677387046
1772937166.8058317,370.2871963873673
1772937166.8058393,381.5881806253232
1772937166.805847,380.73155558763864
1772937166.8058548,375.6911212187949
1772937166.8058624,380.715266932304
1772937166.8058703,396.0847124175901
1772937166.8058777,407.107576660861
1772937166.8058856,404.5842054174301
1772937166.8058932,398.3278064254337
1772937166.8059008,404.07500347761254
1772937166.805909,421.3313162171737
1772937166.8059163,433.38907010871907
1772937166.805924,430.4249690430765
1772937166.8059318,423.697884819527
1772937166.8059394,430.23957376030415
1772937166.805947,448.68774327556963
1772937166.8059547,460.4348418479742
1772937166.805963,455.55124657291213
1772937166.805971,447.4634715394965
1772937166.8059783,454.81855560105714
1772937166.8059864,474.98950868296527
1772937166.8059945,486.87388106986714
1772937166.806002,480.4524980967794
1772937166.8060095,471.91453225380576
1772937166.8060172,481.64926775167083
1772937166.8060248,504.69158329677316
1772937166.806033,516.0081947670417
1772937166.8060408,505.4152732632165
1772937166.8060484,493.62456134629275
1772937166.806056,504.6854320773812
1772937166.806064,531.3742036153401
1772937166.8060713,543.1690321924561
1772937166.806079,528.7606029337587
1772937166.8060868,514.3030673089949
1772937166.8060944,528.6921487800828
1772937166.806102,561.4844724234471
1772937166.80611,574.096140334681
1772937166.8061173,553.4062559298959
1772937166.8061252,533.9695090228757
1772937166.8061328,552.7189509321177
1772937166.806141,594.4784805518874
1772937166.8061483,607.2900187057182
1772937166.806156,574.6794862777165
1772937166.8061635,546.5184327231732
1772937166.806172,575.8461813270947
1772937166.8061793,638.5937551578739
1772937166.8061872,652.3316234872649
1772937166.8061948,587.9048767425676
1772937166.8062024,530.8837853640956
1772937166.8062103,588.6859699887049
1772937166.8062181,731.4815971375481
1772937166.8062258,765.9973266379419
1772937166.8062336,510.5001505597739
1772937166.8062413,0.008409577479978907
1772937167.2860754,24.726395436591527
1772937167.2861712,31.90831123913254
1772937167.2861984,43.24595250683357
1772937167.2862232,49.65860723585617
1772937167.286248,49.16630135849024
1772937167.2862773,49.572805079709084
1772937167.2862885,57.42929562388627
1772937167.2862992,68.81487866711606
1772937167.2863088,74.92387784884228
1772937167.2863178,74.58779057424657
1772937167.2863271,76.00763716703642
1772937167.2863374,85.11294235794576
1772937167.2863464,96.91359229385486
1772937167.2863553,102.21776780536813
1772937167.2863643,100.52247519224542
1772937167.2863739,100.98107010824148
1772937167.286383,109.84863677714903
1772937167.2863915,121.7953516132357
1772937167.2864032,127.27672481871016
1772937167.286414,125.79355821646452
1772937167.286426,126.56439480418418
1772937167.286436,135.63573639180802
1772937167.2864795,147.42319952796197
1772937167.2864916,152.53787896436185
1772937167.2865012,150.9744392636932
1772937167.2865117,152.17584336396533
1772937167.2865217,161.828696807192
1772937167.286532,173.87215075042167
1772937167.2865407,178.962520042161
1772937167.28655,177.56186624308566
1772937167.286559,179.26235167256854
1772937167.2865677,189.23871373492358
1772937167.2865765,200.861764014863
1772937167.286585,204.94698956369356
1772937167.286594,202.71890568976988
1772937167.2866025,204.21518750546798
1772937167.2866113,214.24895430363372
1772937167.2866201,225.6375457436365
1772937167.2866297,229.31683754090878
1772937167.2866387,227.16670097526944
1772937167.2866476,229.3866251300425
1772937167.2866566,239.97199582161574
1772937167.2866657,250.82070407217157
1772937167.2866752,253.07060974899582
1772937167.2866845,249.86953148145486
1772937167.286693,252.34930241124746
1772937167.2867017,264.0401672847185
1772937167.2867105,275.56906274317544
1772937167.286719,277.492126700376
1772937167.286728,273.6250563228269
1772937167.2867365,276.0719830140774
1772937167.2867455,288.5158394872652
1772937167.2867544,300.98633448780913
1772937167.2867632,303.60757918197345
1772937167.286772,300.2932151839876
1772937167.2867804,303.1977033634688
1772937167.286789,315.5868486158241
1772937167.286798,327.19387852541905
1772937167.2868068,328.75683948383517
1772937167.2868156,325.3242654995377
1772937167.2868245,329.31877803441904
1772937167.2868333,342.8178818246974
1772937167.286842,354.1461087722711
1772937167.286851,354.1141107590536
1772937167.2868598,349.32411299205944
1772937167.2868688,353.4339146822702
1772937167.2868783,368.0794077484119
1772937167.2868874,380.23560501842064
1772937167.2868965,380.2351335207617
1772937167.2869053,375.4531109489632
1772937167.286914,380.14750564162637
1772937167.286923,395.31042313723174
1772937167.2869315,406.96076209068593
1772937167.2869406,405.7886632495666
1772937167.2869492,400.63676866054897
1772937167.286958,406.2741025899188
1772937167.2869673,422.1684682847248
1772937167.286976,432.56051414302186
1772937167.2869847,428.69597304375054
1772937167.2869935,422.10708233878074
1772937167.287002,429.20944325654153
1772937167.2870104,447.8677143427979
1772937167.2870195,459.3062768898144
1772937167.287028,454.08976116407024
1772937167.2870371,446.1957728540639
1772937167.287046,454.28996924018986
1772937167.287055,475.2271731780663
1772937167.287064,487.35554500736913
1772937167.287073,480.5472688517736
1772937167.2870817,471.3470098675309
1772937167.2870903,480.6115496211038
1772937167.2871192,503.60729920665847
1772937167.2871284,515.2158650099865
1772937167.2871373,504.9959668422229
1772937167.287146,493.41354829635844
1772937167.287155,504.4057915568527
1772937167.2871637,530.8301948596804
1772937167.2871728,542.4156046304345
1772937167.2871819,528.1110862171824
1772937167.2871907,514.0946029469083
1772937167.2872,528.9538044866928
1772937167.2872088,561.8333286768082
1772937167.287218,574.0437284152976
1772937167.2872272,552.8403320091147
1772937167.287236,533.3158294618963
1772937167.2872453,552.5429436623741
1772937167.2872539,594.8664836924228
1772937167.2872777,607.6375050059162
1772937167.2872863,574.1428228096498
1772937167.287295,544.7084420495088
1772937167.2873037,573.0860576243484
1772937167.287312,635.5241140538083
1772937167.2873209,649.323883458677
1772937167.2873538,584.9000830436701
1772937167.2873623,527.7593060497546
1772937167.2873707,585.6657969969397
1772937167.2873793,729.0936467795862
1772937167.2873878,764.6138817199942
1772937167.287396,509.95240592284335
1772937167.2874045,-0.3329728701510103
1772937167.7664564,26.99570225335384
1772937167.7665005,26.839658684007766
1772937167.7665272,27.20445467244822
1772937167.7665544,34.78576413436055
1772937167.7665808,46.01966405181511
1772937167.7666073,52.00403746270358
1772937167.766634,51.02284951390029
1772937167.7666605,51.092031802637386
1772937167.7666872,58.87045530437083
1772937167.7667139,70.41933926366822
1772937167.7667408,76.75970151416502
1772937167.7667673,76.44501616929733
1772937167.7667756,77.50506182564934
1772937167.7667837,86.0253950308679
1772937167.7667916,97.43256709394174
1772937167.7667997,102.81782877597483
1772937167.766808,101.50158164681294
1772937167.766816,102.16616877830877
1772937167.7668242,110.83507655084973
1772937167.766832,122.46789446079482
1772937167.76684,127.98004318715262
1772937167.7668476,126.9152914856759
1772937167.7668593,128.03166158642784
1772937167.7668705,136.9671129716189
1772937167.7668817,148.28703702738545
1772937167.7668946,153.0997592147223
1772937167.766907,151.56403432571963
1772937167.7669191,152.6983316709961
1772937167.766932,161.73059442279896
1772937167.7669444,172.7892964047076
1772937167.766956,177.26251557614154
1772937167.766969,176.04763466210972
1772937167.76698,178.32415886744826
1772937167.7669876,188.45678266628764
1772937167.766996,199.53756266877772
1772937167.7670035,202.91016010451864
1772937167.7670116,200.43747955892496
1772937167.767021,202.123716522274
1772937167.7670288,212.1690907813409
1772937167.767037,222.9995069677876
1772937167.7670448,225.85972146883728
1772937167.7670548,223.23917940139475
1772937167.7670667,225.5479501972211
1772937167.7670863,236.4801631201973
1772937167.767099,247.63258853244668
1772937167.7671113,250.2095308238661
1772937167.7671232,247.54649028699052
1772937167.7671347,250.67308592973387
1772937167.767148,262.8184987973686
1772937167.7671602,274.58775391105667
1772937167.767172,276.8996975432536
1772937167.7671835,273.7659526166408
1772937167.767196,276.82514891966
1772937167.767209,289.00462538474824
1772937167.7672217,300.2452899417131
1772937167.7672355,301.6084724227648
1772937167.767248,298.1163135380827
1772937167.767259,301.98911607026804
1772937167.7672672,315.3556573137642
1772937167.7672756,326.77620635776736
1772937167.767284,327.0152053545392
1772937167.7672927,322.29618712646345
1772937167.767301,326.1277799483411
1772937167.7673092,340.54164922708253
1772937167.7673175,352.88613206538724
1772937167.767326,353.12681821006015
1772937167.7673345,347.86548883031134
1772937167.7673426,351.3592643806434
1772937167.767351,365.7434666427299
1772937167.7673593,378.04911847393976
1772937167.7673674,378.40244833403165
1772937167.7673757,373.9695022138526
1772937167.767384,378.8134723080597
1772937167.7673924,393.69351760540917
1772937167.7674005,404.508763498583
1772937167.7674088,402.18755770477946
1772937167.767418,396.14205785550774
1772937167.7674308,401.65077174433327
1772937167.7674437,418.2291553199616
1772937167.7674572,429.6854459873942
1772937167.7674685,426.70618497417775
1772937167.7674766,420.5041017282261
1772937167.767485,427.51359084036244
1772937167.767493,445.8217070788749
1772937167.767501,456.902308986426
1772937167.7675097,451.48012789611204
1772937167.767518,443.54095429746934
1772937167.767526,451.6104214196931
1772937167.7675345,472.36663139355784
1772937167.7675426,484.1176495295677
1772937167.767581,476.91412689621944
1772937167.7675943,467.58785148958094
1772937167.7676077,477.17767906964986
1772937167.7676198,500.9033611055545
1772937167.7676282,513.4315338053799
1772937167.7676365,504.0966445660378
1772937167.767645,493.239006483199
1772937167.7676532,504.75945560700757
1772937167.7676616,531.4891567156903
1772937167.76767,543.0877291268225
1772937167.767678,528.4360446448828
1772937167.767686,513.7691276910776
1772937167.7676947,527.9334932906468
1772937167.7677033,560.4157941356824
1772937167.7677112,572.6655412558961
1772937167.7677195,551.6930201774505
1772937167.7677276,532.1503820778963
1772937167.767736,550.9190096139318
1772937167.7677443,592.6278911278916
1772937167.7677536,605.0887652578813
1772937167.7677674,571.7126401052603
1772937167.7677808,542.5234309892764
1772937167.7677937,571.0301075339815
1772937167.7678058,633.7252514590098
1772937167.7678144,648.3407405898452
1772937167.7678225,585.13656751691
1772937167.767831,528.6727050093726
1772937167.7678397,585.8631679641996
1772937167.7678475,727.5622597391307
1772937167.767856,761.928302835424
1772937167.767864,508.06569396484275
1772937168.2472124,25.18086155258733
1772937168.24725,25.477400217542105
1772937168.2472775,33.003238894251275
1772937168.247306,44.19338480199291
1772937168.2473345,50.24966276320636
1772937168.2473629,49.53806891296296
1772937168.247391,50.02462229303482
1772937168.2474196,58.199015435135635
1772937168.2474487,69.94192231930725
1772937168.2474773,76.1828092804439
1772937168.2475052,75.50350124823917
1772937168.2475338,76.06001591042723
1772937168.2475524,84.12356072698574
1772937168.2475612,95.30998292529888
1772937168.2475696,100.8143132964261
1772937168.2475781,99.88619940472057
1772937168.2475877,100.96292495518546
1772937168.247596,109.79233785357287
1772937168.2476046,121.23752422552107
1772937168.2476132,126.39118792785729
1772937168.2476218,125.1115800926289
1772937168.2476304,126.33941452599115
1772937168.2476387,135.61916001597825
1772937168.2476473,147.28586421713345
1772937168.2476556,152.36431026818866
1772937168.2476645,151.17688321893243
1772937168.2476728,152.91359387729503
1772937168.2476811,162.64301011441853
1772937168.2476895,173.9875128942113
1772937168.247698,177.91303631444194
1772937168.247707,175.46610708961086
1772937168.2477152,176.5505108039107
1772937168.2477236,186.2622213922838
1772937168.247732,197.81720741276828
1772937168.2477407,202.03167783064708
1772937168.247749,200.15180628972186
1772937168.2477586,202.04247721653425
1772937168.247767,212.23329383272414
1772937168.2477753,223.44604329726832
1772937168.2477837,226.8163085479676
1772937168.2477915,224.49896561231185
1772937168.2478,226.80363326925982
1772937168.2478082,237.69045908176415
1772937168.2478168,249.018810527629
1772937168.247825,251.86584502702695
1772937168.2478333,249.1822103817132
1772937168.247842,251.88514620277968
1772937168.24785,263.6214041235546
1772937168.2478583,275.53685701054206
1772937168.2478664,278.5704358120109
1772937168.2478747,276.1306251210033
1772937168.247883,279.2460674193579
1772937168.2478917,290.869488461245
1772937168.2479,301.511143329455
1772937168.2479084,302.6308861663565
1772937168.2479165,299.0220692278299
1772937168.2479248,302.43183061864346
1772937168.2479331,315.0197481322283
1772937168.2479413,326.003727341969
1772937168.2479496,326.6648754915984
1772937168.2479577,322.8294953511668
1772937168.247966,326.9491759655138
1772937168.2479744,340.4966574082005
1772937168.2479825,351.5423378081935
1772937168.2479908,351.4543488122261
1772937168.2479997,347.44003330996213
1772937168.248008,352.7864652379655
1772937168.2480164,367.9228510659216
1772937168.2480247,379.0885718851896
1772937168.2480335,377.29585808066594
1772937168.2480416,371.39432227436345
1772937168.2480505,376.37669021696246
1772937168.2480588,392.54178645660653
1772937168.248067,404.7062013694906
1772937168.2480752,403.248305523869
1772937168.2480836,397.84205701213415
1772937168.248092,404.13204871581956
1772937168.2481005,421.4233405639938
1772937168.2481089,432.93389984297
1772937168.2481172,429.1683689265648
1772937168.2481313,421.9459312748874
1772937168.2481496,428.57012513808195
1772937168.2481644,447.39081896538
1772937168.248176,459.2675541894634
1772937168.24819,454.03036953001657
1772937168.2482,445.3174285727232
1772937168.2482152,452.1100174756471
1772937168.248232,471.872317196825
1772937168.2482433,483.3567023961402
1772937168.2482548,476.44484008449456
1772937168.248266,467.4458605739506
1772937168.2482784,476.9851696103326
1772937168.2482927,500.2438908869475
1772937168.2483015,512.1411835410681
1772937168.2483144,502.2667621497486
1772937168.2483273,491.0106285825682
1772937168.2483408,502.18332618095945
1772937168.2483504,528.6458095332417
1772937168.2483587,540.3416920454076
1772937168.2483673,526.4525115416182
1772937168.2483757,513.0918728895223
1772937168.2483876,528.4357536193405
1772937168.2484024,561.2340560174943
1772937168.2484152,572.8460994215194
1772937168.2484272,551.0047884923597
1772937168.248438,531.2153998819765
1772937168.2484488,550.4607923593213
1772937168.2484596,592.6220053981812
1772937168.24847,604.7830988552563
1772937168.248482,570.5448947137756
1772937168.2484956,540.9058519410389
1772937168.2485104,570.0504102036888
1772937168.2485232,634.0236562697928
1772937168.248538,649.4029443558661
1772937168.2485523,585.8220701745389
1772937168.248562,528.4149823779401
1772937168.2485704,585.2178366711496
1772937168.2485788,727.5225996366081
1772937168.2485907,762.8072721179958
1772937168.2486033,509.173846874372
1772937168.3983889,455.2471774168706
1772937168.3984313,475.72245879803916
1772937168.3984575,486.96795133823287
1772937168.3984675,479.12920989280997
1772937168.3984764,469.1533916207195
1772937168.3984852,478.239733803769
1772937168.3984938,501.7097738863708
1772937168.398502,514.1764254606062
1772937168.3985105,504.8225066935462
1772937168.3985188,493.8862536360965
1772937168.3985276,505.269110465426
1772937168.3985355,531.8220615890147
1772937168.3985472,543.1713760208705
1772937168.398555,528.1637525674948
1772937168.398563,513.0926526540213
1772937168.3985713,526.9394780158367
1772937168.3985791,559.2836847855036
1772937168.3985872,571.5585502020017
1772937168.398595,550.7087570219512
1772937168.3986032,531.3512955404145
1772937168.3986108,550.3467029739888
1772937168.3986208,592.262438351243
1772937168.3986337,604.8496509211085
1772937168.39865,571.5720609943156
1772937168.398662,542.610708034484
1772937168.398676,571.5336484308442
1772937168.3986855,634.6194401873984
1772937168.3986945,649.2360075257513
1772937168.3987024,585.4883064911483
1772937168.3987112,528.200071963299
1772937168.3987193,584.7747375013745
1772937168.398758,726.3875027176103
1772937168.3987708,761.1669070426948
1772937168.3987844,507.98337992159526
1772937168.3987975,0.9421709791996473
1772937168.535853,43699.03786427371
1772937168.5358725,22566.944407323586
1772937168.5358844,-580.8076442771041
1772937168.5358949,-10504.941216238756
1772937168.5359075,-6322.179453663419
1772937168.5359209,1980.2145486870124
1772937168.5359342,5319.561427802439
1772937168.5359435,2395.8646774796775
1772937168.535952,-2450.8783560668344
1772937168.535961,-4645.896514829396
1772937168.5359695,-2444.65806838562
1772937168.535978,2428.3225332900847
1772937168.535987,5370.077079269506
1772937168.5359955,2007.4634809951046
1772937168.536004,-6322.968435053788
1772937168.536013,-10459.692620559248
1772937168.5360212,-423.38376599117646
1772937168.5360296,22746.732008023577
1772937168.5360382,43637.19131282727
1772937168.5360465,44730.77745717211
1772937169.018633,24355.464565549533
1772937169.018662,-1758.8461414324195
1772937169.018685,-13834.715880777538
1772937169.018705,-7499.054625684978
1772937169.0187252,4229.369749827142
1772937169.018748,6899.3629730846515
1772937169.0187764,-290.29391654863446
1772937169.018805,-6651.752929927916
1772937169.0188334,-4595.5282970767375
1772937169.0188568,1898.4897059375057
1772937169.0188756,3989.9431782289457
1772937169.01889,-353.52806814371166
1772937169.0189044,-4719.7758737194345
1772937169.0189164,-3453.460843315134
1772937169.0189252,1175.8568448816789
1772937169.018934,2763.336293297267
1772937169.0189424,-476.3423869186522
1772937169.0189512,-3811.4308538706914
1772937169.0189595,-2803.1415761433486
1772937169.0189683,854.6744417064983
1772937169.0189767,2077.2381387424603
1772937169.0189853,-583.7653128646984
1772937169.0189939,-3273.3662636784907
1772937169.0190022,-2364.6342768887494
1772937169.0190103,689.7929053059952
1772937169.0190227,1637.7473122348133
1772937169.0190363,-669.282227232351
1772937169.0190501,-2909.5949284109493
1772937169.0190587,-2039.4537177775037
1772937169.0190675,598.6832531971745
1772937169.019076,1330.4755339532458
1772937169.0190842,-738.5200361783915
1772937169.0190926,-2643.7443029035435
1772937169.0191011,-1784.549185722242
1772937169.0191092,546.3209943388454
1772937169.0191174,1102.3190451256296
1772937169.0191264,-795.5277587486429
1772937169.0191343,-2438.2319301176276
1772937169.019143,-1576.025048902806
1772937169.0191514,517.4768151584166
1772937169.0191596,927.6622198292324
1772937169.0191681,-840.1161633547775
1772937169.0191765,-2269.8324743655576
1772937169.0191853,-1399.25788368759
1772937169.0191934,501.0783689903217
1772937169.0192015,785.1632802697998
1772937169.01921,-880.031587383237
1772937169.0192213,-2129.292555295663
1772937169.0192344,-1243.2394920100012
1772937169.019248,499.54643714754286
1772937169.019258,674.6697101032585
1772937169.0192704,-908.3974230668089
1772937169.019284,-2005.5591471501673
1772937169.019298,-1105.3051521564475
1772937169.0193117,501.2272463091218
1772937169.0193248,578.6393769252938
1772937169.019334,-935.7248223830045
1772937169.0193422,-1898.3397971697357
1772937169.0193505,-980.6732639178925
1772937169.019359,509.28613854647557
1772937169.0193675,499.55798006023093
1772937169.0193758,-956.4584385480483
1772937169.0193841,-1799.9622242666426
1772937169.0193925,-865.2223982322763
1772937169.019401,520.8329765333608
1772937169.0194092,430.40964591002626
1772937169.0194175,-976.2857841070708
1772937169.019426,-1712.8703352135992
1772937169.0194345,-760.3470287704558
1772937169.0194428,533.9138434112734
1772937169.019451,370.5363337452997
1772937169.0194595,-992.0139861857724
1772937169.0194676,-1630.9697257013318
1772937169.019476,-661.1659579393163
1772937169.0194843,549.4431004543308
1772937169.0194924,318.3099894629743
1772937169.0195007,-1004.552232447671
1772937169.019509,-1553.571706020005
1772937169.0195172,-567.6326980184266
1772937169.0195255,564.7496071994948
1772937169.0195339,269.2563921836084
1772937169.0195422,-1017.2979976563594
1772937169.0195506,-1481.2801422941166
1772937169.019559,-478.2207597355081
1772937169.019568,582.0975675642991
1772937169.0195763,225.98426719830687
1772937169.019585,-1027.1657850969207
1772937169.019593,-1411.3076970346178
1772937169.0196016,-391.8979602437277
1772937169.01961,600.5320212506653
1772937169.0196183,187.41914996204352
1772937169.0196264,-1033.1686268583392
1772937169.019638,-1340.6398579492352
1772937169.0196512,-306.017515664709
1772937169.0196652,620.075801953892
1772937169.0196767,151.02269204539272
1772937169.0196853,-1038.5688980374605
1772937169.0196936,-1271.8226179014853
1772937169.019702,-222.28649860137796
1772937169.0197103,639.7235313354907
1772937169.019719,116.9543629918606
1772937169.0197272,-1041.996123126252
1772937169.0197356,-1203.9872457420697
1772937169.0197437,-142.75728116394825
1772937169.019752,654.3716716188769
1772937169.0197604,80.23151493394329
1772937169.0197687,-1045.0705333428782
1772937169.0197773,-1136.046373091341
1772937169.0197856,-67.12279276351212
1772937169.019794,663.1221950307188
1772937169.0198023,43.98608015092998
1772937169.0198107,-1036.8251373060411
1772937169.0198188,-1056.7982930055848
1772937169.0198271,0.616322828772245
1772937169.0198357,645.6350531673472
1772937169.0198457,2.069143598509487
1772937169.019859,-972.0696662378316
1772937169.0198731,-901.4063801988989
1772937169.0198915,-26.42612513629161
1772937169.019906,79.4802766279789
1772937169.4984035,-608.0357381102156
1772937169.4984388,-1679.1898416363883
1772937169.49847,-1633.9595516194295
1772937169.4984927,-527.7921877196662
1772937169.4985151,93.258904536477
1772937169.4985383,-636.9496028141957
1772937169.498561,-1686.697446846876
1772937169.4985836,-1573.3069681832735
1772937169.498606,-446.45740151248873
1772937169.4986286,118.45060180160826
1772937169.4986515,-668.1744834497977
1772937169.49867,-1697.1851520231025
1772937169.4986777,-1514.4445772275121
1772937169.498686,-365.29356070910757
1772937169.4986937,143.85604071816087
1772937169.4987018,-699.6634230974704
1772937169.4987092,-1707.4675499715602
1772937169.498717,-1453.5377337003695
1772937169.4987252,-280.8198007020657
1772937169.4987328,171.4940230023358
1772937169.4987407,-731.3563502951837
1772937169.4987483,-1719.2456735183898
1772937169.498757,-1393.7280671970332
1772937169.4987648,-197.39714029963687
1772937169.498773,196.56099164210434
1772937169.4987812,-766.5773421280943
1772937169.498789,-1732.0810322819743
1772937169.4987974,-1330.083527511952
1772937169.4988053,-107.57082828993181
1772937169.498813,225.3832272655358
1772937169.498821,-803.099744171991
1772937169.498829,-1748.5921240697428
1772937169.4988418,-1268.8527057764702
1772937169.4988527,-19.083107606422388
1772937169.4988632,251.28939358673796
1772937169.4988737,-843.7302228614709
1772937169.4988844,-1765.760668006109
1772937169.4988954,-1201.827747716315
1772937169.4989057,77.71025772051769
1772937169.4989164,280.55601721526966
1772937169.4989283,-888.1717046094443
1772937169.4989414,-1788.2500933235954
1772937169.4989543,-1135.5053971869522
1772937169.4989653,177.19979502114916
1772937169.498973,309.8097370600205
1772937169.4989808,-936.9543353287098
1772937169.4989884,-1813.6276619404096
1772937169.4989963,-1065.7234022879331
1772937169.499004,282.4790945405238
1772937169.4990115,338.71116739590514
1772937169.4990194,-993.1962708147656
1772937169.4990273,-1844.3057393260242
1772937169.499035,-991.384986721528
1772937169.4990425,397.18089657878295
1772937169.4990501,369.75648595231786
1772937169.499058,-1057.791909106259
1772937169.4990656,-1883.1488284000568
1772937169.4990735,-914.3543284322365
1772937169.4990814,521.5317392248488
1772937169.4990892,404.2021391392627
1772937169.499097,-1129.0199389752167
1772937169.4991047,-1926.9474711958753
1772937169.4991128,-829.8347346466103
1772937169.4991207,658.8147028752953
1772937169.499129,439.95680454208804
1772937169.4991367,-1213.8478814308062
1772937169.4991443,-1981.8713231925976
1772937169.4991522,-738.2826728263242
1772937169.4991596,812.4811825418058
1772937169.4991674,477.8624452277999
1772937169.499175,-1317.085957681203
1772937169.4991827,-2053.9952092346252
1772937169.4991903,-641.0524500304849
1772937169.4991982,985.3819853266364
1772937169.499206,518.8592583347854
1772937169.4992137,-1442.1946858228011
1772937169.499221,-2145.377393800357
1772937169.49923,-532.2722890752405
1772937169.4992373,1188.3523834265904
1772937169.4992452,568.5403761900519
1772937169.4992528,-1592.624369405324
1772937169.4992604,-2259.357211928553
1772937169.499268,-404.91077183681193
1772937169.499276,1434.0843973325836
1772937169.4992836,628.6808166984176
1772937169.4992912,-1784.1665509627635
1772937169.499299,-2413.9645532080226
1772937169.4993067,-259.42528403232944
1772937169.4993143,1736.841492669632
1772937169.499322,704.051262513105
1772937169.4993296,-2033.8659546123697
1772937169.4993372,-2626.709722719375
1772937169.499345,-83.97364842316718
1772937169.4993527,2131.296942178282
1772937169.4993603,808.5069134008074
1772937169.499368,-2373.56198029157
1772937169.4993756,-2938.736741473358
1772937169.4993832,129.51873227383896
1772937169.499391,2671.9873272871196
1772937169.4993987,966.4855303802647
1772937169.499406,-2860.87389045687
1772937169.499414,-3425.9907402487415
1772937169.4994216,405.5313943208505
1772937169.4994292,3487.7104990885578
1772937169.4994369,1248.397263765725
1772937169.4994445,-3619.71316634533
1772937169.499452,-4284.7348562669995
1772937169.4994597,772.4711160220936
1772937169.4994674,4897.47498749177
1772937169.499475,1867.8286724390923
1772937169.4994829,-4989.542151436103
1772937169.4994903,-6166.901649808854
1772937169.499498,1244.1196197047775
1772937169.4995203,8108.82030615004
1772937169.4995284,3947.4508968706577
1772937169.4995363,-8400.212830808483
1772937169.499544,-13274.862343672781
1772937169.4995513,644.6729986945306
1772937169.499559,26128.53473426708
1772937169.4995663,43386.670608605855
1772937169.979181,23.62573624645498
1772937169.9792233,31.13676147868467
1772937169.979251,42.98039010244565
1772937169.9792776,49.79871506517063
1772937169.9793046,49.36524185545047
1772937169.9793315,49.445798862278465
1772937169.9793885,56.82523984582373
1772937169.9794154,67.93074887704063
1772937169.979442,74.0759702582601
1772937169.9794688,73.79613631121424
1772937169.9794905,74.88080484312283
1772937169.9794986,83.2916142344258
1772937169.9795067,94.62842105423529
1772937169.9795148,100.21369411667217
1772937169.9795227,99.27353454095679
1772937169.9795303,100.07449964011762
1772937169.9795384,108.37905596557712
1772937169.9795463,119.42556900015613
1772937169.979554,124.69868196486809
1772937169.9795616,123.93983589250017
1772937169.9795694,125.45806422890973
1772937169.979577,134.30535040070376
1772937169.9795852,145.05871490530492
1772937169.979593,149.50522850662762
1772937169.979601,148.41853510286592
1772937169.9796088,150.6523950243132
1772937169.9796162,160.60251565208387
1772937169.9796236,171.704827930481
1772937169.9796317,175.41455118800548
1772937169.9796393,173.29443478868288
1772937169.979647,175.14133153989079
1772937169.9796548,185.4743935692974
1772937169.979663,197.1850775686235
1772937169.9796708,201.37201499679236
1772937169.9796786,199.7340256649714
1772937169.979686,202.13569580864063
1772937169.979694,212.66040422348698
1772937169.9797015,223.7484057936435
1772937169.9797096,226.8277286470402
1772937169.9797173,224.59890101357522
1772937169.979725,227.52468732632053
1772937169.9797328,239.14385060475934
1772937169.9797404,250.78038644677227
1772937169.979748,253.37009151322187
1772937169.9797564,250.1022656244282
1772937169.979764,252.11378324145605
1772937169.9797716,263.04204619946483
1772937169.9797792,274.0077653463598
1772937169.9797869,276.18465350667753
1772937169.9797945,273.3871219378022
1772937169.979802,276.83447126931986
1772937169.9798098,289.2225830742475
1772937169.9798172,300.5476937768825
1772937169.9798248,301.9065365804094
1772937169.9798324,298.10727886855244
1772937169.97984,301.1745980191269
1772937169.9798477,313.5229244933529
1772937169.9798553,324.41572713353645
1772937169.9798627,325.0092327730776
1772937169.9798703,321.02608771891323
1772937169.979878,324.9833865386091
1772937169.9798856,338.5178458883937
1772937169.9798932,349.701775182398
1772937169.9799008,349.581796714097
1772937169.9799087,344.95088839206784
1772937169.9799166,349.10066656651793
1772937169.9799244,363.12468520487135
1772937169.979932,374.1298492037688
1772937169.9799397,373.3563668938724
1772937169.9799473,368.88971969795716
1772937169.979955,374.5931674193724
1772937169.9799628,390.3134811368222
1772937169.9799705,401.46184524662505
1772937169.979978,399.36350213404916
1772937169.9799857,394.02123518973974
1772937169.979993,400.60575509775975
1772937169.9800007,417.8500144996279
1772937169.9800084,428.97601437705043
1772937169.980016,424.93429116128726
1772937169.980024,417.77520445117307
1772937169.9800315,424.54284120965065
1772937169.9800394,443.2729119813968
1772937169.9800475,454.9784034463727
1772937169.980055,450.0028923512505
1772937169.980063,442.24961570606894
1772937169.9800708,450.37675770806874
1772937169.9800785,471.26440153981844
1772937169.980086,483.37294607486984
1772937169.9800937,476.71435894347223
1772937169.9801013,467.81843353519906
1772937169.980109,477.33878285966654
1772937169.9801166,500.37769443869814
1772937169.9801242,511.8899695749192
1772937169.9801319,501.6248509073269
1772937169.9801395,490.08964958417585
1772937169.9801471,501.0993357923441
1772937169.9801548,527.4642202283519
1772937169.9801629,539.001978775711
1772937169.9801702,524.6016201162444
1772937169.9801776,510.06774210076
1772937169.9801853,523.7046912749047
1772937169.980193,555.0424440015918
1772937169.9802003,566.3122466056715
1772937169.9802082,545.2696574592494
1772937169.980216,526.4003674424533
1772937169.9802237,545.6514534965535
1772937169.9802315,587.0475853196925
1772937169.9802394,598.8633497936293
1772937169.980247,565.4593431531449
1772937169.9802547,537.0784322902412
1772937169.980262,566.3940464475443
1772937169.98027,629.0061031542136
1772937169.9802773,642.7469678851288
1772937169.980285,578.7307743784169
1772937169.9802928,521.9549789516955
1772937169.9803002,578.8741930986117
1772937169.9803076,719.9110275490794
1772937169.9803157,753.9023472751677
1772937169.9803233,501.33529493666316
1772937169.9803307,-3.0453012391010197
1772937170.458996,24.232159684584158
1772937170.4590473,32.86272313687486
1772937170.4590788,45.00615224187609
1772937170.4591105,51.61112595714942
1772937170.45914,51.10651227751872
1772937170.4591768,51.534904758421355
1772937170.4592032,59.297510428210884
1772937170.4592297,70.22890816325902
1772937170.459257,75.53532802090679
1772937170.4592834,74.31166429758221
1772937170.459301,75.03636502553478
1772937170.4593117,83.80917286137485
1772937170.4593248,95.73198603560462
1772937170.459338,101.57532858655927
1772937170.459348,100.52978800878685
1772937170.459356,101.25430017253765
1772937170.4593682,109.73415313030465
1772937170.4593809,120.92837376933122
1772937170.4593935,125.92261311399658
1772937170.459406,124.5739266061355
1772937170.4594193,125.86053274953571
1772937170.4594297,135.3330429127352
1772937170.459438,147.21435117688196
1772937170.4594464,152.3117003708632
1772937170.4594584,150.78562123287685
1772937170.4594662,151.92665887027152
1772937170.4594743,161.1967101016883
1772937170.4594822,172.62745619814092
1772937170.4594903,177.20539192243348
1772937170.4594982,175.48265700566537
1772937170.459506,176.72273985752543
1772937170.459514,185.8101641947973
1772937170.4595218,196.38975341058244
1772937170.4595294,199.95457028193286
1772937170.459537,198.0690712000798
1772937170.459545,200.34968108033442
1772937170.4595523,210.8604574613641
1772937170.4595604,222.104432204887
1772937170.4595685,225.3263171133966
1772937170.4595764,222.83411259544962
1772937170.4595845,224.9212081222852
1772937170.459592,235.47939257030137
1772937170.4596,246.4699773053428
1772937170.4596078,249.20545514565566
1772937170.4596157,246.7151285032704
1772937170.4596236,249.66708021290432
1772937170.4596317,261.3247596582248
1772937170.45964,272.67732380737584
1772937170.459648,274.8766907643419
1772937170.4596555,271.73171166353757
1772937170.4596634,274.59152132682783
1772937170.4596713,286.5331582680204
1772937170.4596791,298.0030192467105
1772937170.4596868,300.2074816298596
1772937170.4596946,297.51577976132523
1772937170.4597025,301.26181209946844
1772937170.45971,313.5037336397928
1772937170.459718,323.79729123869106
1772937170.4597259,323.9496873641828
1772937170.4597335,320.0672345792047
1772937170.459741,324.44476073078397
1772937170.459749,338.1900036569791
1772937170.4597569,349.1734494486091
1772937170.4597645,348.8567819896017
1772937170.4597723,344.65309096188554
1772937170.4597802,349.9481047490237
1772937170.459788,365.1370642164818
1772937170.459796,376.40288869979145
1772937170.4598036,374.7333357812981
1772937170.4598112,368.9420958149809
1772937170.459819,373.95226912062566
1772937170.4598267,390.018332304403
1772937170.4598343,401.9847340267232
1772937170.459842,400.2803682026279
1772937170.4598498,394.57888141768206
1772937170.4598577,400.4989905335057
1772937170.459865,417.3900963567323
1772937170.459873,428.5944877994923
1772937170.4598808,424.6939875940079
1772937170.4598887,417.4305794970332
1772937170.4598968,423.95266871029804
1772937170.459905,442.5733723411155
1772937170.4599123,454.32320746601096
1772937170.45992,449.28556815679127
1772937170.4599278,441.22404620350954
1772937170.4599354,449.00696881090187
1772937170.4599433,469.776616693432
1772937170.4599512,481.86359055308486
1772937170.4599588,474.801337242443
1772937170.459967,464.85340672897456
1772937170.4599743,473.03359467984495
1772937170.4599822,495.1606243589625
1772937170.45999,506.5854155221388
1772937170.4599977,496.81117222634265
1772937170.4600053,485.8072397752796
1772937170.4600134,497.10966857164567
1772937170.4600213,523.6383842279606
1772937170.4600291,535.4007707487895
1772937170.4600368,521.3130086858988
1772937170.4600449,507.1553836294151
1772937170.4600527,521.3375443877248
1772937170.4600604,553.4995867495749
1772937170.4600685,565.6872892209574
1772937170.460076,545.1824321382188
1772937170.4600837,526.1486302032007
1772937170.4600916,544.7395976192875
1772937170.4600997,585.524460187379
1772937170.4601073,597.0866830790218
1772937170.4601152,563.5986052558558
1772937170.4601228,534.9882895278729
1772937170.4601305,563.998615753704
1772937170.4601383,626.646384998374
1772937170.460146,640.9621562983424
1772937170.4601536,577.6787749804882
1772937170.4601614,521.2000604444016
1772937170.4601693,577.886649212408
1772937170.4601767,718.7708875553137
1772937170.4601846,753.4103821855216
1772937170.4601927,502.3638434041335
1772937170.4602003,-0.32073248050033726
1772937170.9417543,25.030513723874364
1772937170.9417968,24.402331895814715
1772937170.9418254,24.45220383309403
1772937170.9418633,32.08121526385286
1772937170.9418972,43.737947371743985
1772937170.941924,50.33918204363275
1772937170.9419503,49.90711621264791
1772937170.941977,50.26642124762711
1772937170.9420035,58.026135048324896
1772937170.9420307,69.27451895104049
1772937170.942063,75.03709618458657
1772937170.9420817,73.87669534136056
1772937170.9420907,73.98851104873285
1772937170.9420996,81.83250659096176
1772937170.942109,93.19451599368372
1772937170.9421182,99.16171714841015
1772937170.9421268,98.60169453453535
1772937170.942135,99.64776294566568
1772937170.9421432,108.16328598730037
1772937170.942152,119.45618821881358
1772937170.9421608,124.91692137824869
1772937170.942169,124.20730465962784
1772937170.9421775,125.76451383374861
1772937170.942186,134.84932813583322
1772937170.9421935,146.0160881464451
1772937170.9422019,150.75200702950377
1772937170.94221,149.60104321737185
1772937170.942218,151.5674404149271
1772937170.9422262,161.41370205473197
1772937170.9422345,172.69369994228498
1772937170.942243,176.56164178119784
1772937170.9422507,174.22186242256186
1772937170.9422588,175.49164505790662
1772937170.9422674,185.243521625683
1772937170.9422758,196.61030971077395
1772937170.9422836,200.57915302092047
1772937170.9422925,198.6448629894999
1772937170.9423013,200.7262904970876
1772937170.942309,211.12894499202312
1772937170.9423168,222.26760299690665
1772937170.942325,225.1836835433866
1772937170.9423332,222.267077406002
1772937170.942341,224.19495642651194
1772937170.9423492,235.07333515402826
1772937170.942361,246.5156916956256
1772937170.9423735,249.18299961975515
1772937170.9423862,245.86445902312624
1772937170.9423983,247.74848877533105
1772937170.9424467,258.8912833773208
1772937170.9424546,270.5388330213417
1772937170.9424622,273.3695340159092
1772937170.9424698,270.61780831237417
1772937170.9424777,273.61451428612423
1772937170.9424856,285.845640053586
1772937170.9424937,297.88909954891983
1772937170.9425023,300.49993303654276
1772937170.94251,297.57178620079674
1772937170.9425185,300.6622492870865
1772937170.942526,312.6450828737772
1772937170.942536,323.5728921718334
1772937170.9425488,324.81389230852824
1772937170.9425614,321.5771114562778
1772937170.9425728,325.82132804796936
1772937170.9425807,339.18550800223653
1772937170.9425924,350.161659673455
1772937170.9426048,350.07681222915613
1772937170.9426172,345.6532987848119
1772937170.94263,350.04030744662293
1772937170.9426425,364.34050633234216
1772937170.9426544,375.63034288945846
1772937170.9426663,374.83861710217735
1772937170.9426785,369.6844372803967
1772937170.9426875,374.13751283332516
1772937170.9426951,388.73412068339496
1772937170.9427028,399.5583415264811
1772937170.9427106,397.9090869568229
1772937170.9427185,393.11462267109056
1772937170.942726,399.77201781807946
1772937170.942734,416.7142964328935
1772937170.942742,427.6953829824701
1772937170.9427495,423.9328704094994
1772937170.9427574,417.1865956641992
1772937170.9427655,424.04717892765115
1772937170.942773,442.44938372304455
1772937170.9427807,453.67386942265694
1772937170.9427884,448.30674236019127
1772937170.942796,440.2380735722538
1772937170.9428039,448.0379145042263
1772937170.9428115,468.66472783325776
1772937170.942819,480.73746264598475
1772937170.9428267,474.2209732609543
1772937170.9428344,465.3439084055518
1772937170.942842,474.5075775871219
1772937170.9428496,496.89532058279076
1772937170.9428575,507.7950097646729
1772937170.942865,497.2163096466856
1772937170.9428728,485.6770283767997
1772937170.9428802,496.8622441019766
1772937170.9428875,523.4828923161244
1772937170.9428952,535.3100268854138
1772937170.942903,521.1883989160043
1772937170.9429107,506.9127380787585
1772937170.9429183,520.860493810325
1772937170.942926,552.6113613626728
1772937170.9429352,564.2388054245445
1772937170.9429429,543.1808727025514
1772937170.9429505,523.8024722793754
1772937170.9429584,542.3930065733676
1772937170.942966,583.5357185082097
1772937170.9429736,595.6986079693294
1772937170.9429815,562.8336835535872
1772937170.942989,534.6283538509991
1772937170.9429967,563.7015326031207
1772937170.9430044,626.1508817241928
1772937170.943012,640.232997496774
1772937170.9430199,576.8860962278004
1772937170.9430273,520.5778207643237
1772937170.943035,577.5983825998302
1772937170.9430425,718.8468809740257
1772937170.9430504,753.7350929821093
1772937170.943058,502.7147435797955
1772937171.4199092,26.511527033929816
1772937171.4199524,26.86443683379861
1772937171.4199803,34.214750848952946
1772937171.420009,45.1467927983196
1772937171.4200404,51.058627647185745
1772937171.4200726,50.34100721816695
1772937171.4201007,50.71612118035922
1772937171.4201293,58.376333013955566
1772937171.420158,69.20983278941468
1772937171.4201865,74.58820023768789
1772937171.4202154,73.69648387995416
1772937171.420229,74.97998056858042
1772937171.4202378,84.39023454414959
1772937171.4202461,96.74210963388708
1772937171.420258,102.4408526471645
1772937171.4202724,100.5016189632147
1772937171.4202864,99.88879581198599
1772937171.420298,107.3041769304636
1772937171.4203064,118.31604752170148
1772937171.420315,123.98744214805215
1772937171.4203234,123.53460479227229
1772937171.4203317,125.24331405561439
1772937171.4203403,134.47101759608276
1772937171.4203486,145.75913152595137
1772937171.4203568,150.308205472895
1772937171.4203656,148.39884856724024
1772937171.420374,149.24096953437697
1772937171.4203832,158.2973067438495
1772937171.4203925,169.7625930640709
1772937171.420401,174.74262723291005
1772937171.4204142,173.66639985954833
1772937171.4204223,175.49789764650777
1772937171.420431,184.88970817430788
1772937171.4204395,195.46887714450108
1772937171.420448,198.86007657301198
1772937171.4204564,196.76367983504656
1772937171.4204648,198.868625767175
1772937171.4204748,209.26663250847378
1772937171.4204888,220.47499633810193
1772937171.420503,223.7600694212328
1772937171.420513,221.47885556939076
1772937171.4205215,223.980169400154
1772937171.4205303,235.1149257940245
1772937171.4205394,246.6112017790006
1772937171.420548,249.4410737499119
1772937171.4205563,246.46890141192046
1772937171.4205654,248.594257024386
1772937171.4205737,259.5858394775077
1772937171.4205816,270.80564027804
1772937171.4205904,273.34990057241674
1772937171.420599,270.65127746622824
1772937171.420607,273.72872374672653
1772937171.4206157,285.6027890355625
1772937171.4206235,296.85390619285823
1772937171.420632,298.8260366914443
1772937171.4206405,295.9855395381028
1772937171.4206488,299.7738400152284
1772937171.4206572,312.3065638345164
1772937171.420666,322.9937480781265
1772937171.4206743,323.32074710944715
1772937171.4206827,319.2107102135571
1772937171.4206908,323.1917786349099
1772937171.4206996,336.85647234118187
1772937171.4207077,348.29263107870906
1772937171.4207163,348.6197554435857
1772937171.4207249,344.6706898977327
1772937171.420733,349.6128872811813
1772937171.4207416,364.16682294266826
1772937171.42075,374.94376889381573
1772937171.4207585,372.9592405216534
1772937171.4207664,366.7118113034535
1772937171.4207747,370.9840599843912
1772937171.4207833,386.34776063413676
1772937171.4207916,398.0862316242731
1772937171.4208002,396.66150156570706
1772937171.4208105,391.34499133679924
1772937171.420824,397.4364972629995
1772937171.420838,414.4548040102795
1772937171.4208477,426.1671436314222
1772937171.420856,423.25318010467174
1772937171.420864,417.02244112631143
1772937171.4208727,424.08215812534536
1772937171.4208808,442.61585154023516
1772937171.4208891,453.9510567107077
1772937171.4208975,448.47139689379895
1772937171.4209056,439.9688601342011
1772937171.420914,447.24934131775524
1772937171.4209232,467.5971429750251
1772937171.4209318,479.6246830591529
1772937171.42094,472.9243223539089
1772937171.4209485,463.44491995400887
1772937171.4209564,471.8229194778871
1772937171.4209645,493.8404504783987
1772937171.4209726,505.13889474059795
1772937171.420981,495.4315690139185
1772937171.4209893,484.5438823263282
1772937171.4209974,495.7171350709527
1772937171.4210055,521.8278907227482
1772937171.421014,533.169198317197
1772937171.4210222,518.9330351449279
1772937171.4210303,504.84716767996053
1772937171.4210384,519.0312598706216
1772937171.4210465,550.9604369626618
1772937171.4210546,562.8258237293642
1772937171.4210644,542.1892870955568
1772937171.4210784,523.3528581013082
1772937171.4210916,542.4030041427812
1772937171.421104,583.7671256876164
1772937171.4211125,595.9041494358855
1772937171.421121,562.8531050050211
1772937171.4211292,534.4076981913894
1772937171.4211433,563.2972589704138
1772937171.4211507,625.7102278369088
1772937171.4211583,639.865809962949
1772937171.421166,576.4505032409668
1772937171.4211738,519.6047168162945
1772937171.4211817,575.5735514780861
1772937171.4211893,715.737024463856
1772937171.4211972,750.2902103374216
1772937171.4212048,500.1475117770805
1772937171.9013848,22.95417254601147
1772937171.9014344,23.65398469979086
1772937171.9014573,31.397310311957032
1772937171.9014804,42.68617955368506
1772937171.9015012,48.97053768969004
1772937171.9015286,48.78810116213813
1772937171.9015543,49.944582659305134
1772937171.901574,58.52045356230629
1772937171.9015937,70.10441681461866
1772937171.9016037,75.71245970320987
1772937171.9016128,74.29715428380548
1772937171.901621,74.36278700971518
1772937171.9016352,82.28948607752838
1772937171.901644,93.55356062362834
1772937171.9016523,99.07674971280237
1772937171.901661,97.862806235865
1772937171.9016697,98.31697998949214
1772937171.9016788,106.47370594237853
1772937171.9016871,117.64350668334261
1772937171.901696,123.1291028471464
1772937171.9017043,122.48684711106814
1772937171.9017174,124.05636201512486
1772937171.9017313,133.04961855266987
1772937171.9017448,144.06932631839211
1772937171.9017537,148.70857755249494
1772937171.901762,147.54207029698324
1772937171.9017704,149.46308551645794
1772937171.9017787,159.10459309294097
1772937171.9017873,170.06513137753618
1772937171.901796,173.7308567839772
1772937171.9018044,171.50656038788398
1772937171.9018128,173.16869224040025
1772937171.9018211,183.34885625132767
1772937171.9018295,194.9727364249576
1772937171.9018378,199.01483347224996
1772937171.9018462,197.1132763354591
1772937171.9018545,199.37614483647081
1772937171.9018629,210.29135342431354
1772937171.9018712,222.38240930978967
1772937171.9018795,226.55924811986583
1772937171.901888,224.75222416173358
1772937171.9018962,227.12804154258302
1772937171.9019043,237.7711427368565
1772937171.9019127,248.9720404930963
1772937171.9019213,252.21424629335817
1772937171.9019299,250.35824337769043
1772937171.901938,253.66594424415268
1772937171.9019463,265.1002335396247
1772937171.9019547,275.7526138317159
1772937171.901963,277.2250829465506
1772937171.901971,273.7137482334837
1772937171.9019797,276.50477283223904
1772937171.9019878,288.21914401335823
1772937171.901996,298.956612404296
1772937171.9020042,300.14047972863574
1772937171.9020126,296.8150006529419
1772937171.9020207,300.8236915308466
1772937171.9020293,314.0459202070269
1772937171.9020374,325.319700572363
1772937171.902046,325.90253099451235
1772937171.9020543,322.0480948922824
1772937171.902063,326.6591408537718
1772937171.9020712,341.1370918785695
1772937171.902079,352.86664174343264
1772937171.9020877,352.4518577090799
1772937171.902096,346.98498154639447
1772937171.9021044,350.5191877854237
1772937171.9021127,364.57554479397965
1772937171.9021215,375.91116694298006
1772937171.90213,375.0657648759675
1772937171.9021385,369.9083125593707
1772937171.9021468,374.8581173235081
1772937171.902155,390.4813329406083
1772937171.9021633,402.2496820162005
1772937171.9021714,400.80291852626056
1772937171.9021797,395.46883211577233
1772937171.9021895,401.4903059498654
1772937171.902203,418.3034416994943
1772937171.9022176,429.65025022451476
1772937171.9022453,426.24244025646055
1772937171.9022536,419.41740923018773
1772937171.9022615,425.8061216182028
1772937171.9022698,443.7226709942564
1772937171.902278,454.79693747897704
1772937171.9022863,449.70640126905016
1772937171.9022944,442.18570762960167
1772937171.9023027,450.51407921553925
1772937171.9023108,471.341827983912
1772937171.902319,483.1029782139914
1772937171.9023273,475.8327335320565
1772937171.9023354,466.08483743131427
1772937171.9023435,474.65655105915937
1772937171.9023516,496.96493038479406
1772937171.9023628,508.2675699262791
1772937171.902378,498.33698904425347
1772937171.9023964,487.359496654797
1772937171.9024055,498.71028173836663
1772937171.902414,524.9683438369011
1772937171.9024227,536.1038457629645
1772937171.902431,521.4490415111871
1772937171.9024396,507.2313581413967
1772937171.902448,521.8031747263756
1772937171.9024565,554.2297735583883
1772937171.902465,566.043395577387
1772937171.9024737,544.6450276193772
1772937171.9024825,524.8971392851972
1772937171.9024909,543.5860572837294
1772937171.9024994,585.2476345935406
1772937171.902508,597.7895300923517
1772937171.9025166,564.6632649983887
1772937171.9025252,535.6251702351361
1772937171.9025335,563.867207357164
1772937171.902542,626.0237825947594
1772937171.9025505,640.3833546886323
1772937171.9025588,577.4260144443529
1772937171.9025705,521.098324943775
1772937171.9025824,577.551098494747
1772937171.9025967,718.047139360605
1772937171.9026096,752.5943202249645
1772937171.9026237,502.0048558163874
1772937171.998663,534.9498685670968
1772937171.9986932,520.6891818058538
1772937171.9987044,506.5154635545877
1772937171.9987142,520.6692838146369
1772937171.9987235,552.6491783866321
1772937171.9987319,564.5965306101924
1772937171.9987404,543.9534967763886
1772937171.9987493,524.8717773692674
1772937171.9987574,543.4317840328705
1772937171.9987657,584.3472670219222
1772937171.9987736,596.4726107378124
1772937171.9987817,563.8911736413407
1772937171.9987895,535.8931182197884
1772937171.998798,564.6216608558226
1772937171.998806,626.3241071031931
1772937171.998814,640.0206379583315
1772937171.9988275,577.1153855932399
1772937171.998838,521.4793095355064
1772937171.9988492,578.2311097330463
1772937171.9988604,717.9413169154016
1772937171.9988718,751.267640775136
1772937171.9988875,500.4551157690244
1772937172.4865336,-44243.314969807296
1772937172.4865656,-22730.138498040767
1772937172.4865885,2081.4605916407704
1772937172.4866111,11873.948339714812
1772937172.4866395,5071.407352550943
1772937172.4866664,-4952.742494808281
1772937172.486692,-6183.181164615983
1772937172.4867113,345.42453281887293
1772937172.4867308,5057.121034637422
1772937172.4867449,2673.930007884599
1772937172.4867532,-2501.1260189336285
1772937172.486762,-3543.694506814301
1772937172.4867709,198.81251699774077
1772937172.4867792,3286.5834734303885
1772937172.4867876,1873.5477312928078
1772937172.486796,-1650.6932958658106
1772937172.4868045,-2478.61398802979
1772937172.4868128,175.06705724168987
1772937172.486821,2498.2254691005332
1772937172.4868295,1487.3236036329483
1772937172.486838,-1221.7422735377893
1772937172.4868486,-1908.3619521094727
1772937172.4868622,178.0346260945017
1772937172.4868777,2069.261909865844
1772937172.4868956,1276.0138843188206
1772937172.486904,-954.4724510565546
1772937172.486912,-1547.3170470666164
1772937172.4869208,195.33923822206964
1772937172.4869292,1811.086061320294
1772937172.4869373,1147.4775468328442
1772937172.4869456,-777.6227587518175
1772937172.4869535,-1305.8482726078555
1772937172.486962,214.13889647150575
1772937172.4869702,1647.023189101601
1772937172.4869783,1068.884991974764
1772937172.4869866,-650.3876504666935
1772937172.4869947,-1133.9081614203067
1772937172.487003,234.5297525014388
1772937172.4870112,1541.8917266835238
1772937172.4870195,1022.728196519341
1772937172.487028,-553.7332019597319
1772937172.4870362,-1005.4883193963359
1772937172.4870443,258.4679064061984
1772937172.487053,1478.6692766754147
1772937172.4870615,999.2046556502949
1772937172.4870698,-480.1992500940338
1772937172.4870784,-910.8367049546875
1772937172.4870868,282.4235223569649
1772937172.487095,1444.6694732288347
1772937172.4871035,991.7464336770475
1772937172.4871118,-425.00470545040446
1772937172.48712,-843.4004454231485
1772937172.4871285,305.09663424184464
1772937172.4871368,1433.3208124124203
1772937172.487145,998.105635776472
1772937172.4871533,-382.4783667310295
1772937172.4871616,-795.232833579333
1772937172.48717,330.35250252508314
1772937172.487178,1444.546802356968
1772937172.4871867,1018.1827327014947
1772937172.487195,-351.7754823062581
1772937172.4872031,-767.4471167950015
1772937172.4872117,353.3223188330683
1772937172.48722,1472.0324036835757
1772937172.4872289,1047.8971562951801
1772937172.4872372,-333.56747923261594
1772937172.4872456,-758.6026653855284
1772937172.4872544,376.29827081647375
1772937172.4872627,1518.3909436804317
1772937172.4872708,1089.2130748689501
1772937172.4872792,-327.59717031113826
1772937172.4872873,-769.225769938058
1772937172.4872954,400.69567593835995
1772937172.4873035,1587.8248517279678
1772937172.4873118,1145.8784411029217
1772937172.48732,-334.3149050622235
1772937172.4873283,-802.8834953384805
1772937172.4873369,424.80299612574197
1772937172.4873452,1682.2393007677913
1772937172.4873533,1218.640344493936
1772937172.4873617,-358.85553360154057
1772937172.48737,-867.0550561993936
1772937172.4873781,447.6187005849497
1772937172.4873872,1808.9572213402655
1772937172.4873955,1313.510971182317
1772937172.487404,-405.4208347792467
1772937172.487412,-970.4225379707477
1772937172.4874203,470.646075895388
1772937172.487429,1982.0117645909336
1772937172.4874372,1439.5867126947064
1772937172.4874454,-485.4825866825121
1772937172.4874537,-1133.9408925892626
1772937172.487462,491.61359518028763
1772937172.487475,2224.471344266806
1772937172.487488,1614.6167230797414
1772937172.4875004,-616.9823484887144
1772937172.4875088,-1393.7389132882697
1772937172.487517,508.0281159318989
1772937172.4875257,2582.102058741867
1772937172.487534,1875.0542911847142
1772937172.4875424,-834.2244211858213
1772937172.4875507,-1822.462618287005
1772937172.4875593,516.8397331634227
1772937172.4875674,3157.3475810347704
1772937172.4875758,2303.802903306051
1772937172.487584,-1222.2193150110102
1772937172.4875925,-2607.7459356780223
1772937172.4876008,499.8502548422688
1772937172.487609,4223.699158855902
1772937172.4876173,3145.904474030942
1772937172.4876256,-2029.909375246735
1772937172.487634,-4370.277530923215
1772937172.4876423,371.80199994009945
1772937172.4876509,6866.012049954178
1772937172.487659,5569.206020507007
1772937172.487667,-4457.128440604644
1772937172.4876783,-11162.679801582277
1772937172.4876924,-1286.7719086713505
1772937172.487706,23409.620518163054
1772937172.4877193,44536.11573555897
1772937172.9660115,-14.560445291957542
1772937172.9660523,-32.29020046603179
1772937172.9660845,44.2464710456521
1772937172.9661107,116.39652167272871
1772937172.966138,91.5917021437982
1772937172.9661646,11.276942743396562
1772937172.9661913,-6.371535615577901
1772937172.9662178,70.08847792141762
1772937172.9662447,141.62697107431717
1772937172.9662712,115.55233024239904
1772937172.9662983,34.08774924245087
1772937172.9663253,16.614642459245427
1772937172.9663334,94.63049470373335
1772937172.9663439,167.45507163393293
1772937172.966352,140.85599338313577
1772937172.9663608,57.78569242183407
1772937172.9663684,39.95647277237731
1772937172.9663763,119.68011898886957
1772937172.966384,194.16637962844433
1772937172.9663916,166.8165381175941
1772937172.9663992,81.39099379608406
1772937172.966407,62.82835930690811
1772937172.9664152,144.68606450897474
1772937172.9664235,221.39516160267894
1772937172.9664311,193.1634801733439
1772937172.9664392,104.78953428308232
1772937172.966447,85.46643594346688
1772937172.9664545,170.3681833772044
1772937172.9664621,250.21388494764008
1772937172.96647,220.91649574982713
1772937172.9664776,128.4796727955012
1772937172.9664855,107.55516933707422
1772937172.9664931,195.56293369982154
1772937172.9665017,278.79603027678644
1772937172.9665484,247.9765181810046
1772937172.9665587,150.67806691763448
1772937172.966572,128.21326749810058
1772937172.966581,220.4540458636436
1772937172.9665887,307.85109265200265
1772937172.9665964,274.6251558553178
1772937172.9666045,170.62905823951317
1772937172.9666123,145.9448286818857
1772937172.9666202,243.81621474066452
1772937172.966628,337.3947331253093
1772937172.9666357,302.4572573631361
1772937172.966643,191.20200081779512
1772937172.9666514,164.24030873101105
1772937172.9666593,268.9231207704463
1772937172.9666667,369.5593020992271
1772937172.9666748,331.8402488867143
1772937172.9666824,211.22077147009307
1772937172.96669,181.42199620147179
1772937172.9666977,294.5294421754122
1772937172.9667053,403.3634363837702
1772937172.966713,360.98633294894654
1772937172.9667246,227.55920559894153
1772937172.9667363,194.1592349068093
1772937172.9667444,319.26165767775285
1772937172.966752,440.6790034205815
1772937172.9667597,394.2866293880921
1772937172.9667675,245.16443079878798
1772937172.9667754,206.37787452288265
1772937172.966783,345.45746645696545
1772937172.9667916,482.0834182143717
1772937172.9668055,430.3638069341638
1772937172.9668152,261.07811188646997
1772937172.9668229,214.9172409701182
1772937172.9668305,371.0668952263552
1772937172.9668381,526.237493898716
1772937172.966846,466.7217106883256
1772937172.966854,270.8940274017724
1772937172.9668615,215.72988731424365
1772937172.966869,395.95977354190825
1772937172.966877,577.8457299529407
1772937172.9668863,509.81494641048806
1772937172.9668996,278.9710275471094
1772937172.9669125,210.4084091086028
1772937172.9669209,421.0122652167882
1772937172.9669287,637.7916321310671
1772937172.9669373,558.401455009016
1772937172.9669456,280.7843917649971
1772937172.9669535,194.7265843009128
1772937172.966962,447.47091523338935
1772937172.9669704,711.9750960668757
1772937172.9669785,614.7805656825878
1772937172.966987,268.5261969637079
1772937172.9669952,155.45630783787954
1772937172.967003,468.66164109187923
1772937172.9670117,804.9315894186631
1772937172.96702,685.6580032449625
1772937172.9670284,240.98178757471027
1772937172.9670367,88.53412592902879
1772937172.967045,493.1741254761182
1772937172.9670532,939.9942631510327
1772937172.9670615,787.4132641329938
1772937172.9670699,186.52261285349388
1772937172.9670782,-33.72375220211072
1772937172.9670863,514.1939194196245
1772937172.9670947,1143.7022412827478
1772937172.9671028,941.0601877257137
1772937172.9671113,76.53752910055721
1772937172.9671226,-267.0662816056204
1772937172.967134,528.918138671461
1772937172.9671454,1495.6552333784043
1772937172.9671571,1214.9000606292839
1772937172.9671705,-149.71571427581463
1772937172.9671824,-755.3003805482709
1772937172.967196,526.7270827866087
1772937172.967209,2222.5069088174096
1772937172.9672225,1810.3356971374096
1772937172.9672363,-716.6605373248382
1772937172.967245,-2055.7102492349713
1772937172.9672537,416.8041696930575
1772937172.967262,4299.1446893515085
1772937172.9672704,3812.948711858246
1772937172.9672787,-2719.0160965868545
1772937172.9672873,-7995.9780050929
1772937172.9672952,-1183.9901139922604
1772937172.9673035,19710.815680053078
1772937172.9673119,41740.9522614619
1772937173.1060493,448.4392962766086
1772937173.1061034,119.79524691905722
1772937173.106115,-1030.2209872567792
1772937173.1061263,-1350.3056158891347
1772937173.106136,-274.48859953984396
1772937173.1061451,726.5939243785618
1772937173.106155,140.01721771138517
1772937173.106164,-1318.1956089657963
1772937173.1061728,-1524.244840582711
1772937173.1061816,8.305160790525726
1772937173.1061904,1168.8390479714585
1772937173.1061997,108.28566003720451
1772937173.106208,-1873.2974876227524
1772937173.106217,-1810.540684446363
1772937173.1062255,607.576132618636
1772937173.1062343,2013.354692541936
1772937173.106243,-121.86746542082972
1772937173.1062512,-3233.5290624482677
1772937173.1062598,-2386.777158126369
1772937173.1062684,2409.8108011785994
1772937173.1062768,4414.652213032079
1772937173.1062856,-1442.469763558442
1772937173.1062946,-9168.748166299098
1772937173.1063032,-4950.047794160344
1772937173.1063116,16978.836727076025
1772937173.1063204,43091.672722324714
1772937173.1063292,49842.00958491415
1772937173.1063378,27326.656033948086
1772937173.1063461,-7384.071980131406
1772937173.1063547,-23874.432495911053
1772937173.1063633,-7189.129082547271
1772937173.1063716,27495.1359515302
1772937173.10638,49692.604005594
1772937173.6090145,42483.21413531959
1772937173.609074,16453.832081087614
1772937173.609131,-5422.508698355008
1772937173.6092017,-9655.081594574553
1772937173.6092155,-1962.2509592217573
1772937173.6092288,3900.1645322764175
1772937173.6092417,1937.935953690976
1772937173.6092553,-2826.376029436074
1772937173.6092684,-3677.598552026175
1772937173.6092813,-582.4653581474477
1772937173.609294,1560.8410824557118
1772937173.6093073,187.4739663802255
1772937173.60932,-2206.366507166397
1772937173.6093328,-2271.808260400685
1772937173.6093457,-301.83481143919556
1772937173.6093583,766.1594440114412
1772937173.6093717,-367.12096974387225
1772937173.6093855,-1877.3480628532072
1772937173.609399,-1669.5656825576145
1772937173.609413,-217.3519842564229
1772937173.6094296,377.24465497893004
1772937173.6094437,-600.6672060398341
1772937173.609457,-1657.4396947468674
1772937173.6094697,-1334.8229991604292
1772937173.6094828,-188.02761072666524
1772937173.609496,149.91869695839344
1772937173.609509,-712.9528668025308
1772937173.6095214,-1492.5282398822656
1772937173.6095345,-1115.0562583613082
1772937173.6095471,-172.86214939880557
1772937173.6095595,5.586788144637598
1772937173.6095724,-770.3973676870968
1772937173.6095848,-1365.4649546682983
1772937173.6095972,-962.8044491558666
1772937173.6096096,-169.47378735935223
1772937173.6096225,-97.28397429892863
1772937173.6096349,-801.3073139698886
1772937173.6096475,-1260.7747559867928
1772937173.60966,-844.6852704351013
1772937173.6096723,-164.2102968812324
1772937173.6096845,-167.37775315976748
1772937173.609697,-811.7804779827818
1772937173.6097095,-1168.416896896761
1772937173.609722,-747.3770794341378
1772937173.6097348,-157.8817042912487
1772937173.609747,-218.19381402081578
1772937173.609759,-812.3686739170607
1772937173.6097715,-1087.5547949216002
1772937173.6097841,-665.7588993793148
1772937173.6097965,-151.40277932723612
1772937173.609809,-256.69826613245533
1772937173.609821,-808.0940399975702
1772937173.6098342,-1017.1817207315047
1772937173.6098473,-597.0411885267357
1772937173.6098604,-145.3540353257053
1772937173.6098728,-285.3697732403022
1772937173.609885,-797.6825624954095
1772937173.6098976,-950.5326773783937
1772937173.60991,-533.7475545410456
1772937173.6099224,-137.18553923617438
1772937173.6099346,-307.0649938800847
1772937173.6099472,-785.4753099519907
1772937173.6099598,-890.3086305912404
1772937173.6099727,-477.0715023588813
1772937173.6099854,-127.55446430924957
1772937173.6099977,-321.0775314173761
1772937173.61001,-768.0073970459492
1772937173.6100223,-831.3898414234526
1772937173.610034,-423.96166507078476
1772937173.6100457,-118.28685533681332
1772937173.6100576,-333.06989841282274
1772937173.6100702,-751.0595625905875
1772937173.6101043,-776.9729693996238
1772937173.6101155,-375.2636432457799
1772937173.610128,-109.59178731858334
1772937173.6101398,-343.447771798202
1772937173.6101513,-734.7224335017912
1772937173.6101627,-726.1888118681211
1772937173.6101751,-329.0869690078057
1772937173.6101887,-98.51461968172447
1772937173.6102028,-347.7243596299561
1772937173.6102147,-712.9128777697717
1772937173.6102276,-672.7996202485656
1772937173.6102395,-281.5641445714023
1772937173.610252,-85.24380853816622
1772937173.610266,-349.61781199892613
1772937173.610278,-690.8506383721981
1772937173.610292,-621.8911418391627
1772937173.6103053,-237.32321850184724
1772937173.6103182,-74.12226342545823
1772937173.610331,-352.68894659671093
1772937173.6103444,-670.2195684169768
1772937173.6103585,-572.69414395476
1772937173.6103673,-193.72794923970943
1772937173.6103756,-61.80675693643698
1772937173.6103842,-353.704530769431
1772937173.6103928,-648.317468428011
1772937173.610402,-523.6650102370429
1772937173.6104102,-151.19802375235082
1772937173.6104186,-50.58693934132345
1772937173.610427,-355.08324942942056
1772937173.6104352,-625.4182376564922
1772937173.6104436,-472.4896071628977
1772937173.610452,-107.18258901605057
1772937173.6104603,-40.72322975243581
1772937173.6104684,-360.34205915364043
1772937173.6104772,-605.5037603859824
1772937173.6104856,-420.85924088179627
1772937173.610494,-61.813708660152976
1772937173.6105025,-33.77442326307704
1772937173.6105108,-372.4612724424028
1772937173.6105192,-587.9064344932399
1772937173.6105273,-360.72993539812273
1772937173.6105356,-6.063992954125163
1772937173.610544,-33.034199103610355
1772937173.6105523,-407.64785756913176
1772937173.6105607,-574.2911766974356
1772937173.610569,-246.65756777563678
1772937173.6105776,121.26223540040833
1772937173.610586,-122.17469897016429
1772937174.0813859,2620.4395730991614
1772937174.0814295,-6470.8771047102755
1772937174.0814593,-8794.555846955733
1772937174.081486,655.2893175279811
1772937174.0815127,10258.997326357181
1772937174.0815396,5193.229126694005
1772937174.081566,-11442.8868123337
1772937174.0815926,-17895.85060757918
1772937174.0816193,1366.2409258410876
1772937174.081646,33267.12819274501
1772937174.0816724,45475.197529703386
1772937174.0816991,20641.328171857367
1772937174.0817118,-22559.069948532826
1772937174.0817199,-46911.63592554462
1772937174.0817275,-34421.83600597723
1772937174.0817356,-2838.6317243262924
1772937174.0817437,15953.151908932045
1772937174.0817516,9540.560325403943
1772937174.0817597,-6601.772869201153
1772937174.0817676,-11418.593218879205
1772937174.0817757,-2164.1914709392195
1772937174.0817833,6830.207182717496
1772937174.0817912,4589.091683934422
1772937174.0817993,-3996.1857317784134
1772937174.0818076,-7014.474917568963
1772937174.0818157,-1497.4800611366886
1772937174.0818238,4232.121897421548
1772937174.0818317,2753.196328548975
1772937174.0818396,-3079.179142024854
1772937174.0818477,-5118.442384110266
1772937174.0818553,-1119.6379606051105
1772937174.0818632,3006.3599185869725
1772937174.0818715,1805.951153167489
1772937174.0818796,-2600.769044105161
1772937174.0818875,-4055.668071776536
1772937174.081896,-881.8306156654606
1772937174.081904,2295.1035398377885
1772937174.0819116,1236.2941824589782
1772937174.0819192,-2296.5438788178403
1772937174.0819297,-3369.820023933166
1772937174.0819373,-717.7527040054183
1772937174.081945,1834.0024065603168
1772937174.0819528,864.0897096291487
1772937174.081961,-2077.0160622796866
1772937174.0819688,-2885.7294323403803
1772937174.0819764,-597.0195575364638
1772937174.081984,1512.5393104587654
1772937174.0819917,605.7919991407241
1772937174.0819993,-1909.1127291031898
1772937174.0820072,-2527.776984960207
1772937174.0820148,-508.49434366483547
1772937174.082023,1275.065532845764
1772937174.0820303,420.1275268947152
1772937174.0820384,-1772.4580437042844
1772937174.0820465,-2250.6832535879444
1772937174.082054,-439.9642536803773
1772937174.0820618,1096.470275589671
1772937174.0820696,287.27353528427517
1772937174.0820773,-1655.186695661381
1772937174.082085,-2030.7017637820393
1772937174.0820928,-387.9773708868548
1772937174.0821004,958.6723258815595
1772937174.082108,194.01988843126594
1772937174.0821157,-1549.2383057721072
1772937174.0821235,-1851.0580201674122
1772937174.0821316,-348.3638470485462
1772937174.082142,850.5272413338358
1772937174.082154,129.16080931383092
1772937174.082165,-1455.112205719079
1772937174.0821757,-1707.1557799913996
1772937174.0821872,-321.92778336422765
1772937174.0821989,765.8050855643803
1772937174.0822113,89.78119300083723
1772937174.0822248,-1368.3955161939446
1772937174.0822358,-1593.0429002237377
1772937174.0822434,-307.6369173014207
1772937174.0822513,702.4187553405368
1772937174.0822587,77.18534488076344
1772937174.0822666,-1282.8355718891341
1772937174.0822744,-1502.7871901309416
1772937174.082282,-304.6976651619075
1772937174.0822897,656.7764425664784
1772937174.0822973,86.4466582701623
1772937174.0823057,-1203.993565598907
1772937174.0823135,-1442.4760816182913
1772937174.0823214,-316.2172034401107
1772937174.0823293,632.9520263700723
1772937174.082337,126.49975603683247
1772937174.0823445,-1126.7654692827202
1772937174.0823524,-1415.5799014351655
1772937174.0823617,-348.2537260841149
1772937174.0823696,630.7814969767886
1772937174.0823777,201.0115577106541
1772937174.0823853,-1053.8489779756978
1772937174.0823927,-1432.1708173416075
1772937174.0824013,-403.54537506188416
1772937174.0824094,666.0554764305602
1772937174.0824175,330.856085900377
1772937174.0824254,-985.2347742773035
1772937174.082433,-1514.2727411881
1772937174.0824409,-492.61859878483614
1772937174.082451,764.5248908392706
1772937174.0824635,549.4090851907257
1772937174.0824757,-934.8948411266315
1772937174.0824876,-1723.0122728602094
1772937174.0824955,-645.8653127198354
1772937174.0825033,984.3635356039645
1772937174.082512,935.1363315088181
1772937174.0825193,-938.746275405509
1772937174.0825272,-2208.073257130792
1772937174.0825348,-920.7399447267503
1772937174.0825424,1520.6707762766755
1772937174.0825503,1733.6302749368679
1772937174.082558,-1131.9938738915139
1772937174.0825655,-3506.3153760137475
1772937174.0825737,-1507.918771532497
1772937174.0825813,3256.200055418718
1772937174.082589,4137.525665769334
1772937174.0825963,-2352.5600809339985
1772937174.082604,-9470.455360413742
1772937174.561922,936.718094579964
1772937174.5619638,791.6204553542688
1772937174.56199,-423.5897473468517
1772937174.562017,-993.593215026262
1772937174.5620437,-115.59750571487716
1772937174.5620704,979.5447317702904
1772937174.5620968,761.7005567292581
1772937174.5621243,-451.67946319829827
1772937174.5621512,-947.5044227830917
1772937174.562178,-24.83381469631847
1772937174.5622044,1024.5327685364878
1772937174.5622313,733.9713773860105
1772937174.5622396,-479.08946406966925
1772937174.5622475,-902.7622952832371
1772937174.5622554,63.72219806909666
1772937174.5622635,1067.8234332381696
1772937174.562271,705.2223796712653
1772937174.5622792,-507.363045751428
1772937174.562287,-858.55878370465
1772937174.562295,153.01306471798685
1772937174.5623028,1113.6005974327188
1772937174.5623107,680.0148480686589
1772937174.5623183,-532.1748894012946
1772937174.5623264,-811.601972789317
1772937174.5623343,244.12980773308723
1772937174.5623424,1159.9178827789242
1772937174.5623503,653.7571464176707
1772937174.5623584,-559.2479331031486
1772937174.5623665,-767.2588826636661
1772937174.5623744,332.65484817532825
1772937174.5623825,1203.412699897245
1772937174.56239,624.7305387911804
1772937174.562398,-587.5754796801959
1772937174.562406,-721.4546225846616
1772937174.5624137,424.3444404174777
1772937174.5624216,1249.0650623830231
1772937174.5624292,595.3988547283019
1772937174.5624397,-617.2002321658468
1772937174.5624473,-675.6575153485574
1772937174.562455,517.1290071081362
1772937174.562463,1294.3917042186415
1772937174.562471,563.0946971384798
1772937174.5624785,-650.2511753055821
1772937174.5624864,-630.7687517669772
1772937174.562494,611.3101189846287
1772937174.562502,1340.4250210279793
1772937174.5625095,529.5375768850646
1772937174.5625176,-683.8489888298723
1772937174.5625253,-582.8334325363894
1772937174.5625331,710.4800785141538
1772937174.562541,1388.4897851576138
1772937174.5625525,493.25811513586865
1772937174.5625644,-720.8054398419937
1772937174.5625768,-534.0799700875904
1772937174.5625896,813.5362586032808
1772937174.562602,1437.7607232292544
1772937174.56261,453.10385108226325
1772937174.562618,-762.0046154095166
1772937174.5626273,-484.32241659207875
1772937174.5626352,921.3340199283697
1772937174.5626428,1488.5273543676437
1772937174.5626507,408.5256762175866
1772937174.5626583,-807.5130503093116
1772937174.562666,-431.98516800285284
1772937174.562674,1036.1021609739353
1772937174.562682,1541.1709041671763
1772937174.5626895,356.86448999205044
1772937174.5626972,-861.3973472911855
1772937174.562705,-379.87015339914973
1772937174.562713,1157.2076658132773
1772937174.5627203,1596.141472696938
1772937174.562728,298.95060954853125
1772937174.5627358,-921.4374949397438
1772937174.5627437,-323.4785198970734
1772937174.5627513,1289.8633669509175
1772937174.5627587,1656.3658526613483
1772937174.5627666,234.60387295405707
1772937174.5627744,-988.332372359139
1772937174.562782,-261.54734419075356
1772937174.56279,1435.6908138104134
1772937174.5627973,1719.4722915661887
1772937174.562805,156.09369551818003
1772937174.5628126,-1070.7315077539047
1772937174.5628204,-197.7481986187254
1772937174.562828,1596.9410915302992
1772937174.5628357,1789.4174906623664
1772937174.562843,65.88253850218433
1772937174.5628507,-1165.939516310669
1772937174.5628583,-126.55582657359214
1772937174.5628667,1779.2659688727294
1772937174.5628748,1865.5728472956791
1772937174.5628824,-44.29344290785608
1772937174.56289,-1282.2241380791017
1772937174.5628977,-47.76032002091338
1772937174.5629053,1989.7555852357216
1772937174.5629127,1951.5915620158924
1772937174.5629203,-179.79481157277735
1772937174.562928,-1426.796589248411
1772937174.5629356,40.00842393468739
1772937174.5629432,2236.9006757655184
1772937174.562965,2050.541756412018
1772937174.5629723,-348.82516836496455
1772937174.5629797,-1607.8859833664992
1772937174.562987,142.5675902371672
1772937174.5629947,2535.7092323898733
1772937174.5630023,2165.723978378043
1772937174.56301,-568.1244303073343
1772937174.5630176,-1841.8600962175797
1772937174.5630252,269.1381769073858
1772937174.5630329,2914.2707384306823
1772937174.5630405,2308.9302166171815
1772937174.563048,-858.5711132879418
1772937174.5630555,-2151.901852656992
1772937174.563063,431.8440487125671
1772937174.5630705,3404.247782870238
1772937174.5630782,2474.6518060854405
1772937174.563086,-1270.5619484374113
1772937174.5630934,-2552.26796681262
1772937174.563101,704.3724611969401
1772937174.5631087,4009.4539391807066
1772937175.041873,25.112313836704054
1772937175.0419295,24.584823397109037
1772937175.041956,30.480956149452265
1772937175.0419848,40.49825654883572
1772937175.0420108,46.62604176387988
1772937175.0420415,46.70720643920645
1772937175.042065,47.50392243899603
1772937175.0420756,54.98391661779329
1772937175.0420864,65.6989451373587
1772937175.0420969,71.57870611977006
1772937175.0421052,71.41577945751594
1772937175.042114,72.73010028971171
1772937175.042123,81.21823822359393
1772937175.0421348,92.603060576395
1772937175.0421488,98.47628253595904
1772937175.042163,98.04990865937343
1772937175.0421736,99.2941359784738
1772937175.0421832,107.76817987139842
1772937175.042197,118.79713286911807
1772937175.04221,124.0395145780262
1772937175.0422237,123.26083468678438
1772937175.042237,124.71709873002733
1772937175.042251,133.52302731772
1772937175.0422597,144.36006134604727
1772937175.0422685,148.88295243160584
1772937175.042277,147.4844074543385
1772937175.0422854,148.81105563493014
1772937175.0422938,157.60059527698508
1772937175.042302,167.96278966889324
1772937175.0423107,171.7018839177614
1772937175.0423193,170.04088840051955
1772937175.042328,172.09387642274342
1772937175.042336,182.00288768975426
1772937175.0423448,192.83655934012495
1772937175.0423534,196.12059259017005
1772937175.042362,193.847908103704
1772937175.0423703,195.9855942029613
1772937175.042379,206.6519794738928
1772937175.0423894,218.2223819711043
1772937175.042398,221.81040149196483
1772937175.042406,219.64179719697944
1772937175.0424173,221.95091410401108
1772937175.0424306,232.59195578621922
1772937175.0424435,243.52591462925443
1772937175.0424557,246.0846662589788
1772937175.042464,243.30190678542556
1772937175.0424724,245.83819155097922
1772937175.0424812,256.9818384287225
1772937175.0424895,267.8170665698423
1772937175.042498,269.6532438997622
1772937175.0425065,266.44814641972465
1772937175.0425148,269.56025528663747
1772937175.042523,281.8286197900362
1772937175.0425313,293.30364434611704
1772937175.0425396,294.98925021515396
1772937175.0425477,291.58279928224033
1772937175.042556,295.14086966991425
1772937175.0425642,308.1631805022561
1772937175.0425725,319.7816482869565
1772937175.0425804,320.7780325857089
1772937175.0425887,316.6485196675283
1772937175.042597,320.1866073122179
1772937175.0426052,333.5767882153802
1772937175.0426135,345.0653226947172
1772937175.0426219,345.2526012910895
1772937175.0426302,340.4202847509538
1772937175.0426383,343.9823485248491
1772937175.042647,357.6760268045185
1772937175.0426552,368.901457547503
1772937175.0426636,368.33615465750484
1772937175.0426717,363.2762693284037
1772937175.04268,367.6287165171396
1772937175.0426884,382.2176619306329
1772937175.0426967,393.2497395383791
1772937175.042705,391.67124061096507
1772937175.0427136,386.35793484601453
1772937175.0427217,391.98887733632245
1772937175.04273,408.0592614162866
1772937175.0427384,418.8588884614508
1772937175.0427468,415.3836660785299
1772937175.042755,408.6852398242339
1772937175.0427632,415.06203041985765
1772937175.0427716,432.98780165994265
1772937175.04278,444.46676518477256
1772937175.0427885,440.04486376648475
1772937175.0427966,432.7554780776549
1772937175.042805,440.4501708079438
1772937175.0428135,460.30604447763704
1772937175.0428221,471.7567332261125
1772937175.0428305,465.15754636454665
1772937175.0428398,456.3248100589981
1772937175.042848,465.16921088019
1772937175.0428565,487.1197515591814
1772937175.0428648,498.19932669494796
1772937175.042873,488.6030780540877
1772937175.0428815,478.0442112624489
1772937175.0428896,489.2533754211243
1772937175.042898,514.9682827070972
1772937175.0429063,525.9536497118896
1772937175.0429144,511.8401719151851
1772937175.0429225,498.12827449880245
1772937175.0429308,512.3181971245627
1772937175.0429392,543.7002176659897
1772937175.0429475,554.9619117010092
1772937175.0429556,534.1658856559316
1772937175.042964,515.4557913485576
1772937175.042972,534.373868308801
1772937175.0429807,575.2306702102708
1772937175.042989,586.9669120265172
1772937175.0429971,553.9531429984099
1772937175.0430057,525.5923543734732
1772937175.0430143,554.0554174806273
1772937175.0430226,615.8150588703068
1772937175.0430307,630.1460363435757
1772937175.043039,568.1792152606265
1772937175.0430477,512.9158173031126
1772937175.043056,568.9150067052294
1772937175.043064,707.537495997856
1772937175.0430725,741.361191976281
1772937175.0430806,494.0228200182456
1772937175.5243723,25.886840499859087
1772937175.5244155,26.165355447405485
1772937175.5244467,33.70207428033212
1772937175.5244734,44.76048141463124
1772937175.5245001,50.530495546520164
1772937175.5245273,49.448241786489234
1772937175.5245538,49.509040109394874
1772937175.5245812,57.24096648884149
1772937175.524608,68.65229808829831
1772937175.5246353,74.77668407064354
1772937175.5246613,74.09084822374895
1772937175.5246828,74.49602097430164
1772937175.5246916,82.16041195468128
1772937175.5247004,92.88872594068553
1772937175.5247087,98.09491604986357
1772937175.5247169,96.94380494611616
1772937175.5247247,97.57519264871011
1772937175.5247328,105.68949312090027
1772937175.5247412,116.57445040848741
1772937175.5247488,121.8254591146745
1772937175.524757,121.28591253517227
1772937175.5247653,123.29395067856919
1772937175.524774,132.77478746612255
1772937175.5247831,143.9859722413071
1772937175.5247917,148.35792478596636
1772937175.5248,146.5940816643634
1772937175.524808,147.93589153922053
1772937175.5248163,157.34975171570923
1772937175.5248244,168.48747054724825
1772937175.5248327,172.44483362255565
1772937175.52484,170.25194174551305
1772937175.5248482,171.5974574109797
1772937175.524856,181.39346633866106
1772937175.524864,192.8703253029565
1772937175.524872,196.9212671085614
1772937175.5248802,194.72777469569178
1772937175.5248878,196.0279437515941
1772937175.524896,205.4429717094016
1772937175.5249035,216.04904778203246
1772937175.5249112,219.25355997683926
1772937175.5249188,217.07467180447136
1772937175.524927,219.42230067162367
1772937175.5249343,230.0731035169236
1772937175.5249422,241.1434455322696
1772937175.5249505,244.09060077055656
1772937175.524958,241.89306220720684
1772937175.5249655,245.07038244433159
1772937175.5249736,256.8272831501334
1772937175.5249813,268.20525031424637
1772937175.5249891,270.40118712147046
1772937175.5249972,267.2099426266207
1772937175.525005,269.96593495094675
1772937175.5250127,281.74092596658613
1772937175.5250213,292.8987922665953
1772937175.5250287,294.49305066504826
1772937175.5250363,290.88355746736295
1772937175.525044,293.7106337801248
1772937175.5250518,305.4564571043451
1772937175.5250595,315.78016083728244
1772937175.525067,316.14822704355873
1772937175.5250747,312.322023859018
1772937175.5250823,316.7291521779118
1772937175.5250902,330.91065455417385
1772937175.525098,342.7551579769435
1772937175.5251057,343.0252861960271
1772937175.525113,338.4056472757639
1772937175.5251207,342.4863655867744
1772937175.5251288,356.7730889303312
1772937175.5251367,368.282069087587
1772937175.5251443,367.554319844251
1772937175.5251524,362.12891026009004
1772937175.5251603,366.2790797096695
1772937175.5251677,380.94530615206696
1772937175.5251756,392.0880706088414
1772937175.5251837,390.30672271061354
1772937175.5251915,384.4084655001134
1772937175.5251992,389.4057359059829
1772937175.5252068,405.2684343628688
1772937175.5252147,416.49426039610387
1772937175.5252223,413.83547644195426
1772937175.5252304,407.8415002378537
1772937175.5252385,414.4311966090559
1772937175.525246,432.06163772226495
1772937175.525254,443.01954252084204
1772937175.5252616,438.17405981666514
1772937175.5252695,430.69654171707566
1772937175.5252774,438.3395028698456
1772937175.5252852,458.06189532243354
1772937175.525293,469.1571139014092
1772937175.5253007,462.0680211708263
1772937175.5253088,452.8975943537732
1772937175.5253167,461.7958819567677
1772937175.5253272,484.0926654914447
1772937175.52534,495.3510012268116
1772937175.5253513,485.3251424108575
1772937175.5253592,473.7853214811363
1772937175.525368,484.0761992388449
1772937175.525376,509.588401994789
1772937175.5253847,521.1697051748172
1772937175.5253928,507.9256601160005
1772937175.5254018,494.8131310918923
1772937175.5254102,509.3064621349553
1772937175.5254188,541.0338104275687
1772937175.525427,552.7623789066166
1772937175.5254357,532.1408891714875
1772937175.5254445,512.9516622168221
1772937175.5254529,531.087173629669
1772937175.5254612,571.733578712666
1772937175.5254695,584.2458930125281
1772937175.525478,552.3326895428124
1772937175.5254865,524.3175569101074
1772937175.5254948,552.1707850547726
1772937175.5255032,613.3860679411256
1772937175.5255115,628.2666007164241
1772937175.52552,567.5353125290719
1772937175.5255282,512.5116912485661
1772937175.5255365,566.6514575490793
1772937175.5255451,702.329141809422
1772937175.5255535,734.6033061312999
1772937175.5255616,488.72213074822344
1772937175.5255702,-2.281776227518407
1772937175.7265143,390.28763788829315
1772937175.7265522,388.4165823942112
1772937175.7265785,382.4843685217011
1772937175.726605,387.93224632456565
1772937175.7266238,404.5600944057431
1772937175.7266328,416.34769704750306
1772937175.7266412,413.8068437687492
1772937175.7266493,407.7525236710154
1772937175.7266576,414.49289264915956
1772937175.7266655,432.52088588644017
1772937175.7266738,443.7924832846746
1772937175.726708,438.8900970960615
1772937175.726716,431.0697627735775
1772937175.726724,438.4458320918112
1772937175.7267315,458.265664788971
1772937175.7267392,469.8179296688918
1772937175.7267468,463.31461229889135
1772937175.726755,454.596979087207
1772937175.7267623,463.64824426685107
1772937175.7267704,485.75553814039716
1772937175.726778,496.56580940349505
1772937175.726786,486.0242415428994
1772937175.7267935,474.1078067379573
1772937175.7268016,484.24547097019547
1772937175.7268097,509.7234372549394
1772937175.7268176,521.177973280664
1772937175.7268252,507.55801524740156
1772937175.726833,493.82493968075676
1772937175.726842,507.60737821023855
1772937175.72685,538.750115784904
1772937175.726858,550.1980954867261
1772937175.726866,529.6584344091413
1772937175.726874,510.8302294216688
1772937175.7268815,529.4562384409062
1772937175.7268891,570.6380051854858
1772937175.7268972,583.7541064321765
1772937175.7269049,552.503630923394
1772937175.7269127,524.9747099789817
1772937175.7269204,552.7126116486287
1772937175.7269301,612.953242278258
1772937175.726938,626.2838929502457
1772937175.7269456,564.2101942258391
1772937175.7269535,508.8057126350371
1772937175.7269614,563.6951993369853
1772937175.7269692,700.7787713480872
1772937175.7269773,734.4618201499048
1772937175.7269852,489.64595138846056
1772937175.7269926,-0.626658249726519
1772937175.9795597,323.27530981975514
1772937175.9795976,321.41125795332084
1772937175.979624,324.65075752741564
1772937175.9796505,336.24199017385894
1772937175.9796774,346.3723634207501
1772937175.979699,346.81099109967715
1772937175.9797072,343.4761059964517
1772937175.979715,348.55468404260404
1772937175.9797237,362.9438789989548
1772937175.9797316,374.1801539364626
1772937175.97974,373.58350408178205
1772937175.979748,368.75827468000114
1772937175.979756,373.2982713456462
1772937175.979764,387.5637654445714
1772937175.979772,397.7652219465838
1772937175.9797802,395.4008583991716
1772937175.979788,389.94035039116375
1772937175.979796,396.16829039085843
1772937175.9798036,413.1668775640266
1772937175.9798114,424.72030345901175
1772937175.9798193,421.6181197068965
1772937175.9798272,414.99998544322375
1772937175.9798355,421.27253027679035
1772937175.9798436,438.8895091614994
1772937175.9798515,449.8448346194753
1772937175.9798594,444.86030159872223
1772937175.9798672,437.23953862405955
1772937175.979875,444.9009774693365
1772937175.9798827,464.767747209812
1772937175.9798906,475.98015633889014
1772937175.9798987,468.9578151392776
1772937175.9799063,459.94954293579644
1772937175.9799142,469.18762463473803
1772937175.979922,491.842845972471
1772937175.9799297,503.2208995680425
1772937175.9799373,493.0164746932359
1772937175.9799452,481.2033572133282
1772937175.979953,491.33929510860236
1772937175.979961,516.7911467003577
1772937175.9799683,528.2121931074553
1772937175.9799764,514.6089846503048
1772937175.9799843,501.04485005449106
1772937175.9799924,515.1500588269897
1772937175.9800005,546.5954785117325
1772937175.980008,558.1339939039063
1772937175.9800162,537.4758941891663
1772937175.980024,518.4744885576554
1772937175.9800315,536.8926799994057
1772937175.9800394,577.5990191082262
1772937175.9800472,589.7997998024417
1772937175.9800549,557.502472507044
1772937175.9800625,529.5051732512069
1772937175.98007,557.8029317027632
1772937175.980078,619.2649478480097
1772937175.9800856,633.5542101870277
1772937175.9800932,571.5842207203624
1772937175.980101,515.71513185693
1772937175.9801095,570.2911375824849
1772937175.980117,707.4171579392412
1772937175.9801247,740.8468425632101
1772937175.9801323,494.6693409254571
1772937176.509745,27.517825190496747
1772937176.5097814,58.844133444744685
1772937176.509808,82.06220145778306
1772937176.5098348,91.96564542827853
1772937176.5098612,90.57035539814305
1772937176.5098875,87.30149146637554
1772937176.509914,91.45585882521274
1772937176.509941,103.04463988979975
1772937176.5099676,113.15147777841449
1772937176.5099945,114.93314232241791
1772937176.5100212,112.33697698173962
1772937176.5100431,115.1257594767673
1772937176.5100513,126.1109131021643
1772937176.5100589,137.27304335714538
1772937176.5100667,140.25017028674011
1772937176.510075,137.46527314322978
1772937176.5100832,138.91456725638068
1772937176.5100913,148.78141601738162
1772937176.5100992,159.9384857527594
1772937176.5101075,163.82089273494884
1772937176.5101151,162.16634902893176
1772937176.5101233,164.49247844017307
1772937176.5101311,174.79480908029464
1772937176.510139,185.90212335645316
1772937176.5101469,189.4027430723789
1772937176.5101552,187.41020315750416
1772937176.510163,189.72219082997415
1772937176.5101707,200.17064133340307
1772937176.5101824,211.15137427526247
1772937176.51019,214.12286336888647
1772937176.510198,211.58948505879334
1772937176.5102062,213.79196928026434
1772937176.510214,224.52096551089326
1772937176.5102217,235.7725437424616
1772937176.5102296,238.83309559162126
1772937176.5102377,236.44750649037454
1772937176.5102456,239.01916429323938
1772937176.5102532,250.0006937536319
1772937176.5102608,260.89606654932584
1772937176.5102687,263.0575795970332
1772937176.5102766,259.92075041500647
1772937176.5102844,262.44096618125155
1772937176.5102923,273.8699707159783
1772937176.5103002,285.1185398543276
1772937176.510308,287.386209599683
1772937176.510316,284.52937585600665
1772937176.5103238,287.7348979313756
1772937176.5103316,299.7426070160244
1772937176.5103395,310.74458234701734
1772937176.5103476,312.00432986246017
1772937176.5103552,308.30743742302724
1772937176.510363,311.60076725893407
1772937176.5103712,324.3600506763395
1772937176.510379,335.8939629129147
1772937176.5103867,337.02958579383375
1772937176.5103943,332.8601720378838
1772937176.510402,335.65054582851974
1772937176.5104096,347.67876567687296
1772937176.5104177,358.10544046580594
1772937176.510425,358.4418633352766
1772937176.5104332,354.85470743818956
1772937176.5104408,359.62803009801394
1772937176.5104485,373.47973404535213
1772937176.510456,383.8885579918234
1772937176.510464,382.4780595835961
1772937176.510472,377.2854931480058
1772937176.5104797,382.10805283970336
1772937176.5104876,397.1616708916327
1772937176.5104952,408.24608974759445
1772937176.510503,406.33093796476277
1772937176.5105107,400.5333340339783
1772937176.5105183,405.8527000597416
1772937176.510526,422.1660086532735
1772937176.5105336,433.9317244084755
1772937176.5105412,431.6748053725555
1772937176.5105488,425.4848669806584
1772937176.5105565,431.1438248353761
1772937176.510564,447.76518827715773
1772937176.510572,458.5438840383493
1772937176.5105796,454.3694873526126
1772937176.5105877,447.3658413611925
1772937176.510636,454.4899004386184
1772937176.510644,473.3601633685831
1772937176.5106518,484.6487841763764
1772937176.5106597,478.92872057696667
1772937176.510667,470.6995339190727
1772937176.5106752,478.8135151047218
1772937176.5106828,499.62522923499057
1772937176.5106905,511.00663637955313
1772937176.5106983,503.1400723403098
1772937176.5107062,493.3369207690823
1772937176.510714,502.6554140795212
1772937176.5107217,525.723805090949
1772937176.5107296,536.8638871781786
1772937176.5107372,526.0057738573352
1772937176.5107448,514.4467760930854
1772937176.5107524,526.1765447965957
1772937176.5107603,553.0470919929535
1772937176.510768,563.9426554224385
1772937176.5107756,548.3171667909118
1772937176.5107832,533.7073846319907
1772937176.510791,549.2278756167744
1772937176.5107987,582.9891578100451
1772937176.5108063,594.9585569069535
1772937176.510814,572.4306423479175
1772937176.5108218,551.8544005151763
1772937176.5108297,571.1930138357658
1772937176.5108373,614.0480869059214
1772937176.5108447,626.4559909086669
1772937176.5108523,591.7787312088402
1772937176.5108602,561.982239981422
1772937176.510868,591.9223857107772
1772937176.5108757,656.656209478927
1772937176.510883,671.1073008863318
1772937176.5108907,605.0949178584159
1772937176.5108984,546.4214994517513
1772937176.510906,605.3747972117742
1772937176.5109136,751.4295108312192
1772937176.5109212,786.396788124252
1772937176.5109289,523.8464604638672
1772937176.9905972,28.779037685037416
1772937176.9906378,28.696684852990032
1772937176.9906688,35.14737477131881
1772937176.9907017,45.428907832149434
1772937176.990729,51.65160902228529
1772937176.990759,52.07126757736814
1772937176.990793,53.57374370591661
1772937176.9908211,61.75484875272519
1772937176.990847,72.6789290388354
1772937176.9908743,78.1509079731572
1772937176.990902,77.24866080631045
1772937176.9909153,77.83779283952366
1772937176.9909236,85.72119266158006
1772937176.9909315,96.51666712024067
1772937176.9909394,101.7127113623578
1772937176.9909475,100.54235155686949
1772937176.9909554,101.08536107951254
1772937176.9909637,109.02669991891281
1772937176.990972,119.79982246943585
1772937176.99098,125.11706812649422
1772937176.9909883,124.67875608555619
1772937176.990996,126.53851220407849
1772937176.9910038,135.56437631816982
1772937176.9910116,146.29604231324157
1772937176.9910192,150.4389446675073
1772937176.9910276,148.60148982000956
1772937176.9910352,149.70086662539254
1772937176.991043,158.65655728260532
1772937176.9910514,169.548129805365
1772937176.9910595,173.92818820783032
1772937176.991073,172.71819074134763
1772937176.9910805,174.92913855959884
1772937176.9910884,184.87050076884353
1772937176.9910965,195.82411305449986
1772937176.991104,199.28270360572532
1772937176.9911115,196.96737075815508
1772937176.9911196,198.67607256674685
1772937176.9911275,208.726724630986
1772937176.9911358,219.8818177051817
1772937176.991144,223.38083197380078
1772937176.9911523,221.16104158224056
1772937176.9911609,223.130062126629
1772937176.9911687,233.23494546830597
1772937176.9911766,243.89168084017328
1772937176.9911847,246.70943493453652
1772937176.9911928,244.46145677166717
1772937176.9912007,247.29010692246638
1772937176.9912093,258.284978265897
1772937176.9912176,268.8125109092549
1772937176.9912257,270.52544640349157
1772937176.991234,267.36127319651894
1772937176.9912422,270.3985630621842
1772937176.9912508,282.3586116585676
1772937176.991259,293.4498406897827
1772937176.9912672,294.77335404980056
1772937176.9912758,290.82316044325535
1772937176.991284,293.44545851696745
1772937176.9913335,305.3846702835239
1772937176.9913414,316.38297941665184
1772937176.9913492,317.52158595818486
1772937176.991357,313.85287667783115
1772937176.9913647,317.44217579084193
1772937176.9913726,330.33539762090436
1772937176.9913807,341.41912628813276
1772937176.9913893,341.90361471462205
1772937176.9913974,337.8092962258067
1772937176.9914055,341.63494332240487
1772937176.991413,354.6305559405892
1772937176.9914215,364.7805092752491
1772937176.991429,363.808836594969
1772937176.9914367,359.363077574727
1772937176.9914448,364.6682200976976
1772937176.9914527,379.6692251509835
1772937176.9914613,390.45308521573304
1772937176.991469,388.5673847221024
1772937176.9914763,383.35171967199716
1772937176.9914844,389.28196525118244
1772937176.9914923,405.3995548237059
1772937176.9915056,416.00467900130485
1772937176.991518,412.5891699017992
1772937176.9915307,406.4898079906983
1772937176.9915388,413.60811476833777
1772937176.991547,431.7440074907539
1772937176.9915547,442.7401282919491
1772937176.991563,437.6704034708012
1772937176.9915707,430.1265528843994
1772937176.9915786,437.87721000793215
1772937176.9915864,457.5213441966312
1772937176.9915943,468.1944923944356
1772937176.9916022,460.6839851526504
1772937176.99161,451.5435668217207
1772937176.9916184,460.92242535658534
1772937176.9916265,483.7264930270517
1772937176.9916344,495.2435144275894
1772937176.9916422,485.4392944551605
1772937176.99165,474.4162262305733
1772937176.9916575,485.3783623413793
1772937176.9916668,511.10311835783034
1772937176.99168,522.0258251640814
1772937176.9916923,507.5743081457287
1772937176.9917037,493.4670986665857
1772937176.9917116,507.59286116129186
1772937176.9917223,539.3417104864637
1772937176.9917347,551.1274092727056
1772937176.991747,530.7422423305666
1772937176.9917593,512.3725315265722
1772937176.9917717,531.7089827755478
1772937176.9917843,572.8895384259752
1772937176.9917924,584.4363775937207
1772937176.9918003,550.727588489047
1772937176.991808,521.9541796215372
1772937176.991816,551.0672241531536
1772937176.9918237,614.0483563007
1772937176.9918313,628.4648025054518
1772937176.9918392,564.5135498391639
1772937176.9918468,506.86684936203517
1772937176.9918547,563.0956039835492
1772937176.9918623,704.7188408913347
1772937176.9918704,738.9552484568921
1772937176.991878,481.8845243496009
1772937177.4702065,23.342436498083686
1772937177.4702668,24.057850575756937
1772937177.4703,31.576933880168685
1772937177.470334,42.54245395675789
1772937177.470363,48.50916017218205
1772937177.470419,47.833091229926225
1772937177.4704533,48.131176610307335
1772937177.4704812,55.74752076797893
1772937177.47051,66.92156052537578
1772937177.4705389,73.04075211936085
1772937177.4705553,72.64618828093
1772937177.470569,73.380693800024
1772937177.47058,81.17046040002354
1772937177.4705925,91.86300175642104
1772937177.470606,97.10945286341723
1772937177.470618,96.24075898667
1772937177.4706295,97.38474384387324
1772937177.4706411,106.13274754389413
1772937177.4706533,117.60670061864539
1772937177.4706657,123.11276644229378
1772937177.4706771,122.13580102506394
1772937177.470688,122.89911353422623
1772937177.4706995,130.7418283382771
1772937177.4707353,140.68703242030082
1772937177.4707468,144.66741056974072
1772937177.470758,143.16606360264387
1772937177.4707692,144.7041616616482
1772937177.4707806,153.74462591915386
1772937177.470792,164.1254302208937
1772937177.4708035,167.57803699336063
1772937177.4708154,165.56928760513838
1772937177.470827,167.65953557929612
1772937177.4708388,178.28561380585472
1772937177.4708502,190.32338196566351
1772937177.4708717,194.655514721011
1772937177.470883,192.66101822056683
1772937177.4708946,194.24688587469115
1772937177.4709065,204.07138417025877
1772937177.470918,215.13944881130843
1772937177.4709296,218.72834385031712
1772937177.4709673,216.72614769968857
1772937177.4709787,218.99355758368677
1772937177.47099,229.36890145172285
1772937177.471002,240.0483623167109
1772937177.4710133,242.46629334966258
1772937177.4710245,239.51475070443158
1772937177.471036,241.7645159621236
1772937177.4710472,252.71455290850238
1772937177.4710586,263.75362026292447
1772937177.47107,266.1624033794592
1772937177.4710813,263.4819473129426
1772937177.4710922,266.7152531626317
1772937177.4711037,278.7961257263799
1772937177.4711149,290.1188553622154
1772937177.471126,291.7426173266757
1772937177.4711373,288.0061903918885
1772937177.4711485,290.71297449851517
1772937177.4711604,302.70884786020207
1772937177.471172,313.810419198734
1772937177.4711833,315.0329255596005
1772937177.4711945,311.3200334981081
1772937177.4712064,314.73942246017543
1772937177.4712176,327.4381226496956
1772937177.4712288,338.35969565778566
1772937177.4712403,338.6888180299897
1772937177.4712524,334.4758941263137
1772937177.4712636,338.39254272573464
1772937177.4712749,351.8370578758392
1772937177.4712863,362.6622124448649
1772937177.471298,362.2141233332501
1772937177.471309,357.8993116411016
1772937177.4713204,363.1359265825519
1772937177.4713318,378.278788558985
1772937177.4713433,389.49127103163653
1772937177.4713545,387.85133700197247
1772937177.4713662,382.15679879971606
1772937177.4713776,386.9418137313327
1772937177.4713893,401.9598626961754
1772937177.4714005,412.1661668117542
1772937177.4714117,408.95659133876626
1772937177.471423,402.9639929911842
1772937177.471434,409.6138159580742
1772937177.4714453,427.01102954889603
1772937177.4714568,437.7108699187949
1772937177.4714682,433.07645040436273
1772937177.4714797,426.28174463992076
1772937177.4714909,434.5362082670084
1772937177.4715028,454.39712590090505
1772937177.471514,465.3908194459471
1772937177.4715252,458.44597165595474
1772937177.471537,449.6576876286251
1772937177.4715483,458.5973865346407
1772937177.4715595,480.20405983647925
1772937177.471571,490.4703391538604
1772937177.4715822,480.05196709892704
1772937177.4715936,469.12931287886806
1772937177.4716053,480.5205520543519
1772937177.4716167,506.7135726026684
1772937177.4716282,518.1383517429862
1772937177.4716396,504.1809679474691
1772937177.471651,490.2872349650236
1772937177.4716623,504.16644935868914
1772937177.4716735,535.4619236992486
1772937177.4716852,546.968021561325
1772937177.4716964,526.3506302149455
1772937177.4717076,507.23451027555683
1772937177.4717224,525.2949876694541
1772937177.4717364,565.7899991670049
1772937177.4717472,578.4531193939081
1772937177.4717584,547.1466378809059
1772937177.4717689,519.6778825730506
1772937177.4717803,547.2127016182936
1772937177.4717925,607.0929667758091
1772937177.4718032,620.4829311406189
1772937177.471814,559.1762163948163
1772937177.4718242,504.6792728477278
1772937177.471835,559.7278196028648
1772937177.4718451,696.2046788692533
1772937177.4718556,729.7580729599104
1772937177.4718664,486.66148958648813
1772937177.950447,25.2052789593263
1772937177.9507232,25.368823449609337
1772937177.9507394,32.52235952016337
1772937177.9507535,43.3197603230932
1772937177.9507656,49.137728623190824
1772937177.9507785,48.11873334500898
1772937177.9507923,47.81663211397539
1772937177.9508045,54.74053051569231
1772937177.9508164,65.40897328466748
1772937177.9508293,71.38329425646799
1772937177.9508414,71.15208912915708
1772937177.9508538,72.16964069404496
1772937177.950909,80.22688469391667
1772937177.9509213,91.15988003722775
1772937177.9509335,96.61722865119732
1772937177.9509456,95.80451575849901
1772937177.950958,96.65225801150633
1772937177.9509697,104.69611969798385
1772937177.9509816,115.29199201563608
1772937177.9509933,120.17504841690469
1772937177.9510272,119.1845589014042
1772937177.9510388,120.60220523314749
1772937177.9510703,129.50326791889267
1772937177.9511068,140.4704373201767
1772937177.9511187,145.0386441997405
1772937177.95113,143.54658875576592
1772937177.951141,144.73292714957608
1772937177.951174,153.52786324025382
1772937177.9511857,164.1455919464537
1772937177.9511995,168.26709455117728
1772937177.9512124,166.88467698101402
1772937177.951224,169.0656373583412
1772937177.9512355,179.1805669968358
1772937177.9512472,190.49699489279274
1772937177.9512582,194.33279529242304
1772937177.9512696,192.14499064241406
1772937177.9512813,193.6050714612918
1772937177.9512928,203.2055883545896
1772937177.9513268,214.07746156236374
1772937177.9513383,217.71056152439417
1772937177.9513505,215.9604299475364
1772937177.951362,218.41575466741895
1772937177.9513743,228.7532730937443
1772937177.951386,239.3397492674323
1772937177.9513984,241.8800602594976
1772937177.9514103,239.22715172265157
1772937177.9514215,241.55854303964205
1772937177.951433,252.04163888740135
1772937177.9514444,262.1710908020028
1772937177.9514558,263.64703111734985
1772937177.9514673,260.2989836998204
1772937177.951479,263.09867186416943
1772937177.9514902,274.8955986194818
1772937177.9515016,286.22506147166234
1772937177.9515128,288.3397872429924
1772937177.951524,285.4053046458004
1772937177.9515352,288.6667890012752
1772937177.9515464,300.59558918940706
1772937177.9515576,311.32225041020604
1772937177.9515693,312.58104606923695
1772937177.9515805,309.57025006480103
1772937177.9516098,313.7181855183363
1772937177.9516213,326.27998081336204
1772937177.9516335,336.130805205824
1772937177.9516451,335.45829134240057
1772937177.9516795,331.4070855507989
1772937177.9516916,336.6459436563059
1772937177.951704,351.40204430288713
1772937177.951716,362.34816229522403
1772937177.951728,360.7904742383778
1772937177.95174,355.17848770798827
1772937177.951752,359.9474715291062
1772937177.951764,375.5245348599659
1772937177.9517758,387.3657761307713
1772937177.9517877,385.9504264522276
1772937177.9518,380.1471307974074
1772937177.9518118,384.9578269704728
1772937177.9518435,400.3725767977919
1772937177.9518554,411.1198036104088
1772937177.9518676,408.2214479361595
1772937177.9518795,402.1785511850853
1772937177.9518917,408.5620454917414
1772937177.9519036,425.6630633348657
1772937177.9519155,436.1086849721542
1772937177.9519277,431.2763907506948
1772937177.9519389,424.3799451249767
1772937177.9519503,432.63838199517403
1772937177.951962,452.4951601950214
1772937177.9519737,463.3085868165726
1772937177.9519851,456.0037530887253
1772937177.9519968,446.95503062866305
1772937177.952008,456.12281751906
1772937177.952057,478.5912762214689
1772937177.9520867,490.04548685625934
1772937177.9521341,480.5420088137335
1772937177.9521463,469.8093501831732
1772937177.9521585,480.7305728328016
1772937177.9521708,506.3481944152011
1772937177.952182,517.6883079913133
1772937177.9521933,504.2538676369481
1772937177.9522045,491.00874406943007
1772937177.9522157,505.0269309998483
1772937177.952227,535.7953679480231
1772937177.952238,546.6203075381029
1772937177.9522495,525.8474517226268
1772937177.9522614,507.22728236798207
1772937177.9522736,525.8241833561533
1772937177.952286,566.14539355165
1772937177.9522984,577.8163499562054
1772937177.9523103,545.3794547504882
1772937177.9523227,517.4650960866938
1772937177.952334,545.4508998624168
1772937177.9523454,606.1710115599753
1772937177.9523575,620.115645809025
1772937177.9523988,558.7965974589512
1772937177.9524112,503.875342070346
1772937177.952423,558.3669295588428
1772937177.9524355,694.3806799201658
1772937177.952448,727.830236081221
1772937177.9524598,485.31200334376416
1772937178.4327407,23.48399588863572
1772937178.432783,23.275167238256966
1772937178.432809,30.39599366036791
1772937178.4328356,41.517630394174134
1772937178.4328623,47.87879758925908
1772937178.4328892,47.52613137561837
1772937178.432916,48.007650383407196
1772937178.4329426,55.78723626882044
1772937178.4329696,67.19467748769745
1772937178.4329996,73.54034777127653
1772937178.433008,73.19060062834245
1772937178.4330158,73.69746649521474
1772937178.433024,81.07352170588656
1772937178.4330423,91.3458947365653
1772937178.4330688,96.28433647117025
1772937178.4330997,95.21745635585255
1772937178.433108,96.21253303344263
1772937178.4331183,104.81230612247013
1772937178.4331264,116.10299489315004
1772937178.4331343,121.37043452138614
1772937178.433143,120.17707842678847
1772937178.4331505,120.98130146723231
1772937178.4331589,129.35944305589635
1772937178.4331667,140.2505301709131
1772937178.4331746,145.06784761026427
1772937178.4331825,143.72943761174508
1772937178.4331903,144.7627684471077
1772937178.4331985,153.35225945655225
1772937178.4332063,164.1142577633318
1772937178.4332144,168.73769235608924
1772937178.4332223,167.71401852288528
1772937178.4332304,169.60707048677799
1772937178.4332383,178.87480047882062
1772937178.4332464,189.46268055350666
1772937178.4332542,193.31613389357642
1772937178.433262,191.84862539124208
1772937178.43327,194.0573574693904
1772937178.4332778,203.75942971206138
1772937178.4332857,213.9650528082329
1772937178.4332952,216.57727764733613
1772937178.4333036,213.9519472976312
1772937178.4333112,215.92049111686316
1772937178.4333189,226.17530134447037
1772937178.4333265,237.07149848140182
1772937178.433334,240.3233233676472
1772937178.433342,238.69142319867322
1772937178.4333496,242.1060178281666
1772937178.4333575,253.47810472170676
1772937178.433365,264.2216620621933
1772937178.4333727,266.12689552447006
1772937178.4333804,263.0935701118398
1772937178.433388,265.9990525988348
1772937178.4333959,277.5131816538022
1772937178.4334033,288.13462267719245
1772937178.433411,289.3617694128915
1772937178.4334185,285.7782561688975
1772937178.4334264,288.91968888547535
1772937178.433434,301.1614241988865
1772937178.4334416,312.1748855066853
1772937178.4334493,313.2346113408438
1772937178.433457,309.5371970353854
1772937178.4334648,313.0919591363948
1772937178.4334724,325.8693091981384
1772937178.43348,336.87062881883236
1772937178.433488,337.5185529691802
1772937178.4334955,333.8515453978649
1772937178.4335036,338.0986596757227
1772937178.4335113,351.21311220304165
1772937178.4335191,361.1755466887836
1772937178.4335268,360.0108960608558
1772937178.4335344,355.67752805712087
1772937178.433542,361.4469226826016
1772937178.4335496,377.034112739412
1772937178.4335573,388.2083609475051
1772937178.433565,386.31096722047545
1772937178.4335723,380.70327589580785
1772937178.43358,386.1252619590534
1772937178.4335878,401.98648744194537
1772937178.4335954,412.777416332542
1772937178.433604,409.7932418944799
1772937178.4336174,403.92249454477917
1772937178.4336283,410.79292660302696
1772937178.43364,428.3806097103794
1772937178.433653,438.9400821484771
1772937178.433665,433.7277292730798
1772937178.4336767,426.14944208003044
1772937178.4336896,433.7774983909576
1772937178.4337022,453.3536234318633
1772937178.4337142,464.31351362344674
1772937178.4337273,457.40158521757917
1772937178.4337409,448.68955763147727
1772937178.433752,457.9480730459694
1772937178.433762,480.3166489544292
1772937178.43377,491.67285000238314
1772937178.433778,482.1674575068174
1772937178.433786,471.4214452749104
1772937178.4337935,482.13330831861254
1772937178.4338017,507.2601389708796
1772937178.4338095,517.8725505902772
1772937178.4338174,503.5809931450435
1772937178.4338253,489.5326575746444
1772937178.433833,503.1306777002965
1772937178.4338405,534.2228935771179
1772937178.4338484,546.1506501068767
1772937178.433856,526.7388896279645
1772937178.4338639,508.9740687911599
1772937178.4338715,527.600436562283
1772937178.4338796,567.5783091775503
1772937178.4338872,579.2636032720527
1772937178.433895,547.3582222411789
1772937178.4339027,519.8574126428753
1772937178.4339104,547.431470164639
1772937178.4339232,606.9965297221839
1772937178.4339345,619.8851616372492
1772937178.4339457,558.2978244451932
1772937178.433956,503.7118245884432
1772937178.4339674,558.4163225506479
1772937178.433978,694.2032442735576
1772937178.433989,727.4502015585588
1772937178.4340012,485.32399619957073
1772937178.4340124,0.7159101466979264
1772937178.9115858,24.800379330248877
1772937178.9116232,31.934164450377125
1772937178.911649,42.56489409768504
1772937178.9116755,48.543720511618695
1772937178.9117026,48.255627291659565
1772937178.9117308,48.92290588146795
1772937178.9117591,56.41817923623932
1772937178.9117856,66.92585660685475
1772937178.9118123,72.26822761917323
1772937178.9118392,71.48442100883022
1772937178.9118664,72.33705894216905
1772937178.911893,80.48315938766596
1772937178.9119055,91.44206542429355
1772937178.9119136,96.72458005927767
1772937178.911922,95.67131470152434
1772937178.91193,96.4383586189363
1772937178.9119377,104.66507487253341
1772937178.911946,115.61637102426538
1772937178.9119537,120.79160562179861
1772937178.9119616,119.76304337681528
1772937178.9119692,120.67928583373347
1772937178.9119773,128.76974975765026
1772937178.911985,139.03571994039186
1772937178.9119925,143.41486851843302
1772937178.912001,142.29480908906217
1772937178.9120088,144.05938805363053
1772937178.9120169,153.20951765469363
1772937178.912025,163.83111431187416
1772937178.912033,167.79170826052894
1772937178.9120407,166.24817087497607
1772937178.912048,168.16562513618803
1772937178.912056,177.728751368814
1772937178.912064,188.3289939947733
1772937178.9120717,191.78395435097465
1772937178.9120793,189.97766381071278
1772937178.9120896,192.42823423902692
1772937178.9120975,202.93339167907084
1772937178.912105,214.00469731464167
1772937178.9121127,217.1541180727923
1772937178.9121206,214.8171521972855
1772937178.9121284,217.0962083594863
1772937178.9121363,227.64141746353422
1772937178.912144,238.41627320005202
1772937178.912152,240.8999447145358
1772937178.9121597,238.1803184760018
1772937178.9121675,240.8389002834261
1772937178.9121752,252.12374259859678
1772937178.912183,263.1698277923265
1772937178.912191,265.23969475522136
1772937178.9121983,262.0412579804557
1772937178.9122062,264.7351311249411
1772937178.9122136,276.3535037191111
1772937178.9122212,287.4252917307525
1772937178.9122288,289.16951393054154
1772937178.9122367,285.91102178305647
1772937178.9122443,289.14334566244423
1772937178.9122524,301.316073702359
1772937178.9122603,312.1448863246207
1772937178.912268,312.95612111871174
1772937178.912276,309.09779053349956
1772937178.9122837,312.7248741595538
1772937178.9122915,325.7139026085686
1772937178.9122996,336.73066572830385
1772937178.9123073,336.9813576026795
1772937178.912315,332.74506740546383
1772937178.9123228,336.7831449340888
1772937178.9123304,350.2866631029871
1772937178.9123378,360.82957759364956
1772937178.9123456,359.7484427881963
1772937178.9123533,354.77364977106856
1772937178.912361,359.7027545652349
1772937178.9123683,375.00919045612136
1772937178.912376,386.6714977499665
1772937178.9123833,385.51187374933903
1772937178.912391,380.2436162746514
1772937178.9123986,385.50200926429386
1772937178.912406,401.12409557672845
1772937178.9124136,411.9343607634155
1772937178.9124212,409.015556365981
1772937178.9124286,402.7749175320986
1772937178.912436,408.76524162597127
1772937178.912444,425.5370793992649
1772937178.9124515,436.0331469457038
1772937178.912459,431.5578866399324
1772937178.9124703,424.8031059381661
1772937178.9124832,432.5554630489888
1772937178.9124951,451.4928449868035
1772937178.9125056,461.76475339658316
1772937178.9125135,454.8620954410563
1772937178.9125211,446.87302128777884
1772937178.912529,456.8666499397515
1772937178.9125364,479.31254132269277
1772937178.9125443,490.12470046061026
1772937178.9125516,480.0942496106142
1772937178.9125593,469.36716369136303
1772937178.912567,480.5405771986736
1772937178.9125745,506.09458233437323
1772937178.912582,516.9124318353912
1772937178.91259,502.94462839453956
1772937178.9125977,489.6845876994437
1772937178.9126053,504.2282362456241
1772937178.912613,535.54483009045
1772937178.9126208,546.4114969149509
1772937178.9126282,525.1550862844516
1772937178.9126358,506.0319944285329
1772937178.9126437,524.6811865389318
1772937178.9126513,565.7789335048709
1772937178.9126592,578.6153556910481
1772937178.9126673,547.1881791824748
1772937178.912675,519.7751623873964
1772937178.9126823,547.7933388894387
1772937178.91269,608.4012764378298
1772937178.9126976,622.41171949847
1772937178.9127052,561.423076920325
1772937178.9127128,506.92585200319195
1772937178.9127204,561.6728927177583
1772937178.912728,697.6078465201768
1772937178.9127357,730.6363739329882
1772937178.912758,487.43807302907953
1772937178.9127655,1.185542372398806
1772937179.039709,459.31876767727107
1772937179.0397508,481.1083944472355
1772937179.0397644,491.66903786981186
1772937179.0397744,481.3380260803472
1772937179.0397851,470.0995502187314
1772937179.0397942,480.8830748556085
1772937179.0398028,506.4857946044
1772937179.0398116,517.5662482398633
1772937179.0398197,503.4983750096259
1772937179.0398276,489.57161958386894
1772937179.0398357,503.39631664043935
1772937179.039844,534.6309152189087
1772937179.039852,546.0680415790426
1772937179.0398598,525.254413298559
1772937179.0398684,505.69638808655793
1772937179.0398767,523.1635903069556
1772937179.039885,563.2115471997328
1772937179.0398932,575.7715221666391
1772937179.0399013,544.5550973029347
1772937179.0399091,517.0456242673937
1772937179.0399168,544.3616312212376
1772937179.0399249,604.2071189965804
1772937179.0399327,618.0369760494671
1772937179.0399413,557.2825003487111
1772937179.0399497,502.5812206033658
1772937179.0399575,556.2470675364353
1772937179.039966,690.9653984298457
1772937179.0399735,723.9812443080328
1772937179.0399816,482.5282297342057
1772937179.0399897,-1.0991575121002897
1772937179.511382,22.137036212331804
1772937179.5114183,29.568171041768714
1772937179.5114448,40.42221406361411
1772937179.5114713,46.19252426706757
1772937179.5114975,45.26750509674824
1772937179.511525,45.42319090266725
1772937179.5115514,53.07349449859637
1772937179.5115778,64.27068640361097
1772937179.5116043,70.13387064009437
1772937179.5116308,69.21074824139704
1772937179.5116575,69.49811359084299
1772937179.5116787,77.25742424671002
1772937179.5116866,88.25613336377951
1772937179.5116947,93.71175224854383
1772937179.5117025,92.63456674013959
1772937179.5117106,93.26612375929244
1772937179.5117185,101.55584359616189
1772937179.5117269,112.79760245126653
1772937179.511735,118.16679956791715
1772937179.5117435,117.03737196869446
1772937179.5117517,117.83874065132717
1772937179.5117595,126.25390617186979
1772937179.5117676,137.3009229374701
1772937179.5117755,142.38576238132768
1772937179.5117831,141.39443548745615
1772937179.5117912,142.82147048145004
1772937179.5117989,151.77109284799823
1772937179.5118065,162.75158993182723
1772937179.511814,167.43578392511117
1772937179.5118215,166.42976993268502
1772937179.5118299,168.37947020727344
1772937179.5118375,177.6239719973134
1772937179.5118456,187.90836385573505
1772937179.5118563,191.23475984350964
1772937179.5118642,189.44901445949975
1772937179.5118718,192.00687283906632
1772937179.5118797,202.73757626546146
1772937179.5118876,214.1852961274106
1772937179.5118954,217.77028154938043
1772937179.511903,215.74101691572153
1772937179.511911,218.06384368977706
1772937179.5119183,228.40689297085027
1772937179.511926,238.89087764909186
1772937179.5119336,241.1965314147174
1772937179.5119417,238.53491070961627
1772937179.5119493,241.43073555749604
1772937179.5119567,252.90327293036634
1772937179.511965,263.8594338875054
1772937179.511973,265.55336755059824
1772937179.5119805,261.9324746258666
1772937179.5119882,264.41222317702625
1772937179.5119965,276.04813176065966
1772937179.512004,287.19407009314466
1772937179.5120115,288.95848998388124
1772937179.5120192,285.75130705512754
1772937179.5120268,289.15553197566305
1772937179.512035,301.47435175516944
1772937179.5120423,312.13984597420784
1772937179.5120504,312.4324108186666
1772937179.512058,308.04734171079804
1772937179.512066,311.54352227750184
1772937179.5120735,324.80632367489665
1772937179.5120811,336.13258104895544
1772937179.5120888,336.4736961012168
1772937179.512097,332.3039557431742
1772937179.5121052,336.75802224308325
1772937179.512113,351.0512044431927
1772937179.5121207,362.3605855967899
1772937179.5121284,361.6937782453415
1772937179.512136,356.9035788335695
1772937179.5121436,362.10531000236506
1772937179.5121517,377.753559157087
1772937179.512159,389.4523555555386
1772937179.5121667,387.8797136457961
1772937179.5121744,382.2106707380039
1772937179.512182,387.684034399482
1772937179.5121896,404.09146477779103
1772937179.5121973,415.5250421667593
1772937179.512205,412.53907986379426
1772937179.5122125,405.9307882867233
1772937179.51222,412.09022369250584
1772937179.5122278,429.70142041826034
1772937179.5122354,440.81835832466044
1772937179.512243,435.9139660002861
1772937179.512251,428.1107293917192
1772937179.512259,435.6016584001504
1772937179.5122666,455.8227033806086
1772937179.5122745,467.98716225649395
1772937179.5122824,461.8599618009186
1772937179.5122898,452.91373153164176
1772937179.5122976,461.38097510682576
1772937179.5123053,483.30657847410305
1772937179.5123127,494.82035421730706
1772937179.5123203,485.48554678928394
1772937179.512328,474.39136307532226
1772937179.5123353,484.5271552083909
1772937179.512343,509.6137034051864
1772937179.5123506,520.9727840547931
1772937179.5123627,507.597323898327
1772937179.5123756,493.8357786863998
1772937179.512388,506.95540189202336
1772937179.512401,537.3498094371304
1772937179.5124092,548.9010432524339
1772937179.512417,529.487408454771
1772937179.5124247,511.8457375089503
1772937179.5124323,530.567763204593
1772937179.51244,570.600216973984
1772937179.5124478,582.2135032985556
1772937179.5124557,549.980678976542
1772937179.5124633,522.0268716182323
1772937179.5124712,549.4733093653
1772937179.5124788,609.5776218098254
1772937179.5124867,623.4723564124982
1772937179.5124943,562.7914070358485
1772937179.5125017,508.68856837070007
1772937179.5125093,563.6132600008207
1772937179.5125172,699.5299246569255
1772937179.5125246,732.4783987534216
1772937179.5125325,489.0306545853042
1772937179.51254,2.0778389107872863
1772937179.9162207,122.75581151425953
1772937179.9162652,131.13567328107223
1772937179.9162915,141.99286865350865
1772937179.9163184,146.66340424304164
1772937179.916345,145.15889077761784
1772937179.9163713,146.1625791219921
1772937179.9163978,154.87411937057922
1772937179.916425,165.73288566240657
1772937179.9164443,170.23861875898461
1772937179.9164526,168.87720804931396
1772937179.9164605,170.3616452044729
1772937179.9164689,179.26150646397826
1772937179.9164772,189.51904300019407
1772937179.916485,193.09421646170102
1772937179.9164927,191.54114779168364
1772937179.9165008,193.99055749343918
1772937179.916509,204.1671905020391
1772937179.9165163,214.80654324600812
1772937179.9165244,217.68101138829925
1772937179.916532,215.3495803773163
1772937179.916543,217.91009227446983
1772937179.9165545,228.92878987552226
1772937179.9165668,240.20570787055908
1772937179.916578,243.00925457995746
1772937179.9165895,240.30052700644814
1772937179.9165971,242.740267504237
1772937179.9166052,253.81370164159674
1772937179.916613,264.8476015361692
1772937179.9166212,267.0913633818859
1772937179.916629,264.07469081693915
1772937179.9166367,266.79713201447555
1772937179.9166443,278.2844216501901
1772937179.9166524,289.19337860372417
1772937179.91666,290.87550870741615
1772937179.916668,287.68184520389514
1772937179.916676,291.0223759202652
1772937179.916684,303.2506147106029
1772937179.9166913,314.08048106826647
1772937179.9166994,314.9361826003785
1772937179.9167073,311.2404635423453
1772937179.916715,315.0685756447001
1772937179.9167228,328.09308538685667
1772937179.9167306,338.8602367556584
1772937179.9167385,338.72267337735826
1772937179.9167464,334.3075022919382
1772937179.916754,338.65470474553626
1772937179.916762,352.96101526036404
1772937179.9167695,364.5769930806115
1772937179.9167771,364.5520888998585
1772937179.9167852,360.3263607313667
1772937179.916793,365.37980748558124
1772937179.9168007,379.96607857240406
1772937179.9168084,390.24318104438555
1772937179.916816,387.7204967522332
1772937179.9168236,381.8896227632064
1772937179.9168313,387.5847788327978
1772937179.916839,404.06652526291276
1772937179.9168468,415.41146921302015
1772937179.9168549,412.5793602900066
1772937179.9168625,406.53681150387905
1772937179.9168704,413.2863693839548
1772937179.9168782,431.0269464748068
1772937179.916886,441.8639660886892
1772937179.9168935,436.80032779567784
1772937179.916901,429.2516991129897
1772937179.916909,437.0289884454456
1772937179.9169168,456.9661020445903
1772937179.9169245,468.2491331040782
1772937179.916932,461.2746628529808
1772937179.9169397,452.0183967105092
1772937179.9169476,460.4356560311987
1772937179.9169552,481.90031977250834
1772937179.916963,492.472774559567
1772937179.9169707,482.5493899324355
1772937179.9169786,472.041247816846
1772937179.9169867,483.64758033882197
1772937179.9169946,509.789286033785
1772937179.9170024,520.798460323619
1772937179.91701,506.05208157861546
1772937179.917018,491.22364511483204
1772937179.9170256,504.3991073650294
1772937179.9170337,535.4628293420458
1772937179.9170413,547.1366980509775
1772937179.9170494,526.8052750290744
1772937179.9170568,507.8405823363939
1772937179.917065,525.8178539370634
1772937179.9170756,566.0148828154784
1772937179.9170868,578.2493950758164
1772937179.9170978,546.5227580738218
1772937179.9171095,518.8047945808843
1772937179.9171205,546.3538078376424
1772937179.9171317,606.4667865727288
1772937179.9171429,620.1645322057268
1772937179.917154,559.0812135004956
1772937179.9171653,504.581087719494
1772937179.9171765,559.311755189607
1772937179.9171882,695.2642717908346
1772937179.9171996,728.5168381535054
1772937179.9172072,485.8943473081209
1772937180.4100025,23.57514433949538
1772937180.4100437,36.17611618774579
1772937180.4100757,49.76866450713578
1772937180.4101028,60.17304311205675
1772937180.4101293,62.95379360018985
1772937180.4101572,60.78934287944393
1772937180.4101827,62.05695968212831
1772937180.41021,70.84490274202078
1772937180.4102364,81.61703896880879
1772937180.4102633,86.51158143861043
1772937180.41029,85.93709008192343
1772937180.4103005,87.95850999708422
1772937180.4103105,97.05331608005505
1772937180.4103208,107.69720063137285
1772937180.4103308,111.87754863191176
1772937180.4103413,110.31268599599201
1772937180.4103513,111.7041443977444
1772937180.4103608,120.77986832643634
1772937180.4103708,131.6162507321202
1772937180.4103808,135.66810840592126
1772937180.4103906,133.55856016898127
1772937180.4104009,134.29521670590196
1772937180.410411,142.9213275181012
1772937180.410421,153.69852690635588
1772937180.4104304,158.26176781406272
1772937180.4104404,157.32320464974083
1772937180.4104502,159.54773933110056
1772937180.41046,169.2041869869958
1772937180.41047,179.99481924482075
1772937180.4104795,183.84515184469305
1772937180.41049,182.35231006164412
1772937180.4105003,184.6841606735309
1772937180.41051,194.70443103832625
1772937180.4105198,205.41027508734592
1772937180.4105296,208.68468041891984
1772937180.4105396,206.78119698236645
1772937180.4105492,209.267430795044
1772937180.4105587,219.50165023703076
1772937180.4105692,229.6788081041649
1772937180.4105794,231.72330006396166
1772937180.4105892,228.93547708819256
1772937180.4105992,231.81196052568973
1772937180.4106095,243.46310366683113
1772937180.4106195,254.95035812489823
1772937180.4106293,257.4121932099105
1772937180.4106393,254.3688184768164
1772937180.4106493,256.97329628153136
1772937180.4106593,268.5648228197721
1772937180.410669,279.96961893307326
1772937180.410679,282.23226359968805
1772937180.4106889,279.11277602594515
1772937180.4106984,281.8268283979191
1772937180.4107084,293.2796512186037
1772937180.4107184,303.914264672378
1772937180.4107285,305.1660494498245
1772937180.4107423,301.6990149366318
1772937180.410761,305.0331936298822
1772937180.4107735,317.27191270356457
1772937180.410784,327.8737918567146
1772937180.4107945,328.3611862916383
1772937180.410805,324.45776143149845
1772937180.4108157,328.3145073337475
1772937180.4108262,341.38774332930825
1772937180.4108367,352.10886993778126
1772937180.4108477,352.0569757067803
1772937180.4108584,348.08183160955855
1772937180.410869,352.96015667933176
1772937180.4108796,367.2852541874514
1772937180.4108903,378.2036294090845
1772937180.4109008,377.36898031363984
1772937180.4109116,373.08017867858865
1772937180.4109223,378.9905809398175
1772937180.4109333,394.6515985350417
1772937180.4109437,405.45010432911675
1772937180.4109545,402.8664227587289
1772937180.4109652,396.94512602485696
1772937180.4109757,402.8106252460197
1772937180.410986,419.3656561281745
1772937180.4109967,430.2394702318711
1772937180.4110076,426.56158559492314
1772937180.411018,419.9590460479798
1772937180.4110284,426.7873436600609
1772937180.411039,444.8971626646202
1772937180.41105,455.87355607309775
1772937180.4110606,450.72675619451655
1772937180.4110713,443.2904579368566
1772937180.411082,451.4322379950881
1772937180.4110928,471.38646515119655
1772937180.4111035,481.80908137975223
1772937180.411114,473.49905857920754
1772937180.4111245,463.5532290100924
1772937180.4111352,472.5754063742425
1772937180.4111457,495.3500638561487
1772937180.411157,506.7325561894583
1772937180.4111671,496.5807849869752
1772937180.411178,485.35927011981386
1772937180.4111888,496.58041678941214
1772937180.4111993,522.8072486314721
1772937180.41121,533.964000496397
1772937180.4112208,519.3026176218508
1772937180.4112315,504.92771869250356
1772937180.4112425,519.2239118773655
1772937180.4112527,551.6178636094206
1772937180.411264,564.0474845263433
1772937180.4112744,543.7557769436171
1772937180.4112847,524.7436365595069
1772937180.4112957,542.999490992249
1772937180.4113064,583.2779919764625
1772937180.411317,594.6753006784053
1772937180.4113271,561.6321711363694
1772937180.411338,533.6883636372264
1772937180.411349,562.9583963601177
1772937180.4113595,625.3992744540388
1772937180.4113705,639.6302982664148
1772937180.4113812,576.7239066878914
1772937180.4113932,520.4741057598811
1772937180.4114037,576.3301209822254
1772937180.411414,715.5451342187071
1772937180.4114249,749.4162467272037
1772937180.4114356,500.27421258651094
1772937180.8909488,-494.438641973461
1772937180.8909895,-527.5319998372833
1772937180.8910155,-897.2221575203571
1772937180.891042,-1077.7195318126762
1772937180.8910685,-807.9273407029224
1772937180.8910952,-459.22785194729744
1772937180.8911219,-515.2231473326622
1772937180.8911483,-891.9475748231108
1772937180.8911753,-1053.7625900486703
1772937180.8912015,-765.0449512323887
1772937180.891229,-423.11121766956524
1772937180.8912387,-502.11572901865617
1772937180.891247,-885.9649351000338
1772937180.891255,-1028.435219459107
1772937180.8912635,-719.8588725713273
1772937180.8912716,-384.7666482221973
1772937180.8912795,-488.35189817968615
1772937180.8912876,-881.4141302350708
1772937180.8912952,-1005.8556448491528
1772937180.8913033,-677.7732312444919
1772937180.8913112,-349.58567944804594
1772937180.891319,-477.66424520658785
1772937180.8913271,-878.9243963935056
1772937180.8913362,-983.0442197481074
1772937180.891345,-633.0835102056789
1772937180.8913531,-311.115512392128
1772937180.891361,-464.9838149291263
1772937180.8913696,-876.1862720238983
1772937180.8913777,-960.7430997690583
1772937180.8913856,-588.9831691711024
1772937180.891394,-273.7925601305306
1772937180.8914013,-454.420188787704
1772937180.8914092,-875.5130238252276
1772937180.8914175,-938.8009838191713
1772937180.8914251,-543.3578169965377
1772937180.891434,-234.68665338081402
1772937180.8914423,-442.9635421661931
1772937180.89145,-873.6917088117902
1772937180.891458,-913.5898038425903
1772937180.891466,-492.9984547660102
1772937180.891474,-192.880679773253
1772937180.891482,-433.40795126380436
1772937180.8914895,-876.6466048846434
1772937180.8914971,-891.6679444264197
1772937180.891505,-442.4112072071134
1772937180.8915126,-149.6298233491642
1772937180.8915205,-424.2323792309878
1772937180.8915286,-881.2306170610349
1772937180.8915365,-869.2821768568442
1772937180.8915443,-388.13342960675703
1772937180.8915527,-102.68416089994298
1772937180.8915613,-414.9608689168372
1772937180.891569,-888.4592788593438
1772937180.8915768,-848.0876681851119
1772937180.891585,-331.8871942056481
1772937180.8915927,-53.816692165209155
1772937180.8916008,-407.2508059690984
1772937180.8916082,-899.019517845389
1772937180.891616,-827.0626422538272
1772937180.8916237,-271.6876374084002
1772937180.8916316,-2.1594855073497166
1772937180.8916392,-402.6308915545706
1772937180.891647,-915.5755403229709
1772937180.8916547,-807.3696897778482
1772937180.8916633,-206.32604805362266
1772937180.8916707,53.65163742798986
1772937180.8916793,-402.3781278753546
1772937180.891687,-941.860968370358
1772937180.8916943,-791.836332691954
1772937180.8917024,-134.7545053255991
1772937180.8917112,118.16438331183443
1772937180.8917189,-400.9496235950961
1772937180.8917267,-972.6706189441488
1772937180.8917348,-775.2718491356208
1772937180.8917425,-52.81739807064017
1772937180.8917503,190.66437867812556
1772937180.8917584,-406.84684983173923
1772937180.891766,-1021.2698570585496
1772937180.891774,-767.7830668899845
1772937180.8917816,37.79712298527022
1772937180.8917894,275.1704950839239
1772937180.8917973,-416.83711902280857
1772937180.8918052,-1086.6916645550523
1772937180.8918133,-765.7130577381251
1772937180.8918211,146.06476905464694
1772937180.8918288,379.4015119231806
1772937180.8918366,-433.5858126293649
1772937180.8918445,-1180.1129740708088
1772937180.891852,-774.6621218585024
1772937180.89186,281.4054865780177
1772937180.8918679,517.7435119085911
1772937180.8918755,-457.48891529116565
1772937180.8918831,-1319.6454352522842
1772937180.8918908,-808.2400353880801
1772937180.8918986,455.11816433767046
1772937180.8919065,713.6964990687092
1772937180.891914,-488.16419474659756
1772937180.8919215,-1537.2549042891008
1772937180.8919291,-890.029977651733
1772937180.8919368,696.0006921057353
1772937180.8919444,1025.6483787642514
1772937180.8919523,-519.4589366048787
1772937180.89196,-1914.0905349687569
1772937180.8919675,-1097.3085837878705
1772937180.891975,1062.5562987653766
1772937180.8919826,1624.4535951121882
1772937180.8919904,-497.81639820368764
1772937180.8919983,-2690.5067513257504
1772937180.892006,-1747.736446930917
1772937180.8920135,1689.3131498475914
1772937180.8920214,3257.9894013612497
1772937180.8920288,78.13426187386358
1772937180.892037,-5008.545558247943
1772937180.8920448,-5517.189615227524
1772937180.8920524,2320.652928733864
1772937180.89206,15966.316681091886
1772937180.8920677,29308.98266456332
1772937180.8920753,37874.987085497094
1772937180.8920827,40609.54655299703
1772937180.89209,37653.160108291966
1772937181.3667555,-11148.772206418607
1772937181.3668044,-5044.456194313305
1772937181.3668363,3625.367923234513
1772937181.3668685,4556.746096626502
1772937181.3669007,-1053.3710449888943
1772937181.3669324,-4944.6281948543265
1772937181.3669631,-2846.8358876640978
1772937181.3669896,1443.148190890113
1772937181.3670163,2222.3176499189194
1772937181.3670435,-857.8428811592364
1772937181.3670733,-3291.753283389306
1772937181.3670943,-2091.3227285545513
1772937181.3671064,703.2122830967492
1772937181.367118,1307.7297064440954
1772937181.367129,-771.6415648029529
1772937181.367142,-2523.536831540877
1772937181.3671544,-1709.9799353097467
1772937181.3671658,341.6883748066509
1772937181.3671772,838.8653905821403
1772937181.3671892,-707.5468189340224
1772937181.3672163,-2075.640968977898
1772937181.3672297,-1482.4050380598703
1772937181.3672428,129.37963469612657
1772937181.3672557,561.7546403980928
1772937181.36727,-653.7887422086573
1772937181.3672795,-1780.888441656486
1772937181.3672884,-1331.29098844151
1772937181.3672972,-5.147433844549349
1772937181.367308,388.6325991364061
1772937181.3673222,-604.3983879343224
1772937181.3673348,-1573.9147290784242
1772937181.367348,-1228.5803661042169
1772937181.3673563,-97.43180118137016
1772937181.367365,278.7538367783432
1772937181.3673735,-552.6054977731686
1772937181.3673816,-1415.3935086664333
1772937181.36739,-1152.109009022273
1772937181.3673985,-160.72017802506244
1772937181.367407,209.83154877254134
1772937181.3674157,-501.6045819125071
1772937181.367424,-1293.722586310155
1772937181.367432,-1098.3967639507594
1772937181.3674405,-207.28766133723082
1772937181.3674488,168.95882017067262
1772937181.3674576,-450.11275498154083
1772937181.367466,-1197.6251744409892
1772937181.367474,-1060.9007613172346
1772937181.3674824,-240.415628801886
1772937181.3674903,151.94510959450528
1772937181.367499,-394.5067351082391
1772937181.3675072,-1118.7259100762885
1772937181.36752,-1036.0350169363405
1772937181.367534,-264.61918680452675
1772937181.3675468,151.9779490943211
1772937181.3675609,-337.7067696349311
1772937181.3675718,-1056.597464454723
1772937181.3675802,-1024.1815746502934
1772937181.3675888,-281.8128781663884
1772937181.3675976,168.950431293441
1772937181.367606,-276.2302261054867
1772937181.3676145,-1006.941981248749
1772937181.3676229,-1023.8254656311705
1772937181.367631,-293.12295153045454
1772937181.3676393,201.82074545222147
1772937181.367648,-210.38284630046763
1772937181.3676567,-971.7734518820549
1772937181.367669,-1040.2250179295943
1772937181.367678,-304.74822492353104
1772937181.3676865,247.13128257421008
1772937181.3676949,-139.91945809210745
1772937181.3677037,-948.6789753469258
1772937181.367712,-1069.2243139616894
1772937181.3677204,-309.4499531591241
1772937181.3677318,314.3709486779312
1772937181.3677447,-58.240585805396435
1772937181.3677588,-938.7218007884949
1772937181.3677688,-1117.6240698449838
1772937181.3677776,-312.47284130814836
1772937181.367786,403.80011239984935
1772937181.3677948,36.259604507528714
1772937181.367803,-944.8420934231475
1772937181.3678117,-1191.3546529325001
1772937181.36782,-315.3264951344029
1772937181.3678284,520.2614667407425
1772937181.3678384,146.56299271506026
1772937181.367852,-973.2199781034184
1772937181.3678656,-1299.3719639218111
1772937181.367879,-315.36295831177813
1772937181.3678925,680.0364890120069
1772937181.367901,285.0433554420159
1772937181.3679092,-1031.894845168602
1772937181.3679178,-1461.354306919814
1772937181.3679261,-317.6656108388482
1772937181.3679368,900.767761408466
1772937181.36795,466.31616637669947
1772937181.367964,-1135.9975209197019
1772937181.3679771,-1706.9498039378707
1772937181.3679907,-320.8971278732936
1772937181.368004,1226.6380654001514
1772937181.3680177,724.528510441408
1772937181.36803,-1317.1336866468541
1772937181.368039,-2104.000521407762
1772937181.3680472,-331.35509570296017
1772937181.3680556,1745.5363402932446
1772937181.3680637,1129.3530348012919
1772937181.3680725,-1656.6153352201627
1772937181.3680806,-2824.170382141416
1772937181.3680887,-364.25801819475487
1772937181.3680973,2708.7717696280088
1772937181.368106,1907.8741730447698
1772937181.3681147,-2374.095919805404
1772937181.3681233,-4425.255202794686
1772937181.3681316,-497.30177179940824
1772937181.3681445,5092.55052378475
1772937181.368158,4111.765153499692
1772937181.3681717,-4550.587777160898
1772937181.3681803,-10557.605724866224
1772937181.3681889,-2005.3587400898123
1772937181.3681977,20010.18509067715
1772937181.368206,39249.62744411333
1772937181.8177097,-541.0681027521991
1772937181.8177707,129.45788251710007
1772937181.817809,725.3369558736189
1772937181.8178377,415.28461916831907
1772937181.8178666,-362.0078495292157
1772937181.8178952,-509.9684182780851
1772937181.8179238,187.96495009388997
1772937181.8179595,760.9944817772837
1772937181.8179936,410.13058942089935
1772937181.8180127,-368.62177632828104
1772937181.818028,-475.7149376997394
1772937181.8180425,249.26965409143304
1772937181.8180528,797.3927108746267
1772937181.8180616,402.806929712637
1772937181.8180704,-378.65622688220117
1772937181.8180788,-443.1730207448822
1772937181.8180873,311.59475722278626
1772937181.8180964,835.421578638375
1772937181.8181047,395.12249044098786
1772937181.8181162,-390.8659434041505
1772937181.8181295,-412.0898868711299
1772937181.8181438,374.5582646463719
1772937181.8181536,874.6823308874569
1772937181.818162,387.3389154652492
1772937181.8181705,-403.72545417536793
1772937181.818179,-379.5994161117147
1772937181.818187,441.483179820651
1772937181.818195,917.4216392589209
1772937181.8182032,379.5033732405711
1772937181.8182116,-419.2610897926558
1772937181.8182201,-348.63177424734556
1772937181.8182309,509.8497819242571
1772937181.8182397,962.4171636750941
1772937181.818248,372.2052204689851
1772937181.8182561,-434.974432070291
1772937181.8182645,-315.7039279627982
1772937181.8182733,581.8427618935481
1772937181.818282,1008.0072920799003
1772937181.81829,359.2522955398374
1772937181.8182983,-459.30971812141036
1772937181.8183072,-287.64054766227247
1772937181.818316,655.0308581256961
1772937181.8183248,1056.4323707952763
1772937181.8183331,346.2420350937758
1772937181.818342,-484.7356566247616
1772937181.8183508,-256.4662928533961
1772937181.8183603,735.3729777883307
1772937181.8183703,1108.658571220958
1772937181.8183796,328.0798754832607
1772937181.8183897,-519.7397099855172
1772937181.8183985,-229.14802296663268
1772937181.8184078,820.7462297267525
1772937181.8184175,1166.9564058879223
1772937181.818428,308.8600568465849
1772937181.8184392,-560.0394264668195
1772937181.818468,-201.34614618026302
1772937181.8184845,914.8732665975471
1772937181.818498,1232.2660194000186
1772937181.8185067,285.3760191585447
1772937181.8185153,-610.9677677527503
1772937181.8185236,-176.4907809254718
1772937181.8185318,1017.7825197445187
1772937181.81854,1305.312021034069
1772937181.818549,255.79502303106366
1772937181.8185573,-675.8041132820936
1772937181.8185656,-154.81399860712082
1772937181.818574,1133.8902351610773
1772937181.8185823,1390.6583997194307
1772937181.8185909,219.34335449638016
1772937181.8185992,-759.7333968639443
1772937181.8186076,-139.28957485485844
1772937181.8186157,1265.6873430743865
1772937181.818624,1490.7763471975215
1772937181.8186324,171.34171377156733
1772937181.8186407,-871.9319858384199
1772937181.8186493,-131.6973454009829
1772937181.8186576,1425.3709393217425
1772937181.818666,1622.7092067627357
1772937181.8186743,118.40872522087535
1772937181.8186827,-1018.1989480708376
1772937181.818691,-135.99754487836327
1772937181.8186991,1620.8614385522503
1772937181.8187077,1794.710164737351
1772937181.818716,49.1606725837912
1772937181.8187244,-1227.094473658442
1772937181.8187327,-167.96060464358172
1772937181.818741,1870.2983994518086
1772937181.8187494,2037.022210069853
1772937181.8187578,-37.54559322045289
1772937181.818766,-1535.7503090260407
1772937181.8187745,-247.88672141157738
1772937181.818783,2214.7014994606357
1772937181.8187912,2412.608906160339
1772937181.8187997,-149.7871434962405
1772937181.8188097,-2041.8402263376984
1772937181.818818,-446.0240733279161
1772937181.8188264,2733.2208790280933
1772937181.8188353,3081.0415715163163
1772937181.8188434,-282.6372025363292
1772937181.8188531,-2984.973602562785
1772937181.8188615,-957.3719569267315
1772937181.8188698,3668.984287716208
1772937181.818878,4593.395018160992
1772937181.8188865,-378.6668239142495
1772937181.8188944,-5343.073318679523
1772937181.8189025,-2820.3604913113195
1772937181.8189108,6094.602185575333
1772937181.8189192,10571.805685868208
1772937181.8189273,851.1897613810066
1772937181.818936,-20195.36445386136
1772937181.8189445,-37808.26692708768
1772937182.3618777,33.54715231568277
1772937182.3619132,65.61437422877978
1772937182.3619394,88.28754386645433
1772937182.3619664,96.25053887577613
1772937182.3619933,93.02121886296563
1772937182.3620205,89.25391574187594
1772937182.3620472,93.85731469015018
1772937182.362074,105.6917532338881
1772937182.3621008,115.57738992510527
1772937182.3621273,117.39863550938055
1772937182.362154,115.3881004067239
1772937182.3621812,118.41193749294034
1772937182.3621893,128.35239596278396
1772937182.3621972,137.67854293419882
1772937182.3622053,139.54047110225784
1772937182.3622131,137.02445373796957
1772937182.3622212,139.06028135596193
1772937182.362229,148.3598986709933
1772937182.3622367,157.72922646820115
1772937182.3622448,159.89820067047867
1772937182.3622522,157.5379695474099
1772937182.36226,159.69337895401313
1772937182.362268,169.4024953594825
1772937182.3622758,179.48635774989597
1772937182.3622837,182.36908417385166
1772937182.362291,180.43095806462102
1772937182.3622992,182.57807462115045
1772937182.3623068,191.7861109053888
1772937182.3623147,200.98481883006693
1772937182.3623223,203.1017928311824
1772937182.36233,201.2365586630453
1772937182.3623378,204.52991477667277
1772937182.362354,215.23891121554388
1772937182.362362,225.12900701011333
1772937182.3623698,226.62186140182231
1772937182.3623776,223.4496897709113
1772937182.3623853,225.805100555144
1772937182.362393,236.32837467441973
1772937182.3624008,246.27172396771675
1772937182.3624089,247.40993771548693
1772937182.3624165,243.43047106984864
1772937182.362424,244.993704005531
1772937182.3624318,255.14466385568744
1772937182.3624396,265.22961277276244
1772937182.3624473,267.01246090384257
1772937182.362455,264.1547769488419
1772937182.3624623,267.0132829366478
1772937182.36247,277.96195635808465
1772937182.3624778,287.82456256934137
1772937182.3624856,288.6124649593368
1772937182.3625133,284.85647989699225
1772937182.3625207,287.5203909285143
1772937182.3625283,298.76965527578614
1772937182.3625357,308.8882846099077
1772937182.362546,309.8531755160319
1772937182.3625588,306.65271466179087
1772937182.3625708,310.316815575149
1772937182.3625817,322.22386385194613
1772937182.3625896,331.8106768862242
1772937182.3625972,331.28229165772285
1772937182.3626049,326.8533823756864
1772937182.3626125,330.43049425754276
1772937182.3626204,342.96720708135655
1772937182.362628,352.84829323872884
1772937182.3626356,351.997440408848
1772937182.3626432,347.3664423616465
1772937182.362651,351.41848931102606
1772937182.3626585,364.56234965453274
1772937182.362666,374.2594798227508
1772937182.3626738,372.5296685737118
1772937182.3626812,367.4721315010753
1772937182.3626893,372.1976263792614
1772937182.362697,386.216984197784
1772937182.3627045,395.5900981687009
1772937182.3627124,392.3055712699092
1772937182.36272,385.95204367373657
1772937182.3627276,390.74993901364826
1772937182.3627353,405.5328806506421
1772937182.362743,414.99154493998657
1772937182.3627503,411.20077606208423
1772937182.3627584,405.3773664814865
1772937182.3627663,412.52802102494996
1772937182.3627737,429.779882270362
1772937182.3627813,439.3049741004001
1772937182.362789,433.01888017913416
1772937182.3627968,424.79554588715246
1772937182.362805,431.94860474495925
1772937182.3628123,450.7595496454733
1772937182.3628197,460.733430294811
1772937182.3628273,453.0585982100995
1772937182.3628347,443.8316821527754
1772937182.3628423,452.2108797495758
1772937182.36285,472.8526103671079
1772937182.3628576,482.0152199140296
1772937182.3628652,470.7725928128218
1772937182.3628724,459.2407381386699
1772937182.36288,469.8189916009853
1772937182.3628876,494.9598438358465
1772937182.3628955,505.6103388760905
1772937182.3629029,491.42706105643765
1772937182.3629105,477.27818581073313
1772937182.362918,490.138696737081
1772937182.3629255,519.9586042887025
1772937182.3629332,530.7710044738274
1772937182.3629405,510.79997505552825
1772937182.3629484,492.49773883605576
1772937182.3629558,509.80390803758337
1772937182.3629637,547.7940230288618
1772937182.3629713,557.8425148052125
1772937182.3629787,525.1852495445659
1772937182.3629868,497.0428713458877
1772937182.3629942,523.1528481986031
1772937182.3630016,581.0431916635225
1772937182.3630092,593.8004175747656
1772937182.3630168,533.9612996321405
1772937182.3630245,480.53239800625715
1772937182.363032,532.925010773761
1772937182.3630395,663.7262333074287
1772937182.3630471,694.4704348292264
1772937182.3630548,457.28896541497403
1772937182.8327277,56.631268891609054
1772937182.8327696,62.714504538484995
1772937182.8327963,71.32988259573779
1772937182.8328233,75.38934692601862
1772937182.83285,74.31998797813876
1772937182.8328767,74.94127767393434
1772937182.8329036,81.89716860340378
1772937182.83293,91.09814968014062
1772937182.8329568,95.42932990557068
1772937182.8329794,94.69938359015958
1772937182.8330061,95.78770786422655
1772937182.8330283,102.76083182556603
1772937182.8330364,110.96248881835479
1772937182.8330443,113.57641661336591
1772937182.833052,111.51148448017487
1772937182.8330598,112.54255743263337
1772937182.8330677,120.61596487115506
1772937182.833076,130.19824334233854
1772937182.833084,133.7397608832775
1772937182.8330915,132.02947585199368
1772937182.8330991,133.04002523782165
1772937182.833134,140.83517834524426
1772937182.8331416,149.99107473218803
1772937182.8331494,153.27934699339076
1772937182.833157,151.78007914575463
1772937182.8331647,153.20408072673004
1772937182.8331723,160.84079436318135
1772937182.8331797,168.83187326437113
1772937182.8331873,170.57817699507032
1772937182.8331952,168.411733762073
1772937182.8332028,170.62555126109183
1772937182.8332107,179.73697132508906
1772937182.8332183,188.52950709130127
1772937182.833226,189.81931017136063
1772937182.8332336,186.54654887315067
1772937182.8332412,187.9531956520107
1772937182.8332489,196.8972380334143
1772937182.8332565,205.932816585059
1772937182.833264,207.75237667456537
1772937182.8332715,205.45695836625137
1772937182.833279,208.15889206707317
1772937182.8332863,217.93427687903224
1772937182.8332942,226.5170224675729
1772937182.833302,226.70400973579032
1772937182.8333097,222.68474691599715
1772937182.8333173,224.6252458763109
1772937182.833325,234.72003762390895
1772937182.8333323,244.10975001552708
1772937182.83334,245.15170419765667
1772937182.8333473,242.02927863306314
1772937182.8333547,244.78985978914122
1772937182.8333626,255.05911986484364
1772937182.83337,263.5623778122914
1772937182.8333778,263.18663173710996
1772937182.8333852,259.3064507537876
1772937182.833396,262.557042206157
1772937182.833407,273.83640716524565
1772937182.8334184,282.6486090159728
1772937182.8334303,281.54383877751224
1772937182.8334436,276.65285978684994
1772937182.8334556,279.3258017062008
1772937182.833468,290.27681379386746
1772937182.83348,298.52071450050875
1772937182.8334925,296.91788116839643
1772937182.8335032,292.56818684406056
1772937182.8335109,297.05141065098906
1772937182.8335187,309.85195769221946
1772937182.8335264,318.49492849633793
1772937182.8335342,315.8401826491166
1772937182.833542,310.45011706850886
1772937182.8335495,314.94339395746147
1772937182.8335605,328.14544747408746
1772937182.8335738,336.3240872776535
1772937182.833583,332.4768207661983
1772937182.8335915,326.726667994275
1772937182.8336,332.48530492147825
1772937182.8336082,347.16603300586274
1772937182.8336165,354.9860567637202
1772937182.8336267,349.02573791174024
1772937182.83364,341.8437872421972
1772937182.8336525,348.68744456010137
1772937182.8336647,365.7978931634589
1772937182.8336763,374.6403403554379
1772937182.8336878,367.49378818166565
1772937182.833701,358.9769400749139
1772937182.8337133,366.21413951634116
1772937182.8337245,384.3094796844436
1772937182.833736,392.11840593122764
1772937182.833748,381.90311798261615
1772937182.8337603,371.64323700632747
1772937182.833773,380.97126879914595
1772937182.8337855,402.84145952959284
1772937182.8337991,411.59298601420954
1772937182.8338113,398.62559329186115
1772937182.8338196,386.27516567107057
1772937182.833828,397.9019612130776
1772937182.8338366,423.74367392554586
1772937182.833845,431.87277063363626
1772937182.8338535,412.82123197542364
1772937182.8338616,396.2292255669968
1772937182.8338697,411.9091527627134
1772937182.833878,445.6578854097755
1772937182.8338861,454.0933013947667
1772937182.8338974,424.9596402302977
1772937182.83391,400.806732790682
1772937182.833924,425.0259147001302
1772937182.8339348,476.2300387166475
1772937182.8339431,485.9049540775143
1772937182.8339517,431.1963033869889
1772937182.83396,383.8230364563053
1772937182.8339686,431.7277918723356
1772937182.8339767,548.6309234292297
1772937182.833985,574.6288578685408
1772937182.8339932,361.0141655705016
1772937182.8340044,-62.30899771523646
1772937183.180107,38395.331394651934
1772937183.180149,18841.304101609432
1772937183.1801748,-2680.4328141343676
1772937183.1802015,-10508.01658712984
1772937183.1802287,-4392.039138893952
1772937183.1802557,3705.0398367657945
1772937183.1802824,4244.213791887971
1772937183.180303,-1069.411338155659
1772937183.1803117,-4397.476392886903
1772937183.18032,-2248.2439683042503
1772937183.180328,1513.5441948007413
1772937183.180336,1922.0201532678188
1772937183.1803436,-853.4770408655851
1772937183.1803513,-2735.880697245732
1772937183.1803591,-1517.0469740207982
1772937183.1803668,729.3808248652709
1772937183.1803744,989.3810739240275
1772937183.180382,-739.4511499967731
1772937183.18039,-1937.420550804767
1772937183.1803977,-1158.178965869424
1772937183.180406,304.54675983687866
1772937183.1804135,486.9138107222676
1772937183.180421,-645.2771725101168
1772937183.1804287,-1450.6473265824889
1772937183.1804364,-954.8396162073971
1772937183.1804445,19.16627488013811
1772937183.1804523,175.29910782508296
1772937183.1804602,-547.7560998848073
1772937183.180468,-1104.0714689886868
1772937183.180476,-831.8103600519414
1772937183.1804836,-202.96847036914022
1772937183.1804912,-36.21945993273007
1772937183.1804988,-440.17726364463533
1772937183.1805065,-830.045957008917
1772937183.180514,-760.777789362463
1772937183.1805215,-399.82682248446343
1772937183.180529,-191.3594006373582
1772937183.1805367,-318.78955633426915
1772937183.180545,-594.9794965593588
1772937183.1805525,-728.5454991646972
1772937183.18056,-590.3952253704074
1772937183.1805675,-306.7213465758662
1772937183.1805751,-171.27591818055336
1772937183.180583,-375.41397366771804
1772937183.1805906,-734.7868408728866
1772937183.180598,-799.8077086126365
1772937183.180606,-401.1535964150224
1772937183.1806133,11.238560018182266
1772937183.180621,-151.84362512507872
1772937183.1806285,-778.5644664824698
1772937183.1806364,-1043.7681460007802
1772937183.1806443,-475.98110934137554
1772937183.180652,255.0146217304069
1772937183.1806593,99.45805070555792
1772937183.180667,-874.1500141712615
1772937183.1806746,-1360.9440944457501
1772937183.1806824,-541.090529258951
1772937183.18069,598.7314995426605
1772937183.1806977,412.98490953772875
1772937183.1807053,-1052.5840581625014
1772937183.1807127,-1822.0311378584045
1772937183.1807203,-607.0118041515606
1772937183.180728,1129.2566412899464
1772937183.1807356,862.9731330277804
1772937183.1807432,-1386.6024921690096
1772937183.180751,-2590.431307984516
1772937183.1807587,-685.4913624188903
1772937183.1807663,2095.4596147369884
1772937183.180774,1672.4251977930655
1772937183.1807816,-2095.8192031722506
1772937183.1807892,-4221.251853615335
1772937183.1807969,-859.6252874590748
1772937183.1808045,4454.68659353225
1772937183.180812,3879.950442516134
1772937183.1808197,-4233.378292080362
1772937183.1808274,-10297.836002775557
1772937183.1808348,-2393.820758430772
1772937183.1808424,19104.57571684186
1772937183.18085,38447.64298299085
1772937183.647693,-276.36630971596674
1772937183.6477425,349.92460215543645
1772937183.647774,543.4951978265673
1772937183.6478033,42.614856849375734
1772937183.6478302,-456.5996600777246
1772937183.6478574,-261.76969452621336
1772937183.6478841,361.32554752242476
1772937183.647911,556.1458341852078
1772937183.6479375,57.10992676060979
1772937183.6479657,-443.5448111385714
1772937183.647993,-250.25568407786218
1772937183.648006,375.0217754824769
1772937183.6480145,571.9171379212946
1772937183.648023,68.97545322549672
1772937183.648031,-437.8389036296889
1772937183.6480389,-242.62665540178762
1772937183.648047,393.1695250006275
1772937183.6480553,595.4323524474709
1772937183.648064,83.21329242474472
1772937183.6480725,-436.43605254033287
1772937183.6480803,-238.88612458997267
1772937183.6480885,413.1682493286389
1772937183.6480968,622.7362079160288
1772937183.648105,95.89585017008264
1772937183.6481133,-441.8145129199603
1772937183.6481214,-238.9201376618665
1772937183.6481292,437.64707048344985
1772937183.648137,657.2094536099344
1772937183.6481454,108.9161639972852
1772937183.6481535,-454.25749794856046
1772937183.6481616,-243.86702905669273
1772937183.6481695,466.07417958651405
1772937183.648178,698.6561002454232
1772937183.6481857,121.11370892089839
1772937183.648194,-475.801999941575
1772937183.648202,-254.53550171705615
1772937183.64821,500.5045581351428
1772937183.648218,750.7298270727902
1772937183.6482258,134.83522380551702
1772937183.648234,-506.2531678125654
1772937183.6482415,-270.5714703490129
1772937183.6482496,543.4693812452728
1772937183.6482573,816.396129028504
1772937183.6482651,149.73639598546464
1772937183.6482728,-549.7961041460355
1772937183.6482809,-295.94360455146284
1772937183.6482885,594.5930862298411
1772937183.6482968,896.3599167653416
1772937183.6483047,161.93668369476552
1772937183.6483126,-615.548766541028
1772937183.6483207,-338.1188343586827
1772937183.6483283,654.6275660367947
1772937183.648336,997.2847432222399
1772937183.6483438,175.82768466199792
1772937183.6483512,-703.8382740809245
1772937183.6483593,-394.9212337947501
1772937183.6483672,733.9846808062564
1772937183.6483753,1130.3790825442434
1772937183.648383,189.40202848562737
1772937183.6483908,-830.6909226293084
1772937183.6483984,-478.106841883585
1772937183.648406,841.4803779277338
1772937183.6484141,1315.7561000165013
1772937183.6484215,207.51795941537117
1772937183.6484299,-1015.1524509909788
1772937183.648438,-605.7330059085294
1772937183.6484458,986.7235846398004
1772937183.6484537,1577.5721359020051
1772937183.6484613,226.88829400213922
1772937183.6484692,-1297.760205421572
1772937183.6484773,-804.1006919255703
1772937183.648485,1209.7976118025035
1772937183.6484926,1989.9401533233952
1772937183.6485004,256.58454964478875
1772937183.648508,-1768.5956169486876
1772937183.6485157,-1152.0005363121604
1772937183.6485236,1577.1131676838427
1772937183.6485448,2711.2210151433806
1772937183.6485527,309.53784995120634
1772937183.6485603,-2668.9410891430584
1772937183.6485682,-1864.9629240955305
1772937183.6485755,2309.8666349714545
1772937183.6485837,4295.104367470712
1772937183.6485915,472.3303680148824
1772937183.648599,-4947.7871693907
1772937183.6486065,-3980.860296894513
1772937183.648615,4445.375185544053
1772937183.6486225,10309.030301215851
1772937183.64863,2029.009972546633
1772937183.6486375,-19444.24714859329
1772937183.6486454,-38457.20322559499
1772937183.6486533,-38814.009379007744
1772937183.648661,-20019.435508610186
1772937183.6486685,2037.353401179445
1772937183.6486766,10901.700547142362
1772937183.6486843,4819.805507371597
1772937183.648692,-4322.113106245842
1772937183.6486995,-5507.27243755512
1772937183.6487072,502.4761455920492
1772937183.6487153,4915.554583411274
1772937183.6487231,2708.39366627887
1772937183.6487308,-2192.600449305078
1772937183.6487389,-3217.057169076061
1772937183.6487472,362.9713364889909
1772937183.648759,3365.5913663602014
1772937183.64877,2001.6511784784248
1772937183.648781,-1471.9180057822805
1772937183.6487918,-2311.436532778008
1772937183.6488035,335.404548348567
1772937183.648815,2685.2356552643178
1772937183.6488285,1661.3849514813492
1772937183.6488395,-1123.5735023274938
1772937183.648847,-1840.1805346278031
1772937183.6488547,336.5411096181447
1772937183.6488626,2320.6552427949
1772937183.6488702,1460.927300219484
1772937183.648878,-930.7872040117502
1772937183.648886,-1537.6417235179001
1772937183.6488936,384.38538583344337
1772937183.6489012,2063.889983447907
1772937184.128594,751.7390461578664
1772937184.128636,-709.038602331484
1772937184.1286623,-1102.998913053704
1772937184.1286893,39.42582021141159
1772937184.1287155,1103.8572826769328
1772937184.128742,667.4647804817807
1772937184.1287687,-604.1191629595028
1772937184.1287956,-955.9250689998105
1772937184.1288223,45.498279165999
1772937184.128849,991.0347577394193
1772937184.1288753,609.2425064323764
1772937184.128902,-525.9826894388225
1772937184.12891,-846.4453574873224
1772937184.128918,52.92999533772298
1772937184.1289258,911.2605778408587
1772937184.128934,568.8521843594685
1772937184.1289415,-466.23172495870494
1772937184.1289496,-763.2592893280765
1772937184.1289575,60.86631752234587
1772937184.1289651,854.3286147616668
1772937184.1289732,540.5729163952673
1772937184.1289809,-420.6388893933743
1772937184.1289885,-700.4624741109088
1772937184.128997,67.81471007941978
1772937184.129005,813.2840973200044
1772937184.1290128,520.9629328560236
1772937184.1290205,-385.26075699722907
1772937184.129028,-651.7566131522311
1772937184.1290357,76.25244656848008
1772937184.1290438,786.959774296972
1772937184.1290514,509.6492017283679
1772937184.1290596,-358.0666539702535
1772937184.1290672,-615.7252441317155
1772937184.1290853,84.54126077634471
1772937184.129093,773.0431349967864
1772937184.1291008,508.1648535224213
1772937184.1291084,-332.9252292225778
1772937184.1291163,-586.1188443164634
1772937184.1291244,93.867339010506
1772937184.1291318,766.5906427596049
1772937184.1291397,508.5053891984257
1772937184.1291473,-317.1964947462409
1772937184.1291552,-567.7223368497391
1772937184.1291633,102.54118680456388
1772937184.129171,769.050806997771
1772937184.1291785,514.4790547715434
1772937184.1291862,-306.79748017891853
1772937184.129194,-558.45229244593
1772937184.1292017,110.13618709747647
1772937184.1292093,779.13914251006
1772937184.129217,525.9949634605662
1772937184.1292248,-300.0565767320276
1772937184.1292326,-555.8473746256911
1772937184.1292405,118.6703236494591
1772937184.129248,797.7954820092083
1772937184.1292555,542.7608871891754
1772937184.1292636,-298.4077642825753
1772937184.1292713,-562.0737881735814
1772937184.129279,125.75826720376304
1772937184.1292868,822.3896729122891
1772937184.1292944,561.3579964324567
1772937184.1293025,-305.86032285178106
1772937184.12931,-579.8294596975903
1772937184.1293175,132.33083543639847
1772937184.129326,857.5198093608511
1772937184.129334,587.0893172558705
1772937184.1293416,-319.5792707288896
1772937184.1293492,-608.8528632492485
1772937184.129357,138.6608851493621
1772937184.1293647,905.1108492794385
1772937184.1293728,622.1914686799922
1772937184.1293805,-338.97986335356256
1772937184.129388,-649.5018361196331
1772937184.1293957,145.9437220223201
1772937184.129403,967.9662918265836
1772937184.1294112,667.4733932274522
1772937184.1294188,-367.9010382528693
1772937184.1294467,-707.4143487176267
1772937184.1294544,152.39484169804416
1772937184.129462,1049.0669452211532
1772937184.1294696,724.8542905190089
1772937184.1294773,-410.31750361180985
1772937184.1294847,-788.5401346312553
1772937184.1294923,158.7510936709405
1772937184.1294997,1157.0102247293157
1772937184.1295073,800.7659616552523
1772937184.1295152,-470.9251209607484
1772937184.1295228,-903.3687798974117
1772937184.1295307,162.95159568276534
1772937184.129538,1301.5936968791343
1772937184.1295457,902.4208338744845
1772937184.1295533,-558.326511750491
1772937184.1295607,-1066.5221916577116
1772937184.1295683,168.33532951848443
1772937184.129576,1508.2460820017625
1772937184.1295838,1048.3200215192815
1772937184.1295917,-689.0941416380361
1772937184.1295996,-1314.4799658725062
1772937184.1296072,165.06941923529413
1772937184.1296148,1808.507082047871
1772937184.1296227,1263.0854102734822
1772937184.1296303,-897.3348206591257
1772937184.129638,-1710.257530467627
1772937184.1296458,155.88425945729705
1772937184.1296535,2300.496141470589
1772937184.129661,1627.3815256438766
1772937184.129669,-1252.883596603197
1772937184.1296768,-2417.6084107053966
1772937184.1296847,123.9069993357675
1772937184.1296928,3224.59052343008
1772937184.1297004,2358.757928682674
1772937184.129708,-1972.4861466643986
1772937184.1297157,-3984.1850445740392
1772937184.1297235,-12.731833757245608
1772937184.129731,5528.116081449249
1772937184.1297386,4484.769796317313
1772937184.1297464,-4105.310322045073
1772937184.129754,-9976.633554815027
1772937184.1297617,-1522.4318053159204
1772937184.1297696,20044.201131511945
1772937184.1297772,38852.73553467084
1772937184.5304785,-952.7328272180735
1772937184.530516,-1721.3888519193422
1772937184.5305421,13.225797730009953
1772937184.5305688,2031.3759963339792
1772937184.5305958,1414.0715832924395
1772937184.5306227,-1302.4950192049837
1772937184.5306494,-2422.7873045950587
1772937184.5306761,-21.34714227352647
1772937184.530703,2946.6359142992833
1772937184.5307167,2141.670189370184
1772937184.5307248,-2016.442987666989
1772937184.5307329,-3984.930523724435
1772937184.5307405,-166.51789287686128
1772937184.5307484,5235.400180728976
1772937184.5307562,4267.600034273885
1772937184.530764,-4129.05103709679
1772937184.530772,-9963.928551494975
1772937184.53078,-1701.3344334442127
1772937184.5307882,19706.013916690772
1772937184.5307958,38659.022009868895
1772937184.530804,39019.369585110006
1772937184.5308115,20290.16505590953
1772937184.5308194,-1698.1942843274478
1772937184.5308273,-10542.634084056326
1772937184.5308352,-4482.8005399063095
1772937184.530843,4640.896116620791
1772937184.530851,5837.724895700684
1772937184.5308588,-149.05116105549888
1772937184.5308669,-4557.394419478256
1772937184.5308745,-2362.9426603490356
1772937184.530882,2533.4911577358835
1772937184.5308897,3572.676372419459
1772937184.5308976,7.978946529286073
1772937184.5309055,-2998.1510333594406
1772937184.530913,-1646.850478210253
1772937184.530921,1830.1262932786003
1772937184.5309289,2691.458899225792
1772937184.5309367,58.06720297263556
1772937184.5309443,-2304.3640821804047
1772937184.5309525,-1298.5205079929465
1772937184.5309603,1496.0915333365604
1772937184.530968,2245.552097868792
1772937184.530976,81.44452915905177
1772937184.5309837,-1933.2999506367607
1772937184.5309913,-1106.5373590461206
1772937184.530999,1311.6069943186853
1772937184.5310068,1995.4044262498624
1772937184.5310144,96.99217273355907
1772937184.531022,-1717.4654796888708
1772937184.5310297,-992.5792431592234
1772937184.5310376,1209.7107014988221
1772937184.5310452,1856.3537076958435
1772937184.5310533,107.69517912408774
1772937184.5310607,-1597.8248085635473
1772937184.5310683,-930.6238451105521
1772937184.531076,1160.138775246221
1772937184.5310838,1794.0489523561732
1772937184.5310917,119.1727268008538
1772937184.5310996,-1544.4378379632597
1772937184.5311072,-907.7291056973517
1772937184.5311148,1147.8414683774774
1772937184.5311227,1789.1447077508674
1772937184.5311303,127.86772905447073
1772937184.531138,-1550.3838567299722
1772937184.531146,-920.4774863789752
1772937184.531154,1171.4717805893422
1772937184.531162,1842.5872957926022
1772937184.5311697,136.55920694213413
1772937184.5311773,-1617.680701412411
1772937184.531185,-974.0614087303942
1772937184.5311923,1232.5292618064923
1772937184.5312,1963.1108123901934
1772937184.5312078,147.07418153828868
1772937184.5312154,-1758.5912617653594
1772937184.5312233,-1077.2719757598313
1772937184.5312307,1347.3855453567246
1772937184.5312383,2180.5826949107827
1772937184.531246,162.38664119999578
1772937184.5312536,-2010.5893995898698
1772937184.5312614,-1261.8993070513843
1772937184.5312693,1542.7783539085333
1772937184.5312767,2555.6696290325654
1772937184.5312843,185.7741783727705
1772937184.5312924,-2460.645973715594
1772937184.5313,-1599.1164039284704
1772937184.5313077,1892.5646944003768
1772937184.531315,3251.9696152544666
1772937184.5313227,232.58201629214327
1772937184.5313303,-3350.982656394176
1772937184.531338,-2308.3041283145026
1772937184.5313456,2613.0669704817865
1772937184.5313532,4818.426744009635
1772937184.531361,383.67249248221924
1772937184.5313687,-5637.03731126798
1772937184.5313768,-4427.701585574975
1772937184.5313845,4756.241407335647
1772937184.531392,10843.861780518777
1772937184.5313997,1905.5759842118762
1772937185.041451,-526.2643294533982
1772937185.0414953,-458.4152550716945
1772937185.0415332,-835.9749537170167
1772937185.041565,-1104.1352529499134
1772937185.041603,-853.0522828653245
1772937185.0416343,-435.47721847673995
1772937185.0416653,-469.63336918720233
1772937185.0416927,-925.5144617189178
1772937185.0417233,-1139.4730027817407
1772937185.0417423,-775.9765890876483
1772937185.0417504,-346.3503383633159
1772937185.041758,-489.5112867603228
1772937185.041766,-1024.0024345821105
1772937185.0417736,-1172.1199264064496
1772937185.0417821,-686.3669535863437
1772937185.04179,-251.21114947451744
1772937185.0417984,-519.4775085229771
1772937185.0418065,-1136.1117553488566
1772937185.0418143,-1201.7988133984747
1772937185.0418224,-577.8153350509666
1772937185.0418303,-145.29343032637075
1772937185.0418377,-563.3646903752904
1772937185.0418456,-1270.6113205533336
1772937185.041854,-1231.8620460181478
1772937185.0418615,-445.1143830092094
1772937185.0418694,-24.025493427538546
1772937185.0418775,-626.355381074934
1772937185.0418851,-1437.2740790233702
1772937185.0418928,-1262.361887236905
1772937185.0419009,-275.49875077734924
1772937185.0419085,122.52522186331254
1772937185.0419164,-716.0003049567156
1772937185.041924,-1651.8088349776258
1772937185.0419316,-1292.3133400489323
1772937185.0419393,-45.65790735011315
1772937185.041947,312.1846441680988
1772937185.0419545,-847.4744168067964
1772937185.0419621,-1946.9808413228584
1772937185.0419698,-1325.7258690346569
1772937185.0419776,282.74904422456257
1772937185.0419853,575.1179924101077
1772937185.041993,-1053.1789747869834
1772937185.0420003,-2389.417581771866
1772937185.0420089,-1368.073609481537
1772937185.0420167,797.8225286246783
1772937185.0420249,983.506777522054
1772937185.0420327,-1407.8764967403395
1772937185.0420403,-3144.5119445615915
1772937185.042048,-1436.3342412930947
1772937185.0420556,1739.9882561817606
1772937185.0420632,1755.1117527362562
1772937185.0420709,-2127.470481623101
1772937185.0420785,-4758.943541157215
1772937185.0420864,-1611.9409155826245
1772937185.0420945,4058.555076604717
1772937185.042102,3926.083162013109
1772937185.0421097,-4244.686046594296
1772937185.0421174,-10786.772098175858
1772937185.0421252,-3175.955527003401
1772937185.0421326,18543.736084391156
1772937185.0421405,38318.08686691843
1772937185.042148,38832.79913527776
1772937185.0421555,19364.3556391671
1772937185.0421631,-3201.6585138180026
1772937185.0421712,-11617.510489276201
1772937185.0421789,-4702.62952042563
1772937185.0421865,4497.721685818506
1772937185.042194,4869.197045831581
1772937185.0422015,-1689.5045695918045
1772937185.0422091,-5601.0181461787615
1772937185.0422168,-2530.2968817726523
1772937185.0422244,2382.0629577552527
1772937185.042232,2539.555209918879
1772937185.0422397,-1565.908393323537
1772937185.0422473,-3997.3040443938503
1772937185.042255,-1755.595804277296
1772937185.0422626,1663.292366452444
1772937185.04227,1581.2678914037726
1772937185.0422783,-1554.5085949622812
1772937185.042286,-3254.021345943806
1772937185.0422938,-1342.3575215928224
1772937185.0423012,1312.8269666902677
1772937185.0423093,1053.5634411360868
1772937185.042317,-1567.2738109591235
1772937185.0423248,-2821.189208258041
1772937185.0423324,-1074.8373673566007
1772937185.0423405,1109.6381788289766
1772937185.042348,710.6058665695998
1772937185.0423555,-1592.8844992509698
1772937185.0423634,-2537.102566480774
1772937185.0423713,-878.7650637880184
1772937185.042379,983.8575878689576
1772937185.0423868,468.10513751114365
1772937185.0423949,-1621.8475862647638
1772937185.042405,-2332.209010565437
1772937185.042416,-721.6962379095568
1772937185.0424278,900.87479150201
1772937185.0424402,279.2432807652884
1772937185.0424497,-1659.220856293152
1772937185.042457,-2178.863125520701
1772937185.0424652,-587.4487507332852
1772937185.042473,848.2217435018866
1772937185.0424805,126.61673282541486
1772937185.042488,-1702.0449771896238
1772937185.042496,-2059.3218056908568
1772937185.0425036,-467.19134456685896
1772937185.0425112,817.0187869493041
1772937185.042519,-1.7155295050300192
1772937185.0425267,-1749.1574351431068
1772937185.0425344,-1961.6586476333678
1772937185.0425425,-353.26976011408306
1772937185.04255,802.5224268458951
1772937185.0425577,-116.91470412749622
1772937185.0425656,-1808.5928979048483
1772937185.0425737,-1888.0183498761626
1772937185.0425813,-243.00552137725603
1772937185.0425892,813.7724237097985
1772937185.0425968,-206.88898780716002
1772937185.0426047,-1892.0423849276128
1772937185.0426123,-1928.1351824259038
1772937185.2965546,-313.0579973114983
1772937185.296592,654.5564764426299
1772937185.2966187,-313.8232288420314
1772937185.2966452,-1852.9368687436177
1772937185.296672,-1791.620829822592
1772937185.2966983,-211.11049645702204
1772937185.2967072,663.632231122343
1772937185.2967155,-405.3069344382419
1772937185.2967236,-1917.0521127868521
1772937185.2967317,-1735.5577014309958
1772937185.2967396,-103.07032314627199
1772937185.2967472,683.5880993741807
1772937185.2967553,-497.03840152656045
1772937185.2967632,-1992.293328208788
1772937185.2967715,-1684.165482935263
1772937185.2967792,16.081341776193238
1772937185.2967868,716.4599815679048
1772937185.2967944,-592.866547746366
1772937185.2968023,-2084.6697087387797
1772937185.2968104,-1639.9743858895097
1772937185.296818,147.3286306775034
1772937185.2968256,761.1659482148581
1772937185.2968333,-698.5579544695642
1772937185.296841,-2198.4985831596287
1772937185.2968485,-1597.60766803027
1772937185.2968564,303.78094829084006
1772937185.296864,825.3727612995718
1772937185.296872,-821.3982479796581
1772937185.2968795,-2348.552559176997
1772937185.2968876,-1562.2196744889295
1772937185.2968953,495.2358950489883
1772937185.296903,919.8224184577496
1772937185.2969108,-963.8999793199739
1772937185.2969189,-2543.1515070390933
1772937185.2969265,-1527.0688649530707
1772937185.2969341,745.5312237730499
1772937185.2969418,1057.2151660248367
1772937185.2969496,-1149.0399659111104
1772937185.2969575,-2821.7907989601845
1772937185.2969651,-1500.073042279581
1772937185.2969728,1091.3534586530045
1772937185.2969804,1267.223074610094
1772937185.2969882,-1408.6859199743842
1772937185.2969964,-3248.9700929743594
1772937185.297004,-1482.7786323065504
1772937185.2970116,1626.083978874141
1772937185.2970192,1628.1134985801978
1772937185.2970269,-1811.1906645804402
1772937185.2970345,-3984.459996426775
1772937185.297042,-1489.4942507005633
1772937185.2970495,2587.740701140429
1772937185.297057,2350.1272695598363
1772937185.2970645,-2582.177477191728
1772937185.2970724,-5582.6795176877
1772937185.29708,-1604.9450896567657
1772937185.2970877,4926.189460073159
1772937185.2970953,4472.084040776893
1772937185.297103,-4749.192891306609
1772937185.2971108,-11587.523189814583
1772937185.2971184,-3097.0655356958296
1772937185.297126,19431.138902064893
1772937185.2971337,38766.837427756924
1772937185.767912,-526.2517915555302
1772937185.7679431,-1433.0047127593948
1772937185.7679667,-1403.6059523499455
1772937185.7679963,-478.2723979479935
1772937185.7680256,43.977186710877945
1772937185.7680492,-570.6627359938782
1772937185.768074,-1458.712853257816
1772937185.768093,-1370.356962822449
1772937185.7681124,-425.7897804817767
1772937185.7681212,50.21474315016969
1772937185.7681293,-612.2996401563663
1772937185.7681377,-1484.2776815266413
1772937185.768146,-1338.9455695339295
1772937185.7681549,-376.3644315570127
1772937185.7681632,52.49358458873991
1772937185.7681715,-658.0189764503131
1772937185.76818,-1512.3245351301591
1772937185.768188,-1307.1364520076022
1772937185.768196,-324.525471066474
1772937185.768204,56.818006887810306
1772937185.768212,-703.3782556658564
1772937185.7682204,-1540.7507982251211
1772937185.7682288,-1275.1415779342265
1772937185.7682376,-272.5739371451878
1772937185.7682457,59.45891859860047
1772937185.768254,-751.9057073551871
1772937185.768267,-1570.7007727768741
1772937185.7682796,-1240.472680646125
1772937185.7682924,-215.22887138793902
1772937185.7683008,66.0510133206272
1772937185.768309,-799.941486839349
1772937185.7683172,-1601.4415554179773
1772937185.768325,-1205.0052281440924
1772937185.7683332,-156.15838513065282
1772937185.7683415,72.11148910725683
1772937185.76835,-851.5613678802049
1772937185.7683578,-1635.5195335169055
1772937185.768366,-1169.5697613789566
1772937185.768374,-95.45136783800938
1772937185.768382,77.23820267020211
1772937185.7683904,-907.3004859734278
1772937185.7683985,-1672.3672395382557
1772937185.7684069,-1131.8913134372478
1772937185.7684171,-30.271078676978185
1772937185.768427,82.98452202143427
1772937185.7684352,-967.3522848508625
1772937185.768443,-1712.5453139538474
1772937185.768451,-1091.5354078910116
1772937185.768459,40.346261819117764
1772937185.7684674,89.2442669742852
1772937185.7684755,-1033.2369120028995
1772937185.7684836,-1757.2004997671838
1772937185.7684915,-1047.3664935093523
1772937185.7684996,119.42392271526566
1772937185.7685077,98.57896460444566
1772937185.7685158,-1104.4171040101864
1772937185.7685237,-1807.0223038245201
1772937185.768532,-999.7215451810996
1772937185.76854,206.93548323640485
1772937185.7685485,109.81030254673121
1772937185.768556,-1183.6421787811787
1772937185.7685642,-1864.718187693538
1772937185.7685723,-949.823180274273
1772937185.7685804,302.18209897353034
1772937185.7685883,120.87019305064145
1772937185.7685964,-1273.5293470037543
1772937185.7686043,-1929.6017040019426
1772937185.7686124,-891.5319399464734
1772937185.7686205,413.06793135995696
1772937185.7686284,134.67341797692887
1772937185.7686365,-1378.4425454382588
1772937185.7686443,-2008.0507595158972
1772937185.7686524,-826.3533639034275
1772937185.7686603,543.4765774292201
1772937185.7686687,154.83334335821206
1772937185.7686765,-1498.7150004243426
1772937185.7686849,-2101.0916728913385
1772937185.7686944,-751.2957442055554
1772937185.7687027,698.2089245680163
1772937185.7687109,180.32613587582696
1772937185.7687187,-1643.3021299709326
1772937185.7687268,-2216.917642130572
1772937185.7687347,-664.246771692229
1772937185.7687428,886.5044507656128
1772937185.768751,213.9397637998929
1772937185.7687593,-1821.856094367585
1772937185.768767,-2365.947031666102
1772937185.7687752,-561.4081333981335
1772937185.768783,1122.4833310762554
1772937185.7687912,259.0925476752311
1772937185.7687993,-2051.446515722355
1772937185.7688072,-2566.0628173402274
1772937185.7688153,-434.25283082766134
1772937185.7688231,1437.0648661102637
1772937185.7688315,332.32253778980294
1772937185.7688391,-2352.399128470256
1772937185.7688472,-2846.011588318013
1772937185.768855,-272.49242492318086
1772937185.7688634,1876.2617681729846
1772937185.7688713,450.6124774002284
1772937185.7688797,-2780.1342455587815
1772937185.7688875,-3278.5324953282407
1772937185.7688954,-63.64358326209139
1772937185.7689035,2543.664683051864
1772937185.7689176,672.6065069812486
1772937185.76893,-3436.6072071155772
1772937185.768942,-4025.102808559157
1772937185.7689505,221.42185303241178
1772937185.76896,3715.6490353713584
1772937185.76897,1187.47438795362
1772937185.7689817,-4601.357072908578
1772937185.76899,-5635.4194526988595
1772937185.7689981,589.498479331853
1772937185.7690065,6409.127862840375
1772937185.7690153,2947.8863322044044
1772937185.769024,-7480.00366003863
1772937185.769032,-11680.61402868057
1772937185.7690403,4.464308785461472
1772937185.7690487,21620.591733688478
1772937185.769057,36496.84102977249
1772937185.9039893,60.588413043440035
1772937185.9040325,62.589020711031154
1772937185.9040477,61.8028992712707
1772937185.9040587,60.2581154369231
1772937185.9040709,61.23869624380123
1772937185.904081,64.6631516527301
1772937185.90409,67.04324751054446
1772937185.9040997,66.29329866137641
1772937185.9041088,64.73574249242327
1772937185.9041183,65.89946573967664
1772937185.9041271,69.40084181353158
1772937185.9041364,71.21421650858593
1772937185.9041452,69.29671160099348
1772937185.9041536,66.75850372127447
1772937185.9041624,67.76926994468697
1772937185.9041708,71.60352597147796
1772937185.9041796,73.39198053740058
1772937185.9041882,71.07159936918846
1772937185.9041965,68.84428063197772
1772937185.9042048,71.57364281658482
1772937185.9042132,77.34581114362024
1772937185.9042215,79.12283785270516
1772937185.9042306,74.46501290978966
1772937185.9042392,70.12760269543273
1772937185.9042478,73.72926311283719
1772937185.9042563,82.4305119006308
1772937185.904266,84.85087923205062
1772937185.9042804,76.29330484677817
1772937185.9042938,67.9429916671833
1772937185.9043062,74.91340330003626
1772937185.9043148,94.21552479687121
1772937185.904323,100.06839291549069
1772937185.9199948,67.10009305803426
1772937186.415348,-38643.379627276314
1772937186.4153812,-19871.14952270454
1772937186.4154088,1779.6749425660544
1772937186.41544,10322.889749977247
1772937186.4154727,4384.205425663078
1772937186.4155028,-4366.169389815934
1772937186.4155316,-5444.4612526395385
1772937186.4155583,246.6595550256486
1772937186.4155858,4353.3306372455645
1772937186.4156127,2271.326211102568
1772937186.41564,-2246.3005481052314
1772937186.4156528,-3160.087276143536
1772937186.4156606,99.70107757372121
1772937186.4156685,2789.4976092500715
1772937186.4156766,1554.885262012341
1772937186.4156847,-1521.420058793842
1772937186.4156923,-2247.6152212966927
1772937186.4157007,62.23667450307848
1772937186.4157093,2085.560442202914
1772937186.4157178,1202.9559911333397
1772937186.4157257,-1161.6008564736271
1772937186.4157333,-1765.583482399263
1772937186.4157417,46.92836250283109
1772937186.4157495,1690.85406647552
1772937186.4157577,996.4136466970365
1772937186.4157653,-951.3123217982121
1772937186.415773,-1473.348067236898
1772937186.4157803,40.198652469351934
1772937186.4157882,1445.4717312733865
1772937186.415796,866.095268925398
1772937186.4158041,-813.8446918333487
1772937186.415812,-1279.3617930954354
1772937186.4158196,39.03920615092635
1772937186.4158273,1283.6703713995187
1772937186.415835,778.3204733233297
1772937186.4158423,-721.6630345841357
1772937186.41585,-1146.996324650493
1772937186.415858,40.59810678750446
1772937186.415866,1176.4860261522526
1772937186.415874,722.0062120449464
1772937186.4158816,-655.1641459643221
1772937186.4158895,-1054.6056494257002
1772937186.415897,41.257684783973644
1772937186.4159045,1101.9424257363462
1772937186.4159124,683.1803177901858
1772937186.41592,-609.3003384317877
1772937186.4159276,-991.4280535444199
1772937186.4159353,41.748139249334464
1772937186.415943,1052.0704139688853
1772937186.4159505,657.6868995653689
1772937186.4159582,-579.008323207356
1772937186.4159656,-950.1373519483489
1772937186.4159732,43.84978471777612
1772937186.415981,1024.5729319034238
1772937186.4159887,645.9029338627472
1772937186.4159963,-559.4878119646748
1772937186.4160042,-926.7883067761893
1772937186.4160118,45.92549310959448
1772937186.4160194,1013.9707424937363
1772937186.416027,643.7840669390888
1772937186.4160347,-550.9977828271066
1772937186.4160423,-919.8437847123936
1772937186.4160504,48.84872607047463
1772937186.416058,1020.2461422255701
1772937186.4160657,650.9849734148851
1772937186.416073,-554.7331515791096
1772937186.4160807,-931.815310891719
1772937186.4160883,50.327023240514364
1772937186.4160957,1043.804102118112
1772937186.4161036,670.9917987618074
1772937186.4161112,-566.4148988027647
1772937186.4161189,-959.8399205776198
1772937186.4161265,51.60181401277162
1772937186.4161344,1084.5194148593662
1772937186.4161417,701.2106353093184
1772937186.4161494,-591.7698320579552
1772937186.4161568,-1009.9710210201697
1772937186.4161644,51.020976337377164
1772937186.4161725,1146.0210679059098
1772937186.41618,745.6144044042345
1772937186.4161875,-630.9384528588705
1772937186.4161952,-1083.4803716410865
1772937186.4162028,53.39951708055442
1772937186.4162107,1239.642968246083
1772937186.4162183,812.1440241644794
1772937186.416226,-688.095414321102
1772937186.416234,-1191.3573469123373
1772937186.416242,55.18125942896877
1772937186.4162495,1372.9946483087238
1772937186.4162571,905.2128032285781
1772937186.4162648,-775.8928042558476
1772937186.4162729,-1354.2967379264087
1772937186.4162805,52.13762160499536
1772937186.4162884,1564.94892641008
1772937186.416296,1041.0588401115858
1772937186.4163039,-907.0551517259166
1772937186.4163113,-1599.7306490096237
1772937186.416319,45.759893092826765
1772937186.4163265,1857.4614852038412
1772937186.4163344,1251.5026105038537
1772937186.416342,-1113.0714758007764
1772937186.41635,-1993.1078350271628
1772937186.4163575,32.28293337693217
1772937186.416365,2340.9734684543323
1772937186.4163728,1612.0002521888396
1772937186.4163804,-1464.6791118193212
1772937186.416388,-2696.529272560737
1772937186.416396,-4.917792171633772
1772937186.4164035,3252.3739415585696
1772937186.4164112,2334.599821956152
1772937186.4164188,-2182.382180096767
1772937186.4164264,-4258.371928837498
1772937186.416434,-147.7373560279363
1772937186.4164417,5538.540012944752
1772937186.4164493,4451.017204454539
1772937186.4164567,-4300.159560948553
1772937186.4164643,-10226.352381133855
1772937186.4164724,-1672.15943049623
1772937186.41648,19963.277960495732
1772937186.4164877,38683.489289089266
1772937186.8794348,1818.815687789578
1772937186.8794737,2045.577479312581
1772937186.8795,476.6552318950719
1772937186.8795269,-683.760590890619
1772937186.8795533,212.76034767608624
1772937186.8795798,1919.5368002954167
1772937186.879607,2028.3250293113124
1772937186.879634,366.7150270845001
1772937186.8796608,-731.3077711557303
1772937186.8796828,298.53997126323475
1772937186.8797092,2024.6758267973685
1772937186.8797364,2009.9166593775942
1772937186.8797538,252.89242381185153
1772937186.8797617,-776.8260000031013
1772937186.8797693,393.5703928142497
1772937186.8797772,2136.3414233236463
1772937186.8797848,1986.6013804357744
1772937186.8797925,128.0841885981909
1772937186.8798003,-825.4676533615892
1772937186.8798094,497.67129645731904
1772937186.8798263,2257.4827371541446
1772937186.8798409,1960.5672585002944
1772937186.8798568,-7.845324982414138
1772937186.8798687,-878.4710963416137
1772937186.8798811,609.3019652553513
1772937186.8798923,2385.189903627736
1772937186.8799052,1927.4565276387798
1772937186.8799205,-157.1258003821273
1772937186.8799317,-931.5016933743385
1772937186.8799436,738.7292368063382
1772937186.8799565,2528.887875681297
1772937186.8799653,1889.4562442201088
1772937186.879974,-324.2056350026848
1772937186.879982,-989.8641380898915
1772937186.8799896,882.8025291411893
1772937186.879998,2684.645369041199
1772937186.880006,1839.1745984451557
1772937186.880014,-515.7446566311924
1772937186.880022,-1052.0651007650356
1772937186.8800294,1051.4195999908125
1772937186.8800378,2861.298065334722
1772937186.8800457,1776.0147781328453
1772937186.8800533,-738.2379550115256
1772937186.8800611,-1119.7219050446706
1772937186.8800688,1250.672201039833
1772937186.8800764,3062.8824790276753
1772937186.880084,1693.7472371808346
1772937186.8800917,-1000.7596739824054
1772937186.8800993,-1189.6515030264468
1772937186.880107,1496.587954839017
1772937186.8801353,3299.1878465751465
1772937186.8801432,1580.7711544358879
1772937186.8801508,-1324.7591763037103
1772937186.8801584,-1267.3392326954818
1772937186.8801658,1804.135601372405
1772937186.8801732,3579.557128530132
1772937186.8801808,1420.501428696006
1772937186.8801885,-1732.375425228913
1772937186.880196,-1341.5210581001058
1772937186.8802037,2216.810097837476
1772937186.880211,3926.719107194574
1772937186.8802192,1177.841585026093
1772937186.8802269,-2274.482185478733
1772937186.8802345,-1400.9152017675005
1772937186.8802423,2808.089304229999
1772937186.8802502,4373.645782528598
1772937186.880258,773.6468368023669
1772937186.8802657,-3051.8910476619335
1772937186.880273,-1403.1976529500453
1772937186.8802807,3753.8328701160294
1772937186.8802884,4982.0097478345915
1772937186.880296,-17.30264683389827
1772937186.8803034,-4330.4415898877605
1772937186.880311,-1187.0207819264606
1772937186.8803189,5623.967476118614
1772937186.8803265,5922.728699876044
1772937186.880334,-2106.3131465019733
1772937186.8803413,-7232.560327533925
1772937186.8803487,168.70284732072687
1772937186.8803563,12005.797361928218
1772937186.880364,8656.433768269524
1772937186.8803716,-16171.471456611058
1772937186.8803792,-42677.73676962721
1772937186.880387,-44033.40731138027
1772937186.8803947,-17462.639002177028
1772937186.8804026,10732.905074773193
1772937186.8804102,14638.757077511695
1772937186.8804178,-1949.6925148196476
1772937186.8804257,-12431.51910139062
1772937186.880433,-2019.950259826858
1772937186.8804407,13798.850752478664
1772937186.8804486,10891.089110496394
1772937186.880456,-9454.926610753637
1772937186.880464,-19062.988283029004
1772937186.8804717,1694.0175163145518
1772937186.880479,35600.788737389914
1772937186.8804872,45091.29702934688
1772937186.8804948,15972.887970548172
1772937186.8805025,-24473.724535849688
1772937186.88051,-38023.23814198062
1772937186.8805177,-18681.290036754057
1772937186.8805256,2757.1795926945683
1772937186.8805332,-3019.703355286844
1772937186.8805408,-29573.211768754038
1772937186.8805485,-44421.82013474873
1772937186.880556,-28553.039004062543
1772937186.8805637,2471.7725507833134
1772937186.880572,18656.09283083476
1772937186.8805797,9735.695022920121
1772937186.880587,-7069.827594798419
1772937186.8805952,-10738.328199781961
1772937186.8806026,82.57632279107685
1772937186.8806105,10050.637437906185
1772937186.8806183,7886.560921589378
1772937186.880626,-2178.367700863611
1772937186.880634,-8520.83180688142
1772937186.8806417,-5186.64995170599
1772937186.8806496,5752.318256569378
1772937186.8806572,19882.59329417479
1772937186.8806648,32601.84321488438
1772937187.351692,-4466.754450907303
1772937187.351728,1269.3977642511434
1772937187.351751,5848.2912739084195
1772937187.351774,3295.5867410135243
1772937187.3517978,-2418.9277255853194
1772937187.3518171,-3440.0568803825445
1772937187.3518367,1253.8008020562925
1772937187.351857,4993.153560470796
1772937187.3518767,2836.250338227486
1772937187.3518963,-1953.4861486063862
1772937187.351916,-2788.472700892001
1772937187.3519244,1227.808198574688
1772937187.3519332,4429.078113073366
1772937187.3519416,2548.712185581008
1772937187.35195,-1625.4154587113044
1772937187.351958,-2353.4904549965863
1772937187.3519664,1192.4603533490135
1772937187.3519747,4039.040272705136
1772937187.3519871,2367.167081749812
1772937187.3520012,-1385.4211273133965
1772937187.3520143,-2061.4957240382173
1772937187.352028,1148.839466642283
1772937187.3520396,3768.4028847065106
1772937187.3520484,2264.6987493855972
1772937187.3520567,-1200.778906581499
1772937187.3520648,-1868.5295810602754
1772937187.3520737,1099.5796417505592
1772937187.3520818,3586.2332842768888
1772937187.35209,2220.837170661148
1772937187.3520982,-1064.0059569508658
1772937187.3521068,-1762.3933259920925
1772937187.352115,1038.9415066552783
1772937187.3521233,3477.7228239976785
1772937187.3521316,2233.8939205576985
1772937187.3521402,-961.4163825239949
1772937187.3521483,-1731.9061474066098
1772937187.3521569,964.9533571828133
1772937187.352184,3436.5023996488358
1772937187.3521974,2303.831279092961
1772937187.352206,-890.5212839652892
1772937187.352214,-1780.9907882655525
1772937187.3522224,870.5521137240679
1772937187.352231,3463.0300821568126
1772937187.3522394,2436.787384457265
1772937187.3522477,-854.3288508980912
1772937187.352256,-1924.932756740172
1772937187.3522644,748.5162089388976
1772937187.3522725,3575.3322373946125
1772937187.352281,2658.9977919481676
1772937187.3522892,-853.4353394219619
1772937187.3522975,-2192.6981026437475
1772937187.3523064,586.3725951159643
1772937187.3523145,3809.929906174836
1772937187.3523228,3018.57514556476
1772937187.3523312,-898.8303199206503
1772937187.3523395,-2656.657381315751
1772937187.352348,341.7745142017509
1772937187.3523607,4223.831005693258
1772937187.352374,3600.876969004314
1772937187.3523877,-1020.390038166228
1772937187.3524,-3467.2415374243237
1772937187.3524127,-56.92247497983114
1772937187.3524263,4984.9176092079415
1772937187.3524387,4649.649233345976
1772937187.3524473,-1266.4407249785852
1772937187.3524556,-5020.228168677604
1772937187.3524642,-839.6704672564377
1772937187.3524723,6546.585239009546
1772937187.352481,6923.111092819963
1772937187.352489,-1774.066686627422
1772937187.3524973,-8810.023097742309
1772937187.3525057,-3127.377699325967
1772937187.3525138,10872.88657606028
1772937187.352522,14985.767680826055
1772937187.3525305,-2295.6135473107724
1772937187.3525388,-29114.729779119338
1772937187.352547,-38881.053054101525
1772937187.3525553,-17683.75305022093
1772937187.3525636,19109.01493483799
1772937187.3525717,40650.67885993375
1772937187.35258,31061.339517913068
1772937187.3525884,3986.7451132405595
1772937187.3525968,-13604.971528407656
1772937187.352605,-9393.045264986938
1772937187.3526137,4975.066045436871
1772937187.3526218,10748.602259823465
1772937187.35263,3383.4689767054906
1772937187.3526385,-5579.510242169302
1772937187.3526466,-5002.394016261891
1772937187.3526547,2767.0084198096247
1772937187.3526633,6944.872357862209
1772937187.3526714,2790.913960169227
1772937187.3526795,-3339.165473748737
1772937187.352688,-3373.4897453184735
1772937187.352697,2055.318238100183
1772937187.3527105,5361.014144713438
1772937187.3527243,2449.253720618817
1772937187.3527374,-2319.7297473141257
1772937187.352746,-2535.487385088832
1772937187.3527544,1729.5966269587543
1772937187.3527627,4513.71829107543
1772937187.352771,2232.431848995599
1772937187.3527794,-1751.9623416244794
1772937187.3527875,-2026.1113740583912
1772937187.352796,1562.7717671415853
1772937187.3528044,4002.1345975676995
1772937187.3528128,2080.93211993787
1772937187.352821,-1406.1742284328752
1772937187.3528297,-1692.5641376936817
1772937187.3528378,1468.8324083187274
1772937187.3528492,3667.132296176624
1772937187.352867,1968.4980583118283
1772937187.3528807,-1179.995274617564
1772937187.352896,-1456.223569341451
1772937187.3529098,1419.693891258901
1772937187.352922,3440.2042449512824
1772937187.3529334,1885.2296140887681
1772937187.3529449,-1023.8165131778976
1772937187.3529592,-1297.5043146840576
1772937187.3529687,1329.3751005458053
1772937187.8327672,1536.3136309599104
1772937187.8328083,-424.5462458433089
1772937187.8328345,-1714.1556388784963
1772937187.8328612,-583.3907637177975
1772937187.832888,1317.5280703446645
1772937187.8329148,1341.024359467417
1772937187.832942,-475.54739703900697
1772937187.83297,-1560.0122760419379
1772937187.8329968,-440.95301225497667
1772937187.83302,1261.8741928227507
1772937187.8330495,1177.4674334760207
1772937187.833078,-518.6384373797923
1772937187.8330965,-1429.0101552904587
1772937187.8331044,-316.8272321066732
1772937187.8331127,1219.8254749364737
1772937187.8331203,1042.4865662187606
1772937187.833128,-553.4734190304849
1772937187.8331358,-1316.691054534636
1772937187.8331435,-210.9819787636872
1772937187.833151,1182.4379186285882
1772937187.8331587,924.8645122913374
1772937187.833167,-583.6742027802921
1772937187.833176,-1217.973880765473
1772937187.833184,-117.64490766581613
1772937187.8331916,1149.509159630651
1772937187.8331995,820.3147149621435
1772937187.8332071,-611.3447937934374
1772937187.8332148,-1130.6319209412222
1772937187.8332229,-33.82076549032726
1772937187.8332305,1121.5312470990937
1772937187.8332384,728.3702743232318
1772937187.833246,-634.2620735583494
1772937187.8332539,-1049.4345077377711
1772937187.8332615,45.08309847503772
1772937187.8332691,1099.336078342424
1772937187.8332767,646.6792798022922
1772937187.8332844,-655.7009766226241
1772937187.8332922,-978.3042658898264
1772937187.8332999,112.90029563005676
1772937187.8333075,1074.6773012973458
1772937187.8333151,568.6601357249111
1772937187.8333228,-676.1974431485031
1772937187.8333304,-911.0788767055442
1772937187.833338,178.78289628807747
1772937187.833346,1055.1697235429688
1772937187.8333533,498.42683783059454
1772937187.833361,-694.6328488189326
1772937187.8333685,-848.8189001641448
1772937187.833376,239.78610793296295
1772937187.8333838,1036.8479518438246
1772937187.8333914,432.9507512893565
1772937187.8333993,-711.6230031629578
1772937187.8334067,-790.5812654085495
1772937187.8334143,295.7977478783261
1772937187.833422,1016.914626926806
1772937187.8334296,367.9596063335221
1772937187.8334372,-729.9595209867242
1772937187.833445,-735.6391389324114
1772937187.8334527,350.84259378246685
1772937187.8334615,1001.0811091135442
1772937187.8334744,309.23869354748444
1772937187.8334873,-745.0886608753764
1772937187.833496,-681.9720302539833
1772937187.8335042,403.5388015627203
1772937187.8335123,985.1759059170598
1772937187.8335238,252.0191062521257
1772937187.8335352,-760.1629547519346
1772937187.8335474,-630.6175517227342
1772937187.8335593,453.8063128942477
1772937187.8335717,969.0454911559881
1772937187.833584,196.52892171901826
1772937187.8335965,-773.3053528852067
1772937187.833607,-577.8158005428586
1772937187.8336148,505.68499625522503
1772937187.8336225,954.7167463299497
1772937187.83363,141.60142392477405
1772937187.83364,-788.2510123511219
1772937187.8336525,-528.1367757566649
1772937187.8336644,555.5806982870187
1772937187.8336768,940.8802893622096
1772937187.833685,88.68242272064207
1772937187.8336928,-801.5690613994896
1772937187.8337004,-478.1749381802641
1772937187.833708,604.6416871027853
1772937187.833716,925.539492230953
1772937187.8337235,33.76242939839233
1772937187.833732,-817.1203342137055
1772937187.8337405,-430.14619912097373
1772937187.833748,652.4105412406097
1772937187.8337555,909.450053045338
1772937187.8337631,-21.41144197452045
1772937187.8337708,-832.0570630881787
1772937187.8337786,-380.3935547099456
1772937187.8337867,702.4102067286535
1772937187.8337946,895.0967320247
1772937187.8338025,-75.53000509138266
1772937187.83381,-845.8237047387331
1772937187.8338175,-328.9426214268678
1772937187.8338256,753.7103844228038
1772937187.8338332,880.4756959786031
1772937187.833841,-131.12798762053157
1772937187.8338487,-860.6654553831635
1772937187.8338597,-277.51153209224157
1772937187.8338711,804.7967770084674
1772937187.8338816,864.4084433887659
1772937187.8339117,-187.95395418927075
1772937187.8339224,-873.9772338285446
1772937187.8339343,-222.06229181920924
1772937187.8339455,858.4504364368413
1772937187.833956,846.2618157583065
1772937187.8339689,-249.5745765056964
1772937187.8339794,-889.8236031796574
1772937187.8339903,-165.50395315765684
1772937187.8340023,912.6423112693681
1772937187.834014,825.0668722725874
1772937187.8340256,-312.6252906809086
1772937187.8340373,-897.0796435612449
1772937187.8340447,-94.99612116318197
1772937187.8340526,957.9750965629966
1772937187.8340604,732.1550642365073
1772937188.1599145,-425.4250591042958
1772937188.1599567,77.60250598793095
1772937188.1599832,525.1569150146619
1772937188.1600096,277.94360126917513
1772937188.1600373,-321.54038719789366
1772937188.1600647,-421.1845299523749
1772937188.1600924,131.93533445967313
1772937188.160115,559.7063734148196
1772937188.160123,248.02656612268825
1772937188.1601312,-371.08521044022837
1772937188.1601393,-416.5012456840668
1772937188.1601477,189.47203476863874
1772937188.1601555,592.3210089679594
1772937188.1601632,209.6583099993802
1772937188.1601713,-426.95096439726564
1772937188.160179,-408.34176215117105
1772937188.1601868,255.81797507381557
1772937188.160195,627.5155263019093
1772937188.1602032,164.7923576931007
1772937188.160211,-487.69536022656865
1772937188.1602187,-393.5564978225934
1772937188.1602266,334.6955079815555
1772937188.1602347,666.4878257956775
1772937188.1602428,111.63232944717771
1772937188.160251,-554.8824239899812
1772937188.1602588,-371.23683952913177
1772937188.1602664,426.65990261807417
1772937188.1602745,704.7182874838963
1772937188.1602826,41.15859542930743
1772937188.1602907,-635.0486817213078
1772937188.1602983,-340.02283058332273
1772937188.1603065,537.679305376854
1772937188.160314,744.897329654919
1772937188.1603222,-48.87911623886216
1772937188.1603303,-728.4337412562934
1772937188.1603389,-293.4061856763328
1772937188.1603467,674.1286199699302
1772937188.1603549,782.0865905467938
1772937188.1603632,-173.68670977400384
1772937188.1603713,-845.1463899347799
1772937188.1603792,-225.84623349265618
1772937188.1603873,847.005488398543
1772937188.160395,814.2660598301187
1772937188.1604028,-347.01375089156437
1772937188.160411,-986.2006312645593
1772937188.1604187,-111.15449488004057
1772937188.1604269,1086.7166207244936
1772937188.1604345,838.9968293691377
1772937188.1604424,-602.9312554107579
1772937188.1604502,-1170.0244834764
1772937188.160458,79.4065707750335
1772937188.1604657,1430.6618008007515
1772937188.1604736,835.8733065704024
1772937188.1604817,-1012.3506235512854
1772937188.1604896,-1420.7825448074295
1772937188.1604974,427.8421186252672
1772937188.1605053,1971.5389953345316
1772937188.1605132,750.8659239480153
1772937188.1605213,-1755.2616501966813
1772937188.1605291,-1793.1982607534235
1772937188.160539,1170.5427702609525
1772937188.1605504,2979.3133126681623
1772937188.160564,413.0732375918085
1772937188.1605723,-3417.9672737715814
1772937188.1605809,-2460.0723264029793
1772937188.1605892,3247.0053534635485
1772937188.160598,5611.6147407677045
1772937188.1606064,-1114.370459028177
1772937188.1606152,-9671.556804924565
1772937188.1606236,-4935.325057608424
1772937188.1606321,17443.636620303296
1772937188.1606407,40971.35626074701
1772937188.1606493,42726.22711236273
1772937188.1606596,19128.360319653813
1772937188.160672,-7396.75541192769
1772937188.1606836,-12092.01671244669
1772937188.1606958,3377.799610150667
1772937188.1607077,11785.59952391829
1772937188.1607387,-7343.320485510496
1772937188.1607506,-40679.48608396777
1772937188.330626,-43197.414610735534
1772937188.3306687,-21366.25101233271
1772937188.3306797,4883.085035413525
1772937188.3306897,13349.542948497266
1772937188.3306997,3435.754407414898
1772937188.3307247,-7448.644496760079
1772937188.330742,-6232.869855786045
1772937188.3307502,2619.539141233822
1772937188.330758,6440.853184351227
1772937188.330766,1356.8010114917813
1772937188.3307743,-4581.3639940805315
1772937188.3307827,-3554.000519267598
1772937188.3307903,2098.520056862003
1772937188.3307986,4343.99102438996
1772937188.3308065,641.3908352796908
1772937188.3308148,-3414.7934092113114
1772937188.3308227,-2388.7313141039745
1772937188.3308306,1832.0870455439017
1772937188.3308384,3288.76856020874
1772937188.3308463,278.8997156587149
1772937188.3308544,-2758.7651492061113
1772937188.3308623,-1724.9451800417503
1772937188.3308704,1662.9077159198248
1772937188.330878,2643.0464225672476
1772937188.3308856,62.790424466528464
1772937188.3308935,-2326.2764834037152
1772937188.330901,-1289.0165214148508
1772937188.3309088,1541.841121582124
1772937188.3309162,2197.335203808129
1772937188.330924,-85.98473019284872
1772937188.330932,-2019.827458281234
1772937188.33094,-981.116380621077
1772937188.3309479,1447.8030108566634
1772937188.3309555,1870.9205093151627
1772937188.3309636,-184.09015035290545
1772937188.3309712,-1776.0565128175795
1772937188.3309789,-759.0768715401325
1772937189.0965216,-37152.742764864175
1772937189.096562,-18218.836985490216
1772937189.0965889,1436.4435953061027
1772937189.0966153,8609.431402572669
1772937189.0966423,3746.415352734993
1772937189.0966692,-3075.7840548947966
1772937189.096696,-4059.678998982719
1772937189.096722,-161.14606185275434
1772937189.0967488,2810.497117103481
1772937189.0967753,1790.9174852798449
1772937189.096802,-1014.2161046721181
1772937189.0968285,-1954.1567635974077
1772937189.0968368,-363.95656030424965
1772937189.096845,1375.5133252214073
1772937189.0968528,1200.8659736691345
1772937189.096861,-335.70838681592096
1772937189.0968685,-1189.426216710114
1772937189.0968764,-448.37570543053954
1772937189.0968843,780.7332032816433
1772937189.096892,958.1220115551786
1772937189.0969002,-12.856035137270577
1772937189.0969083,-831.9626757104234
1772937189.0969162,-502.915996958754
1772937189.0969243,480.9892202218897
1772937189.0969322,846.4299985614642
1772937189.09694,164.55219202835602
1772937189.0969477,-650.2053157258136
1772937189.0969553,-546.2504549412079
1772937189.0969632,316.8700027133981
1772937189.0969713,797.8361041103514
1772937189.096979,271.5339446977908
1772937189.0969868,-554.7466640634705
1772937189.0969946,-579.4145932062982
1772937189.0970023,228.76512052670307
1772937189.09701,784.0981476342562
1772937189.0970173,336.45725027448054
1772937189.097025,-511.5467909682007
1772937189.0970323,-607.446607238352
1772937189.0970402,187.30901781070793
1772937189.0970478,793.4878644468407
1772937189.0970554,376.30418743759816
1772937189.097063,-502.1714424716649
1772937189.0970707,-635.0476283973001
1772937189.0970786,172.0625956819514
1772937189.0970864,814.1254536549501
1772937189.0970943,397.3439166648351
1772937189.097102,-514.1068202596726
1772937189.0971096,-656.8798246185519
1772937189.0971174,182.1797316260282
1772937189.0971253,847.8159712571278
1772937189.0971327,405.5722384416163
1772937189.0971403,-544.8428021300211
1772937189.097148,-679.1990749814939
1772937189.097156,207.40817353786994
1772937189.0971637,889.2129543280444
1772937189.0971713,403.3374011257077
1772937189.0971787,-589.1304869699595
1772937189.0971863,-699.090973657667
1772937189.0971944,247.8927261702458
1772937189.0972023,937.9159633203282
1772937189.09721,390.24687011268696
1772937189.0972176,-648.5352444861767
1772937189.0972254,-719.219750887475
1772937189.0972328,301.84386336015444
1772937189.0972407,994.3367856551023
1772937189.0972483,368.1438069928694
1772937189.0972564,-720.8499283892894
1772937189.097264,-736.5849896475187
1772937189.0972717,373.62515507291675
1772937189.0972793,1062.6235906584548
1772937189.097287,338.1462691040754
1772937189.0972946,-808.7119499703222
1772937189.097302,-755.459076401097
1772937189.0973098,459.07677324794446
1772937189.0973177,1137.903613557982
1772937189.097325,294.0563727157521
1772937189.0973327,-916.3240885719599
1772937189.09734,-773.1220880785835
1772937189.0973475,567.3335087153528
1772937189.0973551,1227.9373088213429
1772937189.0973628,235.3662817860246
1772937189.0973706,-1049.6155708371957
1772937189.0973785,-791.5033333717527
1772937189.097386,703.7331887631626
1772937189.097394,1337.179969169811
1772937189.0974016,157.23646308815083
1772937189.0974092,-1217.9063377490738
1772937189.097417,-810.8079247795686
1772937189.0974247,880.2819459476294
1772937189.0974324,1474.9422026185773
1772937189.09744,52.10293972701754
1772937189.0974479,-1436.8138516307235
1772937189.0974553,-830.8128835068254
1772937189.097463,1118.3656375489493
1772937189.0974708,1656.6657590325221
1772937189.0974784,-97.08000735303014
1772937189.0974858,-1740.1234436758741
1772937189.0974936,-856.0229684021592
1772937189.0975013,1456.1256898002541
1772937189.0975091,1912.991914751634
1772937189.0975168,-321.0004173735878
1772937189.0975244,-2191.625320719068
1772937189.097532,-888.907557744835
1772937189.0975397,1983.893081378976
1772937189.097547,2317.5261933321135
1772937189.0975547,-693.1962506201639
1772937189.0975623,-2955.626635979452
1772937189.09757,-946.3567554924898
1772937189.097578,2940.8543521449515
1772937189.0975857,3087.2368468016234
1772937189.0975933,-1427.3587804549318
1772937189.0976012,-4574.404474102364
1772937189.0976088,-1109.2708915124163
1772937189.0976167,5267.312421682172
1772937189.097624,5244.348841007499
1772937189.0976317,-3559.0997671026335
1772937189.0976393,-10584.934470856011
1772937189.097647,-2648.417610765636
1772937189.0976546,19685.936403024836
1772937189.0976622,39388.48906991702
1772937189.5766096,-28.89933574617441
1772937189.5766518,536.1310970148079
1772937189.5766797,1437.921409928427
1772937189.576707,1410.3250658227473
1772937189.5767267,491.99603582497804
1772937189.5767467,-26.9868836699331
1772937189.5767696,583.677588365227
1772937189.5767925,1467.5660837914436
1772937189.576812,1382.5565237018027
1772937189.5768316,446.1159079476758
1772937189.5768511,-26.64482748375992
1772937189.5768647,630.9885827180609
1772937189.5768735,1497.7151507420954
1772937189.576882,1354.7982689326566
1772937189.5768907,399.50288017969274
1772937189.5768993,-26.802316129788466
1772937189.5769076,678.699430496443
1772937189.576916,1528.5022831956562
1772937189.576924,1327.1145617323955
1772937189.576933,353.18778706095185
1772937189.5769413,-24.63760271986574
1772937189.5769496,730.9821779475296
1772937189.576958,1563.677814025573
1772937189.5769668,1300.8876763100548
1772937189.576975,305.34426996013576
1772937189.5769835,-24.640452242720308
1772937189.5769918,782.006894226833
1772937189.5770001,1597.614891406966
1772937189.5770085,1272.3103393366587
1772937189.5770168,255.34437283698668
1772937189.5770247,-24.052550601722956
1772937189.5770333,836.3035455653342
1772937189.5770416,1633.8794409612278
1772937189.57705,1242.0089320610416
1772937189.5770583,201.0319211762107
1772937189.5770667,-25.994203882743264
1772937189.5770748,891.5861667851611
1772937189.577083,1671.7215901998711
1772937189.5770915,1210.6649495708318
1772937189.5770996,144.22663353154292
1772937189.577108,-28.17086510084365
1772937189.5771165,949.1445722010246
1772937189.5771246,1709.8384885926537
1772937189.5771327,1174.4921616263598
1772937189.577141,81.31664318738272
1772937189.5771492,-30.50695504037721
1772937189.5771575,1014.1289503653278
1772937189.577166,1756.4633621108178
1772937189.5771744,1141.1576474002893
1772937189.5771823,16.76148854081612
1772937189.5771904,-32.496542218557074
1772937189.5771985,1083.275892269262
1772937189.5772069,1805.091315867147
1772937189.5772152,1102.618324354247
1772937189.5772235,-55.71201990605518
1772937189.577232,-35.64608814561783
1772937189.5772405,1159.6292759120245
1772937189.5772483,1859.5890904109008
1772937189.577257,1059.706132350895
1772937189.5772648,-138.7247553751755
1772937189.5772731,-43.288674889619536
1772937189.5772817,1241.5354870700426
1772937189.57729,1919.8850658177394
1772937189.577298,1013.0321493207922
1772937189.5773065,-230.20295733593056
1772937189.577315,-50.367370711342375
1772937189.5773234,1335.8814401949398
1772937189.5773315,1990.305421885937
1772937189.5773404,961.1248129302367
1772937189.5773485,-335.2628151889071
1772937189.5773563,-60.15263779714704
1772937189.5773647,1443.4402704881563
1772937189.5773728,2071.8479279889943
1772937189.577381,900.7351493127973
1772937189.5773892,-459.7571454407338
1772937189.5773976,-74.66526265515125
1772937189.5774057,1568.735775793414
1772937189.577414,2170.1953370953756
1772937189.5774221,831.8182457087723
1772937189.5774305,-608.398665425975
1772937189.5774388,-95.26901903695237
1772937189.5774472,1717.4935164141446
1772937189.5774555,2291.4209566080144
1772937189.5774636,752.4106836096122
1772937189.5774722,-788.3149879119411
1772937189.5774806,-122.26289427764394
1772937189.5774891,1900.3051807777424
1772937189.5774975,2444.178748388573
1772937189.5775056,654.4964237115614
1772937189.5775142,-1018.7771010824873
1772937189.5775225,-163.09026789956215
1772937189.5775309,2133.0117748613466
1772937189.5775392,2648.4615986234203
1772937189.5775476,534.1538472635355
1772937189.5775557,-1325.4347193765313
1772937189.577564,-230.2654333662256
1772937189.5775723,2437.594894771114
1772937189.577581,2932.1652724369496
1772937189.5775893,378.0476675144907
1772937189.5775976,-1759.3317435918943
1772937189.5776057,-347.4724818054071
1772937189.5776138,2862.287883387224
1772937189.577622,3362.6196395567085
1772937189.5776303,172.29594903383858
1772937189.5776389,-2420.873182008615
1772937189.577647,-567.0799809073803
1772937189.5776553,3516.280012490698
1772937189.5776634,4108.435662368528
1772937189.5776718,-105.2518518247914
1772937189.57768,-3580.3147944971815
1772937189.5776885,-1074.913761404676
1772937189.5776963,4678.734900251006
1772937189.577705,5717.734780062228
1772937189.5777133,-459.9719979079289
1772937189.5777216,-6250.599609951216
1772937189.57773,-2825.6992470079344
1772937189.5777383,7538.250736446144
1772937189.577752,11736.913218624675
1772937189.5777605,143.1939264732526
1772937189.577768,-21369.56606574743
1772937189.5777757,-36247.69425418225
1772937190.0555725,2.097690796409095
1772937190.0556164,1.7824342503186545
1772937190.0556428,2.2659647662660856
1772937190.0556698,3.3769349879531676
1772937190.0556965,4.03915481613854
1772937190.0557234,3.558356113634659
1772937190.05575,2.4687600217840355
1772937190.0557766,1.9185742538616342
1772937190.0558033,2.3990354572473827
1772937190.0558295,3.3610670951135506
1772937190.0558562,4.054160466230224
1772937190.0558827,4.411695632445657
1772937190.0558908,4.907495781574335
1772937190.055899,5.738636460907841
1772937190.0559075,6.501448352702119
1772937190.0559156,6.745284873746832
1772937190.0559237,6.584971876112678
1772937190.055931,6.539494919276576
1772937190.0559392,6.851479853133384
1772937190.0559473,7.206896682869091
1772937190.0559547,7.185984323667665
1772937190.0559626,6.8172882458081965
1772937190.0559707,6.547543733402084
1772937190.0559783,6.742418236190028
1772937190.055986,7.361825123652835
1772937190.0559938,8.103014637567583
1772937190.0560017,8.701881593678529
1772937190.05601,9.043915214993492
1772937190.0560176,9.13504304076004
1772937190.0560253,9.117332373109086
1772937190.0560331,9.250863676292328
1772937190.0560408,9.692017224184223
1772937190.0560489,10.244814677396148
1772937190.0560565,10.490103344553287
1772937190.0560644,10.287543842777664
1772937190.056072,10.053330382917185
1772937190.05608,10.352356043927859
1772937190.0560875,11.202922198606084
1772937190.0560954,11.96891265990101
1772937190.0561032,12.061060472764073
1772937190.0561109,11.636847686457157
1772937190.0561185,11.436847770707583
1772937190.0561264,11.953731184557226
1772937190.0561342,12.946121849881761
1772937190.056142,13.826616896226305
1772937190.0561495,14.33709694282106
1772937190.0561576,14.658037681978904
1772937190.0561657,14.965110556992308
1772937190.0561733,15.18178255283663
1772937190.0561812,15.26892256051721
1772937190.0561888,15.49948970094529
1772937190.0561967,16.147072816321323
1772937190.0562043,16.944026226205953
1772937190.0562122,17.169314177006033
1772937190.05622,16.45806285245464
1772937190.0562277,15.3635071816268
1772937190.0562356,14.8721254019924
1772937190.0562432,15.375917219672809
1772937190.0562508,16.335487242418257
1772937190.0562587,17.006158337889975
1772937190.0562663,17.260247406951848
1772937190.056274,17.497689018808945
1772937190.0562818,17.913401597500393
1772937190.0562894,18.21795838183677
1772937190.0562973,18.17522880265659
1772937190.056305,18.10079630338031
1772937190.0563126,18.504936138871724
1772937190.0563204,19.319316147874808
1772937190.056328,19.826647163249746
1772937190.0563357,19.501925314517873
1772937190.0563433,18.70021467038977
1772937190.056351,18.274637326676864
1772937190.0563588,18.61262866786043
1772937190.0563664,19.320116139868414
1772937190.056374,19.86119339214237
1772937190.0563817,20.188859556626706
1772937190.0563896,20.546696186508555
1772937190.0563972,20.90043563672919
1772937190.0564048,20.970453648187473
1772937190.0564125,20.830481424181933
1772937190.0564203,21.04283918599106
1772937190.056428,21.90392094077961
1772937190.0564358,22.800238812106798
1772937190.0564437,22.76799668739784
1772937190.056451,21.732351007289168
1772937190.056459,20.771479009507217
1772937190.0564668,20.881766505328205
1772937190.0564744,21.771370995188065
1772937190.0564823,22.32525611682398
1772937190.05649,22.189083296386716
1772937190.0564976,22.31285017374844
1772937190.0565052,23.60808065709426
1772937190.056513,25.487510419222822
1772937190.0565207,26.377096194954962
1772937190.0565283,25.683135605441826
1772937190.056536,24.61394632485555
1772937190.0565436,24.658408937781857
1772937190.0565515,25.67857006013691
1772937190.056559,26.18021860898194
1772937190.0565667,25.404032318626292
1772937190.0565743,24.349549782976087
1772937190.0565822,24.284115855353054
1772937190.05659,24.85058738769869
1772937190.0565977,24.58167143691134
1772937190.056605,23.248764572207616
1772937190.056613,22.624809668590935
1772937190.0566208,24.18507366530935
1772937190.0566285,26.701120468966124
1772937190.056636,27.369105558105687
1772937190.0566435,25.49421428236196
1772937190.0566514,23.799118304516984
1772937190.0566592,25.01263006700795
1772937190.056667,27.842743694371787
1772937190.0566747,28.10924061408976
1772937190.0566823,24.49099322968862
1772937190.05669,21.5621309447169
1772937190.0566976,24.948090320992872
1772937190.0567057,33.16871302905165
1772937190.0567136,36.257702427159074
1772937190.0567212,24.621375374018687
1772937190.5371041,5.073968945650682
1772937190.537148,4.875882522372056
1772937190.5371785,4.492309960095543
1772937190.5372047,4.01154593787856
1772937190.5372322,3.406775341528728
1772937190.5372593,2.9954744647104534
1772937190.5372863,3.2910898165779
1772937190.5373127,4.311184339127439
1772937190.5373394,5.31546416951586
1772937190.537366,5.509583213035878
1772937190.5373929,4.952616320796838
1772937190.5374207,4.507053447226839
1772937190.5374343,4.814056952150102
1772937190.5374477,5.530155371853908
1772937190.537457,5.766783969884611
1772937190.5374663,5.173678750756313
1772937190.5374746,4.328159024818796
1772937190.5374825,4.012755169558048
1772937190.5374904,4.346343620997801
1772937190.537498,4.804288341548526
1772937190.5375059,4.942255000654584
1772937190.5375135,4.8117909973844215
1772937190.5375888,4.644967454080287
1772937190.5375965,4.438629669565855
1772937190.5376043,4.0928809630185174
1772937190.537613,3.814027418463993
1772937190.5376203,4.030253457137537
1772937190.5376282,4.801988132839629
1772937190.5376356,5.567988401502537
1772937190.5376432,5.730623507233592
1772937190.5376513,5.419119836170572
1772937190.5376592,5.404721640946135
1772937190.5376663,6.187605423842633
1772937190.5376744,7.3854394519140305
1772937190.5376823,8.206163280481531
1772937190.53769,8.392540501685456
1772937190.537698,8.428511990678238
1772937190.5377057,8.795432828905676
1772937190.5377133,9.316728966797738
1772937190.5377212,9.459406985781646
1772937190.5377288,9.13133338476741
1772937190.537737,8.848989749873308
1772937190.537745,9.043976086049053
1772937190.5377536,9.480421317756965
1772937190.5377653,9.606186009334197
1772937190.537779,9.362798114083121
1772937190.5377872,9.321442654837098
1772937190.5377984,9.914667017797056
1772937190.5378113,10.782354478345868
1772937190.5378256,11.145157421084882
1772937190.537835,10.775496112860955
1772937190.5378432,10.331182276652621
1772937190.5378516,10.607606051297203
1772937190.53786,11.612162284809953
1772937190.5378683,12.550562362583857
1772937190.5378764,12.67854166648613
1772937190.5378847,12.006089181296966
1772937190.5378933,11.166019832906954
1772937190.5379012,10.77957108548975
1772937190.5379095,11.050484293599888
1772937190.5379176,11.813861556521285
1772937190.537926,12.740295631657748
1772937190.537934,13.481663733256763
1772937190.5379424,13.838000946552755
1772937190.5379508,13.933293063270922
1772937190.537959,14.135040290540813
1772937190.5379677,14.647786430614394
1772937190.537976,15.222971985116034
1772937190.5379841,15.434690146151933
1772937190.5379927,15.25466227099771
1772937190.5380008,15.153235416957225
1772937190.5380092,15.497306456075227
1772937190.5380175,16.005498826003222
1772937190.5380256,16.059102720511873
1772937190.5380337,15.544899092735335
1772937190.5380423,15.095317295562396
1772937190.5380504,15.310112004080482
1772937190.5380588,15.944587276877602
1772937190.5380669,16.205169778757753
1772937190.538075,15.850659270471418
1772937190.5380833,15.638442991202703
1772937190.538097,16.429896768691833
1772937190.5381105,18.05143224610295
1772937190.5381234,19.40357630428121
1772937190.5381317,19.704803438896175
1772937190.53814,19.26434381148377
1772937190.5381484,18.83432153337713
1772937190.5381567,18.52558941223061
1772937190.538165,17.82435824577605
1772937190.5381734,16.635787063963885
1772937190.5381815,15.759448928180445
1772937190.53819,15.96685525018222
1772937190.538198,16.89893339950575
1772937190.5382066,17.410493150188806
1772937190.5382147,17.032082113519348
1772937190.5382233,16.564485321910855
1772937190.5382311,16.906655392741836
1772937190.5382397,17.699362678389758
1772937190.5382476,17.759076277613822
1772937190.538256,16.8243556701203
1772937190.538264,16.14790228074688
1772937190.5382724,16.889968624060522
1772937190.5382805,18.38807329489011
1772937190.5382888,18.834980992712815
1772937190.5382967,17.716675215724166
1772937190.5383053,16.72004008851317
1772937190.5383132,17.596450640268834
1772937190.5383215,19.647947154778866
1772937190.53833,20.392150960753593
1772937190.5383384,18.880911184482123
1772937190.5383463,17.28386749214374
1772937190.5383549,18.220050544910855
1772937190.5383632,21.030573961341457
1772937190.538371,22.183375816346846
1772937190.5383794,19.944929895239735
1772937190.5383875,17.388321010541063
1772937190.5383956,19.011793196590403
1772937190.538404,24.19071411801703
1772937190.5384123,25.665613848026684
1772937190.5384207,16.246043432737203
1772937190.5523887,-2.9381784332709207
1772937190.7310843,24.93611301089431
1772937190.7311158,25.08372615200984
1772937190.73113,25.811843619697623
1772937190.731142,26.970082035653345
1772937190.7311528,26.357361042479713
1772937190.7311633,23.408180530151405
1772937190.7311728,21.418540622903755
1772937190.7311833,24.156322353751698
1772937190.7311933,29.993275339824535
1772937190.731203,31.141361230444126
1772937190.7312129,20.586802431773954
1772937190.779307,-76803.17339591176
1772937191.2564096,-19242.816280848227
1772937191.2564492,3841.9311464597454
1772937191.2564757,10956.945352935096
1772937191.2565029,2634.342902084902
1772937191.2565289,-6076.095065644958
1772937191.2565553,-4662.863341736099
1772937191.2565818,2474.4474148847444
1772937191.2566085,4861.006113348183
1772937191.2566347,254.7261604991008
1772937191.2566617,-3977.0784929037663
1772937191.2566884,-2094.1771072102656
1772937191.2567148,2528.012782434739
1772937191.2567236,3101.7892025397587
1772937191.2567315,-819.8916162113383
1772937191.25674,-3270.309831292263
1772937191.2567475,-791.4053010578918
1772937191.2567554,2762.9912292441977
1772937191.2567632,2121.6797333552972
1772937191.256771,-1679.4730144851906
1772937191.2567787,-2931.339342915334
1772937191.2567868,277.2484961794851
1772937191.2567947,3171.206016686758
1772937191.2568033,1301.4594140698277
1772937191.256811,-2708.5461734115297
1772937191.2568183,-2768.251880306274
1772937191.2568262,1583.5602299582604
1772937191.256834,3950.267505559181
1772937191.256842,264.99850003216255
1772937191.2568495,-4518.539139911645
1772937191.2568574,-2783.4319529315667
1772937191.2568653,4163.258802220162
1772937191.256873,6126.638845297656
1772937191.2568803,-2078.246376872681
1772937191.256888,-10670.36172561906
1772937191.2568955,-4221.461400644388
1772937191.2569034,18756.308378852897
1772937191.2569113,40271.773947535556
1772937191.2569187,40460.744913414805
1772937191.2569263,19091.1130920369
1772937191.256934,-4159.521144618869
1772937191.2569418,-10973.901195608152
1772937191.2569497,-2376.2911109281927
1772937191.2569575,6229.72546136826
1772937191.2569652,4570.770914735369
1772937191.2569733,-2589.764451754805
1772937191.256981,-4829.706466405136
1772937191.2569883,-181.20402291548416
1772937191.2569962,3982.2779564538896
1772937191.257004,2122.6757220277673
1772937191.257012,-2413.030951242272
1772937191.2570195,-3074.463586439576
1772937191.2570271,634.2552857105316
1772937191.2570348,3132.9351294363883
1772937191.2570424,1035.0822416988833
1772937191.2570505,-2356.9323179338576
1772937191.257058,-2175.2904274647253
1772937191.2570658,1098.9238103478367
1772937191.2570734,2653.0972560445966
1772937191.2570813,366.66142118836405
1772937191.257089,-2333.617736200073
1772937191.2570968,-1579.7424881453887
1772937191.2571044,1430.583116753731
1772937191.2571125,2319.610437188698
1772937191.25712,-132.10301227950328
1772937191.2571278,-2330.6139592969453
1772937191.2571356,-1119.1869592247615
1772937191.2571435,1709.0682124581601
1772937191.2571511,2060.2508948539717
1772937191.2571588,-552.9962071402912
1772937191.2571664,-2342.3826334992646
1772937191.2571743,-721.5436694799871
1772937191.257182,1969.2685253879483
1772937191.2571895,1836.9760966733522
1772937191.2571971,-946.8501863887071
1772937191.257205,-2368.13526591981
1772937191.2572126,-344.42343065350076
1772937191.2572205,2234.984978935791
1772937191.2572281,1625.5354954464592
1772937191.257236,-1351.725194582121
1772937191.2572436,-2410.092809547254
1772937191.2572513,47.64597919419885
1772937191.257259,2533.2541196740667
1772937191.2572665,1410.4433029942522
1772937191.2572742,-1803.6141291156118
1772937191.2572818,-2474.806806115789
1772937191.2572896,488.6904263895701
1772937191.2572975,2891.753869548796
1772937191.257305,1167.7542186858002
1772937191.2573123,-2355.082857129636
1772937191.25732,-2572.225109413944
1772937191.2573278,1035.6218208505102
1772937191.2573352,3363.7944883858445
1772937191.2573428,864.6037203377417
1772937191.2573504,-3096.141980178614
1772937191.2573583,-2720.5709578135647
1772937191.257366,1799.5673100138984
1772937191.2573736,4058.862118046987
1772937191.2573814,430.00971226172055
1772937191.2573893,-4232.0229646891175
1772937191.2573967,-2967.932235486669
1772937191.2574043,3050.511554658512
1772937191.257412,5255.124688346317
1772937191.2574203,-352.5959626048033
1772937191.2574277,-6400.194883857018
1772937191.2574356,-3470.818505772582
1772937191.2574432,5803.221580874431
1772937191.2574508,8143.528824195279
1772937191.2574584,-2492.473906103095
1772937191.257466,-13365.174611265533
1772937191.2574737,-5714.056054806108
1772937191.2574813,20978.389525947896
1772937191.257489,43842.266355877786
1772937191.2574966,40309.9136332122
1772937191.2575042,14199.100515929447
1772937191.257512,-7819.397844331634
1772937191.2575195,-6753.74024010532
1772937191.257527,7123.9568763387015
1772937191.2575345,7700.686993877373
1772937191.2575424,-14592.13987002092
1772937191.25755,-40373.93225539009
1772937191.7377872,-5031.462465763191
1772937191.7378273,-1502.6404337495003
1772937191.7378535,2316.371085335348
1772937191.73788,1372.4006225208811
1772937191.7379067,-2289.415176816808
1772937191.7379332,-3359.56057337982
1772937191.7379599,-761.7892373887665
1772937191.7379863,1504.2099946981914
1772937191.7380133,388.4077535631699
1772937191.7380395,-2200.3416755476583
1772937191.7380667,-2543.6631128881527
1772937191.7380931,-385.1532935064164
1772937191.7381012,1053.645099697358
1772937191.7381089,-168.62449731222563
1772937191.7381167,-2134.9109030525638
1772937191.7381248,-2038.479083679444
1772937191.7381327,-158.22072007752652
1772937191.7381408,745.9839883645717
1772937191.7381487,-540.8398460197694
1772937191.7381568,-2078.188962701081
1772937191.7381644,-1678.8608707589908
1772937191.738172,-3.4689851828904357
1772937191.7381797,513.6062853854971
1772937191.7381876,-812.6251623000477
1772937191.7381952,-2024.000706580203
1772937191.738203,-1400.9772166733583
1772937191.7382107,106.54988598377864
1772937191.7382183,321.7736518057411
1772937191.738226,-1024.1076768818473
1772937191.7382336,-1966.6613631461253
1772937191.7382412,-1168.6271552813976
1772937191.7382488,189.35685480779713
1772937191.7382565,152.19216028940642
1772937191.738264,-1201.1961534792958
1772937191.7382717,-1909.573120744156
1772937191.7382796,-966.225749654756
1772937191.7382872,255.43276999127772
1772937191.7382948,0.2884636696611997
1772937191.7383025,-1350.5999228039366
1772937191.7383103,-1848.5596644305913
1772937191.738318,-784.5046951125953
1772937191.7383256,303.8159158196375
1772937191.7383332,-148.27127933718637
1772937191.738341,-1486.67237771325
1772937191.738349,-1785.1062578765834
1772937191.7383568,-614.3056420420585
1772937191.7383645,342.36007983121
1772937191.7383723,-292.7667493258715
1772937191.7383804,-1610.3465410443318
1772937191.7383883,-1715.0116900114917
1772937191.7383957,-448.0590726399259
1772937191.7384038,374.77241251017983
1772937191.7384117,-435.90404710240745
1772937191.7384193,-1725.9014296865237
1772937191.7384274,-1639.481469939168
1772937191.7384353,-285.8726598391312
1772937191.7384431,397.1516924211114
1772937191.7384508,-585.0661882305008
1772937191.7384586,-1837.9938794675284
1772937191.7384665,-1556.3465630392795
1772937191.7384741,-122.4718720254891
1772937191.738482,410.92652357426715
1772937191.7384896,-743.9868082473785
1772937191.7384975,-1949.8993830882941
1772937191.7385056,-1463.6530141415408
1772937191.7385132,47.15300417674251
1772937191.7385209,418.8450528534844
1772937191.7385285,-912.6173873430118
1772937191.738536,-2059.21881617195
1772937191.738544,-1354.0944612168303
1772937191.7385516,230.04938810183947
1772937191.7385595,420.4513646017772
1772937191.7385669,-1098.8103156468571
1772937191.7385745,-2173.6859171740903
1772937191.738582,-1230.3300683607538
1772937191.7385895,424.8334950774289
1772937191.7385976,409.9913595992939
1772937191.7386053,-1309.5092049246925
1772937191.738613,-2291.2443972963124
1772937191.7386205,-1078.127640724293
1772937191.738628,646.7709488871279
1772937191.7386355,390.0249702483207
1772937191.7386432,-1554.0372732903322
1772937191.7386513,-2418.7239611663717
1772937191.738659,-893.7191249002947
1772937191.7386665,899.9641461692725
1772937191.7386744,350.72200788943564
1772937191.7386825,-1851.5232875156996
1772937191.73869,-2563.2139310405637
1772937191.7386978,-662.904123761188
1772937191.7387056,1200.4933113407103
1772937191.7387135,285.713600802945
1772937191.7387211,-2223.5616150163637
1772937191.7387288,-2726.774669412902
1772937191.7387364,-353.81572151719246
1772937191.738744,1579.539113984676
1772937191.738752,181.58890483195074
1772937191.7387595,-2716.7532366192963
1772937191.7387671,-2925.8559878026263
1772937191.738775,78.48515802977072
1772937191.7387826,2086.113501012024
1772937191.7387903,12.299542944699933
1772937191.738798,-3412.0398164960725
1772937191.7388055,-3176.6633171204144
1772937191.738813,740.0069677051206
1772937191.7388208,2823.2500298963723
1772937191.7388284,-298.0015236299847
1772937191.7388363,-4519.390596152963
1772937191.738844,-3531.9282094131268
1772937191.7388518,1900.081378711569
1772937191.7388597,4074.895049720378
1772937191.7388673,-957.8753774331373
1772937191.738875,-6673.348124311469
1772937191.7388823,-4152.303536810684
1772937191.7388897,4567.764800289608
1772937191.7388976,7030.781541469872
1772937191.7389057,-2973.299386211856
1772937191.7389133,-13634.666087475876
1772937191.7389207,-6520.017471427645
1772937191.7389283,19666.26783962042
1772937191.738936,42808.950217967315
1772937192.0302744,-209.31092038823033
1772937192.0303123,-933.2679594074369
1772937192.0303385,-1426.5105156100255
1772937192.0303657,-980.3625131579037
1772937192.0303926,-216.96554855735636
1772937192.030419,-222.64885165433458
1772937192.030446,-1003.0381517936846
1772937192.0304544,-1455.3635700826403
1772937192.0304627,-925.3006975360753
1772937192.0304704,-152.2530047403124
1772937192.0304785,-238.84106469053438
1772937192.0304868,-1079.0348150741966
1772937192.0304947,-1483.8559969620044
1772937192.0305023,-861.7626785533165
1772937192.0305104,-81.15036238543753
1772937192.0305183,-259.3434041905424
1772937192.030526,-1164.497641193093
1772937192.0305338,-1513.7348716316242
1772937192.030542,-788.9089523890946
1772937192.0305495,-2.997481120409211
1772937192.0305579,-286.577577128008
1772937192.0305655,-1263.7481353247053
1772937192.030574,-1547.3550471530334
1772937192.0305817,-706.0754723882608
1772937192.030589,82.38271721108444
1772937192.0305967,-323.6342170622009
1772937192.0306048,-1379.8675365136849
1772937192.0306125,-1581.462237587953
1772937192.03062,-602.9748482800267
1772937192.030628,184.83921651258086
1772937192.030636,-368.1704219031697
1772937192.0306435,-1515.5257230290454
1772937192.030651,-1615.1556553261191
1772937192.0306587,-473.33642824666504
1772937192.0306668,306.5458277513313
1772937192.0306745,-430.4888233516657
1772937192.030682,-1686.9807103312853
1772937192.03069,-1654.7325917452288
1772937192.0306976,-308.97600559091103
1772937192.0307057,455.20888372025195
1772937192.0307133,-518.340784354844
1772937192.0307212,-1909.072486356146
1772937192.0307293,-1698.0582786166844
1772937192.0307372,-85.40136930397829
1772937192.030745,649.7631483916306
1772937192.0307527,-646.33586876663
1772937192.0307603,-2215.175480557222
1772937192.0307682,-1750.9317767490777
1772937192.030776,233.74222444440892
1772937192.0307837,919.5301290431516
1772937192.0307913,-845.8750580657633
1772937192.030799,-2669.278524653568
1772937192.0308068,-1815.0453751958125
1772937192.0308144,741.2657368012103
1772937192.030822,1342.1006046157843
1772937192.0308297,-1186.6394643231763
1772937192.0308373,-3433.89286062869
1772937192.0308447,-1908.105605099149
1772937192.0308528,1673.9914791199792
1772937192.0308602,2131.6688201411685
1772937192.0308678,-1885.6828686690715
1772937192.0308754,-5056.0863999899575
1772937192.030883,-2116.595799077163
1772937192.0308907,3969.01253632102
1772937192.0308983,4313.46870654969
1772937192.0309064,-3968.791685257891
1772937192.0309143,-11061.875241700012
1772937192.030922,-3709.7829814433653
1772937192.0309296,18333.51209876957
1772937192.0309372,38462.84418031157
1772937192.087505,32928.91793077419
1772937192.087527,18797.895450034743
1772937192.0875387,3475.6686018802816
1772937192.0875516,-6375.601283531127
1772937192.0875607,-10065.675300542229
1772937192.0875692,-7433.043885208551
1772937192.087577,3225.1555004815905
1772937192.0875857,20004.48549703176
1772937192.0875938,33709.44656000352
1772937192.1567545,33931.865260937455
1772937192.1567814,19699.946655182248
1772937192.156793,1596.5468639925496
1772937192.156803,-8295.477318855023
1772937192.156812,-7259.924005244891
1772937192.1568208,-1580.5320224011555
1772937192.156829,2566.850606722706
1772937192.1568372,4227.7042163258575
1772937192.156845,3527.873999095808
1772937192.1568534,-2879.394981311539
1772937192.1568613,-17528.740748108357
1772937192.1568694,-34077.12077573617
1772937192.172878,37835.64113220176
1772937192.2461047,32589.79179583155
1772937192.2461348,14838.418042412426
1772937192.2461455,-1247.1763636885664
1772937192.2461555,-7415.536111510055
1772937192.2461648,-5298.828695907021
1772937192.2461731,-1023.3708633711226
1772937192.246182,1119.518792752855
1772937192.2461948,380.359650259711
1772937192.2462063,-1884.892282705528
1772937192.2462199,-3609.388467635504
1772937192.2462308,-3139.4267527099623
1772937192.2462387,-770.7682158177844
1772937192.8023357,-39065.07625791799
1772937192.8023727,-21000.404523516318
1772937192.80239,674.2551312425903
1772937192.802405,9587.95681536682
1772937192.80242,3819.54664328406
1772937192.8024342,-5012.179268696565
1772937192.8024468,-6211.375034254901
1772937192.802456,-603.0799388865516
1772937192.8024645,3450.0418564581696
1772937192.8024735,1419.5159580625482
1772937192.8024824,-2917.466712308324
1772937192.8024905,-3721.90528547768
1772937192.802499,-624.8954716399217
1772937192.8025076,1787.1929879688435
1772937192.8025165,545.1978674188986
1772937192.8025248,-2203.5697598150264
1772937192.8025331,-2692.6540284646862
1772937192.8025415,-594.9480497786684
1772937192.80255,1019.2078723943052
1772937192.8025584,98.51257060392457
1772937192.8025668,-1845.241912645247
1772937192.802575,-2134.7786213109216
1772937192.8025837,-570.6537648369997
1772937192.8025968,578.6269261502609
1772937192.8026106,-169.19567431815108
1772937192.8026242,-1630.2311770659485
1772937192.802633,-1788.5052716541054
1772937192.8026412,-554.7008626342578
1772937192.8026497,294.51273291747225
1772937192.802658,-344.48581311310454
1772937192.8026664,-1486.6181424037807
1772937192.8026748,-1555.4370295452618
1772937192.802683,-545.7002737269968
1772937192.8026912,97.35290517349006
1772937192.8026996,-464.2615101661603
1772937192.8027077,-1380.6299206248952
1772937192.802716,-1387.165238445689
1772937192.8027244,-541.2989245752767
1772937192.8027327,-49.045128841731234
1772937192.802741,-553.1194460201299
1772937192.8027494,-1302.4350844987512
1772937192.8027575,-1264.3047881590594
1772937192.802766,-542.8964253936045
1772937192.8027744,-163.02431389761378
1772937192.8027828,-619.4544329412719
1772937192.802791,-1238.9881790577895
1772937192.8027995,-1169.8922473715609
1772937192.9800959,-544.2548749702722
1772937192.9801333,-251.28806911243802
1772937192.980144,-670.986227324062
1772937192.9801528,-1188.922995445625
1772937192.9801612,-1091.5301650001124
1772937192.9801695,-545.8285068454422
1772937192.980178,-322.63717491022544
1772937192.9801862,-710.1826721465135
1772937192.980194,-1145.7376541415476
1772937192.9802022,-1030.323281765913
1772937192.9802103,-550.341251300964
1772937192.980219,-381.93683157203907
1772937192.980227,-739.9984188806453
1772937192.9802349,-1106.9884206508589
1772937192.980243,-978.931037366657
1772937192.9802508,-555.9544602769397
1772937192.9802587,-433.4502708078423
1772937192.9802666,-765.7759533051772
1772937192.9802744,-1075.1448104920569
1772937192.9802823,-937.468984438139
1772937192.98029,-562.42684071358
1772937192.980298,-476.02757383166835
1772937192.980306,-783.1467195506035
1772937192.980314,-1042.6870188419407
1772937192.980322,-899.1012656666406
1772937192.98033,-567.6786723945039
1772937192.9803379,-512.6317219770225
1772937192.9803457,-797.0902319425135
1772937192.9803767,-1014.5190059390878
1772937192.9803846,-870.4037465530611
1772937193.2682984,-574.5357098479699
1772937193.2683187,-544.2278010745007
1772937193.26833,-808.0853428706268
1772937193.2683396,-988.3616879717574
1772937193.26835,-839.236715712405
1772937193.268359,-580.3428160523127
1772937193.2683675,-574.0109825548365
1772937193.2683764,-819.0331915561463
1772937193.2683852,-967.3129884639426
1772937193.2683935,-818.7905764201568
1772937193.268402,-591.4915377122154
1772937193.2684107,-603.0000112431878
1772937193.2684195,-827.6257745062258
1772937193.2684276,-946.2690872401276
1772937193.2684362,-799.7604250413477
1772937193.2684448,-602.2839133116328
1772937193.2684534,-629.5683502492644
1772937193.268462,-834.7811891280294
1772937193.2684705,-926.6643411153763
1772937193.268479,-782.8201973641867
1772937193.268489,-612.1165055613241
1772937193.2685027,-651.5149811756725
1772937193.2685165,-836.5482006156244
1772937193.268528,-903.4899387207344
1772937193.2685366,-764.1022196560451
1772937193.268545,-621.9091853957598
1772937193.3746488,-34743.25178271317
1772937193.37467,-24333.533741168376
1772937193.3746812,-8996.426093231294
1772937193.3746912,7357.761565929899
1772937193.3747013,22864.991186471998
1772937193.37471,33382.759947603474
1772937193.5192788,32717.31576356757
1772937194.1494217,19449.060636251517
1772937194.1494596,3014.7930049276615
1772937194.1494863,-7199.9340212603865
1772937194.149513,-6598.734357808297
1772937194.1495478,385.190396175754
1772937194.1495745,5061.987342239518
1772937194.1496017,3098.2130174378303
1772937194.1496236,-2006.3999641216697
1772937194.1496508,-3913.483620688932
1772937194.149678,-869.6386781018485
1772937194.1497052,2861.141610026024
1772937194.1497326,2665.29269028586
1772937194.1497505,-844.3020223086849
1772937194.1497583,-3001.184172558592
1772937194.1497662,-1164.1174516077763
1772937194.1497743,2075.9809279447136
1772937194.1497824,2455.767004603928
1772937194.1497903,-402.3302166367837
1772937194.1497984,-2627.6331783950054
1772937194.1498065,-1286.338613852107
1772937194.1498144,1759.2947234018143
1772937194.1498225,2392.626188136278
1772937194.1498303,-223.9014654124894
1772937194.1498382,-2524.799824860729
1772937194.149846,-1362.8655721884495
1772937194.1498537,1693.798694096911
1772937194.149861,2448.0597984553656
1772937194.1498687,-189.70791816965001
1772937194.1498766,-2619.6700802133923
1772937194.1498845,-1429.5553652425085
1772937194.1498954,1828.3151205831387
1772937194.1499095,2626.025620697213
1772937194.1499176,-282.5538597576104
1772937194.149926,-2933.072560622474
1772937194.1499348,-1504.2551927430638
1772937194.1499443,2208.4849074728263
1772937194.149958,2983.536945930087
1772937194.1499703,-552.8740703259006
1772937194.1499832,-3603.460688873605
1772937194.1499946,-1605.5810953235348
1772937194.1500094,3054.9966798042656
1772937194.1500204,3731.5669903027992
1772937194.1500292,-1200.473752445221
1772937194.1500375,-5159.377542741582
1772937194.150046,-1818.7694892300685
1772937194.1500545,5292.4211007146105
1772937194.1500628,5885.740089531282
1772937194.1500711,-3250.4711195495056
1772937194.1500795,-11124.460607852692
1772937194.1500878,-3419.5179979703053
1772937194.1500988,19614.470266892156
1772937194.1501117,40013.22313988105
1772937194.150124,39513.945693297406
1772937194.150139,18769.501945547647
1772937194.1501524,-3498.7288514239845
1772937194.1501672,-10319.487629172698
1772937194.150181,-2610.638698900621
1772937194.150194,5501.244392704412
1772937194.1502075,4363.113137703316
1772937194.1502209,-2063.541302261983
1772937194.150235,-4358.684190751162
1772937194.1502447,-392.7309380047519
1772937194.1502535,3441.830207835721
1772937194.150262,2000.9267017316902
1772937194.1502707,-2018.46271391606
1772937194.1502793,-2761.878343056737
1772937194.1502876,459.3367840882863
1772937194.1502976,2766.9347724330446
1772937194.1503112,976.5103115416072
1772937194.1503315,-2097.8345281501383
1772937194.150344,-2002.2201726719509
1772937194.150355,978.5997136320411
1772937194.1503668,2456.552566360079
1772937194.1503801,348.9401918366109
1772937194.1503923,-2223.4466596273287
1772937194.150404,-1535.4170286782887
1772937194.1504157,1385.7644160077139
1772937194.150428,2297.0155835575547
1772937194.1504407,-126.65154442121066
1772937194.1504543,-2385.552942726304
1772937194.150467,-1194.673983467774
1772937194.1504793,1764.7343391527008
1772937194.1504931,2219.026263045715
1772937194.1505032,-548.8398077100776
1772937194.1505115,-2589.986260383318
1772937194.15052,-908.9806079895237
1772937194.1505287,2163.5657191111713
1772937194.150537,2196.5053577655704
1772937194.1505456,-973.2134447650991
1772937194.150554,-2850.09014457356
1772937194.1505623,-636.8036476132886
1772937194.1505704,2624.190528036437
1772937194.1505787,2218.675488908389
1772937194.150587,-1451.5310908736774
1772937194.1505957,-3194.9976091621998
1772937194.1506038,-346.0673084746823
1772937194.150612,3200.415680775363
1772937194.1506207,2285.213280572868
1772937194.1506293,-2051.685040077559
1772937194.1506374,-3678.12210947013
1772937194.1506457,5.990637855038979
1772937194.1506543,3991.2815594287954
1772937194.1506624,2415.1975655275783
1772937194.1506708,-2887.1890781127668
1772937194.150679,-4403.609370189762
1772937194.1506872,505.8382307472902
1772937194.1506956,5215.689479825558
1772937194.150704,2654.32522123936
1772937194.150714,-4245.107076424535
1772937194.1507275,-5663.467417867529
1772937194.1507409,1372.8207889851712
1772937194.1507537,7520.789513540786
1772937194.1507676,3153.993489795943
1772937194.1507764,-7162.4025528953825
1772937194.1507847,-8661.230860042751
1772937194.1507933,3635.878263084122
1772937194.150804,14704.493319864961
1772937194.1508176,5401.620313333428
1772937194.150831,-22597.870922752023
1772937194.1508443,-44543.5066838782
1772937194.629898,-551.2142833701621
1772937194.6299372,-595.8710898850526
1772937194.6299636,-892.8936214666885
1772937194.62999,-1013.5674351368662
1772937194.6300168,-774.6558045183989
1772937194.6300435,-514.5258133767038
1772937194.63007,-613.3396729920726
1772937194.630097,-938.0707918895787
1772937194.6301231,-1021.0898247361168
1772937194.6301649,-732.5745365217093
1772937194.630191,-480.4635766141677
1772937194.6302128,-632.9333221468734
1772937194.6302211,-981.2467401931066
1772937194.630229,-1025.2686326573378
1772937194.6302369,-691.0137456643649
1772937194.6302447,-451.2458615619526
1772937194.6302524,-656.5686490439947
1772937194.6302605,-1023.4049458635263
1772937194.6302683,-1025.3299034961924
1772937194.6302764,-647.9534500888456
1772937194.6302843,-425.72536761961646
1772937194.6302917,-685.894969592584
1772937194.6303,-1068.7620903407194
1772937194.630308,-1025.792793482947
1772937194.6303155,-605.8563945215342
1772937194.6303234,-403.4010312500291
1772937194.630331,-717.8611382812257
1772937194.630339,-1112.59623484718
1772937194.6303463,-1021.4012623411492
1772937194.6303544,-560.5237338383588
1772937194.630362,-382.587553273925
1772937194.63037,-753.3043927335269
1772937194.6303775,-1156.4250093189883
1772937194.6303852,-1012.1249888859862
1772937194.630393,-509.7567378764232
1772937194.6304004,-360.262009553425
1772937194.6304083,-790.1528986580794
1772937194.630416,-1199.8547906341353
1772937194.630424,-999.058182516736
1772937194.630432,-456.01784132741454
1772937194.63044,-340.32719953928887
1772937194.630448,-833.1620920758855
1772937194.6304555,-1247.0281159090912
1772937194.6304636,-984.5743218086933
1772937194.6304715,-400.17839401379103
1772937194.630479,-323.1499750284023
1772937194.6304867,-882.1431416594387
1772937194.6304944,-1295.7625782459077
1772937194.630502,-963.6321162160816
1772937194.6305096,-335.9489306249391
1772937194.6305172,-304.46196426311894
1772937194.6305249,-936.9224425941543
1772937194.6305325,-1349.3144391035908
1772937194.6305401,-940.9072692343636
1772937194.6305482,-268.149944840005
1772937194.630556,-288.56332579244327
1772937194.6305637,-999.5757478339849
1772937194.6305716,-1404.9883403841154
1772937194.6305797,-908.4990591477846
1772937194.6305873,-187.44148706844723
1772937194.6305952,-270.2785132915058
1772937194.6306033,-1071.5994069824312
1772937194.630611,-1468.5673398067402
1772937194.6306186,-872.7153305967519
1772937194.6306264,-99.70529813918495
1772937194.6306343,-256.25506560628673
1772937194.6306424,-1159.4678997820442
1772937194.63065,-1542.0673734956076
1772937194.630658,-828.0709911195663
1772937194.6306655,5.217495186939836
1772937194.6306732,-238.12772835169315
1772937194.6306808,-1259.648862950223
1772937194.630689,-1623.7223726530992
1772937194.6306968,-771.0510553413546
1772937194.6307046,130.30465747066728
1772937194.6307125,-218.90246540133563
1772937194.63072,-1380.9119614114254
1772937194.6307275,-1719.913697261688
1772937194.6307356,-699.0812161223628
1772937194.6307433,282.4415485355654
1772937194.630751,-198.64625107572974
1772937194.6307585,-1533.2252137875446
1772937194.6307986,-1839.7010207380727
1772937194.6308067,-609.3047411383391
1772937194.6308148,471.7127729658811
1772937194.6308224,-175.66042518925016
1772937194.6308303,-1727.8749708877617
1772937194.6308382,-1991.5702780106255
1772937194.6308458,-491.15916892758173
1772937194.6308537,719.1552778760312
1772937194.6308613,-145.28643059537512
1772937194.630869,-1985.8801812806337
1772937194.6308763,-2196.1184782053756
1772937194.630884,-334.5597434204675
1772937194.630892,1055.2964077862264
1772937194.6308997,-100.83653187215724
1772937194.6309073,-2342.2731779562328
1772937194.6309154,-2485.978097064994
1772937194.6309233,-114.90309821365344
1772937194.6309307,1543.64232133795
1772937194.6309383,-27.013720965582763
1772937194.630946,-2871.609206790397
1772937194.6309536,-2939.7379548627987
1772937194.6309612,208.45656035891204
1772937194.6309688,2322.42463128755
1772937194.6309767,123.87060252411268
1772937194.6309843,-3734.9010716985817
1772937194.6309924,-3751.422641229939
1772937194.6310005,724.6536634818918
1772937194.6310081,3762.9507300490395
1772937194.631016,519.1030917768743
1772937194.631024,-5390.696478257852
1772937194.6310315,-5594.4084107810895
1772937194.6310394,1634.5895196290148
1772937194.6310472,7271.6398451692485
1772937194.631055,2103.167445415315
1772937194.6310627,-9817.824851119613
1772937194.6310704,-12776.900775219101
1772937194.631078,2913.550736956769
1772937194.6310856,26863.7664458066
1772937194.6310935,36170.7963186737
1772937194.7129376,-1295.5669857044222
1772937194.7129653,-1752.3966369976486
1772937194.7129784,427.21161880397574
1772937194.7129912,2318.597331275234
1772937194.713003,940.0468660613434
1772937194.7130153,-2187.862605568454
1772937194.7130268,-2526.23894002446
1772937194.7130392,1094.5199424737827
1772937194.7130508,3905.9547712203525
1772937194.7130623,1162.0687788011971
1772937194.713074,-4436.5275244982695
1772937194.7130857,-4693.957130489161
1772937194.713097,3135.216220000738
1772937194.7131088,9868.194269870623
1772937194.7131205,2772.8586141910982
1772937194.713132,-18741.630607403655
1772937194.7131436,-38822.67668204281
1772937195.1105046,-2360.5586254825257
1772937195.11054,-1950.1689093552177
1772937195.1105514,1335.591232730413
1772937195.1105623,2952.157981733084
1772937195.1105728,396.09137729601383
1772937195.110582,-2986.1809555597056
1772937195.1105905,-2324.4190802208195
1772937195.1105993,1838.000858087384
1772937195.1106076,3773.8114326109066
1772937195.110616,353.83205246421977
1772937195.110624,-4068.130256985561
1772937195.110632,-3062.6909226431726
1772937195.11064,2736.3082504508743
1772937195.110648,5472.387547650474
1772937195.110656,392.5200235042853
1772937195.110664,-6561.486610228485
1772937195.110672,-5187.0048535379
1772937195.11068,5082.082595099699
1772937195.110688,11592.596074957684
1772937195.110696,1768.6041890206166
1772937195.110704,-21198.919534258068
1772937195.110712,-39268.0057486572
1772937195.311304,2.025656140680687
1772937195.3113558,1.4509770431939542
1772937195.3113701,1.3747475666045008
1772937195.3113797,1.678181513114341
1772937195.3113885,1.9829476490723152
1772937195.3113973,2.0536568596180844
1772937195.3114057,2.0474469340863415
1772937195.3114142,2.291500092586301
1772937195.3114223,2.8289132746416255
1772937195.3114312,3.2846264949166977
1772937195.311439,3.2400519546943882
1772937195.311447,2.686751028250722
1772937195.311455,2.0232231354760444
1772937195.3114629,1.607279440794131
1772937195.3114705,1.4044052107576304
1772937195.3114784,1.1336181185797842
1772937195.311486,0.6949344043125912
1772937195.311494,0.3353579821817077
1772937195.311502,0.3551272939755227
1772937195.3115098,0.7209473088339431
1772937195.3115177,1.051820986326131
1772937195.3115256,0.9953618847986975
1772937195.3115337,0.5812439996774768
1772937195.3115413,0.19966131129118406
1772937195.3115492,0.2633060181998969
1772937195.3115568,0.8814197819264198
1772937195.3115644,1.783814286874775
1772937195.311572,2.492363310005687
1772937195.31158,2.6087791387046546
1772937195.3115876,2.0736589996770065
1772937195.3115952,1.2430119259673065
1772937195.3116033,0.6676032429763309
1772937195.3116107,0.6620054022756717
1772937195.3116188,1.0035891605922134
1772937195.3116264,1.0857010511358418
1772937195.3116343,0.4529436313704713
1772937195.4137175,1.3053203037169692
1772937195.413736,1.7964336597295338
1772937195.4137473,1.5862705866535143
1772937195.4137576,0.943226232520718
1772937195.4137669,0.6558606585908016
1772937195.4137757,1.1383878321887917
1772937195.4137845,1.9184543417680289
1772937195.413793,2.184630776077215
1772937195.4138012,1.788502495252051
1772937195.4138093,1.4691827980480667
1772937195.413818,1.9439071449126786
1772937195.4138262,2.897552800773706
1772937195.4138343,3.1155545793081982
1772937195.413842,1.7167752589896554
1772937195.497028,-49112.25903439967
1772937195.4970472,-21800.352137272268
1772937195.4970584,21806.793724318133
1772937195.4970677,49116.52324056596
1772937195.561309,42697.611186491806
1772937195.654679,14873.00007703181
1772937195.6547132,-7440.0432279640445
1772937195.6547272,-9632.577794880557
1772937195.6547399,458.1939918707636
1772937195.6547515,6504.971195721369
1772937195.6547627,2632.7750185430505
1772937195.654774,-3619.0865046572694
1772937195.654785,-3818.4188318248466
1772937195.6547961,992.808786351283
1772937195.654807,3650.5650303311313
1772937195.654817,1070.7476913376786
1772937195.654828,-2540.100694034814
1772937195.6548383,-2276.911141944948
1772937195.654849,989.2300755834333
1772937195.6548593,2541.3182881837033
1772937195.6548705,511.13557121038366
1772937195.6548815,-1990.3844772866737
1772937195.6548924,-1558.7885161776803
1772937195.6549027,937.4165264554881
1772937195.6549137,1942.0250952119763
1772937195.6549244,230.37419485491245
1772937195.9709425,-39774.434293852195
1772937195.970976,-19353.059352429533
1772937195.9710028,4367.939764641371
1772937195.971025,12361.216850771327
1772937195.9710476,4077.444706508967
1772937195.9710567,-5437.561984031658
1772937195.9710655,-4660.89526424809
1772937195.971074,2795.983943617492
1772937195.9710822,6070.8016247553
1772937195.9710903,1806.655426738598
1772937195.971099,-3104.971566882859
1772937195.9711068,-2099.79188418788
1772937195.9711149,2610.0049535462
1772937195.9711225,4215.246619436733
1772937195.9711304,945.6262526628105
1772937195.9711385,-2193.725401612769
1772937195.971146,-940.1436203525011
1772937195.9711535,2538.007965767273
1772937195.9711616,3245.1339528494887
1772937195.9711695,459.5917481281338
1772937195.971177,-1658.9082181636857
1772937195.9711847,-220.49390893411993
1772937195.9711926,2494.0297753989203
1772937195.9712005,2592.7787178007047
1772937195.9712083,116.92888325998932
1772937195.971216,-1279.0700607448825
1772937195.971224,311.8888452476687
1772937195.9712317,2463.2188823145702
1772937195.9712393,2084.2490764006675
1772937195.9712472,-158.57009293248063
1772937195.9712553,-966.3070499529111
1772937195.9712627,763.820242638683
1772937195.9712706,2439.747707419688
1772937195.9712784,1633.0390337804413
1772937195.971286,-414.20779654211447
1772937195.9712937,-681.2438281028548
1772937195.9713013,1194.4056817204812
1772937195.9713092,2422.2853938402563
1772937195.971317,1184.8580552301328
1772937195.9713247,-680.9009900494741
1772937195.9713328,-388.6443214302782
1772937195.9713404,1659.2253816106609
1772937195.9713483,2411.4597314754797
1772937195.9713564,680.5229905007304
1772937195.9713643,-998.1846734175542
1772937195.971372,-44.308513456171205
1772937195.9713798,2239.8695500731874
1772937195.9713876,2412.413550900831
1772937195.9713955,19.968277262975462
1772937195.9714036,-1445.2579075485287
1772937195.9714117,430.5807530592363
1772937195.971419,3107.094503129584
1772937195.9714272,2439.034737988176
1772937195.971442,-1045.9845930065956
1772937195.9714575,-2245.49813828048
1772937195.9714718,1251.386338089598
1772937195.9714813,4807.611426126928
1772937195.97149,2573.3893541110237
1772937195.9714975,-3459.417518279643
1772937195.971506,-4423.079297284046
1772937195.9715135,3450.9040671499365
1772937195.9715216,10874.218774584766
1772937195.9715292,4088.4959377826112
1772937195.9715369,-17922.801265744707
1772937195.971545,-38545.61445518778
1772937196.0834067,37591.02940469763
1772937196.2219608,1105.1315231763956
1772937196.222,909.5223065908233
1772937196.222022,460.00452242189425
1772937196.2220387,496.668506199056
1772937196.2220502,1012.8864100370167
1772937196.2220595,1192.073606297264
1772937196.2220683,673.9152368047372
1772937196.2220771,218.4741885659164
1772937196.2220864,608.2924062830117
1772937196.2220953,1351.2786671147794
1772937196.2221036,1275.9001727437885
1772937196.2221117,339.8392191378288
1772937196.22212,-90.85298089148198
1772937196.2221289,796.9021069912228
1772937196.2221375,1833.8804052695089
1772937196.2221463,1365.742271342597
1772937196.2221544,-177.76382920528997
1772937196.2221627,-539.56801143809
1772937196.2221713,1135.272767554564
1772937196.2221797,2622.9252793671667
1772937196.2221885,1476.026133961137
1772937196.2221973,-1120.7305110808825
1772937196.2222056,-1347.1433964314003
1772937196.222214,1835.8218717962789
1772937196.2222223,4262.0572089811585
1772937196.222231,1691.860604945876
1772937196.2222393,-3425.0074664755166
1772937196.2222476,-3536.5624280245297
1772937196.222256,3924.651718405485
1772937196.2222643,10274.18126459647
1772937196.2222726,3278.718017094325
1772937196.2223103,-17797.562484453054
1772937196.2223191,-37678.652401170926
1772937196.3082757,-4730.775365443858
1772937196.308303,3902.9575583956457
1772937196.3083148,11448.587950691548
1772937196.308326,3995.536758545866
1772937196.308336,-18542.60322674948
1772937196.308346,-38834.85298464783
1772937196.8567314,-933.2574111121071
1772937196.8567655,-88.3588189435451
1772937196.8567889,876.6918366009105
1772937196.8568115,607.4784103204385
1772937196.8568344,-515.3026942867333
1772937196.8568537,-913.4882521756971
1772937196.8568738,-28.275309240168777
1772937196.8568933,896.6068810100038
1772937196.856913,562.4781582133244
1772937196.8569324,-560.928955977942
1772937196.8569417,-895.6460548579437
1772937196.8569503,28.427724802969372
1772937196.8569589,913.0287746487251
1772937196.8569677,514.5612548345505
1772937196.8569763,-608.3522282276516
1772937196.8569849,-877.7633184272645
1772937196.856993,87.064470351003
1772937196.8570013,931.9968476503514
1772937196.85701,468.17947611338866
1772937196.8570182,-655.5717068358006
1772937196.8570268,-860.0727779750989
1772937196.8570352,145.49604545942728
1772937196.857044,949.6946935808417
1772937196.8570528,418.6079848197053
1772937196.8570614,-706.5711393273406
1772937196.85707,-843.9997018297663
1772937196.8570783,205.7033808891247
1772937196.857087,970.9532697600214
1772937196.8570952,372.03961859471724
1772937196.8571033,-755.5925824432543
1772937196.8571117,-826.02140830052
1772937196.85712,267.5752211505893
1772937196.8571284,991.900366568367
1772937196.8571367,322.61129370725126
1772937196.8571453,-807.5656723746303
1772937196.8571537,-808.0091632369927
1772937196.857162,332.2154749064759
1772937196.8571703,1014.9155468092658
1772937196.8571787,272.53580238988127
1772937196.8571873,-860.647178329743
1772937196.8571959,-788.332817212095
1772937196.857204,400.2786182387762
1772937196.8572128,1038.3130468980312
1772937196.857221,217.56888286909
1772937196.8572297,-919.7688865038816
1772937196.857238,-769.9467884003637
1772937196.8572462,472.0280581679496
1772937196.8572545,1064.7054076688048
1772937196.8572628,161.04090349920693
1772937196.8572714,-981.8519891537102
1772937196.8572795,-750.48444356374
1772937196.8572881,548.2802272984557
1772937196.8572965,1092.4550561295193
1772937196.8573048,99.3684641479386
1772937196.857313,-1050.0994739207176
1772937196.8573213,-730.5391567991559
1772937196.85733,630.9066566859061
1772937196.8573387,1123.6717030073876
1772937196.857347,33.31115892279986
1772937196.857355,-1124.3225508637695
1772937196.8573637,-708.8934719185447
1772937196.8573716,721.8701835376086
1772937196.8573802,1158.9182169418652
1772937196.8573887,-38.992380996753
1772937196.8573973,-1206.8670101259072
1772937196.8574057,-685.7110738275759
1772937196.857414,822.9405709457108
1772937196.8574224,1198.8097349845796
1772937196.857431,-119.78482703578251
1772937196.8574393,-1300.3114765953196
1772937196.8574476,-660.0172547178156
1772937196.8574557,938.6193095694061
1772937196.857464,1246.8760783170255
1772937196.8574724,-209.98561808591757
1772937196.8574808,-1407.9888376204171
1772937196.857489,-632.8228346282395
1772937196.857502,1071.0230569276382
1772937196.8575103,1304.0455451509272
1772937196.8575187,-312.8466082561336
1772937196.8575268,-1533.8116201935209
1772937196.857535,-602.9350306269042
1772937196.8575435,1225.674272688869
1772937196.8575516,1372.3136753364824
1772937196.85756,-434.46547215509077
1772937196.8575683,-1685.4013808338434
1772937196.8575764,-568.9523684180174
1772937196.8575847,1412.77461188555
1772937196.8575933,1457.6533682718955
1772937196.8576016,-582.6008357241599
1772937196.8576097,-1875.799431298439
1772937196.857618,-531.7308656812982
1772937196.8576264,1646.5374795825526
1772937196.8576345,1571.232698384252
1772937196.857643,-764.9215884209476
1772937196.8576517,-2121.031423765723
1772937196.85766,-490.1691722115404
1772937196.8576684,1948.8885851260775
1772937196.8576767,1726.0778293004787
1772937196.8576856,-1002.5882071882407
1772937196.857694,-2455.5882570264093
1772937196.8577025,-443.51953877966395
1772937196.8577113,2364.4498192526057
1772937196.85772,1952.99363846166
1772937196.8577285,-1333.4687655543214
1772937196.8577368,-2950.1898066596027
1772937196.857745,-393.73336022625296
1772937196.8577535,2989.275932653361
1772937196.857762,2328.175451473941
1772937196.8577704,-1834.1665719660277
1772937196.8577788,-3770.679824013454
1772937196.857787,-351.7436072632694
1772937196.8577957,4069.7002153062144
1772937196.857804,3064.8213891640985
1772937196.8578124,-2732.866479312145
1772937196.8578212,-5467.810867072154
1772937196.8578296,-387.552706613802
1772937196.857838,6566.497641547918
1772937196.8578465,5192.55441327224
1772937196.8578553,-5075.386457154251
1772937196.857864,-11585.236290948069
1772937197.3250537,38078.975013728115
1772937197.3251069,38313.76025622824
1772937197.3251345,17822.381494808058
1772937197.3251665,-5006.073948394225
1772937197.3252025,-12419.240242466778
1772937197.325235,-4525.439345586653
1772937197.3252654,4284.245522727281
1772937197.3252923,3396.1819364632947
1772937197.3253243,-3564.306728071238
1772937197.3253531,-6437.510949610935
1772937197.3253617,-2301.154558667721
1772937197.3253696,2212.1180394069515
1772937197.3253777,1021.5081197684146
1772937197.3253975,-3519.616526453672
1772937197.3254051,-4836.252823880778
1772937197.3254132,-1448.170201268403
1772937197.325421,1537.080459863328
1772937197.3254287,-1.75479641282605
1772937197.3254364,-3602.2719663794774
1772937197.3254445,-4085.3095195699057
1772937197.325452,-930.4752672468666
1772937197.32546,1239.9660509086325
1772937197.325468,-617.6809436756284
1772937197.325476,-3739.5146241187194
1772937197.3254845,-3643.0548272868737
1772937197.3254924,-524.2404445451855
1772937197.3255,1112.247749297473
1772937197.325508,-1071.041974345327
1772937197.325516,-3927.763194265522
1772937197.3255353,-3347.650361310982
1772937197.3255436,-142.47307170158322
1772937197.3255513,1091.6283101055856
1772937197.325559,-1460.3111902977303
1772937197.3255668,-4181.253430901843
1772937197.3255744,-3132.1688927578434
1772937197.3255825,273.3437180037829
1772937197.32559,1166.1854091377804
1772937197.325598,-1845.2329800938667
1772937197.3256059,-4537.099890765272
1772937197.3256135,-2969.548450221344
1772937197.3256216,782.9081432325224
1772937197.3256292,1352.9329148504428
1772937197.3256369,-2286.2412530469887
1772937197.3256447,-5071.228949698464
1772937197.3256528,-2847.745300590558
1772937197.3256605,1496.777855801726
1772937197.325668,1728.120870940636
1772937197.325676,-2870.9134658448816
1772937197.325684,-5955.770541327126
1772937197.3256917,-2768.109323213842
1772937197.3256996,2680.7262543808556
1772937197.3257072,2513.6488180956358
1772937197.3257148,-3844.8558714054498
1772937197.3257227,-7774.286373834555
1772937197.3257303,-2817.278605921738
1772937197.325738,5311.390085583157
1772937197.3257456,4761.881784375079
1772937197.3257537,-6264.163114521554
1772937197.3257613,-14106.980468708649
1772937197.3257692,-4256.803589276234
1772937197.325777,20183.506510888346
1772937197.3257847,39105.5720803082
1772937197.3257926,35993.57337961269
1772937197.3258004,15132.861749622913
1772937197.325808,-4199.477866302924
1772937197.3258157,-8800.962773218434
1772937197.3258233,-2955.721594198511
1772937197.3258312,1135.6037150019356
1772937197.3258383,-739.3903739376417
1772937197.3258464,-2722.04537514711
1772937197.3258753,-556.3930189938345
1772937197.325883,1175.3879647283163
1772937197.3258903,-3155.8474581925134
1772937197.325898,-8914.183680758722
1772937197.3259056,-3998.2486056068788
1772937197.3259132,15359.792127334666
1772937197.3259208,35852.886915969
1772937197.3259287,38755.14005313797
1772937197.3259363,20166.859214808774
1772937197.325944,-3846.2735988829054
1772937197.325952,-13859.186852051716
1772937197.32596,-6610.326333647788
1772937197.325968,4269.78328522536
1772937197.325976,5427.397887191661
1772937197.3259835,-2179.054307504792
1772937197.3259916,-7531.505355026426
1772937197.3259995,-4434.306208932526
1772937197.3260071,1884.8116556327059
1772937197.326015,2979.2574639134677
1772937197.3260226,-1870.3151118106653
1772937197.3260305,-5753.010290706504
1772937197.326038,-3766.7762848381353
1772937197.3260455,957.7316511210188
1772937197.3260531,2048.3468702168166
1772937197.3260612,-1634.5569641959341
1772937197.3260689,-4951.540950639655
1772937197.3260763,-3582.250595339747
1772937197.326084,431.5133525759336
1772937197.3260915,1697.141159873614
1772937197.3260996,-1355.3668580142894
1772937197.3261075,-4584.195122746829
1772937197.326115,-3716.625864329411
1772937197.3261228,70.08557265531714
1772937197.3261304,1756.2948714756542
1772937197.326138,-939.8020809567142
1772937197.3261456,-4540.771533107257
1772937197.3261533,-4249.510838782538
1772937197.326161,-224.66042850285885
1772937197.3261688,2362.1302028135647
1772937197.326176,-169.22790463139071
1772937197.3261836,-4961.469846016813
1772937197.3261917,-5686.42729494771
1772937197.326199,-568.9200161974272
1772937197.3262067,4409.8491720608945
1772937197.3262143,1986.3915313010198
1772937197.326222,-6833.399627942905
1772937197.3262298,-11534.369325108073
1772937197.3262377,-2254.688468485873
1772937197.3262453,18569.885827485257
1772937197.3262532,36085.666456766674
1772937197.689724,124.88610500544321
1772937197.6897647,186.58635939075194
1772937197.6897912,-1367.724321045667
1772937197.6898184,-2234.863542413272
1772937197.689845,-808.601784690457
1772937197.689872,1031.194932638216
1772937197.6898985,300.8303542713225
1772937197.6899247,-2419.7201599485875
1772937197.689947,-3109.5107025090438
1772937197.6899552,-45.39535463226307
1772937197.689964,2767.0515519322184
1772937197.6899717,510.1981654158025
1772937197.6899803,-4821.581562378177
1772937197.689988,-5350.5131511331265
1772937197.689996,2105.2818952059447
1772937197.690004,8863.087223403309
1772937197.690012,2086.6360929150997
1772937197.69002,-19278.248379438945
1772937197.6900277,-39526.89443667704
1772937197.6900358,-40558.4173607699
1772937197.6900437,-20928.670614891238
1772937197.6900513,2130.06041718035
1772937197.6900592,10544.551248213955
1772937197.690067,3072.459366764467
1772937197.6900747,-6457.726102681757
1772937197.6900828,-6459.420088422099
1772937197.6900904,639.5461485345118
1772937197.6900983,4494.913719950703
1772937197.690106,863.821777207273
1772937197.6901138,-4307.71521774668
1772937197.6901212,-4062.8334290333128
1772937197.6901295,520.2409556310937
1772937197.6901371,2825.9073610842006
1772937197.6901455,50.05312606233626
1772937197.6901531,-3541.1204743974936
1772937197.6901612,-3032.87772761746
1772937197.690169,506.98095092753255
1772937197.690177,2014.8109836049987
1772937197.6901848,-394.5818079480233
1772937197.6901927,-3133.9336330461438
1772937197.6902003,-2433.419437492571
1772937197.6902082,511.3607398688039
1772937197.690216,1510.7252689727293
1772937197.6902237,-690.3880150697881
1772937197.6902313,-2870.676063625084
1772937197.6902392,-2021.286758054972
1772937197.6902468,522.7233144235479
1772937197.6902544,1153.4810993579672
1772937197.690262,-911.3223124201876
1772937197.69027,-2682.5426522096905
1772937197.6902776,-1713.49057909014
1772937197.6902854,531.5492640096229
1772937197.6902933,876.0625383069322
1772937197.6903372,-1084.7364743532573
1772937197.6903453,-2529.5632864664863
1772937197.690353,-1461.1292000813785
1772937197.6903608,539.9807920438224
1772937197.690369,645.0207179705105
1772937197.6903763,-1231.2482534844942
1772937197.6903841,-2399.724332555983
1772937197.6903918,-1243.9736602465437
1772937197.6903994,549.0611812152443
1772937197.690407,446.72687141570356
1772937197.6904147,-1355.772023304372
1772937197.6904223,-2281.8935812657196
1772937197.6904304,-1051.9649637490882
1772937197.690438,551.0394371827446
1772937197.6904457,261.0798810047689
1772937197.6904533,-1471.4549581567567
1772937197.6904612,-2173.241942823511
1772937197.6904688,-875.5887139278138
1772937197.690477,549.7791439239513
1772937197.6904843,86.68536056008696
1772937197.690492,-1575.5021795717303
1772937197.6904993,-2063.731751586907
1772937197.6905072,-706.1456003487837
1772937197.6905146,543.7031896336354
1772937197.6905222,-85.83080736599211
1772937197.69053,-1674.4829470475684
1772937197.6905377,-1951.6177131169868
1772937197.6905453,-538.6317755541476
1772937197.6905532,533.9623115546913
1772937197.690561,-258.4477269507246
1772937197.6905687,-1767.2241574336379
1772937197.6905763,-1831.3039725189806
1772937197.690584,-370.12628319848653
1772937197.690592,514.6095338196275
1772937197.6905997,-442.0023080145945
1772937197.6906073,-1859.6191486835146
1772937197.9548264,34236.0210051422
1772937197.9548552,18080.948807095912
1772937197.954872,-544.8766845079698
1772937197.9548872,-9917.594993042525
1772937197.9549005,-7717.631447899068
1772937197.954914,-411.78684784248566
1772937197.9549255,3870.0466841708335
1772937197.9549375,1865.7067270045438
1772937197.9549503,-3450.216363040227
1772937197.9549632,-6421.962383985158
1772937197.9549751,-3930.0379109475325
1772937197.9549878,1638.2722318932538
1772937197.9550004,4236.683029527994
1772937197.955013,-20.72260662281816
1772937197.955024,-7901.20776145856
1772937197.9550364,-10380.224509696918
1772937197.9550488,-562.2522087398842
1772937197.9550605,18525.735159833734
1772937197.9550717,34425.52409793279
1772937198.062268,35063.371489954196
1772937198.0622928,19497.283985614038
1772937198.062308,-742.3000161361201
1772937198.0623212,-11555.09757413286
1772937198.0623343,-8347.791857617121
1772937198.0623467,1109.842139057506
1772937198.403696,-34533.95615226898
1772937198.40373,-19690.9789943688
1772937198.4037423,-1827.5143237575028
1772937198.403752,7152.492071168868
1772937198.403761,4262.883936396877
1772937198.4037704,-2894.964606750408
1772937198.4037793,-5295.651248227617
1772937198.403788,-1712.397520247005
1772937198.4037971,2040.6811655843987
1772937198.403806,1416.591662836809
1772937198.4038143,-1800.0717554683956
1772937198.403823,-3007.4096145290728
1772937198.4038308,-1070.288195082379
1772937198.40384,891.0690602947909
1772937198.4038486,284.5679657642191
1772937198.4038575,-1640.7687770156483
1772937198.4038658,-2061.7243737770495
1772937198.403874,-624.4834348802228
1772937198.4038823,410.5764396937579
1772937198.4038908,-367.35023558904237
1772937198.4038992,-1639.0730899356786
1772937198.4039075,-1512.6733492919452
1772937198.4039164,-292.06343503156387
1772937198.4039257,137.6537399108333
1772937198.4039335,-824.2485177385423
1772937198.403942,-1673.5030063988258
1772937198.5321205,75639.27942736816
1772937198.5994208,20615.234424104136
1772937198.5994465,503.77056979302876
1772937198.5994575,-10975.090468654153
1772937198.5994673,-8552.167150573154
1772937198.5994763,1321.2151437630384
1772937198.599485,7227.547497497689
1772937198.5994933,3452.801471801539
1772937198.599501,-5190.987282050347
1772937198.5995092,-8767.61102915343
1772937198.5995176,-2622.6115373258
1772937198.5995257,7275.00127572805
1772937198.5995343,9405.100721996963
1772937198.599542,-2400.5643437433423
1772937198.59955,-22431.742431552746
1772937198.599558,-37125.73805078019
1772937198.765023,-36125.522428518045
1772937198.7650433,-20636.47749669535
1772937198.7650537,-2006.6174711770584
1772937198.7650628,7818.168465823352
1772937198.7650712,5529.027113113291
1772937198.76508,-2316.952786588592
1772937198.7650886,-6458.47163117034
1772937198.7650974,-3494.957160362708
1772937198.7651055,2048.014205111419
1772937198.7651134,3577.265730661497
1772937198.7651215,-228.9495859133132
1772937198.765129,-4402.8337802096585
1772937198.7651367,-3842.5316564425493
1772937198.7651443,580.7639158333913
1772937198.7651525,3199.91576349668
1772937198.7651603,652.3649082126194
1772937198.7651684,-3803.372852443443
1772937198.7651763,-4331.678185999137
1772937198.856326,-79.87981981008919
1772937198.8563485,3446.307226589575
1772937199.1767063,1399.9668965713531
1772937199.176728,-3799.5313445784523
1772937199.1767426,-5195.5710626784075
1772937199.1767552,-480.0851619905876
1772937199.176768,4345.532186560646
1772937199.1767805,2434.1127272484537
1772937199.1767936,-4389.289204220312
1772937199.1768055,-7014.401848352385
1772937199.1768167,-863.2247692754089
1772937199.456787,-37060.827805132685
1772937199.4568293,-18429.752542569935
1772937199.4568555,2342.39791641049
1772937199.456882,10282.43563873798
1772937199.4568915,4769.2005041118955
1772937199.4569016,-3039.583424243343
1772937199.456911,-3888.0975712620448
1772937199.45692,954.3335699557883
1772937199.456929,4210.330630191939
1772937199.4569376,2453.281137559715
1772937199.4569468,-913.8669103980271
1772937199.4569557,-1392.8113489418752
1772937199.4569645,906.1473142647836
1772937199.4569736,2470.1733970267687
1772937199.4569817,1528.8894271237996
1772937199.45699,-120.89708656470641
1772937199.456998,-221.3473233777727
1772937199.457006,938.5309731244946
1772937199.4570138,1516.6541733791764
1772937199.4570217,946.1083511571588
1772937199.4570303,374.17687380396484
1772937199.4570382,598.3899074464455
1772937199.4570467,973.0144943809803
1772937199.4570549,761.2885203788784
1772937199.4570837,448.7589477524883
1772937199.4570913,812.5975868846632
1772937199.4570992,1373.7864814436812
1772937199.4571068,1006.5198155897236
1772937199.4571145,-39.92928486913722
1772937199.457122,-104.20158594744292
1772937199.4571297,1343.6984653335871
1772937199.457137,2358.6886509633277
1772937199.4571452,1049.472909028187
1772937199.4571528,-1196.1870546054058
1772937199.4571605,-965.6673747046693
1772937199.4571683,2210.3622737342234
1772937199.4571764,4136.0415182397555
1772937199.4571843,1183.2747656251308
1772937199.457192,-3676.0898935681057
1772937199.4572,-3172.7467177016347
1772937199.4572084,4457.297300209879
1772937199.457216,10249.838264695287
1772937199.457224,2669.9397064261325
1772937199.4572315,-18202.88952115266
1772937199.4572396,-37295.35331850735
1772937199.9313023,-38866.10352349554
1772937199.9313424,-19543.126386744952
1772937199.931369,3408.2949480993725
1772937199.9313955,12066.652404776649
1772937199.9314225,4855.96818899459
1772937199.9314487,-4758.843674411219
1772937199.931476,-5077.7846420746855
1772937199.9315026,1911.924040085846
1772937199.9315293,6022.95010728181
1772937199.931556,2660.840022011026
1772937199.9315825,-2604.112014295524
1772937199.9316092,-2688.2320288921246
1772937199.9316177,1789.0996538528852
1772937199.9316256,4363.2734276009505
1772937199.9316337,1856.6720712006431
1772937199.931646,-1844.1452868380468
1772937199.9316573,-1675.7458566154726
1772937199.9316692,1768.7048811319899
1772937199.9316778,3561.6364896700943
1772937199.93169,1419.6306633956228
1772937199.9317017,-1447.0411535411786
1772937199.9317148,-1092.0339028223736
1772937199.931723,1775.852784995257
1772937199.9317307,3079.1716084949285
1772937199.9317389,1137.0910872084614
1772937199.931747,-1196.7639385573734
1772937199.9317548,-701.5122054776065
1772937199.9317627,1786.777578115289
1772937199.9317703,2742.9148177376974
1772937199.9317782,928.4181902201556
1772937199.931786,-1022.8896339082888
1772937199.931794,-413.7932942121383
1772937199.9318016,1799.9245917975493
1772937199.9318097,2489.79379434735
1772937199.9318175,764.665235682673
1772937199.9318256,-890.6260068406792
1772937199.9318333,-184.8947609244506
1772937199.9318411,1815.9108231931516
1772937199.9318488,2288.649793483316
1772937199.9318569,628.9632229771267
1772937199.9318645,-786.0082496447692
1772937199.9318724,3.6996883506306912
1772937199.9318802,1830.9392970450915
1772937199.931888,2120.225236211776
1772937199.931896,512.8369963759806
1772937199.931904,-697.1583406408215
1772937199.931912,167.8175342882704
1772937199.9319196,1846.6418564348255
1772937199.9319277,1974.235816268488
1772937199.9319355,410.0880522893481
1772937199.9319434,-618.7294984694645
1772937199.9319513,315.5731853538379
1772937199.9319592,1862.773740834803
1772937199.9319668,1843.1705937372521
1772937199.931975,316.13461290160285
1772937199.9319828,-547.2730189526775
1772937199.9319952,452.68156039702103
1772937199.932006,1879.4111814503794
1772937199.9320168,1721.6006977814395
1772937199.9320273,226.78810595013994
1772937199.9320388,-481.9853428972347
1772937199.9320498,581.3230374846426
1772937199.9320624,1895.011256357011
1772937199.9320748,1604.9477537816447
1772937199.932084,139.75063477340794
1772937199.9320922,-420.40846894838137
1772937199.9321,704.9325557717308
1772937199.9321077,1909.047381759982
1772937199.9321153,1489.2368484508236
1772937199.9321234,52.93149277327943
1772937199.9321313,-359.4873546630775
1772937199.932139,828.8474306563614
1772937199.9321468,1924.040155527169
1772937199.9321551,1373.292767633886
1772937199.9321632,-34.688792196573694
1772937199.9321709,-297.31483527220786
1772937199.9321787,955.5602582411655
1772937199.9321866,1938.9962901284043
1772937199.9321945,1253.076820597957
1772937199.9322023,-124.95019512827415
1772937199.9322104,-230.20113692242327
1772937199.9322183,1090.707608019427
1772937199.932226,1954.9020180182908
1772937199.9322383,1123.6601032798028
1772937199.9322464,-222.82481912964514
1772937199.932254,-157.81895323122222
1772937199.9322617,1237.51798666181
1772937199.9322696,1971.135278724994
1772937199.9322774,979.5457918230519
1772937199.9322853,-331.2004743857208
1772937199.932293,-74.22879815928056
1772937199.9323025,1405.7451294937773
1772937199.932314,1989.6168726268215
1772937199.9323263,811.7339283135992
1772937199.9323387,-458.90985066756224
1772937199.9323504,23.348396425566172
1772937199.9323585,1605.0615324192736
1772937199.932366,2010.6188566005703
1772937199.9323738,606.164339268208
1772937199.9323816,-617.2353232128015
1772937199.9323895,145.06947683379335
1772937199.9323971,1859.1816757645124
1772937199.9324052,2041.9298433176295
1772937199.9324136,342.48383845002206
1772937199.9324212,-826.9617272543535
1772937199.932429,304.95298421183975
1772937199.9324367,2206.4610769526716
1772937199.9324448,2091.988731736079
1772937199.9324524,-27.440262030201964
1772937199.9324603,-1139.189740434484
1772937199.932468,527.9678752247805
1772937199.932476,2736.8148931422807
1772937199.932484,2196.206525293791
1772937199.9324913,-604.0538438639676
1772937199.9324992,-1685.311783229812
1772937199.932507,858.2136643182558
1772937199.932515,3686.7655162744227
1772937199.9325225,2479.2674232398026
1772937199.9325302,-1672.3930692620013
1772937199.932538,-2932.087370700311
1772937200.036095,-708.9340304178144
1772937200.0361278,246.487690302736
1772937200.0361435,1951.1774151357363
1772937200.036158,2038.9479150038908
1772937200.036168,349.06595202614295
1772937200.0361776,-800.9159949902012
1772937200.0361872,209.41125898183316
1772937200.036197,2026.9361454310351
1772937200.036206,2136.109489224753
1772937200.0362153,333.8466411649954
1772937200.0362248,-923.0141065736059
1772937200.0362344,138.68500642998646
1772937200.0362437,2118.617099074776
1772937200.0362532,2287.917907477351
1772937200.0362616,338.9460828473232
1772937200.0362709,-1098.571538750614
1772937200.03628,2.654419433267554
1772937200.0362885,2228.124505570836
1772937200.036297,2533.6648415710983
1772937200.036306,389.4069540809864
1772937200.0363145,-1361.4099753963171
1772937200.0363286,-256.58081427237926
1772937200.0363429,2360.344652455723
1772937200.0363574,2959.4946716510544
1772937200.4537747,-1.5575031409614082
1772937200.453838,1073.6488792016041
1772937200.4538612,1733.2996324756018
1772937200.453886,1033.5618105164308
1772937200.4539063,-59.078543420296164
1772937200.4539225,-1.4285836630289919
1772937200.4539313,1148.3846195282179
1772937200.453941,1780.503893503882
1772937200.4539504,986.0532744969544
1772937200.4539595,-137.04944060746325
1772937200.4539685,0.844839366091777
1772937200.4539773,1233.3986385932262
1772937200.453986,1833.3511400949556
1772937200.4539948,930.7449553415836
1772937200.4540036,-228.24179918337427
1772937200.454012,0.03939781138775572
1772937200.4540205,1328.1731504514723
1772937200.454029,1894.8298039903952
1772937200.4540377,871.5458802772162
1772937200.4540496,-328.27066904336294
1772937200.4540632,1.707967006549361
1772937200.4540768,1437.4686995392492
1772937200.4540904,1964.3026605077396
1772937200.4540997,800.5885186910664
1772937200.454108,-447.4165941144526
1772937200.4541168,0.4636223521549255
1772937200.4541252,1562.4228003507462
1772937200.4541335,2043.895307530246
1772937200.454142,716.3030252921358
1772937200.454151,-587.6693774446301
1772937200.4541593,0.7985740180644547
1772937200.4541678,1713.5703709859215
1772937200.454177,2140.302171402758
1772937200.4541855,614.0117549513673
1772937200.454194,-759.2744648231977
1772937200.454203,0.025448977997753103
1772937200.4542131,1899.1108892443592
1772937200.4542215,2260.952950772843
1772937200.4542303,489.63062029869286
1772937200.4542391,-971.1972234920593
1772937200.4542477,0.6140362748950422
1772937200.454259,2134.4808364312626
1772937200.4542723,2414.2004379479604
1772937200.454286,328.34371676365
1772937200.454296,-1247.4031829003902
1772937200.4543045,0.12570479184202538
1772937200.4543126,2443.8486875082085
1772937200.454321,2616.7272230746653
1772937200.4543295,109.10082907904248
1772937200.4543376,-1625.0635513546868
1772937200.454346,-0.7940444132649389
1772937200.4543548,2876.9283720499157
1772937200.454363,2906.2265887003196
1772937200.4543717,-201.17128327915202
1772937200.45438,-2171.33952372655
1772937200.4543889,-0.4961262493462946
1772937200.4543972,3528.5600108850067
1772937200.4544053,3347.7798579962914
1772937200.454414,-692.3647502983317
1772937200.4544227,-3052.174980515605
1772937200.4544313,-0.33957507299788725
1772937200.45444,4636.979766546752
1772937200.4544487,4125.895899380776
1772937200.4544578,-1580.4170782656684
1772937200.4544668,-4716.573601979051
1772937200.454476,0.936009675630023
1772937200.4544847,6958.743064447725
1772937200.4544935,5862.292854906997
1772937200.4545023,-3726.637642101325
1772937200.4545107,-9132.65145459462
1772937200.4545195,1.5051677941873658
1772937200.4545283,15043.500773617923
1772937200.454537,13352.240425217642
1772937200.4545455,-16559.824286044524
1772937200.454554,-57562.292241585885
1772937200.454563,-76762.35484802938
1772937200.454571,-57562.181668162455
1772937200.4545796,-16559.761998018737
1772937200.454589,13352.07155301332
1772937200.4546,15043.075348545604
1772937200.4546256,1.03547577138602
1772937200.454635,-9132.835584246175
1772937200.4546432,-3726.331842547823
1772937200.4546518,5863.02587451833
1772937200.4546604,6959.679436832149
1772937200.4546688,1.9309667238064527
1772937200.4546778,-4715.470032812003
1772937200.454686,-1579.0678342198376
1772937200.4546945,4127.5600316760865
1772937200.454703,4638.966287923064
1772937200.4547117,2.0294218020149017
1772937200.45472,-3049.337812390357
1772937200.4547284,-689.1966830730723
1772937200.4547367,3350.7170673797955
1772937200.4547453,3530.454543846733
1772937200.4547536,-0.19496685849911968
1772937200.454762,-2172.5026150764497
1772937200.4547706,-203.04234165792005
1772937200.454779,2904.5643383258225
1772937200.4547875,2876.0626389766476
1772937200.5250473,-0.8056649554933366
1772937200.525085,-1624.5930271177178
1772937200.5251029,109.51059002384766
1772937200.5251164,2616.667752113826
1772937200.5251267,2443.2908588654277
1772937200.5251367,-0.575114127098203
1772937200.525146,-1247.8400563228222
1772937200.5251544,328.1846438038894
1772937200.5251632,2413.838474221423
1772937200.525175,2133.3784550662026
1772937200.62646,1.376624661162138
1772937200.6264791,-970.1718216488734
1772937200.62649,490.70125461492137
1772937200.6265001,2261.8685601931534
1772937200.6265094,1899.845160663851
1772937200.6265187,0.8391689477613422
1772937200.6265273,-757.9964045270082
1772937200.6265361,615.8526899974472
1772937200.6265445,2142.270687984245
1772937200.6265528,1714.9834182939414
1772937200.6265612,1.3564808987485226
1772937200.6265693,-587.5583949359253
1772937200.6265771,716.7046287934605
1772937200.6265852,2044.9370530426538
1772937200.626593,1563.760150917613
1772937200.6266012,1.4466886106431485
1772937200.626609,-447.1447722237343
1772937200.6266177,800.2500098706612
1772937200.6615524,5188.723135508817
1772937200.6615696,-3958.0415323157995
1772937200.66158,-9644.743759640569
1772937200.6615896,-503.725060509517
1772937200.6615982,20955.956895373994
1772937200.6616068,38681.45112659176
1772937200.7519414,38252.77057058597
1772937200.7519615,20638.406605959026
1772937200.7519732,331.58532847296414
1772937200.7519836,-8853.367575514676
1772937200.7519927,-5004.257111886474
1772937200.7520015,3353.853834606009
1772937200.7520106,7012.493437977457
1772937200.7520194,3533.3390388169855
1772937200.7520282,-2687.2797426536927
1772937200.7520368,-5231.888690614157
1772937200.7520456,-970.3450420994446
1772937200.752054,6838.7788994412695
1772937200.7520626,9726.833699758752
1772937200.7520711,474.399412182946
1772937200.7520795,-18904.86396135583
1772937200.7520883,-35850.78552677028
1772937200.832332,39975.71948665878
1772937200.9938748,-1395.0272590695358
1772937200.9939091,-2758.5554946206325
1772937200.9939206,-261.0530131923894
1772937200.9939313,2469.9902981173973
1772937200.9939408,1679.1694482883747
1772937200.99395,-1399.0132691639087
1772937200.9939597,-2444.422360547316
1772937200.9939687,-77.69811630216797
1772937200.9939775,2345.501099789882
1772937200.9939864,1471.5551365795172
1772937200.9939952,-1438.2260817724318
1772937200.9940042,-2324.036824106845
1772937200.9940128,36.376409502675784
1772937200.9940217,2357.9246839788684
1772937200.9940305,1403.2820682550996
1772937200.9940393,-1529.744482944017
1772937200.9940531,-2371.0314014889846
1772937200.9940667,102.81725710927094
1772937200.994079,2510.5315863564574
1772937200.9940877,1464.4286541527217
1772937200.9940965,-1699.8502573727967
1772937200.9941049,-2614.060022373711
1772937200.9941137,137.7350355125782
1772937200.9941223,2879.5337003693226
1772937200.994131,1708.833990015951
1772937200.9941397,-2020.1829693573966
1772937200.994148,-3200.078185106816
1772937200.9941564,132.08481663645154
1772937200.9941647,3694.043613870715
1772937200.9941733,2341.5379879632974
1772937200.994182,-2702.2559756268925
1772937200.9941905,-4659.940560256071
1772937200.994199,9.023094262199477
1772937200.9942076,5886.388044056774
1772937200.994216,4378.407311129004
1772937200.9942243,-4772.882384508363
1772937200.994233,-10513.092578092104
1772937200.9942417,-1499.4361651319634
1772937200.9942503,20151.108199440296
1772937200.994259,38374.91887296532
1772937201.0651705,37966.24161428936
1772937201.0651996,19493.944401916033
1772937201.0652137,-1489.1639724509494
1772937201.065227,-9847.693562911321
1772937201.06524,-4380.686212041229
1772937201.0652523,3942.8008498303325
1772937201.0652797,5221.380575339507
1772937201.065294,42.29012658747548
1772937201.0653057,-3966.72785787078
1772937201.0653176,-2315.290681428315
1772937201.0653284,1868.3718206511016
1772937201.0653408,3006.823871677379
1772937201.0653524,194.64524291488675
1772937201.0812736,-2455.334611582246
1772937201.1515412,-1627.969054719431
1772937201.1515772,1182.5628126873746
1772937201.1515908,2152.960751250013
1772937201.1516032,239.84746959628887
1772937201.1516144,-1792.700154195459
1772937201.151625,-1297.3657392658722
1772937201.1516352,857.3447536233184
1772937201.1516447,1717.4469697254272
1772937201.1516545,253.59635808344336
1772937201.151664,-1440.4163454970105
1772937201.1516733,-1111.9832351605178
1772937201.1516836,677.1274900437896
1772937201.151693,1464.8861812202276
1772937201.1517043,256.8722712024355
1772937201.1517167,-1232.1465404265261
1772937201.1517332,-996.3411348174624
1772937201.31628,-38676.804474345925
1772937201.3163164,-17492.703788231684
1772937201.31633,3465.968501110338
1772937201.3163407,9032.306588809819
1772937201.3163497,1850.2365698964595
1772937201.3163588,-4672.664159978267
1772937201.3163695,-3068.538614895494
1772937201.3163788,2043.6880807126267
1772937201.316388,3035.1439174926263
1772937201.316396,-417.2338156466335
1772937201.316404,-2589.714713526089
1772937201.3164122,-612.3834211820653
1772937201.31642,2037.4189285910036
1772937201.316428,1339.4562029010021
1772937201.316436,-1394.2255818324984
1772937201.3164437,-1876.4570581879314
1772937201.3164515,603.8967662808467
1772937201.3164597,2208.5170734142544
1772937201.3164673,398.20856066148406
1772937201.3164752,-2167.3369059892398
1772937201.316483,-1517.8040556832605
1772937201.316491,1600.1305935076623
1772937201.3164988,2546.197023321936
1772937201.3165069,-400.43445631630044
1772937201.3165147,-3112.328828446516
1772937201.3165224,-1318.0025750014843
1772937201.3165305,2848.617295014606
1772937201.3165388,3249.6152645055545
1772937201.3165505,-1430.0927348834532
1772937201.3165617,-4841.458732419493
1772937201.3165731,-1286.160025945547
1772937201.316586,5375.424728411801
1772937201.3165948,5338.612821641879
1772937201.3166037,-3781.1728541957955
1772937201.3166137,-10910.097857609368
1772937201.3166225,-2661.3075589989426
1772937201.3166308,19919.703517290418
1772937201.3166392,39373.52573631886
1772937202.1471121,454.304965248371
1772937202.1471567,-831.6806223755132
1772937202.1471877,-1997.4517715878706
1772937202.1472142,-1418.6177759741308
1772937202.147241,57.29130045541475
1772937202.1472676,348.62884612915377
1772937202.147294,-928.6767901859805
1772937202.1473205,-1958.5111231621684
1772937202.1473472,-1303.837540282859
1772937202.1473737,90.51418422491284
1772937202.1474001,259.08881688026105
1772937202.1474264,-1016.9044003241528
1772937202.1474352,-1928.089762463516
1772937202.1474435,-1199.599970761395
1772937202.1474516,127.83332941553648
1772937202.1474595,183.76760075301462
1772937202.147468,-1098.5208201170226
1772937202.147477,-1905.4058646982362
1772937202.1474848,-1106.2319318363438
1772937202.147493,163.4887659224337
1772937202.1475012,113.99835111218971
1772937202.147509,-1178.0375374208704
1772937202.1475174,-1887.4650657070567
1772937202.1475255,-1017.0954704082578
1772937202.1475337,201.65875194726058
1772937202.1475413,49.68778169166809
1772937202.1475496,-1256.9440887006363
1772937202.1475575,-1874.4319754395847
1772937202.1475651,-931.5710220621664
1772937202.1475732,242.020404012784
1772937202.1475816,-9.913857939526206
1772937202.1475897,-1334.0178901410839
1772937202.1475976,-1862.4699875813528
1772937202.147606,-846.1463603822475
1772937202.1476142,283.9646670749514
1772937202.1476223,-70.09348110352596
1772937202.1476307,-1415.9362848459148
1772937202.1476388,-1855.8660998694234
1772937202.1476471,-761.5388625674852
1772937202.1476555,329.4202874365146
1772937202.1476634,-126.76588445145963
1772937202.1476722,-1495.9134637805314
1772937202.1476803,-1845.8156473432953
1772937202.1476884,-670.5543146617919
1772937202.147697,379.37335986123173
1772937202.1477048,-186.55055044734536
1772937202.1477137,-1584.6731248638794
1772937202.147722,-1841.6134097448198
1772937202.1477304,-577.7935255737651
1772937202.1477385,433.70125496789655
1772937202.1477463,-246.50023624871324
1772937202.147755,-1676.809042897507
1772937202.1477628,-1836.1839355925642
1772937202.147771,-477.3192041435329
1772937202.1477792,493.4703555179008
1772937202.147787,-311.3246940627963
1772937202.147796,-1779.1673310871515
1772937202.1478035,-1833.6158492465343
1772937202.1478112,-369.24455842507865
1772937202.1478193,559.5213891855514
1772937202.1478271,-381.9047900634478
1772937202.147835,-1892.9055930389316
1772937202.147843,-1831.918424634705
1772937202.147851,-248.28457295520698
1772937202.1478596,636.2453531701451
1772937202.1478684,-458.24999250565685
1772937202.1478767,-2020.8503688709482
1772937202.1478956,-1832.622771881942
1772937202.1479032,-114.30611105263746
1772937202.1479108,721.2405083208
1772937202.1479185,-547.2780238407664
1772937202.1479268,-2168.9919645771843
1772937202.1479352,-1832.9565582486966
1772937202.1479433,44.14615373897832
1772937202.1479516,824.8659351310184
1772937202.1479979,-648.4045836506402
1772937202.1480055,-2343.829546578496
1772937202.148013,-1836.757963815204
1772937202.1480207,228.7700445282925
1772937202.148029,946.1193755397447
1772937202.1480365,-771.8659699982796
1772937202.1480443,-2556.947104033727
1772937202.1480525,-1842.0121541551314
1772937202.14806,456.51036869413593
1772937202.1480684,1099.041992069314
1772937202.148076,-922.2593566519693
1772937202.1480837,-2823.0294589958667
1772937202.1480916,-1849.9011141066671
1772937202.1480997,745.6269027651372
1772937202.1481075,1297.7624935510548
1772937202.1481152,-1112.0826011983008
1772937202.1481233,-3167.587212684968
1772937202.148131,-1862.4701239042354
1772937202.1481388,1124.7777817715705
1772937202.1481469,1560.2310279226842
1772937202.1481545,-1371.834512159696
1772937202.1481626,-3641.538883631201
1772937202.1481705,-1879.8325837278705
1772937202.148178,1661.6340174679647
1772937202.148186,1941.202690718866
1772937202.1481936,-1743.3482948535316
1772937202.1482012,-4341.208107761065
1772937202.148209,-1912.1351826902685
1772937202.1482167,2479.464183561897
1772937202.1482246,2541.023744568737
1772937202.1482325,-2331.5657896737066
1772937202.1482403,-5493.31614169836
1772937202.1482484,-1977.9992806487908
1772937202.1482558,3906.6037120203346
1772937202.1482635,3648.514260970091
1772937202.148271,-3424.43503378452
1772937202.1482792,-7805.048926332891
1772937202.1482868,-2177.9404369351196
1772937202.1482947,7118.639966075104
1772937202.1483183,6503.391969207267
1772937202.1483264,-6262.099488324728
1772937202.1483345,-15343.779111579981
1772937202.148342,-3864.955177193853
1772937202.1483495,23752.943364867126
1772937202.1483572,42691.8239249831
1772937202.6273868,0.08612053190783155
1772937202.6274257,0.24652789269220968
1772937202.6274524,0.8415268356530952
1772937202.6274788,1.3198409777835505
1772937202.6275053,1.3130461786640135
1772937202.627532,1.0143233851282678
1772937202.6275585,0.8739388854214344
1772937202.6275852,1.0120033410446252
1772937202.6276119,1.0954594586572064
1772937202.6276383,0.8303264616951369
1772937202.6276648,0.43078486768626095
1772937202.6276915,0.44164344817174234
1772937202.6277044,1.0988967623209238
1772937202.6277125,2.004645923387977
1772937202.6277206,2.5250584120222883
1772937202.6277285,2.4458672674117232
1772937202.6277363,2.117587509234212
1772937202.627744,1.9545665823603675
1772937202.627752,1.9283530072147033
1772937202.62776,1.6684668750320335
1772937202.6277683,1.011974400921346
1772937202.627776,0.2930452874191504
1772937202.627784,-0.0003473907384647532
1772937202.6277924,0.21110437753198044
1772937202.6278005,0.49946872016869703
1772937202.627808,0.42023163098467686
1772937202.627816,0.024199720367300104
1772937202.627824,-0.18667677471583005
1772937202.6278317,0.2104807318247567
1772937202.627839,1.1340520833250143
1772937202.6278472,2.09337758646793
1772937202.6278553,2.6286732135715365
1772937202.6278627,2.616494272137933
1772937202.6278708,2.221663197149459
1772937202.627879,1.6902918882597242
1772937202.6278865,1.245398095245622
1772937202.6278944,1.0845248997594104
1772937202.6279025,1.313286876388519
1772937202.6279101,1.8048686488983892
1772937202.6279185,2.194043907848075
1772937202.627926,2.1342145595729494
1772937202.6279337,1.6173853862705228
1772937202.6279416,1.0028330328033082
1772937202.6279497,0.6717009874473628
1772937202.6279576,0.6476983848952763
1772937202.627966,0.5981206381344589
1772937202.627974,0.23079434693140116
1772937202.627982,-0.3398188928290528
1772937202.6279895,-0.666254814394738
1772937202.6279976,-0.41571060519505815
1772937202.6280055,0.2843437571456395
1772937202.6280131,0.9682386175857441
1772937202.6280212,1.2787390046555775
1772937202.6280289,1.2541166598351465
1772937202.6280367,1.172793362192033
1772937202.6280444,1.1786903884340962
1772937202.6280522,1.1415439795789943
1772937202.6280599,0.901664596720793
1772937202.6280675,0.569171379529181
1772937202.6280754,0.46674369046550673
1772937202.6280832,0.7368660303425831
1772937202.6280909,1.07853044441369
1772937202.6280987,0.9853082283091076
1772937202.6281064,0.28854044382135285
1772937202.6281147,-0.5898502696036242
1772937202.6281226,-1.003957125085716
1772937202.6281304,-0.7226441748322352
1772937202.628138,-0.16471777723627726
1772937202.628146,0.029160512930734513
1772937202.6281538,-0.36707302162356964
1772937202.6281614,-0.9886737462254439
1772937202.628169,-1.3110808822859632
1772937202.6281767,-1.1805635786645452
1772937202.6281843,-0.8839325777228249
1772937202.6281922,-0.760521000218263
1772937202.6281996,-0.8509195749784005
1772937202.6282077,-0.9468044805909529
1772937202.6282153,-0.8835011703604805
1772937202.6282232,-0.6734741723961519
1772937202.6282313,-0.37292093389207914
1772937202.6282392,0.04094298671785956
1772937202.6282468,0.5567201112832545
1772937202.628255,0.9518633048892421
1772937202.6282623,0.8870227845406516
1772937202.6282704,0.26583401855297084
1772937202.628278,-0.5569742691572271
1772937202.6282864,-1.0355081100812278
1772937202.6282945,-0.9282584341490207
1772937202.6283023,-0.48041235340501853
1772937202.62831,-0.09269350982648916
1772937202.6283178,0.11527512919762814
1772937202.6283255,0.33145843664514546
1772937202.628333,0.686600491095621
1772937202.628341,1.0122040755539226
1772937202.6283488,1.0513109640208855
1772937202.6283567,0.8276785297451699
1772937202.6283643,0.6415815142525803
1772937202.628372,0.6492497130366524
1772937202.62838,0.5760099602125844
1772937202.6283903,0.007756743719107675
1772937202.6283984,-1.0235380816720963
1772937202.628406,-1.8869609841910866
1772937202.6284137,-1.9090620212408127
1772937202.6284213,-1.0732863591287858
1772937202.6284292,-0.0828182159035116
1772937202.6284368,0.29613862126415635
1772937202.6284444,-0.09373424784126792
1772937202.6284523,-0.7819405592370139
1772937202.62846,-1.2089880107205506
1772937202.6284676,-1.176355400988519
1772937202.6284752,-0.8156066028288121
1772937202.6284828,-0.3108379410238017
1772937202.6284907,0.21050770075466793
1772937202.6284983,0.5972699418158611
1772937202.6285062,0.7042204892432177
1772937202.628514,0.6046806952001756
1772937202.628522,0.6503002038073937
1772937202.6285295,1.1256681617744808
1772937202.6285374,1.8093098362503957
1772937202.628545,2.0326282145581596
1772937202.6285527,1.3275969441421296
1772937202.8302784,1.0668091553736214
1772937202.8303204,0.8261821706181813
1772937202.8303463,0.5589996306437031
1772937202.830376,0.3272513900113686
1772937202.8303933,0.12373148943694895
1772937202.8304021,-0.10208307805577414
1772937202.8304107,-0.33170378957670393
1772937202.8304188,-0.4299547789449463
1772937202.8304267,-0.2719346559423944
1772937202.8304353,0.08137778171760636
1772937202.8304431,0.40288822146470266
1772937202.8304517,0.5418683287771617
1772937202.83046,0.6024623470823636
1772937202.8304684,0.7995141266289739
1772937202.8304763,1.1375812266167853
1772937202.8304842,1.3373314429137086
1772937202.8304925,1.166522714277496
1772937202.8305004,0.7949420771347515
1772937202.8305085,0.6825390413736786
1772937202.8305163,1.0488394075171605
1772937202.8305244,1.5338045417037338
1772937202.830532,1.5072414287034412
1772937202.8305402,0.7322466477906592
1772937202.8305483,-0.36234519571843576
1772937202.8305564,-1.114883190700943
1772937202.830564,-1.269453720518818
1772937202.830572,-1.1081961018931195
1772937202.8305798,-1.000436775954514
1772937202.8305874,-0.9730252895089384
1772937202.8305953,-0.8043328089325094
1772937202.8306031,-0.4387422576387999
1772937202.830611,-0.13230032179440313
1772937202.830619,-0.1389613976174178
1772937202.8306267,-0.3681864824831009
1772937202.8306346,-0.4718837518634487
1772937202.8306425,-0.24747091266789317
1772937202.83065,0.15398077438905
1772937202.830658,0.4465070856974967
1772937202.830666,0.5367274998732081
1772937202.8306737,0.5503531392846727
1772937202.830682,0.5902484692789213
1772937202.8306897,0.6004736479212516
1772937202.8306975,0.5050744930646011
1772937202.8307056,0.3700918131313588
1772937202.8307137,0.3138067173354884
1772937202.8307216,0.28660707985193995
1772937202.8307292,0.07175519731257361
1772937202.830737,-0.4333471527087837
1772937203.2138104,-38268.986724892726
1772937203.2138467,-19290.42148943006
1772937203.2138731,1901.836184018555
1772937203.2139,9870.308145358069
1772937203.2139268,3983.738855255581
1772937203.2139535,-4179.19581059488
1772937203.21398,-4952.307262199232
1772937203.2140064,341.2901978659132
1772937203.214033,3906.6332970513486
1772937203.2140582,1897.4957379819482
1772937203.2140667,-2037.208231225261
1772937203.2140746,-2679.740035927235
1772937203.2140825,154.56913014010502
1772937203.2140903,2318.8025331045706
1772937203.2140985,1200.1493660260908
1772937203.2141063,-1279.5699288001156
1772937203.2141144,-1771.412673404261
1772937203.2141223,73.5090957765989
1772937203.2141304,1584.0030416677985
1772937203.2141385,866.9102253493886
1772937203.214146,-882.5207382459821
1772937203.2141535,-1291.9210391382594
1772937203.214162,11.423086032754334
1772937203.2141695,1156.6341230383046
1772937203.2141771,683.5925492261923
1772937203.2141852,-627.6451353281122
1772937203.214193,-999.3958975607102
1772937203.2142017,-45.28825073894326
1772937203.2142096,874.9789209178488
1772937203.2142177,576.7370681164505
1772937203.2142253,-444.5388959937812
1772937203.2142332,-808.2550866322821
1772937203.2142413,-101.77007746981562
1772937203.2142491,677.3359546029761
1772937203.2142572,521.7279681194763
1772937203.214265,-296.2670714116872
1772937203.2142727,-677.2823562249241
1772937203.2142808,-163.0783779506507
1772937203.2142887,527.6602014124943
1772937203.214307,498.8824899638051
1772937203.214315,-170.91682124637092
1772937203.2143228,-589.9572647039913
1772937203.2143307,-233.45099191024434
1772937203.2143388,408.9865338735161
1772937203.214347,502.5983945483687
1772937203.2143545,-57.160975469626024
1772937203.2143624,-535.2775571111886
1772937203.2143705,-316.0513745821448
1772937203.214378,311.17270380731253
1772937203.2143857,531.2631964908614
1772937203.2143936,53.99307949257456
1772937203.2144015,-505.6491109810269
1772937203.214409,-412.41740524874444
1772937203.2144172,229.88649778340675
1772937203.2144248,586.775686415722
1772937203.2144327,168.18567323965755
1772937203.2144406,-501.5497641564123
1772937203.2144485,-530.4946862563538
1772937203.214456,160.30326212966716
1772937203.2144642,674.8385556710217
1772937203.214472,293.99247384647606
1772937203.21448,-524.2556929069679
1772937203.2144878,-680.2447782957339
1772937203.2144957,98.71534485154224
1772937203.214504,805.087514303631
1772937203.2145123,440.77331473406707
1772937203.2145202,-581.4996767160358
1772937203.214528,-880.1739785230538
1772937203.2145424,41.06732491132675
1772937203.21455,997.1132532365126
1772937203.214558,626.7633243306283
1772937203.214566,-684.6261072150124
1772937203.2145739,-1158.8099101249563
1772937203.2145815,-14.281911732173176
1772937203.21459,1289.5224323289776
1772937203.2145982,881.0027131978061
1772937203.214606,-868.2021021106827
1772937203.214614,-1585.8050037508426
1772937203.2146215,-75.67139867944229
1772937203.21463,1769.6623668040684
1772937203.2146375,1278.5887294395034
1772937203.2146456,-1200.8219752092511
1772937203.2146535,-2319.7326364179075
1772937203.2146618,-155.61751055052696
1772937203.2146697,2679.2358421744066
1772937203.2146776,2037.5411988235314
1772937203.2146857,-1896.7748623283492
1772937203.2146933,-3906.0581914214977
1772937203.2147012,-340.66852136466
1772937203.2147093,4953.770635289653
1772937203.214717,4181.969505548724
1772937203.2147248,-3980.1012121903855
1772937203.2147326,-9866.736378163654
1772937203.2147405,-1898.881535885536
1772937203.2147481,19292.872676213476
1772937203.2147558,38271.27415723025
1772937203.4648488,-912.0585942910113
1772937203.464886,-7.152967778206687
1772937203.464913,937.6798931541717
1772937203.4649315,596.8070527991717
1772937203.4649408,-597.2737715484482
1772937203.4649491,-996.981707011615
1772937203.464958,-7.126642094291805
1772937203.4649663,1036.3416407648194
1772937203.4649744,664.3614204194344
1772937203.464983,-663.0781275877283
1772937203.464991,-1116.3241404324706
1772937203.4649994,-10.177112495895988
1772937203.4650075,1171.5266516203772
1772937203.4650156,758.0526892332241
1772937203.4650238,-756.00958886116
1772937203.465032,-1286.2375245586984
1772937203.4650397,-16.245100001304444
1772937203.465048,1364.2600953928757
1772937203.4650557,893.78092624041
1772937203.465064,-890.3373534912155
1772937203.465072,-1535.187045670819
1772937203.4650805,-23.689983612211527
1772937203.4650884,1657.0332728854146
1772937203.4650967,1102.8782628372596
1772937203.4651046,-1099.973612366569
1772937203.4651127,-1932.9486509707654
1772937203.4651203,-41.68937274958778
1772937203.4651284,2135.1552910079795
1772937203.4651363,1457.4949646277298
1772937203.4651444,-1456.2228257751008
1772937203.465175,-2639.926467760646
1772937203.4651828,-84.27397101545547
1772937203.4651904,3038.490028624153
1772937203.4651985,2174.1761624906576
1772937203.4652064,-2172.9086618029523
1772937203.465214,-4198.692211958955
1772937203.4652216,-234.31277015141393
1772937203.4652295,5304.554657245169
1772937203.4652376,4276.222443489321
1772937203.4652452,-4276.705063285907
1772937203.465253,-10133.789192493534
1772937203.4652607,-1761.0043292811556
1772937203.4652684,19634.02517703156
1772937203.4652767,38326.86460231183
1772937203.7148151,-38329.256729748144
1772937203.7148442,-37756.740957270085
1772937203.7148547,-18322.286135710616
1772937203.714864,3043.938009193926
1772937203.7148736,10657.851081353121
1772937203.7148821,4382.6504582372345
1772937203.7148907,-3656.305908422774
1772937203.7148995,-3962.0668142813643
1772937203.7149074,1488.5118073392362
1772937203.7149158,4677.088310890971
1772937203.714924,2282.997439654432
1772937203.714932,-1502.0925655207448
1772937203.71494,-1664.3901070474108
1772937203.714948,1308.392556127621
1772937203.7149565,3069.4184166916375
1772937203.7149644,1565.8934181891946
1772937203.7149727,-738.9105860084896
1772937203.714981,-735.5095101810722
1772937203.7149892,1231.5771712714927
1772937203.7149973,2314.279790322264
1772937203.7150052,1215.5427292794998
1772937203.7150135,-329.1301587410781
1772937203.7150216,-225.58885245117452
1772937203.71503,1181.1340567577108
1772937203.7150378,1867.4727472883685
1772937203.908642,1011.2923269768203
1772937203.9086735,-65.80114690472617
1772937203.9086845,94.98290142555686
1772937203.9086943,1134.270991640538
1772937203.908704,1563.9460834158263
1772937203.908713,881.1192107142001
1772937203.9087229,126.86730267884955
1772937203.9087312,318.2284051401678
1772937203.908741,1089.4656018462035
1772937203.9087498,1340.1148288958593
1772937203.9087589,795.7763291939845
1772937203.908768,281.2698781064189
1772937203.9087763,483.28583968611423
1772937203.9087849,1042.2166813366455
1772937203.9087927,1162.21542118565
1772937203.9088008,738.553767509318
1772937203.9088087,413.34490446879863
1772937203.908821,611.1850179165297
1772937203.9088335,991.2429166185274
1772937203.908847,1013.0410476207899
1772937203.9088557,701.389637073295
1772937203.908867,532.6839567899588
1772937203.9088798,713.5501827894079
1772937203.9088917,934.8648917969944
1772937203.9089043,882.3685301215246
1772937203.9089165,681.0915969866352
1772937203.9089284,647.6038579536108
1772937203.9089363,799.1283999941876
1772937203.9089444,871.9229866570539
1772937203.9089525,762.6954029441125
1772937204.3927739,540.3870314572149
1772937204.3928103,536.195781503024
1772937204.3928368,869.408770825084
1772937204.3928735,1035.9315558022854
1772937204.3929005,800.3766908189422
1772937204.3929272,527.621625707102
1772937204.3929396,622.5174168248249
1772937204.392948,931.4061813567891
1772937204.3929565,986.7745668153805
1772937204.3929644,710.8811584459464
1772937204.3929727,525.0702122781848
1772937204.3929808,711.3136639939765
1772937204.3929887,987.2848609522032
1772937204.3929968,931.6516181975229
1772937204.393005,622.5033860121836
1772937204.3930128,527.6533437340944
1772937204.393021,800.6954585396163
1772937204.3930292,1036.4271134342303
1772937204.3930368,869.6925855309763
1772937204.3930454,535.9442396904989
1772937204.3930533,539.6303842449996
1772937204.3930612,896.1771344279454
1772937204.3930693,1080.556650116449
1772937204.3930771,797.4351261143714
1772937204.393085,447.31743711683526
1772937204.3930929,561.974510702682
1772937204.3931007,1002.4788698198132
1772937204.3931084,1121.7610442324326
1772937204.3931165,710.8173376345503
1772937204.3931243,350.2597481655721
1772937204.3931324,592.1061092237807
1772937204.39314,1121.481840937184
1772937204.3931477,1162.1445756193339
1772937204.3931556,610.6807548841425
1772937204.3931632,248.62235470642744
1772937204.3931713,639.5449288664165
1772937204.3931787,1261.8354807823432
1772937204.3931866,1198.8938684506343
1772937204.3931944,481.9577960484942
1772937204.3932023,128.03965936963164
1772937204.39321,703.1459755214175
1772937204.3932176,1432.0280866546025
1772937204.3932254,1235.1664406260816
1772937204.3932464,317.2398593845198
1772937204.3932545,-16.12181999977073
1772937204.3932621,794.3186958099478
1772937204.39327,1650.0988212103682
1772937204.3932776,1271.5821382074882
1772937204.3932853,94.97439649565658
1772937204.393293,-199.50134904757445
1772937204.3933008,930.3799689723326
1772937204.3933084,1950.0399115453406
1772937204.393316,1311.666633066746
1772937204.393324,-225.78261644994944
1772937204.3933318,-456.7717811724044
1772937204.3933396,1138.4107527639605
1772937204.3933475,2394.222398275098
1772937204.3933556,1359.418605154469
1772937204.3933637,-731.7105886799782
1772937204.393371,-857.7734284130877
1772937204.3933792,1493.8829620575837
1772937204.3933873,3146.3782104319253
1772937204.393395,1429.4092528423525
1772937204.3934028,-1664.724650042114
1772937204.3934107,-1621.5504005390108
1772937204.3934188,2209.9142491023113
1772937204.3934264,4750.629406887276
1772937204.3934343,1606.8434983261411
1772937204.393442,-3961.0727062072465
1772937204.39345,-3771.832225564022
1772937204.3934577,4311.863327723164
1772937204.3934653,10730.60709098013
1772937204.3934731,3161.22956389289
1772937204.3934808,-18319.798149163606
1772937204.3934886,-37869.37099435696
1772937204.7218382,-848.5683119104486
1772937204.7218711,-845.5092709906424
1772937204.721898,350.48313927766804
1772937204.721922,1062.9104842969307
1772937204.7219465,280.7256255467066
1772937204.7219572,-907.2333501539817
1772937204.7219665,-826.8320983318062
1772937204.721975,423.14880019483445
1772937204.7219844,1089.2992329562112
1772937204.7219937,221.1279903286614
1772937204.7220027,-974.5886290396522
1772937204.722011,-810.7995907566901
1772937204.72202,500.54369012944846
1772937204.7220285,1120.4747950062035
1772937204.7220373,160.30356445894054
1772937204.722046,-1045.883999983998
1772937204.7220545,-793.7465235954049
1772937204.7220633,584.5154118388565
1772937204.722072,1155.7374635729236
1772937204.7220807,95.78079124296562
1772937204.7220895,-1122.6517653089631
1772937204.722098,-774.1054826993919
1772937204.7221067,678.4055560109583
1772937204.7221155,1196.1854927790598
1772937204.7221239,24.185297637393234
1772937204.7221327,-1210.2406097576231
1772937204.7221408,-754.6024530682469
1772937204.7221496,783.5335485919933
1772937204.7221582,1244.2023560723196
1772937204.7221668,-53.98025181052927
1772937204.7221758,-1308.9245895298884
1772937204.7221856,-733.3751923798349
1772937204.722199,903.0399787949244
1772937204.7222078,1299.064692145326
1772937204.7222168,-146.05963709125132
1772937204.722226,-1427.6512381620864
1772937204.7222347,-712.4812510961093
1772937204.722244,1043.7826877747648
1772937204.722253,1369.2827501938725
1772937204.722262,-249.54986748390903
1772937204.7222707,-1568.6373975795648
1772937204.7222795,-691.8178022805653
1772937204.7222884,1209.1300170331842
1772937204.7222974,1453.15562188133
1772937204.7223098,-376.59176414924116
1772937204.7223227,-1745.2661066637656
1772937204.7223368,-670.243407661852
1772937204.7223513,1416.1933622283545
1772937204.7223606,1565.3766687294572
1772937204.72237,-531.1886625369676
1772937204.722379,-1971.2161933751825
1772937204.7223878,-646.4865498305127
1772937204.7223969,1686.2024994018916
1772937204.722406,1719.4072748940007
1772937204.7224152,-733.440247583681
1772937204.7224243,-2282.441669391335
1772937204.722433,-625.2926624391911
1772937204.7224424,2057.880802740552
1772937204.7224517,1945.5923185857116
1772937204.7224605,-1015.068789990769
1772937204.722469,-2742.533407842594
1772937204.7224782,-606.5567848349091
1772937204.7224872,2624.945012344408
1772937204.722496,2318.9448898267988
1772937204.7225049,-1451.1943755499767
1772937204.722514,-3518.8968305210383
1772937204.7225237,-610.0205698350001
1772937204.7225327,3624.2897524347304
1772937204.7225423,3054.6427456857136
1772937204.7225516,-2255.5716981840337
1772937204.722561,-5150.843442336613
1772937204.7225702,-712.030616098801
1772937204.7225797,5998.780246168969
1772937204.7225888,5174.65615110204
1772937204.722598,-4462.7110473447465
1772937204.7226071,-11170.223108765733
1772937204.7226164,-2181.9637566767515
1772937204.7226257,20454.74917167976
1772937204.7226355,39246.55013347237
1772937205.224058,-436.11946218435804
1772937205.2240987,-582.5610841440208
1772937205.2241297,89.55675585430546
1772937205.2241561,639.1904885667361
1772937205.224183,293.6150766351861
1772937205.2242095,-465.0155882595666
1772937205.2242365,-571.6546970249308
1772937205.2242632,127.31879401157796
1772937205.22429,653.4004114789898
1772937205.2243168,265.7101021803471
1772937205.2243433,-495.53543454854866
1772937205.2243698,-560.9286371248058
1772937205.224378,166.89689401376097
1772937205.2243867,669.1973778593511
1772937205.2243943,236.50694077861024
1772937205.2244022,-530.1950436220909
1772937205.22441,-554.5547069873318
1772937205.2244177,204.04351343667614
1772937205.2244258,684.3051491031314
1772937205.2244337,207.54489250815612
1772937205.2244415,-562.9343737358339
1772937205.2244492,-543.3746447845707
1772937205.2244573,247.3911236950932
1772937205.224465,702.6182481329245
1772937205.2244732,175.76911011034701
1772937205.2244809,-602.3889665642099
1772937205.2244885,-537.4746539912255
1772937205.2244961,289.7634097120123
1772937205.224504,722.259863125388
1772937205.2245116,144.4498203457641
1772937205.2245193,-642.1889050935241
1772937205.224527,-530.4599362035617
1772937205.224535,334.4200123552399
1772937205.2245429,741.5315738908554
1772937205.2245507,107.85368682191867
1772937205.2245588,-688.5645610266528
1772937205.2245667,-525.2325508453491
1772937205.2245746,383.0892702958389
1772937205.2245824,764.9654466055082
1772937205.22459,70.54644225624044
1772937205.2245977,-738.0851243728384
1772937205.2246053,-518.8480128891415
1772937205.2246132,438.8294497443898
1772937205.224631,795.0508020546132
1772937205.2246387,33.43577402207055
1772937205.2246473,-791.2421599198314
1772937205.224655,-512.1472600565255
1772937205.2246623,500.5244708355004
1772937205.22467,828.9622055000314
1772937205.2246776,-8.900069421231368
1772937205.2246852,-854.2676154845703
1772937205.224695,-508.73622084657814
1772937205.2247078,568.8114737811151
1772937205.2247205,869.7003451707395
1772937205.224733,-54.093662311027
1772937205.2247455,-926.1695057021883
1772937205.2247572,-507.6404634796479
1772937205.2247653,644.8048639670014
1772937205.224795,916.1979843426208
1772937205.224803,-106.75403762839053
1772937205.2248106,-1011.7639488921373
1772937205.2248185,-508.0261355429875
1772937205.2248259,736.4712759531672
1772937205.2248335,977.6255800509396
1772937205.224841,-163.95926250132692
1772937205.2248487,-1114.9481058767885
1772937205.2248569,-514.1926929158085
1772937205.2248645,843.603914744437
1772937205.224872,1054.2587086289047
1772937205.22488,-231.02084609026974
1772937205.2248876,-1244.7214349109124
1772937205.2248952,-529.0322491775499
1772937205.2249029,974.3679770763805
1772937205.2249105,1156.6946436237242
1772937205.2249181,-307.56486323547387
1772937205.224926,-1409.952908229851
1772937205.2249336,-554.9653422006054
1772937205.2249415,1142.2418443346746
1772937205.2249494,1301.0232926712833
1772937205.2249572,-396.805778704481
1772937205.2249649,-1632.6432785577908
1772937205.2249725,-604.6789563457561
1772937205.22498,1363.9216452417581
1772937205.2249875,1512.1648433895016
1772937205.2249956,-507.0687800682824
1772937205.2250032,-1957.1415379041084
1772937205.225011,-704.9761085541421
1772937205.2250187,1675.5449611790934
1772937205.2250268,1852.4799618871018
1772937205.2250347,-639.747359604945
1772937205.2250423,-2468.1528084213614
1772937205.22505,-913.8595414143733
1772937205.2250576,2159.8949569907913
1772937205.2250657,2476.3479230377375
1772937205.225073,-795.2275789907119
1772937205.2250807,-3403.9639096001183
1772937205.2250884,-1425.1039847178704
1772937205.2250965,3046.8961684982137
1772937205.225104,3908.577382129255
1772937205.225112,-926.2761212487893
1772937205.2251198,-5708.269163069068
1772937205.225128,-3223.6543145330825
1772937205.2251356,5396.859248588743
1772937205.2251437,9647.907943074591
1772937205.2251513,176.77141373400838
1772937205.2251587,-20083.218499427177
1772937205.2251668,-36785.55334652114
1772937205.2251747,-36923.7039667733
1772937205.2251825,-20637.44597625793
1772937205.2251904,-558.3455980038646
1772937205.2251976,9786.486122527796
1772937205.2252054,6840.387200510584
1772937205.2252133,-2118.37125137058
1772937205.225221,-7010.895275382157
1772937205.2252283,-3670.306028639813
1772937205.2252364,3674.2162491162085
1772937205.225244,7014.915309637787
1772937205.2252517,2122.2067423486496
1772937205.2252593,-6837.352037585875
1772937205.2252667,-9784.703797333685
1772937205.2469282,558.9333200549457
1772937205.2469513,20637.273465346574
1772937205.2469616,36923.19426279409
1772937205.3594,36785.16568057513
1772937205.3594253,20082.810071085103
1772937205.35944,-177.0212210543859
1772937205.3594532,-9647.636124937335
1772937205.9965827,-43794.96449477676
1772937205.996616,-16525.36040675008
1772937205.996636,7468.207045101046
1772937205.9966564,11172.656298042208
1772937205.9966805,436.8201014268139
1772937205.996703,-7395.537369372029
1772937205.9967232,-3995.5420725328463
1772937205.9967434,3636.299138964759
1772937205.996764,5106.448392555487
1772937205.996781,-234.166393828485
1772937205.99679,-4406.36915891017
1772937205.9967988,-2241.4210716147027
1772937205.9968076,2549.962538727438
1772937205.996816,3392.737735037187
1772937205.9968247,-326.21532859293126
1772937205.9968357,-3205.369081308009
1772937205.9968493,-1546.8513846797925
1772937205.996863,1998.863595234863
1772937205.9968724,2558.1899579119404
1772937205.9968812,-337.22333904850205
1772937205.9968898,-2536.7633617993492
1772937205.9968982,-1167.7899395443396
1772937205.996907,1659.695646318695
1772937205.9969156,2055.312382655218
1772937205.9969237,-333.4238530861107
1772937205.9969325,-2109.819283617762
1772937205.9969409,-931.5839392401074
1772937205.9969492,1425.8570743755959
1772937205.9969575,1717.876919326991
1772937205.9969664,-323.4166322845258
1772937205.9969747,-1811.1353806126601
1772937205.9969833,-771.2158939285874
1772937205.9969916,1253.462605612734
1772937205.9970002,1476.1958542612545
1772937205.997009,-310.5175828585662
1772937205.9970174,-1589.7744498000116
1772937205.9970257,-655.5262742823481
1772937205.9970343,1123.2350529602024
1772937205.9970472,1299.4606933142527
1772937205.9970608,-293.6428222895884
1772937205.997073,-1420.3863297705236
1772937205.997082,-573.5618893880163
1772937205.9970903,1016.861099202686
1772937205.9970987,1163.7709602406426
1772937205.9971073,-275.7375277006757
1772937205.9971156,-1287.9376399403438
1772937205.997124,-514.8052940489687
1772937205.9971323,929.9131201337129
1772937205.997141,1061.2003055220378
1772937205.9971492,-254.66171544534714
1772937205.9971576,-1183.0820694296622
1772937205.997166,-475.7521709645167
1772937205.9971745,855.6192762383297
1772937205.997183,983.8845439829752
1772937205.9971917,-229.85200517352763
1772937205.9971998,-1098.8572878570096
1772937205.9972086,-452.23041588025217
1772937205.9972177,791.466184378026
1772937205.997232,927.4711512284656
1772937205.9972456,-202.0421112542612
1772937205.9972565,-1033.2332333516395
1772937205.997265,-443.5335440301071
1772937205.9972737,736.3930862088283
1772937205.997282,892.5742803032066
1772937205.9972908,-167.58610527307997
1772937205.9972992,-983.017286451676
1772937205.9973078,-450.7063725253968
1772937205.9973161,686.1049982989227
1772937205.9973247,875.7993883751777
1772937205.9973333,-127.20910740358849
1772937205.9973419,-948.2382427789362
1772937205.9973505,-474.6063522793462
1772937205.9973588,640.5574946993557
1772937205.9973674,879.5653352066419
1772937205.997376,-78.24630077706487
1772937205.9973843,-929.7853317879063
1772937205.997393,-519.1330882769641
1772937205.9974067,598.2008465868347
1772937205.9974203,907.910425006046
1772937205.9974315,-14.837913432847708
1772937205.99744,-925.8036961806189
1772937205.9974484,-585.9336132362341
1772937205.9974568,559.794949591044
1772937205.9974651,965.0492615330085
1772937205.9974775,62.4300972034607
1772937205.997486,-948.5859201116833
1772937205.9974947,-691.7180335904699
1772937205.9975033,520.6650017547129
1772937205.9975116,1063.5455481823487
1772937205.99752,168.32609062406607
1772937205.9975283,-998.1123885513962
1772937205.9975367,-846.1871788168779
1772937205.997545,483.06984491910424
1772937205.9975533,1223.547403843569
1772937205.9975617,316.0274541093577
1772937205.9975703,-1093.0271350348826
1772937205.9975789,-1083.8608643144883
1772937205.9975874,442.2149996756013
1772937205.9975958,1483.4434255014182
1772937205.997607,537.3670022190763
1772937205.99762,-1262.2782834015404
1772937205.9976332,-1467.7337239073643
1772937205.997642,394.1447246602945
1772937205.9976504,1930.0503911705325
1772937205.997659,902.103210223462
1772937205.9976673,-1582.0740150339204
1772937205.9976757,-2163.4384287863186
1772937205.9976842,321.45737339432185
1772937205.9976923,2803.0146499460066
1772937205.9977007,1629.474159132347
1772937205.9977093,-2262.187787108819
1772937205.9977176,-3709.8348277906407
1772937205.9977257,143.95170064425596
1772937205.997734,5041.791676988331
1772937205.9977422,3744.36187394319
1772937205.9977503,-4328.402148652052
1772937205.9977586,-9632.02483032736
1772937205.9977672,-1409.932292890547
1772937205.9977756,19343.22792951634
1772937205.9977884,37805.182391972274
1772937206.4770567,-17.05686011543806
1772937206.4770987,511.6068310717398
1772937206.4771254,321.1300879381126
1772937206.477152,-320.17234132618876
1772937206.4771783,-509.89144478872487
1772937206.477205,19.562248617385514
1772937206.4772315,524.2096545176714
1772937206.4772584,294.02541040023306
1772937206.477285,-348.2532900696398
1772937206.4773116,-499.6624674827859
1772937206.477338,53.59471479152167
1772937206.4773695,534.0841820696409
1772937206.4773777,265.16942307922517
1772937206.4773855,-376.33186350392634
1772937206.4773934,-487.8197968283955
1772937206.4774015,89.67481340963039
1772937206.47741,545.0410086333213
1772937206.477418,236.0032563626967
1772937206.4774263,-405.3389402251669
1772937206.4774344,-476.7207887493746
1772937206.4774423,124.86967732303663
1772937206.47745,554.0344620654835
1772937206.477458,203.98306496914412
1772937206.477466,-436.1603117332118
1772937206.477474,-464.3904531139224
1772937206.477482,164.28432353628818
1772937206.4774897,568.134534026998
1772937206.4774976,175.91590678882707
1772937206.4775057,-464.71162043903803
1772937206.4775136,-451.3427248509046
1772937206.4775217,202.26486676982364
1772937206.4775295,577.9575448253888
1772937206.4775376,141.97185119998932
1772937206.4775455,-497.42995276960613
1772937206.4775531,-438.2844965476456
1772937206.4775612,243.38884566615187
1772937206.477569,590.7125899669679
1772937206.477577,108.96968950034064
1772937206.4775848,-529.8417194070985
1772937206.4775927,-423.8376410501022
1772937206.4776003,285.9117887197485
1772937206.4776084,602.1861553612131
1772937206.4776163,71.86065026583677
1772937206.4776244,-565.5904700406838
1772937206.4776323,-408.7034080306439
1772937206.47764,331.8510616372629
1772937206.477648,615.550114667057
1772937206.477656,33.52554113915062
1772937206.4776635,-602.5836799027004
1772937206.4776716,-391.67101515153155
1772937206.4776795,381.0761712181067
1772937206.4776871,628.9055079843399
1772937206.4776952,-8.978470410821494
1772937206.4777029,-642.9088139753803
1772937206.4777107,-372.5658966240625
1772937206.4777188,435.3752398097562
1772937206.4777267,643.534186511276
1772937206.4777346,-56.23358306651149
1772937206.4777424,-688.3388449856287
1772937206.47775,-352.75472081364484
1772937206.477758,494.45056328197444
1772937206.4777656,659.7474928621184
1772937206.4777737,-107.53799214335898
1772937206.4777813,-737.2387233761003
1772937206.4777892,-329.72635397377303
1772937206.4777973,559.9288120935353
1772937206.4778051,676.3184925055757
1772937206.4778132,-166.36656338470542
1772937206.4778209,-791.9424447287232
1772937206.4778285,-301.98535598437695
1772937206.4778364,635.8826168299153
1772937206.477844,696.0260552151052
1772937206.477852,-233.1460724662822
1772937206.4778597,-854.0400932727767
1772937206.4778676,-269.6214137125913
1772937206.4778755,722.8168257176266
1772937206.477883,716.466203853038
1772937206.4778912,-314.04914739110416
1772937206.4778988,-929.4120404122199
1772937206.4779067,-233.68059152546655
1772937206.4779143,823.9937360347133
1772937206.4779222,740.7947923265477
1772937206.47793,-407.6605476346681
1772937206.4779377,-1014.6938495502883
1772937206.4779456,-186.035496541234
1772937206.4779537,947.6031745410892
1772937206.4779615,768.789274866659
1772937206.4779694,-523.6664738572997
1772937206.4779773,-1119.2056498647178
1772937206.477985,-126.24867766861315
1772937206.4779925,1100.1938827721183
1772937206.4780004,800.6458428800171
1772937206.478008,-671.8009599304638
1772937206.4780157,-1250.0973189904619
1772937206.4780235,-46.3749633000968
1772937206.4780312,1297.7447972567031
1772937206.478039,839.8982966614062
1772937206.478047,-866.7691868262406
1772937206.4780543,-1419.6493903558057
1772937206.4780622,64.24653307348409
1772937206.47807,1561.2819710466215
1772937206.478078,883.0997143122503
1772937206.4780855,-1143.8900856259859
1772937206.4780936,-1653.763901662834
1772937206.4781015,229.64791887913725
1772937206.4781091,1940.7481875700323
1772937206.4781168,936.0082485097258
1772937206.4781249,-1559.837330627874
1772937206.4781327,-1990.9218027120844
1772937206.4781404,510.8815413651504
1772937206.4781485,2541.122754120666
1772937206.478176,989.1451950256354
1772937206.478184,-2276.7900382197186
1772937206.4781916,-2540.025902760094
1772937206.4781995,1070.2921224223246
1772937206.478207,3649.4812690509802
1772937206.4782152,991.6848232724385
1772937206.4782226,-3818.9106560473742
1772937206.4782302,-3619.1141059355064
1772937206.478238,2632.125441132456
1772937206.9588027,0.47179570325316394
1772937206.9588425,0.7050662522352489
1772937206.9588685,0.7913619245077693
1772937206.9588947,0.5130081072673965
1772937206.958922,0.06891396041470489
1772937206.9589484,-0.14191944651647384
1772937206.9589748,0.02037056244576684
1772937206.9590015,0.2598292769368081
1772937206.9590285,0.1576681359521049
1772937206.959055,-0.3805765918821358
1772937206.959082,-1.044523623940466
1772937206.959103,-1.4704191024324085
1772937206.9591115,-1.6028632397741769
1772937206.959119,-1.6751739825527425
1772937206.9591277,-1.8879537109185462
1772937206.959136,-2.1871469677070987
1772937206.959144,-2.3610520215446806
1772937206.959152,-2.277610945939966
1772937206.9591603,-1.974718035115563
1772937206.9591684,-1.569081703963248
1772937206.959176,-1.1704719097997887
1772937206.959184,-0.8956684845008974
1772937206.9591918,-0.8654483209821558
1772937206.9591997,-1.0879009126215369
1772937206.9592075,-1.3598406288005458
1772937206.9592154,-1.3882227398972289
1772937206.9592233,-1.0780410620458507
1772937206.9592311,-0.6681715431526044
1772937206.9592392,-0.5144293391695343
1772937206.9592469,-0.7282542990764949
1772937206.9592547,-1.0749785127833016
1772937206.9592628,-1.2464724455075196
1772937206.9592705,-1.1860807997874059
1772937206.9592783,-1.092843927458725
1772937206.959286,-1.1237751645501781
1772937206.9592943,-1.1629730145646435
1772937206.959302,-0.9250916525710802
1772937206.9593096,-0.26457051781554275
1772937206.9593174,0.6466986161326997
1772937206.959325,1.432474278424137
1772937206.9593327,1.7779776083985412
1772937206.9593406,1.623190079054199
1772937206.9593484,1.1824918064358372
1772937206.959356,0.8108241875750727
1772937206.959364,0.7758921979858028
1772937206.9593716,1.0491815020146833
1772937206.9593797,1.2965349311353107
1772937206.9593875,1.1597558119847686
1772937206.9593976,0.6321842149841798
1772937206.9594057,0.14093336057145436
1772937206.9594133,0.1764672619873333
1772937206.9594212,0.8017408212730787
1772937206.9594288,1.5624946046669779
1772937206.9594367,1.9136667476866978
1772937206.9594443,1.7016387016107446
1772937206.9594524,1.1883631990971768
1772937206.9594603,0.65614600554448
1772937206.959468,0.11733009955537017
1772937206.9594755,-0.5314998949664581
1772937206.9594836,-1.1787428855246669
1772937206.9594915,-1.4943155468498024
1772937206.9594996,-1.3088601866289966
1772937206.9595077,-0.8872267399658683
1772937206.959515,-0.6986917669866267
1772937206.9595232,-0.9183273968395752
1772937206.9595313,-1.2542275913287873
1772937206.9595392,-1.3064252373061789
1772937206.9595473,-1.012383895274559
1772937206.959555,-0.6471249123300096
1772937206.959563,-0.42238072952586514
1772937206.959571,-0.22319046184273084
1772937206.9595785,0.18609566033942537
1772937206.959586,0.7695998739887564
1772937206.9595935,1.1554535396720402
1772937206.9596016,0.9933409678893615
1772937206.9596114,0.31948338733584786
1772937206.959622,-0.4619802974693419
1772937206.959633,-0.9120499558487982
1772937206.959645,-0.8437496062043157
1772937206.959656,-0.368151011384615
1772937206.9596689,0.20373021902697835
1772937206.9596813,0.484938458043657
1772937206.9597135,0.19546638959491025
1772937206.959724,-0.5982717498102333
1772937206.9597347,-1.4101450331254375
1772937206.9597466,-1.647907710465478
1772937206.9597604,-1.1366044722825606
1772937206.9597793,-0.32453715050813925
1772937206.9597917,0.12190094061828766
1772937206.9598002,-0.03403857338641979
1772937206.959808,-0.3968200723113373
1772937206.959816,-0.40448261076562303
1772937206.959824,0.05722108594738984
1772937206.9598317,0.5628769046098969
1772937206.9598398,0.637559470705942
1772937206.9598477,0.25589808637208616
1772937206.9598553,-0.16128078637689477
1772937206.959863,-0.16537409400395925
1772937206.9598706,0.35902504951662384
1772937206.9598784,1.1673798108329942
1772937206.9598863,1.8471109372904813
1772937206.9598944,2.0254285574107107
1772937206.9599023,1.5569899353871663
1772937206.95991,0.6809264780349826
1772937206.959918,-0.026353686229543316
1772937206.959926,-0.04055896446472497
1772937206.9599338,0.6303445054843987
1772937206.959942,1.3987276520946281
1772937206.95995,1.651836270979728
1772937206.959958,1.3743255369576064
1772937206.9599657,1.1292691307637357
1772937206.9599733,1.3860126319330481
1772937206.9599812,1.9776625645836121
1772937206.9599888,2.344299958509445
1772937206.959997,2.250387720382846
1772937206.9600046,2.0477365616538745
1772937206.9600124,2.1173168125178283
1772937206.96002,2.206310686806752
1772937206.9600277,1.5901509527503197
1772937206.9909525,-0.018034726374088855
1772937207.041119,-0.2588241419440357
1772937207.0411456,-0.8235136044771509
1772937207.041157,-0.6971795077056409
1772937207.0411663,-0.22379407986485167
1772937207.041176,0.07269348317298932
1772937207.0411842,0.0020576105525782398
1772937207.0411932,-0.24669696181879783
1772937207.0412016,-0.48068904203666524
1772937207.0412097,-0.7543771084492298
1772937207.0412183,-1.186707160414324
1772937207.0412266,-1.6411709850642013
1772937207.707843,-38162.707351066
1772937207.7078836,-19381.380921687505
1772937207.70791,2825.714869435801
1772937207.7079365,11604.811142716144
1772937207.7079632,5175.556662375715
1772937207.7079902,-4137.097639287955
1772937207.7080164,-5050.606193401658
1772937207.7080264,1327.1218897213755
1772937207.7080357,5687.844692094541
1772937207.708044,3054.741635128678
1772937207.7080524,-2064.9951291531916
1772937207.7080605,-2785.2916748440016
1772937207.7080693,1210.4603418917297
1772937207.708078,4154.6427309854325
1772937207.7080865,2321.478545524273
1772937207.7080946,-1385.9199062087648
1772937207.7081032,-1889.5034463396476
1772937207.7081113,1202.8835988777373
1772937207.7081215,3479.5323094153505
1772937207.7081344,1950.018559597781
1772937207.7081473,-1074.2104127598875
1772937207.7081597,-1421.9520765985437
1772937207.7081728,1225.9166629648469
1772937207.7081833,3122.4386085208002
1772937207.7081916,1724.7776019092612
1772937207.7081995,-918.5903476200023
1772937207.7082071,-1147.9413054864872
1772937207.7082152,1262.9069105460724
1772937207.708223,2921.3362313972184
1772937207.7082307,1570.9710096264598
1772937207.7082386,-851.2448524775989
1772937207.7082465,-982.1845856093266
1772937207.7082543,1312.0235042695122
1772937207.7082624,2816.9520026141527
1772937207.7082703,1460.5382384071968
1772937207.708278,-842.004044785677
1772937207.7082863,-884.5579274683978
1772937207.708294,1377.233542150173
1772937207.708302,2785.179065193615
1772937207.70831,1377.57216007996
1772937207.7083178,-884.0982655083233
1772937207.7083256,-841.5320868957642
1772937207.7083335,1461.179988792894
1772937207.7083418,2817.856694998485
1772937207.70835,1312.7445744787553
1772937207.708358,-982.603364821885
1772937207.708366,-853.5907021751343
1772937207.7083735,1566.768873274602
1772937207.7083814,2916.1552741677547
1772937207.7083893,1257.6547335386151
1772937207.7083972,-1153.0102924713815
1772937207.7084053,-923.7500162848186
1772937207.7084131,1719.4447071511145
1772937207.7084208,3117.451705508656
1772937207.7084289,1221.9626047736272
1772937207.7084372,-1424.8136992727277
1772937207.708446,-1076.7421664881022
1772937207.708455,1946.9471048985306
1772937207.7084632,3475.830964864877
1772937207.7084713,1199.3255621782118
1772937207.7084792,-1892.1094219633403
1772937207.7084873,-1387.5891312953665
1772937207.7084954,2319.9083459061712
1772937207.7085035,4152.326486795097
1772937207.708511,1207.3023764134698
1772937207.7085192,-2788.655879501429
1772937207.708527,-2067.8512807006796
1772937207.7085347,3052.6137895106563
1772937207.7085423,5686.149204408782
1772937207.7085502,1325.4138238768496
1772937207.7085578,-5052.609487638531
1772937207.7085657,-4139.462019229278
1772937207.7085736,5172.912898706298
1772937207.7085817,11602.085672963869
1772937207.7085898,2823.208863905025
1772937207.708598,-19383.34098103219
1772937207.7086062,-38163.8899844287
1772937208.061251,1721.2053851655685
1772937208.061288,1122.897925597319
1772937208.0613148,22.92167013533227
1772937208.0613413,-24.01809808124957
1772937208.061368,1047.191505687806
1772937208.0613945,1722.1315824406597
1772937208.0614214,1046.945763907396
1772937208.061448,-24.260656839841452
1772937208.0614598,23.00015065300325
1772937208.0614681,1123.4322515041795
1772937208.0614765,1722.0314138379504
1772937208.0614843,970.3777711526667
1772937208.0614927,-71.20644829095798
1772937208.0615008,71.85795677282489
1772937208.061509,1202.4089521591513
1772937208.0615168,1723.1927043569683
1772937208.061525,892.2166650619896
1772937208.0615335,-121.05865194632533
1772937208.0615416,118.85123235844117
1772937208.0615497,1280.301211341222
1772937208.0615578,1721.820921301227
1772937208.0615656,810.2203358570891
1772937208.0615737,-172.1852947990885
1772937208.0615816,169.82295609416207
1772937208.06159,1364.1503967282856
1772937208.0615976,1722.2066007110864
1772937208.0616057,724.7878605154795
1772937208.0616133,-225.8239880404863
1772937208.0616212,224.28394057566697
1772937208.061629,1453.856922643948
1772937208.0616367,1722.7604178995173
1772937208.0616448,632.9062969437839
1772937208.061653,-283.74224269819155
1772937208.0616608,283.54447384876903
1772937208.0616689,1551.879320276535
1772937208.0616765,1723.4092898788467
1772937208.0616844,531.3158155240314
1772937208.0616925,-348.8743537260182
1772937208.0617003,348.2335600840877
1772937208.0617082,1661.0767162115542
1772937208.061716,1725.1965947849478
1772937208.061724,418.20938398723996
1772937208.0617316,-422.41004430410254
1772937208.0617397,420.3474029727131
1772937208.0617476,1783.4497865718213
1772937208.0617552,1724.741078794181
1772937208.0617633,285.57123843478246
1772937208.0617712,-508.76301565073805
1772937208.0617788,505.3465925265583
1772937208.061787,1929.8203463657944
1772937208.0617948,1727.5162864800109
1772937208.0618029,130.2475230069134
1772937208.0618107,-611.063919646568
1772937208.0618188,608.3321669301749
1772937208.0618265,2107.923059770782
1772937208.061834,1730.288437290163
1772937208.061842,-63.54070873510174
1772937208.06185,-740.6369750924815
1772937208.061858,737.6426098386719
1772937208.061866,2336.306962607561
1772937208.0618737,1736.4067782026425
1772937208.0618815,-314.36329867612085
1772937208.0618892,-911.8003726529383
1772937208.0618973,909.2761825971913
1772937208.0619051,2645.7859256851452
1772937208.0619128,1746.726428891961
1772937208.061921,-662.9254926099987
1772937208.0619285,-1155.5609221516747
1772937208.0619366,1155.4450116556507
1772937208.0619445,3102.2466183755437
1772937208.061952,1765.1132374876972
1772937208.0619597,-1199.5154133337849
1772937208.0619676,-1547.0234191230163
1772937208.0619757,1546.777945121497
1772937208.0619833,3866.408387339456
1772937208.0619917,1805.602943112798
1772937208.0619993,-2164.0724491737924
1772937208.062007,-2301.39458498395
1772937208.0620148,2300.776019421851
1772937208.0620227,5485.940659911057
1772937208.0620306,1955.5703881679651
1772937208.0620384,-4491.498947281833
1772937208.0620463,-4441.11010891351
1772937208.062054,4443.837100432561
1772937208.062062,11483.937770259312
1772937208.0620697,3481.2635338476475
1772937208.0620816,-18886.25770859881
1772937208.0620897,-38532.04040474396
1772937208.1575618,38532.07672749221
1772937208.630124,-278.7600669107526
1772937208.630162,-462.31786831058145
1772937208.6301885,-2.593197892228651
1772937208.6302147,475.643684545455
1772937208.6302416,302.1217045523073
1772937208.6302676,-300.85314690983387
1772937208.6302943,-500.6933020348642
1772937208.6303208,-1.9228749712454156
1772937208.6303475,519.9641893669627
1772937208.6303744,331.7226964109987
1772937208.630403,-329.39213594495135
1772937208.6304317,-551.2681914250982
1772937208.6304448,-2.8188006988288836
1772937208.6304529,575.8516065555252
1772937208.6304605,369.75791075670116
1772937208.6304684,-365.94174168820865
1772937208.630476,-616.9794903732799
1772937208.6304839,-5.286165452646324
1772937208.6304915,646.4539479345724
1772937208.6304994,417.107638792553
1772937208.6305072,-415.5354558476468
1772937208.630515,-703.7547443460887
1772937208.6305232,-7.203674067383738
1772937208.6305308,742.4908856548456
1772937208.6305387,482.0044161567587
1772937208.6305468,-482.28906498696847
1772937208.630555,-823.0034727814068
1772937208.6305625,-12.44803262530567
1772937208.6305704,872.4050115261241
1772937208.6305878,572.1002290769119
1772937208.6305952,-572.3728794296075
1772937208.630603,-986.3005522477678
1772937208.6306107,-16.010020575300082
1772937208.6306183,1061.032633014712
1772937208.6306262,704.0920453209628
1772937208.6306338,-703.3094152060243
1772937208.6306417,-1228.8350686857448
1772937208.630649,-24.26975714709428
1772937208.6306574,1344.4759310401394
1772937208.6306653,906.8559305804912
1772937208.630673,-907.0702837455841
1772937208.6306808,-1615.5463998339567
1772937208.630689,-40.93831412599546
1772937208.6306968,1812.638351397787
1772937208.6307046,1255.9683025025088
1772937208.6307125,-1252.6870642133854
1772937208.6307204,-2306.308851199128
1772937208.630728,-82.07393311034298
1772937208.630736,2701.0216659632197
1772937208.6307435,1962.9625090885545
1772937208.6307516,-1957.7031128903423
1772937208.6307597,-3845.4712349243237
1772937208.6307673,-231.1198213326555
1772937208.6307752,4946.9554129310545
1772937208.630783,4051.3658001654117
1772937208.6307907,-4047.870262124244
1772937208.6307986,-9756.45155838691
1772937208.6308064,-1756.9989325062843
1772937208.630814,19250.171149070007
1772937208.6308217,38082.98504756632
1772937208.6308296,38677.05333291462
1772937208.6308377,20212.665846574077
1772937208.6308453,-1755.2396701344082
1772937208.6308532,-10719.883249870822
1772937208.6308613,-4645.869201957824
1772937208.6308692,4650.74246322195
1772937208.630877,5922.707534372986
1772937208.630885,-228.62480718687527
1772937208.6308925,-4829.393938046498
1772937208.6309001,-2573.0020031036875
1772937208.630908,2575.3431161276285
1772937208.6309159,3705.041865995572
1772937208.6309235,-80.32974569975444
1772937208.6309311,-3329.1159086201883
1772937208.6309388,-1895.3160505508185
1772937208.6309466,1896.6264546543491
1772937208.6309545,2869.2035696695457
1772937208.630962,-36.22742854863494
1772937208.6309695,-2696.634335821746
1772937208.6309967,-1589.6909167102685
1772937208.631004,1591.9855199902531
1772937208.6310117,2480.2291465513576
1772937208.6310194,-16.341280681189215
1772937208.6310272,-2398.4689993625075
1772937208.6310349,-1448.120931664776
1772937208.6310425,1450.4677307094296
1772937208.63105,2309.611967972853
1772937208.631058,-3.424890702622066
1772937208.6310656,-2282.2425672321006
1772937208.6310735,-1404.4260784865558
1772937208.631081,1410.0273541726158
1772937208.6310887,2286.6792994236334
1772937208.6310964,6.518556524785954
1772937208.631104,-2307.0870117905456
1772937208.6311116,-1447.701174016454
1772937208.6311195,1451.2399619125185
1772937208.631127,2401.511109415659
1772937208.6311347,18.994774027234328
1772937208.6311424,-2477.881074714781
1772937208.6311502,-1589.8060941349952
1772937208.6311579,1591.5389888548623
1772937208.6311655,2697.8898197471276
1772937208.6311731,37.0479786882253
1772937208.6311808,-2868.11859324585
1772937208.6311884,-1894.5528044728064
1772937208.631196,1898.5123354224277
1772937208.631204,3332.921792660177
1772937208.6312115,84.09044335857095
1772937208.6312194,-3701.6332390376933
1772937208.631227,-2572.203552117604
1772937208.631235,2576.0766538115963
1772937208.6312425,4832.533940096349
1772937208.63125,231.8817093412347
1772937208.6312573,-5919.34912163396
1772937208.631265,-4647.423203704512
1772937208.6312728,4648.902642073958
1772937208.6312804,10722.470337355722
1772937208.631288,1757.478957577149
1772937208.6312957,-20210.511152513438
1772937208.6313035,-38674.833209775985
1772937208.7509763,1172.8476274354412
1772937208.7510164,-836.9962272063694
1772937208.751028,-1720.279403345087
1772937208.7510371,-114.63281993460481
1772937208.751046,1758.357172782839
1772937208.7510557,1147.8379401974223
1772937208.7510648,-1211.3758540486308
1772937208.7510736,-1946.5965747625823
1772937208.7510827,163.4351963092314
1772937208.7510915,2213.463174799616
1772937208.7511003,1132.4274779621467
1772937208.7511108,-1768.1944208843233
1772937208.7511256,-2319.1408769506684
1772937208.7511387,584.1500716903679
1772937208.7511516,2977.5196466411035
1772937208.7511644,1148.032085344611
1772937208.751173,-2742.678622173173
1772937208.7511811,-3051.9689566899833
1772937208.75119,1361.7422189503136
1772937208.7511985,4590.664640723473
1772937208.751207,1272.4755549044196
1772937208.7512157,-5077.955012505954
1772937208.7512243,-5172.334154452136
1772937208.7512329,3520.975296898066
1772937208.7512412,10576.428496866913
1772937208.7512498,2774.332364954872
1772937208.751258,-19473.723314712257
1772937208.751267,-39239.48429396447
1772937209.2388906,-39130.84230732543
1772937209.2389307,-19308.325421477355
1772937209.238959,2755.0759587024418
1772937209.2389872,10403.19348335462
1772937209.2390158,3452.9076798386122
1772937209.2390401,-5029.126853706282
1772937209.2390509,-4929.847845127042
1772937209.239061,1207.6776669338694
1772937209.2390711,4406.998281928131
1772937209.2390804,1332.3285015968925
1772937209.239095,-2876.5667721211557
1772937209.2391036,-2615.9129032218316
1772937209.2391124,1036.5213522469417
1772937209.2391207,2786.0846668036647
1772937209.239129,595.5700286134525
1772937209.2391372,-2113.5868521203997
1772937209.239146,-1666.399620033778
1772937209.2391543,975.456421637615
1772937209.2391627,2022.1900610139812
1772937209.2391713,223.85638738901383
1772937209.2391796,-1710.3751869927157
1772937209.2391877,-1141.800463025573
1772937209.2391956,938.0083183833868
1772937209.2392037,1565.5965087947827
1772937209.2392116,-3.5174411298891064
1772937209.2392209,-1454.1853344049514
1772937209.2392328,-802.7745815414678
1772937209.2392404,911.1594796910706
1772937209.2392485,1256.702182733212
1772937209.2392564,-157.7934564400074
1772937209.239264,-1273.034655099333
1772937209.239272,-563.6528257042953
1772937209.23928,887.1348604286774
1772937209.2392876,1028.301698095269
1772937209.2392955,-269.55245482634695
1772937209.2393036,-1132.4646794961538
1772937209.2393117,-380.08682338524085
1772937209.23932,867.7203988881736
1772937209.239328,850.7060985488554
1772937209.2393355,-355.21014875985145
1772937209.2393436,-1019.7301077062525
1772937209.2393515,-235.3638879228601
1772937209.2393596,848.5272837486747
1772937209.2393675,705.7237828932596
1772937209.239375,-421.95465200848076
1772937209.239383,-923.1119181094156
1772937209.2393909,-115.36815378886682
1772937209.2393985,829.223021532287
1772937209.239406,581.9204028383891
1772937209.239414,-476.4277298716423
1772937209.2394218,-837.5636998734213
1772937209.2394297,-12.133313370927004
1772937209.239437,809.9166915482489
1772937209.2394447,472.29867180093703
1772937209.2394526,-523.6099144152878
1772937209.2394605,-761.3515812236509
1772937209.2394683,78.3539137314991
1772937209.239476,791.112436656846
1772937209.2394836,374.77961739558725
1772937209.2394915,-562.7355302151442
1772937209.239499,-689.0806005260683
1772937209.2395067,161.66657767724618
1772937209.2395146,773.6008526786492
1772937209.2395225,285.5499585010689
1772937209.2395303,-598.5515835278355
1772937209.239538,-624.9571887285784
1772937209.5401618,235.9181769516184
1772937209.5401988,753.6469620868454
1772937209.5402253,200.9403268983506
1772937209.5402517,-629.6957784785527
1772937209.5402787,-559.924313016142
1772937209.5403056,303.52166114060856
1772937209.540326,730.5934013716361
1772937209.5403347,118.43317916538473
1772937209.5403433,-658.7314400314801
1772937209.5403516,-497.56630960196594
1772937209.5403595,368.7195941402996
1772937209.5403683,707.1860118087544
1772937209.540376,38.48166691822082
1772937209.5403843,-684.9088720711015
1772937209.5403924,-434.44276323972184
1772937209.5404005,433.2247084392264
1772937209.540408,684.0999460407647
1772937209.540416,-38.931808625604845
1772937209.540424,-707.7322639048316
1772937209.5404317,-369.69545251928076
1772937209.5404396,496.3843152221572
1772937209.5404472,657.9896020429297
1772937209.5404553,-118.24563663574105
1772937209.5404632,-729.56626554144
1772937209.540471,-302.1515793427754
1772937209.5404787,561.2937338213166
1772937209.5404868,631.1964249526535
1772937209.540495,-198.9688236678592
1772937209.5405023,-751.1957356107085
1772937209.5405104,-233.4761056466189
1772937209.5405183,625.0227127511055
1772937209.5405262,599.9789339767129
1772937209.540534,-283.29672416393134
1772937209.540542,-770.9558515468026
1772937209.5405495,-158.93677737189225
1772937209.5405571,691.4988762726036
1772937209.5405648,564.3366704122108
1772937209.5405724,-374.2898010518016
1772937209.5405803,-791.5211208018267
1772937209.540588,-79.08878222715086
1772937209.5405955,760.7210669576971
1772937209.5406036,523.0544886152329
1772937209.5406115,-473.0516606938752
1772937209.5406191,-810.9017320490939
1772937209.5406268,11.283620040892508
1772937209.5406346,837.2551065418111
1772937209.5406423,476.6240000650063
1772937209.54065,-581.7422735500429
1772937209.5406575,-829.6155964039862
1772937209.5406656,114.30453288870672
1772937209.5406733,921.7537106505032
1772937209.540681,420.7359880319671
1772937209.5406885,-706.7292066774006
1772937209.5406964,-849.6322159683116
1772937209.540704,233.80724751888891
1772937209.540712,1017.704093198127
1772937209.5407195,353.10534363396977
1772937209.5407276,-852.372752479426
1772937209.5407355,-868.7226552272167
1772937209.540743,379.45649488819566
1772937209.5407507,1131.5605803354988
1772937209.5407588,267.8504826387936
1772937209.5407667,-1030.7796981376725
1772937209.540775,-889.8174188585663
1772937209.5407832,561.4424099262758
1772937209.5407915,1271.58624266042
1772937209.5407996,156.9404839808562
1772937209.5408075,-1257.1854688675303
1772937209.5408156,-911.1631473454736
1772937209.5408237,803.5933861631553
1772937209.5408316,1455.855363981886
1772937209.5408397,5.368370773607166
1772937209.5408475,-1564.6324036094313
1772937210.0506728,-37951.50427006443
1772937210.0507085,-19249.020834564908
1772937210.050732,2694.084433218524
1772937210.0507553,11386.951141340578
1772937210.0507748,5173.2413108193205
1772937210.050794,-3916.187684541529
1772937210.0508134,-4910.991937668404
1772937210.0508332,1186.5462691899859
1772937210.050853,5455.39412889307
1772937210.0508728,3053.472363513331
1772937210.0508811,-1826.177405709868
1772937210.05089,-2634.2436975299734
1772937210.0508988,1058.052478629882
1772937210.0509071,3901.9085751125417
1772937210.0509157,2319.831879907388
1772937210.0509243,-1125.139744819771
1772937210.050933,-1723.665946050066
1772937210.050941,1035.9823029510037
1772937210.0509493,3200.718168316696
1772937210.050958,1946.4397553237186
1772937210.0509665,-787.0183066255877
1772937210.050975,-1237.2949672745335
1772937210.0509837,1042.5736917629322
1772937210.050992,2813.1999238856033
1772937210.0510004,1720.455226733711
1772937210.051012,-598.0099576630768
1772937210.0510252,-941.0360660403853
1772937210.0510387,1056.7373575533632
1772937210.051052,2572.702616023084
1772937210.0510647,1567.1359132507373
1772937210.0510738,-485.15657288926514
1772937210.0510852,-744.4164231840048
1772937210.0510983,1076.9879423993477
1772937210.0511117,2416.437465290737
1772937210.0511253,1456.0258260730725
1772937210.0511377,-417.9014921948471
1772937210.0511465,-608.5324762347392
1772937210.0511549,1100.4348748710715
1772937210.0511634,2311.2881652633982
1772937210.0511718,1368.063112944081
1772937210.051185,-384.8390468239663
1772937210.051198,-515.0883213797249
1772937210.051213,1127.797705738672
1772937210.0512269,2245.8599092006275
1772937210.05124,1301.7952349344155
1772937210.0512536,-370.4516348197153
1772937210.051267,-446.7290520923538
1772937210.051277,1162.4035742011722
1772937210.0512855,2211.316030398914
1772937210.051294,1249.7874101029038
1772937210.0513024,-373.6993929689899
1772937210.0513108,-399.6825927678514
1772937210.0513191,1202.2105311697155
1772937210.0513308,2199.0761960305626
1772937210.0513444,1203.0150516892854
1772937210.0513585,-399.12126441020706
1772937210.0513673,-374.0853440120653
1772937210.051376,1249.1567510805264
1772937210.0513844,2211.9354086779376
1772937210.0513928,1164.9349375887814
1772937210.0514011,-443.1944838686341
1772937210.0514095,-367.37631089086807
1772937210.051418,1303.9854501310824
1772937210.0514264,2248.117151866934
1772937210.0514348,1131.2053942610003
1772937210.051443,-510.67223281173256
1772937210.0514517,-380.7203500909929
1772937210.05146,1370.745810929599
1772937210.0514684,2312.619791625631
1772937210.0514767,1101.397897319629
1772937210.051485,-607.2517629129023
1772937210.0514934,-416.57100495692725
1772937210.051502,1456.7084630929123
1772937210.0515113,2416.3150993332742
1772937210.0515196,1076.713403129303
1772937210.0515287,-744.0562666869869
1772937210.05154,-484.04253882108554
1772937210.0515528,1568.3926504947678
1772937210.0515668,2573.4096474094154
1772937210.0515764,1056.7121337000792
1772937210.0515919,-941.5178164591596
1772937210.0516002,-598.7059307072476
1772937210.0516086,1719.482075185747
1772937210.051617,2811.8523909216283
1772937210.0516253,1041.1698308064902
1772937210.0516334,-1238.0049770728565
1772937210.0516417,-786.414354735939
1772937210.05165,1948.226824084615
1772937210.0516584,3202.7863303407757
1772937210.051667,1037.331377876468
1772937210.051675,-1723.3762935138122
1772937210.051684,-1125.4534522851507
1772937210.0516922,2319.601035627219
1772937210.0517006,3902.025291636124
1772937210.0517092,1058.2722820835827
1772937210.0517175,-2634.2018952904987
1772937210.051726,-1826.2054854174103
1772937210.0517342,3053.7564951438317
1772937210.0517426,5456.159491623416
1772937210.051751,1187.4815513772346
1772937210.0517595,-4910.428541229693
1772937210.0517676,-3916.319853725475
1772937210.051776,5172.454967656558
1772937210.0517845,11385.69050716865
1772937210.051793,2692.4478153472896
1772937210.0518014,-19250.943801217094
1772937210.0518095,-37953.441171669714
1772937210.051818,-37517.33774571091
1772937210.0518265,-18553.528891520287
1772937210.0518348,2673.921916155776
1772937210.0518432,10676.486400324662
1772937210.0518515,4765.947368564387
1772937210.0518599,-3449.4553994991807
1772937210.0518682,-4222.821149034135
1772937210.0518763,1132.2302765475786
1772937210.051885,4733.713843095081
1772937210.0518932,2675.7784506684748
1772937210.0519013,-1328.039186951899
1772937210.0519097,-1955.7334715315671
1772937210.0519183,965.0709675372522
1772937210.5273256,2288.5215365542203
1772937210.527372,-620.1002381394774
1772937210.527403,-2343.6858106982
1772937210.5274353,-451.76830139774876
1772937210.527462,2020.8999749647323
1772937210.5274892,1325.1667425036223
1772937210.5275164,-1420.2592611183675
1772937210.5275433,-1989.2925704516117
1772937210.5275705,561.6876790338353
1772937210.5276072,2375.163369239866
1772937210.5276325,524.7865309922631
1772937210.527645,-2382.933771066716
1772937210.5276566,-1803.906054578486
1772937210.5276678,1817.0109628150649
1772937210.5276787,3103.4807896233324
1772937210.5276897,-487.3080754255984
1772937210.527701,-4122.787384210293
1772937210.5277116,-1799.084378709275
1772937210.5277226,4336.12024000907
1772937210.5277336,5218.521317151016
1772937210.5277443,-2809.830233417607
1772937210.5277553,-10200.906814166668
1772937210.5277665,-3214.9690510350524
1772937210.5277772,18860.53671628266
1772937210.527788,39283.94120490888
1772937210.527799,39729.353900651084
1772937210.5278099,19621.526448084496
1772937210.5278208,-3128.5254125099336
1772937210.5278318,-10916.533246855448
1772937210.5278428,-3403.6694766334563
1772937210.5278535,5545.4695140832655
1772937210.5278647,5194.589158746902
1772937210.5278752,-1533.5129985640253
1772937210.5278864,-4847.134794335388
1772937210.5278971,-1282.0406582889411
1772937210.527908,3327.273846188641
1772937210.5279193,2839.9236564448365
1772937210.5279303,-1328.4558233585096
1772937210.5279408,-3171.076304330619
1772937210.527952,-546.0388132224167
1772937210.5279624,2510.2524748585297
1772937210.5279734,1855.6050031317477
1772937210.527984,-1241.1297840373545
1772937210.527995,-2360.8258000953024
1772937210.528006,-171.20490343570162
1772937210.5280173,2065.8981886558913
1772937210.528028,1303.0247199611733
1772937210.5280387,-1182.8938424790983
1772937210.5280497,-1866.412247906718
1772937210.528061,58.362011796542795
1772937210.5280716,1773.5914075300632
1772937210.5280824,937.4726829615387
1772937210.5280936,-1140.368543190635
1772937210.5281043,-1524.075874764964
1772937210.5281153,217.87045495583303
1772937210.5281315,1563.4600069127164
1772937210.528144,674.5353403382809
1772937210.528156,-1104.7049936796782
1772937210.528168,-1266.8589983322652
1772937210.52818,335.4849713905351
1772937210.5281918,1398.3339020480514
1772937210.5282035,470.26518065966
1772937210.528216,-1073.1923895653752
1772937210.5282276,-1059.8780282746782
1772937210.5282395,428.5744830291667
1772937210.5282514,1260.572293581804
1772937210.5282633,300.59905173442934
1772937210.5282753,-1046.1122937361813
1772937210.5282872,-884.610121809715
1772937210.528299,508.0177784677041
1772937210.5283113,1142.6612724208585
1772937210.5283232,154.9587529875203
1772937210.5283356,-1020.0173660740217
1772937210.5283475,-727.3870836545648
1772937210.5283597,580.2607422770429
1772937210.5283716,1036.5102894974557
1772937210.5283835,21.670628644506447
1772937210.5283952,-996.8090687259536
1772937210.528407,-581.7540446927026
1772937210.528419,647.297154223027
1772937210.5284307,933.245862770162
1772937210.5284429,-110.53805855352199
1772937210.5284545,-978.0213925202324
1772937210.5284665,-439.35445772293116
1772937210.5284786,715.7643114252113
1772937210.5284903,830.0243947586692
1772937210.5285025,-247.40961547054073
1772937210.5285144,-960.2325820192658
1772937210.528526,-287.3220462326466
1772937210.528538,794.0921036510182
1772937210.52855,720.595635899107
1772937210.5285616,-400.7776018493603
1772937210.5285735,-941.8977739531007
1772937210.5285854,-107.99007117804152
1772937210.528597,894.3967643681872
1772937210.528609,591.5695745352677
1772937210.5286207,-597.3594703740622
1772937210.5286329,-928.4770724805404
1772937210.528645,124.90050707189484
1772937210.5286567,1037.8540991213104
1772937210.5286684,418.5050421204572
1772937210.5286803,-886.9366398091406
1772937210.5287113,-923.3443829630795
1772937210.528723,480.60296683193724
1772937210.5287347,1283.2670319569424
1772937210.5287468,145.7787699734912
1772937210.5287588,-1398.5321848867532
1772937210.5287707,-937.0762581652413
1772937210.5287828,1161.0157725197118
1772937210.5287943,1816.0796199855781
1772937210.5288064,-411.497842537624
1772937210.5288172,-2612.3119536422278
1772937210.528828,-1049.415449303061
1772937210.5288398,3014.989066156517
1772937210.5288515,3585.5734152560844
1772937210.5288627,-2210.532172254029
1772937210.5288749,-7894.247318777852
1772937210.5288863,-2516.7186857863353
1772937210.528898,16502.368955362912
1772937210.5289097,36936.063384558576
1772937211.0072453,93.42882767369547
1772937211.0072951,-929.883958573779
1772937211.0073235,-1720.3538623038287
1772937211.0073555,-1168.4409116321142
1772937211.0073822,-53.03318389961327
1772937211.0074136,58.01215814524028
1772937211.0074403,-988.5323442683109
1772937211.0074725,-1719.8340170627293
1772937211.0074992,-1109.3151409303573
1772937211.007526,-17.7214522712864
1772937211.0075479,19.533676497138224
1772937211.0075593,-1048.9549434814892
1772937211.0075705,-1719.8022566806799
1772937211.007582,-1049.4180296475247
1772937211.007593,19.22010002143879
1772937211.007604,-17.521998972336064
1772937211.007615,-1109.10386267295
1772937211.007626,-1720.5235992639205
1772937211.007637,-990.4084434740133
1772937211.007648,55.73151248516934
1772937211.007659,-54.49163936198753
1772937211.0076702,-1168.3784300045331
1772937211.0076816,-1718.9729516516968
1772937211.007692,-927.9212565717335
1772937211.0077028,95.23445786101301
1772937211.0077136,-90.83235737597943
1772937211.0077245,-1229.4353322512436
1772937211.0077357,-1719.8497109113816
1772937211.0077465,-867.1087812265058
1772937211.0077577,133.45255304937734
1772937211.0077686,-128.90872735161958
1772937211.0077796,-1292.1420169323064
1772937211.0077903,-1721.020339173794
1772937211.0078008,-805.5742423171055
1772937211.007812,171.30040771750816
1772937211.0078232,-169.26229497678398
1772937211.007834,-1356.4672608084393
1772937211.0078447,-1719.9056229217365
1772937211.0078561,-738.6375373489503
1772937211.0078669,212.69980190733875
1772937211.007877,-211.41429530417022
1772937211.0078883,-1425.424149175447
1772937211.007899,-1720.6058165775673
1772937211.0079103,-668.9490182912552
1772937211.0079212,257.31826843615903
1772937211.0079324,-253.9640211450995
1772937211.007943,-1496.7984292892577
1772937211.007954,-1721.016741543998
1772937211.0079684,-595.7259234307733
1772937211.0079792,303.61824469228054
1772937211.00799,-300.27128920527497
1772937211.008001,-1573.6120949303079
1772937211.008012,-1722.0014728554668
1772937211.0080228,-518.375391765506
1772937211.0080335,351.0158190126197
1772937211.008044,-353.4405477503862
1772937211.0080552,-1659.4610622436815
1772937211.0080662,-1724.1428022392063
1772937211.008077,-433.3470646598861
1772937211.008088,404.81989207243504
1772937211.0080986,-409.2319107909788
1772937211.008109,-1751.1883691033274
1772937211.0081203,-1723.3174368719242
1772937211.0081313,-335.098753055759
1772937211.0081427,469.33946590171837
1772937211.008154,-467.5422041986561
1772937211.0081637,-1852.9263721858663
1772937211.0081744,-1725.7218901439007
1772937211.008185,-230.9309223660957
1772937211.0081959,535.2980147875254
1772937211.0082064,-538.6813889120742
1772937211.008217,-1970.869369963612
1772937211.008228,-1728.0267803818099
1772937211.0082388,-108.9903368488513
1772937211.00825,615.2173967011563
1772937211.0082605,-616.3113222023226
1772937211.0082715,-2103.7695337419846
1772937211.008282,-1728.2859315231603
1772937211.0082932,34.3012832726764
1772937211.008304,707.8678680874948
1772937211.0083144,-710.9992863381408
1772937211.0083253,-2265.161473955137
1772937211.0083363,-1730.92630153778
1772937211.0083473,206.59292495560857
1772937211.0083585,822.0113904290085
1772937211.0083687,-824.0838252588792
1772937211.00838,-2462.705379584219
1772937211.0083907,-1736.1810653916955
1772937211.008402,418.18855100421575
1772937211.0084136,963.629925546253
1772937211.0084245,-966.6997568642656
1772937211.0084355,-2713.19830665276
1772937211.0084462,-1741.1160834416692
1772937211.0084567,695.3319632671277
1772937211.008468,1151.3987941840455
1772937211.0084784,-1156.2653172889036
1772937211.0084891,-3052.4210308175125
1772937211.0085,-1750.0943574036578
1772937211.0085113,1079.8284456007982
1772937211.008522,1420.8369343284105
1772937211.0085344,-1420.5817396715486
1772937211.0085473,-3544.225069526557
1772937211.008558,-1767.6168120123882
1772937211.008571,1658.3320203919484
1772937211.0085833,1839.3704280822456
1772937211.0085936,-1841.259379118898
1772937211.0086179,-4359.095999094027
1772937211.0086288,-1810.753458679917
1772937211.008639,2675.5369462086924
1772937211.00865,2630.0843988587885
1772937211.008661,-2629.8381385472994
1772937211.0086718,-6040.5935819873475
1772937211.0086825,-1961.2759211095895
1772937211.0086925,5073.2180911586265
1772937211.0087032,4817.956284511066
1772937211.0087135,-4818.305426746691
1772937211.0087242,-12120.708959649712
1772937211.0087347,-3488.6802297450668
1772937211.0087452,19559.45360070044
1772937211.008756,38969.807660940685
1772937211.4835055,-638.082054286342
1772937211.483556,-292.10501915674126
1772937211.4835825,467.0325641342518
1772937211.4836094,573.9713731457242
1772937211.4836326,-124.96354188241716
1772937211.4836564,-650.9588483515316
1772937211.4836793,-262.82297490044255
1772937211.4837017,499.1333899043115
1772937211.4837215,565.0351090151088
1772937211.4837303,-162.881260495571
1772937211.4837391,-665.8452316889067
1772937211.483748,-234.0441903461691
1772937211.4837615,531.8435960008658
1772937211.4837759,555.5645262395657
1772937211.4837897,-203.4128873641916
1772937211.4838035,-683.5715815699443
1772937211.4838135,-206.08507421119162
1772937211.483822,565.4208093877966
1772937211.4838305,546.429514415934
1772937211.4838393,-244.79565995460376
1772937211.483848,-701.2453065864001
1772937211.483856,-175.38190169607637
1772937211.4838643,602.8818609154491
1772937211.483873,539.0637632719821
1772937211.4838812,-287.03186881469367
1772937211.4838896,-719.203102793963
1772937211.483898,-141.9095453464981
1772937211.4839063,644.0132490774372
1772937211.4839149,531.8613520644933
1772937211.4839232,-333.30351935118927
1772937211.4839315,-741.0264622361193
1772937211.48394,-108.36879591018386
1772937211.4839485,687.1145285029994
1772937211.4839563,523.4931044010841
1772937211.4839647,-384.4367607924951
1772937211.4839733,-765.7318947549185
1772937211.4839923,-71.03656363090349
1772937211.4840007,737.4997332908752
1772937211.4840093,518.0715466466827
1772937211.4840195,-439.64979367798264
1772937211.4840329,-795.7505604021508
1772937211.4840467,-33.9442210218503
1772937211.4840567,790.938978272795
1772937211.4840653,512.0128098739016
1772937211.4840736,-500.64668041280385
1772937211.484082,-829.3212711420779
1772937211.4840903,8.179529498178395
1772937211.4840987,853.3830830788594
1772937211.484107,508.09501866352093
1772937211.4841154,-568.9808598216141
1772937211.4841237,-869.6211098065189
1772937211.4841323,53.90852957138604
1772937211.4841404,925.3757847872903
1772937211.4841487,506.3631687019696
1772937211.484157,-646.1025442239912
1772937211.4841657,-917.1000588417621
1772937211.484174,106.36490161104078
1772937211.484182,1011.7657603168279
1772937211.4841905,508.2693484284741
1772937211.4841986,-736.0507508726113
1772937211.484207,-977.0662341988308
1772937211.4842153,164.53287851080222
1772937211.4842236,1115.3064571761106
1772937211.484232,514.1060425247574
1772937211.4842403,-844.2228930356343
1772937211.484254,-1055.2989939830488
1772937211.4842627,229.77245775211674
1772937211.4842763,1243.400392629849
1772937211.4842892,527.6065568013073
1772937211.4843037,-975.9873284515534
1772937211.4843168,-1158.4583348223898
1772937211.4843311,305.87245075874347
1772937211.4843397,1408.5010970792318
1772937211.484348,553.6900985467673
1772937211.4843564,-1143.487117037727
1772937211.4843645,-1302.0821336453353
1772937211.484373,396.4997300389606
1772937211.4843812,1633.5844720510627
1772937211.4843895,606.6313343386418
1772937211.484398,-1361.9681323586149
1772937211.4844065,-1511.2002112504877
1772937211.4844148,506.94799941746913
1772937211.4844232,1956.7228445207795
1772937211.4844315,705.021201916083
1772937211.48444,-1675.0815292356992
1772937211.4844484,-1852.2129084906946
1772937211.4844568,639.5593936846724
1772937211.4844651,2468.0492250583134
1772937211.4844737,914.5644619867753
1772937211.484485,-2158.394623534672
1772937211.4845052,-2474.892374868301
1772937211.4845183,795.8205744644557
1772937211.484532,3403.6388988216486
1772937211.4845448,1424.3365021886702
1772937211.4845583,-3047.886561823423
1772937211.4845676,-3910.050378792823
1772937211.484576,924.2462810483096
1772937211.4845848,5706.406810991511
1772937211.4845967,3223.0460977127636
1772937211.4846108,-5395.951550014744
1772937211.4846237,-9646.640486642144
1772937211.4846323,-176.91221591750335
1772937211.4846404,20080.78284842331
1772937211.4846487,36781.56643030978
1772937211.4846575,36919.94244652854
1772937211.4846659,20635.48395932678
1772937211.4846745,558.7409858950331
1772937211.4846828,-9784.217464023386
1772937211.4846914,-6837.3279288975145
1772937211.4846995,2121.11212947731
1772937211.4847083,7012.746418340246
1772937211.484717,3671.5325030276476
1772937211.4847248,-3672.8625938895802
1772937211.4847329,-7013.088350726282
1772937211.4847412,-2120.5179895323936
1772937211.4847505,6837.9326548754125
1772937211.4847589,9784.160853204403
1772937211.4847677,-559.1488635680663
1772937211.4847765,-20635.416671055686
1772937211.4847853,-36919.0446440591
1772937211.964702,2162.292606075903
1772937211.9647436,-885.5147816298107
1772937211.9647698,-2462.337276082498
1772937211.9647963,-572.0718887789661
1772937211.9648232,1944.0689992510352
1772937211.9648504,1626.2645166760963
1772937211.964877,-886.4305761782899
1772937211.9649036,-2019.5970762952409
1772937211.9649298,-316.4667674602947
1772937211.9649563,1718.474628680132
1772937211.9649827,1278.4392036288662
1772937211.9650097,-894.3869768975721
1772937211.9650178,-1722.4744691876433
1772937211.965026,-134.6800470950987
1772937211.9650338,1565.189871293738
1772937211.965042,1027.7926342590756
1772937211.9650505,-906.3864001353975
1772937211.965058,-1505.4261694133354
1772937211.9650664,5.912877234699379
1772937211.9650743,1454.0638620375692
1772937211.9650824,834.2971044264856
1772937211.96509,-921.6249321638933
1772937211.965098,-1338.647205133918
1772937211.965106,119.53246849775128
1772937211.965114,1368.9075374343777
1772937211.9651225,678.5296389351676
1772937211.96513,-935.5058768407166
1772937211.9651377,-1200.0146662073023
1772937211.9651456,219.24863567989647
1772937211.9651537,1302.168277682859
1772937211.965162,545.7293844691969
1772937211.9651697,-953.4152969361855
1772937211.9651773,-1086.2087551521045
1772937211.9651854,304.7958835096173
1772937211.9651935,1245.374289346423
1772937211.9652011,428.1507923530806
1772937211.9652088,-972.8150628264744
1772937211.9652169,-986.6819190909164
1772937211.9652245,384.37797511359116
1772937211.9652324,1198.9500441565926
1772937211.96524,322.75943630323655
1772937211.9652493,-993.917366774084
1772937211.9652607,-899.0101207963643
1772937211.965272,458.14703362138476
1772937211.965283,1159.1449365563265
1772937211.965294,226.2411075059939
1772937211.965305,-1015.1950820477635
1772937211.965317,-818.470752342956
1772937211.9653308,528.1156316432852
1772937211.9653423,1122.247303229546
1772937211.9653504,132.4355932096278
1772937211.965358,-1039.8045392560746
1772937211.965366,-743.5645353089843
1772937211.9653738,597.5739874096964
1772937211.965382,1090.356690372642
1772937211.9653897,42.489941970182116
1772937211.9653976,-1065.6100763999104
1772937211.9654055,-671.0042756265016
1772937211.9654133,668.8504553940494
1772937211.965422,1063.324446159245
1772937211.9654298,-45.126336166528986
1772937211.9654377,-1093.4400474548095
1772937211.9654455,-600.7949769872407
1772937211.9654531,740.7952759580205
1772937211.9654613,1037.8089627389722
1772937211.9654696,-133.95945556120975
1772937211.9654775,-1123.8786680678422
1772937211.9654853,-529.9700907774646
1772937211.9654932,817.0158228386362
1772937211.965501,1014.9133485738028
1772937211.9655092,-225.27732790366713
1772937211.9655173,-1157.743329581054
1772937211.965525,-457.2940350194283
1772937211.9655328,898.9809736323581
1772937211.9655404,993.4508171726652
1772937211.965548,-323.0416163786117
1772937211.9655557,-1198.8664725023252
1772937211.9655635,-384.2399217611213
1772937211.9655716,986.4730939825126
1772937211.9655793,972.1212266209694
1772937211.9655874,-429.1682491820853
1772937211.9655955,-1246.4000546932552
1772937211.9656034,-305.4917342679445
1772937211.9656112,1086.0947634526967
1772937211.965619,953.9309873504881
1772937211.9656277,-544.7450705743805
1772937211.96564,-1300.8683848484602
1772937211.9656503,-217.5283289743797
1772937211.9656608,1202.4415603569169
1772937211.9656713,938.6727839337129
1772937211.9656816,-675.1510686756654
1772937211.965695,-1366.1180277758747
1772937211.9657052,-117.71094684584719
1772937211.9657135,1339.8898665025254
1772937211.9657214,923.0046905669783
1772937211.9657292,-832.5032773084689
1772937211.965737,-1452.2422342311306
1772937211.9657447,-4.570042921312095
1772937211.9657526,1506.2701769315954
1772937211.9657605,907.1116638168135
1772937211.9657688,-1027.0342574724853
1772937211.9657767,-1564.7715354602515
1772937211.9657848,134.35556723427086
1772937211.9657927,1721.6681799687717
1772937211.9658003,893.9770959327819
1772937211.9658108,-1277.8195891168937
1772937211.965819,-1717.159283841806
1772937211.965827,317.45717889246095
1772937211.9658349,2019.5512217222636
1772937211.9658425,885.5546171277435
1772937211.96585,-1627.2451042139187
1772937211.965858,-1944.7599494770836
1772937211.9658656,571.4268045701768
1772937211.9658737,2461.3401328737127
1772937211.965881,884.1912214326248
1772937211.9658887,-2163.5185140162366
1772937211.9658966,-2317.7488921055215
1772937211.9659045,973.1568322226182
1772937211.965912,3213.8861362787516
1772937211.96592,908.809581467545
1772937211.9659276,-3123.8880370522597
1772937212.0180197,-3051.6586668930036
1772937212.0180464,1736.6091359118222
1772937212.0180588,4819.051126755526
1772937212.018069,1040.5321139292807
1772937212.0180788,-5448.283685562999
1772937212.0180883,-5172.036498852077
1772937212.018098,3886.9068901724722
1772937212.0181077,10800.50966428491
1772937212.018117,2548.521665239351
1772937212.0181262,-19835.657485852807
1772937212.0181355,-39237.56919280806
1772937212.5273447,-38395.45977805635
1772937212.5273864,-19747.741532907203
1772937212.5274131,1759.8239764399311
1772937212.5274398,10245.959238591733
1772937212.5274663,4345.689470376933
1772937212.5274932,-4347.535282992966
1772937212.5275211,-5419.328504549201
1772937212.5275507,233.4066783283402
1772937212.5275772,4312.22596420365
1772937212.527614,2243.6512155480086
1772937212.5276406,-2244.2839875742466
1772937212.5276623,-3152.6787077959843
1772937212.5276701,84.20953654822961
1772937212.5276783,2754.760915481677
1772937212.527686,1527.4506616651745
1772937212.5276947,-1528.8259874441424
1772937212.5277028,-2250.685591799616
1772937212.5277104,42.87736666478447
1772937212.5277183,2051.672390354532
1772937212.5277264,1174.2558691016454
1772937212.5277348,-1174.7585289964368
1772937212.5277426,-1774.7392015219382
1772937212.5277507,25.66031551966671
1772937212.5277588,1658.6862856670116
1772937212.5277667,969.0604493474444
1772937212.5277748,-965.6686548202271
1772937212.527783,-1484.6944374648037
1772937212.5277908,17.942524299989245
1772937212.527799,1413.0650456541955
1772937212.5278065,836.8149648409735
1772937212.5278144,-833.0555598530232
1772937212.5278223,-1297.1163666600087
1772937212.52783,11.05455355066692
1772937212.5278378,1247.0328180115657
1772937212.5278456,745.5951585494231
1772937212.527854,-744.2759335649332
1772937212.5278618,-1168.1257025762297
1772937212.5278697,9.266354090262547
1772937212.5278773,1135.8966682292073
1772937212.5278852,684.111596340077
1772937212.5278933,-683.6856051837814
1772937212.527901,-1080.976915575728
1772937212.5279088,6.280161392387483
1772937212.5279167,1058.8262496670407
1772937212.5279243,642.6887219542731
1772937212.5279322,-640.976263217913
1772937212.52794,-1020.9046251336197
1772937212.527948,4.4160951056899505
1772937212.527956,1007.0940901795942
1772937212.5279639,614.7728075756878
1772937212.5279715,-614.4539499752373
1772937212.5279796,-984.5542459626924
1772937212.5279872,1.1983435029650573
1772937212.527995,974.5268004209884
1772937212.5280032,598.3467330447301
1772937212.5280108,-599.0764026493351
1772937212.5280185,-964.517645930918
1772937212.5280263,1.26466571218663
1772937212.528034,963.351065050249
1772937212.5280416,596.5471439436743
1772937212.5280497,-590.4274645059168
1772937212.528057,-958.5353597544113
1772937212.5280652,1.8502727022248728
1772937212.5280728,966.4780822589099
1772937212.5280807,600.5999862514947
1772937212.5280888,-597.0631908097904
1772937212.5280967,-973.7217586151764
1772937212.5281043,-0.9238308500146086
1772937212.5281124,984.7544033894609
1772937212.5281205,615.1427211127002
1772937212.528128,-613.57135704498
1772937212.528136,-1005.9841437695518
1772937212.528144,-3.994698486016711
1772937212.5281515,1020.7291341324704
1772937212.5281596,640.9507479481302
1772937212.5281672,-641.8969478351686
1772937212.5281749,-1057.292370337218
1772937212.5281827,-4.725592740753532
1772937212.5281906,1081.92311310661
1772937212.5281985,684.1093597170973
1772937212.5282063,-683.5022410095401
1772937212.528214,-1134.460050894231
1772937212.5282218,-7.062972002893222
1772937212.5282295,1170.2924207689962
1772937212.528237,745.4244603352269
1772937212.5282447,-745.8986025304625
1772937212.5282528,-1248.313642895798
1772937212.5282605,-12.196009269505186
1772937212.528268,1297.1448505199264
1772937212.528276,834.5234445246588
1772937212.5282836,-834.4931951970926
1772937212.5282915,-1410.7539914250885
1772937212.528299,-16.052938484741343
1772937212.5283072,1486.398680795244
1772937212.5283148,967.5458715051915
1772937212.5283227,-967.1846158041237
1772937212.5283303,-1657.5379308995398
1772937212.528338,-25.814678469596664
1772937212.5283458,1773.5364461087486
1772937212.5283537,1173.4712047886542
1772937212.528362,-1174.7963657558244
1772937212.52837,-2051.4677687081603
1772937212.5283775,-42.62895359105236
1772937212.5283854,2250.326471608541
1772937212.528393,1527.8091447728293
1772937212.528401,-1528.6913388590385
1772937212.5284083,-2755.7846635106375
1772937212.5284164,-84.83125886976853
1772937212.5284245,3152.4701131738975
1772937212.528432,2244.4227453478625
1772937212.5284398,-2243.3940312744267
1772937212.5284476,-4312.275722867033
1772937212.5284553,-234.0989456637326
1772937212.528463,5418.14439819916
1772937212.5284708,4346.491465785171
1772937212.5284784,-4346.011376815185
1772937212.5284863,-10245.562212574943
1772937212.528494,-1759.2442873122886
1772937212.5285015,19747.992293550327
1772937212.5285103,38395.3014212625
1772937212.6686616,-1557.2544900850987
1772937212.6687105,-358.78126994508165
1772937212.6687264,1406.1538710608986
1772937212.6687431,1244.5224205474362
1772937212.6687603,-702.5462162928534
1772937212.6687725,-1739.5719454833763
1772937212.6687827,-336.9718342851453
1772937212.6687927,1627.0468184383055
1772937212.6688027,1367.9419491721806
1772937212.6688128,-874.789352386175
1772937212.6688218,-2002.0251937311994
1772937212.6688309,-317.06997271642297
1772937212.6688397,1948.841314266292
1772937212.6688488,1567.6829785168884
1772937212.6688576,-1117.635246799714
1772937212.6688666,-2408.2796640620018
1772937212.6688752,-304.047432715965
1772937212.668884,2457.5435405740523
1772937212.6688929,1912.7028540820866
1772937212.6689017,-1508.4324279659781
1772937212.66891,-3125.9840272598312
1772937212.6689188,-319.1162577608684
1772937212.668928,3386.6345276791617
1772937212.6689372,2614.8662363736644
1772937212.6689465,-2262.50906163877
1772937212.6689556,-4694.737289160705
1772937212.6689644,-437.8719355863128
1772937212.6689732,5683.088357582837
1772937212.6689818,4706.021183672793
1772937212.6689904,-4401.4601855153705
1772937212.6690147,-10638.699308605184
1772937212.6690235,-1933.8475383816437
1772937212.6690316,20039.444987892137
1772937212.66904,38739.43366078429
1772937213.15654,38393.420794834856
1772937213.1565835,19159.871021101953
1772937213.15661,-3190.5986695499214
1772937213.1566367,-11591.049765475316
1772937213.1566637,-4794.570117727663
1772937213.1566904,4346.431048787212
1772937213.1567168,4785.9561994076
1772937213.1567435,-1692.6142008764018
1772937213.15677,-5628.839781463614
1772937213.1567988,-2646.3547294466375
1772937213.1568253,2242.8182388011815
1772937213.1568515,2472.319129256962
1772937213.1568599,-1572.1311101730137
1772937213.1568675,-4041.4141350374557
1772937213.1568754,-1882.0678098061073
1772937213.1568837,1527.4349411818412
1772937213.156891,1522.2887724432796
1772937213.1568992,-1559.923347943698
1772937213.1569068,-3306.547543942626
1772937213.1569147,-1477.939596390257
1772937213.1569228,1174.7076229924019
1772937213.1569307,997.3766360587057
1772937213.1569388,-1572.727329465514
1772937213.156947,-2880.651182389628
1772937213.156955,-1219.728758765197
1772937213.1569629,967.2960702717002
1772937213.1569705,656.5675404807994
1772937213.156978,-1596.2647042304793
1772937213.156986,-2600.799922820271
1772937213.1569936,-1032.5808294616645
1772937213.1570013,834.9879666959781
1772937213.1570091,412.9481265598047
1772937213.1570168,-1626.2112364884451
1772937213.1570246,-2403.120799836481
1772937213.1570323,-886.9275998393758
1772937213.15704,745.4484185750721
1772937213.1570475,226.894803937488
1772937213.1570551,-1658.2785056900657
1772937213.1570628,-2252.271466269889
1772937213.1570706,-763.3941262185873
1772937213.1570785,684.3335625364097
1772937213.1570864,75.77223159624357
1772937213.1570945,-1695.3752842457789
1772937213.157102,-2134.895627452938
1772937213.1571097,-655.4069524156356
1772937213.1571178,642.0716489020763
1772937213.1571257,-52.41720362107642
1772937213.1571336,-1736.4496351122361
1772937213.1571412,-2039.5597137632556
1772937213.157149,-556.0742158333622
1772937213.1571567,613.8251753630601
1772937213.1571643,-166.423581029756
1772937213.1571724,-1783.3460220249276
1772937213.15718,-1960.6502064894942
1772937213.157188,-460.3163199003702
1772937213.1571956,599.3813348691406
1772937213.1572034,-267.79386001529315
1772937213.1572113,-1832.911569843743
1772937213.1572187,-1890.8786306967415
1772937213.1572266,-363.4075832116504
1772937213.1572344,596.1464457387261
1772937213.157242,-364.11624339229706
1772937213.157252,-1891.7709361710065
1772937213.1572635,-1833.0999979031303
1772937213.1572769,-266.5147703439838
1772937213.1572852,602.1570794356766
1772937213.1572938,-456.8580432770924
1772937213.1573021,-1957.4818932403057
1772937213.1573107,-1780.7509241898179
1772937213.157319,-163.9412096423288
1772937213.1573274,616.5848143974449
1772937213.1573355,-553.3858533707252
1772937213.157344,-2037.6751111801616
1772937213.1573524,-1735.5310601063093
1772937213.1573606,-51.74679812433798
1772937213.157369,643.2897819375106
1772937213.1573772,-653.7186178411564
1772937213.1573856,-2133.5930899089367
1772937213.1573937,-1695.057827268317
1772937213.157402,75.45809370008949
1772937213.1574104,684.2359058186225
1772937213.1574187,-762.8850776495085
1772937213.1574273,-2251.453156392202
1772937213.1574404,-1657.4673332761877
1772937213.1574488,227.90962387172053
1772937213.157457,747.0561204865162
1772937213.1574657,-884.8686251540526
1772937213.1574745,-2401.277710014899
1772937213.1574829,-1624.9684144609548
1772937213.1574912,414.02491687662354
1772937213.1574998,836.6278094932615
1772937213.157508,-1030.3159437091908
1772937213.1575165,-2598.654960696607
1772937213.1575248,-1594.8873674289118
1772937213.1575332,657.4192000401439
1772937213.1575415,968.394893416788
1772937213.15755,-1218.1357581438708
1772937213.1575584,-2879.222385601624
1772937213.1575668,-1572.2185900842765
1772937213.157575,997.0857997965045
1772937213.1575873,1174.5182254342456
1772937213.1576009,-1477.3852503491732
1772937213.1576145,-3305.558780758536
1772937213.1576276,-1559.3153796063773
1772937213.1576424,1522.1307579361942
1772937213.1576517,1526.8259346460397
1772937213.15766,-1882.6788899384185
1772937213.1576684,-4041.9419863527305
1772937213.1576767,-1572.6247711678845
1772937213.1576855,2472.1615491784664
1772937213.157694,2243.5217944112665
1772937213.1577024,-2644.760210509075
1772937213.1577108,-5627.1648671643525
1772937213.1577191,-1691.8647525130925
1772937213.1577277,4785.583038116096
1772937213.157736,4345.7476583742
1772937213.1577442,-4794.59719251172
1772937213.1577525,-11590.233552459516
1772937213.157761,-3189.5248997821122
1772937213.1577697,19160.66506362403
1772937213.157778,38394.061781083714
1772937213.6322906,-72.00086939332961
1772937213.6323369,414.32225502810206
1772937213.6323688,327.59520162705513
1772937213.6324008,-251.7322094121636
1772937213.632428,-507.27680513910684
1772937213.6324556,-33.09735493421974
1772937213.6324875,531.1986156495267
1772937213.632515,357.57785942500755
1772937213.632542,-361.7416934909369
1772937213.6325688,-609.6208202138705
1772937213.6325958,24.047556240320905
1772937213.6326144,680.9012349875213
1772937213.6326268,388.8348051565651
1772937213.6326385,-509.3144401036699
1772937213.6326504,-739.2631476487966
1772937213.6326623,106.47921598299756
1772937213.6326735,879.5092318663558
1772937213.6326847,422.5158175448205
1772937213.632696,-714.3635881512827
1772937213.6327078,-910.9928238659187
1772937213.6327198,230.67736996431697
1772937213.632732,1159.363204011666
1772937213.6327436,461.5062108932056
1772937213.6327553,-1016.3844228844424
1772937213.6327674,-1156.5937762250674
1772937213.6327791,426.2546582440645
1772937213.63279,1583.515607309856
1772937213.6328025,508.47426238254275
1772937213.6328144,-1504.2494695656123
1772937213.6328268,-1547.2626285666174
1772937213.6328385,769.4763104923356
1772937213.632851,2318.809943540924
1772937213.6328628,582.1807658626753
1772937213.6328752,-2416.686091091723
1772937213.632888,-2301.4817695841843
1772937213.632899,1471.3655950660457
1772937213.632907,3906.1495578101035
1772937213.6329148,765.3416322565514
1772937213.632923,-4690.850275114417
1772937213.6329308,-4442.729578525366
1772937213.6329389,3557.784464117862
1772937213.6329467,9869.427196037948
1772937213.6329548,2327.684716021113
1772937213.6329627,-19024.97440014704
1772937213.6329706,-38529.7434959373
1772937213.632979,-39167.075444011134
1772937213.6329873,-20040.08798825661
1772937213.6329951,2363.2527450437105
1772937213.633003,10904.726043525729
1772937213.6330109,4132.722596460464
1772937213.6330187,-5142.245670266658
1772937213.6330264,-5683.869622989446
1772937213.6330345,876.8908076001336
1772937213.6330426,4967.147069022937
1772937213.6330504,1986.2347049403395
1772937213.6330583,-3064.164258645673
1772937213.6330664,-3387.477749208254
1772937213.6330743,774.1527146283621
1772937213.6330824,3411.5848304104975
1772937213.63309,1226.7546620650994
1772937213.6330976,-2375.1177311250913
1772937213.6331055,-2455.055662024257
1772937213.6331131,781.2728691162288
1772937213.633121,2708.404498956008
1772937213.633129,822.4107720782763
1772937213.6331367,-2055.235856435377
1772937213.6331444,-1949.1787189004647
1772937213.6331525,817.978967750062
1772937213.63316,2317.8753676428364
1772937213.6331677,560.759154803717
1772937213.6331756,-1887.4512861149135
1772937213.6331832,-1628.8646997783362
1772937213.6331909,871.7099871659435
1772937213.6331987,2079.47819299092
1772937213.6332064,368.0362423480219
1772937213.6332142,-1802.2041618067838
1772937213.633222,-1408.6265066836504
1772937213.6332297,936.0039970897765
1772937213.6332376,1925.3002302978443
1772937213.6332455,209.30045773045538
1772937213.633253,-1769.4840693563092
1772937213.6332612,-1243.3239710426972
1772937213.6332695,1018.8985891536383
1772937213.6332774,1831.1842124009554
1772937213.6332858,67.38768486130093
1772937213.633299,-1781.6463426079222
1772937213.6333103,-1118.8765250196527
1772937213.6333227,1118.3805903009095
1772937213.6333356,1781.2610583709675
1772937213.6333475,-67.49963290565368
1772937213.63336,-1830.8298568616472
1772937213.6333723,-1017.9690806870426
1772937213.6333847,1244.7071018526842
1772937213.6333969,1770.909572315294
1772937213.6334093,-208.40027166848026
1772937213.6334171,-1925.3308972191835
1772937213.633425,-936.8826302266222
1772937213.6334329,1407.5383989156965
1772937213.6334412,1801.7744134767306
1772937213.633449,-367.24826687280614
1772937213.6334572,-2077.558418231727
1772937213.6334653,-869.240234546697
1772937213.6334727,1631.2978075693916
1772937213.6334808,1889.6239711429316
1772937213.6335104,-558.7821038448319
1772937213.6335204,-2316.090993092233
1772937213.6335282,-816.61612809735
1772937213.633536,1949.8825331599887
1772937213.6335435,2055.363383599963
1772937213.6335511,-822.4616827444942
1772937213.6335588,-2708.2971824555702
1772937213.6335664,-781.0369833538731
1772937213.633574,2455.1798649179677
1772937213.6335816,2375.1221475068587
1772937213.6335895,-1226.4887428051716
1772937213.633597,-3410.692572190684
1772937213.633606,-772.8420372770369
1772937213.6336184,3388.3955633931896
1772937213.6336298,3063.912485585345
1772937213.6336408,-1987.7111620604173
1772937214.1042445,-238.14617992141447
1772937214.1042888,250.61354908908868
1772937214.1043148,1456.5734692454137
1772937214.1043415,1688.671084541226
1772937214.1043649,629.6962736847804
1772937214.1043913,-230.73797733361565
1772937214.1044152,309.5289934525851
1772937214.1044416,1486.623905846426
1772937214.104454,1650.4099613724682
1772937214.1044664,576.9875161570551
1772937214.1044793,-225.49006897876063
1772937214.104491,365.0963201536607
1772937214.104503,1516.3974881936817
1772937214.1045156,1614.2803690170338
1772937214.1045282,525.1892868215267
1772937214.1045413,-221.53406235358491
1772937214.1045544,419.92270949575806
1772937214.104564,1547.9488866088998
1772937214.1045728,1580.4956414473272
1772937214.1045816,473.2877926488436
1772937214.104591,-219.6686302653164
1772937214.1045992,474.11212697745117
1772937214.1046088,1581.8529767193609
1772937214.104618,1549.408527255764
1772937214.1046271,421.1766726275352
1772937214.104636,-220.45064130734514
1772937214.1046443,526.4551583568644
1772937214.104653,1616.0919278020938
1772937214.104662,1518.7850662757896
1772937214.104671,367.6987939459025
1772937214.10468,-223.15229379056254
1772937214.1046886,578.7829251380255
1772937214.1046977,1651.6713338907152
1772937214.1047063,1487.5254339261041
1772937214.104715,310.3290363925598
1772937214.1047237,-229.66288722854952
1772937214.1047328,631.4874313864032
1772937214.1047418,1691.3909121901545
1772937214.1047502,1459.8972703933096
1772937214.1047587,253.75807539905574
1772937214.104768,-235.90571781925442
1772937214.1047766,686.50010233679
1772937214.104785,1733.3225981687237
1772937214.1047935,1429.752716254804
1772937214.104802,189.785228362349
1772937214.1048107,-248.38838005016262
1772937214.1048193,741.7636401766708
1772937214.104828,1779.9266996719716
1772937214.1048365,1402.1723210521347
1772937214.1048446,124.16534904967085
1772937214.104853,-261.8985552707231
1772937214.1048615,800.7698011884542
1772937214.10487,1831.6127463676826
1772937214.1048787,1374.3279940754312
1772937214.1048868,53.12416536229616
1772937214.1048956,-277.81563928693953
1772937214.104904,865.565749695411
1772937214.104912,1891.1141326651532
1772937214.1049204,1345.8818083197525
1772937214.104929,-27.32247841946391
1772937214.1049373,-300.51605467293786
1772937214.1049457,934.6423514042549
1772937214.104954,1959.4695121549455
1772937214.1049623,1317.6540517312383
1772937214.1049712,-117.63590613854001
1772937214.1049795,-329.7071998885758
1772937214.104988,1010.8344694485767
1772937214.1049964,2040.3182462248062
1772937214.1050048,1290.6903461108805
1772937214.1050131,-219.60694195380015
1772937214.1050217,-366.39859739617583
1772937214.10503,1096.1229578640618
1772937214.1050384,2135.297701862215
1772937214.1050467,1261.256489995122
1772937214.105055,-341.2489843204878
1772937214.1050632,-414.99799398719523
1772937214.1050715,1195.0030210468676
1772937214.10508,2252.5685041082943
1772937214.1050885,1230.7963998808284
1772937214.1050966,-489.7692829995901
1772937214.1051052,-481.0840105185923
1772937214.1051135,1312.9090889243512
1772937214.105122,2403.3218575443702
1772937214.1051304,1201.9586787231253
1772937214.105139,-674.489287765702
1772937214.1051471,-571.5536931452851
1772937214.105156,1458.4683788121242
1772937214.105164,2602.1465263328973
1772937214.1051729,1172.1868435580502
1772937214.1051812,-918.4667544358043
1772937214.1051896,-701.5783608919661
1772937214.105198,1650.2456209760517
1772937214.1052065,2883.706340840309
1772937214.1052153,1144.9583913568938
1772937214.1052237,-1262.6648231041063
1772937214.1052325,-905.6684035097423
1772937214.1052413,1914.6752377031908
1772937214.1052496,3308.0417354673773
1772937214.105262,1120.9535595764607
1772937214.1052704,-1796.1435407907204
1772937214.1052787,-1253.7813146668452
1772937214.1052868,2329.06803439815
1772937214.1052952,4041.728642611151
1772937214.1053033,1118.4759140531144
1772937214.1053116,-2755.755907001325
1772937214.10532,-1959.353776150418
1772937214.105328,3110.0656380181563
1772937214.1053364,5627.9469882676485
1772937214.1053448,1217.9503450507345
1772937214.105353,-5082.706748754019
1772937214.1053612,-4047.730913336887
1772937214.1053693,5285.125617138972
1772937214.1053777,11593.728318207395
1772937214.1053858,2691.2421478543793
1772937214.105394,-19475.278513609464
1772937214.105402,-38080.28402260821
1772937214.274959,-40692.90905776404
1772937214.27499,-17622.431053224253
1772937214.2750065,5681.053022129684
1772937214.2750244,10394.069836816192
1772937214.27504,13.67784323741743
1772937214.2750552,-7335.275630788818
1772937214.2750695,-2373.9647429855836
1772937214.275084,5749.93883758142
1772937214.275097,4385.977989227025
1772937214.2751076,-4379.598096933218
1772937214.2751184,-6870.155206643756
1772937214.27513,2068.6751748738293
1772937214.2751427,9931.354029104888
1772937214.2751553,2743.264036990755
1772937214.275214,-13141.738988902547
1772937214.275225,-13529.724036177955
1772937214.275236,15832.114755012302
1772937214.2752469,58207.33662362616
1772937214.2752576,78690.87669162206
1772937214.7703853,20262.85491437747
1772937214.770418,-3703.1033569443666
1772937214.7704504,-11814.387607719362
1772937214.7704751,-3423.336637659344
1772937214.7704985,6332.685697747087
1772937214.770518,5679.932587619496
1772937214.770538,-1950.2897041656197
1772937214.7705579,-5531.913726071304
1772937214.7705777,-1312.8453770625988
1772937214.7705865,3931.727396375848
1772937214.7705953,3230.2857392790215
1772937214.7706037,-1648.434128542053
1772937214.7706127,-3723.5795862379
1772937214.7706218,-584.7401988491342
1772937214.7706308,2998.0113082186535
1772937214.77064,2186.5753012000564
1772937214.770654,-1495.092328717137
1772937214.7706678,-2824.3306319918065
1772937214.77068,-214.56036737792513
1772937214.7706895,2476.1766862499176
1772937214.770698,1595.2012682204809
1772937214.7707064,-1391.5747642630633
1772937214.7707152,-2270.5394019296737
1772937214.770724,10.15561243407859
1772937214.7707324,2131.176255344811
1772937214.7707405,1205.7432110626185
1772937214.770749,-1315.9464491270335
1772937214.7707577,-1889.0128547665515
1772937214.770766,162.4364669903121
1772937214.7707746,1883.1256029120648
1772937214.7707837,928.8322299820483
1772937214.770792,-1254.0234214482493
1772937214.7708004,-1603.907523427114
1772937214.770809,274.7080474903842
1772937214.7708175,1694.1392837956028
1772937214.770826,719.3970163265641
1772937214.7708347,-1203.3578801097105
1772937214.7708433,-1383.1140210580631
1772937214.7708519,357.2125912731998
1772937214.7708604,1538.686784385389
1772937214.7708688,549.892268429016
1772937214.7708776,-1162.464737148899
1772937214.770886,-1204.6914870586043
1772937214.7708943,422.8565082699079
1772937214.770903,1410.3521006840722
1772937214.7709117,411.61925455327986
1772937214.7709203,-1125.3327365841042
1772937214.7709289,-1052.9502587534246
1772937214.7709377,479.6861310298443
1772937214.770946,1303.2676994858646
1772937214.7709544,294.80089161579684
1772937214.7709627,-1095.3839825175135
1772937214.7709713,-927.3076513024653
1772937214.7709796,523.7745593149357
1772937214.7709885,1208.5647304902054
1772937214.770997,195.01490500909696
1772937214.771035,-1065.6527603231498
1772937214.7710435,-814.1324723253306
1772937214.771052,564.4499584766237
1772937214.7710605,1126.1164681563712
1772937214.7710688,106.91367693313282
1772937214.7710772,-1040.560305978667
1772937214.7710855,-716.1326443661715
1772937214.771094,597.873778535694
1772937214.7711024,1050.9186918779594
1772937214.7711108,28.493002189926802
1772937214.7711196,-1016.0442434293103
1772937214.771129,-625.5215312303081
1772937214.7711368,630.3112472720805
1772937214.771145,985.3025384905609
1772937214.7711537,-39.9226418745775
1772937214.7711625,-991.5355595380353
1772937214.7711706,-542.5319324305838
1772937214.7711787,657.9156666700142
1772937214.7711873,921.5011700149055
1772937214.7711957,-106.56623873201734
1772937214.771204,-971.7011270933907
1772937214.7712123,-467.0752596579001
1772937214.7712204,684.0472571684439
1772937214.7712288,864.5287883919785
1772937214.7712371,-165.4322595990957
1772937214.7712457,-950.5774794534645
1772937214.7712622,-395.598335122959
1772937214.7712698,707.692313596558
1772937214.7712777,809.2437762725847
1772937214.7712853,-222.7303268796888
1772937214.7712932,-932.4174449867929
1772937214.7713008,-329.72580133048916
1772937214.771309,728.6385774637439
1772937214.7713163,755.9145425342173
1772937214.7713242,-277.361523578376
1772937214.771332,-914.7386971220528
1772937214.77134,-266.11707878042887
1772937214.7713482,749.7957048393505
1772937214.771356,706.2415776496163
1772937214.7713647,-328.73652108137156
1772937214.7713728,-897.9760774138991
1772937214.771381,-206.71958587182266
1772937214.7713888,767.4959154817225
1772937214.7713969,656.1019283789219
1772937214.7714052,-379.01853410048363
1772937214.771413,-880.6352082956925
1772937214.7714214,-146.81089414653928
1772937214.7714293,787.7037157293324
1772937214.7714372,610.8667678113432
1772937214.7714446,-424.30837662840054
1772937214.771453,-860.9029387509546
1772937214.771461,-87.73712889830209
1772937214.7714689,805.0585882519556
1772937214.7714767,562.0215610272637
1772937214.7714844,-473.276676432694
1772937214.7714925,-843.952711189175
1772937214.7715,-29.02178571236925
1772937214.7715075,825.303428841601
1772937214.7715151,518.1863629146624
1772937214.7715232,-517.6441592364632
1772937214.771531,-824.8828573791254
1772937214.7715392,28.896649691418514
1772937214.7715473,842.6699925306267
1772937214.771555,470.5298906308722
1772937214.946582,-2134.6637541584823
1772937214.946624,147.87042284085348
1772937214.9466505,2332.9039004959754
1772937214.9466753,1229.7298759196026
1772937214.946684,-1734.279998629075
1772937214.9466925,-2335.953945140874
1772937214.9467006,449.5799588924224
1772937214.9467092,2759.1238813705872
1772937214.9467175,1173.9713628450195
1772937214.9467256,-2251.016229719097
1772937214.946734,-2613.697423983686
1772937214.946742,857.7955400241465
1772937214.9467497,3352.7551158607657
1772937214.9467576,1095.0606202639215
1772937214.946766,-3007.4171873419355
1772937214.9467738,-3039.607341604676
1772937214.9467816,1474.978527747537
1772937214.9467895,4304.596561940049
1772937214.9467974,1004.0743777119412
1772937214.9468057,-4268.257698261455
1772937214.9468138,-3832.4235107844697
1772937214.946822,2549.5648708837275
1772937214.94683,6180.0022320841
1772937214.946838,943.1199624210508
1772937214.9468462,-7044.083853353702
1772937214.946854,-6022.979501071781
1772937214.946862,5199.564977976623
1772937214.94687,12583.406278519795
1772937214.946878,2116.5940513393434
1772937214.946886,-22191.592676580585
1772937214.9468937,-40185.13365683166
1772937214.9469016,-36533.517252790254
1772937214.9469097,-16520.726842194777
1772937214.9469173,1401.0259301159215
1772937214.9469252,6067.785144115655
1772937214.9469328,2293.446118565809
1772937214.946941,-148.88993676801772
1772937214.9469488,31.822820614349098
1772937214.9469569,-2224.815069000338
1772937214.9469647,-5922.254848684868
1772937214.9469726,-1415.1747848639661
1772937214.9469805,16357.148372642907
1772937214.946988,36474.628085622484
1772937214.9626927,40336.163417975156
1772937215.4170651,11681.511161141407
1772937215.4171767,-3839.2377226516533
1772937215.4172242,6365.689528958928
1772937215.417264,31609.181713567363
1772937215.417298,43166.06533312793
1772937215.4173322,26517.41662654746
1772937215.417366,-2702.3807608014304
1772937215.41738,-17234.71349920217
1772937215.417395,-8449.715521720906
1772937215.4174092,6993.564812090017
1772937215.4174247,9457.6574030778
1772937215.4174407,-1273.363549223192
1772937215.4174552,-9489.606567010305
1772937215.417468,-5273.409284280397
1772937215.4174821,4163.175699916511
1772937215.4174964,5971.817633717557
1772937215.4175096,-1255.5110210017529
1772937215.4175236,-7048.77515824341
1772937215.4175355,-3945.222616921834
1772937215.4175477,3083.718553094919
1772937215.41756,4355.37473015778
1772937215.4175715,-1327.5095466984283
1772937215.4175837,-5811.29887061265
1772937215.417595,-3181.831409653685
1772937215.417607,2514.550678487993
1772937215.4176195,3398.997560837742
1772937215.4176347,-1408.0115336360493
1772937215.4176497,-5055.396226634824
1772937215.4176652,-2671.2757265068544
1772937215.4176798,2172.127769589612
1772937215.4176931,2762.9120544138436
1772937215.4177043,-1485.6297434299224
1772937215.4177313,-4549.567487067454
1772937215.4177432,-2305.1813831174773
1772937215.4177551,1945.3047205597995
1772937215.4177685,2305.0550612651928
1772937215.417781,-1559.4954345452934
1772937215.4177945,-4189.606871425558
1772937215.417807,-2025.9399290310769
1772937215.41782,1789.7401508901282
1772937215.417834,1959.679273482661
1772937215.417847,-1629.966979623448
1772937215.41786,-3922.965416033971
1772937215.417873,-1801.5150339573295
1772937215.4178853,1685.5130281634704
1772937215.4178987,1694.381203064707
1772937215.4179118,-1695.496457804345
1772937215.4179251,-3720.081354641093
1772937215.417934,-1615.721609568514
1772937215.4179437,1615.9576277489216
1772937215.4179523,1481.896527642508
1772937215.4179611,-1764.513095486032
1772937215.41797,-3570.0077321162316
1772937215.4179785,-1460.0089402874894
1772937215.4179876,1575.4705481295623
1772937215.417996,1313.5586227927506
1772937215.4180048,-1833.6511821093966
1772937215.4180136,-3459.0801509292796
1772937215.4180222,-1325.0564472254673
1772937215.4180312,1561.1351560671367
1772937215.41804,1181.4201129091605
1772937215.4180489,-1904.8181297895983
1772937215.4180582,-3381.946950546168
1772937215.4180672,-1206.3975758056063
1772937215.418076,1570.104451994474
1772937215.4180849,1077.3537116825264
1772937215.4180987,-1984.635049063588
1772937215.4181132,-3339.441912021652
1772937215.418126,-1100.1317900395459
1772937215.4181392,1606.7287087946627
1772937215.4181511,1002.1590628011612
1772937215.418162,-2076.7149533218576
1772937215.4181728,-3336.4394076591498
1772937215.4181836,-1008.1173412861782
1772937215.4181943,1672.466182821447
1772937215.4182053,956.0845038886944
1772937215.418216,-2184.648186774857
1772937215.4182267,-3374.6792846627736
1772937215.4182372,-921.3694881851394
1772937215.4182477,1785.5515059098452
1772937215.4182584,951.4732403576073
1772937215.4182696,-2314.2867259872046
1772937215.4182801,-3469.8417165206397
1772937215.4182909,-844.2383221472892
1772937215.4183402,1957.7259003661097
1772937215.4183507,993.1614319110275
1772937215.4183614,-2488.6781934980845
1772937215.418372,-3655.211811191988
1772937215.4183824,-776.9079665971443
1772937215.4183934,2231.7842864482504
1772937215.418404,1115.7447923227833
1772937215.4184144,-2734.7168694437155
1772937215.418425,-3991.485873867221
1772937215.418436,-721.0710631413018
1772937215.4184463,2696.4862301130443
1772937215.4184568,1391.5251501669995
1772937215.4184673,-3124.528542071178
1772937215.418478,-4639.933765976148
1772937215.4184885,-692.8441798293326
1772937215.4184992,3587.255041511455
1772937215.4185097,2031.2091227770486
1772937215.4185205,-3876.669532326253
1772937215.4185307,-6144.927184542753
1772937215.4185412,-773.9786684661913
1772937215.418552,5844.6408390972365
1772937215.4185624,4062.2567148929993
1772937215.418573,-6013.263111164941
1772937215.4185836,-12027.725518721585
1772937215.418594,-2234.182660076907
1772937215.4186044,20163.253069283117
1772937215.418615,38037.004214328124
1772937215.4186258,36654.74480573751
1772937215.4186363,17955.448668530444
1772937215.4186468,-2169.9327904381
1772937215.4186573,-9780.703164613731
1772937215.4186676,-4737.24069389232
1772937215.4186783,2571.595523142624
1772937215.4186888,3672.814339146016
1772937215.4186993,-580.035454655145
1772937215.41871,-3852.168690347276
1772937215.8954885,-4778.929858381864
1772937215.8955274,-986.0393884756639
1772937215.8955536,2876.0869330130417
1772937215.8955798,2217.9260594926022
1772937215.8956065,-2215.863599909504
1772937215.8956332,-5032.680082853931
1772937215.89566,-2454.459397514497
1772937215.8956869,2734.1409195354067
1772937215.8957157,3880.417076381422
1772937215.8957431,-1367.9103629074987
1772937215.8957698,-7011.56428642765
1772937215.895796,-4946.731376508017
1772937215.8958087,4405.457025607484
1772937215.895817,9896.316033603438
1772937215.8958251,549.1999883943922
1772937215.8958333,-21197.729114009453
1772937215.895841,-39236.13068749267
1772937215.8958488,-38542.57329349685
1772937215.8958569,-19965.51850242962
1772937215.8958647,791.7287268913094
1772937215.8958728,8801.637929905966
1772937215.8958807,3293.1774849971
1772937215.8958888,-4645.101172719572
1772937215.8958967,-5567.916934597848
1772937215.8959045,-570.9856389324169
1772937215.8959124,2892.6002061897193
1772937215.8959203,1061.8317929163845
1772937215.895928,-2629.76969291887
1772937215.8959358,-3233.141511583929
1772937215.8959436,-609.1370651879874
1772937215.8959513,1329.07457192847
1772937215.8959591,241.86614296482924
1772937215.895967,-1961.2789663299966
1772937215.895975,-2259.932432047814
1772937215.8959827,-571.3225835835086
1772937215.8959908,599.993107018315
1772937215.8959987,-197.7652378108781
1772937215.8960066,-1625.3126251195083
1772937215.8960145,-1710.0662246135034
1772937215.896022,-533.2242242235225
1772937215.89603,163.58087858764083
1772937215.896038,-480.0594104511887
1772937215.896046,-1415.078806507403
1772937215.8960538,-1345.3524721183428
1772937215.8960617,-505.09739272455033
1772937215.8960693,-139.58975876004249
1772937215.8960772,-680.0122501648659
1772937215.8960848,-1260.5150668260208
1772937215.8960924,-1075.8968517174394
1772937215.8961234,-487.873084728061
1772937215.8961313,-374.4725027259099
1772937215.896139,-833.0616800931725
1772937215.8961465,-1135.1855838316121
1772937215.8961544,-863.7644915085549
1772937215.8961625,-483.3836332116395
1772937215.89617,-572.0799244914232
1772937215.896178,-953.2357260848436
1772937215.896186,-1018.0335633896974
1772937215.8961937,-679.5045885501069
1772937215.8962016,-485.08502344573975
1772937215.8962092,-747.621867769287
1772937215.896217,-1053.5593064097054
1772937215.8962247,-907.814016522849
1772937215.8962326,-519.2741827040334
1772937215.8962405,-500.7817905912546
1772937215.8962483,-916.1307385807038
1772937215.8962567,-1139.7158370964119
1772937215.8962688,-794.5902361272275
1772937215.8962767,-368.98764225401544
1772937215.8962853,-525.6562500139413
1772937215.8962927,-1080.9272870541747
1772937215.8963008,-1211.4994638193014
1772937215.896309,-669.7003825154284
1772937215.8963165,-220.0965865164177
1772937215.8963244,-561.4697098508586
1772937215.8963318,-1252.312656329045
1772937215.8963397,-1276.7940122055236
1772937215.8963473,-532.9545079894026
1772937215.896355,-70.15513353231421
1772937215.8963623,-610.8482079547625
1772937215.8963704,-1435.3624144179216
1772937215.8963783,-1334.1496894255329
1772937215.896386,-374.96498267279753
1772937215.8963938,87.7325073843
1772937215.8964016,-678.8843285792179
1772937215.8964093,-1642.5166517257212
1772937215.8964176,-1389.7478391856077
1772937215.8964252,-190.92960256222963
1772937215.896433,258.93423048200924
1772937215.8964407,-770.0870927604125
1772937215.8964484,-1882.3637276249315
1772937215.896456,-1440.951559014753
1772937215.8964636,34.975837932607625
1772937215.8964713,454.1980491577776
1772937215.896479,-894.6282053721375
1772937215.8964868,-2175.450917977341
1772937215.8964949,-1491.862723600777
1772937215.8965025,322.55842866759303
1772937215.8965101,691.9955101059337
1772937215.8965178,-1060.9010931494329
1772937215.8965254,-2544.8382861369932
1772937215.896533,-1542.8001801627893
1772937215.8965406,702.781197980695
1772937215.896548,992.8925402668985
1772937215.896556,-1297.9645811579992
1772937215.8965635,-3042.0455640753676
1772937215.8965716,-1595.8323855564352
1772937215.8965793,1241.4167410995772
1772937215.896587,1410.7010979521401
1772937215.8965943,-1647.5164395113836
1772937215.8966022,-3762.4201465059987
1772937215.8966095,-1659.8194767143702
1772937215.8966174,2062.2603664530266
1772937215.8966248,2044.3104902845896
1772937215.8966327,-2218.1765013894537
1772937215.8966403,-4937.211942856001
1772937215.8966477,-1756.6973975492963
1772937215.896655,3492.660538862453
1772937215.8966627,3183.403324619497
1772937215.8966703,-3296.4349082235426
1772937216.371941,-430.4870247460215
1772937216.3719904,-1597.1344001783148
1772937216.3720157,-415.96055122020374
1772937216.3720384,1525.9239279837639
1772937216.3720608,1314.511277325409
1772937216.3720796,-970.756679240127
1772937216.3720987,-2037.4670917565534
1772937216.372118,-55.01417459125724
1772937216.3721373,2318.52912989711
1772937216.37215,1404.1682681266736
1772937216.3721588,-1930.7039845022887
1772937216.3721683,-2836.0006349909204
1772937216.372177,668.1757363344502
1772937216.372186,3964.1435514533373
1772937216.3721943,1602.4610799694567
1772937216.372203,-4253.436002981168
1772937216.3722124,-5022.075773489972
1772937216.3722212,2775.067595572243
1772937216.3722308,9982.795784738122
1772937216.3722446,3174.469878406694
1772937216.372259,-18641.837795169442
1772937216.3722713,-39155.941466019336
1772937216.3722856,-39925.509603824474
1772937216.372294,-19863.455067379015
1772937216.3723032,3227.6535313328936
1772937216.3723118,11238.913985875135
1772937216.372321,3462.4691126038665
1772937216.3723297,-5875.219172382181
1772937216.3723383,-5444.682449167917
1772937216.3723469,1755.8703308576905
1772937216.3723552,5248.697531006253
1772937216.3723636,1270.6892346961267
1772937216.3723724,-3769.7300711067105
1772937216.372381,-3084.058846346587
1772937216.3723896,1665.1265185022583
1772937216.3723981,3634.3012107626123
1772937216.3724065,461.1787229750889
1772937216.3724148,-3053.0708642660493
1772937216.3724234,-2084.5404154135504
1772937216.372432,1685.049839882548
1772937216.3724403,2870.352498128177
1772937216.3724492,6.063419029511278
1772937216.3724575,-2702.8315133734923
1772937216.3724656,-1508.817105167261
1772937216.3724744,1732.6280916884223
1772937216.3724828,2413.9034373345057
1772937216.3724911,-307.90546534917445
1772937216.3724997,-2499.5017510005327
1772937216.3725078,-1112.3998710427452
1772937216.3725162,1797.041311583888
1772937216.3725245,2103.998501917181
1772937216.3725328,-555.0639010099644
1772937216.3725412,-2372.6311442287365
1772937216.3725498,-808.2218951249009
1772937216.372558,1872.3860681877047
1772937216.3725665,1871.972936650768
1772937216.3725748,-771.7261225806308
1772937216.3725832,-2295.029950125503
1772937216.3725915,-557.736773296745
1772937216.3726,1956.4875528535513
1772937216.3726084,1685.2987215777312
1772937216.3726168,-974.5186636252329
1772937216.372625,-2248.40463865141
1772937216.3726337,-332.99825882889144
1772937216.3726425,2056.14988403958
1772937216.3726509,1530.27373429813
1772937216.3726592,-1173.2365353573775
1772937216.3726676,-2224.3888703755547
1772937216.3726757,-118.6317257642392
1772937216.3726842,2174.7425174700675
1772937216.3726926,1395.178912866151
1772937216.372701,-1380.5156752880403
1772937216.3727095,-2224.0752832822236
1772937216.3727176,92.30762130565196
1772937216.372726,2314.149098066476
1772937216.3727343,1271.470595759668
1772937216.372743,-1606.0150467890933
1772937216.3727512,-2245.6393389676464
1772937216.3727596,313.05291984869143
1772937216.372768,2485.135956774087
1772937216.3727763,1155.8459865484595
1772937216.3727846,-1861.8872825394915
1772937216.3727927,-2293.784266068021
1772937216.3728013,552.8279425194752
1772937216.3728096,2697.4127521025807
1772937216.372818,1041.366948674015
1772937216.3728263,-2168.1269940940683
1772937216.3728347,-2377.756500884281
1772937216.3728433,827.4052007293227
1772937216.3728516,2974.396833739573
1772937216.3728602,929.3557236247049
1772937216.372872,-2546.3740753046436
1772937216.3728802,-2507.374480737545
1772937216.3728883,1163.1006168628962
1772937216.3728967,3350.144592424228
1772937216.3729048,808.2330459127379
1772937216.372913,-3056.8242334252886
1772937216.3729212,-2722.7210955491187
1772937216.3729296,1598.5182009500768
1772937216.372961,3899.4382823715746
1772937216.3729694,682.252764869921
1772937216.3729775,-3789.1432959276067
1772937216.372986,-3083.6968225566297
1772937216.3729947,2224.8726582174013
1772937216.3730028,4781.440579402995
1772937216.3730114,541.144429707747
1772937216.37302,-4987.902173203032
1772937216.3730285,-3769.9924528294177
1772937216.373037,3267.391861534895
1772937216.3730457,6446.79671611486
1772937216.373054,375.5438935528557
1772937216.3730624,-7415.874386050937
1772937216.3730707,-5397.224808565311
1772937216.3730793,5599.983302328748
1772937216.3730876,10867.010419071392
1772937216.373096,177.61312217398745
1772937216.3731043,-15630.015268611569
1772937216.3731124,-12751.961040593786
1772937216.3731208,18664.42790947858
1772937216.373129,59293.67735514382
1772937216.85027,674.1084773203909
1772937216.8503308,-473.828690974413
1772937216.8503697,-948.3887409023988
1772937216.8504035,-86.99116962283757
1772937216.850438,897.1877507214776
1772937216.8504767,622.1988211305219
1772937216.850505,-523.5953757571554
1772937216.8505335,-930.1967826000762
1772937216.8505623,-27.6098796311717
1772937216.8505907,915.3977878125569
1772937216.850604,574.2448826273281
1772937216.8506153,-571.5757621558253
1772937216.8506248,-912.3486291127963
1772937216.850634,31.022614336343366
1772937216.8506436,933.5613737076017
1772937216.8506525,526.5019216262571
1772937216.8506615,-619.749018553281
1772937216.8506708,-894.7256447339992
1772937216.85068,90.10172369104764
1772937216.8506887,952.5866710341312
1772937216.850698,479.17393401015306
1772937216.8507073,-667.9394916710714
1772937216.8507166,-876.5776402872444
1772937216.8507257,150.4319033687347
1772937216.8507345,972.0729089448342
1772937216.8507435,430.0487664645939
1772937216.8507524,-719.3588331280467
1772937216.8507612,-860.5701782525299
1772937216.85077,210.95325768761472
1772937216.8507788,992.7310804928026
1772937216.850792,381.35220276416413
1772937216.8508053,-770.6377565043678
1772937216.8508198,-843.0153585698282
1772937216.8508337,274.25772172918187
1772937216.850847,1014.9581312934451
1772937216.850861,331.72923301609296
1772937216.8508754,-823.0153568684093
1772937216.8508873,-823.561743186776
1772937216.8508964,341.6797421055272
1772937216.8509052,1038.849734167179
1772937216.850914,278.49300225485433
1772937216.8509228,-881.1950086192247
1772937216.8509316,-806.6052142994802
1772937216.8509405,410.9308019768836
1772937216.850962,1064.4730929214688
1772937216.8509705,223.50804152077262
1772937216.850979,-941.9463619637322
1772937216.8509877,-788.1588128622737
1772937216.8509965,485.2229502188073
1772937216.8510056,1092.3931435826673
1772937216.8510184,164.2812843304294
1772937216.8510325,-1008.9992833676371
1772937216.851097,-770.7855508617748
1772937216.8511076,563.7858294588029
1772937216.8511164,1122.2903805802773
1772937216.8511248,99.83204190515104
1772937216.8511336,-1083.2354332186737
1772937216.8511422,-753.7760319649566
1772937216.8511512,648.8519103858091
1772937216.8511596,1156.2266225104813
1772937216.8511684,31.216913153398316
1772937216.8511767,-1163.0646719302233
1772937216.8512008,-733.121001282511
1772937216.8512094,745.904291260126
1772937216.851218,1197.619132881796
1772937216.8512263,-42.37128327098745
1772937216.851235,-1251.6481796899445
1772937216.8512433,-711.0161602890298
1772937216.851252,853.76632030197
1772937216.8512604,1242.8621968725026
1772937216.8512688,-128.61880791684146
1772937216.851277,-1356.6473595245593
1772937216.851286,-688.6998927959444
1772937216.8512943,978.9524043191896
1772937216.8513026,1300.6848578592887
1772937216.8513138,-222.409237304528
1772937216.8513272,-1476.1817609759662
1772937216.8513422,-663.3925446680499
1772937216.8513556,1125.0519247954046
1772937216.8513696,1369.5968899321022
1772937216.8513813,-333.4689954406206
1772937216.8513896,-1621.4980287790036
1772937216.8514042,-637.4273384257416
1772937216.8514187,1299.2063003207977
1772937216.8514297,1454.4271238697827
1772937216.851438,-468.7165859826338
1772937216.8514466,-1804.5389593006253
1772937216.8514552,-612.2818114803139
1772937216.8514636,1513.1645159795228
1772937216.851472,1563.974346885012
1772937216.8514805,-635.9914380777986
1772937216.8514886,-2038.727429890784
1772937216.8514972,-582.21893973933
1772937216.851506,1794.5319897004042
1772937216.8515143,1716.7311032715418
1772937216.851523,-853.4006200739452
1772937216.851536,-2360.027085228178
1772937216.8515496,-551.6036188189904
1772937216.8515632,2184.172779781212
1772937216.851572,1946.382915109417
1772937216.8515851,-1149.6066651310987
1772937216.8515964,-2830.525311788951
1772937216.851611,-521.4617295928273
1772937216.8516192,2771.0888295151162
1772937216.8516276,2320.08510634276
1772937216.8516362,-1607.5369360975185
1772937216.8516445,-3620.8362261940833
1772937216.851653,-508.42662071138636
1772937216.8516617,3797.931548474707
1772937216.85167,3055.4013212718833
1772937216.8516784,-2444.07248217785
1772937216.8516867,-5274.885540572482
1772937216.8516953,-589.5545710089402
1772937216.8517036,6211.332093087782
1772937216.8517125,5178.566266442563
1772937216.8517206,-4691.388875220806
1772937216.851729,-11322.108875432654
1772937216.8517373,-2030.5267179741818
1772937216.8517454,20717.241801104912
1772937216.8517537,39245.34037666669
1772937217.3310232,-2.169349180235988
1772937217.3310635,-2.503396952555026
1772937217.3310943,-2.920207411586217
1772937217.3311212,-3.1368391900024046
1772937217.331148,-3.056994855801088
1772937217.3311749,-2.9618681645334686
1772937217.3312018,-3.154910603946421
1772937217.3312287,-3.5188204733514903
1772937217.331255,-3.604657330699014
1772937217.331282,-3.1882384945584787
1772937217.331304,-2.589841278920646
1772937217.331312,-2.323552277988137
1772937217.33132,-2.4987016079992985
1772937217.331328,-2.7254753687638225
1772937217.3313358,-2.63578842755583
1772937217.331344,-2.342014377972056
1772937217.3313518,-2.246575840187163
1772937217.3313596,-2.4691870696411
1772937217.331367,-2.6605186947345096
1772937217.331375,-2.461475755362618
1772937217.3313825,-2.0092119668678823
1772937217.33139,-1.8099439538396218
1772937217.3313982,-2.112552413585534
1772937217.331406,-2.5751112642233966
1772937217.3314135,-2.6604914409302305
1772937217.3314214,-2.275850907799036
1772937217.3314292,-1.8628214538145895
1772937217.331437,-1.8412930217461254
1772937217.3314447,-2.1167778238893744
1772937217.3314524,-2.2569117579305447
1772937217.33146,-2.079571407685671
1772937217.331468,-1.8850108014976106
1772937217.3314755,-2.0438630804213056
1772937217.331483,-2.485503090404441
1772937217.3314908,-2.7486246838744206
1772937217.3314984,-2.5267307273050092
1772937217.331506,-2.0144672300813737
1772937217.3315136,-1.6314455995284989
1772937217.3315213,-1.5023705690144114
1772937217.331529,-1.3711275829836587
1772937217.3315363,-1.048254613238187
1772937217.3315463,-0.7862427308370568
1772937217.3315632,-1.0510867949141427
1772937217.3315773,-1.9249766933947954
1772937217.3315897,-2.8727226758802145
1772937217.3316014,-3.2046639638077004
1772937217.3316133,-2.749126892638411
1772937217.3316252,-1.9926219094931468
1772937217.3316371,-1.549439932001946
1772937217.3316483,-1.5604513255443297
1772937217.3316603,-1.6488589473216069
1772937217.3316717,-1.4003650962526573
1772937217.3316832,-0.7863850174893705
1772937217.331695,-0.10639390207049723
1772937217.3317068,0.3791716609226114
1772937217.3317192,0.651494429528032
1772937217.3317313,0.7883996574074622
1772937217.3317435,0.7466575002691127
1772937217.3317547,0.40038071578538686
1772937217.3317666,-0.20966562568853397
1772937217.331778,-0.7635693325885922
1772937217.3317897,-0.8859144273990218
1772937217.3318012,-0.4955952458982214
1772937217.3318124,0.09837141876627425
1772937217.331824,0.466155355005001
1772937217.3318357,0.4137310029249708
1772937217.3318474,0.08042704607131919
1772937217.3318589,-0.2668394034327712
1772937217.3318696,-0.47979483505045484
1772937217.3318803,-0.5724408081717552
1772937217.3318918,-0.5932598757986021
1772937217.3319025,-0.5368338482097117
1772937217.3319128,-0.3989685726309848
1772937217.3319232,-0.25924027448871517
1772937217.3319333,-0.2348289646473936
1772937217.3319433,-0.33347126648692754
1772937217.3319533,-0.3943784325375589
1772937217.3319633,-0.22653068733935994
1772937217.3319736,0.1802384018164453
1772937217.3319836,0.6020494758572413
1772937217.331994,0.7608176817865868
1772937217.3320048,0.5678710758963462
1772937217.3320158,0.19785387471592572
1772937217.3320272,-0.06797792058979997
1772937217.332038,-0.07697346894393547
1772937217.3320491,0.08016537246856484
1772937217.33206,0.1491897712239998
1772937217.3320713,-0.08962357760090271
1772937217.3320825,-0.6468147305977296
1772937217.3320935,-1.2926328965017078
1772937217.3321044,-1.7095799341130005
1772937217.3321154,-1.7421737285573577
1772937217.3321269,-1.5453723427063584
1772937217.3321383,-1.4659989152102404
1772937217.3321493,-1.7187714143377795
1772937217.3321595,-2.156765861048139
1772937217.3321707,-2.3980724718292508
1772937217.3321817,-2.2178430442679757
1772937217.332193,-1.79872255187841
1772937217.3322043,-1.5444006204054554
1772937217.332216,-1.6379146554311972
1772937217.3322268,-1.8415021167385541
1772937217.3322375,-1.785038695763214
1772937217.3322492,-1.419695092396143
1772937217.33226,-1.0896946566695644
1772937217.332271,-1.104071801794452
1772937217.3322823,-1.301589665738922
1772937217.3322945,-1.1601550126223399
1772937217.3323054,-0.3890839604838798
1772937217.3323164,0.6529685589285122
1772937217.3323417,1.2343692127957953
1772937217.3323536,0.9828849236379362
1772937217.3323658,0.3006390302743447
1772937217.332378,-0.005645867527542464
1772937217.332389,0.4818635420005695
1772937217.3324003,1.3864386874404409
1772937217.3324115,1.9253011283007568
1772937217.3324227,1.6861487589950233
1772937217.332434,1.01746830358362
1772937217.3324494,0.6763213773943362
1772937217.3324604,1.1096577829278327
1772937217.5489256,1.3916178091417206
1772937217.5489707,1.480893140591582
1772937217.5489988,0.9942732699547191
1772937217.5490315,0.2658576920933549
1772937217.5490456,-0.053616095746999465
1772937217.5490549,0.40827864633762284
1772937217.5490637,1.4332034396960656
1772937217.5490723,2.443135584317647
1772937217.5490801,2.9857889618074642
1772937217.549088,2.9931911113808924
1772937217.549096,2.6543892350725544
1772937217.5491037,2.1625697255549086
1772937217.5491123,1.6379028769840915
1772937217.5491204,1.2128416937703754
1772937217.5491283,1.0467347767195045
1772937217.5491364,1.1913233311873503
1772937217.5491443,1.507797245173452
1772937217.5491517,1.8105338444971644
1772937217.5491593,2.08273706603974
1772937217.5491674,2.443635675801785
1772937217.5491753,2.8487731434590797
1772937217.5491831,2.930047234378134
1772937217.5491912,2.3184721539962
1772937217.5491989,1.1940831125251181
1772937217.5492067,0.3816224249130607
1772937217.5492144,0.6917045144213464
1772937217.5492222,2.0801009981348764
1772937217.54923,3.5451036079933402
1772937217.5492377,3.9864084831330464
1772937217.549245,3.2079761377939193
1772937217.5492527,2.0453542895464554
1772937217.5492606,1.5105475862171955
1772937217.5492685,1.8700797803257376
1772937217.549276,2.5697238324827913
1772937217.5492837,2.9461268820118103
1772937217.5492916,2.8659786387014266
1772937217.5492995,2.6668045879944895
1772937217.549307,2.6437926415476767
1772937217.5493152,2.7598187252736173
1772937217.549323,2.831903961676669
1772937217.5493307,2.8219883047055174
1772937217.5493386,2.8298393603014453
1772937217.5493464,2.8806539645326668
1772937217.549354,2.8781810749686976
1772937217.549362,2.7939924746752625
1772937217.5493696,2.765049148349407
1772937217.5493772,2.8838566256043254
1772937217.5493853,2.9501658693221477
1772937217.5493927,2.6023724820842418
1772937217.5494006,1.7775737739465278
1772937217.5494084,0.9486871893268833
1772937217.5494163,0.761790691651405
1772937217.6001647,-0.036907703789107925
1772937217.600188,0.2263914528791545
1772937217.6001992,1.0898077436011564
1772937217.6002097,1.9526158553072124
1772937217.6002216,2.275120639089002
1772937217.6002307,2.031418114708466
1772937217.60024,1.6785221312401626
1772937217.6002488,1.6795482873379226
1772937217.6002572,2.0473558368424056
1772937217.6002665,2.338714761033313
1772937217.9002967,-38111.426784893054
1772937217.9003427,-18204.681748725765
1772937217.9003737,3484.770870572414
1772937217.900388,10799.239612882928
1772937217.9004035,4015.1020365053014
1772937217.900414,-4013.7956199259515
1772937217.9004235,-3790.390937327078
1772937217.900434,1957.9600322556914
1772937217.9004443,4773.892066104252
1772937217.9004536,1854.2159418371455
1772937217.9004629,-1853.2095018842851
1772937217.9004724,-1426.5875403856062
1772937217.9004817,1810.4719755383458
1772937217.9004903,3116.815748395615
1772937217.9004996,1074.7446545611774
1772937217.9005084,-1071.5973688340434
1772937217.9005172,-415.084778226265
1772937217.900526,1768.7794279930115
1772937217.900535,2296.550730850668
1772937217.900545,645.4409047356817
1772937217.900554,-643.634531665768
1772937217.9005623,187.52877967705282
1772937217.9005716,1752.9034521538863
1772937217.9005804,1768.339713513815
1772937217.9005888,350.77772367442054
1772937217.9005976,-348.95420877284243
1772937217.9006064,626.5681216265741
1772937217.9006147,1747.1198579453483
1772937217.9006233,1361.9787098638071
1772937217.900632,112.09024237398876
1772937217.9006412,-111.09412693516855
1772937217.9006495,997.7413523655026
1772937217.9006584,1744.2060779214803
1772937217.9006672,998.02401400221
1772937217.9006763,-110.61046773361372
1772937217.900685,112.66857551779171
1772937217.9006937,1362.605218420785
1772937217.9007022,1747.858041393107
1772937217.9007108,627.5401178960897
1772937217.9007196,-347.7214212871422
1772937217.9007282,352.0696120710247
1772937217.9007368,1769.3286378309233
1772937217.9007456,1753.378758214446
1772937217.9007547,187.7458605785789
1772937217.900766,-643.0068693906876
1772937217.90078,647.0442602920463
1772937217.9007945,2299.0169600722575
1772937217.9008093,1771.2857986435322
1772937217.9008236,-413.4166527821701
1772937217.900838,-1070.9421228796655
1772937217.9008503,1075.0075944268867
1772937217.900859,3117.4094627358627
1772937217.9008677,1811.4792895668616
1772937217.9008763,-1425.710269006474
1772937217.900885,-1852.9005365101957
1772937217.900894,1854.2151081341935
1772937217.9009025,4774.296217714251
1772937217.900911,1959.1473672895063
1772937217.9009204,-3788.8158911402115
1772937217.9009287,-4012.6242246222405
1772937217.9009376,4015.3785036371482
1772937217.9009464,10798.649527834457
1772937217.9009638,3483.4822063467827
1772937217.9009724,-18206.724410924457
1772937217.9009807,-38114.35754852666
1772937218.4102113,-38180.3614867883
1772937218.4102492,-18925.082214448954
1772937218.4102757,3069.97808286031
1772937218.410302,11265.158643081977
1772937218.4103289,4758.570257445863
1772937218.410355,-4000.413687256369
1772937218.4103816,-4560.623804341959
1772937218.4104085,1423.6079180350891
1772937218.410435,5223.336918747874
1772937218.4104617,2719.898603255376
1772937218.4104881,-1747.04884178924
1772937218.4105098,-2274.906271066738
1772937218.410518,1126.3212546904142
1772937218.4105265,3562.3466104414088
1772937218.4105341,2106.4521112160123
1772937218.4105425,-857.8208169973288
1772937218.41055,-1384.2255068734146
1772937218.4105582,885.8988133992532
1772937218.410566,2754.324118034553
1772937218.410574,1914.6277475167733
1772937218.410582,-288.2485036136205
1772937218.41059,-962.0639993720274
1772937218.410598,588.4644838722533
1772937218.4106061,2251.0413413288206
1772937218.4106145,1965.6849382172813
1772937218.4106224,205.88164657269647
1772937218.4106307,-802.0406163371795
1772937218.4106386,152.86319418883372
1772937218.4106467,1886.6225014758124
1772937218.4106543,2278.8113506973837
1772937218.4106624,775.8595986636564
1772937218.4106705,-882.7389394043119
1772937218.4106786,-585.254485980877
1772937218.4106865,1578.2354452412148
1772937218.4106944,3056.0622396370595
1772937218.410702,1661.4298042917503
1772937218.41071,-1386.1019524877995
1772937218.4107175,-2176.6856832492153
1772937218.4107256,1209.5120361834279
1772937218.4107337,5223.021913061527
1772937218.4107413,3910.0593811422173
1772937218.4107492,-3308.538479914095
1772937218.4107573,-8140.583111155497
1772937218.4107652,-504.9124514000961
1772937218.4107733,19466.834045014675
1772937218.410781,38084.19779381047
1772937218.4107883,39550.77394476523
1772937218.4107969,21763.935335020364
1772937218.4108047,-674.340302563062
1772937218.410813,-10541.7902927608
1772937218.4108207,-4500.4557500619185
1772937218.4108288,5647.503395781193
1772937218.4108367,7406.924233022932
1772937218.4108443,695.2733647186122
1772937218.4108522,-4674.240072271785
1772937218.41086,-2284.1959648986553
1772937218.410868,3679.5337257577366
1772937218.4108758,5110.707196628204
1772937218.4108837,692.619067533947
1772937218.4108915,-3181.3898077662066
1772937218.4108996,-1458.340214562585
1772937218.4109075,3094.280243876555
1772937218.4109154,4178.424346487156
1772937218.4109232,584.5359043618873
1772937218.4109316,-2540.5100762577745
1772937218.4109397,-993.8440720445216
1772937218.4109476,2871.3372111198987
1772937218.4109557,3670.995064426264
1772937218.4109635,449.4126791222196
1772937218.4109712,-2209.411168301795
1772937218.4109788,-669.5660387453921
1772937218.4109867,2804.257602725472
1772937218.4109943,3353.5863434425405
1772937218.411002,299.66570475504153
1772937218.41101,-2030.4873485487565
1772937218.411018,-414.29593814337534
1772937218.4110258,2819.694697210123
1772937218.4110339,3132.4859423015632
1772937218.4110415,130.67173864318244
1772937218.4110496,-1942.9264338751861
1772937218.4110572,-191.34596820845036
1772937218.411065,2895.0388873563547
1772937218.4110732,2967.9363632509976
1772937218.4110875,-65.01747783396766
1772937218.4110956,-1921.784946372237
1772937218.4111032,22.022286524642258
1772937218.4111109,3028.8055911268425
1772937218.4111185,2843.8029939848425
1772937218.4111264,-295.9891951670144
1772937218.411134,-1958.343305141081
1772937218.4111416,242.4012654982512
1772937218.4111495,3227.487932971019
1772937218.411157,2747.104129939788
1772937218.411165,-583.5462566970373
1772937218.411173,-2057.3054391244427
1772937218.4111812,492.87541865404233
1772937218.4111888,3518.1719842010953
1772937218.4111965,2670.384089548848
1772937218.411204,-971.612308532591
1772937218.4112115,-2247.1341851974103
1772937218.4112191,807.3867537721246
1772937218.4112272,3964.560350143275
1772937218.4112349,2615.897466845807
1772937218.4112425,-1546.35802349752
1772937218.41125,-2594.669008004048
1772937218.4112577,1262.553123428376
1772937218.4112656,4727.6767608837645
1772937218.4112737,2595.265075120199
1772937218.411281,-2548.178294376826
1772937218.411289,-3313.0744344714794
1772937218.4112966,2076.9991928505024
1772937218.4113045,6352.955427890825
1772937218.411312,2691.6057838732854
1772937218.4113195,-4915.542402543657
1772937218.4113274,-5427.243791067632
1772937218.4113352,4274.016817482908
1772937218.4113429,12359.29850771546
1772937218.4113505,4168.857443998362
1772937218.411358,-19349.237008560507
1772937218.4113657,-39492.47548482594
1772937218.8924494,-220.04221949946464
1772937218.8924923,713.9838486835185
1772937218.892518,644.0629785635109
1772937218.8925445,-322.0578658172758
1772937218.8925712,-830.6053839338393
1772937218.892598,-178.27557830802425
1772937218.8926244,715.1020655370058
1772937218.8926508,602.4085791828116
1772937218.8926773,-350.8627184418353
1772937218.8927038,-808.975205470819
1772937218.8927305,-136.6340136695062
1772937218.8927572,720.6954423233132
1772937218.8927658,566.068845783886
1772937218.892774,-378.1681590963594
1772937218.892782,-789.433285232316
1772937218.8927898,-96.52774850782262
1772937218.892798,727.442008958624
1772937218.892806,531.1472830755569
1772937218.892814,-406.830260584101
1772937218.8928316,-773.1838387629018
1772937218.8928397,-58.14917079410015
1772937218.8928475,735.3313470311383
1772937218.8928552,497.893682600909
1772937218.8928633,-435.46745548422496
1772937218.892871,-757.1688483413
1772937218.8928788,-17.394443773604
1772937218.8928869,747.9448009886802
1772937218.8928945,467.7778376073041
1772937218.8929024,-465.62882102036235
1772937218.8929102,-746.0014113586282
1772937218.892918,18.88717832881131
1772937218.8929255,757.9627361904619
1772937218.8929336,435.494088744212
1772937218.8929415,-498.2831545293954
1772937218.892949,-735.3796293575848
1772937218.8929572,59.130988937408894
1772937218.892965,775.186638642878
1772937218.8929727,409.0357882717061
1772937218.8929803,-529.6745933351108
1772937218.8929882,-726.8660580478357
1772937218.8929963,96.9390166690279
1772937218.8930037,790.4600139663969
1772937218.8930116,379.7178424973295
1772937218.8930192,-564.9165477405517
1772937218.8930273,-720.7217665194509
1772937218.8930352,135.56974335111886
1772937218.8930428,807.6644775330949
1772937218.8930507,349.8138874670272
1772937218.8930583,-603.4217888852837
1772937218.8930662,-716.519596196518
1772937218.8930738,176.561642958636
1772937218.8930817,829.2537650734948
1772937218.8930895,321.5072535067615
1772937218.8930972,-644.1814140135506
1772937218.8931053,-714.5325511807814
1772937218.893113,218.53929969043014
1772937218.8931208,852.8172781635787
1772937218.8931286,291.7868118820379
1772937218.8931365,-689.440982175922
1772937218.893144,-714.5452681387067
1772937218.8931518,264.68700612379104
1772937218.8931596,883.1459202311675
1772937218.8931673,264.9731636427776
1772937218.893175,-736.4133812879672
1772937218.8931828,-715.1139128382974
1772937218.8931909,315.19217109227344
1772937218.8931983,918.3090164717455
1772937218.893206,236.33272859093867
1772937218.893214,-791.461146558477
1772937218.893222,-721.5347650761443
1772937218.8932295,367.6040446078696
1772937218.893237,957.9816158729459
1772937218.893245,205.90639777942562
1772937218.893253,-854.2892950010882
1772937218.8932607,-731.5290272636283
1772937218.8932683,426.9316608326696
1772937218.8932765,1007.6609249455482
1772937218.893284,176.4540666709207
1772937218.893292,-925.2804522196615
1772937218.8933,-745.7793741860864
1772937218.8933077,494.2990260535078
1772937218.8933156,1068.456709008092
1772937218.8933232,145.67089294041133
1772937218.8933308,-1009.955220413535
1772937218.8933387,-768.5091518321291
1772937218.8933723,570.0248053451834
1772937218.8933804,1142.5380965265306
1772937218.893388,112.26864633446466
1772937218.893396,-1113.2503419974432
1772937218.8934035,-801.9974219599208
1772937218.8934116,659.0895358958694
1772937218.8934193,1237.7416041061335
1772937218.893427,78.2466002300675
1772937218.8934352,-1239.9866999978326
1772937218.8934429,-848.4804333293727
1772937218.8934505,769.0149507066504
1772937218.8934584,1364.2172028373127
1772937218.8934665,41.93906717851118
1772937218.893474,-1405.4240132149182
1772937218.893482,-919.9835737549046
1772937218.8934896,906.1863459782852
1772937218.8934977,1538.152410951267
1772937218.893505,5.590902531463071
1772937218.893513,-1626.944748408719
1772937218.8935208,-1028.355550113132
1772937218.8935287,1087.8087482849323
1772937218.8935363,1788.4500296823335
1772937218.893544,-34.511680470028075
1772937218.8935518,-1950.3300652063886
1772937218.8935597,-1208.194042499054
1772937218.893567,1344.9715396451522
1772937218.893575,2182.8920007136503
1772937218.8935823,-69.20152038506826
1772937218.8935902,-2458.0006645262497
1772937218.893598,-1527.030172747943
1772937218.8936057,1752.3046094095857
1772937218.8936136,2881.9787769548066
1772937218.8936212,-86.05705601352047
1772937218.8936293,-3389.6801692127233
1772937218.8936367,-2198.1566587816433
1772937219.1903553,-0.571435129272832
1772937219.1903975,-0.28871207292521095
1772937219.1904235,0.16272384078862423
1772937219.1904497,0.3727539445527558
1772937219.190476,0.04391794562709697
1772937219.190503,-0.6952600619362188
1772937219.1905296,-1.3499321572668814
1772937219.1905382,-1.4174136835649087
1772937219.1905468,-0.7255792308492496
1772937219.190555,0.4710621077568124
1772937219.1905632,1.6288516007715188
1772937219.1905713,2.1806953060620637
1772937219.1905794,1.8414867919504196
1772937219.1905873,0.8215522519104134
1772937219.1905956,-0.2512670110892068
1772937219.1906035,-0.7628828639113158
1772937219.1906114,-0.60602478229955
1772937219.1906192,-0.25790610329523456
1772937219.1906269,-0.29030651923203354
1772937219.1906347,-0.7587608204450258
1772937219.1906428,-1.1192033851224783
1772937219.1906507,-0.8042220419791684
1772937219.1906588,0.13570464195384607
1772937219.1906664,1.0316695436297079
1772937219.1906743,1.260856748949026
1772937219.190682,0.8630701186954559
1772937219.1906898,0.4380432104147504
1772937219.190698,0.44256430366248295
1772937219.190706,0.6679383257592413
1772937219.1907136,0.4775633060789424
1772937219.1907213,-0.45005510522333314
1772937219.190729,-1.6785900795054418
1772937219.1907368,-2.3593454272878733
1772937219.1907444,-2.0252869180212767
1772937219.1907525,-1.0343411729987106
1772937219.1907601,-0.2264088074558084
1772937219.1907682,-0.1433187752449691
1772937219.190776,-0.5690272808661684
1772937219.1907837,-0.8011822573212761
1772937219.1907916,-0.34500333599163197
1772937219.1907997,0.6555845328709282
1772937219.190807,1.6249004597282837
1772937219.1908147,2.1261784148206315
1772937219.1908228,2.1951873786174128
1772937219.1908307,2.1410564414531703
1772937219.1908484,2.1034221420395025
1772937219.1908567,1.8873986162008864
1772937219.1908643,1.2442592060330295
1772937219.1908724,0.2433966113769552
1772937219.19088,-0.7131044306525036
1772937219.190888,-1.2537736911161506
1772937219.1908956,-1.3626543971226062
1772937219.1909032,-1.3149255815533902
1772937219.1909113,-1.3395325322472
1772937219.1909187,-1.4175201767042864
1772937219.1909263,-1.4070732896183027
1772937219.190934,-1.268815409942202
1772937219.190942,-1.0859707139285397
1772937219.19095,-0.9009653640409558
1772937219.1909575,-0.6505084056200663
1772937219.1909654,-0.3128078026257915
1772937219.1909733,-0.030318950897007996
1772937219.1909811,0.04005252556014307
1772937219.1909893,0.009386213075995756
1772937219.1909971,0.2701442246202248
1772937219.1910052,1.117595763638239
1772937219.191013,2.3727542258142136
1772937219.1910207,3.474737885350932
1772937219.1910286,3.9826945773761135
1772937219.1910365,3.9261265147505386
1772937219.191044,3.6136223607892406
1772937219.191052,3.168682413706225
1772937219.19106,2.3893864552217288
1772937219.2064548,1.1076261603043378
1772937219.6825943,0.3930206026013247
1772937219.682646,0.2213749118329031
1772937219.6826775,0.2447849528822893
1772937219.6827037,0.34024752753963083
1772937219.6827302,0.27899214061680394
1772937219.682757,-0.06017875200796395
1772937219.6827905,-0.47241001756979367
1772937219.6828172,-0.5487379547179442
1772937219.6828492,-0.11383490444879289
1772937219.6828763,0.4995881573455691
1772937219.6829028,0.7258411380312343
1772937219.6829119,0.3510119259576697
1772937219.6829205,-0.24625559012373852
1772937219.682929,-0.49182263622388683
1772937219.6829376,-0.20175473044435216
1772937219.6829455,0.3081398339956344
1772937219.682954,0.6628905300711947
1772937219.6829622,0.8351746075243448
1772937219.6829703,1.0367725348769472
1772937219.6829784,1.3186976627589162
1772937219.6829867,1.4724167068918943
1772937219.6829948,1.3718999032102674
1772937219.6830032,1.2469268049407984
1772937219.6830113,1.438071719757148
1772937219.6830196,1.9073308987644606
1772937219.6830275,2.1868642962138227
1772937219.6830354,1.9293420478916394
1772937219.6830435,1.4028517884790648
1772937219.683051,1.2514828782482448
1772937219.6830587,1.734500911627554
1772937219.6830668,2.36198599505404
1772937219.6830747,2.423353890555434
1772937219.6830828,1.8216207263224349
1772937219.6830907,1.2198449061460133
1772937219.6831012,1.3101846773534622
1772937219.683113,2.059845821657394
1772937219.6831264,2.795891343848713
1772937219.6831348,2.971862680791145
1772937219.6831436,2.6804295093333996
1772937219.6831522,2.365850464489322
1772937219.6831608,2.202641267020124
1772937219.6831691,1.9605323120587161
1772937219.6831782,1.4771144691952278
1772937219.6831868,1.0501858391816232
1772937219.683195,1.1755792140623424
1772937219.6832173,1.9179793479266283
1772937219.683226,2.7001997387331587
1772937219.6832347,2.81137585700607
1772937219.6832435,2.084920879443033
1772937219.683252,1.0156478153792436
1772937219.683261,0.2433116102006391
1772937219.6832695,0.0014550136728102103
1772937219.6832783,0.06479654930535447
1772937219.6832871,0.11370926624754199
1772937219.6832957,0.043890832107207546
1772937219.6833048,-0.04683906441364285
1772937219.6833136,-0.04442733692570556
1772937219.6833224,0.08086599122877612
1772937219.683331,0.2986267081027434
1772937219.68334,0.5437854905828167
1772937219.683349,0.7069275879317313
1772937219.683358,0.6791441200316574
1772937219.6833668,0.4722544770901023
1772937219.6833754,0.27380085649662367
1772937219.683384,0.313598924756888
1772937219.6833928,0.6374994659761918
1772937219.6834016,1.0264474109197113
1772937219.6834104,1.1657028073885962
1772937219.6834192,0.9103098555847086
1772937219.683428,0.4064976079615666
1772937219.6834369,-0.015251590848452224
1772937219.683446,-0.06568309647689967
1772937219.6834545,0.3166245361135843
1772937219.683463,0.909400177181184
1772937219.683472,1.3118321445442704
1772937219.6834805,1.18686607263198
1772937219.683489,0.5148484963329182
1772937219.683498,-0.34671344253786185
1772937219.6835065,-0.9011729968127924
1772937219.6835153,-0.885078015928397
1772937219.6835241,-0.4486505190849257
1772937219.6835332,0.015294966713042413
1772937219.6835415,0.2053132804258786
1772937219.6835504,0.08036297149719326
1772937219.6835592,-0.2364342744661344
1772937219.683568,-0.6158901191000743
1772937219.6835768,-0.9348582805710313
1772937219.6835852,-1.0040432110619608
1772937219.683594,-0.6265629421465555
1772937219.6836023,0.18817970050638722
1772937219.6836114,1.1104931068328934
1772937219.68362,1.6927686111269964
1772937219.6836288,1.7436429525365194
1772937219.6836376,1.485360956763246
1772937219.683646,1.309361750551516
1772937219.6836543,1.3818287846816004
1772937219.6836631,1.511482977376102
1772937219.683672,1.3945070752500885
1772937219.6836803,0.9509208020186067
1772937219.683689,0.40779948265109317
1772937219.6836977,0.08462425890985167
1772937219.6837063,0.12263998907759953
1772937219.683715,0.39203588782536897
1772937219.6837237,0.6029835826726501
1772937219.6837325,0.5004802960322827
1772937219.683741,0.02497008799763541
1772937219.6837497,-0.6353342404950945
1772937219.6837583,-1.148841113520519
1772937219.6837668,-1.2745658632930261
1772937219.683778,-1.0622931794942865
1772937219.6837904,-0.8186068553957957
1772937219.683803,-0.8298983656067189
1772937219.6838164,-1.0990568878443012
1772937219.68383,-1.3719030505390322
1772937219.683842,-1.4261077733562888
1772937219.6838553,-1.2975279152750767
1772937219.683867,-1.1914959235696934
1772937219.6838808,-1.202041085718421
1772937219.6838927,-1.1903349166686745
1772937219.6839013,-0.9718103546275729
1772937220.162845,-1.4037033649694433
1772937220.1628883,-0.6719372164270899
1772937220.1629193,-0.041586662343517336
1772937220.1629508,0.3435718726042493
1772937220.162978,0.5517076981122543
1772937220.163005,0.6492499854832288
1772937220.163032,0.5631955028122596
1772937220.1630583,0.19091336283831725
1772937220.163086,-0.42554422746377835
1772937220.1631129,-1.1066728150441323
1772937220.1631396,-1.6929717117287424
1772937220.1631577,-2.1227268116259785
1772937220.1631684,-2.352890108129387
1772937220.1631794,-2.301147515426985
1772937220.16319,-1.953414858603538
1772937220.163201,-1.498590990652381
1772937220.1632116,-1.244853229510413
1772937220.1632228,-1.336192930960841
1772937220.1632335,-1.587334503892598
1772937220.1632445,-1.6627102402345193
1772937220.1632555,-1.420996448018722
1772937220.163266,-1.0398322573231416
1772937220.1632767,-0.7963510911545694
1772937220.1632867,-0.7793648884711046
1772937220.1632977,-0.8520641330784618
1772937220.163308,-0.8486905548296105
1772937220.1633184,-0.728223198410398
1772937220.1633291,-0.5325471477878904
1772937220.1633396,-0.28410405680351913
1772937220.1633503,-0.0005742393304463462
1772937220.1633608,0.22258366928979983
1772937220.163371,0.2435062753710538
1772937220.1633818,0.030300198800000146
1772937220.1633925,-0.26820669592236634
1772937220.1634033,-0.4716662579055497
1772937220.1634142,-0.5697559511473604
1772937220.1634247,-0.7017377791790882
1772937220.1634352,-0.9126952107397954
1772937220.1634457,-0.9988698722333169
1772937220.1634564,-0.6789086247628519
1772937220.163467,0.07272455821860274
1772937220.163478,0.9186632020228508
1772937220.1634889,1.4217791008501612
1772937220.163499,1.4041242485334704
1772937220.16351,1.0391026650369213
1772937220.1635208,0.6338150321331417
1772937220.1635313,0.37300535878677366
1772937220.163542,0.2557709694398027
1772937220.1635528,0.18924887335613108
1772937220.1635633,0.07653971271816909
1772937220.1635735,-0.15180628316303704
1772937220.163584,-0.5019851916883945
1772937220.1635945,-0.8783390630192183
1772937220.1636052,-1.1320225430181232
1772937220.1636157,-1.1974473447700247
1772937220.1636262,-1.150336130957129
1772937220.1636367,-1.0667807663602997
1772937220.1636472,-0.8376529597848779
1772937220.163658,-0.23019428058276942
1772937220.1636684,0.7802792103980344
1772937220.1636791,1.786567141005669
1772937220.1636899,2.1985757462284985
1772937220.1637003,1.8094858815242907
1772937220.1637108,1.0776660960287763
1772937220.163721,0.7438163244204405
1772937220.1637318,1.1188425039353689
1772937220.1637423,1.781223181787051
1772937220.1637528,2.0142716719309077
1772937220.1637633,1.5269938009574446
1772937220.163774,0.7166359999656495
1772937220.1637845,0.24744656514997304
1772937220.1637945,0.4312055506505264
1772937220.1638048,1.0235410493648596
1772937220.1638155,1.5356628212394359
1772937220.163826,1.649076990295147
1772937220.1638367,1.3465844598757335
1772937220.1638472,0.7799719084307025
1772937220.1638575,0.13750677586023857
1772937220.163868,-0.37357916600106295
1772937220.1638784,-0.5522017063483095
1772937220.163889,-0.3335264144328737
1772937220.1638997,0.09988376697155406
1772937220.16391,0.4146849816222532
1772937220.1639204,0.3970923084290537
1772937220.1639316,0.12895087232747546
1772937220.163942,-0.12511171093765466
1772937220.1639528,-0.19647106411251747
1772937220.1639633,-0.14880890588166443
1772937220.163974,-0.1353505226332693
1772937220.1639843,-0.16743262089097402
1772937220.1639948,-0.08237450989650744
1772937220.1640055,0.24413902358738782
1772937220.164016,0.6932401453439184
1772937220.1640265,0.964598578716098
1772937220.1640372,0.8691231221572187
1772937220.1640477,0.5493372652686231
1772937220.164058,0.3810104901338386
1772937220.1640687,0.6340794743898706
1772937220.1640792,1.2190087315588214
1772937220.16409,1.7584668839774835
1772937220.1641004,1.901907946366908
1772937220.164111,1.5813784536461084
1772937220.1641212,1.0025996281670126
1772937220.164132,0.4440769267723453
1772937220.1641424,0.08899895410673514
1772937220.164153,0.005783818012632935
1772937220.1641634,0.19695541329078545
1772937220.1641743,0.5993147911734449
1772937220.1641848,1.053878178156871
1772937220.1641953,1.3545376000257359
1772937220.1642056,1.3871947138141791
1772937220.164216,1.2194438226749098
1772937220.1642268,1.0240293372803269
1772937220.1642373,0.9142764076268162
1772937220.1642475,0.8805561214061617
1772937220.1642582,0.8793517984341699
1772937220.1642687,0.9174890721194486
1772937220.1642792,0.9923891553759714
1772937220.1642897,0.9898100197000477
1772937220.1643004,0.7587537846968098
1772937220.643196,-0.4819536854023386
1772937220.643238,0.026449016464459987
1772937220.643264,0.4484888020097716
1772937220.6432905,0.4123905467041805
1772937220.6433177,-0.04546687415778405
1772937220.6433442,-0.5237703959610738
1772937220.643371,-0.6497715613660849
1772937220.6433976,-0.40365416616185046
1772937220.6434245,-0.0828060632552074
1772937220.6434543,-0.008330444313786756
1772937220.643481,-0.2748385639377025
1772937220.643508,-0.7131302911559813
1772937220.643516,-1.0241705023198882
1772937220.6435237,-0.9738103452469634
1772937220.6435313,-0.5562147414094767
1772937220.6435392,-0.02150529117358954
1772937220.643547,0.3100810099819786
1772937220.6435547,0.34515508447355425
1772937220.6435623,0.33218714763487195
1772937220.64357,0.6043488639879517
1772937220.6435776,1.1629455869840921
1772937220.6435852,1.5729822476107447
1772937220.6435928,1.365531815308469
1772937220.643601,0.5623478304448831
1772937220.6436088,-0.26507006976298597
1772937220.6436164,-0.5138967701012335
1772937220.643624,-0.11350294332939836
1772937220.6436317,0.4569774764570872
1772937220.643639,0.6832037620946649
1772937220.6436467,0.4878004822676833
1772937220.6436548,0.20163865050663743
1772937220.6436625,0.17190805967580775
1772937220.64367,0.48606818143099556
1772937220.6436782,1.0331301328925966
1772937220.643686,1.6847328756440394
1772937220.6436944,2.3264401230907055
1772937220.6437016,2.7868819632272173
1772937220.6437092,2.8927536952948745
1772937220.6437173,2.662372922307189
1772937220.6437252,2.3731573294764208
1772937220.6437328,2.3332752440395153
1772937220.6437411,2.566416130241355
1772937220.6437485,2.7765263151421986
1772937220.6437569,2.658508442308769
1772937220.6437645,2.218765680751825
1772937220.6437724,1.7590986909912751
1772937220.64378,1.5617182630351827
1772937220.6437879,1.6254945209787306
1772937220.6437957,1.7056875161283704
1772937220.6438031,1.5695537961890307
1772937220.643811,1.1978497232637497
1772937220.6438184,0.7762044876396453
1772937220.643826,0.531039048947158
1772937220.643834,0.5593400554483944
1772937220.6438415,0.7711718718662782
1772937220.6438494,0.9863892852061451
1772937220.6438568,1.119111895806991
1772937220.6438646,1.276398635048246
1772937220.6438723,1.6275154650023458
1772937220.64388,2.13600622569425
1772937220.6438875,2.468626459855304
1772937220.6438951,2.2713434374258523
1772937220.6439025,1.5697276988044775
1772937220.6439106,0.8162932460556269
1772937220.6439188,0.456365586503714
1772937220.6439269,0.4818251098619677
1772937220.6439345,0.5259143699855701
1772937220.6439424,0.4117390808351085
1772937220.6439555,0.44965964433983324
1772937220.6439633,1.0290428906569107
1772937220.6439712,1.9617872743970424
1772937220.6439788,2.467630201007585
1772937220.6439867,1.9820899697079195
1772937220.6439948,0.8961314960745377
1772937220.644003,0.2710047366199631
1772937220.64401,0.7295891431712291
1772937220.644018,1.7623303517667515
1772937220.6440256,2.2846123276214527
1772937220.6440332,1.8389806592892661
1772937220.6440408,1.066616428420738
1772937220.6440485,0.928523292590468
1772937220.6440558,1.6203656511478193
1772937220.6440632,2.4378351451800992
1772937220.6440706,2.6712368746926956
1772937220.6440785,2.40779292094532
1772937220.644086,2.3286913843989785
1772937220.6440942,2.8537903219097127
1772937220.644102,3.7046306931573505
1772937220.64411,4.3173594235645805
1772937220.644117,4.466276700446684
1772937220.6441247,4.32250668237525
1772937220.6441324,4.024392173156865
1772937220.6441405,3.4638359895107347
1772937220.6441476,2.59071297728892
1772937220.6441553,1.737374188944966
1772937220.644163,1.4050978723354108
1772937220.6441703,1.7137509092849323
1772937220.644178,2.233544212399273
1772937220.6441853,2.4591868558894086
1772937220.6441927,2.350434842920931
1772937220.6442003,2.2711431526156254
1772937220.644208,2.4416734472499124
1772937220.6442153,2.639283298335629
1772937220.6442227,2.5238118894167165
1772937220.6442304,2.123832787627316
1772937220.644238,1.8192120387302815
1772937220.6442456,1.8515081517946006
1772937220.6442535,2.0347201627874263
1772937220.644261,2.059470417994219
1772937220.6442685,1.9642408103240234
1772937220.644276,2.1019522239179267
1772937220.6442833,2.608752165736289
1772937220.6442907,3.0881226485773423
1772937220.6442983,2.995602944607605
1772937220.6443057,2.303559492804675
1772937220.644313,1.6069702083026782
1772937220.6443205,1.471503044780151
1772937220.644328,1.753846932319514
1772937220.6443355,1.6944748196518165
1772937220.644343,0.7026158793074769
1772937220.6443503,-1.0232681165069615
1772937221.1283035,234.29740004527343
1772937221.1283464,365.70941914089474
1772937221.128373,1063.1479580605412
1772937221.1283991,1355.5221217429569
1772937221.1284258,827.3513674502406
1772937221.1284523,208.72771648266826
1772937221.1284797,366.77447038138166
1772937221.1285064,1090.9627294008378
1772937221.128533,1372.7025192092146
1772937221.1285596,808.8993703832442
1772937221.128586,177.5798416830136
1772937221.128613,364.83799839858676
1772937221.1286216,1122.0018445833853
1772937221.1286297,1394.6848285883777
1772937221.1286373,789.5267145223647
1772937221.1286452,139.8489187744111
1772937221.128653,358.6843560352782
1772937221.1286612,1156.6918657348826
1772937221.1286688,1423.4395739517302
1772937221.1286764,771.1723231536308
1772937221.1286843,96.63742768433109
1772937221.1286929,349.3018045060384
1772937221.1287007,1196.345698527635
1772937221.1287088,1459.2308627632938
1772937221.1287167,751.4144629538523
1772937221.1287243,43.87873553127656
1772937221.1287324,334.6148702571909
1772937221.1287403,1243.1440376638366
1772937221.1287484,1506.3545451148282
1772937221.1287563,732.4889439707331
1772937221.1287644,-19.198493084870744
1772937221.128772,314.226114407896
1772937221.12878,1299.6567569672493
1772937221.1287875,1567.5611562561232
1772937221.1287956,712.121750851359
1772937221.1288033,-100.0384461083425
1772937221.128811,282.0748783653076
1772937221.1288188,1366.668335927042
1772937221.1288269,1647.3687836654947
1772937221.1288352,690.7433592717816
1772937221.1288433,-203.48937217938925
1772937221.1288512,236.50310364127253
1772937221.1288593,1452.269755962263
1772937221.1288674,1756.758379346168
1772937221.1288753,668.3737106789662
1772937221.128883,-342.3517176922244
1772937221.1288908,167.71391444405995
1772937221.1288986,1563.6628745055561
1772937221.128907,1910.84080178016
1772937221.1289148,644.7205734507186
1772937221.1289232,-536.9414083744718
1772937221.1289308,61.99449951496866
1772937221.128939,1718.8477580836407
1772937221.1289468,2142.8141366313635
1772937221.128955,622.766318081999
1772937221.1289628,-827.0904889082625
1772937221.1289709,-113.36801908753819
1772937221.1289785,1945.862906644673
1772937221.1289864,2514.8368194013406
1772937221.1289945,607.025972408599
1772937221.1290023,-1297.0974196591662
1772937221.1290104,-425.8468569421695
1772937221.1290183,2319.4918951992427
1772937221.1290264,3186.732747394109
1772937221.1290345,608.5347915448275
1772937221.129042,-2188.6282030579587
1772937221.12905,-1091.184526273732
1772937221.129058,3055.5431526169264
1772937221.129066,4702.980865894497
1772937221.129074,712.6353147552395
1772937221.1290815,-4435.913032199949
1772937221.1290896,-3131.3780573804484
1772937221.1290972,5176.289001112045
1772937221.1291049,10578.797120232486
1772937221.1291125,2181.0142675218935
1772937221.1291203,-18738.450874320184
1772937221.1291282,-37099.65311270361
1772937221.129136,-37506.934715568925
1772937221.1291437,-19428.79200412182
1772937221.1291516,2114.2330201937666
1772937221.1291592,11235.951766569167
1772937221.1291673,5703.40539501756
1772937221.1291752,-3441.4260074687695
1772937221.1291828,-5199.803870443652
1772937221.1291907,502.9614699448006
1772937221.1291983,5358.3131459159495
1772937221.129207,3731.5694930844697
1772937221.1292143,-1319.5367706591178
1772937221.1292224,-3070.8675255965463
1772937221.12923,240.96710074108037
1772937221.129238,3882.2000715845606
1772937221.1292455,3195.2119595761123
1772937221.1292536,-581.9528306351951
1772937221.1292615,-2363.5529730241933
1772937221.1292696,44.10047734937794
1772937221.1292777,3300.952004723156
1772937221.129285,3102.850120273692
1772937221.1292932,-198.2604540129662
1772937221.1293008,-2174.9569028352785
1772937221.1293087,-198.22354061064618
1772937221.1293168,3103.293105241033
1772937221.129325,3302.053956322429
1772937221.1293323,45.598738757648796
1772937221.1293402,-2362.2818841625653
1772937221.1293488,-581.3529642193178
1772937221.1293564,3195.223034376627
1772937221.129364,3882.0616893842853
1772937221.1293716,241.025111360839
1772937221.1293795,-3070.6378760097296
1772937221.1293876,-1319.4514604513931
1772937221.1293952,3731.174047090834
1772937221.1294029,5357.312849402044
1772937221.1294105,501.5423410850913
1772937221.1294181,-5201.2103430238885
1772937221.129426,-3442.393470984708
1772937221.1294336,5702.956722185336
1772937221.1294413,11235.606735309077
1772937221.129449,2113.360143307606
1772937221.1294565,-19430.49452313465
1772937221.1294641,-37509.1329733369
1772937221.391264,2243.246557699861
1772937221.391312,1298.9344119929474
1772937221.39135,-372.4109064498735
1772937221.3913665,-448.06865409710355
1772937221.3913825,1160.3432802890811
1772937221.3913963,2207.6203809385897
1772937221.391413,1244.919997373622
1772937221.3914258,-378.44829059363155
1772937221.3914416,-403.51036891348286
1772937221.391456,1199.0308381987547
1772937221.39147,2195.8327169726763
1772937221.3914871,1199.4852396651404
1772937221.3915029,-402.5582927666684
1772937221.3915148,-377.1145043550115
1772937221.39153,1246.3274929257484
1772937221.3915443,2208.9203821688643
1772937221.3915603,1161.7980699625919
1772937221.3915725,-445.930869519621
1772937221.3915868,-369.4171305755513
1772937221.3915987,1302.1952438825201
1772937221.3916104,2245.7663765197276
1772937221.3916216,1128.0149885736191
1772937221.391637,-514.0668176359853
1772937221.391651,-383.3931682439258
1772937221.3916633,1369.0264574192754
1772937221.3916776,2311.102924711386
1772937221.3916895,1099.0618380491505
1772937221.3917046,-610.7280080328333
1772937221.3917203,-420.5348190189689
1772937221.391732,1453.2544534939145
1772937221.391744,2413.842548307519
1772937221.3917603,1074.844971772797
1772937221.3918524,-746.1357264483461
1772937221.3918655,-486.9039902250513
1772937221.3918803,1564.787924512908
1772937221.3918948,2569.5575471646343
1772937221.391907,1053.1463118345039
1772937221.3919213,-944.5291642498769
1772937221.3919356,-601.1836370645899
1772937221.3919487,1717.3500891101758
1772937221.391965,2809.7702130936264
1772937221.3919773,1038.7163213333695
1772937221.391992,-1241.2832675877253
1772937221.3920074,-790.7043490238696
1772937221.3920217,1943.2769093223749
1772937221.3920362,3197.9366899255388
1772937221.3921335,1033.1859347039024
1772937221.392184,-1726.86570626566
1772937221.3921988,-1128.8535642246466
1772937221.3922133,2315.889342816641
1772937221.3922267,3898.2502304912095
1772937221.3922849,1055.0173173729088
1772937221.3923008,-2636.7891815644275
1772937221.3923178,-1828.6720734568842
1772937221.3923333,3050.846026152725
1772937221.3923483,5453.072910284935
1772937221.392357,1185.2199320100406
1772937221.3923707,-4911.230839495259
1772937221.3923967,-3916.2350382644713
1772937221.392411,5172.205510569116
1772937221.3924253,11384.714505584825
1772937221.3924394,2691.862072619284
1772937221.3924532,-19249.60111508224
1772937221.3924663,-37949.99618119964
1772937221.862399,878.202384116356
1772937221.8624372,1193.9297022792769
1772937221.8624637,913.2429485782262
1772937221.8624907,428.95644877497637
1772937221.862517,417.7714187700389
1772937221.8625438,894.6601163395762
1772937221.8625703,1192.7039380413216
1772937221.8625968,895.6463341886795
1772937221.8626337,419.6668374316339
1772937221.862661,431.4625075643811
1772937221.8626876,915.8302692133514
1772937221.8627002,1196.102679887656
1772937221.862708,879.7888331492179
1772937221.8627157,408.21633559708937
1772937221.8627236,440.7619962723986
1772937221.8627312,932.690981607853
1772937221.862739,1195.9922003362708
1772937221.8627467,860.6541599204041
1772937221.8627548,393.79771366994714
1772937221.8627627,448.61520216750773
1772937221.8627715,950.2917269879616
1772937221.8627794,1197.6820572250915
1772937221.8627872,842.7461362441064
1772937221.8627949,380.0493695895482
1772937221.8628032,458.1189642487704
1772937221.8628109,971.0921153134973
1772937221.862819,1202.3042133718147
1772937221.8628273,825.1728907606632
1772937221.8628347,364.0635875179149
1772937221.8628423,465.18770065044765
1772937221.8628504,990.9972167044064
1772937221.862858,1206.6799055580314
1772937221.862866,806.1499876498382
1772937221.8628736,345.55629785360156
1772937221.8628814,470.82471570452117
1772937221.8628893,1011.8000656194257
1772937221.8628972,1212.867921723292
1772937221.8629053,787.874911172896
1772937221.8629131,327.2218977396057
1772937221.862921,478.50929308741246
1772937221.8629289,1037.2627220694474
1772937221.8629365,1223.6075311397544
1772937221.8629444,770.8363319615295
1772937221.8629527,307.06241759414115
1772937221.86296,484.5176588176361
1772937221.862968,1062.9284800009611
1772937221.8629758,1234.416646930472
1772937221.8629837,751.1902903696274
1772937221.862991,282.78802533384527
1772937221.862999,488.7626276430446
1772937221.8630068,1090.3653417644564
1772937221.8630145,1246.8387041341614
1772937221.863022,729.1641321274776
1772937221.8630297,253.88763944763988
1772937221.8630376,492.0045321770037
1772937221.8630452,1122.8823171444287
1772937221.863053,1265.7206932890506
1772937221.863061,708.6613076614786
1772937221.8630688,221.55854683091184
1772937221.8630764,492.74750579952126
1772937221.8630843,1157.170528224025
1772937221.8630922,1286.5549610367616
1772937221.8631,684.6563500168162
1772937221.8631077,181.93819451214733
1772937221.8631158,490.3717042331605
1772937221.863124,1196.2411189843774
1772937221.8631315,1313.8513358151818
1772937221.8631392,660.6593227494328
1772937221.8631468,137.48168498346374
1772937221.8631546,488.2762968226136
1772937221.8631625,1244.9447869666094
1772937221.8631706,1350.9275212075834
1772937221.8631785,634.9056815461121
1772937221.863186,81.92201337025067
1772937221.8631938,480.50051643978736
1772937221.8632016,1301.2232911701287
1772937221.8632092,1397.7880473324674
1772937221.8632169,605.1870952498382
1772937221.8632245,10.835871633176662
1772937221.8632321,465.68100841962445
1772937221.86324,1370.1439200882032
1772937221.8632736,1461.345694344648
1772937221.8632853,572.2304418545475
1772937221.8632934,-82.11110251957341
1772937221.8633013,438.95408648643166
1772937221.863309,1455.2485888280971
1772937221.8633165,1548.4733352587964
1772937221.8633242,535.0431007536597
1772937221.863332,-206.55385624508892
1772937221.8633397,395.7453406324809
1772937221.8633473,1567.3316726156818
1772937221.8633547,1674.4593834679151
1772937221.863363,491.4454957760846
1772937221.863371,-384.720515081999
1772937221.8633785,320.4614820294235
1772937221.8633864,1721.5999005091983
1772937221.8633943,1870.1144756182418
1772937221.863402,446.2344011506116
1772937221.8634098,-648.731974865267
1772937221.8634176,189.690819124741
1772937221.8634255,1949.5975203685846
1772937221.863433,2192.416513121418
1772937221.8634408,394.76689966052953
1772937221.8634489,-1089.4380180166495
1772937221.8634565,-66.86747626243695
1772937221.863464,2323.641546601035
1772937221.863472,2799.1113064373894
1772937221.8634796,352.3282419460042
1772937221.8634875,-1934.8336568786262
1772937221.863495,-650.442952895903
1772937221.863503,3060.756675226456
1772937221.8635104,4220.0655907857345
1772937221.8635192,388.91679648817103
1772937221.8635268,-4119.322249020499
1772937221.8635345,-2571.8281597991013
1772937221.8635423,5187.036017799383
1772937221.86355,9960.74779372083
1772937221.8635576,1762.065508651374
1772937221.8635652,-18322.389600187467
1772937221.8635728,-36356.108417553674
1772937221.9594424,-1.5503197313603871
1772937221.9594798,-1.2575387390757147
1772937221.959491,-0.5683547178037562
1772937221.9595013,0.243008533471208
1772937221.9595103,0.6220793181821272
1772937221.9595191,0.2871294945961481
1772937221.9595273,-0.37931582491103016
1772937221.959536,-0.6512027538072376
1772937221.959545,-0.21861277974471066
1772937221.9595532,0.4752107383960907
1772937221.9595623,0.7423107538955172
1772937221.9595745,0.43452128373372645
1772937221.9595892,0.09353396526998566
1772937221.9596026,0.2999706175088962
1772937221.9596176,0.9882949613296914
1772937221.9596307,1.5024477797960267
1772937221.9596446,1.2843792401691407
1772937221.9596534,0.40432720379859927
1772937221.959662,-0.5789868453997065
1772937221.9596708,-1.1463172086621294
1772937221.9596796,-1.1308193068420487
1772937221.9596884,-0.6308294261037647
1772937221.9916203,0.17241026165671974
1772937222.4678788,-622.3223990046511
1772937222.467988,34.759021900868206
1772937222.4680262,-436.47118543802264
1772937222.4680507,-1371.0992445736927
1772937222.4680612,-1456.2132861211633
1772937222.4680707,-573.983861242089
1772937222.4680803,35.775681911231
1772937222.46809,-482.4099028802333
1772937222.4680998,-1400.005579913786
1772937222.4681096,-1428.8919311061725
1772937222.4681194,-529.6877761482123
1772937222.468128,34.0335878725047
1772937222.4681375,-529.7012938254998
1772937222.4681468,-1429.3950117602349
1772937222.4681556,-1401.474966837494
1772937222.4681644,-484.8549381015175
1772937222.4681733,32.85430648405595
1772937222.4681814,-576.6993503797944
1772937222.46819,-1458.187883534633
1772937222.4681988,-1372.0694894689377
1772937222.4682076,-436.436324134955
1772937222.4682157,35.582237493975626
1772937222.4682245,-621.0176467489578
1772937222.4682336,-1485.841531125203
1772937222.4682417,-1342.3264496846746
1772937222.4682505,-388.14679475827086
1772937222.4682589,37.17611282854446
1772937222.4682672,-667.6497147326578
1772937222.468276,-1515.84753794134
1772937222.4682844,-1313.5827765259394
1772937222.468294,-339.616348508114
1772937222.468302,38.831329400877934
1772937222.4683104,-715.0351596916663
1772937222.4683192,-1546.2926631989096
1772937222.4683275,-1283.8372348885607
1772937222.4683363,-289.56841326244955
1772937222.4683447,40.47240002617286
1772937222.4683535,-764.146973366798
1772937222.4683623,-1577.771581599108
1772937222.468371,-1252.5896694040425
1772937222.4683793,-237.18303893636073
1772937222.4683878,41.71162524356572
1772937222.4683962,-817.1719902458512
1772937222.4684048,-1613.1681250564204
1772937222.4684136,-1221.5829003086396
1772937222.4684222,-181.97981276185544
1772937222.4684308,45.1221780197466
1772937222.468439,-870.1605614569651
1772937222.468448,-1647.973625653014
1772937222.4684563,-1186.9194001982275
1772937222.4684808,-122.32382001781417
1772937222.4684892,48.814993876350854
1772937222.4684975,-928.2173898181732
1772937222.468506,-1688.6893142279068
1772937222.4685144,-1154.6464655285379
1772937222.4685233,-63.08778829084791
1772937222.4685373,49.28820452324318
1772937222.4685507,-992.4012932347161
1772937222.4685638,-1732.099551747544
1772937222.4685724,-1116.777122808435
1772937222.4685807,5.992374434210593
1772937222.4685893,54.78033755051636
1772937222.468598,-1059.449784976961
1772937222.4686065,-1779.7016801295713
1772937222.468615,-1077.4223564596866
1772937222.4686236,79.95881855824614
1772937222.468632,60.37851202317282
1772937222.4686403,-1133.0073479672064
1772937222.468649,-1832.1337044438758
1772937222.4686573,-1033.8904246187383
1772937222.4686656,162.3087430000694
1772937222.468674,66.90137705091156
1772937222.4686828,-1215.6291477091722
1772937222.468691,-1892.2262252987298
1772937222.4687045,-985.8583167116999
1772937222.468717,256.37291382852766
1772937222.4687302,77.52954811275552
1772937222.4687386,-1306.2635128619495
1772937222.468747,-1959.814897241839
1772937222.4687593,-932.5433782936078
1772937222.4687674,361.7928121529445
1772937222.4687755,87.45978263383499
1772937222.468784,-1413.5189385352294
1772937222.468792,-2041.2942664102472
1772937222.4688008,-872.8074583307362
1772937222.4688091,485.24845664424413
1772937222.4688177,101.65097759252787
1772937222.4688258,-1537.565147967351
1772937222.4688344,-2137.087575327834
1772937222.4688432,-801.1405126599814
1772937222.4688516,636.0017093036482
1772937222.4688604,123.89715676597318
1772937222.4688687,-1684.3539749690203
1772937222.4688773,-2255.5350874275878
1772937222.468886,-718.4369958706912
1772937222.4688945,819.0240532769146
1772937222.4689064,153.3048033131006
1772937222.4689198,-1865.457963502254
1772937222.468935,-2406.8910724697907
1772937222.4689481,-618.7818324889469
1772937222.468963,1052.1878862907895
1772937222.468976,197.90548943492456
1772937222.4689898,-2094.107519752393
1772937222.4690034,-2608.1699014862274
1772937222.4690137,-497.26608620210635
1772937222.4690223,1358.7951921392983
1772937222.4690304,265.26490967295683
1772937222.4690387,-2397.5138010004903
1772937222.4690473,-2890.5313075283393
1772937222.4690557,-341.1654112882845
1772937222.469064,1790.8832015703633
1772937222.4690723,380.0198546790205
1772937222.4690804,-2823.79517315577
1772937222.4690888,-3321.3352728233212
1772937222.469097,-135.11495125294874
1772937222.4691052,2453.2412229979423
1772937222.4691136,601.771165668487
1772937222.4691217,-3474.0208755432946
1772937222.46913,-4063.4389340413045
1772937222.4691384,143.53568891514942
1772937222.5628848,3610.822815894891
1772937222.562916,1107.8987903726827
1772937222.5629272,-4634.482280952664
1772937222.5629363,-5667.638966210982
1772937222.5629451,501.4500205221789
1772937222.5629537,6278.8082235548945
1772937222.5629623,2854.7329517735457
1772937222.5629704,-7490.658249188476
1772937222.5629787,-11673.940682277182
1772937222.5629866,-94.94484837324312
1772937222.5629945,21367.56892155472
1772937222.5630023,36182.989181449826
1772937222.56301,33608.15448011373
1772937222.5630176,18084.20229421367
1772937222.5630257,2202.2027146857426
1772937222.563033,-6416.397171400382
1772937222.5630412,-8621.681995158218
1772937222.5630493,-6417.661902800634
1772937222.5630572,2200.719738407736
1772937222.563065,18083.467823347153
1772937222.5630732,33608.06142555663
1772937223.0375147,36183.057507101315
1772937223.0375504,21367.490493543948
1772937223.0375736,-94.80042862988462
1772937223.037605,-11673.195995712986
1772937223.037638,-7489.609405156968
1772937223.0376637,2855.2475897802237
1772937223.037687,6278.26101110857
1772937223.0377069,500.22957695001367
1772937223.0377204,-5668.589776476291
1772937223.0377295,-4634.642808826977
1772937223.037738,1108.0640482873334
1772937223.0377471,3610.286654006265
1772937223.037756,141.64284106785112
1772937223.0377643,-4066.480329502235
1772937223.037773,-3477.4949326487986
1772937223.037781,598.3918716551539
1772937223.0377898,2450.0280809850487
1772937223.0377982,-138.2184901351938
1772937223.0378067,-3324.134257909353
1772937223.0378156,-2825.9562686408026
1772937223.037824,378.48481209191056
1772937223.0378325,1789.3952385662612
1772937223.037841,-343.34536612801486
1772937223.0378497,-2893.6333001178846
1772937223.0378585,-2401.036762015014
1772937223.0378668,262.07591836379555
1772937223.0378752,1356.2592140842926
1772937223.0378835,-499.48680005032827
1772937223.037892,-2610.6724283011895
1772937223.0379004,-2097.2072218302164
1772937223.0379088,194.34080676165166
1772937223.0379171,1048.4971604703246
1772937223.0379255,-622.3367427069121
1772937223.037934,-2410.187021778265
1772937223.0379424,-1868.4307636027113
1772937223.0379508,150.68328578328132
1772937223.037959,816.6978917006627
1772937223.0379677,-720.5973045327962
1772937223.037976,-2257.6429624960438
1772937223.0379844,-1686.4656268805154
1772937223.0379927,121.7323337893486
1772937223.0380013,633.7517732775249
1772937223.0380096,-803.3163447102439
1772937223.038018,-2138.7101714486744
1772937223.0380263,-1538.0755790501214
1772937223.038035,102.34138289325126
1772937223.038043,486.4510569382794
1772937223.0380516,-872.1602459780289
1772937223.038061,-2041.8199974440531
1772937223.038069,-1414.9680170359761
1772937223.038077,85.73308061124385
1772937223.0380857,359.9828529886417
1772937223.0380943,-934.9362640870888
1772937223.0381024,-1963.3073070682083
1772937223.0381112,-1310.5554046838029
1772937223.0381193,73.55584511437314
1772937223.038128,253.75161581041058
1772937223.0381365,-987.0400828458635
1772937223.038145,-1892.772881225555
1772937223.0381532,-1216.4003172832158
1772937223.0381615,65.68392291231827
1772937223.03817,160.97717236083955
1772937223.0381784,-1035.0293019337462
1772937223.0382147,-1833.1469533882407
1772937223.0382233,-1134.1597574782913
1772937223.0382316,58.96379473152367
1772937223.03824,78.35480280898464
1772937223.0382483,-1079.1635405439056
1772937223.038257,-1781.6817417317684
1772937223.0382652,-1061.7892633914366
1772937223.0382738,52.1528409409835
1772937223.038282,3.3584757257836175
1772937223.0382905,-1119.1073501924848
1772937223.0382988,-1733.965355710049
1772937223.038313,-993.834767248027
1772937223.0383213,48.103035569534086
1772937223.038329,-64.31137932309647
1772937223.0383368,-1156.2211788828613
1772937223.0383449,-1690.8235477586468
1772937223.0383525,-930.9120890278584
1772937223.03836,45.73553368103331
1772937223.038368,-125.56832302605221
1772937223.0383759,-1190.1501378238188
1772937223.0383835,-1651.027677722488
1772937223.038391,-872.8679057992781
1772937223.0383992,42.85224750119785
1772937223.038409,-183.91078424844986
1772937223.0384169,-1223.4183154849613
1772937223.0384245,-1615.1011529707946
1772937223.038432,-819.2212672190466
1772937223.0384395,39.60741585876979
1772937223.0384474,-239.36419316685573
1772937223.0384552,-1254.9306512431924
1772937223.0384636,-1580.2246747570289
1772937223.0384712,-766.4750212768114
1772937223.0384796,38.45858056238713
1772937223.038487,-291.3960154174153
1772937223.0384953,-1285.8340219840923
1772937223.0385027,-1548.6258597179853
1772937223.0385103,-717.4403903397299
1772937223.0385182,36.768688388063104
1772937223.0385258,-341.28189292217417
1772937223.0385337,-1315.2608194942022
1772937223.0385413,-1517.9308770391394
1772937223.0385492,-670.0003972180543
1772937223.0385568,35.13952634694343
1772937223.0385647,-389.4613872705691
1772937223.0385723,-1343.1220688340327
1772937223.03858,-1486.695091471624
1772937223.038588,-622.2642306737808
1772937223.038596,34.15517857680218
1772937223.0386033,-437.54105808527606
1772937223.0386112,-1372.4828837673504
1772937223.0386188,-1457.811200089735
1772937223.0386264,-575.5924018974828
1772937223.038634,34.4969108247261
1772937223.0386417,-483.12200507389406
1772937223.0386496,-1400.2793683864274
1772937223.0386572,-1429.134934338348
1772937223.0386648,-530.1711155023852
