timestamp,value
1772935798.0874987,12893.170785265766
1772935798.0875382,15412.891444258757
1772935798.0875485,3171.3558218478634
1772935798.0875576,-12654.934585735087
1772935798.0875678,-21778.473797466435
1772935798.0875807,-22793.758162526607
1772935798.0875924,-20849.474108228558
1772935798.0876093,-19928.60596985527
1772935798.0876203,-19582.807051532156
1772935798.0876317,-18518.15115789528
1772935798.087642,-18115.963515586216
1772935798.0876536,-20204.650832627067
1772935798.0876656,-22868.9128346552
1772935798.087679,-21853.025922520475
1772935798.08769,-17033.576252822095
1772935798.0877025,-14600.514859974764
1772935798.0877132,-19692.491621231737
1772935798.0877242,-27636.2763283129
1772935798.0877357,-26472.067581803793
1772935798.0877469,-10588.21914299587
1772935798.08776,10120.429021848526
1772935798.0877774,18285.559406999164
1772935798.0877936,6954.2526399313765
1772935798.0878084,-13014.673249647047
1772935798.0878196,-24954.29403001787
1772935798.0878277,-23726.536382327482
1772935798.0878365,-18271.90895735021
1772935798.0878446,-17985.55998315271
1772935798.0878522,-21385.506299691155
1772935798.0878608,-21162.473883385308
1772935798.1034968,20764.08250343052
1772935798.1486633,11872.55442591213
1772935798.148682,-16522.95121039618
1772935798.148692,-36991.10979275712
1772935798.1878755,-25762.17267919484
1772935798.1879072,-28646.545337539574
1772935798.187924,-23408.89960611387
1772935798.187939,-8620.453769566897
1772935798.1879525,9289.174609355463
1772935798.2038844,17093.395108993915
1772935798.2993555,7526.41001691211
1772935798.299376,-6911.558955389673
1772935798.2993865,-22007.323431633366
1772935798.299396,-28636.528725560926
1772935798.299404,-24020.072281829118
1772935798.2994125,-14818.492318591356
1772935798.2994208,-11671.37167562631
1772935798.2994292,-18750.04865575441
1772935798.2994373,-28419.10232438164
1772935798.2994459,-27808.54525974303
1772935798.327371,-18301.349814006153
1772935798.3273973,-17763.457780360546
1772935798.3435209,-19313.4073795119
1772935798.3856213,-19612.04280843504
1772935798.3856456,-20195.193803787828
1772935798.3856556,-19677.235787343147
1772935798.385664,-18572.038380959846
1772935798.385673,-18039.390705692844
1772935798.3856812,-18932.198088211106
1772935798.3856893,-20817.64479093762
1772935798.4017,-21158.256766497543
1772935798.4740186,-19595.681450116062
1772935798.4740489,-18435.759873657433
1772935798.474059,-18811.505700020527
1772935798.4740684,-20696.979309892435
1772935798.4740777,-21865.366400485673
1772935798.4740865,-20579.21697188203
1772935798.4740949,-18289.05741543761
1772935798.4741037,-18295.104619252572
1772935798.474112,-21266.708861396386
1772935798.47412,-23478.204615989256
1772935798.474128,-21201.28350534699
1772935798.474141,-16516.129499013972
1772935798.4741492,-16280.44623634416
1772935798.4741628,-23353.764912982544
1772935798.474176,-29772.38769712143
1772935798.5222042,-15278.53616091401
1772935798.5222251,-15346.804661660799
1772935798.5222359,-22542.503154493035
1772935798.5222452,-28531.23083590326
1772935798.5222569,-19798.88633138763
1772935798.5222669,8873.277010696298
1772935798.522276,47033.00496298358
1772935798.6266253,14858.29820903768
1772935798.6266553,-4248.097184256706
1772935798.6266663,-17125.153735744003
1772935798.6266756,-18117.4437174078
1772935798.626685,-12969.266540880115
1772935798.6266942,-9662.382633854972
1772935798.6267035,-10340.520582949723
1772935798.6267123,-12328.133288435458
1772935798.6267211,-13540.830205014086
1772935798.6267297,-13997.417919548501
1772935798.6267445,-13381.588673846523
1772935798.626753,-10871.932669226957
1772935798.6267617,-8376.800743092494
1772935798.6267705,-10515.67360032357
1772935798.6267788,-17826.078617836058
1772935798.6267877,-21182.762613270246
1772935798.626796,-8115.464637047984
1772935798.6268044,21972.72043264815
1772935798.6268127,51042.04325522373
1772935798.642738,18131.6941313344
1772935798.6758132,-4641.22882712068
1772935798.6758378,-6689.81305853827
1772935798.6758485,6535.997945270479
1772935798.6758585,20418.80805441949
1772935798.6758673,20260.076465022645
1772935798.6919007,8402.947960042775
1772935798.7702303,-19386.86116226757
1772935798.7702484,-23728.42572039606
1772935798.7702584,-11399.254737544412
1772935798.7702677,-484.7874521960877
1772935798.7702763,-3719.005653085881
1772935798.770285,-15040.86353110722
1772935798.7702932,-19300.994314290692
1772935798.770302,-11665.565246549335
1772935798.7703102,-2742.123135383848
1772935798.770318,-4248.641148369007
1772935798.770326,-14031.611744980746
1772935798.7703335,-19121.80061066493
1772935798.7703414,-12514.654265022267
1772935798.7703493,-2421.3083202476873
1772935798.8174293,30841.00018477038
1772935798.8174467,14437.383628685344
1772935798.8174567,-7678.7838285039625
1772935798.817466,-16441.09867172427
1772935798.8174744,-10978.58390851561
1772935798.8174827,-5463.319669076869
1772935798.8174908,-9621.792115400982
1772935798.8585732,-11462.57368272528
1772935798.858601,-7091.978895536952
1772935798.858616,-6468.69609683004
1772935798.8586257,-14029.066103196972
1772935798.8586347,-20908.523250784703
1772935798.8586433,-11113.629318850344
1772935798.858652,20175.411922627005
1772935798.8586607,57772.48768123842
1772935798.8586693,78698.34248503174
1772935798.8877964,72515.77227495203
1772935798.8878164,48236.15402447479
1772935798.9358933,-14852.702815640272
1772935798.9359117,-22557.853798828422
1772935798.9359229,-11835.18901102646
1772935798.935933,-2875.921311380731
1772935799.05138,-4762.08361919983
1772935799.0514224,-12414.013345487421
1772935799.0514324,-16442.83137024103
1772935799.0514412,-12775.040306896508
1772935799.05145,-6431.850837497978
1772935799.0514588,-5074.864123667343
1772935799.051467,-10872.122245228868
1772935799.0514755,-17809.555255585325
1772935799.0514839,-16394.664921959273
1772935799.051492,-2407.6487007493006
1772935799.0515006,17282.0351405768
1772935799.051509,28194.076304663457
1772935799.0515168,20210.12203015963
1772935799.0515249,-1995.5695488695774
1772935799.0515325,-21085.258197765685
1772935799.0515404,-21507.440318907713
1772935799.0515487,-3075.071305009612
1772935799.0515568,19330.510892441067
1772935799.0515647,28906.85004112427
1772935799.0515726,19738.214264724964
1772935799.0515804,-1084.0023393676063
1772935799.0515883,-20043.74557574985
1772935799.0515964,-24543.815260805444
1772935799.0516043,-8155.642650894364
1772935799.0516124,24350.656835644113
1772935799.0516205,54823.617396793496
1772935799.051628,60213.003990754485
1772935799.0996077,68979.63651991854
1772935799.1317425,53296.394071514624
1772935799.182958,18913.927945478696
1772935799.1829784,-23752.875962917646
1772935799.1829884,-33883.73307186352
1772935799.1829965,-7477.563706888709
1772935799.1830049,32671.973501566776
1772935799.183014,56420.54915461827
1772935799.183023,49997.1693625678
1772935799.267378,21757.81470365115
1772935799.2673979,-7603.399112431512
1772935799.2674072,-19677.502566914158
1772935799.267416,-16003.886649537959
1772935799.26743,-8783.710528008362
1772935799.2674391,-6881.034732178817
1772935799.2674472,-9900.902838894192
1772935799.267455,-12901.25833922744
1772935799.2674632,-13113.131066630174
1772935799.267471,-11357.763009763976
1772935799.2674787,-9498.379883850062
1772935799.2674863,-8904.62539239958
1772935799.2674944,-10634.968930893447
1772935799.2675023,-14311.521731539917
1772935799.2675104,-15752.978739063796
1772935799.267518,-8125.7279436020945
1772935799.283342,48433.35195763572
1772935799.3767693,16072.29956867845
1772935799.3767912,-3074.0023578612154
1772935799.3768013,-16366.541899592157
1772935799.3768108,-17711.348609766304
1772935799.37682,-12220.706064008555
1772935799.376829,-8438.617725276501
1772935799.3768373,-9744.777094843843
1772935799.3768454,-13218.678399007918
1772935799.3768537,-14724.851443785445
1772935799.3768616,-13362.540600573144
1772935799.3768697,-11336.68139852846
1772935799.3768775,-11013.992328953167
1772935799.3768857,-12712.489959777828
1772935799.3768933,-14678.969215112877
1772935799.3769011,-14718.324944977832
1772935799.3769093,-12396.266463948274
1772935799.3769171,-10166.758373682947
1772935799.376929,-11491.801186663133
1772935799.3769367,-16361.862177299276
1772935799.376944,-18682.097434409137
1772935799.3769522,-10224.346114658741
1772935799.37696,10639.535147100314
1772935799.45006,-10947.85766416856
1772935799.4500854,-10272.05866006963
1772935799.4500968,-9494.796819779547
1772935799.4501069,-9776.273199798272
1772935799.4501169,-10630.614523143038
1772935799.450132,-10671.853107872243
1772935799.450147,-9745.82513649952
1772935799.4501607,-9253.081156224102
1772935799.4501696,-10083.778765437397
1772935799.4501784,-11156.41821307386
1772935799.4501877,-10855.930137586616
1772935799.4501965,-9496.21618270108
1772935799.4502058,-9175.84731035996
1772935799.4502196,-10830.433794056256
1772935799.450234,-12432.106177721842
1772935799.4502487,-11258.716228665977
1772935799.4502609,-7784.946793049655
1772935799.5213923,449.5959266656628
1772935799.5214121,17965.845954248576
1772935799.5214317,24053.25756233644
1772935799.55348,54740.87672051557
1772935799.6368215,27457.70620319573
1772935799.6368415,-11570.153759916733
1772935799.6368513,-26221.195799730798
1772935799.6368608,-14178.97569002945
1772935799.6368697,785.2636017556661
1772935799.6529603,64013.11850374052
1772935799.685001,49996.788410242036
1772935800.084677,24050.155715923716
1772935800.084712,-10223.366726300537
1772935800.0847385,-20888.93379966758
1772935800.0847647,-12239.918101345667
1772935800.0847912,-3253.3458561583266
1772935800.084818,-4918.774122449854
1772935800.0848444,-11914.04394749197
1772935800.084871,-13918.732118531267
1772935800.0848975,-9408.762237446215
1772935800.084924,-5571.986135969212
1772935800.0849428,-7441.697137899857
1772935800.0849507,-11724.108080220713
1772935800.084959,-12349.517189092649
1772935800.0849712,-8885.229133836785
1772935800.0849793,-6467.213048650878
1772935800.0849872,-8320.99985896116
1772935800.0849948,-11577.331492571308
1772935800.085003,-11675.76340883386
1772935800.0850105,-8709.70569935832
1772935800.0850186,-6982.896796943281
1772935800.0850265,-8845.222099914301
1772935800.0850344,-11569.105799948064
1772935800.085042,-11367.615477996836
1772935800.08505,-8673.854293834822
1772935800.0850575,-7360.812278503284
1772935800.0850651,-9236.807400522921
1772935800.0850737,-11606.340802453884
1772935800.085081,-11164.128319384226
1772935800.0850887,-8617.078777118584
1772935800.0850966,-7591.971524376111
1772935800.0851045,-9500.456866465152
1772935800.085112,-11613.459054683814
1772935800.08512,-10962.477653633658
1772935800.0851276,-8504.409778973024
1772935800.0851352,-7719.105235754474
1772935800.085143,-9688.310812703845
1772935800.0851593,-11603.114471263205
1772935800.0851667,-10756.221328319187
1772935800.0851748,-8355.474369085514
1772935800.0851824,-7794.324876760059
1772935800.08519,-9849.796914436392
1772935800.0851977,-11593.64013296292
1772935800.0852053,-10543.183949226805
1772935800.0852132,-8178.589488524804
1772935800.0852208,-7849.3273385151015
1772935800.0852287,-10024.399886211397
1772935800.0852363,-11613.338596002774
1772935800.085244,-10343.764544663705
1772935800.0852516,-8006.758582621705
1772935800.0852592,-7939.71853658687
1772935800.0852673,-10273.960553481656
1772935800.0852747,-11703.062214678008
1772935800.0852823,-10167.910399934412
1772935800.0852904,-7832.256388268604
1772935800.085298,-8051.982898631838
1772935800.0853057,-10567.179962160024
1772935800.085313,-11791.878660262317
1772935800.0853207,-9912.149806775815
1772935800.0853288,-7566.125658607907
1772935800.0853362,-8154.415094538549
1772935800.085344,-10914.50680944955
1772935800.0853517,-11871.567413509967
1772935800.085359,-9522.943501492813
1772935800.0853665,-7167.207676219118
1772935800.085374,-8295.727042395238
1772935800.0853815,-11432.110415923924
1772935800.0853891,-11995.180237042401
1772935800.0853968,-8915.075562158616
1772935800.0854044,-6544.779608557316
1772935800.0854115,-8609.387955152593
1772935800.0854192,-12465.575238558857
1772935800.0854266,-12318.572452359864
1772935800.085434,-7678.149884972599
1772935800.0854416,-5079.872432582073
1772935800.085449,-9426.661000528507
1772935800.0854564,-15935.911441001103
1772935800.085464,-14295.472769369808
1772935800.0854716,-963.9594625530932
1772935800.085479,15925.752563125046
1772935800.0854864,25684.11485263959
1772935800.085494,26529.719779477036
1772935800.0855014,24663.316380609067
1772935800.0855088,23158.045356577055
1772935800.085516,17029.131703957846
1772935800.0855236,2192.0664089097877
1772935800.0855308,-14395.019307234556
1772935800.085545,-19693.04510486175
1772935800.0855527,-10759.397707022377
1772935800.08556,-746.5129591558939
1772935800.0855677,-4017.4909204576666
1772935800.085575,-17174.59041230096
1772935800.0855827,-20968.656423889905
1772935800.0855906,-3427.0357168464197
1772935800.085598,23269.95448045947
1772935800.0856056,34169.91006042113
1772935800.0856133,19122.225587088793
1772935800.0856209,-6098.4127931856065
1772935800.0856285,-18302.503890669057
1772935800.0856361,-12402.333485155285
1772935800.085644,-3707.8847001254226
1772935800.0856516,-6292.0948815433285
1772935800.0856593,-15607.428015656807
1772935800.0856671,-16050.150982803812
1772935800.0856757,-1687.6502682335563
1772935800.085683,16859.68214514366
1772935800.085691,26418.124624925706
1772935800.1198368,26095.05327383411
1772935800.1198635,24106.15256822933
1772935800.1198735,23496.2362486968
1772935800.1198833,18024.1282719233
1772935800.2282684,1977.6091901027953
1772935800.2283,-11876.333475081243
1772935800.2283108,-16354.682506955636
1772935800.22832,-10765.896470833579
1772935800.2283282,-4308.553449915125
1772935800.2283363,-5076.505727545322
1772935800.228345,-10807.82312641574
1772935800.2283535,-13161.795803331666
1772935800.2283611,-9285.994892284047
1772935800.2283692,-5117.769362737552
1772935800.228377,-6589.7663893816525
1772935800.2283852,-11353.575522455383
1772935800.2283933,-12406.155938675596
1772935800.2284007,-8205.091836386651
1772935800.2284088,-4888.179492086761
1772935800.2284164,-7430.917193395821
1772935800.228424,-12291.598604388588
1772935800.228432,-12244.205830883617
1772935800.2284398,-6917.671131514378
1772935800.2284477,-3944.843280152116
1772935800.2284555,-8266.417525718058
1772935800.2284667,-14242.594313511805
1772935800.2284744,-12649.899047699646
1772935800.2284825,-4316.3855656858
1772935800.22849,-1178.5087926716692
1772935800.2284975,-10481.857531552036
1772935800.228505,-21076.5021789533
1772935800.3076153,-7711.087120257386
1772935800.3076484,-10776.975036449841
1772935800.3076613,-10284.671441966899
1772935800.3076704,-5893.760580537161
1772935800.3076797,-3144.636731466688
1772935800.3076882,-7186.795858222246
1772935800.3076978,-14653.830448610861
1772935800.3077068,-14543.142706895535
1772935800.3077152,57.13646965897456
1772935800.3077235,21544.788154800368
1772935800.3077328,32318.083621053054
1772935800.307741,22079.697521384598
1772935800.3077495,-370.0453595025763
1772935800.3077579,-15273.53821328669
1772935800.3397317,24181.856656886295
1772935800.3718946,25747.56449667084
1772935800.469384,5179.823753201669
1772935800.4694097,-10791.26894986682
1772935800.4694192,-14124.512481053822
1772935800.469428,-7525.817924606679
1772935800.469437,-2298.762876222748
1772935800.4694452,-4098.271070788429
1772935800.4694533,-8236.736970055117
1772935800.469462,-8467.786228323917
1772935800.46947,-5668.188353486197
1772935800.469478,-4995.034170300221
1772935800.469486,-7258.220560627541
1772935800.469494,-7917.9511763128985
1772935800.469502,-5050.260568652168
1772935800.4695103,-3607.8821680154456
1772935800.4695184,-8006.000306261024
1772935800.4695263,-12647.571255707242
1772935800.4695344,-5383.660031687108
1772935800.4695425,17418.38508281173
1772935800.46955,42694.61170790845
1772935800.469558,51682.1699834068
1772935800.4695656,38776.69077800407
1772935800.4695735,16174.577590071458
1772935800.4695816,-665.6524662139578
1772935800.4695895,-8043.163848287981
1772935800.6199055,-5933.188130858626
1772935800.619938,-852.5817719218275
1772935800.6199532,-2820.1463300747027
1772935800.6199675,-7308.9822106219735
1772935800.6199813,-7698.733254125757
1772935800.6199956,-4180.220205842398
1772935800.6200087,-2145.516079237078
1772935800.620022,-4173.974179437405
1772935800.6200352,-6994.066720148246
1772935800.6200483,-6641.19492216191
1772935800.620062,-3903.4528505720673
1772935800.6200747,-2755.3548649800377
1772935800.620087,-4637.5937271501425
1772935800.620098,-6714.069495067249
1772935800.620109,-6105.829503972337
1772935800.6201208,-3836.0803831365906
1772935800.6201315,-3132.8534775476924
1772935800.6201432,-4843.689058746619
1772935800.620155,-6452.823441008336
1772935800.6201673,-5779.321012809113
1772935800.6201806,-3920.4554162568543
1772935800.6201923,-3421.9337944388876
1772935800.6202035,-4558.679433569377
1772935800.658032,22649.689260387273
1772935800.6580586,33255.329008963694
1772935800.6580703,25219.762325103693
1772935800.6580808,4541.504933255022
1772935800.6580904,-12056.71918636831
1772935800.6581001,-13534.04423490762
1772935800.8850093,-7833.374057198224
1772935800.8850462,1423.4851840758859
1772935800.8850725,1740.144965578819
1772935800.8851037,-6086.091502196014
1772935800.8851123,-11667.253325513475
1772935800.8851209,-8168.220398574455
1772935800.8851295,-572.9480387904854
1772935800.8851376,1050.9232409629244
1772935800.885146,-5347.74696444213
1772935800.885154,-11185.990233491804
1772935800.8851616,-8599.971177514684
1772935800.8851695,-991.313004392921
1772935800.8851774,1313.963404154217
1772935800.8851857,-5089.211986862206
1772935800.8851936,-11727.273043146162
1772935800.885202,-9346.505669738768
1772935800.8852098,-720.8868872418259
1772935800.8852177,2370.6064249437936
1772935800.8852253,-5052.915909682091
1772935800.8852336,-13501.714112700063
1772935800.8852415,-10906.34761583991
1772935800.8852491,503.2417423200924
1772935800.8852568,5316.274839627151
1772935800.8852649,-5172.869973282825
1772935800.8852725,-19126.052922255316
1772935800.8852801,-16035.247482362494
1772935800.885288,7915.691979373148
1772935800.8852956,32218.672898362503
1772935800.8853037,33687.93758806572
1772935800.8853116,13085.64237893928
1772935800.8853192,-5156.926519479657
1772935800.885327,-582.862616317194
1772935800.8853347,20539.645687816483
1772935800.8853424,33604.50038549174
1772935800.88535,24138.800519824446
1772935800.8853576,2382.909797925182
1772935800.8853655,-11411.913293760785
1772935800.885373,-10635.57865895741
1772935800.8853807,-5961.126896358896
1772935800.8853884,-7285.027399293486
1772935800.8853965,-9468.354780759673
1772935800.885404,-569.1760268200441
1772935800.8854117,19129.677130664073
1772935800.8854196,33237.283780348196
1772935800.8854275,26846.93068183627
1772935800.885435,4278.14931610613
1772935800.8854437,-14891.704719517662
1772935800.8854513,-16775.74532712944
1772935800.8854587,-6381.728248785239
1772935800.8854663,1041.2265854576174
1772935800.9422412,36348.42556565918
1772935800.9422846,19172.838633949304
1772935800.9422963,-3195.6061071479207
1772935800.9423082,-13474.288416917056
1772935800.9423192,-10485.789236222834
1772935800.9423287,-4927.060159900027
1772935800.9423397,-4891.906020094093
1772935800.9423492,-8718.84132058714
1772935800.9423592,-10474.394094329464
1772935800.9423685,-8324.927016431675
1772935800.942378,-5542.983623106272
1772935800.9874597,996.547104815471
1772935800.9874878,20080.823047068203
1772935800.9874997,29764.298130243762
1772935800.9875095,21395.62044075102
1772935800.9875193,848.2656182994258
1772935800.987528,-16265.952341375953
1772935800.9875371,-19209.67449700292
1772935800.987546,-11210.479276969452
1772935800.987566,-3801.6234418201966
1772935801.111015,-7079.191515165505
1772935801.1110575,-13018.199896364526
1772935801.1110735,-14796.872699536782
1772935801.1110876,-11346.753009259322
1772935801.1111,-8189.882663461039
1772935801.111112,-9493.20613124225
1772935801.1111245,-13107.667543323067
1772935801.111137,-14262.872669519726
1772935801.1111495,-12018.520207833377
1772935801.1111612,-9923.19085615963
1772935801.111173,-10828.565997872047
1772935801.1111848,-13293.11486252585
1772935801.1111965,-14020.03241804107
1772935801.111208,-12401.640211545428
1772935801.1112194,-10974.60930831466
1772935801.1112316,-11688.305394524425
1772935801.1112432,-13410.35362466144
1772935801.1112542,-13822.107514414114
1772935801.111266,-12656.075342620128
1772935801.1112776,-11783.606011197042
1772935801.1112893,-12407.291188441915
1772935801.1113007,-13512.492403529317
1772935801.1113129,-13572.125404487271
1772935801.1113248,-12792.241943619849
1772935801.1113365,-12633.859599048328
1772935801.1113477,-13407.567462677926
1772935801.111359,-13473.291825627017
1772935801.1113744,-11265.813173907187
1772935801.1269748,31345.95122299654
1772935801.2274008,20467.910962734095
1772935801.2274215,-3218.3817053168955
1772935801.2274315,-21967.51979709058
1772935801.2274406,-23220.963105499588
1772935801.2274487,-12886.109085100408
1772935801.2274573,-6341.776855331292
1772935801.2274659,-10545.184162016258
1772935801.227474,-18159.94729618308
1772935801.227482,-18919.2996501792
1772935801.2274904,-12732.94502653756
1772935801.2274983,-8553.476827747756
1772935801.2275107,-11924.689076879482
1772935801.2275186,-17913.766665008403
1772935801.2275267,-18130.505783048815
1772935801.2275343,-12123.076172551668
1772935801.2275422,-8213.881671889521
1772935801.22755,-12635.099345238415
1772935801.227558,-20597.266026897953
1772935801.2275653,-20477.259330098124
1772935801.2275732,-6465.873637501759
1772935801.2275808,14692.23820509636
1772935801.2595816,30059.829242059295
1772935801.322848,18912.38139457558
1772935801.3228877,-861.2890496578981
1772935801.322899,-18509.843601379715
1772935801.32291,-23875.698361144336
1772935801.3229225,-16599.169681603118
1772935801.3229368,-6112.5472537383885
1772935801.3229516,-4181.146047259915
1772935801.3229654,-13970.72790261023
1772935801.3229802,-25074.680976459782
1772935801.3229952,-21997.45195312171
1772935801.3230093,-672.6911122883456
1772935801.3230224,24202.036062504605
1772935801.3230345,31989.285469503524
1772935801.4352467,56738.0938375636
1772935801.4834485,67693.00655673887
1772935801.4995244,72673.34592298414
1772935801.515624,44894.15944372674
1772935801.5156565,26200.31193335517
1772935801.5959208,53973.22074714802
1772935801.6446967,72671.70347436667
1772935801.7083566,70815.32189018134
1772935801.791709,8194.03813160741
1772935801.7917304,-22645.297066006362
1772935801.791741,-20489.633795513357
1772935801.791751,-11901.913150937251
1772935801.7917595,-16417.429715452963
1772935801.7917683,-19677.260894924133
1772935801.7917776,5638.708522966544
1772935801.7917864,59068.67715401268
1772935801.7917953,104315.5608288174
1772935801.791804,105138.65421032936
1772935801.8077655,62897.67222691089
1772935801.872089,51865.4801200351
1772935801.902149,11849.394845733665
1772935801.9021735,-10793.196192404223
1772935801.9021833,-19754.142113619953
1772935801.9021924,-19786.286457836184
1772935801.9022007,-14026.40748005179
1772935801.966422,32075.326624714646
1772935802.0146177,64386.4904449386
1772935802.0788817,99129.76977715516
1772935802.094977,59449.750133806
1772935802.1271415,52454.998084799605
1772935802.1664164,12325.16473747813
1772935802.1664433,-13182.989420457954
1772935802.166454,-22897.23712737278
1772935802.1664636,-19971.017934163694
1772935802.193342,14921.958834568486
1772935802.1933625,32260.733283722424
1772935802.2416444,60141.08676792977
1772935802.257594,24573.303542333822
1772935802.303799,54199.50786849585
1772935802.3038194,42589.13644651841
1772935802.3359416,51023.26104675437
1772935802.352024,38400.49923715243
1772935802.384105,49414.80681025201
1772935802.4001994,91586.44194653358
1772935802.4162602,86746.1837723399
1772935802.4323463,60689.69926495311
1772935802.472515,88086.22763710454
1772935802.47254,52559.842459995896
1772935802.5367432,77600.21822559719
1772935802.568895,52861.17660919167
1772935802.5940113,91138.65558816165
1772935802.594032,97670.66685651925
1772935802.594042,78963.00485709173
1772935802.6100712,41386.523265727934
1772935802.6261168,44674.971671516745
1772935802.6582801,22694.240834669974
1772935802.6583116,9322.089066229668
1772935802.6743405,32326.967934982156
1772935802.6903903,41371.225216843966
1772935802.7064514,95281.5481193825
1772935802.746623,57578.60140941697
1772935802.7466433,2538.95464307648
1772935802.7466533,-31163.53619507562
1772935802.7787578,8346.392261653327
1772935802.8269556,54190.46330746132
1772935802.8751292,70203.70586551087
1772935802.891265,35500.11999700534
1772935802.920359,13231.759826780424
1772935802.9203787,17831.199386906253
1772935802.9203894,28824.172494630468
1772935802.9364147,58133.44351416024
1772935802.990624,48224.00698325358
1772935802.9906487,7470.209885569198
1772935802.9906592,-5647.336097288265
1772935802.9906683,8074.320298846387
1772935803.0388143,53230.45394026418
1772935803.054932,25810.29048653163
1772935803.070972,45026.721631852975
1772935803.103066,21639.096062296976
1772935803.1452658,-2852.994863343585
1772935803.145288,-20580.163604565947
1772935803.145298,-19939.461842634635
1772935803.177402,35365.489441723075
1772935803.1934655,43592.446942496186
1772935803.2096045,18910.89984485416
1772935803.225634,-15097.067372966292
1772935803.2708104,39091.681513934614
1772935803.2708304,62414.807670874645
1772935803.270841,58478.517526093645
1772935803.3028786,61509.57793781911
1772935803.3511028,84806.87915067303
1772935803.3511274,64227.51211578688
1772935803.3671703,37398.8262753203
1772935803.431455,85769.47358311867
1772935803.455548,82566.9039467615
1772935803.4556077,46872.79135058527
1772935803.5037012,37292.77738728637
1772935803.5358715,-8138.7082718023585
1772935803.5519648,-30800.933914326033
1772935803.5519955,-31916.676039556005
1772935803.5840619,12692.144517643674
1772935803.6001346,43197.09038976734
1772935803.6483629,14154.609213919939
1772935803.6483862,467.7922615223006
1772935803.664453,1003.0031778374669
1772935803.7608008,40184.16812049893
1772935803.7768507,84762.07007078221
1772935803.7929385,44133.75826976585
1772935803.8411276,31731.523636612168
1772935803.8571775,41782.6405092481
1772935803.9536197,-4946.600459362654
1772935803.985759,-28138.20926800283
1772935804.0018008,-9031.195530321484
1772935804.0018332,5820.7428999730855
1772935804.0820923,40353.59385173261
1772935804.0981596,11427.30869382973
1772935804.1303997,11946.33795949895
1772935804.2266953,23955.352510834568
1772935804.274942,41297.620242907105
1772935804.3181489,78118.29833368417
1772935804.3181744,42564.860577094696
1772935804.3501723,61727.20042225251
1772935804.382338,31782.263448011945
1772935804.521965,61955.15521149283
1772935804.5219922,73457.06520566787
1772935804.5220037,75441.80790775908
1772935804.5220127,60635.95751407422
1772935804.522023,32210.751635394616
1772935804.5701056,75518.15699625418
1772935804.5861585,68811.80642332841
1772935804.602273,34143.692904886746
1772935804.6343544,29126.071438558756
1772935804.6825788,60930.87569534976
1772935804.6985948,37847.52201822149
1772935804.7147193,66485.18445011503
1772935804.7307537,29730.16735035109
1772935804.7950149,25707.521886870687
1772935804.827138,31857.87277432145
1772935804.875389,68624.53650934334
1772935804.8914025,35200.09259304146
1772935804.9718056,52697.18042746338
1772935805.0008771,56346.264825880666
1772935805.0009024,67085.84183934695
1772935805.0009158,64892.72081394421
1772935805.081194,33229.85102809705
1772935805.1454592,53616.75145654586
1772935805.176644,56852.56989849658
1772935805.1766663,63653.98320667218
1772935805.1766768,59236.31677800693
1772935805.3371947,60753.779980262014
1772935805.3534164,27220.203361307013
1772935805.375371,52199.34856823839
1772935805.3753972,24594.795315622116
1772935805.4075012,30021.874271642184
1772935805.5370927,13.048760517567397
1772935805.537126,-15824.961898256
1772935805.5371408,-25714.38858054955
1772935805.53715,-29908.27443971983
1772935805.537159,-31880.382886079686
1772935805.5371673,-34491.25257853414
1772935805.5371757,-34588.24625817019
1772935805.5371845,-25537.06768847943
1772935805.5371928,-8175.136768497601
1772935805.5372012,3765.7581730186866
1772935805.537209,-4786.104189483173
1772935805.537217,-31643.28422344482
1772935805.5372243,-55033.53081261509
1772935805.5372326,-54627.288954650445
1772935805.5372407,-33643.33576493488
1772935805.5372488,-15189.932572418656
1772935805.5372567,-15781.705512346905
1772935805.537265,-27545.37455645217
1772935805.5372732,-30664.640860053085
1772935805.5372808,-19866.24367964107
1772935805.5372891,-11021.354051300374
1772935805.5372968,-19761.632405467608
1772935805.537305,-40482.97610177462
1772935805.5373132,-53490.134473389284
1772935805.5373216,-50626.94744668871
1772935805.5373297,-44777.82288623667
1772935805.5373375,-49890.679072545056
1772935805.5373456,-58351.77018574027
1772935805.5373533,-47965.85996054027
1772935805.5373611,-12439.578964022827
1772935805.537369,23611.408583074397
1772935805.569208,27397.31367818694
1772935805.5852213,24754.609132960508
1772935805.6173847,-6931.142837092262
1772935805.6334553,-2139.8055851693434
1772935805.6495202,34203.38096816611
1772935805.6715996,54948.905163623014
1772935805.671625,32119.21816908327
1772935805.6876645,22422.05700815038
1772935805.7037344,54019.68951340537
1772935805.7197847,47666.44378809433
1772935805.7358427,23159.239081845037
1772935805.7599568,63861.071721687535
1772935805.7599804,49154.084453871386
1772935805.759997,14376.64198062957
1772935805.8242288,48207.541840064674
1772935805.8403523,19980.473694420903
1772935805.9527836,-22488.10582722595
1772935805.9808424,-14514.343188304809
1772935805.9808664,-11663.239163667009
1772935805.9808807,1683.0575817841766
1772935805.980894,5709.723670474952
1772935805.996928,-9304.540617392793
1772935806.0553308,39540.871160010705
1772935806.0553668,20325.479324077478
1772935806.071229,52525.206017055796
1772935806.1033552,11406.0296522726
1772935806.1194534,37231.098301074046
1772935806.1355324,17262.216231352417
1772935806.215827,42306.360092319745
1772935806.2751515,48313.251350096834
1772935806.275192,17498.39909865123
1772935806.3233645,11450.71526827565
1772935806.3395264,6025.19688844272
1772935806.38758,8166.821944178149
1772935806.4517975,14491.299452487416
1772935806.5000112,15627.77847066098
1772935806.5160873,-32243.602848803752
1772935806.5803504,4056.3013479900956
1772935806.5964391,-3087.4399939382524
1772935806.6385744,52095.99694892147
1772935806.6386068,22410.7684620272
1772935806.686761,6592.548385596276
1772935806.7029324,35714.364897153246
1772935806.718955,32899.55574511442
1772935806.7189803,15787.694206717295
1772935806.7711747,-22523.608338655453
1772935806.7712023,-67924.21785456003
1772935806.7712128,-90456.99291795587
1772935806.771222,-77123.88507220501
1772935806.7712307,-45458.3903744092
1772935806.8293808,-55395.99774499811
1772935806.8294067,-69469.3420509618
1772935806.8294172,-76059.01366633837
1772935806.829427,-67138.70962946741
1772935806.8615212,-14194.242001372659
1772935806.9097438,13726.934318909847
1772935806.9579036,9241.971556520222
1772935807.0221894,29632.283111975747
1772935807.0382457,1757.01427551312
1772935807.0543637,13300.774179183558
1772935807.198891,42173.78526283296
1772935807.21497,-6710.57075101408
1772935807.263146,-8285.101370031856
1772935807.2902536,28962.544371093118
1772935807.290288,45390.455178565826
1772935807.2903047,48677.245466662614
1772935807.3696537,25789.949333637134
1772935807.3696713,-5708.9813084347325
1772935807.465948,27955.396208852842
1772935807.6056025,40236.328045719165
1772935807.6056323,47383.40762629981
1772935807.6056442,33272.29970389404
1772935807.637664,-43336.481951685
1772935807.7019541,-29934.316831254026
1772935807.766196,-2634.0425403008016
1772935807.8466742,12562.997901696224
1772935807.9268615,5183.535450317163
1772935808.007234,-8800.478922071712
1772935808.0875971,-4251.30900302513
1772935808.1197236,27934.748901464434
1772935808.1577868,31447.62668405068
1772935808.1578074,35803.816445041564
1772935808.1738694,37774.05568319451
1772935808.2060132,29658.63234863977
1772935808.2222066,3552.8343571240416
1772935808.2672698,-52256.382620135904
1772935808.2672896,-73660.81636357062
1772935808.2673004,-50806.68335862684
1772935808.26731,-2818.8223627385496
1772935808.2673185,33873.04547158674
1772935808.3475833,10700.263019292375
1772935808.379717,-7487.491943184493
1772935808.4118533,-1403.8975857713838
1772935808.4279056,-20152.506594433387
1772935808.4590847,-17433.353735572175
1772935808.459124,-26714.559455042065
1772935808.459136,-47239.37817334327
1772935808.5233607,-61906.43684621446
1772935808.5393884,-58336.031749830276
1772935808.5765257,3202.0744441735446
1772935808.5765505,-5635.992645830555
1772935808.5765615,-38407.70333406659
1772935808.5765717,-64130.24476273753
1772935808.5765812,-61438.71842064455
1772935808.640786,-35802.52846955916
1772935808.6719403,35266.51165906337
1772935808.6719615,45119.57412492163
1772935808.6879969,-15998.02526198303
1772935808.7040489,-37810.25415564783
1772935808.7040706,-25394.419510535547
1772935808.7361798,7766.3923283200675
1772935808.7603464,35351.373863626904
1772935808.7603695,42378.3355966856
1772935808.7924726,-8493.980619122874
1772935808.8496344,-31168.685885521496
1772935808.8496552,-45776.058710279984
1772935808.8496652,-59948.75346206148
1772935808.849674,-73778.3466998854
1772935808.8496823,-79865.92618501256
1772935808.849691,-70367.84730823342
1772935808.8496988,-42479.939927873624
1772935808.8497071,-926.8677691735141
1772935808.881778,-1952.5075858718678
1772935808.918912,-23263.931281627934
1772935808.9189305,4934.028112932071
1772935808.9189408,19222.66909974647
1772935808.91895,11297.555136613342
1772935808.9641151,11778.264772196222
1772935808.964138,-50728.46555374476
1772935808.9641483,-84380.81315676919
1772935808.9641569,-70709.4436704033
1772935808.9641652,-31802.679811025282
1772935809.003346,-770.7256945746243
1772935809.0033708,9315.080544970971
1772935809.003384,6532.582866934642
1772935809.0033965,152.62644145461545
1772935809.0353909,-51715.7171606963
1772935809.08361,-55186.05638873706
1772935809.083641,-41688.11437515722
1772935809.1057131,-88504.55414536208
1772935809.1057675,-61714.773119023965
1772935809.1057816,-17275.36742307195
1772935809.186016,-33170.88038216442
1772935809.2422636,-84852.76685633654
1772935809.2422872,-70194.77280755287
1772935809.2422976,-26778.484870525226
1772935809.25839,17776.77531966158
1772935809.3225996,30828.32402740806
1772935809.3387103,6289.501170322457
1772935809.3607824,11446.53636325617
1772935809.360812,-47699.01653434308
1772935809.3608227,-76423.32825527662
1772935809.3767855,-50121.32175869033
1772935809.3928795,8616.176140812931
1772935809.5034363,51529.2223683725
1772935809.5034556,51962.96755984968
1772935809.519395,28597.645664437467
1772935809.5516515,20194.63589215611
1772935809.5836303,39740.108485628916
1772935809.64793,59712.426280510655
1772935809.712178,44886.16154759831
1772935809.7384133,35079.356163111086
1772935809.738439,20225.874787966375
1772935809.7385013,12000.021471794695
1772935809.8266313,50309.83838150483
1772935809.8266587,32393.88703725531
1772935809.8266692,-4694.973035203278
1772935809.90603,37920.34047174704
1772935809.9060616,36394.1425731889
1772935809.9823253,30956.821331006508
1772935809.982344,29810.437019434466
1772935810.04658,38679.758278186564
1772935810.0626223,47818.857655884356
1772935810.1268947,38852.70762066582
1772935810.1540484,39401.706862044484
1772935810.1540687,27373.328380007777
1772935810.1540785,8571.399933980389
1772935810.2182653,36776.07866999298
1772935810.2423735,24040.077869743483
1772935810.2424107,5914.357344515815
1772935810.3217468,36068.41473753071
1772935810.3217747,31470.269037642098
1772935810.3217857,29707.12846144662
1772935810.3859832,33217.60798287375
1772935810.4020424,37078.374863301564
1772935810.4020672,35895.308006304374
1772935810.4502604,31328.878060971896
1772935810.5144928,29757.00859631742
1772935810.5466416,33384.63329792091
1772935810.5627367,37154.75638369394
1772935810.5948043,35800.86570296787
1772935810.6108823,31181.666153024944
1772935810.6269364,29730.375614126504
1772935810.6430013,33500.534896743426
1772935810.6891885,37278.544200823344
1772935810.6892092,35792.96524665065
1772935810.6892197,31050.54735962338
1772935810.7054286,29611.31993475587
1772935810.7213612,33538.137434570584
1772935810.8006594,37449.96715526531
1772935810.8006797,35917.653939368574
1772935810.8006897,30955.239253407937
1772935810.848876,29356.934001404203
1772935810.8649127,33407.971653418565
1772935810.8890517,37677.75922141986
1772935810.889079,36317.73749053979
1772935810.8890903,31016.051275558275
1772935811.0336368,28836.486576717754
1772935811.049696,32834.143968171156
1772935811.0657587,37927.00450975135
1772935811.0978987,37432.18892466619
1772935811.1139476,31673.46070800705
1772935811.2107122,27630.248097046206
1772935811.2264364,30538.382853465155
1772935811.3067448,37829.63307186794
1772935811.3389432,41855.030780832836
1772935811.355019,36777.09951801366
1772935811.5316567,21984.011685451005
1772935811.6120048,853.8070902667567
1772935811.6280704,19878.719028854644
1772935811.6923523,33660.84841713659
1772935811.7565703,23805.75364913197
1772935811.7565963,-6007.473207634997
1772935811.820907,36479.136440757065
1772935811.8369124,16882.39688472131
1772935811.8680964,30308.8108438424
1772935811.8681169,15694.971357028251
1772935811.8681266,6546.176705139794
1772935811.9323514,48108.34821005815
1772935811.956395,39327.237072073025
1772935811.956431,-5039.592552291434
1772935811.9724755,14954.295688727205
1772935811.988551,-7041.301111401997
1772935812.0688996,16453.795869915204
1772935812.181347,32754.92715503963
1772935812.24561,-12090.441962953568
1772935812.3098552,-14742.977512523226
1772935812.4383705,5108.490503966544
1772935812.7275543,32774.481237883985
1772935812.743611,694.1543622502703
1772935812.8078952,-7367.3826590642775
1772935812.9043531,-11599.117965495803
1772935812.968542,-5409.753176968923
1772935813.0649366,3238.2403492974527
1772935813.1292615,648.6829617884792
1772935813.1453514,-13441.081455469224
1772935813.1934917,9661.599533904411
1772935813.2095354,-4482.7722798129735
1772935813.225669,31934.754820565806
1772935813.2547193,22261.659678172113
1772935813.2547402,-3352.70713180387
1772935813.2868612,11631.249651086915
1772935813.3190284,-7048.694840949953
1772935813.3832743,25217.387360067423
1772935813.409391,22631.518845881503
1772935813.409413,19420.500870628257
1772935813.4094243,20459.07527248484
1772935813.4575624,24702.99648570669
1772935813.4736428,25981.406342770213
1772935813.5379388,21716.72651213888
1772935813.5700235,17570.060606147264
1772935813.6343153,20420.44401407349
1772935813.7306716,27978.84982069277
1772935813.7467294,29236.429794979722
1772935813.7628548,16610.732383023627
1772935813.7949488,-5000.468018498674
1772935813.8753784,17719.762766677526
1772935813.8913724,29362.848611929796
1772935813.8914025,15655.431399415076
1772935813.9073992,-8930.483558076068
1772935814.0359156,18003.915852024726
1772935814.052014,18374.011095691465
1772935814.1163473,23017.199771769705
1772935814.1484368,25318.1141925354
1772935814.2209456,21500.249883717865
1772935814.22097,16684.91566812954
1772935814.2368166,18195.042194741378
1772935814.2368646,24635.659982342997
1772935814.3653529,26683.12109554071
1772935814.4044588,20179.844864423812
1772935814.40448,13698.351998025835
1772935814.4044893,18027.86890901324
1772935814.4044976,29634.339764557106
1772935814.4848347,31320.869480309495
1772935814.5641105,12813.611926954203
1772935814.5641372,-13462.415373775788
1772935814.6765723,17993.654393002078
1772935814.6926973,22954.423800870612
1772935814.72379,25040.221384228636
1772935814.723816,20100.939588192763
1772935814.8202,15037.063783163392
1772935814.8684027,19397.178156787053
1772935814.9004896,29208.759091028587
1772935814.964822,25479.474901595197
1772935815.0561864,25256.779232169167
1772935815.0562148,-12525.898755017195
1772935815.120438,-17233.360528759687
1772935815.618478,-13052.042280924034
1772935815.698769,-5172.714427077146
1772935815.8112788,25406.77033437159
1772935815.8273394,-17260.46744792673
1772935815.843388,-26037.65186833279
1772935815.937817,16736.46344957168
1772935815.9378426,20080.99781970315
1772935815.937856,19195.1028936135
1772935815.9538379,15031.474681824111
1772935816.018084,13422.688554710987
1772935816.0984387,16973.85551233275
1772935816.194821,20956.840502518186
1772935816.1948516,19521.5694065455
1772935816.3234065,14178.692089301185
1772935816.3394525,12395.696421251225
1772935816.5965204,17325.70837601144
1772935816.6446912,22580.463099674344
1772935816.660746,20282.408954573297
1772935816.7250595,12469.614505525273
1772935816.7893708,9870.20801331117
1772935816.8374946,17888.875998936302
1772935816.8535883,27472.06816541646
1772935816.8536131,23977.04269280955
1772935817.0051944,4653.636587601245
1772935817.0052242,-16465.50276659557
1772935817.021256,18927.09532055195
1772935817.0533667,20128.67786600565
1772935817.10156,15916.232056187035
1772935817.1015813,12013.557425817879
1772935817.1658273,14794.28262672941
1772935817.1919692,21242.97239291764
1772935817.1919944,21560.5282261493
1772935817.2079997,13355.740864822716
1772935817.2401621,7980.118094036702
1772935817.2561967,16472.064973119388
1772935817.3204713,30193.606152325865
1772935817.3365693,32726.738984827378
1772935817.336593,14959.031981445978
1772935817.3526063,-26647.178935075262
1772935817.400809,13163.083800835067
1772935817.4168763,17867.70224088793
1772935817.5453863,20143.89188442418
1772935817.5614417,10502.323872144483
1772935817.593588,-9292.01225925978
1772935817.6578295,16338.675756210072
1772935817.738227,4309.569478806067
1772935817.7542813,-13563.225089914169
1772935817.8184867,34503.97179902963
1772935817.8185089,8546.607184033288
1772935817.8827665,-36277.79341109091
1772935817.9309604,-19007.19852756494
1772935817.9470172,27055.709786525273
1772935817.9630833,21998.54524751949
1772935818.1559286,-18295.70401018948
1772935818.3004665,-31044.18922586073
1772935818.3968751,-24037.643748391598
1772935818.439052,13596.459404935302
1772935818.439092,20507.67868240402
1772935818.5494916,21664.970046400802
1772935818.5495126,17276.164432650054
1772935818.5495224,-1536.4726336143092
1772935818.549532,-20822.82788354847
1772935818.6911473,8104.081273874419
1772935818.6911855,9261.62169823143
1772935818.7181964,14126.406860149309
1772935818.7182176,17139.680073698913
1772935818.718228,8885.949299105772
1772935818.7342465,14096.88532927725
1772935818.766415,-15045.767326600608
1772935818.798507,18492.28021712815
1772935818.7985268,1111.8826506012017
1772935818.8145752,-27359.067305188546
1772935818.8467717,-10282.614215168724
1772935818.8788607,17151.322770312217
1772935818.902941,2401.936742671258
1772935818.9029603,-24728.935238938087
1772935818.98335,1620.2633720747979
1772935819.1118128,6188.167085742465
1772935819.127872,16399.71862097925
1772935819.1750383,13294.164929590706
1772935819.1750546,-18719.402306638003
1772935820.8780727,2591.15368794869
1772935820.894152,-35209.63184902282
1772935820.910234,-22975.206344373244
1772935821.0036528,9278.840718014204
1772935821.0036747,1705.5886662746464
1772935821.0196605,-15885.160663303546
1772935821.051763,12589.64612267696
1772935821.067872,4358.944891064986
1772935821.0839097,-23950.20826351755
1772935821.1481864,16320.703048178699
1772935821.1713936,3319.0049998816226
1772935821.171414,-30885.21951736557
1772935821.1873195,11965.872649002418
1772935821.2195103,7619.5959867866295
1772935821.2195497,-25961.7795133043
1772935821.2516236,4913.826579872459
1772935821.251649,-3784.93394352337
1772935821.2676787,-6952.5534916986135
1772935821.2837203,3194.7471856871816
1772935821.3319433,15349.769382453207
1772935821.4283397,6394.413242770559
1772935821.4443908,-32854.84123194469
1772935821.4926088,-40066.34264686169
1772935821.5568569,-31111.994483507635
1772935821.5729344,-5.841723372584362
1772935821.621178,-3.9217534770196485
1772935821.6372669,-0.9929969798406653
1772935821.6532416,0.38146354362510465
1772935821.7174947,0.1289181988515229
1772935821.8219473,1.2321161151158275
1772935821.8219688,0.6700439988319981
1772935821.82198,-0.4649243715227576
1772935821.870145,0.008547246106670854
1772935821.9023485,2.22994746937257
1772935821.9023733,0.871508249637435
1772935823.589214,2.7547732161690774
1772935823.620373,3.3969577704902814
1772935823.620394,2.749463953032282
1772935823.6363847,4.727083403862666
1772935823.6524875,2.293269117032617
1772935823.6685765,-0.2582881562791856
1772935823.7327924,0.6607737789902409
1772935823.7488656,2.0049517036555704
1772935823.8613362,6.317723391821174
1772935823.8773687,3.2102443335335202
1772935824.0060067,-0.2716778568170886
1772935824.0220397,2.268747785054356
1772935824.0540752,1.1882811246287797
1772935824.086236,1.8251402306662416
1772935824.0862596,-1.2626346668015012
1772935824.1986787,-2.239500163823012
1772935824.2629683,0.7244291320021163
1772935824.279057,1.2951808073759379
1772935824.3593864,0.8069305507797273
1772935824.4075444,-1.7438186860294345
1772935824.4396713,-1.7001714535972507
1772935824.5360353,1.6499962046707386
1772935824.5682085,1.721548111033845
1772935824.600343,1.5575059052474927
1772935824.6435044,-0.16944523718866183
1772935824.6435263,-1.3524187267392562
1772935824.659572,-1.2602488480257434
1772935824.691736,-2.2130057367914566
1772935826.3143895,-0.34835628205849445
1772935826.3304758,-1.1473299410550157
1772935826.3625863,-1.0190688438608009
1772935826.3786416,-1.1607776255873843
1772935826.394701,-1.4380558435015813
1772935826.4569805,-1.1216930602054254
1772935826.4570055,-1.1153910869992625
1772935826.457017,-1.4749835990283
1772935826.4730017,-1.880334617539795
1772935826.5533547,0.6699481594997061
1772935826.6336467,0.20444420574115316
1772935826.665796,-1.5192610714042623
1772935826.6979632,-1.494010742744486
1772935826.7139893,-1.3564809901707036
1772935826.7943363,0.0857297374431571
1772935826.8104072,-0.33611090423942985
1772935826.8586097,-1.1576983235102785
1772935826.8746765,-2.113424494251002
1772935826.9228976,-1.651971841387225
1772935826.9389887,0.29939057488043036
1772935826.9550724,-1.8457702107619125
1772935827.0353425,-1.1090554720829493
1772935827.0514188,-2.239332299838972
1772935827.0674849,0.576360036015875
1772935827.0675132,1.8558602516893625
1772935827.1477933,0.4922441472024316
1772935827.1638815,-4.095734459917394
1772935827.1799383,-4.444822970563333
1772935827.2120855,-0.28195115999910514
1772935827.2281132,3.6534494247878833
1772935827.2441988,0.8547642040076928
1772935827.2713785,0.05169781020887695
1772935827.2714005,0.38585200862544045
1772935827.2714105,2.6392141865566923
1772935827.2873988,2.000731651924047
1772935827.303691,2.0759339347271997
1772935827.3194928,1.2134765930346916
1772935827.3837712,-0.6616036461263908
1772935827.4189422,0.31148516999001025
1772935827.4189725,0.09513678124047643
1772935827.4189873,-0.8930810417762547
1772935827.419002,-2.3565918461640893
1772935827.5313847,-4.49405619599903
1772935827.5956397,-2.3371610984407183
1772935827.627802,-3.1114169820025954
1772935827.6438315,-3.3107807453520746
1772935827.6438584,-3.9446983728882308
1772935827.6759632,-4.131843466198397
1772935827.6920855,-3.268102218848265
1772935827.7081015,-2.310030676289669
1772935827.7392728,-0.9180287349694861
1772935827.7392993,-2.0517129799203895
1772935829.1049068,-0.37053405817922
1772935829.1690764,8.796329172588809
1772935829.185218,9.712531295708317
1772935829.2012393,7.001942838436438
1772935829.258476,8.347127160525742
1772935829.2585013,6.1008484333152575
1772935829.5155349,10.557063715045576
1772935829.657127,20.856842216451902
1772935829.6571643,15.270401049717295
1772935829.769595,11.951266697279545
1772935829.9724157,9.346912523485301
1772935829.972443,5.881738874629564
1772935829.9724567,5.084850890177384
1772935829.9884872,4.397377553239815
1772935830.0528636,1.0778675589230067
1772935830.0688124,-1.5619132709246406
1772935830.0688362,-2.9119680777723564
1772935830.1009307,-1.5968742843520498
1772935830.1170216,-0.9465614742652435
1772935830.1481297,-1.7586443166186796
1772935830.1481504,-2.674774455031568
1772935830.2123954,-5.0494272316058275
1772935830.2606647,-3.760817167908369
1772935830.2766879,-2.167937271298961
1772935830.340948,-1.2386758935436435
1772935830.9353807,-3.123743117129698
1772935831.0157106,-7.8763305942644575
1772935831.03178,-5.621776239856813
1772935832.3330843,-3.282276764267707
1772935832.5259411,-0.44554600248549353
1772935832.7668836,1.5773642025123227
1772935834.566338,-0.9205283302297664
1772935834.6465905,-4.508150295105663
1772935834.951882,-4.678342413089148
1772935835.0643373,-1.435499418590979
1772935835.1285617,-0.25830842555260214
1772935835.208896,-1.8817301763954162
1772935835.4338274,-4.324176518724565
1772935835.4659622,-5.087737123540841
1772935835.5463822,-4.678798171825029
1772935837.2493248,-3.3414065180405634
1772935837.329619,-2.912950933777627
1772935837.5063784,-2.014355438542226
1772935837.6669943,-0.5549077979394135
1772935838.241376,-8514.213720789163
1772935838.2414079,-29595.956708944523
1772935838.2574112,-39468.217009525186
1772935838.3377771,-29597.97029104658
1772935840.0407195,-8516.090633844908
1772935840.8600972,6863.589410121752
1772935843.639504,7730.493316181658
1772935843.896531,-6.169641194457088
1772935846.579516,-4699.97484658918
1772935846.9168694,-1916.4409576766695
1772935847.8978622,-86795.93719629875
1772935847.8978884,-139477.54503270102
1772935847.897899,-165000.61669314606
1772935847.8979084,-145501.67062902372
1772935847.8979173,-90649.88022844339
1772935847.9902492,-129836.49310343391
1772935847.9902804,-94054.6927565463
1772935848.0545049,-98981.68052126798
1772935848.2794695,-95732.77040646035
1772935848.2955277,-89092.678256306
1772935848.5526705,-131172.6407605877
1772935848.5776775,-144407.4790274297
1772935848.577706,-135459.39354420363
1772935848.5777159,-91715.16793557987
1772935848.6258795,-87320.93507483939
1772935848.6599982,-130162.50665162373
1772935848.660024,-142340.4694254403
1772935848.660034,-132348.94779902755
1772935848.6600432,-88732.22888476262
1772935848.6921697,-85395.76418640248
1772935848.7403328,-129023.85743275318
1772935848.765421,-140721.2166989667
1772935848.7654507,-130005.04548882291
1772935848.765467,-86175.87217227575
1772935848.8769047,-137525.23799474412
1772935848.876928,-124293.40597067362
1772935848.8769388,-83449.03186903961
1772935848.9089987,-84492.49780042381
1772935848.9491923,-137578.6714988704
1772935848.949217,-122900.05834747928
1772935848.949227,-79727.54016153284
1772935849.0134537,-80881.99994991532
1772935849.1028066,-123905.26021769254
1772935849.1028273,-80186.0648341985
1772935849.167047,-122572.20457361631
1772935849.1962097,-131640.6121292545
1772935849.1962323,-120442.45441685645
1772935849.1962428,-78653.45044525934
1772935849.2604773,-77297.23627068492
1772935849.3779373,-108872.33847298149
1772935849.3779612,-119272.48085944758
1772935849.3779707,-129915.64756584624
1772935849.3779793,-118082.09815328245
1772935849.3779876,-74379.23211956155
1772935849.4382522,-126989.22752618222
1772935849.4382744,-114220.16551446021
1772935849.438285,-72598.28619973555
1772935849.5184972,-115143.87290621822
1772935849.5185187,-71455.33113519849
1772935849.6861777,-114328.65875301106
1772935849.686198,-123608.88281969393
1772935849.6862085,-112064.8891886161
1772935849.6862173,-69846.22651030758
1772935849.7424228,-108833.26696947255
1772935849.7424464,-100455.44383456648
1772935849.742457,-100004.68090042358
1772935849.782578,-111643.04173145075
1772935849.7825985,-121470.74806009134
1772935849.7826085,-107970.06740667438
1772935849.782617,-64082.94836946895
1772935849.8217764,-118166.6448403715
1772935849.8217976,-106478.45315867668
1772935849.8218093,-64057.928480181974
1772935849.8378065,-105029.0063627373
1772935849.8378313,-61241.32604530645
1772935849.9021044,-103188.67680611176
1772935849.918137,-61335.93011315647
1772935849.9503272,-61246.68385225037
1772935849.966322,-102421.8591833317
1772935849.9824133,-58673.26631367141
1772935849.9984689,-112982.34421971739
1772935849.9984946,-101182.29795465928
1772935850.014521,-58530.235746994156
1772935850.0627651,-112000.83149942376
1772935850.0888855,-98547.94095238205
1772935850.0889225,-55824.50799834648
1772935850.104929,-56255.10892278564
1772935850.1691546,-56413.1843910431
1772935850.201295,-55514.323137544976
1772935850.2334464,-54505.79661791835
1772935850.2655652,3092.3389222799915
1772935850.3730557,-67079.83394139251
1772935850.3730896,-84988.54545655215
1772935850.3731015,-62978.66356654406
1772935850.7425263,-62258.39571725864
1772935850.8068316,-50177.5564913971
1772935850.9674346,-43191.17478795247
1772935850.999581,9671.862099125143
1772935851.1281133,46022.07988718894
1772935851.2245421,58486.07851803974
1772935851.4174116,54110.2885561404
1772935851.7315836,-54489.12722660736
1772935851.7316065,-56379.801818622065
1772935851.9565318,-64093.10821956737
1772935852.2246535,-83109.29867621178
1772935852.2246828,-72019.24578267659
1772935852.2246945,-86162.80917868638
1772935852.2247045,-104302.37457686626
1772935852.2247145,-93272.97904060927
1772935852.224724,-44454.385850393264
1772935852.4656484,-72695.17904664908
1772935852.4656725,-85631.87336541244
1772935852.4888115,-99977.10025610113
1772935852.4888458,-87915.71095508379
1772935852.4888573,-41139.241560504444
1772935852.5048475,-37835.137346163574
1772935852.5489688,-72847.04027027948
1772935852.5489895,-75876.85317332737
1772935852.5489995,-86375.57211008423
1772935852.5490088,-92328.72545065575
1772935852.5490177,-77764.241125387
1772935852.5651305,-36998.51131104548
1772935852.5810993,-72624.13247444479
1772935852.5811272,-82832.45142378703
1772935852.6052213,-89325.26254853237
1772935852.6052496,-75331.81134382004
1772935852.6213074,-34463.517637185505
1772935852.637411,-90205.27653093702
1772935852.637437,-77102.39678756824
1772935852.653534,-32176.482346679757
1772935852.6694276,-72641.20722600562
1772935852.6857264,-31733.243282829153
1772935852.7016208,-66290.27443367876
1772935852.7286973,-76103.80715430669
1772935852.728724,-83210.64611128649
1772935852.7287343,-69950.8188401224
1772935852.7287436,-29044.251760010648
1772935852.753833,-84015.70176382831
1772935852.7538598,-70706.76458093601
1772935852.7698517,-26357.10093981007
1772935852.8160827,-65440.60132288525
1772935852.8161032,-59795.94553178563
1772935852.816113,-60575.161360907514
1772935852.8161218,-70356.5212293615
1772935852.8161297,-78032.25647613737
1772935852.8321164,-65268.231172230844
1772935852.832141,-24145.355003644065
1772935852.8723247,-67306.86310167669
1772935852.872348,-23746.71396894928
1772935852.9064422,-55666.648671048046
1772935852.906474,-55218.46549092023
1772935852.9064846,-67379.3223506735
1772935852.906494,-77732.7092109581
1772935852.906503,-64137.78564827097
1772935852.9227214,-19635.3325005085
1772935852.944584,-53307.04351249351
1772935852.9446173,-54280.30577158068
1772935852.9446304,-65767.02219779999
1772935852.9727159,-74326.90342145885
1772935852.9727376,-60281.14610542023
1772935852.9727478,-17068.667467422583
1772935853.0109031,-52086.69027247376
1772935853.0109897,-63342.420505153954
1772935853.0110023,-71747.16781342686
1772935853.0110118,-57696.829411792234
1772935853.0110211,-14485.090444840835
1772935853.5691736,-67275.22215377518
1772935853.569194,-53769.76187716562
1772935853.569204,-9961.08294438314
1772935854.099352,-8514.916458198697
1772935854.1556785,-41714.90040511094
1772935854.155722,-42398.4776636071
1772935854.1557364,-52754.37346214044
1772935854.1557488,-60609.242682108685
1772935854.1557631,-47272.71229110831
1772935854.1557727,-5852.10363861411
1772935854.187728,-6520.114045091681
1772935854.2039232,49502.37778637541
1772935854.2359214,37381.686015041545
1772935854.5733347,7964.781693277504
1772935854.6666727,-56810.42409337987
1772935854.666692,-16498.557146746847
1772935854.8433638,-3924.7208923850394
1772935854.962948,-27251.759172659687
1772935854.9629664,-40365.463127990304
1772935854.9629815,-57428.26001105118
1772935854.9789772,-47180.54681142956
1772935854.9790027,40.141545649811626
1772935855.054325,-33900.63030851304
1772935855.0543487,-28412.352632108275
1772935855.0543585,-33078.402520444826
1772935855.054367,-44932.55785173866
1772935855.0703497,-50213.69704946334
1772935855.0864,-34064.45312608644
1772935855.086424,6621.795067041798
1772935855.2149055,-38071.99289181791
1772935855.2309477,2506.2613410558256
1772935855.2952385,6185.0409759527665
1772935855.3273711,-43291.99304618519
1772935855.327406,-31976.76320689253
1772935855.3434231,6248.502444651384
1772935855.385573,-37853.3355453176
1772935855.3856015,-44157.855711803146
1772935855.3856118,-29073.6671873379
1772935855.3856204,11684.926445932486
1772935855.416741,-34578.550611832274
1772935855.416768,-44542.435506871254
1772935855.416778,-29534.41509604872
1772935855.4327824,14748.439203138278
1772935855.4488685,-29347.70552068287
1772935855.4729524,-41435.72386795873
1772935855.4729793,-29795.436706594042
1772935855.47299,14593.012624537398
1772935855.525231,-15331.19728704596
1772935855.5252674,-26698.98782424717
1772935855.5252793,-38698.14166575759
1772935855.5252888,-26914.43389921756
1772935855.5252984,17514.666858400495
1772935855.54125,20300.57116273627
1772935855.5844142,-22413.69929384731
1772935855.584436,-22212.290012116417
1772935855.5844505,-15634.567482207547
1772935855.584463,-12322.063466687076
1772935855.6004934,-20342.533905837452
1772935855.6256115,-30831.07297472136
1772935855.625636,-21560.77578193905
1772935855.6256464,19832.715032662498
1772935855.6417053,-17869.91267187491
1772935855.6577525,26145.8060827697
1772935855.684916,-7785.244183665045
1772935855.684935,-21357.341014559075
1772935855.6849456,-30597.542990396578
1772935855.7079065,-14799.747822554815
1772935855.7079284,29312.192417402195
1772935855.7239819,-13486.455541815352
1772935855.7400763,24468.87828743998
1772935855.788349,-17139.409154741654
1772935855.7883759,-9954.147584882681
1772935855.788386,-237.13853691521845
1772935855.788396,-2405.366924038779
1772935855.7884047,-17321.87638731733
1772935855.7884138,-26433.591833625902
1772935855.7884223,-8891.826709291983
1772935855.7884307,36394.109907186066
1772935855.8404963,-7911.145403484328
1772935855.840515,-13433.904722317244
1772935855.8405252,-7853.724712535586
1772935855.8405342,2531.5734811627417
1772935855.8405433,2168.528214840397
1772935855.870582,-12588.905307418056
1772935855.8706086,-23426.47124141837
1772935855.8706188,-6748.109926384451
1772935855.8706276,40068.3834590166
1772935855.8866625,38108.25030530716
1772935855.9559565,-13493.857484856917
1772935855.9559789,-24513.586633555165
1772935855.9559896,-1809.9131171495303
1772935855.9559996,50839.026586884414
1772935856.084482,39599.45954441947
1772935856.11661,-2437.027223469261
1772935856.1560404,-3496.2977646856393
1772935856.156083,-4086.535836767872
1772935856.35759,-993.5859692274216
1772935856.3576193,-561.4782632306507
1772935856.4700933,380.9996695426973
1772935856.5022802,-2014.0561837417679
1772935856.5563903,-1212.0811989906956
1772935856.556414,-1011.4762865332924
1772935856.7973897,54648.50187398799
1772935856.8295312,41224.608554732265
1772935856.8455985,10050.637313174635
1772935856.925922,-11622.70811689966
1772935857.0956435,-10483.535862540148
1772935857.0956683,1048.6464886075407
1772935857.0956795,6186.3201730667015
1772935857.136848,2248.4010917527053
1772935857.1368668,-6051.916456054457
1772935857.24931,49741.683957905305
1772935857.26532,40750.99384731406
1772935857.66696,13677.376859644348
1772935857.7744417,-10070.578760331242
1772935857.7744732,-15958.431138781314
1772935857.774485,-5439.580913621828
1772935857.8627708,7096.067319005545
1772935857.8627925,3953.359531608893
1772935857.9270792,-5804.660341764716
1772935858.1037586,-8533.73790693209
1772935858.1359403,-4000.448357254477
1772935858.1519544,4332.237672565123
1772935858.1680267,1778.248521624851
1772935858.236302,-3689.5834744201325
1772935858.2363207,-6413.646194774213
1772935858.2363305,-2375.1515380729697
1772935858.2363396,1579.7500645776224
1772935858.341768,2055.522862753406
1772935858.3418217,-4874.8613121869885
1772935858.3739,-7177.006775517838
1772935858.4160743,-1803.8580888886222
1772935858.4161115,2970.6918637858007
1772935858.4161265,1483.5405860905219
1772935858.4161446,-4871.170619878696
1772935858.4803295,-6703.100820540996
1772935858.496397,-1606.2163723458066
1772935858.52851,803.9352553236205
1772935858.544577,1189.5864427017175
1772935858.5727167,-3017.8879981152677
1772935858.572746,-5047.705132654311
1772935858.5727615,-3064.9515122310604
1772935858.588755,569.9095115443487
1772935858.6369689,-750.2980656603007
1772935858.685236,-3752.3817444727756
1772935858.7012503,-6593.754436501179
1772935858.7233193,-1984.0505261498718
1772935858.7233484,1909.4337442624662
1772935858.7233596,893.0345335970046
1772935858.7393734,-3880.9720674440787
1772935858.7394023,-6642.2993571966645
1772935858.9000385,-3515.6143877711793
1772935859.4463089,228.07437177902554
1772935859.4713714,580.6459832515219
1772935859.4713955,-5319.514462023953
1772935860.1622322,-6685.997563460726
1772935860.2696848,-992.8880726638611
1772935860.269705,2367.972510668574
1772935860.2697148,-675.5420754892453
1772935860.7034798,-6282.823314668153
1772935860.8390057,-6581.493619941726
1772935860.8390362,-1826.630957757484
1772935860.8390512,2534.2750878026486
1772935860.839064,-423.9320491016386
1772935860.8872397,-6462.7587776172895
1772935860.917341,-7223.56372722725
1772935860.9173641,-1568.8466331584607
1772935860.917374,4882.544077117248
1772935860.9173827,2303.469247996546
1772935861.0077276,-5739.375553226795
1772935861.0077548,-12400.367662514029
1772935861.0077689,-5503.210455488262
1772935861.007782,14570.86147062489
1772935861.0077941,35953.2219364642
1772935861.0558991,-9265.858326413825
1772935861.0900447,182.82909247551905
1772935861.0900784,6928.303325962365
1772935861.090094,871.072516785919
1772935861.090108,-12822.604981365115
1772935861.090117,-9044.516822537824
1772935861.090126,32434.788066897407
1772935861.1743937,1719.1977822797628
1772935861.17443,1820.3412864223278
1772935861.174503,959.5244132427061
1772935861.1745152,505.8748737509055
1772935861.174528,765.7639700195531
1772935861.1745403,259.5082001210082
1772935861.2466629,2174.816623432046
1772935861.2466893,1245.6110746652512
1772935861.2467003,106.9854206098821
1772935861.246709,-628.6797725942239
1772935861.3230052,1953.401476536117
1772935861.3230324,1344.7700384392178
1772935861.3230488,-57.95159581143642
1772935861.323063,-189.37421824444434
1772935861.3230765,1204.0396569073778
1772935861.339052,1867.5830722605092
1772935861.3390973,-57.633908159919784
1772935861.3712337,127.67762654061289
1772935861.3872871,-1691.2077646924197
1772935861.4194007,1549.4368455574195
1772935861.4194264,2151.827910144085
1772935861.4354231,15.719300629782492
1772935861.467569,86.17206526431255
1772935861.4836347,-1656.7748301942834
1772935861.5318308,1351.708028566393
1772935861.555019,1793.1796574580744
1772935861.5550427,-398.33634940009614
1772935861.5830762,-278.07667746849035
1772935861.5831008,-3.9654038310339677
1772935861.5831108,926.4018948308276
1772935861.5831208,333.3377568759322
1772935861.9505312,714.5451551707555
1772935861.9505515,-1972.3322670468092
1772935862.063037,52442.07084485174
1772935862.127304,42215.09220573923
1772935862.127333,14475.282562489358
1772935862.127344,-8132.662643801978
1772935862.1273532,-12206.130261101347
1772935862.20764,-1457.6271312719111
1772935862.4646735,7665.671405070533
1772935862.6253252,9067.06038652238
1772935862.6574087,-999.9788425235588
1772935862.7056792,-2586.5138901548034
1772935862.7217152,6395.620664727512
1772935862.7217424,7897.457749424847
1772935862.7864437,9925.783783543982
1772935862.801999,877.0419570103728
1772935862.8180656,4027.1504571473274
1772935862.8341875,6903.193162141934
1772935862.8502207,6823.915945050891
1772935862.8823533,47565.088712565775
1772935862.8984096,51586.238100150156
1772935862.9616623,40303.57324892825
1772935862.9616857,17491.19398959657
1772935862.9868789,1833.499139546235
1772935862.9868996,-2131.0663311205817
1772935862.9869094,-707.6781727401698
1772935863.0159004,8362.804754685187
1772935863.0159435,4271.119842343304
1772935863.0420108,6351.877889166819
1772935863.0420313,2369.1229330945275
1772935863.074144,-1900.6807380131577
1772935863.100263,5639.456243013287
1772935863.100284,6555.038657465002
1772935863.1002948,1922.4074169455255
1772935863.1323624,3007.5704744710933
1772935863.1323843,542.2944476310937
1772935863.1323946,1900.0374597012828
1772935863.1324036,6149.967299095584
1772935863.1324124,7890.411530944912
1772935863.1324213,3461.469840287723
1772935863.1484568,-3613.26570149038
1772935863.1805625,200.72221728320048
1772935863.1966813,4032.420252110235
1772935863.2207017,10577.638462484663
1772935863.220727,3143.562649683841
1772935863.220739,-9984.370738071468
1772935863.2689316,-8741.154051154921
1772935863.4457023,2171.01332974666
1772935863.4697664,900.1481020061374
1772935863.469787,-1207.7984794031904
1772935863.5019643,-1689.3235400179476
1772935863.5671692,684.1821952145817
1772935863.5672112,360.8679660430336
1772935863.5672307,593.6292210102696
1772935863.5672457,1146.799487713364
1772935863.5672596,844.4711494015486
1772935863.5672765,-945.3272401275416
1772935863.6314147,-1238.3479146128013
1772935863.6635468,459.6124771979023
1772935863.6796365,1070.6223022318427
1772935863.6957288,624.8115044639865
1772935863.695784,-1254.2026493618507
1772935863.7117498,-1445.3954283777484
1772935863.759949,338.696923845205
1772935863.7759953,-860.7203447180628
1772935863.8051836,892.094962703351
1772935863.8052056,-19.341046330666636
1772935863.8052154,-1563.8277023220812
1772935863.8724012,169.69153629731386
1772935863.8724296,321.42753857825977
1772935863.872445,53.547298696914226
1772935863.8724597,-172.8181166698444
1772935863.9015472,74.51999441986484
1772935863.901583,251.46063442492624
1772935863.9015942,-740.8852343932094
1772935863.9276288,-13.703133118928644
1772935863.92765,-290.8715696137184
1772935863.9276602,92.53858716151863
1772935863.943708,440.6028990132818
1772935863.9597883,-585.6170417553254
1772935863.9758193,918.923840107895
1772935863.991933,-297.6637281191144
1772935863.9919856,-1781.3061337012148
1772935864.0079443,40818.38714421584
1772935864.0240436,54058.00460470434
1772935864.040066,38577.31889818551
1772935864.0723083,10682.774544989057
1772935864.0883336,-11357.989976613466
1772935864.115383,-9777.52921129368
1772935864.1154132,621.3964863267597
1772935864.1154237,4703.592570863611
1772935864.1605875,859.9529011501212
1772935864.160617,-5315.384608676077
1772935864.1606305,-4674.795296486629
1772935864.160643,179.2780501153986
1772935864.1766667,1170.039739680401
1772935864.2248285,-2326.2003417780497
1772935864.2710452,-5035.432328666027
1772935864.2710648,-5090.11935409537
1772935864.3192246,-1345.108373998695
1772935864.3835375,908.6892843743509
1772935864.3995912,-3039.495788796032
1772935864.4156587,-4097.771950711985
1772935864.4317408,-3777.0531527231587
1772935864.6566017,-398.1516629154375
1772935864.8333507,1956.2398550318023
1772935864.8333764,-2277.9337912999736
1772935864.9618688,-3754.0295462242107
1772935865.0583324,52473.0473585962
1772935865.0744283,39854.04402675113
1772935865.0903733,12901.98350757005
1772935865.122522,-12190.082314618798
1772935865.3313873,38466.65552124081
1772935865.652695,40063.92104827415
1772935865.6527202,18337.208267979844
1772935865.716968,-7372.023196728874
1772935865.7480786,-15898.454277125604
1772935865.748103,-6050.591623599049
1772935865.7481132,7344.5422878345025
1772935865.7481225,6502.701409781962
1772935865.8254256,-1506.0978785387808
1772935865.825448,-10128.293997654213
1772935865.8254595,-7523.828031378683
1772935865.8645961,5805.434168980908
1772935865.8646207,6767.895200864496
1772935865.8646307,-4653.581106651864
1772935865.9228404,-9520.140669193466
1772935865.9228625,-5198.637674966647
1772935865.9228723,4780.842278429404
1772935865.922882,6648.662371562367
1772935865.9228911,-2590.438951205863
1772935865.9228995,-10532.800280695124
1772935865.9229083,-5631.643668633322
1772935865.9229171,6627.993387105716
1772935865.9229257,9498.089478893327
1772935865.9229343,-3393.3737742414905
1772935865.9229424,-17761.60852723485
1772935865.954999,-172.17871062838378
1772935865.9550261,5081.402504035414
1772935865.9710343,1800.2690311586148
1772935865.9710584,-7071.733497231621
1772935865.9871213,-8231.505912024062
1772935866.0443392,659.8332395257527
1772935866.0443645,6980.834852971022
1772935866.0443747,1229.0620483926573
1772935866.044384,-11725.705379045397
1772935866.0443923,-13458.516119765238
1772935866.089514,-1488.035465916742
1772935866.089546,79.62324815376569
1772935866.0895605,-1008.864932638595
1772935866.1217208,-3137.491337933505
1772935866.161812,-2514.2233826852257
1772935866.1618688,-1541.0088021509723
1772935866.161888,-333.5715327821784
1772935866.161906,-1431.0669884379097
1772935866.2261086,-2758.324523590644
1772935866.258201,-2372.940088982124
1772935866.274345,-3148.7054225453567
1772935866.2903373,-173.8892655692934
1772935866.2903657,437.26485891051686
1772935866.3063998,-1201.3247141308912
1772935866.30643,-3661.7275653857814
1772935866.3224852,-1183.9135823900453
1772935866.3385198,-352.2058895665351
1772935866.3385503,-1644.2669301578003
1772935866.3837326,-1235.9016661305
1772935866.383754,-2197.3157215157785
1772935866.3837636,-1890.2596699182798
1772935866.383772,-765.9521428010016
1772935866.383781,-265.1290353822522
1772935866.4063237,-963.4276485602409
1772935866.4063613,-2123.8106529110446
1772935866.406374,-3004.148540837502
1772935866.445976,-200.75179847997333
1772935866.4460127,-494.03641039264573
1772935866.446028,-2831.8515511648047
1772935866.493236,-2125.4361094997985
1772935866.4932795,-1887.7509515994905
1772935866.4932902,-971.1232481541575
1772935866.493301,-481.1863394995676
1772935866.4933107,-949.4638389214608
1772935866.4933195,-1969.0109437388774
1772935866.4933283,-3054.730310027406
1772935866.5393164,-701.1939771713317
1772935866.5393393,-2121.603066990422
1772935866.598601,-1593.313117187591
1772935866.5986264,-2023.2002829460143
1772935866.614682,-1089.7275606287626
1772935866.6147156,80.38815929526835
1772935866.6387725,-339.91153511107154
1772935866.638796,-2645.1334690688846
1772935866.6698565,-1466.2015660147779
1772935866.6698775,-2605.149687462445
1772935866.7501948,-107.8425454385851
1772935866.750219,-1731.2153004290578
1772935866.816488,-1131.2299894051212
1772935866.8165066,-1313.7439339391249
1772935866.8165164,-798.0910907491739
1772935866.8165257,-356.05046694342093
1772935866.8165343,-638.584868889478
1772935866.8165424,-1189.7429604889012
1772935866.8165507,-1100.4731294220928
1772935866.8466556,-450.94032344569206
1772935866.8466873,-491.4674308018184
1772935866.8467033,-2149.584130199837
1772935866.8626983,-2569.7819537714226
1772935866.9088695,-1436.3236347605316
1772935866.9088917,-1130.523166544512
1772935866.9089062,-299.5575524773542
1772935866.939,73.90523781843204
1772935866.9390311,-758.2263893647613
1772935866.9390414,-2629.7865803956647
1772935866.9550812,-298.96347585078377
1772935866.9551156,-518.9627282014285
1772935866.9711163,-2204.7979627163922
1772935867.028344,51182.563810267835
1772935867.0283847,37755.90662701786
1772935867.0283964,10027.31692390321
1772935867.0284061,-9681.509691966008
1772935867.028415,-10399.456629230339
1772935867.0284245,-722.308460259723
1772935867.0284345,3748.55481475783
1772935867.05948,1779.7256640218675
1772935867.0595057,-4365.449302841866
1772935867.075586,-5481.811853372317
1772935867.0756278,-2215.618013989884
1772935867.0916655,3086.015340850632
1772935867.1237288,209.59986072848457
1772935867.1237493,-5608.0503853343
1772935867.1398575,-4043.0138187093503
1772935867.15588,-2158.2763221216687
1772935867.1880295,1764.6257030875347
1772935867.204044,-2165.4024092819313
1772935867.2402315,-4061.219460692454
1772935867.2402596,-3408.5499181744567
1772935867.2402663,365.24000228955225
1772935867.240273,1629.745355011507
1772935867.2402794,-2499.1382641554633
1772935867.300449,-4103.276481129616
1772935867.30047,-5202.179549144787
1772935867.3165305,52347.94926309621
1772935867.3406248,41578.924109119296
1772935867.3406453,10024.552115371918
1772935867.340654,-16261.511296171733
1772935867.3958812,-10554.600199893493
1772935867.395903,-903.1338821319464
1772935867.395913,4235.999127022015
1772935867.395922,561.939189657887
1772935867.3959713,-4634.472230810277
1772935867.39598,-4450.253675128514
1772935867.3959875,-652.9323993381175
1772935867.3959951,607.2140082326746
1772935867.3960068,-2527.026210924175
1772935867.4340248,-3026.076091961808
1772935867.4340503,-2296.32830740577
1772935867.4340658,-965.9779042489268
1772935867.4340816,-1549.7155933075687
1772935867.434095,-3095.811362747047
1772935867.450153,-1890.7908929857128
1772935867.4502575,-656.707458749
1772935867.4661443,-1136.1184186574649
1772935867.4821997,-3900.96566067664
1772935867.4983091,-4170.107088057541
1772935867.5234125,-171.03104769165068
1772935867.52344,3240.297300524047
1772935867.5394726,-964.5124585079662
1772935867.5786266,450.0080701377485
1772935867.578657,-188.30784489175025
1772935867.5786676,-2394.9128989230735
1772935867.578676,-3168.0846209373785
1772935867.6067178,-1493.9035843902104
1772935867.606744,511.8412428446915
1772935867.6298113,-296.9044986922634
1772935867.6298337,-1952.5637915013679
1772935867.6298437,-2356.148658271595
1772935867.6780357,-934.0729962534562
1772935867.7102103,768.3719866480441
1772935867.7362936,609.9777435434154
1772935867.7363138,-993.8770138484268
1772935867.78473,-1887.650156153343
1772935867.8195932,-941.5288184104263
1772935867.8196216,337.5272247969187
1772935867.8196325,214.56632420823723
1772935867.8196416,-1168.882505538525
1772935867.8196504,-2032.9515537272896
1772935867.8999307,-1731.919577319261
1772935867.9160068,-681.8394767535394
1772935867.9160423,-563.9041273482032
1772935867.9480908,-1729.1411541228738
1772935867.9963436,-2549.1423571044625
1772935868.0354984,-2088.1781598857074
1772935868.03552,-899.0649555018572
1772935868.0355303,-614.8554357318767
1772935868.062667,-1501.9674702318991
1772935868.0626984,-2350.8020116023017
1772935868.062712,-2225.908153225486
1772935868.1108637,-718.6466141334381
1772935868.126892,-106.96224629555456
1772935868.1269157,-1364.2997378112684
1772935868.142959,-3314.015635263024
1772935868.1781194,-2230.3927508424863
1772935868.1781497,-818.4982236540504
1772935868.1781623,90.58220579556888
1772935868.178174,-643.7990364674529
1772935868.1781833,-2243.624239195453
1772935868.194161,-3116.4470149472886
1772935868.2102716,-306.24127695772984
1772935868.226364,409.892708835159
1772935868.2423558,-1484.2965389721812
1772935868.270573,-1696.4868532398655
1772935868.270604,-2188.849084561757
1772935868.270615,-1665.3277576675052
1772935868.3297288,-9535.182831807138
1772935868.3297665,-9176.388008543034
1772935868.329779,9045.069499679505
1772935868.3297942,36153.98706716071
1772935868.3298063,50841.66062465263
1772935868.3298166,39760.346761319
1772935868.329826,11622.919048507205
1772935868.3298357,-10798.879806154073
1772935868.3298447,-12845.603370241648
1772935868.3298538,-860.934965984276
1772935868.3298633,7134.220763405122
1772935868.3628469,4413.093627735963
1772935868.362862,-5561.437316105425
1772935868.362869,-8699.515050666045
1772935868.3628745,-1627.6576884418978
1772935868.36288,5961.946507014226
1772935868.3879952,6658.092882640299
1772935868.3880267,-4635.812450124381
1772935868.388038,-14363.704813443514
1772935868.4512389,56325.296338477056
1772935868.4512713,92303.98746703273
1772935868.4512827,100058.53319020437
1772935868.4924035,25674.276202010056
1772935868.4924333,-736.0372093171017
1772935868.4924445,-7011.622133201645
1772935868.5506473,1921.016053986847
1772935868.5506756,50743.30715884539
1772935868.5506852,86977.92135278974
1772935868.5506933,85460.58017425728
1772935868.5507011,49037.28522540474
1772935868.5507095,4694.752415159478
1772935868.5507164,-19171.394811798313
1772935868.5507236,-15074.793193001417
1772935868.5507307,728.8579091695959
1772935868.5667043,10666.318256974771
1772935868.6078987,1780.528199202783
1772935868.6079304,-11320.422124627497
1772935868.6079416,-12294.629745939346
1772935868.6079524,-313.27528087353403
1772935868.6079621,9240.94906148411
1772935868.6079712,3000.3409684437606
1772935868.6239522,78838.53401560584
1772935868.6239889,71693.32514949421
1772935868.6500232,44391.12035192968
1772935868.650062,21895.0547606641
1772935868.6500754,17746.455960436953
1772935868.682145,-26044.16655055139
1772935868.69824,-5464.901394699721
1772935868.7243316,20836.21414532725
1772935868.72436,38217.67588760466
1772935868.772557,-11367.253586560293
1772935868.80368,-8682.663458976844
1772935868.803712,1136.333130279124
1772935868.8037243,5478.539022235647
1772935868.8037348,-663.9004871443454
1772935868.8037448,-8808.004210189396
1772935868.8518634,-7735.64799113365
1772935868.8839808,300.7638473639088
1772935868.88401,2134.287400671485
1772935868.9533489,-1073.767583493557
1772935868.9533775,-6529.8671864392
1772935868.9533887,-5826.876217422436
1772935868.9533975,-352.9036757705077
1772935868.953406,2315.659712109022
1772935868.953415,-1160.9954665638083
1772935868.9534233,-5931.059009270041
1772935868.9534311,-6178.631602970959
1772935868.985437,-1484.8433142541385
1772935869.0777795,-6620.158018291408
1772935869.0778153,38171.86473515832
1772935869.0778232,94242.76306591353
1772935869.07783,122489.61918441762
1772935869.077839,99448.31797198794
1772935869.077846,41099.54756618134
1772935869.0778515,-10209.308268593764
1772935869.0778604,-24384.858330546685
1772935869.077869,-8283.578007199194
1772935869.077875,7926.5094259883745
1772935869.07788,5056.012061482992
1772935869.0778863,-8648.135948191455
1772935869.077892,-13770.83415916245
1772935869.0778978,-5273.954276187034
1772935869.077903,3604.395568960135
1772935869.0779083,478.9662948428756
1772935869.105872,-7620.8515988802465
1772935869.105903,-11031.145268217619
1772935869.1059191,-4665.822124995305
1772935869.105929,1881.5182390374607
1772935869.1059384,-1000.9479192677718
1772935869.2314527,-7304.99174599131
1772935869.2314808,-5565.543530431093
1772935869.2314937,-6503.235572282273
1772935869.231504,-12099.32354454181
1772935869.231514,-8666.94989868
1772935869.2315235,23184.64548264533
1772935869.2315333,81749.32784958191
1772935869.231542,133444.91606344632
1772935869.2315512,138420.5923135079
1772935869.2315605,89840.01974187943
1772935869.2315688,23238.49561267714
1772935869.2315774,-16813.4890068859
1772935869.231586,-17305.836896160192
1772935869.2315948,-1554.514505553944
1772935869.2316031,2799.1707356249503
1772935869.2316153,-7157.572055313301
1772935869.2316267,-14601.517263484808
1772935869.2316363,-9469.82594540942
1772935869.231645,-739.2910000823699
1772935869.2316537,-1775.6824834726458
1772935869.3951898,-8767.877516618648
1772935869.395223,-13354.492077082348
1772935869.3952353,-8309.669976465058
1772935869.3952456,-1215.8257590670112
1772935869.395255,-2033.20753658264
1772935869.3952649,-9237.971911440249
1772935869.3952744,-12541.823240624683
1772935869.3952837,-7516.253830437411
1772935869.3952923,-1431.4613971042936
1772935869.3953009,-2713.8397418838717
1772935869.39531,-9306.311330293063
1772935869.395318,-12077.397557926493
1772935869.395327,-7952.07894697322
1772935869.4312823,-1469.6314420745448
1772935869.431321,-3268.9487238848706
1772935869.4313335,-9656.720588754028
1772935869.431345,-11790.034005619102
1772935869.4313548,-7346.939841964666
1772935869.447333,-1125.2946857115646
1772935869.4635,-4822.202830186997
1772935869.5326948,-11249.102500898845
1772935869.5327244,-14039.16709609901
1772935869.5327363,-8388.441367039788
1772935869.532746,-2365.729378541602
1772935869.532756,-5479.369647392705
1772935869.5327654,-13801.737629919158
1772935869.5327744,-11037.208387533703
1772935869.532783,13864.151970530515
1772935869.5327911,52606.545310389134
1772935869.5327995,83079.75210387356
1772935869.5328088,87955.14585424257
1772935869.5328164,66756.1892121451
1772935869.5648465,123511.53776013288
1772935869.5808516,90686.37680041984
1772935869.6190195,31627.93071897793
1772935869.6190577,-19455.97221274241
1772935869.6190696,-31300.831615592393
1772935869.6763268,-9492.879254609827
1772935869.6763551,7562.71001371122
1772935869.6763673,-2539.3913578035467
1772935869.6763775,-25045.137597159006
1772935869.6763873,-27074.31015255707
1772935869.6763976,1851.4718360115103
1772935869.6923597,36636.95966931853
1772935869.7284985,-5587.668788106719
1772935869.7285278,-14587.321419330192
1772935869.7285385,-16091.378052118758
1772935869.7285492,-8601.243966148035
1772935869.7285612,-3344.5890061139726
1772935869.768659,-6764.744430721519
1772935869.7686863,-14806.147741274812
1772935869.7686949,-15594.059339375273
1772935869.7687032,-8121.541077995458
1772935869.7687097,-2957.670998708996
1772935869.768717,-7390.678363810798
1772935869.768723,-15217.955218927536
1772935869.7687292,-15425.879602390054
1772935869.7847226,-7791.455470945264
1772935869.9845347,-11465.0815798492
1772935869.9845743,-14482.20710129833
1772935869.9846003,-15402.259146090733
1772935869.9846268,-12885.821508084431
1772935869.984644,-10823.410756815545
1772935869.9846523,-12366.343212455187
1772935869.9846609,-15112.69831179906
1772935869.984669,-14763.065120050196
1772935869.9846773,-11764.563407379754
1772935869.9846852,-10773.006923294726
1772935869.9846935,-13496.298399431087
1772935869.9847016,-15778.729494104304
1772935869.9847097,-13801.43517680796
1772935869.9847176,-10299.90488767709
1772935869.984726,-10873.410595387155
1772935869.9847336,-15189.64068544342
1772935869.9847414,-16615.559418671168
1772935869.9847493,-12119.917625797176
1772935869.9847572,-8029.92941609986
1772935869.984765,-11458.604836940416
1772935869.984773,-18497.58576710781
1772935869.9847808,-17861.88953768719
1772935869.984789,-7948.185662918882
1772935869.9847963,-2997.0659922668374
1772935869.9848046,-14675.878469978288
1772935869.9848125,-30093.350430245395
1772935869.98482,-19063.15057804683
1772935869.9848278,30357.619675627386
1772935869.9848351,89433.81922680694
1772935869.9848428,112257.05996981646
1772935869.9848504,83716.7038220061
1772935869.984858,36350.39000538025
1772935869.9848657,13816.651371996892
1772935869.984873,22893.026237478392
1772935869.9848804,31121.29730214355
1772935869.984888,11632.127107467957
1772935869.9848957,-21799.909045445613
1772935869.9849033,-33606.56768331081
1772935869.9849107,-14210.114452821468
1772935869.9849188,5999.826022382669
1772935869.984926,-3580.8345343154688
1772935869.9849339,-30313.22923958173
1772935869.9849415,-28698.5517463108
1772935869.984949,24212.697300965163
1772935869.9849567,94951.23745907773
1772935869.9849644,124207.4318742309
1772935869.984972,88177.8899015513
1772935870.0166705,21109.043527181126
1772935870.1402102,-34674.5122431144
1772935870.1402473,-39548.31756640348
1772935870.1402588,-6713.590380880013
1772935870.1402693,27852.91911564864
1772935870.140279,37023.46916035077
1772935870.1402893,18594.00226143252
1772935870.1402988,-11411.39894360344
1772935870.1403089,-31898.893080290403
1772935870.1403184,-25465.962062465107
1772935870.1403272,14081.304799668247
1772935870.1403365,73493.70341021976
1772935870.1403463,120867.46975306493
1772935870.140356,124270.43366614103
1772935870.1403651,77962.29922742558
1772935870.140374,11494.682142218948
1772935870.140383,-31179.206210439435
1772935870.1403923,-26352.496361237212
1772935870.140401,12347.172707447575
1772935870.1404104,49495.36598289852
1772935870.1404185,59969.52343318834
1772935870.1404274,47212.41214529045
1772935870.1404362,32899.14639287412
1772935870.1404448,31623.380435467207
1772935870.1404533,37150.40618261915
1772935870.1404617,32980.581234632984
1772935870.1404707,14334.346602463096
1772935870.140479,-3103.5354403735064
1772935870.1404877,1603.297072510114
1772935870.1404965,30672.108237050106
1772935870.1405053,61031.20066313288
1772935870.1405137,64295.035387026255
1772935870.2376056,120276.33059832224
1772935870.2376351,84239.21569819016
1772935870.2376454,34784.268710984725
1772935870.2376533,10230.66718787733
1772935870.237661,17240.506663389846
1772935870.2376685,31055.47907390394
1772935870.237677,27162.568033747888
1772935870.237684,5242.089094635778
1772935870.2376912,-17691.35050457024
1772935870.2376976,-28066.53800846376
1772935870.2377043,-22793.970494071946
1772935870.2377107,-1944.669044271514
1772935870.2377172,32450.929145595306
1772935870.2377236,66843.82046272783
1772935870.2377295,77077.89887469071
1772935870.2377355,52095.16747181777
1772935870.2377412,15622.57642107292
1772935870.2377472,10621.862044330846
1772935870.237753,53221.902943768306
1772935870.237759,108231.70347763444
1772935870.2377653,122164.29646971486
1772935870.2377713,81901.13142555013
1772935870.4013283,45897.19022167023
1772935870.4013793,-2185.760601063028
1772935870.4013915,-19082.08016146966
1772935870.401402,-23804.057115339194
1772935870.401413,-35646.311989603106
1772935870.4014227,-44094.69885471028
1772935870.401432,-25416.427056031807
1772935870.4014413,19164.89731944354
1772935870.4014633,58059.35024813763
1772935870.401472,65976.9323118288
1772935870.4014812,53851.26258460411
1772935870.4014904,51040.80917025219
1772935870.4014993,63117.32294840492
1772935870.4015076,62959.82840198891
1772935870.401516,29560.292474691556
1772935870.4015243,-16098.934780106774
1772935870.4015336,-28513.91325330019
1772935870.401542,9037.737498307928
1772935870.4015508,61225.77374847546
1772935870.401559,78296.64311953002
1772935870.4015672,50363.03768568519
1772935870.401575,13831.287982902255
1772935870.401584,4916.057001868025
1772935870.4015923,18826.744973530396
1772935870.4016001,22638.454708556357
1772935870.4016082,1816.0696686671713
1772935870.4016163,-18851.232998654476
1772935870.401625,-4218.38032033312
1772935870.4016325,49068.56663747428
1772935870.4016414,106259.81382789063
1772935870.4016497,127798.56406681032
1772935870.4016578,103012.74886947697
1772935870.4016657,52114.9368837609
1772935870.4334028,92600.98080570447
1772935870.4334383,62735.16528423508
1772935870.473591,113218.10010862639
1772935870.4736137,96993.95622791818
1772935870.4736216,55532.62047954702
1772935870.4976645,6331.678732839491
1772935870.4976811,-29725.42571932921
1772935870.4976904,-41483.2048514723
1772935870.5398867,56852.36109509772
1772935870.5399177,113259.10838528637
1772935870.53993,112001.25187475464
1772935870.5399408,56262.15597769646
1772935870.53995,-7067.8805540770445
1772935870.5900648,14775.473937924002
1772935870.5901034,-5052.210884384967
1772935870.5901155,-27982.100849029433
1772935870.590126,-37762.08852309534
1772935870.590135,-10149.803928311008
1772935870.5901449,52354.69116327968
1772935870.5901544,108989.08060651275
1772935870.6211967,74457.82743460927
1772935870.6212263,61526.390372123584
1772935870.6373007,32259.991297536206
1772935870.6693947,40152.1101872786
1772935870.6854513,29484.662298796455
1772935870.7175612,53163.77848971291
1772935870.7497506,8071.471632444973
1772935870.7657585,-37012.756539240254
1772935870.7818277,37931.34668315061
1772935870.7979093,51427.645491490504
1772935870.81397,75392.15140497286
1772935870.8933306,99713.91466873253
1772935870.8933623,39090.85685914716
1772935870.909358,25983.29613673027
1772935870.941508,17198.906451454077
1772935870.9575627,52795.1624993416
1772935870.9736435,10646.269848170494
1772935870.9896853,-39755.766302217424
1772935870.9897065,-56906.65949502213
1772935871.0057657,48691.1178748158
1772935871.0218422,62134.26195711199
1772935871.0609915,119861.63790931285
1772935871.0610309,70050.76010271123
1772935871.0610423,25438.03058329288
1772935871.0610528,31911.964284206628
1772935871.1092007,70862.30062259476
1772935871.1403112,87142.40036199903
1772935871.140336,53233.11752720704
1772935871.1885276,85780.25333445061
1772935871.211625,93009.62726379077
1772935871.21165,87570.59398184536
1772935871.211658,50867.833888073204
1772935871.2276971,82991.85521086094
1772935871.2437732,40107.72537513069
1772935871.2990048,92245.752374798
1772935871.299044,77154.27019278127
1772935871.2990558,39519.228455092176
1772935871.2990658,2120.6192241002545
1772935871.3150687,-11864.735126254645
1772935871.3151004,-6099.658686116699
1772935871.3633127,44882.623753468324
1772935871.392367,13248.073928874643
1772935871.3923912,-40662.00380257571
1772935871.472674,-18871.656528007334
1772935871.495786,68482.66598324302
1772935871.495813,64604.55349905595
1772935871.5600471,96962.67455546305
1772935871.5600839,32300.504501330928
1772935871.5851605,-28171.88692053497
1772935871.58519,-51507.214199911374
1772935871.7256935,-46027.08747099678
1772935871.725714,-42663.14378016614
1772935871.7709093,809.2855651605986
1772935871.7709374,-17358.64138355944
1772935871.814134,31827.738097306246
1772935871.814165,31059.778751701106
1772935871.8141773,35046.19518477247
1772935871.8141887,47737.25376933457
1772935871.8141987,58416.868558982555
1772935871.8142085,46484.453008341385
1772935871.814217,3532.623515242286
1772935871.8462503,-49994.77519641714
1772935871.8773856,21298.742760105128
1772935871.8774118,60712.29176700166
1772935871.8774211,66777.74416439631
1772935871.9255545,80637.27399840123
1772935871.941634,64186.78401169885
1772935871.9707663,51554.66578526895
1772935871.9707935,69842.65211516613
1772935871.9708056,93709.62428040589
1772935872.1524704,-2878.6110457449145
1772935872.152488,-52737.21868128249
1772935872.152498,-73140.72048857424
1772935872.1525064,-59832.74708260778
1772935872.1525147,-39666.805517942026
1772935872.3613672,-38167.62667150262
1772935872.4406736,-53808.15862062699
1772935872.4407036,-64703.94328845066
1772935872.440714,-61920.66252679876
1772935872.4407237,-52331.67529404415
1772935872.4407325,-42818.08900159246
1772935872.4407415,-24003.560544150765
1772935872.4407513,17303.410208951627
1772935872.44076,71312.84743056339
1772935872.440768,102867.78106919838
1772935872.4407768,83878.80532493754
1772935872.456732,24811.242964167737
1772935872.578214,-30945.46574626492
1772935872.578242,-56996.47869932742
1772935872.6595888,-25066.041489815154
1772935872.6596098,6443.56169588203
1772935872.65962,-5305.168410183947
1772935872.6596284,-53278.18135087874
1772935872.6596365,-88036.47234903432
1772935872.6596448,-69123.16687475203
1772935872.6596537,-5641.745107055448
1772935872.6596615,53372.632493222074
1772935872.6596696,65050.364894164835
1772935872.6596775,28485.575216674497
1772935872.6596854,-20423.428833863454
1772935872.6596928,-44379.166590847075
1772935872.6597004,-35390.300932364895
1772935872.6756053,-15913.359153837473
1772935872.6917078,77453.81569396539
1772935872.7147973,101618.85555823264
1772935872.714827,72109.20952961418
1772935872.7148387,13280.480777955154
1772935872.7469144,-34521.99378814725
1772935872.90459,-20402.947458714476
1772935872.9046364,-4516.621962126645
1772935872.9046483,1699.7259270303623
1772935872.9046583,-5432.5073445835105
1772935872.9046674,-14918.838616051185
1772935872.904677,-19097.325934554017
1772935872.9046865,-21417.08969318003
1772935872.9046955,-28599.94578563688
1772935872.9047046,-41849.49275824918
1772935872.9047132,-57634.27063539922
1772935872.9047234,-71453.36034537789
1772935872.904732,-75917.32282515347
1772935872.9047406,-59411.486060601615
1772935872.9047484,-16678.746342198003
1772935872.9047565,35646.21113863451
1772935872.904766,62196.86881654721
1772935872.9047747,38821.23685534753
1772935872.9047835,-18329.691748978945
1772935872.904792,-61191.10372532429
1772935872.9048,-54277.56419024733
1772935872.904808,-9792.590427833029
1772935872.9048166,26334.79950647229
1772935872.9048245,23031.998242242902
1772935872.9048324,-6695.598467112862
1772935872.9048407,-26559.34269262539
1772935872.9048493,-20102.49807030655
1772935872.9048574,-5422.51301983224
1772935872.9048653,-8623.177725194566
1772935872.904874,-32349.242331008525
1772935872.904882,-56481.71793994381
1772935872.9048903,-64614.675551147484
1772935872.9048984,-60455.398281692906
1772935872.9049067,-57162.29638133767
1772935872.9049153,-59269.20444723393
1772935872.904924,-61726.8777523525
1772935872.9457588,37459.53118367605
1772935872.9457972,62804.79224927011
1772935872.9458096,33957.42648390633
1772935872.9619548,33645.69371553545
1772935873.0301085,-24895.550034315354
1772935873.0301342,-33986.482162199245
1772935873.0301423,-20155.952427574386
1772935873.0301504,-18586.448164905625
1772935873.0301576,-38524.96527709396
1772935873.0301642,-52246.72756126158
1772935873.030171,-30824.292679103524
1772935873.0461707,18924.84740000742
1772935873.0773225,-38123.27676858201
1772935873.0773396,-64902.930013586476
1772935873.0773475,-77468.55616937992
1772935873.1375964,-52439.028441745206
1772935873.137615,-10028.115456515414
1772935873.1376278,822.682087039806
1772935873.1376379,-25919.846603401602
1772935873.1376462,-58501.09418545843
1772935873.1376548,-68199.63855695564
1772935873.1376636,-59073.340300122545
1772935873.1376722,-53249.24687945422
1772935873.13768,-58449.69577188248
1772935873.1377048,-62865.527859120826
1772935873.1377127,-58903.28173708126
1772935873.1377208,-56189.0663065846
1772935873.153772,-62863.86287179565
1772935873.208841,-61499.353084713526
1772935873.2088728,-71785.72109308296
1772935873.2088847,-59987.00387265812
1772935873.2088947,-41339.78323597761
1772935873.2089045,-43936.64927052385
1772935873.2089143,-68581.52055266593
1772935873.2089229,-81811.56398576865
1772935873.208932,-54812.85304067059
1772935873.2089417,-845.735698782973
1772935873.2089508,35758.227474555046
1772935873.2319198,-22656.293417807432
1772935873.231949,-53000.78543324808
1772935873.2640836,-16422.235679349775
1772935873.3324828,-14131.081686733418
1772935873.3325143,-39329.961723822045
1772935873.3325276,-71135.31708383666
1772935873.3325384,-76101.84047622507
1772935873.332548,-45370.98219813177
1772935873.3325572,-10008.526545673993
1772935873.3805237,-4371.854457421789
1772935873.3966472,-23734.83148752649
1772935873.4127376,-62565.1610876233
1772935873.428763,-34147.171616851374
1772935873.4761355,-49758.992759754874
1772935873.4761667,2788.0577422679216
1772935873.492021,-17928.110700722435
1772935873.5563052,-14878.489381993979
1772935873.5723295,-20500.561338069245
1772935873.588395,5305.777493160591
1772935873.604488,-3490.885874723401
1772935873.6205153,-37055.70411621319
1772935873.6366067,-54319.284169397935
1772935873.6586576,-63533.55207525034
1772935873.6586912,-48795.25668177211
1772935873.658702,-24027.510641480163
1772935873.7068546,-2618.874846226696
1772935873.8514528,16879.76625203369
1772935873.899692,-1493.5839054797777
1772935873.9157877,-4380.285122587383
1772935873.9639404,43067.67115368562
1772935873.9811752,18426.049369228094
1772935873.9960632,-25454.27132522758
1772935874.060348,-45546.87602639675
1772935874.092466,-21519.269240900136
1772935874.5263312,-26609.46188185821
1772935874.7100132,-50890.127363634034
1772935874.710106,-45147.08947639346
1772935874.7101204,-46475.280526235634
1772935874.7101588,-50626.0069013841
1772935874.710172,-53866.41361367946
1772935874.710185,-55879.65999703028
1772935874.710198,-55405.99819093288
1772935874.7102096,-45903.18713849445
1772935874.7421815,-54302.300644589166
1772935874.758217,-23264.86597562033
1772935874.8064194,-3720.7572448495253
1772935874.8227115,32769.650464043
1772935874.8867812,55888.60391673249
1772935874.9028995,60096.60133037745
1772935874.9349515,-24258.711701934957
1772935874.9349759,-10286.993140657905
1772935874.959106,-50891.86401848967
1772935874.959144,-41047.02681326481
1772935874.9591532,-45395.900801379496
1772935874.9911687,-60630.04915472198
1772935875.0073504,-53775.94298502569
1772935875.007388,-11749.851918512242
1772935875.167909,-1895.9033031678498
1772935875.194986,-39528.77222158016
1772935875.1950064,-19379.422783788697
1772935875.2733452,-48879.31810553926
1772935875.2733667,-42207.04875887894
1772935875.2733772,-38071.58472261554
1772935875.3195536,-37233.28843967002
1772935875.3195846,-53579.07175717357
1772935875.3195992,-58134.09437755581
1772935875.319612,-35091.797939072
1772935875.3196247,-1477.8766805990301
1772935875.3196366,10174.262217781861
1772935875.3196473,-6693.773371669375
1772935875.319658,-20850.374071149832
1772935875.4119544,-48228.803301747284
1772935875.411982,-50561.67465028216
1772935875.4119918,-42061.912258897086
1772935875.412001,-34564.53946376916
1772935875.4120088,-29161.375640924576
1772935875.412017,-18297.41370980501
1772935875.4120257,-571.532586742388
1772935875.4120345,13283.897353948514
1772935875.4120429,11984.115604260942
1772935875.41205,-2600.316234077614
1772935875.412058,-18054.217105710133
1772935875.4120655,-26854.09791846046
1772935875.412073,-33804.226555935136
1772935875.4120803,-45227.61126833449
1772935875.4120877,-54377.92480549593
1772935875.4279947,-43818.87823725145
1772935875.428024,-4672.898832423095
1772935875.4862664,2045.7353919638508
1772935875.4862888,13666.49763471701
1772935875.4862988,-1339.7982504568722
1772935875.4863088,-31316.490855316035
1772935875.4863183,-51243.90219016432
1772935875.5183525,-42200.081600237194
1772935875.518378,-3984.3223191585644
1772935875.5685773,14789.308202194914
1772935875.568601,15026.219807111707
1772935875.5686154,5876.6214019635745
1772935875.5686288,1215.8043321995922
1772935875.5686414,5159.639534318578
1772935875.5686538,10555.408449584673
1772935875.568666,8842.870869608932
1772935875.5686781,-973.1053827032084
1772935875.584637,-11990.424438422093
1772935875.6007144,-15413.051708504552
1772935875.67,-11534.740286262982
1772935875.6700249,26852.67762671806
1772935875.6700351,50213.93003474854
1772935875.6700437,51827.83665707728
1772935875.6700523,44152.920636312396
1772935875.6700602,38713.07698513743
1772935875.6700685,33977.15469648156
1772935875.670076,24978.72386748801
1772935875.670084,17287.344375300803
1772935875.6700916,22116.040535255193
1772935875.6700993,37295.68299959095
1772935875.670107,42427.12952017328
1772935875.6701145,20960.43518028021
1772935875.6701224,-15418.835429086632
1772935875.7433608,-27346.8325503069
1772935875.7434275,-39554.4167353444
1772935875.7434392,-27831.39248287622
1772935875.743451,-1070.2588995571575
1772935875.7434623,20955.91402862213
1772935875.7434793,23743.7008632225
1772935875.7434936,9948.065847192354
1772935875.7435057,-3123.614931619525
1772935875.7435153,1633.813721914474
1772935875.7435243,25728.29163390897
1772935875.7435343,51445.89594831808
1772935875.7435434,54147.02944655649
1772935875.7435527,22934.350584395517
1772935875.743562,-26103.201836067557
1772935875.7435727,-57459.817181992956
1772935875.7435813,-42827.23662325306
1772935875.7435892,13336.786847649368
1772935875.8497624,-37565.28045841336
1772935875.849784,-31143.78684013242
1772935875.8497941,-10986.209761366405
1772935875.8498027,6870.621577479892
1772935875.8498113,8874.167687519588
1772935875.84982,469.06662363642084
1772935875.8498285,-3142.6479688112813
1772935875.849836,2278.183373701036
1772935875.849844,7346.900174825795
1772935875.849852,6953.330848614335
1772935875.84986,10504.08981595219
1772935875.849868,26613.761565638015
1772935875.849876,43047.09835195311
1772935875.8498838,34799.20950407291
1772935875.8498917,-2911.1720277334935
1772935875.8498995,-38587.83238885072
1772935875.849907,-33134.9212961513
1772935875.8499153,14441.175266481247
1772935875.8808658,24275.888967819636
1772935875.880891,47944.945567517585
1772935875.8809004,46453.122165439665
1772935875.8809097,29031.104009367817
1772935875.8809185,13560.415846979065
1772935875.880927,4930.2546135774965
1772935875.9089828,-7750.726664679
1772935875.9090066,-31483.515504882045
1772935875.9090168,-51679.78267661425
1772935875.9682353,-20615.038135221435
1772935875.9682593,-29098.07210598142
1772935875.968269,-39358.51142123747
1772935875.968278,-27922.115990624407
1772935875.968286,8177.3392585555885
1772935875.9682944,41086.91318457845
1772935875.968303,41462.127643555854
1772935875.9683113,14703.541396541963
1772935875.9683192,-1725.1743700723407
1772935875.9683268,19484.97418521084
1772935875.9683347,62524.35534702732
1772935876.0274775,2312.0100768801917
1772935876.0275052,27145.41351827696
1772935876.027516,61472.478534090296
1772935876.0275257,82312.32428220859
1772935876.043555,73534.46353231136
1772935876.1268659,94141.81546602538
1772935876.1268947,98690.95221774316
1772935876.1269052,102164.59714217532
1772935876.1269147,88933.62981487725
1772935876.1269245,51924.722957491715
1772935876.1540463,103123.19288149917
1772935876.15407,96990.19600090379
1772935876.1700785,59261.70350723815
1772935876.1931713,52339.864176085466
1772935876.1931891,38139.98771756749
1772935876.1932013,49511.77858223634
1772935876.2092505,81114.32636678714
1772935876.2574103,107156.26092264258
1772935876.30566,99088.86876623442
1772935876.3538425,88934.35758702981
1772935876.3538845,42845.236702368646
1772935876.385966,88013.5355274674
1772935876.402084,78288.15252956754
1772935876.402128,60445.86026496755
1772935876.4492245,99145.75386887917
1772935876.4492457,95540.21328357414
1772935876.4492564,73461.77366227777
1772935876.4653208,42431.99707861338
1772935876.5135052,103313.8430882482
1772935876.513534,88843.2002821861
1772935876.5295372,43387.1304962378
1772935876.5456755,42015.38851865111
1772935876.603891,98297.51295081526
1772935876.6039135,94562.78516009274
1772935876.6039245,49296.99896868993
1772935876.6199129,-15880.219230046612
1772935876.6681376,811.8523184718006
1772935876.6842048,58914.218078426406
1772935876.6842277,64752.2466711345
1772935876.7003217,55646.22485840054
1772935876.780599,1204.2754339990206
1772935876.8067195,-24852.133991635517
1772935876.806746,-18742.08300372962
1772935876.8067567,1328.1183014996725
1772935876.8599255,-40409.621562235436
1772935876.859984,-43881.57260351366
1772935877.0115783,-41143.77778452488
1772935877.0116012,-40508.25502004826
1772935877.0116117,-31329.75791229041
1772935877.0116217,-26009.42472866806
1772935877.0116303,-34669.63012166282
1772935877.2868052,-37342.147399809284
1772935877.2868328,-38298.21833696772
1772935877.286844,-35480.59357617883
1772935877.2868533,-32858.508098824976
1772935877.2868629,-34150.70829699578
1772935877.2868724,-37679.30235472058
1772935877.2868817,-38696.09517374123
1772935877.2868907,-36192.04349673302
1772935877.3610003,-32369.6737333322
1772935877.361024,-35320.54158897088
1772935877.403166,-38623.87156322634
1772935877.403186,-40118.54239753308
1772935877.4554064,-34536.83716707273
1772935877.455438,-31307.588279729458
1772935877.4554489,-34399.32284602128
1772935877.4554584,-39843.25408731237
1772935877.4554675,-39476.33822470625
1772935877.4554763,-32725.77068617473
1772935877.4714787,-29062.48670038621
1772935877.4715047,-35840.73077930631
1772935877.5196376,-45024.76685369919
1772935877.5357168,-43371.313456988
1772935877.575855,-35212.992588511464
1772935877.5758767,-29139.38980865047
1772935877.5758872,-30124.67545988469
1772935877.5758982,-37569.67756366019
1772935877.5759127,-41201.071996625054
1772935877.5759273,-35268.51989056133
1772935877.6130695,-25972.238904137557
1772935877.613099,-29471.38295875026
1772935877.6131096,-42719.87470291893
1772935877.61312,-46636.907645574924
1772935877.6131296,-27011.547154567375
1772935877.6291254,4697.176583603602
1772935877.6763372,-29662.37037027456
1772935877.6763592,-37602.72207562956
1772935877.6763697,-40278.129053310586
1772935877.6763785,-32462.84136743243
1772935877.676388,-24045.789721955978
1772935877.676397,-28375.47895227811
1772935877.6764052,-42605.017594924924
1772935877.6764135,-46650.76471422476
1772935877.676422,-26361.263647708798
1772935877.713461,-28455.72638766951
1772935877.7134829,-25648.28049214519
1772935877.7134929,-32945.8498359129
1772935877.7135012,-42825.322420308956
1772935877.7135096,-41533.96605872569
1772935877.7807324,-21806.638222264308
1772935877.7807531,-24628.6686218643
1772935877.7807631,-40149.225858123005
1772935877.780772,-48340.13439352589
1772935877.7807808,-28565.709250943106
1772935877.8841496,13229.850412749138
1772935877.884187,64812.17219716488
1772935877.8842063,78325.5219054465
1772935877.8842149,50579.937248918235
1772935877.8842237,13692.606310993748
1772935877.884232,-1711.0988511688113
1772935877.8842404,2791.3982217836083
1772935877.884248,2357.642334114153
1772935877.8842564,-17056.124929690573
1772935877.8842645,-41497.22889069417
1772935877.8842723,-46811.96606158142
1772935877.88428,-27045.410102047947
1772935877.8842876,265.940742927881
1772935877.8842955,14706.608677682325
1772935877.884303,12648.293724687457
1772935877.8843105,5198.655647211153
1772935877.884318,2320.8451859584993
1772935877.8843255,4280.484438959377
1772935877.8843331,6911.141043343773
1772935877.884341,8762.859544683997
1772935877.8843489,10095.275016230979
1772935877.8843565,8729.88498234755
1772935877.8843644,2115.607591863463
1772935877.8843725,-6655.842540911008
1772935877.88438,-9624.792888236938
1772935877.8843875,-3561.6797423587254
1772935877.884395,3542.9497287854124
1772935878.0177195,48196.079045599494
1772935878.0177658,22523.416619693933
1772935878.0177803,-27499.919816536632
1772935878.0177937,-62011.32170096064
1772935878.0178049,-57871.689241880085
1772935878.0178235,-22303.65702510588
1772935878.0178373,19039.58358391262
1772935878.0178497,43166.92843246171
1772935878.017861,40395.70927341577
1772935878.0178716,13928.545335966808
1772935878.017882,-22887.006257800265
1772935878.0178924,-50792.597980975064
1772935878.017903,-54921.22389283441
1772935878.0179136,-36392.01562486556
1772935878.0179248,-11898.274508942477
1772935878.0179355,1554.0347899256963
1772935878.017947,785.9620505359503
1772935878.0179584,-6482.5764158910215
1772935878.0179703,-15554.97153144014
1772935878.0179827,-29078.97687036986
1772935878.0179942,-45928.33983069863
1772935878.018006,-53339.12792259766
1772935878.0180192,-38973.64931628193
1772935878.0180335,-10268.887049540177
1772935878.018046,7591.1341646402625
1772935878.0180576,-701.5336295367032
1772935878.01807,-19612.691788931803
1772935878.018083,-18408.43102564923
1772935878.0180953,11168.15938135288
1772935878.0181077,41307.55127878197
1772935878.0337956,38827.75288113181
1772935878.0659108,101186.22932196473
1772935878.0910327,98074.8303697993
1772935878.0910566,75046.66479498675
1772935878.0910668,39918.085219888075
1772935878.3420992,10629.192385718825
1772935878.342146,-21390.815595903685
1772935878.3421745,-52057.70770444774
1772935878.342203,-57912.205279735295
1772935878.342229,-28785.480714987174
1772935878.3422403,11020.284894116305
1772935878.3422523,23255.462862268785
1772935878.3422613,-2569.435218306049
1772935878.34227,-37536.38626100086
1772935878.3422782,-47829.618670859694
1772935878.3422868,-33450.029628163036
1772935878.3422952,-23406.383857162888
1772935878.3423035,-34961.95045712766
1772935878.342312,-50105.860631535674
1772935878.3423204,-39401.73838458347
1772935878.3423295,-1779.6343344435281
1772935878.3423388,31404.906431843065
1772935878.3423471,33101.63925406395
1772935878.3423555,11117.554605116084
1772935878.3423638,-4841.672497092419
1772935878.3423724,-308.5189306124151
1772935878.3423808,10688.046459106166
1772935878.342389,9621.743960782822
1772935878.3423977,-992.8246992592886
1772935878.342406,-4367.075189980842
1772935878.3424141,4643.995885231939
1772935878.3424225,13229.387359813489
1772935878.3424306,12194.339355169006
1772935878.3424387,11662.2761453152
1772935878.342447,24670.396356270776
1772935878.3424551,40698.79597105097
1772935878.3424635,31322.28871893892
1772935878.3424716,-11290.415399972591
1772935878.34248,-52516.15109417659
1772935878.3424888,-46746.69017453602
1772935878.342497,8210.273225356064
1772935878.3425052,60479.056577139934
1772935878.342513,56838.666654147804
1772935878.3425212,1270.8895496444404
1772935878.3425295,-49123.03163401231
1772935878.342538,-46856.49541645919
1772935878.342546,-2782.8433834900857
1772935878.342554,33115.67470098934
1772935878.342562,30983.960824661914
1772935878.3425703,8515.78341132257
1772935878.342579,-652.0416148773097
1772935878.3425877,8497.48963120214
1772935878.342596,11274.86469211793
1772935878.3426044,-8138.789591133375
1772935878.3426127,-32457.280332420098
1772935878.342621,-33070.497470721755
1772935878.3426292,-7947.758459965446
1772935878.3426375,14028.830605231904
1772935878.3426454,7164.609665145877
1772935878.3426535,-22208.1694770927
1772935878.3426616,-46290.68910242204
1772935878.3426702,-48519.157064545696
1772935878.3426783,-36342.44935624373
1772935878.3426864,-22938.131681514325
1772935878.3426943,-8274.810620204325
1772935878.3427024,13528.100627090984
1772935878.3427105,34193.82535775384
1772935878.3427186,32198.493788745727
1772935878.3427267,-800.9888209075183
1772935878.342735,-41875.33256838368
1772935878.3427432,-55245.45650163127
1772935878.3427515,-30084.267642363302
1772935878.4163969,15984.600299171008
1772935878.416443,8652.933318873298
1772935878.4164572,-21058.58456157104
1772935878.4164684,-45161.048832344575
1772935878.4164786,-46006.63432609941
1772935878.41649,-33042.09702134677
1772935878.4164996,-26921.744661892357
1772935878.416509,-32179.936159281155
1772935878.416518,-32363.687886265794
1772935878.4165266,-13512.923833258128
1772935878.4165356,13087.919940449181
1772935878.4165483,18510.910072368515
1772935878.4165576,-11249.775207221233
1772935878.416587,-53883.78901819873
1772935878.4575808,-67555.32124800957
1772935878.4576085,-32212.91978385397
1772935878.4576192,26900.847244706
1772935878.457628,60363.10329517223
1772935878.4576373,41734.93529630129
1772935878.4576805,-6137.069792186111
1772935878.4576893,-32974.7469072501
1772935878.4576976,-9555.98175570086
1772935878.5168211,-28191.563162458486
1772935878.5168452,-2489.1879217747746
1772935878.5168548,16838.270181912256
1772935878.5168633,33692.90097151912
1772935878.5579617,20479.62772340464
1772935878.5579832,-7635.096690721689
1772935878.5579937,-21073.908236247302
1772935878.5580027,-11591.981872100636
1772935878.558012,13168.056331330152
1772935878.6283157,6650.197163514935
1772935878.6283402,-8859.173982174458
1772935878.6283507,-10366.86385219911
1772935878.6283605,6673.983321253944
1772935878.628369,23488.74284007696
1772935878.6283784,21047.367570919985
1772935878.6283877,3773.1022970579784
1772935878.6283965,-4293.060829660788
1772935878.6284046,14337.637076099722
1772935878.6685035,-12584.493542684326
1772935878.668526,2225.459383420526
1772935878.668536,9371.75405227976
1772935878.6685448,11404.987047001248
1772935878.668553,21502.611412748887
1772935878.6685617,46808.57854736449
1772935878.693516,-4877.018635534214
1772935878.6935446,-24203.8207829848
1772935878.6935549,-19503.74493987856
1772935878.6935642,10196.618613459914
1772935878.709597,44601.19592063184
1772935878.7367015,23415.225153401992
1772935878.7367263,-8632.586925930835
1772935878.736736,-40728.71156323425
1772935878.7367449,-42222.371632544804
1772935878.7527633,-11936.060059338022
1772935878.8170664,28112.323833739676
1772935878.8170848,21838.95311873281
1772935878.8170948,-8590.412708589298
1772935878.8171031,-39852.621579477185
1772935878.817111,-48120.40600450698
1772935878.8171196,-23851.168228403152
1772935878.817129,23452.030786484236
1772935878.8171375,69594.0806265293
1772935878.8171456,87991.39843146411
1772935878.8491564,66556.58313596423
1772935878.88732,66507.12841241928
1772935878.8873408,10776.216304029309
1772935878.8873508,-30784.41551060519
1772935878.8873594,-39113.52286437968
1772935878.887368,-25224.23996403134
1772935878.8873787,-14840.405141412679
1772935878.9034345,63846.08100257486
1772935878.9355314,51916.15274802026
1772935878.9907176,88458.04319442826
1772935878.9907532,97646.12814128373
1772935878.9907677,103231.71267377042
1772935878.9907808,89518.47069833087
1772935879.0229104,51330.644176182315
1772935879.0389996,90303.08960895655
1772935879.0700965,101164.37530657342
1772935879.0701234,91468.75089139253
1772935879.070138,52673.661847784926
1772935879.086099,85377.87781248207
1772935879.1183088,49057.28925998132
1772935879.1443586,44060.89666126014
1772935879.144382,16760.594042988832
1772935879.1443927,4079.646427164717
1772935879.1604493,1495.4615754547444
1772935879.208671,90460.48918441292
1772935879.241802,93120.47404948791
1772935879.2418385,52605.172471745944
1772935879.2418544,6993.334311818678
1772935879.2418702,-9643.574847332013
1772935879.2418792,-577.7100067830105
1772935879.2899756,52260.1310176678
1772935879.3160672,62965.38120295494
1772935879.3160927,17187.128041547097
1772935879.3161027,-13396.552491806142
1772935879.3161128,-11004.258982475598
1772935879.3964248,48948.279703557666
1772935879.396458,27900.87789553986
1772935879.444646,57526.613342392964
1772935879.4606595,19289.49222851045
1772935879.4767597,-11206.606164537969
1772935879.541118,-24795.51598456458
1772935879.702623,-30780.247716331087
1772935879.7026567,-41221.544019525696
1772935879.7026708,-42623.75878028233
1772935879.7026837,-33412.74632058985
1772935879.702696,-24783.61718737667
1772935879.7027087,-27481.938992739542
1772935879.702724,-37513.19312576791
1772935879.7027369,-41418.52398583513
1772935879.7027488,-34294.78123558399
1772935879.702761,-26049.175376728475
1772935879.7027729,-27688.121629873425
1772935879.7027843,-36587.63181670615
1772935879.7027962,-40510.36014212298
1772935879.7028089,-34341.69720030461
1772935879.7028208,-26697.231489965052
1772935879.7028327,-27918.998745362147
1772935879.7028449,-36146.0406265909
1772935879.7028568,-40130.73119650929
1772935879.702868,-34534.291853366834
1772935879.70288,-26982.76439677673
1772935879.7028916,-27709.708468234545
1772935879.702904,-35863.84939536264
1772935879.7029157,-40591.8108762613
1772935879.7029274,-35314.65527491037
1772935879.702939,-26567.681699199475
1772935879.7029507,-26025.379794784374
1772935879.7029629,-35645.82958563161
1772935879.7029743,-44140.5895718569
1772935879.7029858,-38976.956296608085
1772935879.7029977,-20007.08856763024
1772935879.703009,250.63238061305603
1772935879.787033,-37542.94599684251
1772935879.7870555,-34133.00058129732
1772935879.787066,-26474.651833794745
1772935879.7870748,-25781.855507060827
1772935879.7870834,-33433.51519503346
1772935879.7870915,-38552.60816142821
1772935879.7871003,-33377.40208682118
1772935879.787109,-24917.589420297012
1772935879.7871165,-25669.58797627141
1772935879.7871242,-35509.98986954603
1772935879.7871318,-40550.18656635932
1772935879.81714,-32265.359464521596
1772935879.8171604,-21218.501815592408
1772935879.8683157,-24140.323326096746
1772935879.868344,-41181.98377333424
1772935879.8683543,-49315.981531389305
1772935879.8683636,-27812.89519841982
1772935879.9567115,-18758.68678954907
1772935879.9567473,3613.673512022993
1772935880.1655664,-33000.34709937702
1772935880.1886747,-29251.694114119135
1772935880.1887045,-25972.352339110177
1772935880.1887145,-29613.69295253078
1772935880.2800477,-36723.09785018106
1772935880.2800767,-36639.575088816884
1772935880.2960792,-20542.085826855786
1772935880.517998,-31325.213667175
1772935880.5180187,-31193.232567395033
1772935880.6786692,-29146.96118238647
1772935880.703778,64984.912901868105
1772935880.7037976,89479.3095484261
1772935880.703808,59779.42091811866
1772935880.7680357,46450.23637504281
1772935880.7931263,40638.597534466266
1772935880.7931468,10284.32489344778
1772935880.793157,2208.5591141131445
1772935880.869473,-30387.066811263605
1772935880.869496,-26973.206207149007
1772935880.8695056,-33123.24990249772
1772935880.869514,-37700.50762982203
1772935880.8695223,-29454.599591363854
1772935880.869531,-19333.00265402153
1772935880.8695388,-26792.37878457792
1772935880.869547,-46153.5771879296
1772935880.8695548,-43033.60206445261
1772935880.869563,4599.194725485499
1772935880.8695712,69409.09678666985
1772935880.8695796,94867.48195328988
1772935880.8695877,56918.20525928089
1772935880.885506,3176.2293673124595
1772935880.921684,-42106.73695801741
1772935880.9217064,-43883.39658568231
1772935880.9217172,-24457.682783496242
1772935880.9217267,-18833.994076323175
1772935880.9217353,-32000.133882760423
1772935880.9507601,-38067.66432116923
1772935880.9507864,14078.62629241836
1772935880.9507966,61466.41698172938
1772935880.9668229,54974.79864127919
1772935881.0331569,9270.9205519769
1772935881.0331829,-39832.214227215336
1772935881.033193,-44268.513881696206
1772935881.0332017,-21546.38821623241
1772935881.0332105,-15711.677290985792
1772935881.0332184,-36117.51416511443
1772935881.0332272,-47908.39386324818
1772935881.033236,-23611.24384091059
1772935881.033244,15980.481265994247
1772935881.0332518,26763.393401054702
1772935881.0332596,-1912.3074709298742
1772935881.0332673,-33906.01143482385
1772935881.073362,-37323.119947191415
1772935881.073404,-26645.94668159931
1772935881.073416,-20933.64856031542
1772935881.0734606,-29587.7898959838
1772935881.07347,-35602.41387381369
1772935881.07348,-26461.491504316626
1772935881.0734892,-17126.809913401477
1772935881.2028291,-27461.35673512689
1772935881.2028637,-27322.363223944318
1772935881.2028737,-20241.017388716697
1772935881.2028823,-735.7404030800163
1772935881.202891,18506.636481983358
1772935881.2028997,16551.07718745534
1772935881.202908,-10041.592994035773
1772935881.2029161,-38969.01730606254
1772935881.2029245,-45024.30574048753
1772935881.202933,-27971.4354074272
1772935881.2029414,-11771.602484007024
1772935881.20295,-16218.869689159827
1772935881.202958,-34971.398616150014
1772935881.202966,-44588.547688421095
1772935881.202974,-31592.1892139992
1772935881.2029817,-5880.6735576790725
1772935881.2029896,11715.796642346848
1772935881.2029972,10563.434858238801
1772935881.2030053,-2003.503072607845
1772935881.2030127,-9747.922128231272
1772935881.2030208,-1577.4142491223179
1772935881.2030287,19947.2954910766
1772935881.2030363,38995.068938775046
1772935881.2030444,36558.73544050045
1772935881.203052,7354.1697966832
1772935881.240049,-27969.542766846916
1772935881.2400877,-30208.556457676572
1772935881.2401063,-2654.6109556081265
1772935881.240119,26181.594464262264
1772935881.2401288,23845.34228859103
1772935881.262068,-11956.888779565095
1772935881.2620997,-48233.67110886261
1772935881.2621107,-49468.10368331332
1772935881.3554733,67742.61872492617
1772935881.3555024,103665.87079821104
1772935881.355517,70744.9527406484
1772935881.419719,48849.26921881709
1772935881.4518733,-8961.74427437997
1772935881.5271368,-32486.5158131145
1772935881.5271668,-30690.890283158744
1772935881.5271776,-22349.004163080088
1772935881.5271864,-23253.289052883
1772935881.5271947,-29923.543835136847
1772935881.5272036,-31917.020675628653
1772935881.5272124,-27089.67309226872
1772935881.5272212,-21995.75947835309
1772935881.5272293,-22414.173878150017
1772935881.5272377,-28146.55550658072
1772935881.527246,-34744.86631316135
1772935881.527254,-35223.515073464
1772935881.5603275,-21583.254161173056
1772935881.5603487,-33034.156133618824
1772935881.5603623,-34286.945038554775
1772935881.5603771,-22200.606589781677
1772935881.5603917,-14389.443350655532
1772935881.5763865,-25012.535432017354
1772935881.6778061,3529.839796767833
1772935881.6778314,4297.688700773168
1772935881.6778417,4343.493194760092
1772935881.6778507,5639.117132704947
1772935881.8063831,5246.146133734435
1772935881.8344953,58.63529884812422
1772935881.834515,62414.99351639068
1772935881.8345249,98112.23049669412
1772935881.850498,73069.48597037786
1772935881.850524,7444.784595544126
1772935881.9218073,-49857.49807975094
1772935881.9218285,-46240.08179312219
1772935881.9218385,10509.24126132818
1772935881.921847,65670.97053894571
1772935881.9218554,74924.65379749215
1772935881.9860623,9262.905720138751
1772935881.9860861,-39535.74943648434
1772935882.002159,-44421.33307154595
1772935882.0413296,-10523.159742291084
1772935882.0413637,30366.458682714543
1772935882.0738575,42382.54995978648
1772935882.166824,-876.2318528175671
1772935882.1668453,28663.844512051604
1772935882.1668556,60714.1846908472
1772935882.2109733,53902.26223986777
1772935882.2109976,16032.752367893585
1772935882.211008,-26764.220692311414
1772935882.2110176,-41239.85039352728
1772935882.2110276,-28393.26627149926
1772935882.2110395,-16116.360693480176
1772935882.2110507,-22570.744874949498
1772935882.211059,-36921.80274047026
1772935882.2541645,45499.08261848046
1772935882.2541895,65193.65731755032
1772935882.3023992,20309.888540163527
1772935882.3185332,18301.577914860758
1772935882.3185594,37902.86952474445
1772935882.3346186,49710.02339597541
1772935882.350535,70901.13971978336
1772935882.4208565,55787.64823417369
1772935882.4208772,-6211.572312532952
1772935882.514309,-47329.44693943039
1772935882.5143352,-3434.2682529364674
1772935882.5664637,-22494.628443947204
1772935882.566486,-16817.856920233553
1772935882.566496,-26009.58236664481
1772935882.566517,-33986.31694686911
1772935882.5665264,-32966.10076548951
1772935882.5665352,-28877.74640986383
1772935882.5665438,-22197.34329600643
1772935882.566553,246.18532398951194
1772935882.6257625,-37062.32078214555
1772935882.6257987,-22846.41703125706
1772935882.6258152,-9237.717045690648
1772935882.62583,-17022.79406767626
1772935882.625848,-37608.83550754466
1772935882.6258614,-42222.44596856552
1772935882.6258714,-17304.117482567635
1772935882.6258812,21643.335713389253
1772935882.679958,-37674.27784011353
1772935882.6800113,-38686.55803620813
1772935882.6800213,9891.210071753863
1772935882.7603824,33023.5990084393
1772935882.7763069,24238.375549760498
1772935882.872713,-19851.450422815014
1772935882.9040923,-45146.70637152444
1772935882.9041195,-33225.26734551948
1772935882.9041345,25392.046554296492
1772935882.9590528,-13506.441958347372
1772935882.959078,-13822.92774328088
1772935882.9590893,-16521.658958320957
1772935882.959099,-17553.68015186776
1772935882.959108,-16113.827390756402
1772935882.9591172,-14984.039907333135
1772935882.9591255,-15402.905718108155
1772935882.959134,-15424.028587600133
1772935882.9591427,-14463.12629317182
1772935882.959151,-15613.359251574993
1772935882.9591591,-19841.691999037288
1772935882.9591675,-20171.643014599158
1772935882.975162,-7614.211684563017
1772935882.9912033,15085.124020537842
1772935883.0263624,-14589.619415358384
1772935883.0263846,-10111.512956810295
1772935883.0263972,-12264.775858380817
1772935883.0264084,-18273.027991257146
1772935883.0574875,-18765.89877963962
1772935883.0575173,-14082.490096891359
1772935883.057528,-10041.942640579786
1772935883.0575368,-12208.851791920937
1772935883.0575461,-17547.598549904575
1772935883.0575547,-18908.343593230726
1772935883.1318266,-13352.471380733075
1772935883.1318493,-9730.504257983655
1772935883.1318595,-12418.219333249146
1772935883.131868,-17511.926801405476
1772935883.1318767,-17723.62929307559
1772935883.1318853,-12636.62742133167
1772935883.1559508,-9339.762853701872
1772935883.1559832,-12587.760317434417
1772935883.1559947,-18269.25615986411
1772935883.2311962,-17149.94847790049
1772935883.2312236,-12000.943890515966
1772935883.231237,-9548.290866537978
1772935883.2312489,-13798.547194015708
1772935883.2794292,-17492.501006903814
1772935883.2954743,-17775.586090971123
1772935883.3185728,22531.064201700672
1772935883.3185925,35949.17412268693
1772935883.3186028,19925.262837281174
1772935883.3788204,-8073.95347113709
1772935883.3788507,-24584.665921819862
1772935883.3788612,-20393.29949965915
1772935883.3788707,-9571.074082352698
1772935883.3788805,-8203.461724323119
1772935883.378889,-15650.955486849847
1772935883.3788977,-19699.53052224236
1772935883.378906,-15076.060841482627
1772935883.3789144,-9480.793920885984
1772935883.3789227,-11089.16597013405
1772935883.378931,-16903.531809135646
1772935883.3789392,-18063.922553648463
1772935883.3789475,-13240.371528886855
1772935883.3948705,-10456.565486866564
1772935883.4953172,-13883.398609937914
1772935883.4953375,-21085.018381653234
1772935883.4953475,-21156.653002481682
1772935883.4953563,-13494.700684445444
1772935883.4953651,-8766.844288405106
1772935883.4953732,-14390.861601650491
1772935883.4953809,-23753.825532686235
1772935883.4953885,-23481.079197341507
1772935883.4953964,-8719.6527872281
1772935883.4954038,13228.202004123375
1772935883.4954116,33450.992577168676
1772935883.4954193,49956.40968408272
1772935883.495427,63379.07297037156
1772935883.4954348,69016.59362635744
1772935883.4954424,59294.71883742501
1772935883.4954503,34235.519303864785
1772935883.4954576,4689.590578030299
1772935883.4954653,-16768.153472780108
1772935883.6037347,-12826.541863780923
1772935883.6037686,-10277.255967850842
1772935883.6037784,-13968.789762597118
1772935883.6037865,-18888.62291107642
1772935883.6037948,-16211.441725085017
1772935883.6038032,-8563.413387820496
1772935883.603811,-7299.013790919767
1772935883.603819,-15474.099004525735
1772935883.6038268,-21855.488271480073
1772935883.6038346,-16341.540482690245
1772935883.6038425,-5627.154469931802
1772935883.6038501,-5341.855955162347
1772935883.6038578,-17544.183314609105
1772935883.6038659,-25479.272830050406
1772935883.6038735,-15961.874172031828
1772935883.6038816,-190.17041219379007
1772935883.6038897,-1698.9697617253885
1772935883.6038973,-23170.334305021548
1772935883.6039052,-36143.73513522228
1772935883.6039126,-12460.668710886814
1772935883.6039205,38211.68544112454
1772935883.6198187,-5665.931976079219
1772935883.6198435,-17240.43839564278
1772935883.6589556,56788.48145714003
1772935883.6589856,64426.65955122115
1772935883.6589968,40944.201031020464
1772935883.7192502,1076.3753936303672
1772935883.7192707,-23460.30606203583
1772935883.7192807,-33257.75093974088
1772935883.7192895,-24945.42253377514
1772935883.7192984,851.9368541466222
1772935883.7193067,34816.25819475095
1772935883.7193148,58947.0220324781
1772935883.7193227,57588.425406485
1772935883.7193308,30940.171797458745
1772935883.8778713,37864.85216890926
1772935883.8779,94.32961993899941
1772935883.8779175,-19739.697714789276
1772935883.8779318,-16594.400037755495
1772935883.8779457,-8335.339653293073
1772935883.8779583,-12955.146856382575
1772935883.8779674,-25716.786365437678
1772935883.877976,-22590.0369748767
1772935883.8779843,12884.040796039795
1772935883.8779926,68193.60107537729
1772935883.8780005,108978.2362659875
1772935883.8780081,107804.08789690961
1772935883.878016,66688.33319376351
1772935883.8780236,13637.887918709539
1772935883.8780313,-21019.50411039251
1772935883.878039,-26487.214266856223
1772935883.8780468,-14871.648434790759
1772935883.8780546,-6723.821197454454
1772935883.8780622,-12432.219685593038
1772935883.87807,-24305.350020826656
1772935883.878078,-25273.867872745508
1772935883.8780856,-6924.710490641405
1772935883.8780932,19529.120513781018
1772935883.878101,31535.966081053295
1772935883.8939457,18540.89576609232
1772935883.9331217,-8487.541156463705
1772935883.9331417,-26756.330744191142
1772935883.9331515,-22735.261643944774
1772935883.9331608,-9291.58264688519
1772935883.9331691,-8138.783570545806
1772935883.9491785,-22110.89544866801
1772935883.9873493,32937.94938373477
1772935883.9873767,41957.64134098737
1772935883.98739,40821.762319327325
1772935883.9874022,23311.64438167599
1772935883.987414,-8240.290374479458
1772935884.0174704,-35115.56794262724
1772935884.0175035,-34333.30892502775
1772935884.0175197,-3586.9000334754214
1772935884.0175335,30016.2350770986
1772935884.0867393,16482.919614282884
1772935884.0867665,67799.2445002929
1772935884.0867803,104144.83067796353
1772935884.0867932,102135.8572875325
1772935884.086806,65682.11744998183
1772935884.0868185,19270.171297032484
1772935884.0868301,-15306.853932836968
1772935884.086844,-31758.85409626797
1772935884.086857,-31683.647939382627
1772935884.0868688,-13397.19097060933
1772935884.1028209,24165.24975051643
1772935884.118862,22876.496345187294
1772935884.2534332,57508.37759090235
1772935884.2534757,65659.37974855874
1772935884.2534888,32462.53931276765
1772935884.2535007,-15856.507122919229
1772935884.2535124,-39925.41786151005
1772935884.2535243,-28077.34534067703
1772935884.2535355,-6006.1318893956195
1772935884.2535465,-4443.150993624939
1772935884.2535574,-23348.10777900909
1772935884.2535684,-34338.225221426284
1772935884.2535796,-16649.760552004984
1772935884.2535903,17793.809341899865
1772935884.2536018,39932.49308741344
1772935884.2536137,39117.96187924548
1772935884.253625,33949.48505279884
1772935884.253636,45155.214196539
1772935884.2536469,65261.13502998704
1772935884.2536576,64709.62051321666
1772935884.2536683,28986.06055733778
1772935884.2536793,-18804.88434527807
1772935884.25369,-40192.75843995205
1772935884.2537007,-24519.121409743013
1772935884.2537115,-1340.0526773259155
1772935884.253723,-4730.291423286786
1772935884.2537336,-30040.16595215777
1772935884.2537448,-35791.82266835331
1772935884.3869665,-18992.64049682427
1772935884.3869953,29151.216594505804
1772935884.3870049,71967.52308502882
1772935884.3870137,85976.59470659027
1772935884.3870225,74107.51358017394
1772935884.3870304,52817.264307374004
1772935884.3870385,31404.728112891713
1772935884.387046,9188.790170353363
1772935884.387054,-12272.420898129123
1772935884.3870618,-24180.70791329278
1772935884.3870695,-21171.024477456875
1772935884.387077,-11305.47622747119
1772935884.3870845,-8791.841669994817
1772935884.387092,-17195.213408121122
1772935884.3870995,-25401.95138754208
1772935884.3871076,-22254.88673959201
1772935884.3871157,-10432.746573737095
1772935884.387123,-940.348406226214
1772935884.3871315,3563.148215600893
1772935884.387139,12083.698882233992
1772935884.3871467,28898.821171946238
1772935884.3871543,40496.56067674395
1772935884.387162,28209.798380455562
1772935884.419114,-3165.040817604258
1772935884.44221,-26223.821326846195
1772935884.4422476,-12966.027033947354
1772935884.4422774,28874.076709402772
1772935884.458325,60426.773239119335
1772935884.4583576,53336.90350264757
1772935884.4743135,70015.47739664026
1772935884.474341,49207.92137574355
1772935884.52256,12779.051020825584
1772935884.5697374,11850.004350181636
1772935884.5697627,15811.351279204882
1772935884.5697727,4360.783342595784
1772935884.5697815,-17795.913916964666
1772935884.6339483,15010.98184269968
1772935884.6661124,10577.328810317807
1772935884.682165,-1651.8144027192184
1772935884.706334,40297.52950814871
1772935884.7063546,43670.036399668614
1772935884.7063625,30909.769925578436
1772935884.7384253,9666.248100424149
1772935884.834839,-9388.910751770452
1772935884.834864,-22045.580161848673
1772935884.8830159,21295.86590833307
1772935884.9081407,16024.737728295868
1772935884.9081724,-4435.84085286317
1772935884.9081883,-23161.71586823094
1772935884.953369,-25690.977047586537
1772935884.9533877,-18935.009439918245
1772935884.9533975,-12546.8418479285
1772935884.9534063,-13155.481952679245
1772935884.9534154,-18178.361833270643
1772935884.9693303,-21522.220118408277
1772935885.0014963,15767.565402992179
1772935885.033626,28330.63587153263
1772935885.0496805,16959.341621498355
1772935885.0908377,-16853.19742778655
1772935885.09086,-34008.24712195227
1772935885.1210072,-16210.82550069385
1772935885.1210284,17461.02423316104
1772935885.1210382,32635.84610345517
1772935885.1532044,18132.318756394237
1772935885.1692007,-12998.632753101952
1772935885.2264273,-28980.489322332138
1772935885.2264488,-24647.102201625927
1772935885.2264583,-13561.421289122422
1772935885.2424753,-12120.760558864871
1772935885.2917411,-17816.876175540267
1772935885.2917829,-23339.60450913481
1772935885.2917984,-20556.697071795486
1772935885.2918148,-14441.302496713644
1772935885.2918305,-13467.018780929346
1772935885.2918458,-18398.38367305166
1772935885.2918575,-22615.739318882814
1772935885.3238275,-4865.470141500426
1772935885.4554229,-3410.873215513477
1772935885.455449,-11388.185871825126
1772935885.4554608,-20697.574776541755
1772935885.4554756,-22871.437839281298
1772935885.4555285,-17929.771260893962
1772935885.4555428,-14038.802920690983
1772935885.5036469,-15552.276773879245
1772935885.540696,-19946.298962782457
1772935885.5407183,-21682.294148721496
1772935885.540726,-17525.470134110645
1772935885.5407364,-13450.24991528796
1772935885.5407457,-15319.843829302736
1772935885.5407553,-21028.800160779138
1772935885.5889032,-22177.606240870926
1772935885.6210358,-17052.300255353908
1772935885.6531277,-14370.012051825654
1772935885.6693053,-15722.799470142209
1772935885.68531,-22061.27149315881
1772935885.7495663,-21710.33963231862
1772935885.7495923,-16677.24773994944
1772935885.79273,-10937.327686580677
1772935885.7927513,-15984.760666814358
1772935885.8088365,-26614.99699316136
1772935885.8380075,-17988.5825788211
1772935885.8380303,-17801.31437693395
1772935885.83804,-16930.60951061898
1772935885.8700886,-17002.873291414155
1772935885.90219,-17530.080230176172
1772935885.9985857,-18723.663975197822
1772935886.1583705,-18088.218037192448
1772935886.15841,-17382.216009165484
1772935886.158422,-17142.986974066407
1772935886.2195375,-7273.804176572229
1772935886.2195635,15129.673172367242
1772935886.2195733,25668.87751675873
1772935886.2195816,15557.701858744173
1772935886.21959,-6831.99168469695
1772935886.219598,-24211.773382512674
1772935886.2196064,-26553.43639377402
1772935886.2196147,-18575.476150127884
1772935886.2196229,-12329.0373968267
1772935886.2196307,-14411.989674573428
1772935886.2837656,-20018.206065198516
1772935886.3942375,-27360.661342344603
1772935886.394261,-4546.594372812154
1772935886.3942716,20658.198492380554
1772935886.394281,26459.27830153964
1772935886.3942904,10002.029531581942
1772935886.394299,-10421.84348415085
1772935886.3943074,-14504.209183469746
1772935886.394316,936.9571410655193
1772935886.3943253,21703.525656673835
1772935886.394334,32006.38702917508
1772935886.3943427,27939.102238292762
1772935886.3943508,16390.773632383665
1772935886.3943589,4719.916321994424
1772935886.3943672,-5389.469412593845
1772935886.3943815,-14821.355672738233
1772935886.3943896,-21799.78861143381
1772935886.394397,-22762.598124585824
1772935886.3944054,-17918.765259919724
1772935886.3944132,-13099.626242109334
1772935886.3944216,-14168.00122723596
1772935886.410292,68421.96843713408
1772935886.4373708,88167.71885584178
1772935886.4373949,66214.37124528245
1772935886.474543,20026.57261684427
1772935886.4745643,-20280.915409706773
1772935886.4745746,-34311.6000163978
1772935886.4745836,-26447.580698771955
1772935886.4745932,-14865.184676332094
1772935886.4986253,-1749.2794817540796
1772935886.4986453,15747.604627671682
1772935886.51471,19443.639365147472
1772935886.5509608,7421.011690886138
1772935886.5509813,-11347.395522651643
1772935886.550991,-22059.5056536321
1772935886.5509994,-21453.31475403236
1772935886.5510087,-19761.683583673257
1772935886.5669544,-25162.001972883263
1772935886.5669892,-29502.65096701464
1772935886.5900044,70650.23521843908
1772935886.590039,87983.40401992002
1772935886.5900552,62811.57572216014
1772935886.6060882,15169.504976381895
1772935886.75167,-19965.920332537527
1772935886.751708,-35794.7013888031
1772935886.7517233,-25898.054723999132
1772935886.7517319,-10198.012946835957
1772935886.75174,-8170.180038354938
1772935886.751748,-20802.629275592062
1772935886.7517564,-30920.47428470994
1772935886.7517643,-20834.818086898274
1772935886.7517724,9587.208134008863
1772935886.75178,41113.86673398418
1772935886.7517877,51057.12237141399
1772935886.7517953,32625.45780809771
1772935886.7518032,907.6418380873762
1772935886.7518113,-19478.98392754329
1772935886.751819,-14548.260769104489
1772935886.7518277,7965.976110346444
1772935886.751836,25795.517128268482
1772935886.751844,21403.97866647596
1772935886.751851,-3233.2678963964136
1772935886.7518587,-29021.788784412034
1772935886.7518666,-36664.738739383174
1772935886.7518744,-22458.88604483163
1772935886.751882,810.6199199011196
1772935886.75189,16735.336383790425
1772935886.7518973,18129.13653010983
1772935886.7679143,8549.274567427598
1772935886.7998888,-3712.5733654261335
1772935886.7999125,-17482.599032503796
1772935886.8762753,-36068.484881378245
1772935886.8763087,-29226.23761884572
1772935886.87632,-4008.8341589832958
1772935886.876329,20528.60131678591
1772935886.8763375,25057.635035142037
1772935886.8763463,8545.127986571915
1772935886.8763547,-12155.358513718806
1772935886.8763635,-21502.941915264593
1772935886.876372,-20532.612642428907
1772935886.87638,-20276.777172104325
1772935886.8763883,-23067.510841076702
1772935886.8763967,-17305.736420685877
1772935886.8764048,5993.2891453174525
1772935886.8923168,-8002.587937777743
1772935886.9817407,-6311.37958199279
1772935886.9817595,18769.456437461333
1772935886.9817696,28562.911104109196
1772935886.9817789,15944.081218683004
1772935886.9817867,-7078.170533758113
1772935886.9817958,-22732.609335184443
1772935886.9818037,-23820.001603245695
1772935886.9818115,-16707.024226364556
1772935886.9818196,-11546.381316731919
1772935886.9818275,-12608.087158641696
1772935886.9818351,-17197.127658024932
1772935886.9818432,-20312.895718111024
1772935887.019825,-18834.230231269536
1772935887.0198457,-13611.03064395743
1772935887.0198553,-9926.715284059826
1772935887.019864,-14104.850322556145
1772935887.0418575,-22707.5824953928
1772935887.0418851,-27996.89589585902
1772935887.0418956,-13370.313513677915
1772935887.073998,25584.43054085911
1772935887.1042087,15236.485848000177
1772935887.104242,-4231.915167153801
1772935887.1684475,23929.405647978732
1772935887.232659,51996.492402443764
1772935887.2487035,21141.65170565612
1772935887.312992,33312.095737908705
1772935887.3290894,51713.227200541856
1772935887.3773355,19188.414014301365
1772935887.3933597,-18810.64046009076
1772935887.4555848,10446.90870023014
1772935887.4556255,15554.291645033074
1772935887.4556415,24363.124569153657
1772935887.4877305,28711.50044095784
1772935887.5198498,29985.570221125003
1772935887.5740745,35296.68454105287
1772935887.5741076,49854.20399482838
1772935887.574119,63499.05608390852
1772935887.5741286,56482.5271378421
1772935887.6704888,24928.570585699483
1772935887.6705124,-15594.833415484442
1772935887.68651,-35796.44946299471
1772935887.702598,-26621.72863666478
1772935887.7186449,27107.825817279398
1772935887.7347236,39418.347599423694
1772935887.750792,8469.231647041112
1772935887.7889693,-19922.836194766503
1772935887.7890227,-37398.291345317826
1772935887.789039,-17665.15061776212
1772935887.789053,23319.720875105337
1772935887.8211212,-19794.49394757205
1772935887.8371477,-11002.101492261902
1772935887.863312,-21393.74133288257
1772935887.8633344,-14880.97466336784
1772935887.8633437,-10520.387728080537
1772935887.8793356,-14955.84216763456
1772935887.8954043,-22173.373607861045
1772935887.9115455,-20369.552148122726
1772935887.9275532,-14155.957887826615
1772935887.9556792,-10118.727934185967
1772935887.9557061,-15592.218205007319
1772935887.9557147,-23159.960299497845
1772935887.955722,-22983.57299599675
1772935887.9557288,-14225.369584375978
1772935888.0199144,-3054.1648378927857
1772935888.035966,-27727.476331200476
1772935888.05208,-29950.857616246205
1772935888.0521035,-6307.331180650726
1772935888.0681612,25462.67880890072
